timestamp_iso,P1_mA,P2_mA,P3_mA,P4_mA,DP_mA,P1_eng,P2_eng,P3_eng,P4_eng,DP_eng
2026-04-14T12:03:35.435,4.003565788481581,4.0049715045077505,4.00391197227907,4.00308060664419,5.742755144462536,2.228617800988375,3.1071903173440774,2.4449826744188385,1.9253791526185893,21.7844393057817
2026-04-14T12:03:35.530,4.003565788481581,4.0049715045077505,4.00391197227907,4.00308060664419,5.742755144462536,2.228617800988375,3.1071903173440774,2.4449826744188385,1.9253791526185893,21.7844393057817
2026-04-14T12:03:35.654,4.003565788481581,4.0049715045077505,4.00391197227907,4.00308060664419,5.742755144462536,2.228617800988375,3.1071903173440774,2.4449826744188385,1.9253791526185893,21.7844393057817
2026-04-14T12:03:35.750,4.0039198400926495,4.005406856859139,4.004090309386868,4.003290415006305,0.08346833875945686,2.449900057905907,3.3792855369618735,2.5564433667923936,2.0565093789404187,-48.95664576550679
2026-04-14T12:03:35.872,4.0039198400926495,4.005406856859139,4.004090309386868,4.003290415006305,0.08346833875945686,2.449900057905907,3.3792855369618735,2.5564433667923936,2.0565093789404187,-48.95664576550679
2026-04-14T12:03:35.967,4.0039198400926495,4.005406856859139,4.004090309386868,4.003290415006305,0.08346833875945686,2.449900057905907,3.3792855369618735,2.5564433667923936,2.0565093789404187,-48.95664576550679
2026-04-14T12:03:36.104,4.003778219448222,4.004761696145636,4.003817558516118,4.003426790441679,0.014488956441781166,2.3613871551386723,2.976060091022248,2.3859740725740153,2.141744026049608,-49.81888804447773
2026-04-14T12:03:36.199,4.003778219448222,4.004761696145636,4.003817558516118,4.003426790441679,0.014488956441781166,2.3613871551386723,2.976060091022248,2.3859740725740153,2.141744026049608,-49.81888804447773
2026-04-14T12:03:36.308,4.003778219448222,4.004761696145636,4.003817558516118,4.003426790441679,0.014488956441781166,2.3613871551386723,2.976060091022248,2.3859740725740153,2.141744026049608,-49.81888804447773
2026-04-14T12:03:36.403,4.003510713786525,4.004908561999116,4.004035234691813,4.003442526068838,0.018153517246300387,2.1941961165783397,3.0678512494475285,2.5220216823829134,2.151578793023745,-49.773081034421246
2026-04-14T12:03:36.527,4.003510713786525,4.004908561999116,4.004035234691813,4.003442526068838,0.018153517246300387,2.1941961165783397,3.0678512494475285,2.5220216823829134,2.151578793023745,-49.773081034421246
2026-04-14T12:03:36.623,4.003510713786525,4.004908561999116,4.004035234691813,4.003442526068838,0.018153517246300387,2.1941961165783397,3.0678512494475285,2.5220216823829134,2.151578793023745,-49.773081034421246
2026-04-14T12:03:36.733,4.00372838996222,4.005042314829964,4.003597259735898,4.003799200284433,0.022983169393560775,2.3302437263872378,3.151446768727695,2.2482873349360943,2.374500177770855,-49.71271038258049
2026-04-14T12:03:36.856,4.00372838996222,4.005042314829964,4.003597259735898,4.003799200284433,0.022983169393560775,2.3302437263872378,3.151446768727695,2.2482873349360943,2.374500177770855,-49.71271038258049
2026-04-14T12:03:36.956,4.00372838996222,4.005042314829964,4.003597259735898,4.003799200284433,0.022983169393560775,2.3302437263872378,3.151446768727695,2.2482873349360943,2.374500177770855,-49.71271038258049
2026-04-14T12:03:37.073,4.004032612087286,4.004945278462486,4.004127025850238,4.003744125589378,0.037521916063664215,2.5203825545538905,3.0907990390538487,2.5793911563987137,2.340078493361375,-49.53097604920419
2026-04-14T12:03:37.182,4.004032612087286,4.004945278462486,4.004127025850238,4.003744125589378,0.037521916063664215,2.5203825545538905,3.0907990390538487,2.5793911563987137,2.340078493361375,-49.53097604920419
2026-04-14T12:03:37.291,4.004032612087286,4.004945278462486,4.004127025850238,4.003744125589378,0.037521916063664215,2.5203825545538905,3.0907990390538487,2.5793911563987137,2.340078493361375,-49.53097604920419
2026-04-14T12:03:37.399,4.003712654335061,4.004858732513114,4.003833294143277,4.003817558516118,0.03393701962446063,2.3204089594131005,3.036707820696094,2.3958088395481525,2.3859740725740153,-49.57578725469424
2026-04-14T12:03:37.522,4.003712654335061,4.004858732513114,4.003833294143277,4.003817558516118,0.03393701962446063,2.3204089594131005,3.036707820696094,2.3958088395481525,2.3859740725740153,-49.57578725469424
2026-04-14T12:03:37.615,4.003712654335061,4.004858732513114,4.003833294143277,4.003817558516118,0.03393701962446063,2.3204089594131005,3.036707820696094,2.3958088395481525,2.3859740725740153,-49.57578725469424
2026-04-14T12:03:37.723,4.0038962366519115,4.004924297626275,4.0039198400926495,4.003830671538751,0.03258770443692706,2.4351479074447013,3.0776860164216657,2.449900057905907,2.3941697117191296,-49.59265369453841
2026-04-14T12:03:37.846,4.0038962366519115,4.004924297626275,4.0039198400926495,4.003830671538751,0.03258770443692706,2.4351479074447013,3.0776860164216657,2.449900057905907,2.3941697117191296,-49.59265369453841
2026-04-14T12:03:37.940,4.0038962366519115,4.004924297626275,4.0039198400926495,4.003830671538751,0.03258770443692706,2.4351479074447013,3.0776860164216657,2.449900057905907,2.3941697117191296,-49.59265369453841
2026-04-14T12:03:38.050,4.003762483821063,4.004651546755525,4.004197836172452,4.003408432209994,0.02490507220680048,2.351552388164535,2.9072167222032874,2.623647607782331,2.130270131246448,-49.68868659741499
2026-04-14T12:03:38.159,4.003762483821063,4.004651546755525,4.004197836172452,4.003408432209994,0.02490507220680048,2.351552388164535,2.9072167222032874,2.623647607782331,2.130270131246448,-49.68868659741499
2026-04-14T12:03:38.283,4.003762483821063,4.004651546755525,4.004197836172452,4.003408432209994,0.02490507220680048,2.351552388164535,2.9072167222032874,2.623647607782331,2.130270131246448,-49.68868659741499
2026-04-14T12:03:38.377,4.003901481860964,4.00513410598839,4.004071951155183,4.003736257775799,0.01997086058006332,2.438426163102747,3.208816242743495,2.5449694719892335,2.3351611098743064,-49.75036424274921
2026-04-14T12:03:38.486,4.003901481860964,4.00513410598839,4.004071951155183,4.003736257775799,0.01997086058006332,2.438426163102747,3.208816242743495,2.5449694719892335,2.3351611098743064,-49.75036424274921
2026-04-14T12:03:38.595,4.003901481860964,4.00513410598839,4.004071951155183,4.003736257775799,0.01997086058006332,2.438426163102747,3.208816242743495,2.5449694719892335,2.3351611098743064,-49.75036424274921
2026-04-14T12:03:38.719,4.004006386042022,4.00489807158101,4.003982782601284,4.004100799804974,0.021584063977704935,2.503991276263662,3.061294738131437,2.489239125802456,2.562999878108485,-49.73019920027869
2026-04-14T12:03:38.811,4.004006386042022,4.00489807158101,4.003982782601284,4.004100799804974,0.021584063977704935,2.503991276263662,3.061294738131437,2.489239125802456,2.562999878108485,-49.73019920027869
2026-04-14T12:03:38.921,4.004006386042022,4.00489807158101,4.003982782601284,4.004100799804974,0.021584063977704935,2.503991276263662,3.061294738131437,2.489239125802456,2.562999878108485,-49.73019920027869
2026-04-14T12:03:39.030,4.00372052214864,4.005000353157541,4.003731012566746,4.00357365629516,0.03327480958777441,2.325326342900169,3.125220723463329,2.3318828542162606,2.2335351844748885,-49.584064880152816
2026-04-14T12:03:39.153,4.00372052214864,4.005000353157541,4.003731012566746,4.00357365629516,0.03327480958777441,2.325326342900169,3.125220723463329,2.3318828542162606,2.2335351844748885,-49.584064880152816
2026-04-14T12:03:39.249,4.00372052214864,4.005000353157541,4.003731012566746,4.00357365629516,0.03327480958777441,2.325326342900169,3.125220723463329,2.3318828542162606,2.2335351844748885,-49.584064880152816
2026-04-14T12:03:39.357,4.0030910970622955,4.005252123192079,4.004071951155183,4.003762483821063,0.024576456699873482,1.9319356639346807,3.2825769950495243,2.5449694719892335,2.351552388164535,-49.69279429125158
2026-04-14T12:03:39.466,4.0030910970622955,4.005252123192079,4.004071951155183,4.003762483821063,0.024576456699873482,1.9319356639346807,3.2825769950495243,2.5449694719892335,2.351552388164535,-49.69279429125158
2026-04-14T12:03:39.575,4.0030910970622955,4.005252123192079,4.004071951155183,4.003762483821063,0.024576456699873482,1.9319356639346807,3.2825769950495243,2.5449694719892335,2.351552388164535,-49.69279429125158
2026-04-14T12:03:39.697,4.003098964875875,4.00482463865427,4.004504680902045,4.003618240572109,0.03411128542358858,1.9368530474217494,3.0153991589187967,2.815425563778007,2.2614003575682773,-49.57360893220514
2026-04-14T12:03:39.806,4.003098964875875,4.00482463865427,4.004504680902045,4.003618240572109,0.03411128542358858,1.9368530474217494,3.0153991589187967,2.815425563778007,2.2614003575682773,-49.57360893220514
2026-04-14T12:03:39.910,4.003098964875875,4.00482463865427,4.004504680902045,4.003618240572109,0.03411128542358858,1.9368530474217494,3.0153991589187967,2.815425563778007,2.2614003575682773,-49.57360893220514
2026-04-14T12:03:40.021,4.003615617967583,4.004612207687629,4.00372052214864,4.0033795835602035,0.03744723072118081,2.2597612297392544,2.8826298047679444,2.325326342900169,2.1122397251271963,-49.53190961598524
2026-04-14T12:03:40.124,4.003615617967583,4.004612207687629,4.00372052214864,4.0033795835602035,0.03744723072118081,2.2597612297392544,2.8826298047679444,2.325326342900169,2.1122397251271963,-49.53190961598524
2026-04-14T12:03:40.247,4.003615617967583,4.004612207687629,4.00372052214864,4.0033795835602035,0.03744723072118081,2.2597612297392544,2.8826298047679444,2.325326342900169,2.1122397251271963,-49.53190961598524
2026-04-14T12:03:40.341,4.0036077501540035,4.00459647206047,4.004011631251075,4.003890991442859,0.03877662981738547,2.254843846252186,2.872795037793807,2.5072695319217075,2.4318696517866556,-49.515292127282684
2026-04-14T12:03:40.450,4.0036077501540035,4.00459647206047,4.004011631251075,4.003890991442859,0.03877662981738547,2.254843846252186,2.872795037793807,2.5072695319217075,2.4318696517866556,-49.515292127282684
2026-04-14T12:03:40.569,4.0036077501540035,4.00459647206047,4.004011631251075,4.003890991442859,0.03877662981738547,2.254843846252186,2.872795037793807,2.5072695319217075,2.4318696517866556,-49.515292127282684
2026-04-14T12:03:40.673,4.004090309386868,4.0047879221909,4.004098177200447,4.003969669578652,0.03186574612625411,2.5564433667923936,2.9924513693124766,2.561360750279462,2.4810434866573416,-49.601678173421824
2026-04-14T12:03:40.778,4.004090309386868,4.0047879221909,4.004098177200447,4.003969669578652,0.03186574612625411,2.5564433667923936,2.9924513693124766,2.561360750279462,2.4810434866573416,-49.601678173421824
2026-04-14T12:03:40.918,4.004090309386868,4.0047879221909,4.004098177200447,4.003969669578652,0.03186574612625411,2.5564433667923936,2.9924513693124766,2.561360750279462,2.4810434866573416,-49.601678173421824
2026-04-14T12:03:41.013,4.004050970318971,4.0048089030271115,4.004071951155183,4.003712654335061,0.028046835613935846,2.5318564493570506,3.0055643919446595,2.5449694719892335,2.3204089594131005,-49.649414554825796
2026-04-14T12:03:41.136,4.004050970318971,4.0048089030271115,4.004071951155183,4.003712654335061,0.028046835613935846,2.5318564493570506,3.0055643919446595,2.5449694719892335,2.3204089594131005,-49.649414554825796
2026-04-14T12:03:41.245,4.004050970318971,4.0048089030271115,4.004071951155183,4.003712654335061,0.028046835613935846,2.5318564493570506,3.0055643919446595,2.5449694719892335,2.3204089594131005,-49.649414554825796
2026-04-14T12:03:41.354,4.003521204204631,4.004871845535746,4.004035234691813,4.003594637131371,0.021096119740146666,2.200752627894431,3.0449034598412084,2.5220216823829134,2.2466482071070715,-49.736298503248165
2026-04-14T12:03:41.461,4.003521204204631,4.004871845535746,4.004035234691813,4.003594637131371,0.021096119740146666,2.200752627894431,3.0449034598412084,2.5220216823829134,2.2466482071070715,-49.736298503248165
2026-04-14T12:03:41.585,4.003521204204631,4.004871845535746,4.004035234691813,4.003594637131371,0.021096119740146666,2.200752627894431,3.0449034598412084,2.5220216823829134,2.2466482071070715,-49.736298503248165
2026-04-14T12:03:41.679,4.003568411086107,4.005105257338599,4.003872633211174,4.00350022336842,0.023341659037481133,2.230256928816843,3.1907858366242436,2.4203957569834955,2.187639605262248,-49.70822926203148
2026-04-14T12:03:41.788,4.003568411086107,4.005105257338599,4.003872633211174,4.00350022336842,0.023341659037481133,2.230256928816843,3.1907858366242436,2.4203957569834955,2.187639605262248,-49.70822926203148
2026-04-14T12:03:41.897,4.003568411086107,4.005105257338599,4.003872633211174,4.00350022336842,0.023341659037481133,2.230256928816843,3.1907858366242436,2.4203957569834955,2.187639605262248,-49.70822926203148
2026-04-14T12:03:42.006,4.003623485781162,4.0053386691414525,4.004237175240348,4.003555298063475,0.02476068054466589,2.264678613226323,3.336668213407834,2.648234525217674,2.2220612896717284,-49.69049149319167
2026-04-14T12:03:42.116,4.003623485781162,4.0053386691414525,4.004237175240348,4.003555298063475,0.02476068054466589,2.264678613226323,3.336668213407834,2.648234525217674,2.2220612896717284,-49.69049149319167
2026-04-14T12:03:42.224,4.003623485781162,4.0053386691414525,4.004237175240348,4.003555298063475,0.02476068054466589,2.264678613226323,3.336668213407834,2.648234525217674,2.2220612896717284,-49.69049149319167
2026-04-14T12:03:42.347,4.0035474302498955,4.004756450936583,4.004759073541109,4.003445148673364,0.024969799503619435,2.21714390618466,2.972781835364202,2.974420963193225,2.153217920852768,-49.68787750620476
2026-04-14T12:03:42.443,4.0035474302498955,4.004756450936583,4.004759073541109,4.003445148673364,0.024969799503619435,2.21714390618466,2.972781835364202,2.974420963193225,2.153217920852768,-49.68787750620476
2026-04-14T12:03:42.553,4.0035474302498955,4.004756450936583,4.004759073541109,4.003445148673364,0.024969799503619435,2.21714390618466,2.972781835364202,2.974420963193225,2.153217920852768,-49.68787750620476
2026-04-14T12:03:42.656,4.0036497118264265,4.004798412609006,4.004397154116461,4.003746748193905,0.036590838794037725,2.2810698915165517,2.999007880628568,2.748221322788069,2.341717621190398,-49.542614515074526
2026-04-14T12:03:42.770,4.0036497118264265,4.004798412609006,4.004397154116461,4.003746748193905,0.036590838794037725,2.2810698915165517,2.999007880628568,2.748221322788069,2.341717621190398,-49.542614515074526
2026-04-14T12:03:42.874,4.0036497118264265,4.004798412609006,4.004397154116461,4.003746748193905,0.036590838794037725,2.2810698915165517,2.999007880628568,2.748221322788069,2.341717621190398,-49.542614515074526
2026-04-14T12:03:42.985,4.003576278899686,4.004764318750162,4.004614830292155,4.003240585520302,0.033603425094701406,2.2351743123039114,2.9776992188512708,2.8842689325969673,2.0253659501889842,-49.57995718631623
2026-04-14T12:03:43.091,4.003576278899686,4.004764318750162,4.004614830292155,4.003240585520302,0.033603425094701406,2.2351743123039114,2.9776992188512708,2.8842689325969673,2.0253659501889842,-49.57995718631623
2026-04-14T12:03:43.219,4.003576278899686,4.004764318750162,4.004614830292155,4.003240585520302,0.033603425094701406,2.2351743123039114,2.9776992188512708,2.8842689325969673,2.0253659501889842,-49.57995718631623
2026-04-14T12:03:43.312,4.00383853935233,4.005021333993753,4.004252910867507,4.003597259735898,0.022350833493867923,2.3990870952061982,3.138333746095512,2.6580692921918114,2.2482873349360943,-49.72061458132665
2026-04-14T12:03:43.420,4.00383853935233,4.005021333993753,4.004252910867507,4.003597259735898,0.022350833493867923,2.3990870952061982,3.138333746095512,2.6580692921918114,2.2482873349360943,-49.72061458132665
2026-04-14T12:03:43.529,4.00383853935233,4.005021333993753,4.004252910867507,4.003597259735898,0.022350833493867923,2.3990870952061982,3.138333746095512,2.6580692921918114,2.2482873349360943,-49.72061458132665
2026-04-14T12:03:43.638,4.003578901504213,4.004656791964578,4.004048347714445,4.003885746233806,0.03150227745950152,2.2368134401329343,2.910494977861333,2.5302173215280277,2.42859139612861,-49.606221531756226
2026-04-14T12:03:43.747,4.003578901504213,4.004656791964578,4.004048347714445,4.003885746233806,0.03150227745950152,2.2368134401329343,2.910494977861333,2.5302173215280277,2.42859139612861,-49.606221531756226
2026-04-14T12:03:43.872,4.003578901504213,4.004656791964578,4.004048347714445,4.003885746233806,0.03150227745950152,2.2368134401329343,2.910494977861333,2.5302173215280277,2.42859139612861,-49.606221531756226
2026-04-14T12:03:43.982,4.0031933786388265,4.0051577094291275,4.004203081381505,4.003515958995578,0.024880177092639344,1.9958616492665726,3.223568393204701,2.626925863440377,2.1974743722363854,-49.68899778634201
2026-04-14T12:03:44.102,4.0031933786388265,4.0051577094291275,4.004203081381505,4.003515958995578,0.024880177092639344,1.9958616492665726,3.223568393204701,2.626925863440377,2.1974743722363854,-49.68899778634201
2026-04-14T12:03:44.200,4.0031933786388265,4.0051577094291275,4.004203081381505,4.003515958995578,0.024880177092639344,1.9958616492665726,3.223568393204701,2.626925863440377,2.1974743722363854,-49.68899778634201
2026-04-14T12:03:44.313,4.004234552635822,4.004856109908587,4.003888368838332,4.003612995363056,0.031477382345340386,2.6465953973886513,3.035068692867071,2.4302305239576327,2.2581221019102315,-49.60653272068324
2026-04-14T12:03:44.419,4.004234552635822,4.004856109908587,4.003888368838332,4.003612995363056,0.031477382345340386,2.6465953973886513,3.035068692867071,2.4302305239576327,2.2581221019102315,-49.60653272068324
2026-04-14T12:03:44.537,4.004234552635822,4.004856109908587,4.003888368838332,4.003612995363056,0.031477382345340386,2.6465953973886513,3.035068692867071,2.4302305239576327,2.2581221019102315,-49.60653272068324
2026-04-14T12:03:44.646,4.003901481860964,4.0052835944463965,4.004056215528024,4.003581524108739,0.02750412212522308,2.438426163102747,3.3022465289977987,2.5351347050150963,2.238452567961957,-49.656198473434706
2026-04-14T12:03:44.751,4.003901481860964,4.0052835944463965,4.004056215528024,4.003581524108739,0.02750412212522308,2.438426163102747,3.3022465289977987,2.5351347050150963,2.238452567961957,-49.656198473434706
2026-04-14T12:03:44.861,4.003901481860964,4.0052835944463965,4.004056215528024,4.003581524108739,0.02750412212522308,2.438426163102747,3.3022465289977987,2.5351347050150963,2.238452567961957,-49.656198473434706
2026-04-14T12:03:44.971,4.003846407165909,4.005092144315967,4.004627943314787,4.003731012566746,0.019572538753485143,2.404004478693267,3.1825901974791293,2.8924645717420816,2.3318828542162606,-49.75534326558144
2026-04-14T12:03:45.096,4.003846407165909,4.005092144315967,4.004627943314787,4.003731012566746,0.019572538753485143,2.404004478693267,3.1825901974791293,2.8924645717420816,2.3318828542162606,-49.75534326558144
2026-04-14T12:03:45.187,4.003846407165909,4.005092144315967,4.004627943314787,4.003731012566746,0.019572538753485143,2.404004478693267,3.1825901974791293,2.8924645717420816,2.3318828542162606,-49.75534326558144
2026-04-14T12:03:45.298,4.003571033690633,4.00520753891513,4.003988027810337,4.003605127549477,0.025039505823270615,2.2318960566458657,3.2547118219561355,2.4925173814605017,2.253204718423163,-49.68700617720912
2026-04-14T12:03:45.406,4.003571033690633,4.00520753891513,4.003988027810337,4.003605127549477,0.025039505823270615,2.2318960566458657,3.2547118219561355,2.4925173814605017,2.253204718423163,-49.68700617720912
2026-04-14T12:03:45.517,4.003571033690633,4.00520753891513,4.003988027810337,4.003605127549477,0.025039505823270615,2.2318960566458657,3.2547118219561355,2.4925173814605017,2.253204718423163,-49.68700617720912
2026-04-14T12:03:45.623,4.003652334430953,4.005102634734072,4.004037857296339,4.003654957035479,0.01807883190381698,2.2827090193455746,3.1891467087952208,2.5236608102119362,2.2843481471745974,-49.77401460120229
2026-04-14T12:03:45.733,4.003652334430953,4.005102634734072,4.004037857296339,4.003654957035479,0.01807883190381698,2.2827090193455746,3.1891467087952208,2.5236608102119362,2.2843481471745974,-49.77401460120229
2026-04-14T12:03:45.841,4.003652334430953,4.005102634734072,4.004037857296339,4.003654957035479,0.01807883190381698,2.2827090193455746,3.1891467087952208,2.5236608102119362,2.2843481471745974,-49.77401460120229
2026-04-14T12:03:45.956,4.004326343794247,4.005034447016385,4.003883123629279,4.004541397365415,0.022430497859183558,2.7039648714044517,3.146529385240626,2.426952268299587,2.838373353384327,-49.71961877676021
2026-04-14T12:03:46.060,4.004326343794247,4.005034447016385,4.003883123629279,4.004541397365415,0.022430497859183558,2.7039648714044517,3.146529385240626,2.426952268299587,2.838373353384327,-49.71961877676021
2026-04-14T12:03:46.182,4.004326343794247,4.005034447016385,4.003883123629279,4.004541397365415,0.022430497859183558,2.7039648714044517,3.146529385240626,2.426952268299587,2.838373353384327,-49.71961877676021
2026-04-14T12:03:46.291,4.003594637131371,4.005286217050923,4.004205703986031,4.003675937871691,0.022027197009773153,2.2466482071070715,3.3038856568268216,2.6285649912694,2.2974611698067804,-49.72466003737784
2026-04-14T12:03:46.399,4.003594637131371,4.005286217050923,4.004205703986031,4.003675937871691,0.022027197009773153,2.2466482071070715,3.3038856568268216,2.6285649912694,2.2974611698067804,-49.72466003737784
2026-04-14T12:03:46.509,4.003594637131371,4.005286217050923,4.004205703986031,4.003675937871691,0.022027197009773153,2.2466482071070715,3.3038856568268216,2.6285649912694,2.2974611698067804,-49.72466003737784
2026-04-14T12:03:46.618,4.0038123133070656,4.004761696145636,4.004027366878234,4.003717899544114,0.021668707365852795,2.3826958169159695,2.976060091022248,2.5171042988964,2.3236872150711463,-49.72914115792684
2026-04-14T12:03:46.729,4.0038123133070656,4.004761696145636,4.004027366878234,4.003717899544114,0.021668707365852795,2.3826958169159695,2.976060091022248,2.5171042988964,2.3236872150711463,-49.72914115792684
2026-04-14T12:03:46.839,4.0038123133070656,4.004761696145636,4.004027366878234,4.003717899544114,0.021668707365852795,2.3826958169159695,2.976060091022248,2.5171042988964,2.3236872150711463,-49.72914115792684
2026-04-14T12:03:46.949,4.003230095102197,4.004774809168268,4.004276514308245,4.003531694622737,0.020921853941018715,2.0188094388728928,2.9842557301673622,2.6728214426530172,2.2073091392105226,-49.738476825737266
2026-04-14T12:03:47.058,4.003230095102197,4.004774809168268,4.004276514308245,4.003531694622737,0.020921853941018715,2.0188094388728928,2.9842557301673622,2.6728214426530172,2.2073091392105226,-49.738476825737266
2026-04-14T12:03:47.166,4.003230095102197,4.004774809168268,4.004276514308245,4.003531694622737,0.020921853941018715,2.0188094388728928,2.9842557301673622,2.6728214426530172,2.2073091392105226,-49.738476825737266
2026-04-14T12:03:47.275,4.003487110345787,4.00513410598839,4.003943443533387,4.003303528028937,0.023705127704233723,2.179443966117134,3.208816242743495,2.464652208367113,2.064705018085533,-49.70368590369708
2026-04-14T12:03:47.399,4.003487110345787,4.00513410598839,4.003943443533387,4.003303528028937,0.023705127704233723,2.179443966117134,3.208816242743495,2.464652208367113,2.064705018085533,-49.70368590369708
2026-04-14T12:03:47.491,4.003487110345787,4.00513410598839,4.003943443533387,4.003303528028937,0.023705127704233723,2.179443966117134,3.208816242743495,2.464652208367113,2.064705018085533,-49.70368590369708
2026-04-14T12:03:47.601,4.0040221216691805,4.0052416327739735,4.0042214396131905,4.003329754074201,0.02237074958519683,2.513826043237799,3.276020483733433,2.638399758244092,2.0810962963757618,-49.720365630185036
2026-04-14T12:03:47.710,4.0040221216691805,4.0052416327739735,4.0042214396131905,4.003329754074201,0.02237074958519683,2.513826043237799,3.276020483733433,2.638399758244092,2.0810962963757618,-49.720365630185036
2026-04-14T12:03:47.819,4.0040221216691805,4.0052416327739735,4.0042214396131905,4.003329754074201,0.02237074958519683,2.513826043237799,3.276020483733433,2.638399758244092,2.0810962963757618,-49.720365630185036
2026-04-14T12:03:47.927,4.00398540520581,4.0047852995863735,4.004245043053928,4.0038123133070656,0.011511500788109297,2.490878253631479,2.9908122414834537,2.653151908704743,2.3826958169159695,-49.856106240148634
2026-04-14T12:03:48.036,4.00398540520581,4.0047852995863735,4.004245043053928,4.0038123133070656,0.011511500788109297,2.490878253631479,2.9908122414834537,2.653151908704743,2.3826958169159695,-49.856106240148634
2026-04-14T12:03:48.145,4.00398540520581,4.0047852995863735,4.004245043053928,4.0038123133070656,0.011511500788109297,2.490878253631479,2.9908122414834537,2.653151908704743,2.3826958169159695,-49.856106240148634
2026-04-14T12:03:48.255,4.003274679379146,4.004863977722167,4.0042266848222425,4.0037100317305345,0.010087500258092318,2.0466746119662815,3.0399860763541398,2.6416780139015827,2.3187698315840777,-49.87390624677385
2026-04-14T12:03:48.363,4.003274679379146,4.004863977722167,4.0042266848222425,4.0037100317305345,0.010087500258092318,2.0466746119662815,3.0399860763541398,2.6416780139015827,2.3187698315840777,-49.87390624677385
2026-04-14T12:03:48.472,4.003274679379146,4.004863977722167,4.0042266848222425,4.0037100317305345,0.010087500258092318,2.0466746119662815,3.0399860763541398,2.6416780139015827,2.3187698315840777,-49.87390624677385
2026-04-14T12:03:48.580,4.003809690702539,4.0050134661801735,4.003673315267164,4.003927707906229,0.009430269244238326,2.3810566890869467,3.1334163626084433,2.2958220419777575,2.4548174413929758,-49.88212163444702
2026-04-14T12:03:48.704,4.003809690702539,4.0050134661801735,4.003673315267164,4.003927707906229,0.009430269244238326,2.3810566890869467,3.1334163626084433,2.2958220419777575,2.4548174413929758,-49.88212163444702
2026-04-14T12:03:48.798,4.003809690702539,4.0050134661801735,4.003673315267164,4.003927707906229,0.009430269244238326,2.3810566890869467,3.1334163626084433,2.2958220419777575,2.4548174413929758,-49.88212163444702
2026-04-14T12:03:48.907,4.003778219448222,4.005239010169447,4.004153251895502,4.003592014526845,0.021135951922804486,2.3613871551386723,3.27438135590441,2.5957824346889424,2.2450090792780486,-49.73580060096494
2026-04-14T12:03:49.016,4.003778219448222,4.005239010169447,4.004153251895502,4.003592014526845,0.021135951922804486,2.3613871551386723,3.27438135590441,2.5957824346889424,2.2450090792780486,-49.73580060096494
2026-04-14T12:03:49.125,4.003778219448222,4.005239010169447,4.004153251895502,4.003592014526845,0.021135951922804486,2.3613871551386723,3.27438135590441,2.5957824346889424,2.2450090792780486,-49.73580060096494
2026-04-14T12:03:49.233,4.003384828769256,4.005191803287971,4.004504680902045,4.003859520188541,0.02310266594153423,2.115517980785242,3.2448770549819983,2.815425563778007,2.412200117838381,-49.711216675730824
2026-04-14T12:03:49.343,4.003384828769256,4.005191803287971,4.004504680902045,4.003859520188541,0.02310266594153423,2.115517980785242,3.2448770549819983,2.815425563778007,2.412200117838381,-49.711216675730824
2026-04-14T12:03:49.456,4.003384828769256,4.005191803287971,4.004504680902045,4.003859520188541,0.02310266594153423,2.115517980785242,3.2448770549819983,2.815425563778007,2.412200117838381,-49.711216675730824
2026-04-14T12:03:49.564,4.003636598803794,4.004984617530383,4.003780842052748,4.003224849893144,0.019492874388169507,2.2728742523714374,3.1153859564891917,2.363026282967695,2.015531183214847,-49.75633907014788
2026-04-14T12:03:49.673,4.003636598803794,4.004984617530383,4.003780842052748,4.003224849893144,0.019492874388169507,2.2728742523714374,3.1153859564891917,2.363026282967695,2.015531183214847,-49.75633907014788
2026-04-14T12:03:49.781,4.003636598803794,4.004984617530383,4.003780842052748,4.003224849893144,0.019492874388169507,2.2728742523714374,3.1153859564891917,2.363026282967695,2.015531183214847,-49.75633907014788
2026-04-14T12:03:49.889,4.004444360997937,4.005023956598279,4.003746748193905,4.004187345754346,0.02014512637919127,2.777725623710481,3.1399728739245347,2.341717621190398,2.6170910964662397,-49.748185920260106
2026-04-14T12:03:50.001,4.004444360997937,4.005023956598279,4.003746748193905,4.004187345754346,0.02014512637919127,2.777725623710481,3.1399728739245347,2.341717621190398,2.6170910964662397,-49.748185920260106
2026-04-14T12:03:50.124,4.004444360997937,4.005023956598279,4.003746748193905,4.004187345754346,0.02014512637919127,2.777725623710481,3.1399728739245347,2.341717621190398,2.6170910964662397,-49.748185920260106
2026-04-14T12:03:50.217,4.003256321147461,4.005092144315967,4.004418134952672,4.003814935911592,0.019692035301458594,2.0352007171631215,3.1825901974791293,2.761334345420252,2.3843349447449924,-49.753849558731766
2026-04-14T12:03:50.326,4.003256321147461,4.005092144315967,4.004418134952672,4.003814935911592,0.019692035301458594,2.0352007171631215,3.1825901974791293,2.761334345420252,2.3843349447449924,-49.753849558731766
2026-04-14T12:03:50.435,4.003256321147461,4.005092144315967,4.004418134952672,4.003814935911592,0.019692035301458594,2.0352007171631215,3.1825901974791293,2.761334345420252,2.3843349447449924,-49.753849558731766
2026-04-14T12:03:50.546,4.003565788481581,4.0051393511974425,4.003749370798431,4.003741502984852,0.017287167273492856,2.228617800988375,3.212094498401541,2.3433567490194207,2.338439365532352,-49.78391040908134
2026-04-14T12:03:50.653,4.003565788481581,4.0051393511974425,4.003749370798431,4.003741502984852,0.017287167273492856,2.228617800988375,3.212094498401541,2.3433567490194207,2.338439365532352,-49.78391040908134
2026-04-14T12:03:50.777,4.003565788481581,4.0051393511974425,4.003749370798431,4.003741502984852,0.017287167273492856,2.228617800988375,3.212094498401541,2.3433567490194207,2.338439365532352,-49.78391040908134
2026-04-14T12:03:50.885,4.00303602236724,4.004782676981847,4.004001140832969,4.003851652374962,0.02570171585995683,1.8975139795252005,2.989173113654431,2.500713020605616,2.4072827343513126,-49.67872855175054
2026-04-14T12:03:50.995,4.00303602236724,4.004782676981847,4.004001140832969,4.003851652374962,0.02570171585995683,1.8975139795252005,2.989173113654431,2.500713020605616,2.4072827343513126,-49.67872855175054
2026-04-14T12:03:51.104,4.00303602236724,4.004782676981847,4.004001140832969,4.003851652374962,0.02570171585995683,1.8975139795252005,2.989173113654431,2.500713020605616,2.4072827343513126,-49.67872855175054
2026-04-14T12:03:51.200,4.003967046974125,4.005425215090824,4.004006386042022,4.0038123133070656,0.016311278798376322,2.4794043588283188,3.3907594317650336,2.503991276263662,2.3826958169159695,-49.79610901502029
2026-04-14T12:03:51.323,4.003967046974125,4.005425215090824,4.004006386042022,4.0038123133070656,0.016311278798376322,2.4794043588283188,3.3907594317650336,2.503991276263662,2.3826958169159695,-49.79610901502029
2026-04-14T12:03:51.431,4.003967046974125,4.005425215090824,4.004006386042022,4.0038123133070656,0.016311278798376322,2.4794043588283188,3.3907594317650336,2.503991276263662,2.3826958169159695,-49.79610901502029
2026-04-14T12:03:51.540,4.003995895623916,4.005031824411859,4.004431247975305,4.003804445493486,0.014847446085701524,2.4974347649475703,3.1448902574116033,2.7695299845653665,2.377778433428901,-49.814406923928736
2026-04-14T12:03:51.661,4.003995895623916,4.005031824411859,4.004431247975305,4.003804445493486,0.014847446085701524,2.4974347649475703,3.1448902574116033,2.7695299845653665,2.377778433428901,-49.814406923928736
2026-04-14T12:03:51.757,4.003995895623916,4.005031824411859,4.004431247975305,4.003804445493486,0.014847446085701524,2.4974347649475703,3.1448902574116033,2.7695299845653665,2.377778433428901,-49.814406923928736
2026-04-14T12:03:51.869,4.003576278899686,4.005215406728709,4.004428625370778,4.00383853935233,0.015410075665743199,2.2351743123039114,3.259629205443204,2.7678908567363436,2.3990870952061982,-49.80737405417821
2026-04-14T12:03:51.979,4.003576278899686,4.005215406728709,4.004428625370778,4.00383853935233,0.015410075665743199,2.2351743123039114,3.259629205443204,2.7678908567363436,2.3990870952061982,-49.80737405417821
2026-04-14T12:03:52.085,4.003576278899686,4.005215406728709,4.004428625370778,4.00383853935233,0.015410075665743199,2.2351743123039114,3.259629205443204,2.7678908567363436,2.3990870952061982,-49.80737405417821
2026-04-14T12:03:52.194,4.003633976199268,4.005210161519656,4.004391908907408,4.003804445493486,0.017391726752969627,2.2712351245424145,3.2563509497851584,2.7449430671300235,2.377778433428901,-49.78260341558788
2026-04-14T12:03:52.304,4.003633976199268,4.005210161519656,4.004391908907408,4.003804445493486,0.017391726752969627,2.2712351245424145,3.2563509497851584,2.7449430671300235,2.377778433428901,-49.78260341558788
2026-04-14T12:03:52.409,4.003633976199268,4.005210161519656,4.004391908907408,4.003804445493486,0.017391726752969627,2.2712351245424145,3.2563509497851584,2.7449430671300235,2.377778433428901,-49.78260341558788
2026-04-14T12:03:52.525,4.003922462697176,4.005225897146815,4.003990650414863,4.003442526068838,0.01015222755491127,2.45153918573493,3.2661857167592956,2.4941565092895246,2.151578793023745,-49.87309715556361
2026-04-14T12:03:52.633,4.003922462697176,4.005225897146815,4.003990650414863,4.003442526068838,0.01015222755491127,2.45153918573493,3.2661857167592956,2.4941565092895246,2.151578793023745,-49.87309715556361
2026-04-14T12:03:52.741,4.003922462697176,4.005225897146815,4.003990650414863,4.003442526068838,0.01015222755491127,2.45153918573493,3.2661857167592956,2.4941565092895246,2.151578793023745,-49.87309715556361
2026-04-14T12:03:52.850,4.004203081381505,4.005063295666176,4.0034189226281,4.003560543272528,0.007866856074918984,2.626925863440377,3.1645597913598777,2.1368266425625393,2.225339545329774,-49.90166429906351
2026-04-14T12:03:52.957,4.004203081381505,4.005063295666176,4.0034189226281,4.003560543272528,0.007866856074918984,2.626925863440377,3.1645597913598777,2.1368266425625393,2.225339545329774,-49.90166429906351
2026-04-14T12:03:53.066,4.004203081381505,4.005063295666176,4.0034189226281,4.003560543272528,0.007866856074918984,2.626925863440377,3.1645597913598777,2.1368266425625393,2.225339545329774,-49.90166429906351
2026-04-14T12:03:53.175,4.00322747249767,4.005029201807332,4.004145384081923,4.004276514308245,0.006044533718323827,2.01717031104387,3.1432511295825805,2.590865051201874,2.6728214426530172,-49.92444332852095
2026-04-14T12:03:53.284,4.00322747249767,4.005029201807332,4.004145384081923,4.004276514308245,0.006044533718323827,2.01717031104387,3.1432511295825805,2.590865051201874,2.6728214426530172,-49.92444332852095
2026-04-14T12:03:53.406,4.00322747249767,4.005029201807332,4.004145384081923,4.004276514308245,0.006044533718323827,2.01717031104387,3.1432511295825805,2.590865051201874,2.6728214426530172,-49.92444332852095
2026-04-14T12:03:53.500,4.003526449413684,4.005147219011022,4.0045387747608885,4.003817558516118,0.0020264622927164727,2.204030883552477,3.2170118818886095,2.836734225555304,2.3859740725740153,-49.974669221341045
2026-04-14T12:03:53.610,4.003526449413684,4.005147219011022,4.0045387747608885,4.003817558516118,0.0020264622927164727,2.204030883552477,3.2170118818886095,2.836734225555304,2.3859740725740153,-49.974669221341045
2026-04-14T12:03:53.719,4.003526449413684,4.005147219011022,4.0045387747608885,4.003817558516118,0.0020264622927164727,2.204030883552477,3.2170118818886095,2.836734225555304,2.3859740725740153,-49.974669221341045
2026-04-14T12:03:53.828,4.003106832689454,4.0052416327739735,4.003654957035479,4.003592014526845,0.013861599564920538,1.941770430908818,3.276020483733433,2.2843481471745974,2.2450090792780486,-49.82673000543849
2026-04-14T12:03:53.937,4.003106832689454,4.0052416327739735,4.003654957035479,4.003592014526845,0.013861599564920538,1.941770430908818,3.276020483733433,2.2843481471745974,2.2450090792780486,-49.82673000543849
2026-04-14T12:03:54.045,4.003106832689454,4.0052416327739735,4.003654957035479,4.003592014526845,0.013861599564920538,1.941770430908818,3.276020483733433,2.2843481471745974,2.2450090792780486,-49.82673000543849
2026-04-14T12:03:54.154,4.0038752558157,4.004863977722167,4.004780054377321,4.003660202244532,0.016385964140859733,2.4220348848125184,3.0399860763541398,2.987533985825408,2.287626402832643,-49.795175448239256
2026-04-14T12:03:54.263,4.0038752558157,4.004863977722167,4.004780054377321,4.003660202244532,0.016385964140859733,2.4220348848125184,3.0399860763541398,2.987533985825408,2.287626402832643,-49.795175448239256
2026-04-14T12:03:54.373,4.0038752558157,4.004863977722167,4.004780054377321,4.003660202244532,0.016385964140859733,2.4220348848125184,3.0399860763541398,2.987533985825408,2.287626402832643,-49.795175448239256
2026-04-14T12:03:54.481,4.00372838996222,4.005236387564921,4.004491567879413,4.003515958995578,0.013567837217819134,2.3302437263872378,3.272742228075387,2.8072299246328924,2.1974743722363854,-49.83040203477726
2026-04-14T12:03:54.602,4.00372838996222,4.005236387564921,4.004491567879413,4.003515958995578,0.013567837217819134,2.3302437263872378,3.272742228075387,2.8072299246328924,2.1974743722363854,-49.83040203477726
2026-04-14T12:03:54.712,4.00372838996222,4.005236387564921,4.004491567879413,4.003515958995578,0.013567837217819134,2.3302437263872378,3.272742228075387,2.8072299246328924,2.1974743722363854,-49.83040203477726
2026-04-14T12:03:54.822,4.0034399034643116,4.005079031293334,4.003872633211174,4.003738880380325,0.023306805877655545,2.1499396651947222,3.174394558334015,2.4203957569834955,2.3368002377033292,-49.70866492652931
2026-04-14T12:03:54.931,4.0034399034643116,4.005079031293334,4.003872633211174,4.003738880380325,0.023306805877655545,2.1499396651947222,3.174394558334015,2.4203957569834955,2.3368002377033292,-49.70866492652931
2026-04-14T12:03:55.039,4.0034399034643116,4.005079031293334,4.003872633211174,4.003738880380325,0.023306805877655545,2.1499396651947222,3.174394558334015,2.4203957569834955,2.3368002377033292,-49.70866492652931
2026-04-14T12:03:55.149,4.004027366878234,4.004958391485118,4.004842996885955,4.0034635069050495,0.018800790214489927,2.5171042988964,3.098994678198963,3.026873053721957,2.164691815655928,-49.76499012231888
2026-04-14T12:03:55.270,4.004027366878234,4.004958391485118,4.004842996885955,4.0034635069050495,0.018800790214489927,2.5171042988964,3.098994678198963,3.026873053721957,2.164691815655928,-49.76499012231888
2026-04-14T12:03:55.356,4.004027366878234,4.004958391485118,4.004842996885955,4.0034635069050495,0.018800790214489927,2.5171042988964,3.098994678198963,3.026873053721957,2.164691815655928,-49.76499012231888
2026-04-14T12:03:55.473,4.003342867096833,4.004554510388047,4.004517793924677,4.003497600763893,0.030780319148828582,2.089291935520876,2.8465689925294413,2.823621202923121,2.1860004774332253,-49.61524601063964
2026-04-14T12:03:55.583,4.003342867096833,4.004554510388047,4.004517793924677,4.003497600763893,0.030780319148828582,2.089291935520876,2.8465689925294413,2.823621202923121,2.1860004774332253,-49.61524601063964
2026-04-14T12:03:55.692,4.003342867096833,4.004554510388047,4.004517793924677,4.003497600763893,0.030780319148828582,2.089291935520876,2.8465689925294413,2.823621202923121,2.1860004774332253,-49.61524601063964
2026-04-14T12:03:55.800,4.003890991442859,4.004903316790063,4.004502058297518,4.00338220616473,0.032756991213222786,2.4318696517866556,3.064572993789483,2.813786435948984,2.113878852956219,-49.59053760983472
2026-04-14T12:03:55.910,4.003890991442859,4.004903316790063,4.004502058297518,4.00338220616473,0.032756991213222786,2.4318696517866556,3.064572993789483,2.813786435948984,2.113878852956219,-49.59053760983472
2026-04-14T12:03:56.019,4.003890991442859,4.004903316790063,4.004502058297518,4.00338220616473,0.032756991213222786,2.4318696517866556,3.064572993789483,2.813786435948984,2.113878852956219,-49.59053760983472
2026-04-14T12:03:56.127,4.004129648454764,4.0048036578180595,4.004334211607826,4.003961801765072,0.027464289942565265,2.5810302842277366,3.002286136287169,2.7088822548915203,2.476126103170273,-49.656696375717935
2026-04-14T12:03:56.237,4.004129648454764,4.0048036578180595,4.004334211607826,4.003961801765072,0.027464289942565265,2.5810302842277366,3.002286136287169,2.7088822548915203,2.476126103170273,-49.656696375717935
2026-04-14T12:03:56.345,4.004129648454764,4.0048036578180595,4.004334211607826,4.003961801765072,0.027464289942565265,2.5810302842277366,3.002286136287169,2.7088822548915203,2.476126103170273,-49.656696375717935
2026-04-14T12:03:56.454,4.003476619927682,4.004932165439854,4.004378795884776,4.0038123133070656,0.02758876551337094,2.1728874548010424,3.0826033999087343,2.736747427984909,2.3826958169159695,-49.65514043108286
2026-04-14T12:03:56.565,4.003476619927682,4.004932165439854,4.004378795884776,4.0038123133070656,0.02758876551337094,2.1728874548010424,3.0826033999087343,2.736747427984909,2.3826958169159695,-49.65514043108286
2026-04-14T12:03:56.673,4.003476619927682,4.004932165439854,4.004378795884776,4.0038123133070656,0.02758876551337094,2.1728874548010424,3.0826033999087343,2.736747427984909,2.3826958169159695,-49.65514043108286
2026-04-14T12:03:56.782,4.003581524108739,4.004866600326693,4.004037857296339,4.003552675458948,0.02695145059084586,2.238452567961957,3.0416252041831626,2.5236608102119362,2.2204221618427056,-49.663106867614424
2026-04-14T12:03:56.891,4.003581524108739,4.004866600326693,4.004037857296339,4.003552675458948,0.02695145059084586,2.238452567961957,3.0416252041831626,2.5236608102119362,2.2204221618427056,-49.663106867614424
2026-04-14T12:03:56.998,4.003581524108739,4.004866600326693,4.004037857296339,4.003552675458948,0.02695145059084586,2.238452567961957,3.0416252041831626,2.5236608102119362,2.2204221618427056,-49.663106867614424
2026-04-14T12:03:57.107,4.00391197227907,4.0045807364333115,4.003783464657275,4.003605127549477,0.03391710353313172,2.4449826744188385,2.86296027081967,2.364665410796718,2.253204718423163,-49.576036205835855
2026-04-14T12:03:57.216,4.00391197227907,4.0045807364333115,4.003783464657275,4.003605127549477,0.03391710353313172,2.4449826744188385,2.86296027081967,2.364665410796718,2.253204718423163,-49.576036205835855
2026-04-14T12:03:57.340,4.00391197227907,4.0045807364333115,4.003783464657275,4.003605127549477,0.03391710353313172,2.4449826744188385,2.86296027081967,2.364665410796718,2.253204718423163,-49.576036205835855
2026-04-14T12:03:57.450,4.004069328550656,4.004848242095008,4.00406670594613,4.003314018447043,0.015524593190884426,2.5433303441602106,3.0301513093800025,2.5416912163311878,2.0712615294016246,-49.80594258511395
2026-04-14T12:03:57.544,4.004069328550656,4.004848242095008,4.00406670594613,4.003314018447043,0.015524593190884426,2.5433303441602106,3.0301513093800025,2.5416912163311878,2.0712615294016246,-49.80594258511395
2026-04-14T12:03:57.666,4.004069328550656,4.004848242095008,4.00406670594613,4.003314018447043,0.015524593190884426,2.5433303441602106,3.0301513093800025,2.5416912163311878,2.0712615294016246,-49.80594258511395
2026-04-14T12:03:57.767,4.003922462697176,4.005050182643544,4.004037857296339,4.003201246452406,0.02476068054466589,2.45153918573493,3.1563641522147634,2.5236608102119362,2.000779032753641,-49.69049149319167
2026-04-14T12:03:57.884,4.003922462697176,4.005050182643544,4.004037857296339,4.003201246452406,0.02476068054466589,2.45153918573493,3.1563641522147634,2.5236608102119362,2.000779032753641,-49.69049149319167
2026-04-14T12:03:57.994,4.003922462697176,4.005050182643544,4.004037857296339,4.003201246452406,0.02476068054466589,2.45153918573493,3.1563641522147634,2.5236608102119362,2.000779032753641,-49.69049149319167
2026-04-14T12:03:58.105,4.003434658255259,4.004981994925856,4.004014253855601,4.0036680700581115,0.030521409961552764,2.1466614095366765,3.113746828660169,2.5089086597507304,2.292543786319712,-49.61848237548059
2026-04-14T12:03:58.213,4.003434658255259,4.004981994925856,4.004014253855601,4.0036680700581115,0.030521409961552764,2.1466614095366765,3.113746828660169,2.5089086597507304,2.292543786319712,-49.61848237548059
2026-04-14T12:03:58.322,4.003434658255259,4.004981994925856,4.004014253855601,4.0036680700581115,0.030521409961552764,2.1466614095366765,3.113746828660169,2.5089086597507304,2.292543786319712,-49.61848237548059
2026-04-14T12:03:58.430,4.004137516268344,4.005448818531562,4.003736257775799,4.003119945712086,0.021026413420495486,2.585947667714805,3.4055115822262394,2.3351611098743064,1.9499660700539323,-49.73716983224381
2026-04-14T12:03:58.539,4.004137516268344,4.005448818531562,4.003736257775799,4.003119945712086,0.021026413420495486,2.585947667714805,3.4055115822262394,2.3351611098743064,1.9499660700539323,-49.73716983224381
2026-04-14T12:03:58.648,4.004137516268344,4.005448818531562,4.003736257775799,4.003119945712086,0.021026413420495486,2.585947667714805,3.4055115822262394,2.3351611098743064,1.9499660700539323,-49.73716983224381
2026-04-14T12:03:58.758,4.003112077898507,4.005165577242707,4.00463318852384,4.003539562436316,0.04142049094129812,1.9450486865668637,3.2284857766917696,2.8957428274001273,2.2122265226975912,-49.48224386323377
2026-04-14T12:03:58.866,4.003112077898507,4.005165577242707,4.00463318852384,4.003539562436316,0.04142049094129812,1.9450486865668637,3.2284857766917696,2.8957428274001273,2.2122265226975912,-49.48224386323377
2026-04-14T12:03:58.977,4.003112077898507,4.005165577242707,4.00463318852384,4.003539562436316,0.04142049094129812,1.9450486865668637,3.2284857766917696,2.8957428274001273,2.2122265226975912,-49.48224386323377
2026-04-14T12:03:59.084,4.003599882340424,4.004984617530383,4.004079818968762,4.0039801599967575,0.042306757005434556,2.249926462765117,3.1153859564891917,2.549886855476302,2.487599997973433,-49.471165537432064
2026-04-14T12:03:59.193,4.003599882340424,4.004984617530383,4.004079818968762,4.0039801599967575,0.042306757005434556,2.249926462765117,3.1153859564891917,2.549886855476302,2.487599997973433,-49.471165537432064
2026-04-14T12:03:59.303,4.003599882340424,4.004984617530383,4.004079818968762,4.0039801599967575,0.042306757005434556,2.249926462765117,3.1153859564891917,2.549886855476302,2.487599997973433,-49.471165537432064
2026-04-14T12:03:59.412,4.004035234691813,4.005050182643544,4.004481077461307,4.003557920668001,0.03342915929557345,2.5220216823829134,3.1563641522147634,2.800673413316801,2.2237004175007513,-49.58213550880533
2026-04-14T12:03:59.521,4.004035234691813,4.005050182643544,4.004481077461307,4.003557920668001,0.03342915929557345,2.5220216823829134,3.1563641522147634,2.800673413316801,2.2237004175007513,-49.58213550880533
2026-04-14T12:03:59.645,4.004035234691813,4.005050182643544,4.004481077461307,4.003557920668001,0.03342915929557345,2.5220216823829134,3.1563641522147634,2.800673413316801,2.2237004175007513,-49.58213550880533
2026-04-14T12:03:59.740,4.003712654335061,4.005349159559557,4.004648924150999,4.00352907201821,0.022933379165238504,2.3204089594131005,3.3432247247233704,2.9055775943742645,2.2056700113814998,-49.71333276043452
2026-04-14T12:03:59.851,4.003712654335061,4.005349159559557,4.004648924150999,4.00352907201821,0.022933379165238504,2.3204089594131005,3.3432247247233704,2.9055775943742645,2.2056700113814998,-49.71333276043452
2026-04-14T12:03:59.951,4.003712654335061,4.005349159559557,4.004648924150999,4.00352907201821,0.022933379165238504,2.3204089594131005,3.3432247247233704,2.9055775943742645,2.2056700113814998,-49.71333276043452
2026-04-14T12:04:00.069,4.003395319187362,4.005128860779337,4.004318475980668,4.003620863176636,0.03165662716730057,2.1220744921013335,3.2055379870854495,2.699047487917383,2.2630394853973,-49.60429216040874
2026-04-14T12:04:00.178,4.003395319187362,4.005128860779337,4.004318475980668,4.003620863176636,0.03165662716730057,2.1220744921013335,3.2055379870854495,2.699047487917383,2.2630394853973,-49.60429216040874
2026-04-14T12:04:00.287,4.003395319187362,4.005128860779337,4.004318475980668,4.003620863176636,0.03165662716730057,2.1220744921013335,3.2055379870854495,2.699047487917383,2.2630394853973,-49.60429216040874
2026-04-14T12:04:00.395,4.004100799804974,4.005218029333236,4.00398540520581,4.003555298063475,0.02333170099181668,2.562999878108485,3.261268333272227,2.490878253631479,2.2220612896717284,-49.70835373760229
2026-04-14T12:04:00.505,4.004100799804974,4.005218029333236,4.00398540520581,4.003555298063475,0.02333170099181668,2.562999878108485,3.261268333272227,2.490878253631479,2.2220612896717284,-49.70835373760229
2026-04-14T12:04:00.614,4.004100799804974,4.005218029333236,4.00398540520581,4.003555298063475,0.02333170099181668,2.562999878108485,3.261268333272227,2.490878253631479,2.2220612896717284,-49.70835373760229
2026-04-14T12:04:00.724,4.003888368838332,4.005422592486298,4.004334211607826,4.003531694622737,0.02371508574989818,2.4302305239576327,3.3891203039360107,2.7088822548915203,2.2073091392105226,-49.70356142812628
2026-04-14T12:04:00.827,4.003888368838332,4.005422592486298,4.004334211607826,4.003531694622737,0.02371508574989818,2.4302305239576327,3.3891203039360107,2.7088822548915203,2.2073091392105226,-49.70356142812628
2026-04-14T12:04:00.942,4.003888368838332,4.005422592486298,4.004334211607826,4.003531694622737,0.02371508574989818,2.4302305239576327,3.3891203039360107,2.7088822548915203,2.2073091392105226,-49.70356142812628
2026-04-14T12:04:01.049,4.003641844012847,4.005010843575648,4.004297495144456,4.0034635069050495,0.01771038421423217,2.276152508029483,3.1317772347799755,2.6859344652852,2.164691815655928,-49.7786201973221
2026-04-14T12:04:01.157,4.003641844012847,4.005010843575648,4.004297495144456,4.0034635069050495,0.01771038421423217,2.276152508029483,3.1317772347799755,2.6859344652852,2.164691815655928,-49.7786201973221
2026-04-14T12:04:01.267,4.003641844012847,4.005010843575648,4.004297495144456,4.0034635069050495,0.01771038421423217,2.276152508029483,3.1317772347799755,2.6859344652852,2.164691815655928,-49.7786201973221
2026-04-14T12:04:01.376,4.003961801765072,4.005123615570284,4.004656791964578,4.00368380568527,0.019194133018235873,2.476126103170273,3.2022597314274037,2.910494977861333,2.302378553293849,-49.760073337272054
2026-04-14T12:04:01.484,4.003961801765072,4.005123615570284,4.004656791964578,4.00368380568527,0.019194133018235873,2.476126103170273,3.2022597314274037,2.910494977861333,2.302378553293849,-49.760073337272054
2026-04-14T12:04:01.592,4.003961801765072,4.005123615570284,4.004656791964578,4.00368380568527,0.019194133018235873,2.476126103170273,3.2022597314274037,2.910494977861333,2.302378553293849,-49.760073337272054
2026-04-14T12:04:01.704,4.003804445493486,4.004801035213532,4.00436830546667,4.003581524108739,0.00851412904310852,2.377778433428901,3.000647008457591,2.7301909166688176,2.238452567961957,-49.893573386961144
2026-04-14T12:04:01.812,4.003804445493486,4.004801035213532,4.00436830546667,4.003581524108739,0.00851412904310852,2.377778433428901,3.000647008457591,2.7301909166688176,2.238452567961957,-49.893573386961144
2026-04-14T12:04:01.921,4.003804445493486,4.004801035213532,4.00436830546667,4.003581524108739,0.00851412904310852,2.377778433428901,3.000647008457591,2.7301909166688176,2.238452567961957,-49.893573386961144
2026-04-14T12:04:02.031,4.004381418489302,4.005275726632817,4.004113912827606,4.003652334430953,0.007134939718581585,2.738386555813932,3.29732914551073,2.5711955172535994,2.2827090193455746,-49.91081325351773
2026-04-14T12:04:02.153,4.004381418489302,4.005275726632817,4.004113912827606,4.003652334430953,0.007134939718581585,2.738386555813932,3.29732914551073,2.5711955172535994,2.2827090193455746,-49.91081325351773
2026-04-14T12:04:02.248,4.004381418489302,4.005275726632817,4.004113912827606,4.003652334430953,0.007134939718581585,2.738386555813932,3.29732914551073,2.5711955172535994,2.2827090193455746,-49.91081325351773
2026-04-14T12:04:02.371,4.0042502882629805,4.005063295666176,4.004509926111098,4.003925085301702,0.0025890918727581465,2.6564301643627886,3.1645597913598777,2.8187038194360525,2.453178313563953,-49.96763635159052
2026-04-14T12:04:02.479,4.0042502882629805,4.005063295666176,4.004509926111098,4.003925085301702,0.0025890918727581465,2.6564301643627886,3.1645597913598777,2.8187038194360525,2.453178313563953,-49.96763635159052
2026-04-14T12:04:02.588,4.0042502882629805,4.005063295666176,4.004509926111098,4.003925085301702,0.0025890918727581465,2.6564301643627886,3.1645597913598777,2.8187038194360525,2.453178313563953,-49.96763635159052
2026-04-14T12:04:02.697,4.00414013887287,4.005189180683445,4.003901481860964,4.0037519934029575,-0.0008265177901497161,2.587586795543828,3.2432379271529754,2.438426163102747,2.3449958768484436,-50.01033147237687
2026-04-14T12:04:02.806,4.00414013887287,4.005189180683445,4.003901481860964,4.0037519934029575,-0.0008265177901497161,2.587586795543828,3.2432379271529754,2.438426163102747,2.3449958768484436,-50.01033147237687
2026-04-14T12:04:02.915,4.00414013887287,4.005189180683445,4.003901481860964,4.0037519934029575,-0.0008265177901497161,2.587586795543828,3.2432379271529754,2.438426163102747,2.3449958768484436,-50.01033147237687
2026-04-14T12:04:03.023,4.003799200284433,4.004801035213532,4.00448632267036,4.003447771277891,-0.0027782947403827804,2.374500177770855,3.000647008457591,2.8039516689748467,2.154857048681791,-50.03472868425478
2026-04-14T12:04:03.133,4.003799200284433,4.004801035213532,4.00448632267036,4.003447771277891,-0.0027782947403827804,2.374500177770855,3.000647008457591,2.8039516689748467,2.154857048681791,-50.03472868425478
2026-04-14T12:04:03.242,4.003799200284433,4.004801035213532,4.00448632267036,4.003447771277891,-0.0027782947403827804,2.374500177770855,3.000647008457591,2.8039516689748467,2.154857048681791,-50.03472868425478
2026-04-14T12:04:03.350,4.003534317227263,4.0049295428353275,4.0041060450140264,4.003366470537571,0.008773038230384335,2.2089482670395455,3.0809642720797115,2.566278133766531,2.104044085982082,-49.89033702212019
2026-04-14T12:04:03.459,4.003534317227263,4.0049295428353275,4.0041060450140264,4.003366470537571,0.008773038230384335,2.2089482670395455,3.0809642720797115,2.566278133766531,2.104044085982082,-49.89033702212019
2026-04-14T12:04:03.568,4.003534317227263,4.0049295428353275,4.0041060450140264,4.003366470537571,0.008773038230384335,2.2089482670395455,3.0809642720797115,2.566278133766531,2.104044085982082,-49.89033702212019
2026-04-14T12:04:03.675,4.003539562436316,4.005212784124183,4.003849029770436,4.003791332470854,0.00792660434890571,2.2122265226975912,3.2579900776141812,2.4056436065222897,2.3695827942837866,-49.900917445638676
2026-04-14T12:04:03.785,4.003539562436316,4.005212784124183,4.003849029770436,4.003791332470854,0.00792660434890571,2.2122265226975912,3.2579900776141812,2.4056436065222897,2.3695827942837866,-49.900917445638676
2026-04-14T12:04:03.893,4.003539562436316,4.005212784124183,4.003849029770436,4.003791332470854,0.00792660434890571,2.2122265226975912,3.2579900776141812,2.4056436065222897,2.3695827942837866,-49.900917445638676
2026-04-14T12:04:04.004,4.00350022336842,4.0049531462760655,4.004719734473213,4.003046512785346,0.010291640194213632,2.187639605262248,3.0957164225409173,2.949834045757882,1.904070490841292,-49.87135449757233
2026-04-14T12:04:04.113,4.00350022336842,4.0049531462760655,4.004719734473213,4.003046512785346,0.010291640194213632,2.187639605262248,3.0957164225409173,2.949834045757882,1.904070490841292,-49.87135449757233
2026-04-14T12:04:04.222,4.00350022336842,4.0049531462760655,4.004719734473213,4.003046512785346,0.010291640194213632,2.187639605262248,3.0957164225409173,2.949834045757882,1.904070490841292,-49.87135449757233
2026-04-14T12:04:04.330,4.0037336351712725,4.005010843575648,4.004402399325514,4.00391197227907,0.00625365267727737,2.3335219820452835,3.1317772347799755,2.751499578446115,2.4449826744188385,-49.921829341534036
2026-04-14T12:04:04.439,4.0037336351712725,4.005010843575648,4.004402399325514,4.00391197227907,0.00625365267727737,2.3335219820452835,3.1317772347799755,2.751499578446115,2.4449826744188385,-49.921829341534036
2026-04-14T12:04:04.548,4.0037336351712725,4.005010843575648,4.004402399325514,4.00391197227907,0.00625365267727737,2.3335219820452835,3.1317772347799755,2.751499578446115,2.4449826744188385,-49.921829341534036
2026-04-14T12:04:04.658,4.0038778784202265,4.005236387564921,4.004659414569105,4.003804445493486,0.018835643374315515,2.4236740126415413,3.272742228075387,2.912134105690356,2.377778433428901,-49.764554457821056
2026-04-14T12:04:04.768,4.0038778784202265,4.005236387564921,4.004659414569105,4.003804445493486,0.018835643374315515,2.4236740126415413,3.272742228075387,2.912134105690356,2.377778433428901,-49.764554457821056
2026-04-14T12:04:04.890,4.0038778784202265,4.005236387564921,4.004659414569105,4.003804445493486,0.018835643374315515,2.4236740126415413,3.272742228075387,2.912134105690356,2.377778433428901,-49.764554457821056
2026-04-14T12:04:04.985,4.004113912827606,4.005189180683445,4.004019499064654,4.003639221408321,0.013418466532852317,2.5711955172535994,3.2432379271529754,2.512186915408776,2.2745133802004602,-49.832269168339344
2026-04-14T12:04:05.093,4.004113912827606,4.005189180683445,4.004019499064654,4.003639221408321,0.013418466532852317,2.5711955172535994,3.2432379271529754,2.512186915408776,2.2745133802004602,-49.832269168339344
2026-04-14T12:04:05.204,4.004113912827606,4.005189180683445,4.004019499064654,4.003639221408321,0.013418466532852317,2.5711955172535994,3.2432379271529754,2.512186915408776,2.2745133802004602,-49.832269168339344
2026-04-14T12:04:05.312,4.004239797844875,4.005094766920493,4.004502058297518,4.003552675458948,0.008613709499753064,2.649873653046697,3.184229325308152,2.813786435948984,2.2204221618427056,-49.892328631253086
2026-04-14T12:04:05.419,4.004239797844875,4.005094766920493,4.004502058297518,4.003552675458948,0.008613709499753064,2.649873653046697,3.184229325308152,2.813786435948984,2.2204221618427056,-49.892328631253086
2026-04-14T12:04:05.530,4.004239797844875,4.005094766920493,4.004502058297518,4.003552675458948,0.008613709499753064,2.649873653046697,3.184229325308152,2.813786435948984,2.2204221618427056,-49.892328631253086
2026-04-14T12:04:05.638,4.00444173839341,4.005231142355868,4.004761696145636,4.0034818651367345,0.02304789669037973,2.776086495881458,3.2694639724173413,2.976060091022248,2.176165710459088,-49.71190129137025
2026-04-14T12:04:05.747,4.00444173839341,4.005231142355868,4.004761696145636,4.0034818651367345,0.02304789669037973,2.776086495881458,3.2694639724173413,2.976060091022248,2.176165710459088,-49.71190129137025
2026-04-14T12:04:05.872,4.00444173839341,4.005231142355868,4.004761696145636,4.0034818651367345,0.02304789669037973,2.776086495881458,3.2694639724173413,2.976060091022248,2.176165710459088,-49.71190129137025
2026-04-14T12:04:05.982,4.003809690702539,4.004722357077739,4.0043709280711965,4.003497600763893,0.026702499449234498,2.3810566890869467,2.951473173586905,2.7318300444978405,2.1860004774332253,-49.66621875688457
2026-04-14T12:04:06.091,4.003809690702539,4.004722357077739,4.0043709280711965,4.003497600763893,0.026702499449234498,2.3810566890869467,2.951473173586905,2.7318300444978405,2.1860004774332253,-49.66621875688457
2026-04-14T12:04:06.214,4.003809690702539,4.004722357077739,4.0043709280711965,4.003497600763893,0.026702499449234498,2.3810566890869467,2.951473173586905,2.7318300444978405,2.1860004774332253,-49.66621875688457
2026-04-14T12:04:06.322,4.003620863176636,4.005018711389226,4.003982782601284,4.003738880380325,0.02283877773142619,2.2630394853973,3.136694618266489,2.489239125802456,2.3368002377033292,-49.714515278357176
2026-04-14T12:04:06.432,4.003620863176636,4.005018711389226,4.003982782601284,4.003738880380325,0.02283877773142619,2.2630394853973,3.136694618266489,2.489239125802456,2.3368002377033292,-49.714515278357176
2026-04-14T12:04:06.540,4.003620863176636,4.005018711389226,4.003982782601284,4.003738880380325,0.02283877773142619,2.2630394853973,3.136694618266489,2.489239125802456,2.3368002377033292,-49.714515278357176
2026-04-14T12:04:06.648,4.004071951155183,4.005044937434491,4.004255533472033,4.003405809605468,0.016266467592886278,2.5449694719892335,3.1530858965567177,2.6597084200208343,2.128631003417425,-49.79666915508892
2026-04-14T12:04:06.758,4.004071951155183,4.005044937434491,4.004255533472033,4.003405809605468,0.016266467592886278,2.5449694719892335,3.1530858965567177,2.6597084200208343,2.128631003417425,-49.79666915508892
2026-04-14T12:04:06.865,4.004071951155183,4.005044937434491,4.004255533472033,4.003405809605468,0.016266467592886278,2.5449694719892335,3.1530858965567177,2.6597084200208343,2.128631003417425,-49.79666915508892
2026-04-14T12:04:06.974,4.003951311346967,4.005039692225438,4.004426002766252,4.003778219448222,0.025412932535687653,2.4695695918541816,3.149807640898672,2.7662517289073207,2.3613871551386723,-49.682338343303904
2026-04-14T12:04:07.082,4.003951311346967,4.005039692225438,4.004426002766252,4.003778219448222,0.025412932535687653,2.4695695918541816,3.149807640898672,2.7662517289073207,2.3613871551386723,-49.682338343303904
2026-04-14T12:04:07.189,4.003951311346967,4.005039692225438,4.004426002766252,4.003778219448222,0.025412932535687653,2.4695695918541816,3.149807640898672,2.7662517289073207,2.3613871551386723,-49.682338343303904
2026-04-14T12:04:07.298,4.004218817008663,4.004937410648908,4.0043525698395115,4.003437280859785,0.03148236136817262,2.636760630414514,3.085881655567335,2.7203561496946804,2.1483005373656994,-49.60647048289784
2026-04-14T12:04:07.406,4.004218817008663,4.004937410648908,4.0043525698395115,4.003437280859785,0.03148236136817262,2.636760630414514,3.085881655567335,2.7203561496946804,2.1483005373656994,-49.60647048289784
2026-04-14T12:04:07.517,4.004218817008663,4.004937410648908,4.0043525698395115,4.003437280859785,0.03148236136817262,2.636760630414514,3.085881655567335,2.7203561496946804,2.1483005373656994,-49.60647048289784
2026-04-14T12:04:07.626,4.003327131469675,4.0049295428353275,4.0043709280711965,4.003814935911592,0.022530078315828102,2.079457168546739,3.0809642720797115,2.7318300444978405,2.3843349447449924,-49.71837402105215
2026-04-14T12:04:07.734,4.003327131469675,4.0049295428353275,4.0043709280711965,4.003814935911592,0.022530078315828102,2.079457168546739,3.0809642720797115,2.7318300444978405,2.3843349447449924,-49.71837402105215
2026-04-14T12:04:07.857,4.003327131469675,4.0049295428353275,4.0043709280711965,4.003814935911592,0.022530078315828102,2.079457168546739,3.0809642720797115,2.7318300444978405,2.3843349447449924,-49.71837402105215
2026-04-14T12:04:07.951,4.003904104465491,4.0047852995863735,4.004502058297518,4.003479242532208,0.03239850156930243,2.44006529093177,2.9908122414834537,2.813786435948984,2.1745265826300653,-49.59501873038372
2026-04-14T12:04:08.060,4.003904104465491,4.0047852995863735,4.004502058297518,4.003479242532208,0.03239850156930243,2.44006529093177,2.9908122414834537,2.813786435948984,2.1745265826300653,-49.59501873038372
2026-04-14T12:04:08.169,4.003904104465491,4.0047852995863735,4.004502058297518,4.003479242532208,0.03239850156930243,2.44006529093177,2.9908122414834537,2.813786435948984,2.1745265826300653,-49.59501873038372
2026-04-14T12:04:08.278,4.003544807645369,4.005183935474392,4.004465341834148,4.0036497118264265,0.028290807732714977,2.215504778355637,3.2399596714949297,2.7908386463426638,2.2810698915165517,-49.64636490334106
2026-04-14T12:04:08.402,4.003544807645369,4.005183935474392,4.004465341834148,4.0036497118264265,0.028290807732714977,2.215504778355637,3.2399596714949297,2.7908386463426638,2.2810698915165517,-49.64636490334106
2026-04-14T12:04:08.510,4.003544807645369,4.005183935474392,4.004465341834148,4.0036497118264265,0.028290807732714977,2.215504778355637,3.2399596714949297,2.7908386463426638,2.2810698915165517,-49.64636490334106
2026-04-14T12:04:08.621,4.003395319187362,4.004711866659633,4.004231930031295,4.003329754074201,0.03333953688459336,2.1220744921013335,2.9449166622708134,2.6449562695596285,2.0810962963757618,-49.58325578894258
2026-04-14T12:04:08.729,4.003395319187362,4.004711866659633,4.004231930031295,4.003329754074201,0.03333953688459336,2.1220744921013335,2.9449166622708134,2.6449562695596285,2.0810962963757618,-49.58325578894258
2026-04-14T12:04:08.839,4.003395319187362,4.004711866659633,4.004231930031295,4.003329754074201,0.03333953688459336,2.1220744921013335,2.9449166622708134,2.6449562695596285,2.0810962963757618,-49.58325578894258
2026-04-14T12:04:08.935,4.003662824849059,4.005058050457123,4.004281759517299,4.00372838996222,0.029739703376893096,2.289265530661666,3.161281535701832,2.676099698311618,2.3302437263872378,-49.628253707788836
2026-04-14T12:04:09.044,4.003662824849059,4.005058050457123,4.004281759517299,4.00372838996222,0.029739703376893096,2.289265530661666,3.161281535701832,2.676099698311618,2.3302437263872378,-49.628253707788836
2026-04-14T12:04:09.155,4.003662824849059,4.005058050457123,4.004281759517299,4.00372838996222,0.029739703376893096,2.289265530661666,3.161281535701832,2.676099698311618,2.3302437263872378,-49.628253707788836
2026-04-14T12:04:09.264,4.004171610127187,4.004759073541109,4.004638433732893,4.0036680700581115,0.020374161429473722,2.6072563294921025,2.974420963193225,2.899021083058173,2.292543786319712,-49.745322982131576
2026-04-14T12:04:09.374,4.004171610127187,4.004759073541109,4.004638433732893,4.0036680700581115,0.020374161429473722,2.6072563294921025,2.974420963193225,2.899021083058173,2.292543786319712,-49.745322982131576
2026-04-14T12:04:09.482,4.004171610127187,4.004759073541109,4.004638433732893,4.0036680700581115,0.020374161429473722,2.6072563294921025,2.974420963193225,2.899021083058173,2.292543786319712,-49.745322982131576
2026-04-14T12:04:09.591,4.003578901504213,4.004921675021748,4.0048089030271115,4.003513336391052,0.030362081230921496,2.2368134401329343,3.076046888592643,3.0055643919446595,2.1958352444073626,-49.62047398461348
2026-04-14T12:04:09.703,4.003578901504213,4.004921675021748,4.0048089030271115,4.003513336391052,0.030362081230921496,2.2368134401329343,3.076046888592643,3.0055643919446595,2.1958352444073626,-49.62047398461348
2026-04-14T12:04:09.812,4.003578901504213,4.004921675021748,4.0048089030271115,4.003513336391052,0.030362081230921496,2.2368134401329343,3.076046888592643,3.0055643919446595,2.1958352444073626,-49.62047398461348
2026-04-14T12:04:09.920,4.003746748193905,4.005461931554194,4.004612207687629,4.0033192636560955,0.02592079286457483,2.341717621190398,3.4137072213713537,2.8826298047679444,2.0745397850596703,-49.67599008919281
2026-04-14T12:04:10.030,4.003746748193905,4.005461931554194,4.004612207687629,4.0033192636560955,0.02592079286457483,2.341717621190398,3.4137072213713537,2.8826298047679444,2.0745397850596703,-49.67599008919281
2026-04-14T12:04:10.152,4.003746748193905,4.005461931554194,4.004612207687629,4.0033192636560955,0.02592079286457483,2.341717621190398,3.4137072213713537,2.8826298047679444,2.0745397850596703,-49.67599008919281
2026-04-14T12:04:10.261,4.003749370798431,4.004842996885955,4.0044548514160425,4.0039801599967575,0.03174127055544843,2.3433567490194207,3.026873053721957,2.7842821350265723,2.487599997973433,-49.603234118056896
2026-04-14T12:04:10.369,4.003749370798431,4.004842996885955,4.0044548514160425,4.0039801599967575,0.03174127055544843,2.3433567490194207,3.026873053721957,2.7842821350265723,2.487599997973433,-49.603234118056896
2026-04-14T12:04:10.476,4.003749370798431,4.004842996885955,4.0044548514160425,4.0039801599967575,0.03174127055544843,2.3433567490194207,3.026873053721957,2.7842821350265723,2.487599997973433,-49.603234118056896
2026-04-14T12:04:10.586,4.00307273883061,4.004759073541109,4.004727602286792,4.003885746233806,0.03139273895719253,1.9204617691315207,2.974420963193225,2.9547514292449506,2.42859139612861,-49.60759076303509
2026-04-14T12:04:10.694,4.00307273883061,4.004759073541109,4.004727602286792,4.003885746233806,0.03139273895719253,1.9204617691315207,2.974420963193225,2.9547514292449506,2.42859139612861,-49.60759076303509
2026-04-14T12:04:10.803,4.00307273883061,4.004759073541109,4.004727602286792,4.003885746233806,0.03139273895719253,1.9204617691315207,2.974420963193225,2.9547514292449506,2.42859139612861,-49.60759076303509
2026-04-14T12:04:10.912,4.00350022336842,4.004651546755525,4.004305362958036,4.003772974239169,0.03204001192538207,2.187639605262248,2.9072167222032874,2.690851848772269,2.3581088994806265,-49.59949985093273
2026-04-14T12:04:11.019,4.00350022336842,4.004651546755525,4.004305362958036,4.003772974239169,0.03204001192538207,2.187639605262248,2.9072167222032874,2.690851848772269,2.3581088994806265,-49.59949985093273
2026-04-14T12:04:11.143,4.00350022336842,4.004651546755525,4.004305362958036,4.003772974239169,0.03204001192538207,2.187639605262248,2.9072167222032874,2.690851848772269,2.3581088994806265,-49.59949985093273
2026-04-14T12:04:11.237,4.003560543272528,4.005023956598279,4.004113912827606,4.003578901504213,0.019726888461284186,2.225339545329774,3.1399728739245347,2.5711955172535994,2.2368134401329343,-49.75341389423395
2026-04-14T12:04:11.347,4.003560543272528,4.005023956598279,4.004113912827606,4.003578901504213,0.019726888461284186,2.225339545329774,3.1399728739245347,2.5711955172535994,2.2368134401329343,-49.75341389423395
2026-04-14T12:04:11.456,4.003560543272528,4.005023956598279,4.004113912827606,4.003578901504213,0.019726888461284186,2.225339545329774,3.1399728739245347,2.5711955172535994,2.2368134401329343,-49.75341389423395
2026-04-14T12:04:11.566,4.003429413046206,4.004921675021748,4.003906727070017,4.0040404799008655,0.0242677572842754,2.1433831538786308,3.076046888592643,2.441704418760793,2.525299938040959,-49.69665303394656
2026-04-14T12:04:11.675,4.003429413046206,4.004921675021748,4.003906727070017,4.0040404799008655,0.0242677572842754,2.1433831538786308,3.076046888592643,2.441704418760793,2.525299938040959,-49.69665303394656
2026-04-14T12:04:11.784,4.003429413046206,4.004921675021748,4.003906727070017,4.0040404799008655,0.0242677572842754,2.1433831538786308,3.076046888592643,2.441704418760793,2.525299938040959,-49.69665303394656
2026-04-14T12:04:11.893,4.003206491661459,4.004606962478576,4.0043525698395115,4.003230095102197,0.023744959886891542,2.004057288411687,2.8793515491098987,2.7203561496946804,2.0188094388728928,-49.70318800141386
2026-04-14T12:04:12.000,4.003206491661459,4.004606962478576,4.0043525698395115,4.003230095102197,0.023744959886891542,2.004057288411687,2.8793515491098987,2.7203561496946804,2.0188094388728928,-49.70318800141386
2026-04-14T12:04:12.108,4.003206491661459,4.004606962478576,4.0043525698395115,4.003230095102197,0.023744959886891542,2.004057288411687,2.8793515491098987,2.7203561496946804,2.0188094388728928,-49.70318800141386
2026-04-14T12:04:12.219,4.003353357514939,4.004932165439854,4.004614830292155,4.003633976199268,0.026986303750671452,2.0958484468369676,3.0826033999087343,2.8842689325969673,2.2712351245424145,-49.66267120311661
2026-04-14T12:04:12.327,4.003353357514939,4.004932165439854,4.004614830292155,4.003633976199268,0.026986303750671452,2.0958484468369676,3.0826033999087343,2.8842689325969673,2.2712351245424145,-49.66267120311661
2026-04-14T12:04:12.434,4.003353357514939,4.004932165439854,4.004614830292155,4.003633976199268,0.026986303750671452,2.0958484468369676,3.0826033999087343,2.8842689325969673,2.2712351245424145,-49.66267120311661
2026-04-14T12:04:12.545,4.003258943751987,4.004475832252255,4.004121780641185,4.003376960955677,0.02974468239972532,2.0368398449921443,2.7973951576593103,2.576112900740668,2.1106005972981734,-49.628191470003436
2026-04-14T12:04:12.669,4.003258943751987,4.004475832252255,4.004121780641185,4.003376960955677,0.02974468239972532,2.0368398449921443,2.7973951576593103,2.576112900740668,2.1106005972981734,-49.628191470003436
2026-04-14T12:04:12.793,4.003258943751987,4.004475832252255,4.004121780641185,4.003376960955677,0.02974468239972532,2.0368398449921443,2.7973951576593103,2.576112900740668,2.1106005972981734,-49.628191470003436
2026-04-14T12:04:12.888,4.003814935911592,4.0043709280711965,4.004822016049744,4.003654957035479,0.02924180109367037,2.3843349447449924,2.7318300444978405,3.013760031089774,2.2843481471745974,-49.63447748632912
2026-04-14T12:04:12.997,4.003814935911592,4.0043709280711965,4.004822016049744,4.003654957035479,0.02924180109367037,2.3843349447449924,2.7318300444978405,3.013760031089774,2.2843481471745974,-49.63447748632912
2026-04-14T12:04:13.108,4.003814935911592,4.0043709280711965,4.004822016049744,4.003654957035479,0.02924180109367037,2.3843349447449924,2.7318300444978405,3.013760031089774,2.2843481471745974,-49.63447748632912
2026-04-14T12:04:13.230,4.003526449413684,4.0047249796822655,4.004095554595921,4.003707409126008,0.014713012469231389,2.204030883552477,2.9531123014159277,2.5597216224504393,2.317130703755055,-49.81608734413461
2026-04-14T12:04:13.338,4.003526449413684,4.0047249796822655,4.004095554595921,4.003707409126008,0.014713012469231389,2.204030883552477,2.9531123014159277,2.5597216224504393,2.317130703755055,-49.81608734413461
2026-04-14T12:04:13.434,4.003526449413684,4.0047249796822655,4.004095554595921,4.003707409126008,0.014713012469231389,2.204030883552477,2.9531123014159277,2.5597216224504393,2.317130703755055,-49.81608734413461
2026-04-14T12:04:13.557,4.003083229248716,4.0051577094291275,4.005060673061649,4.0031750204071415,0.02841528330352066,1.9270182804476121,3.223568393204701,3.162920663530855,1.9843877544634125,-49.644808958705994
2026-04-14T12:04:13.665,4.003083229248716,4.0051577094291275,4.005060673061649,4.0031750204071415,0.02841528330352066,1.9270182804476121,3.223568393204701,3.162920663530855,1.9843877544634125,-49.644808958705994
2026-04-14T12:04:13.774,4.003083229248716,4.0051577094291275,4.005060673061649,4.0031750204071415,0.02841528330352066,1.9270182804476121,3.223568393204701,3.162920663530855,1.9843877544634125,-49.644808958705994
2026-04-14T12:04:13.884,4.003484487741261,4.0051577094291275,4.0049715045077505,4.003550052854422,0.028420262326352887,2.177804838288111,3.223568393204701,3.1071903173440774,2.2187830340136827,-49.644746720920594
2026-04-14T12:04:13.993,4.003484487741261,4.0051577094291275,4.0049715045077505,4.003550052854422,0.028420262326352887,2.177804838288111,3.223568393204701,3.1071903173440774,2.2187830340136827,-49.644746720920594
2026-04-14T12:04:14.102,4.003484487741261,4.0051577094291275,4.0049715045077505,4.003550052854422,0.028420262326352887,2.177804838288111,3.223568393204701,3.1071903173440774,2.2187830340136827,-49.644746720920594
2026-04-14T12:04:14.211,4.003652334430953,4.004811525631638,4.004583359037838,4.003544807645369,0.017506244278110854,2.2827090193455746,3.0072035197736824,2.864599398648693,2.215504778355637,-49.781171946523614
2026-04-14T12:04:14.320,4.003652334430953,4.004811525631638,4.004583359037838,4.003544807645369,0.017506244278110854,2.2827090193455746,3.0072035197736824,2.864599398648693,2.215504778355637,-49.781171946523614
2026-04-14T12:04:14.431,4.003652334430953,4.004811525631638,4.004583359037838,4.003544807645369,0.017506244278110854,2.2827090193455746,3.0072035197736824,2.864599398648693,2.215504778355637,-49.781171946523614
2026-04-14T12:04:14.540,4.003576278899686,4.005160332033654,4.004717111868686,4.003214359475038,0.015883082834804784,2.2351743123039114,3.225207521033724,2.948194917928859,2.0089746718987556,-49.80146146456494
2026-04-14T12:04:14.650,4.003576278899686,4.005160332033654,4.004717111868686,4.003214359475038,0.015883082834804784,2.2351743123039114,3.225207521033724,2.948194917928859,2.0089746718987556,-49.80146146456494
2026-04-14T12:04:14.771,4.003576278899686,4.005160332033654,4.004717111868686,4.003214359475038,0.015883082834804784,2.2351743123039114,3.225207521033724,2.948194917928859,2.0089746718987556,-49.80146146456494
2026-04-14T12:04:14.866,4.003736257775799,4.004958391485118,4.00467777280079,4.003001928508397,0.02402378516549626,2.3351611098743064,3.098994678198963,2.923608000493516,1.8762053177479032,-49.6997026854313
2026-04-14T12:04:14.975,4.003736257775799,4.004958391485118,4.00467777280079,4.003001928508397,0.02402378516549626,2.3351611098743064,3.098994678198963,2.923608000493516,1.8762053177479032,-49.6997026854313
2026-04-14T12:04:15.086,4.003736257775799,4.004958391485118,4.00467777280079,4.003001928508397,0.02402378516549626,2.3351611098743064,3.098994678198963,2.923608000493516,1.8762053177479032,-49.6997026854313
2026-04-14T12:04:15.195,4.003311395842516,4.005063295666176,4.004895448976484,4.003531694622737,0.026543170718603227,2.0696224015726017,3.1645597913598777,3.059655610302414,2.2073091392105226,-49.66821036601746
2026-04-14T12:04:15.304,4.003311395842516,4.005063295666176,4.004895448976484,4.003531694622737,0.026543170718603227,2.0696224015726017,3.1645597913598777,3.059655610302414,2.2073091392105226,-49.66821036601746
2026-04-14T12:04:15.413,4.003311395842516,4.005063295666176,4.004895448976484,4.003531694622737,0.026543170718603227,2.0696224015726017,3.1645597913598777,3.059655610302414,2.2073091392105226,-49.66821036601746
2026-04-14T12:04:15.523,4.003639221408321,4.004874468140272,4.004635811128367,4.003395319187362,0.027285045120605086,2.2745133802004602,3.0465425876702312,2.89738195522915,2.1220744921013335,-49.658936935992436
2026-04-14T12:04:15.632,4.003639221408321,4.004874468140272,4.004635811128367,4.003395319187362,0.027285045120605086,2.2745133802004602,3.0465425876702312,2.89738195522915,2.1220744921013335,-49.658936935992436
2026-04-14T12:04:15.741,4.003639221408321,4.004874468140272,4.004635811128367,4.003395319187362,0.027285045120605086,2.2745133802004602,3.0465425876702312,2.89738195522915,2.1220744921013335,-49.658936935992436
2026-04-14T12:04:15.850,4.003492355554841,4.005031824411859,4.0047879221909,4.003560543272528,0.03719827957956945,2.1827222217757347,3.1448902574116033,2.9924513693124766,2.225339545329774,-49.535021505255386
2026-04-14T12:04:15.958,4.003492355554841,4.005031824411859,4.0047879221909,4.003560543272528,0.03719827957956945,2.1827222217757347,3.1448902574116033,2.9924513693124766,2.225339545329774,-49.535021505255386
2026-04-14T12:04:16.068,4.003492355554841,4.005031824411859,4.0047879221909,4.003560543272528,0.03719827957956945,2.1827222217757347,3.1448902574116033,2.9924513693124766,2.225339545329774,-49.535021505255386
2026-04-14T12:04:16.177,4.003348112305886,4.0048272612587965,4.005084276502387,4.00361037275853,0.029630164874584097,2.092570191178922,3.0170382867478196,3.1776728139920607,2.2564829740812087,-49.629622939067694
2026-04-14T12:04:16.285,4.003348112305886,4.0048272612587965,4.005084276502387,4.00361037275853,0.029630164874584097,2.092570191178922,3.0170382867478196,3.1776728139920607,2.2564829740812087,-49.629622939067694
2026-04-14T12:04:16.393,4.003348112305886,4.0048272612587965,4.005084276502387,4.00361037275853,0.029630164874584097,2.092570191178922,3.0170382867478196,3.1776728139920607,2.2564829740812087,-49.629622939067694
2026-04-14T12:04:16.504,4.003355980119466,4.004837751676902,4.004420757557199,4.003759861216538,0.03621741208162069,2.0974875746659905,3.023594798063911,2.762973473249275,2.3499132603360673,-49.54728234897974
2026-04-14T12:04:16.613,4.003355980119466,4.004837751676902,4.004420757557199,4.003759861216538,0.03621741208162069,2.0974875746659905,3.023594798063911,2.762973473249275,2.3499132603360673,-49.54728234897974
2026-04-14T12:04:16.723,4.003355980119466,4.004837751676902,4.004420757557199,4.003759861216538,0.03621741208162069,2.0974875746659905,3.023594798063911,2.762973473249275,2.3499132603360673,-49.54728234897974
2026-04-14T12:04:16.833,4.0031514169664035,4.00486135511764,4.004606962478576,4.003584146713266,0.04677791950877459,1.9696356040022067,3.038346948525117,2.8793515491098987,2.24009169579098,-49.41527600614032
2026-04-14T12:04:16.942,4.0031514169664035,4.00486135511764,4.004606962478576,4.003584146713266,0.04677791950877459,1.9696356040022067,3.038346948525117,2.8793515491098987,2.24009169579098,-49.41527600614032
2026-04-14T12:04:17.052,4.0031514169664035,4.00486135511764,4.004606962478576,4.003584146713266,0.04677791950877459,1.9696356040022067,3.038346948525117,2.8793515491098987,2.24009169579098,-49.41527600614032
2026-04-14T12:04:17.161,4.00352907201821,4.004759073541109,4.005393743836507,4.0032353403112495,0.056427265757630914,2.2056700113814998,2.974420963193225,3.371089897816759,2.0220876945309385,-49.29465917802961
2026-04-14T12:04:17.269,4.00352907201821,4.004759073541109,4.005393743836507,4.0032353403112495,0.056427265757630914,2.2056700113814998,2.974420963193225,3.371089897816759,2.0220876945309385,-49.29465917802961
2026-04-14T12:04:17.378,4.00352907201821,4.004759073541109,4.005393743836507,4.0032353403112495,0.056427265757630914,2.2056700113814998,2.974420963193225,3.371089897816759,2.0220876945309385,-49.29465917802961
2026-04-14T12:04:17.487,4.003825426329698,4.004680395405316,4.004963636694171,4.00326418896104,0.0512640190806113,2.390891456061084,2.925247128322539,3.1022729338570088,2.04011810065019,-49.359199761492356
2026-04-14T12:04:17.596,4.003825426329698,4.004680395405316,4.004963636694171,4.00326418896104,0.0512640190806113,2.390891456061084,2.925247128322539,3.1022729338570088,2.04011810065019,-49.359199761492356
2026-04-14T12:04:17.705,4.003825426329698,4.004680395405316,4.004963636694171,4.00326418896104,0.0512640190806113,2.390891456061084,2.925247128322539,3.1022729338570088,2.04011810065019,-49.359199761492356
2026-04-14T12:04:17.814,4.0039198400926495,4.004900694185537,4.0049951079484885,4.003390073978309,0.04006121770810009,2.449900057905907,3.06293386596046,3.121942467805283,2.1187962364432877,-49.49923477864875
2026-04-14T12:04:17.924,4.0039198400926495,4.004900694185537,4.0049951079484885,4.003390073978309,0.04006121770810009,2.449900057905907,3.06293386596046,3.121942467805283,2.1187962364432877,-49.49923477864875
2026-04-14T12:04:18.032,4.0039198400926495,4.004900694185537,4.0049951079484885,4.003390073978309,0.04006121770810009,2.449900057905907,3.06293386596046,3.121942467805283,2.1187962364432877,-49.49923477864875
2026-04-14T12:04:18.141,4.003521204204631,4.005144596406495,4.004567623410679,4.003135681339245,0.04091263061241094,2.200752627894431,3.2153727540595867,2.8547646316745556,1.9598008370280695,-49.488592117344865
2026-04-14T12:04:18.249,4.003521204204631,4.005144596406495,4.004567623410679,4.003135681339245,0.04091263061241094,2.200752627894431,3.2153727540595867,2.8547646316745556,1.9598008370280695,-49.488592117344865
2026-04-14T12:04:18.358,4.003521204204631,4.005144596406495,4.004567623410679,4.003135681339245,0.04091263061241094,2.200752627894431,3.2153727540595867,2.8547646316745556,1.9598008370280695,-49.488592117344865
2026-04-14T12:04:18.468,4.004205703986031,4.0052599910056585,4.0051996711015505,4.003135681339245,0.02724023391511504,2.6285649912694,3.287494378536593,3.249794438469067,1.9598008370280695,-49.65949707606106
2026-04-14T12:04:18.576,4.004205703986031,4.0052599910056585,4.0051996711015505,4.003135681339245,0.02724023391511504,2.6285649912694,3.287494378536593,3.249794438469067,1.9598008370280695,-49.65949707606106
2026-04-14T12:04:18.700,4.004205703986031,4.0052599910056585,4.0051996711015505,4.003135681339245,0.02724023391511504,2.6285649912694,3.287494378536593,3.249794438469067,1.9598008370280695,-49.65949707606106
2026-04-14T12:04:18.809,4.003437280859785,4.00508952171144,4.004533529551836,4.003460884300523,0.03277690730455169,2.1483005373656994,3.1809510696501064,2.8334559698972583,2.163052687826905,-49.590288658693105
2026-04-14T12:04:18.918,4.003437280859785,4.00508952171144,4.004533529551836,4.003460884300523,0.03277690730455169,2.1483005373656994,3.1809510696501064,2.8334559698972583,2.163052687826905,-49.590288658693105
2026-04-14T12:04:19.026,4.003437280859785,4.00508952171144,4.004533529551836,4.003460884300523,0.03277690730455169,2.1483005373656994,3.1809510696501064,2.8334559698972583,2.163052687826905,-49.590288658693105
2026-04-14T12:04:19.135,4.003434658255259,4.004921675021748,4.005039692225438,4.003657579640006,0.035351062108813155,2.1466614095366765,3.076046888592643,3.149807640898672,2.2859872750036203,-49.55811172363983
2026-04-14T12:04:19.244,4.003434658255259,4.004921675021748,4.005039692225438,4.003657579640006,0.035351062108813155,2.1466614095366765,3.076046888592643,3.149807640898672,2.2859872750036203,-49.55811172363983
2026-04-14T12:04:19.353,4.003434658255259,4.004921675021748,4.005039692225438,4.003657579640006,0.035351062108813155,2.1466614095366765,3.076046888592643,3.149807640898672,2.2859872750036203,-49.55811172363983
2026-04-14T12:04:19.463,4.003282547192725,4.0049111846036425,4.005000353157541,4.003458261695997,0.04275486906033501,2.05159199545335,3.0694903772765514,3.125220723463329,2.1614135599978823,-49.46556413674581
2026-04-14T12:04:19.572,4.003282547192725,4.0049111846036425,4.005000353157541,4.003458261695997,0.04275486906033501,2.05159199545335,3.0694903772765514,3.125220723463329,2.1614135599978823,-49.46556413674581
2026-04-14T12:04:19.681,4.003282547192725,4.0049111846036425,4.005000353157541,4.003458261695997,0.04275486906033501,2.05159199545335,3.0694903772765514,3.125220723463329,2.1614135599978823,-49.46556413674581
2026-04-14T12:04:19.791,4.004024744273707,4.005149841615548,4.004730224891318,4.003484487741261,0.04077819699594081,2.515465171066822,3.2186510097176324,2.9563905570739735,2.177804838288111,-49.49027253755074
2026-04-14T12:04:19.900,4.004024744273707,4.005149841615548,4.004730224891318,4.003484487741261,0.04077819699594081,2.515465171066822,3.2186510097176324,2.9563905570739735,2.177804838288111,-49.49027253755074
2026-04-14T12:04:20.008,4.004024744273707,4.005149841615548,4.004730224891318,4.003484487741261,0.04077819699594081,2.515465171066822,3.2186510097176324,2.9563905570739735,2.177804838288111,-49.49027253755074
2026-04-14T12:04:20.119,4.0040824415732885,4.005254745796606,4.004753828332056,4.003620863176636,0.026319114691153004,2.551525983305325,3.284216122878547,2.9711427075351793,2.2630394853973,-49.671011066360585
2026-04-14T12:04:20.227,4.0040824415732885,4.005254745796606,4.004753828332056,4.003620863176636,0.026319114691153004,2.551525983305325,3.284216122878547,2.9711427075351793,2.2630394853973,-49.671011066360585
2026-04-14T12:04:20.338,4.0040824415732885,4.005254745796606,4.004753828332056,4.003620863176636,0.026319114691153004,2.551525983305325,3.284216122878547,2.9711427075351793,2.2630394853973,-49.671011066360585
2026-04-14T12:04:20.448,4.003248453333882,4.0050160887847,4.00466990498721,4.003623485781162,0.03542076842846434,2.030283333676053,3.135055490437466,2.9186906170064475,2.264678613226323,-49.5572403946442
2026-04-14T12:04:20.558,4.003248453333882,4.0050160887847,4.00466990498721,4.003623485781162,0.03542076842846434,2.030283333676053,3.135055490437466,2.9186906170064475,2.264678613226323,-49.5572403946442
2026-04-14T12:04:20.667,4.003248453333882,4.0050160887847,4.00466990498721,4.003623485781162,0.03542076842846434,2.030283333676053,3.135055490437466,2.9186906170064475,2.264678613226323,-49.5572403946442
2026-04-14T12:04:20.775,4.004074573759709,4.005039692225438,4.004502058297518,4.003468752114102,0.021997322872779793,2.5466085998182564,3.149807640898672,2.813786435948984,2.167970071313974,-49.72503346409025
2026-04-14T12:04:20.885,4.004074573759709,4.005039692225438,4.004502058297518,4.003468752114102,0.021997322872779793,2.5466085998182564,3.149807640898672,2.813786435948984,2.167970071313974,-49.72503346409025
2026-04-14T12:04:20.994,4.004074573759709,4.005039692225438,4.004502058297518,4.003468752114102,0.021997322872779793,2.5466085998182564,3.149807640898672,2.813786435948984,2.167970071313974,-49.72503346409025
2026-04-14T12:04:21.101,4.00353693983179,4.005092144315967,4.004612207687629,4.003817558516118,0.015285600094937518,2.2105873948685684,3.1825901974791293,2.8826298047679444,2.3859740725740153,-49.80892999881328
2026-04-14T12:04:21.210,4.00353693983179,4.005092144315967,4.004612207687629,4.003817558516118,0.015285600094937518,2.2105873948685684,3.1825901974791293,2.8826298047679444,2.3859740725740153,-49.80892999881328
2026-04-14T12:04:21.319,4.00353693983179,4.005092144315967,4.004612207687629,4.003817558516118,0.015285600094937518,2.2105873948685684,3.1825901974791293,2.8826298047679444,2.3859740725740153,-49.80892999881328
2026-04-14T12:04:21.425,4.003526449413684,4.004903316790063,4.0047879221909,4.003384828769256,0.024790554681659256,2.204030883552477,3.064572993789483,2.9924513693124766,2.115517980785242,-49.69011806647926
2026-04-14T12:04:21.534,4.003526449413684,4.004903316790063,4.0047879221909,4.003384828769256,0.024790554681659256,2.204030883552477,3.064572993789483,2.9924513693124766,2.115517980785242,-49.69011806647926
2026-04-14T12:04:21.644,4.003526449413684,4.004903316790063,4.0047879221909,4.003384828769256,0.024790554681659256,2.204030883552477,3.064572993789483,2.9924513693124766,2.115517980785242,-49.69011806647926
2026-04-14T12:04:21.753,4.003256321147461,4.004525661738256,4.0048089030271115,4.003639221408321,0.028654276399467563,2.0352007171631215,2.8285385864101897,3.0055643919446595,2.2745133802004602,-49.64182154500666
2026-04-14T12:04:21.864,4.003256321147461,4.004525661738256,4.0048089030271115,4.003639221408321,0.028654276399467563,2.0352007171631215,2.8285385864101897,3.0055643919446595,2.2745133802004602,-49.64182154500666
2026-04-14T12:04:21.973,4.003256321147461,4.004525661738256,4.0048089030271115,4.003639221408321,0.028654276399467563,2.0352007171631215,2.8285385864101897,3.0055643919446595,2.2745133802004602,-49.64182154500666
2026-04-14T12:04:22.082,4.003468752114102,4.004688263218895,4.0041847231498195,4.003411054814521,0.026458527330455367,2.167970071313974,2.9301645118096076,2.615451968637217,2.1319092590754707,-49.66926840836931
2026-04-14T12:04:22.191,4.003468752114102,4.004688263218895,4.0041847231498195,4.003411054814521,0.026458527330455367,2.167970071313974,2.9301645118096076,2.615451968637217,2.1319092590754707,-49.66926840836931
2026-04-14T12:04:22.300,4.003468752114102,4.004688263218895,4.0041847231498195,4.003411054814521,0.026458527330455367,2.167970071313974,2.9301645118096076,2.615451968637217,2.1319092590754707,-49.66926840836931
2026-04-14T12:04:22.408,4.003327131469675,4.0049111846036425,4.004588604246891,4.003620863176636,0.021753350754000658,2.079457168546739,3.0694903772765514,2.8678776543067386,2.2630394853973,-49.72808311557499
2026-04-14T12:04:22.517,4.003327131469675,4.0049111846036425,4.004588604246891,4.003620863176636,0.021753350754000658,2.079457168546739,3.0694903772765514,2.8678776543067386,2.2630394853973,-49.72808311557499
2026-04-14T12:04:22.627,4.003327131469675,4.0049111846036425,4.004588604246891,4.003620863176636,0.021753350754000658,2.079457168546739,3.0694903772765514,2.8678776543067386,2.2630394853973,-49.72808311557499
2026-04-14T12:04:22.735,4.003851652374962,4.004360437653091,4.004879713349325,4.003471374718629,0.027374667531585174,2.4072827343513126,2.725273533181749,3.049820843328277,2.1696091991429967,-49.657816655855186
2026-04-14T12:04:22.844,4.003851652374962,4.004360437653091,4.004879713349325,4.003471374718629,0.027374667531585174,2.4072827343513126,2.725273533181749,3.049820843328277,2.1696091991429967,-49.657816655855186
2026-04-14T12:04:22.969,4.003851652374962,4.004360437653091,4.004879713349325,4.003471374718629,0.027374667531585174,2.4072827343513126,2.725273533181749,3.049820843328277,2.1696091991429967,-49.657816655855186
2026-04-14T12:04:23.063,4.003185510825247,4.004646301546472,4.004612207687629,4.003332376678728,0.027822779586485623,1.990944265779504,2.9039384665452417,2.8826298047679444,2.0827354242047846,-49.65221525516893
2026-04-14T12:04:23.172,4.003185510825247,4.004646301546472,4.004612207687629,4.003332376678728,0.027822779586485623,1.990944265779504,2.9039384665452417,2.8826298047679444,2.0827354242047846,-49.65221525516893
2026-04-14T12:04:23.282,4.003185510825247,4.004646301546472,4.004612207687629,4.003332376678728,0.027822779586485623,1.990944265779504,2.9039384665452417,2.8826298047679444,2.0827354242047846,-49.65221525516893
2026-04-14T12:04:23.390,4.003106832689454,4.004698753637001,4.004635811128367,4.0034818651367345,0.018512006890220745,1.941770430908818,2.936721023125699,2.89738195522915,2.176165710459088,-49.768599913872244
2026-04-14T12:04:23.500,4.003106832689454,4.004698753637001,4.004635811128367,4.0034818651367345,0.018512006890220745,1.941770430908818,2.936721023125699,2.89738195522915,2.176165710459088,-49.768599913872244
2026-04-14T12:04:23.610,4.003106832689454,4.004698753637001,4.004635811128367,4.0034818651367345,0.018512006890220745,1.941770430908818,2.936721023125699,2.89738195522915,2.176165710459088,-49.768599913872244
2026-04-14T12:04:23.719,4.003665447453585,4.004667282382684,4.004583359037838,4.00330090542441,0.009733989637004186,2.290904658490689,2.9170514891774246,2.864599398648693,2.06306589025651,-49.87832512953745
2026-04-14T12:04:23.829,4.003665447453585,4.004667282382684,4.004583359037838,4.00330090542441,0.009733989637004186,2.290904658490689,2.9170514891774246,2.864599398648693,2.06306589025651,-49.87832512953745
2026-04-14T12:04:23.938,4.003665447453585,4.004667282382684,4.004583359037838,4.00330090542441,0.009733989637004186,2.290904658490689,2.9170514891774246,2.864599398648693,2.06306589025651,-49.87832512953745
2026-04-14T12:04:24.048,4.004074573759709,4.004722357077739,4.004321098585194,4.003623485781162,0.019841405986425413,2.5466085998182564,2.951473173586905,2.700686615746406,2.264678613226323,-49.751982425169686
2026-04-14T12:04:24.157,4.004074573759709,4.004722357077739,4.004321098585194,4.003623485781162,0.019841405986425413,2.5466085998182564,2.951473173586905,2.700686615746406,2.264678613226323,-49.751982425169686
2026-04-14T12:04:24.267,4.004074573759709,4.004722357077739,4.004321098585194,4.003623485781162,0.019841405986425413,2.5466085998182564,2.951473173586905,2.700686615746406,2.264678613226323,-49.751982425169686
2026-04-14T12:04:24.375,4.00375723861201,4.004627943314787,4.004651546755525,4.003534317227263,0.026428653193462003,2.3482741325064893,2.8924645717420816,2.9072167222032874,2.2089482670395455,-49.66964183508173
2026-04-14T12:04:24.483,4.00375723861201,4.004627943314787,4.004651546755525,4.003534317227263,0.026428653193462003,2.3482741325064893,2.8924645717420816,2.9072167222032874,2.2089482670395455,-49.66964183508173
2026-04-14T12:04:24.594,4.00375723861201,4.004627943314787,4.004651546755525,4.003534317227263,0.026428653193462003,2.3482741325064893,2.8924645717420816,2.9072167222032874,2.2089482670395455,-49.66964183508173
2026-04-14T12:04:24.705,4.003623485781162,4.0048770907448,4.004195213567925,4.003397941791889,0.015863166743475876,2.264678613226323,3.048181715499809,2.6220084799533083,2.1237136199303563,-49.80171041570655
2026-04-14T12:04:24.813,4.003623485781162,4.0048770907448,4.004195213567925,4.003397941791889,0.015863166743475876,2.264678613226323,3.048181715499809,2.6220084799533083,2.1237136199303563,-49.80171041570655
2026-04-14T12:04:24.922,4.003623485781162,4.0048770907448,4.004195213567925,4.003397941791889,0.015863166743475876,2.264678613226323,3.048181715499809,2.6220084799533083,2.1237136199303563,-49.80171041570655
2026-04-14T12:04:25.031,4.003453016486944,4.004871845535746,4.004137516268344,4.003738880380325,0.005596421663423379,2.1581353043398366,3.0449034598412084,2.585947667714805,2.3368002377033292,-49.930044729207204
2026-04-14T12:04:25.139,4.003453016486944,4.004871845535746,4.004137516268344,4.003738880380325,0.005596421663423379,2.1581353043398366,3.0449034598412084,2.585947667714805,2.3368002377033292,-49.930044729207204
2026-04-14T12:04:25.248,4.003453016486944,4.004871845535746,4.004137516268344,4.003738880380325,0.005596421663423379,2.1581353043398366,3.0449034598412084,2.585947667714805,2.3368002377033292,-49.930044729207204
2026-04-14T12:04:25.357,4.003025531949135,4.0049111846036425,4.004161119709082,4.0031907560343,0.021046329511824398,1.890957468209109,3.0694903772765514,2.600699818176011,1.9942225214375497,-49.73692088110219
2026-04-14T12:04:25.466,4.003025531949135,4.0049111846036425,4.004161119709082,4.0031907560343,0.021046329511824398,1.890957468209109,3.0694903772765514,2.600699818176011,1.9942225214375497,-49.73692088110219
2026-04-14T12:04:25.575,4.003025531949135,4.0049111846036425,4.004161119709082,4.0031907560343,0.021046329511824398,1.890957468209109,3.0694903772765514,2.600699818176011,1.9942225214375497,-49.73692088110219
2026-04-14T12:04:25.685,4.003303528028937,4.0047249796822655,4.004035234691813,4.003707409126008,0.0191991120410681,2.064705018085533,2.9531123014159277,2.5220216823829134,2.317130703755055,-49.760011099486654
2026-04-14T12:04:25.807,4.003303528028937,4.0047249796822655,4.004035234691813,4.003707409126008,0.0191991120410681,2.064705018085533,2.9531123014159277,2.5220216823829134,2.317130703755055,-49.760011099486654
2026-04-14T12:04:25.916,4.003303528028937,4.0047249796822655,4.004035234691813,4.003707409126008,0.0191991120410681,2.064705018085533,2.9531123014159277,2.5220216823829134,2.317130703755055,-49.760011099486654
2026-04-14T12:04:26.024,4.003243208124829,4.004816770840691,4.004307985562562,4.0033192636560955,0.007583051773482033,2.027005078018007,3.010481775431728,2.6924909766012917,2.0745397850596703,-49.90521185283148
2026-04-14T12:04:26.134,4.003243208124829,4.004816770840691,4.004307985562562,4.0033192636560955,0.007583051773482033,2.027005078018007,3.010481775431728,2.6924909766012917,2.0745397850596703,-49.90521185283148
2026-04-14T12:04:26.242,4.003243208124829,4.004816770840691,4.004307985562562,4.0033192636560955,0.007583051773482033,2.027005078018007,3.010481775431728,2.6924909766012917,2.0745397850596703,-49.90521185283148
2026-04-14T12:04:26.350,4.00380182288896,4.005094766920493,4.004460096625095,4.003253698542935,0.010376283582361496,2.376139305599878,3.184229325308152,2.787560390684618,2.0335615893340986,-49.87029645522048
2026-04-14T12:04:26.458,4.00380182288896,4.005094766920493,4.004460096625095,4.003253698542935,0.010376283582361496,2.376139305599878,3.184229325308152,2.787560390684618,2.0335615893340986,-49.87029645522048
2026-04-14T12:04:26.568,4.00380182288896,4.005094766920493,4.004460096625095,4.003253698542935,0.010376283582361496,2.376139305599878,3.184229325308152,2.787560390684618,2.0335615893340986,-49.87029645522048
2026-04-14T12:04:26.678,4.003631353594741,4.004908561999116,4.004077196364236,4.002996683299344,0.028231059458728253,2.2695959967133916,3.0678512494475285,2.5482477276472792,1.8729270620898575,-49.6471117567659
2026-04-14T12:04:26.785,4.003631353594741,4.004908561999116,4.004077196364236,4.002996683299344,0.028231059458728253,2.2695959967133916,3.0678512494475285,2.5482477276472792,1.8729270620898575,-49.6471117567659
2026-04-14T12:04:26.893,4.003631353594741,4.004908561999116,4.004077196364236,4.002996683299344,0.028231059458728253,2.2695959967133916,3.0678512494475285,2.5482477276472792,1.8729270620898575,-49.6471117567659
2026-04-14T12:04:27.002,4.003657579640006,4.0048036578180595,4.0045571329925735,4.0033192636560955,0.027444373851236353,2.2859872750036203,3.002286136287169,2.848208120358464,2.0745397850596703,-49.65694532685955
2026-04-14T12:04:27.111,4.003657579640006,4.0048036578180595,4.0045571329925735,4.0033192636560955,0.027444373851236353,2.2859872750036203,3.002286136287169,2.848208120358464,2.0745397850596703,-49.65694532685955
2026-04-14T12:04:27.222,4.003657579640006,4.0048036578180595,4.0045571329925735,4.0033192636560955,0.027444373851236353,2.2859872750036203,3.002286136287169,2.848208120358464,2.0745397850596703,-49.65694532685955
2026-04-14T12:04:27.331,4.003033399762714,4.0051157477567045,4.004491567879413,4.003828048934224,0.027867590791975667,1.8958748516961776,3.197342347940335,2.8072299246328924,2.3925305838901068,-49.651655115100304
2026-04-14T12:04:27.438,4.003033399762714,4.0051157477567045,4.004491567879413,4.003828048934224,0.027867590791975667,1.8958748516961776,3.197342347940335,2.8072299246328924,2.3925305838901068,-49.651655115100304
2026-04-14T12:04:27.548,4.003033399762714,4.0051157477567045,4.004491567879413,4.003828048934224,0.027867590791975667,1.8958748516961776,3.197342347940335,2.8072299246328924,2.3925305838901068,-49.651655115100304
2026-04-14T12:04:27.672,4.003589391922318,4.005128860779337,4.0043315890033,4.003778219448222,0.02974468239972532,2.2433699514490257,3.2055379870854495,2.7072431270624975,2.3613871551386723,-49.628191470003436
2026-04-14T12:04:27.766,4.003589391922318,4.005128860779337,4.0043315890033,4.003778219448222,0.02974468239972532,2.2433699514490257,3.2055379870854495,2.7072431270624975,2.3613871551386723,-49.628191470003436
2026-04-14T12:04:27.875,4.003589391922318,4.005128860779337,4.0043315890033,4.003778219448222,0.02974468239972532,2.2433699514490257,3.2055379870854495,2.7072431270624975,2.3613871551386723,-49.628191470003436
2026-04-14T12:04:27.984,4.004134893663817,4.0052442553785,4.004601717269523,4.003484487741261,0.02444202308340335,2.5843085398857824,3.2776596115624557,2.876073293451853,2.177804838288111,-49.69447471145746
2026-04-14T12:04:28.092,4.004134893663817,4.0052442553785,4.004601717269523,4.003484487741261,0.02444202308340335,2.5843085398857824,3.2776596115624557,2.876073293451853,2.177804838288111,-49.69447471145746
2026-04-14T12:04:28.202,4.004134893663817,4.0052442553785,4.004601717269523,4.003484487741261,0.02444202308340335,2.5843085398857824,3.2776596115624557,2.876073293451853,2.177804838288111,-49.69447471145746
2026-04-14T12:04:28.313,4.003843784561383,4.004798412609006,4.004457474020569,4.003657579640006,0.020827252507206396,2.402365350864244,2.999007880628568,2.785921262855595,2.2859872750036203,-49.73965934365992
2026-04-14T12:04:28.422,4.003843784561383,4.004798412609006,4.004457474020569,4.003657579640006,0.020827252507206396,2.402365350864244,2.999007880628568,2.785921262855595,2.2859872750036203,-49.73965934365992
2026-04-14T12:04:28.530,4.003843784561383,4.004798412609006,4.004457474020569,4.003657579640006,0.020827252507206396,2.402365350864244,2.999007880628568,2.785921262855595,2.2859872750036203,-49.73965934365992
2026-04-14T12:04:28.640,4.003214359475038,4.004853487304061,4.004197836172452,4.003201246452406,0.020374161429473722,2.0089746718987556,3.0334295650380483,2.623647607782331,2.000779032753641,-49.745322982131576
2026-04-14T12:04:28.750,4.003214359475038,4.004853487304061,4.004197836172452,4.003201246452406,0.020374161429473722,2.0089746718987556,3.0334295650380483,2.623647607782331,2.000779032753641,-49.745322982131576
2026-04-14T12:04:28.860,4.003214359475038,4.004853487304061,4.004197836172452,4.003201246452406,0.020374161429473722,2.0089746718987556,3.0334295650380483,2.623647607782331,2.000779032753641,-49.745322982131576
2026-04-14T12:04:28.969,4.00352907201821,4.004672527591737,4.004924297626275,4.003479242532208,0.010470885016173812,2.2056700113814998,2.9203297448354704,3.0776860164216657,2.1745265826300653,-49.869113937297826
2026-04-14T12:04:29.077,4.00352907201821,4.004672527591737,4.004924297626275,4.003479242532208,0.010470885016173812,2.2056700113814998,2.9203297448354704,3.0776860164216657,2.1745265826300653,-49.869113937297826
2026-04-14T12:04:29.187,4.00352907201821,4.004672527591737,4.004924297626275,4.003479242532208,0.010470885016173812,2.2056700113814998,2.9203297448354704,3.0776860164216657,2.1745265826300653,-49.869113937297826
2026-04-14T12:04:29.309,4.003539562436316,4.004780054377321,4.005128860779337,4.003358602723992,0.015509656122387744,2.2122265226975912,2.987533985825408,3.2055379870854495,2.0991267024950133,-49.806129298470154
2026-04-14T12:04:29.417,4.003539562436316,4.004780054377321,4.005128860779337,4.003358602723992,0.015509656122387744,2.2122265226975912,2.987533985825408,3.2055379870854495,2.0991267024950133,-49.806129298470154
2026-04-14T12:04:29.525,4.003539562436316,4.004780054377321,4.005128860779337,4.003358602723992,0.015509656122387744,2.2122265226975912,2.987533985825408,3.2055379870854495,2.0991267024950133,-49.806129298470154
2026-04-14T12:04:29.634,4.003447771277891,4.00482463865427,4.004937410648908,4.003665447453585,0.02162389616036275,2.154857048681791,3.0153991589187967,3.085881655567335,2.290904658490689,-49.72970129799547
2026-04-14T12:04:29.742,4.003447771277891,4.00482463865427,4.004937410648908,4.003665447453585,0.02162389616036275,2.154857048681791,3.0153991589187967,3.085881655567335,2.290904658490689,-49.72970129799547
2026-04-14T12:04:29.851,4.003447771277891,4.00482463865427,4.004937410648908,4.003665447453585,0.02162389616036275,2.154857048681791,3.0153991589187967,3.085881655567335,2.290904658490689,-49.72970129799547
2026-04-14T12:04:29.960,4.003177643011668,4.005296707469029,4.00475120572753,4.00327205677462,0.025940708955903738,1.9860268822924354,3.310442168142913,2.9695035797061564,2.0450354841372587,-49.67574113805121
2026-04-14T12:04:30.069,4.003177643011668,4.005296707469029,4.00475120572753,4.00327205677462,0.025940708955903738,1.9860268822924354,3.310442168142913,2.9695035797061564,2.0450354841372587,-49.67574113805121
2026-04-14T12:04:30.178,4.003177643011668,4.005296707469029,4.00475120572753,4.00327205677462,0.025940708955903738,1.9860268822924354,3.310442168142913,2.9695035797061564,2.0450354841372587,-49.67574113805121
2026-04-14T12:04:30.288,4.003620863176636,4.00470662145058,4.004740715309424,4.0032956602153575,0.03930440623760156,2.2630394853973,2.9416384066127677,2.962947068390065,2.0597876345984645,-49.50869492202998
2026-04-14T12:04:30.396,4.003620863176636,4.00470662145058,4.004740715309424,4.0032956602153575,0.03930440623760156,2.2630394853973,2.9416384066127677,2.962947068390065,2.0597876345984645,-49.50869492202998
2026-04-14T12:04:30.505,4.003620863176636,4.00470662145058,4.004740715309424,4.0032956602153575,0.03930440623760156,2.2630394853973,2.9416384066127677,2.962947068390065,2.0597876345984645,-49.50869492202998
2026-04-14T12:04:30.615,4.003405809605468,4.004790544795426,4.004919052417222,4.003327131469675,0.03711861521425382,2.128631003417425,2.9940904971414994,3.07440776076362,2.079457168546739,-49.53601730982183
2026-04-14T12:04:30.724,4.003405809605468,4.004790544795426,4.004919052417222,4.003327131469675,0.03711861521425382,2.128631003417425,2.9940904971414994,3.07440776076362,2.079457168546739,-49.53601730982183
2026-04-14T12:04:30.833,4.003405809605468,4.004790544795426,4.004919052417222,4.003327131469675,0.03711861521425382,2.128631003417425,2.9940904971414994,3.07440776076362,2.079457168546739,-49.53601730982183
2026-04-14T12:04:30.935,4.003560543272528,4.005008220971121,4.004620075501208,4.003135681339245,0.03383246014498386,2.225339545329774,3.1301381069503975,2.887547188255013,1.9598008370280695,-49.577094248187706
2026-04-14T12:04:31.048,4.003560543272528,4.005008220971121,4.004620075501208,4.003135681339245,0.03383246014498386,2.225339545329774,3.1301381069503975,2.887547188255013,1.9598008370280695,-49.577094248187706
2026-04-14T12:04:31.161,4.003560543272528,4.005008220971121,4.004620075501208,4.003135681339245,0.03383246014498386,2.225339545329774,3.1301381069503975,2.887547188255013,1.9598008370280695,-49.577094248187706
2026-04-14T12:04:31.272,4.003350734910413,4.005254745796606,4.004617452896682,4.003164529989037,0.0334391173412379,2.0942093190079447,3.284216122878547,2.88590806042599,1.9778312431478762,-49.58201103323452
2026-04-14T12:04:31.374,4.003350734910413,4.005254745796606,4.004617452896682,4.003164529989037,0.0334391173412379,2.0942093190079447,3.284216122878547,2.88590806042599,1.9778312431478762,-49.58201103323452
2026-04-14T12:04:31.489,4.003350734910413,4.005254745796606,4.004617452896682,4.003164529989037,0.0334391173412379,2.0942093190079447,3.284216122878547,2.88590806042599,1.9778312431478762,-49.58201103323452
2026-04-14T12:04:31.598,4.00345563909147,4.005417347277245,4.0046226981057345,4.002959966835974,0.02566686270013124,2.1597744321688594,3.385842048277965,2.889186316084036,1.8499792724835373,-49.67916421624836
2026-04-14T12:04:31.707,4.00345563909147,4.005417347277245,4.0046226981057345,4.002959966835974,0.02566686270013124,2.1597744321688594,3.385842048277965,2.889186316084036,1.8499792724835373,-49.67916421624836
2026-04-14T12:04:31.817,4.00345563909147,4.005417347277245,4.0046226981057345,4.002959966835974,0.02566686270013124,2.1597744321688594,3.385842048277965,2.889186316084036,1.8499792724835373,-49.67916421624836
2026-04-14T12:04:31.927,4.003426790441679,4.004578113828785,4.004509926111098,4.003738880380325,0.022311001311210107,2.141744026049608,2.861321142990647,2.8187038194360525,2.3368002377033292,-49.72111248360987
2026-04-14T12:04:32.035,4.003426790441679,4.004578113828785,4.004509926111098,4.003738880380325,0.022311001311210107,2.141744026049608,2.861321142990647,2.8187038194360525,2.3368002377033292,-49.72111248360987
2026-04-14T12:04:32.143,4.003426790441679,4.004578113828785,4.004509926111098,4.003738880380325,0.022311001311210107,2.141744026049608,2.861321142990647,2.8187038194360525,2.3368002377033292,-49.72111248360987
2026-04-14T12:04:32.253,4.003479242532208,4.005094766920493,4.0047879221909,4.0037100317305345,0.025731589996950195,2.1745265826300653,3.184229325308152,2.9924513693124766,2.3187698315840777,-49.678355125038124
2026-04-14T12:04:32.361,4.003479242532208,4.005094766920493,4.0047879221909,4.0037100317305345,0.025731589996950195,2.1745265826300653,3.184229325308152,2.9924513693124766,2.3187698315840777,-49.678355125038124
2026-04-14T12:04:32.470,4.003479242532208,4.005094766920493,4.0047879221909,4.0037100317305345,0.025731589996950195,2.1745265826300653,3.184229325308152,2.9924513693124766,2.3187698315840777,-49.678355125038124
2026-04-14T12:04:32.580,4.0036470892219,4.005189180683445,4.004947901067013,4.003744125589378,0.027887506883304575,2.279430763687529,3.2432379271529754,3.0924381668828715,2.340078493361375,-49.6514061639587
2026-04-14T12:04:32.689,4.0036470892219,4.005189180683445,4.004947901067013,4.003744125589378,0.027887506883304575,2.279430763687529,3.2432379271529754,3.0924381668828715,2.340078493361375,-49.6514061639587
2026-04-14T12:04:32.812,4.0036470892219,4.005189180683445,4.004947901067013,4.003744125589378,0.027887506883304575,2.279430763687529,3.2432379271529754,3.0924381668828715,2.340078493361375,-49.6514061639587
2026-04-14T12:04:32.906,4.003772974239169,4.005336046536925,4.004266023890139,4.00350022336842,0.018935223830960062,2.3581088994806265,3.335029085578256,2.6662649313369258,2.187639605262248,-49.763309702113
2026-04-14T12:04:33.015,4.003772974239169,4.005336046536925,4.004266023890139,4.00350022336842,0.018935223830960062,2.3581088994806265,3.335029085578256,2.6662649313369258,2.187639605262248,-49.763309702113
2026-04-14T12:04:33.124,4.003772974239169,4.005336046536925,4.004266023890139,4.00350022336842,0.018935223830960062,2.3581088994806265,3.335029085578256,2.6662649313369258,2.187639605262248,-49.763309702113
2026-04-14T12:04:33.233,4.0031514169664035,4.005320310909767,4.0043945315119345,4.003526449413684,0.01788962903619235,1.9696356040022067,3.325194318604119,2.7465821949590463,2.204030883552477,-49.7763796370476
2026-04-14T12:04:33.341,4.0031514169664035,4.005320310909767,4.0043945315119345,4.003526449413684,0.01788962903619235,1.9696356040022067,3.325194318604119,2.7465821949590463,2.204030883552477,-49.7763796370476
2026-04-14T12:04:33.452,4.0031514169664035,4.005320310909767,4.0043945315119345,4.003526449413684,0.01788962903619235,1.9696356040022067,3.325194318604119,2.7465821949590463,2.204030883552477,-49.7763796370476
2026-04-14T12:04:33.562,4.004189968358872,4.00517082245176,4.004515171320151,4.00326418896104,0.023725043795562634,2.6187302242952626,3.2317640323498154,2.8219820750940983,2.04011810065019,-49.70343695255547
2026-04-14T12:04:33.672,4.004189968358872,4.00517082245176,4.004515171320151,4.00326418896104,0.023725043795562634,2.6187302242952626,3.2317640323498154,2.8219820750940983,2.04011810065019,-49.70343695255547
2026-04-14T12:04:33.781,4.004189968358872,4.00517082245176,4.004515171320151,4.00326418896104,0.023725043795562634,2.6187302242952626,3.2317640323498154,2.8219820750940983,2.04011810065019,-49.70343695255547
2026-04-14T12:04:33.891,4.003059625807978,4.005333423932399,4.0045387747608885,4.003888368838332,0.016385964140859733,1.9122661299864063,3.333389957749233,2.836734225555304,2.4302305239576327,-49.795175448239256
2026-04-14T12:04:33.998,4.003059625807978,4.005333423932399,4.0045387747608885,4.003888368838332,0.016385964140859733,1.9122661299864063,3.333389957749233,2.836734225555304,2.4302305239576327,-49.795175448239256
2026-04-14T12:04:34.122,4.003059625807978,4.005333423932399,4.0045387747608885,4.003888368838332,0.016385964140859733,1.9122661299864063,3.333389957749233,2.836734225555304,2.4302305239576327,-49.795175448239256
2026-04-14T12:04:34.231,4.003447771277891,4.00517082245176,4.004672527591737,4.003476619927682,0.008160618422020389,2.154857048681791,3.2317640323498154,2.9203297448354704,2.1728874548010424,-49.897992269724746
2026-04-14T12:04:34.325,4.003447771277891,4.00517082245176,4.004672527591737,4.003476619927682,0.008160618422020389,2.154857048681791,3.2317640323498154,2.9203297448354704,2.1728874548010424,-49.897992269724746
2026-04-14T12:04:34.447,4.003447771277891,4.00517082245176,4.004672527591737,4.003476619927682,0.008160618422020389,2.154857048681791,3.2317640323498154,2.9203297448354704,2.1728874548010424,-49.897992269724746
2026-04-14T12:04:34.548,4.003327131469675,4.005149841615548,4.004342079421406,4.003106832689454,0.01332386509904,2.079457168546739,3.2186510097176324,2.713799638378589,1.941770430908818,-49.833451686261995
2026-04-14T12:04:34.661,4.003327131469675,4.005149841615548,4.004342079421406,4.003106832689454,0.01332386509904,2.079457168546739,3.2186510097176324,2.713799638378589,1.941770430908818,-49.833451686261995
2026-04-14T12:04:34.774,4.003327131469675,4.005149841615548,4.004342079421406,4.003106832689454,0.01332386509904,2.079457168546739,3.2186510097176324,2.713799638378589,1.941770430908818,-49.833451686261995
2026-04-14T12:04:34.884,4.0031907560343,4.0053858760229275,4.0049295428353275,4.003654957035479,0.008464338814786249,1.9942225214375497,3.3661725143296906,3.0809642720797115,2.2843481471745974,-49.89419576481517
2026-04-14T12:04:34.995,4.0031907560343,4.0053858760229275,4.0049295428353275,4.003654957035479,0.008464338814786249,1.9942225214375497,3.3661725143296906,3.0809642720797115,2.2843481471745974,-49.89419576481517
2026-04-14T12:04:35.104,4.0031907560343,4.0053858760229275,4.0049295428353275,4.003654957035479,0.008464338814786249,1.9942225214375497,3.3661725143296906,3.0809642720797115,2.2843481471745974,-49.89419576481517
2026-04-14T12:04:35.211,4.0040404799008655,4.005131483383864,4.004428625370778,4.003314018447043,0.0061241980836394625,2.525299938040959,3.2071771149150274,2.7678908567363436,2.0712615294016246,-49.92344752395451
2026-04-14T12:04:35.322,4.0040404799008655,4.005131483383864,4.004428625370778,4.003314018447043,0.0061241980836394625,2.525299938040959,3.2071771149150274,2.7678908567363436,2.0712615294016246,-49.92344752395451
2026-04-14T12:04:35.432,4.0040404799008655,4.005131483383864,4.004428625370778,4.003314018447043,0.0061241980836394625,2.525299938040959,3.2071771149150274,2.7678908567363436,2.0712615294016246,-49.92344752395451
2026-04-14T12:04:35.538,4.003219604684091,4.005535364480934,4.0040824415732885,4.003618240572109,0.003968281197285083,2.0122529275568013,3.459602800583994,2.551525983305325,2.2614003575682773,-49.950396485033934
2026-04-14T12:04:35.649,4.003219604684091,4.005535364480934,4.0040824415732885,4.003618240572109,0.003968281197285083,2.0122529275568013,3.459602800583994,2.551525983305325,2.2614003575682773,-49.950396485033934
2026-04-14T12:04:35.758,4.003219604684091,4.005535364480934,4.0040824415732885,4.003618240572109,0.003968281197285083,2.0122529275568013,3.459602800583994,2.551525983305325,2.2614003575682773,-49.950396485033934
2026-04-14T12:04:35.867,4.003353357514939,4.005204916310604,4.0040640833416035,4.00322747249767,0.005601400686255606,2.0958484468369676,3.2530726941276678,2.540052088502165,2.01717031104387,-49.929982491421804
2026-04-14T12:04:35.975,4.003353357514939,4.005204916310604,4.0040640833416035,4.00322747249767,0.005601400686255606,2.0958484468369676,3.2530726941276678,2.540052088502165,2.01717031104387,-49.929982491421804
2026-04-14T12:04:36.085,4.003353357514939,4.005204916310604,4.0040640833416035,4.00322747249767,0.005601400686255606,2.0958484468369676,3.2530726941276678,2.540052088502165,2.01717031104387,-49.929982491421804
2026-04-14T12:04:36.195,4.003631353594741,4.005102634734072,4.004344702025932,4.003814935911592,0.01143681544562589,2.2695959967133916,3.1891467087952208,2.715438766207612,2.3843349447449924,-49.85703980692968
2026-04-14T12:04:36.303,4.003631353594741,4.005102634734072,4.004344702025932,4.003814935911592,0.01143681544562589,2.2695959967133916,3.1891467087952208,2.715438766207612,2.3843349447449924,-49.85703980692968
2026-04-14T12:04:36.413,4.003631353594741,4.005102634734072,4.004344702025932,4.003814935911592,0.01143681544562589,2.2695959967133916,3.1891467087952208,2.715438766207612,2.3843349447449924,-49.85703980692968
2026-04-14T12:04:36.521,4.003633976199268,4.00471448926416,4.004444360997937,4.003487110345787,0.0038537636721438563,2.2712351245424145,2.9465557900998363,2.777725623710481,2.179443966117134,-49.9518279540982
2026-04-14T12:04:36.630,4.003633976199268,4.00471448926416,4.004444360997937,4.003487110345787,0.0038537636721438563,2.2712351245424145,2.9465557900998363,2.777725623710481,2.179443966117134,-49.9518279540982
2026-04-14T12:04:36.739,4.003633976199268,4.00471448926416,4.004444360997937,4.003487110345787,0.0038537636721438563,2.2712351245424145,2.9465557900998363,2.777725623710481,2.179443966117134,-49.9518279540982
2026-04-14T12:04:36.848,4.0030438901808205,4.0053386691414525,4.004297495144456,4.003626108385689,-0.002987413699336323,1.9024313630128242,3.336668213407834,2.6859344652852,2.266317741055901,-50.0373426712417
2026-04-14T12:04:36.957,4.0030438901808205,4.0053386691414525,4.004297495144456,4.003626108385689,-0.002987413699336323,1.9024313630128242,3.336668213407834,2.6859344652852,2.266317741055901,-50.0373426712417
2026-04-14T12:04:37.067,4.0030438901808205,4.0053386691414525,4.004297495144456,4.003626108385689,-0.002987413699336323,1.9024313630128242,3.336668213407834,2.6859344652852,2.266317741055901,-50.0373426712417
2026-04-14T12:04:37.176,4.003890991442859,4.0050160887847,4.004402399325514,4.003384828769256,-0.003888616831969447,2.4318696517866556,3.135055490437466,2.751499578446115,2.115517980785242,-50.048607710399615
2026-04-14T12:04:37.284,4.003890991442859,4.0050160887847,4.004402399325514,4.003384828769256,-0.003888616831969447,2.4318696517866556,3.135055490437466,2.751499578446115,2.115517980785242,-50.048607710399615
2026-04-14T12:04:37.392,4.003890991442859,4.0050160887847,4.004402399325514,4.003384828769256,-0.003888616831969447,2.4318696517866556,3.135055490437466,2.751499578446115,2.115517980785242,-50.048607710399615
2026-04-14T12:04:37.501,4.003712654335061,4.005225897146815,4.004499435692992,4.003206491661459,0.001847217470756293,2.3204089594131005,3.2661857167592956,2.812147308119961,2.004057288411687,-49.97690978161555
2026-04-14T12:04:37.608,4.003712654335061,4.005225897146815,4.004499435692992,4.003206491661459,0.001847217470756293,2.3204089594131005,3.2661857167592956,2.812147308119961,2.004057288411687,-49.97690978161555
2026-04-14T12:04:37.718,4.003712654335061,4.005225897146815,4.004499435692992,4.003206491661459,0.001847217470756293,2.3204089594131005,3.2661857167592956,2.812147308119961,2.004057288411687,-49.97690978161555
2026-04-14T12:04:37.825,4.003240585520302,4.005005598366594,4.004307985562562,4.003571033690633,0.014030886341216263,2.0253659501889842,3.1284989791213746,2.6924909766012917,2.2318960566458657,-49.8246139207348
2026-04-14T12:04:37.937,4.003240585520302,4.005005598366594,4.004307985562562,4.003571033690633,0.014030886341216263,2.0253659501889842,3.1284989791213746,2.6924909766012917,2.2318960566458657,-49.8246139207348
2026-04-14T12:04:38.044,4.003240585520302,4.005005598366594,4.004307985562562,4.003571033690633,0.014030886341216263,2.0253659501889842,3.1284989791213746,2.6924909766012917,2.2318960566458657,-49.8246139207348
2026-04-14T12:04:38.154,4.003411054814521,4.005021333993753,4.0045387747608885,4.003067493621558,0.011964591865841975,2.1319092590754707,3.138333746095512,2.836734225555304,1.917183513473475,-49.850442601676974
2026-04-14T12:04:38.263,4.003411054814521,4.005021333993753,4.0045387747608885,4.003067493621558,0.011964591865841975,2.1319092590754707,3.138333746095512,2.836734225555304,1.917183513473475,-49.850442601676974
2026-04-14T12:04:38.401,4.003411054814521,4.005021333993753,4.0045387747608885,4.003067493621558,0.011964591865841975,2.1319092590754707,3.138333746095512,2.836734225555304,1.917183513473475,-49.850442601676974
2026-04-14T12:04:38.496,4.003324508865148,4.005359649977663,4.004782676981847,4.003518581600105,0.009256003445110373,2.077818040717716,3.349781236039462,2.989173113654431,2.1991135000654083,-49.88429995693612
2026-04-14T12:04:38.605,4.003324508865148,4.005359649977663,4.004782676981847,4.003518581600105,0.009256003445110373,2.077818040717716,3.349781236039462,2.989173113654431,2.1991135000654083,-49.88429995693612
2026-04-14T12:04:38.714,4.003324508865148,4.005359649977663,4.004782676981847,4.003518581600105,0.009256003445110373,2.077818040717716,3.349781236039462,2.989173113654431,2.1991135000654083,-49.88429995693612
2026-04-14T12:04:38.823,4.0030910970622955,4.0047669413546885,4.004386663698355,4.0033612253285185,0.009659304294520778,1.9319356639346807,2.9793383466802936,2.7416648114719777,2.100765830324036,-49.87925869631849
2026-04-14T12:04:38.919,4.0030910970622955,4.0047669413546885,4.004386663698355,4.0033612253285185,0.009659304294520778,1.9319356639346807,2.9793383466802936,2.7416648114719777,2.100765830324036,-49.87925869631849
2026-04-14T12:04:39.041,4.0030910970622955,4.0047669413546885,4.004386663698355,4.0033612253285185,0.009659304294520778,1.9319356639346807,2.9793383466802936,2.7416648114719777,2.100765830324036,-49.87925869631849
2026-04-14T12:04:39.149,4.002915382559024,4.004968881903224,4.004037857296339,4.003526449413684,0.0012746298450501644,1.8221140993901486,3.1055511895150545,2.5236608102119362,2.204030883552477,-49.98406712693687
2026-04-14T12:04:39.257,4.002915382559024,4.004968881903224,4.004037857296339,4.003526449413684,0.0012746298450501644,1.8221140993901486,3.1055511895150545,2.5236608102119362,2.204030883552477,-49.98406712693687
2026-04-14T12:04:39.367,4.002915382559024,4.004968881903224,4.004037857296339,4.003526449413684,0.0012746298450501644,1.8221140993901486,3.1055511895150545,2.5236608102119362,2.204030883552477,-49.98406712693687
2026-04-14T12:04:39.476,4.003555298063475,4.005155086824601,4.00467777280079,4.003539562436316,-0.003649623736022541,2.2220612896717284,3.221929265375678,2.923608000493516,2.2122265226975912,-50.04562029670028
2026-04-14T12:04:39.585,4.003555298063475,4.005155086824601,4.00467777280079,4.003539562436316,-0.003649623736022541,2.2220612896717284,3.221929265375678,2.923608000493516,2.2122265226975912,-50.04562029670028
2026-04-14T12:04:39.695,4.003555298063475,4.005155086824601,4.00467777280079,4.003539562436316,-0.003649623736022541,2.2220612896717284,3.221929265375678,2.923608000493516,2.2122265226975912,-50.04562029670028
2026-04-14T12:04:39.803,4.003062248412505,4.005029201807332,4.0045571329925735,4.003376960955677,-0.001214881571063438,1.9139052578154292,3.1432511295825805,2.848208120358464,2.1106005972981734,-50.01518601963829
2026-04-14T12:04:39.911,4.003062248412505,4.005029201807332,4.0045571329925735,4.003376960955677,-0.001214881571063438,1.9139052578154292,3.1432511295825805,2.848208120358464,2.1106005972981734,-50.01518601963829
2026-04-14T12:04:40.019,4.003062248412505,4.005029201807332,4.0045571329925735,4.003376960955677,-0.001214881571063438,1.9139052578154292,3.1432511295825805,2.848208120358464,2.1106005972981734,-50.01518601963829
2026-04-14T12:04:40.128,4.003447771277891,4.005128860779337,4.004336834212353,4.003804445493486,-0.00024895114161136025,2.154857048681791,3.2055379870854495,2.710521382720543,2.377778433428901,-50.003111889270144
2026-04-14T12:04:40.237,4.003447771277891,4.005128860779337,4.004336834212353,4.003804445493486,-0.00024895114161136025,2.154857048681791,3.2055379870854495,2.710521382720543,2.377778433428901,-50.003111889270144
2026-04-14T12:04:40.346,4.003447771277891,4.005128860779337,4.004336834212353,4.003804445493486,-0.00024895114161136025,2.154857048681791,3.2055379870854495,2.710521382720543,2.377778433428901,-50.003111889270144
2026-04-14T12:04:40.454,4.003096342271348,4.00494265585796,4.004313230771615,4.003371715746625,0.003938407060291719,1.9352139195927265,3.089159911224826,2.6957692322593374,2.1073223416406828,-49.95076991174635
2026-04-14T12:04:40.563,4.003096342271348,4.00494265585796,4.004313230771615,4.003371715746625,0.003938407060291719,1.9352139195927265,3.089159911224826,2.6957692322593374,2.1073223416406828,-49.95076991174635
2026-04-14T12:04:40.673,4.003096342271348,4.00494265585796,4.004313230771615,4.003371715746625,0.003938407060291719,1.9352139195927265,3.089159911224826,2.6957692322593374,2.1073223416406828,-49.95076991174635
2026-04-14T12:04:40.783,4.003324508865148,4.0047249796822655,4.0048770907448,4.003293037610831,0.0017326999456150672,2.077818040717716,2.9531123014159277,3.048181715499809,2.0581485067694416,-49.97834125067981
2026-04-14T12:04:40.892,4.003324508865148,4.0047249796822655,4.0048770907448,4.003293037610831,0.0017326999456150672,2.077818040717716,2.9531123014159277,3.048181715499809,2.0581485067694416,-49.97834125067981
2026-04-14T12:04:41.000,4.003324508865148,4.0047249796822655,4.0048770907448,4.003293037610831,0.0017326999456150672,2.077818040717716,2.9531123014159277,3.048181715499809,2.0581485067694416,-49.97834125067981
2026-04-14T12:04:41.108,4.0030071737174495,4.004748583123003,4.00440502193004,4.0037100317305345,0.007309205517709537,1.879483573405949,2.9678644518771335,2.753138706275138,2.3187698315840777,-49.90863493102863
2026-04-14T12:04:41.218,4.0030071737174495,4.004748583123003,4.00440502193004,4.0037100317305345,0.007309205517709537,1.879483573405949,2.9678644518771335,2.753138706275138,2.3187698315840777,-49.90863493102863
2026-04-14T12:04:41.341,4.0030071737174495,4.004748583123003,4.00440502193004,4.0037100317305345,0.007309205517709537,1.879483573405949,2.9678644518771335,2.753138706275138,2.3187698315840777,-49.90863493102863
2026-04-14T12:04:41.451,4.003201246452406,4.004892826371957,4.005065918270702,4.003209114265985,0.012064172322486518,2.000779032753641,3.0580164824733913,3.1661989191889006,2.00569641624071,-49.84919784596892
2026-04-14T12:04:41.561,4.003201246452406,4.004892826371957,4.005065918270702,4.003209114265985,0.012064172322486518,2.000779032753641,3.0580164824733913,3.1661989191889006,2.00569641624071,-49.84919784596892
2026-04-14T12:04:41.670,4.003201246452406,4.004892826371957,4.005065918270702,4.003209114265985,0.012064172322486518,2.000779032753641,3.0580164824733913,3.1661989191889006,2.00569641624071,-49.84919784596892
2026-04-14T12:04:41.782,4.003586769317792,4.004945278462486,4.004216194404137,4.00327205677462,0.013528005035161316,2.241730823620003,3.0907990390538487,2.6351215025854913,2.0450354841372587,-49.83089993706049
2026-04-14T12:04:41.889,4.003586769317792,4.004945278462486,4.004216194404137,4.00327205677462,0.013528005035161316,2.241730823620003,3.0907990390538487,2.6351215025854913,2.0450354841372587,-49.83089993706049
2026-04-14T12:04:41.997,4.003586769317792,4.004945278462486,4.004216194404137,4.00327205677462,0.013528005035161316,2.241730823620003,3.0907990390538487,2.6351215025854913,2.0450354841372587,-49.83089993706049
2026-04-14T12:04:42.107,4.003387451373783,4.004798412609006,4.004507303506571,4.003578901504213,-0.0010555528404321674,2.117157108614265,2.999007880628568,2.8170646916070297,2.2368134401329343,-50.0131944105054
2026-04-14T12:04:42.217,4.003387451373783,4.004798412609006,4.004507303506571,4.003578901504213,-0.0010555528404321674,2.117157108614265,2.999007880628568,2.8170646916070297,2.2368134401329343,-50.0131944105054
2026-04-14T12:04:42.340,4.003387451373783,4.004798412609006,4.004507303506571,4.003578901504213,-0.0010555528404321674,2.117157108614265,2.999007880628568,2.8170646916070297,2.2368134401329343,-50.0131944105054
2026-04-14T12:04:42.449,4.003731012566746,4.00482463865427,4.004675150196263,4.003531694622737,0.005696002120067922,2.3318828542162606,3.0153991589187967,2.9219688726644932,2.2073091392105226,-49.92879997349915
2026-04-14T12:04:42.558,4.003731012566746,4.00482463865427,4.004675150196263,4.003531694622737,0.005696002120067922,2.3318828542162606,3.0153991589187967,2.9219688726644932,2.2073091392105226,-49.92879997349915
2026-04-14T12:04:42.668,4.003731012566746,4.00482463865427,4.004675150196263,4.003531694622737,0.005696002120067922,2.3318828542162606,3.0153991589187967,2.9219688726644932,2.2073091392105226,-49.92879997349915
2026-04-14T12:04:42.763,4.003633976199268,4.004662037173631,4.004814148236164,4.003450393882417,0.011013598504886576,2.2712351245424145,2.913773233519379,3.0088426476027053,2.1564961765108137,-49.862330018688915
2026-04-14T12:04:42.886,4.003633976199268,4.004662037173631,4.004814148236164,4.003450393882417,0.011013598504886576,2.2712351245424145,2.913773233519379,3.0088426476027053,2.1564961765108137,-49.862330018688915
2026-04-14T12:04:42.994,4.003633976199268,4.004662037173631,4.004814148236164,4.003450393882417,0.011013598504886576,2.2712351245424145,2.913773233519379,3.0088426476027053,2.1564961765108137,-49.862330018688915
2026-04-14T12:04:43.103,4.002860307863969,4.004822016049744,4.004389286302882,4.00357365629516,0.007488450339669716,1.7876924149806683,3.013760031089774,2.7433039393010006,2.2335351844748885,-49.90639437075413
2026-04-14T12:04:43.210,4.002860307863969,4.004822016049744,4.004389286302882,4.00357365629516,0.007488450339669716,1.7876924149806683,3.013760031089774,2.7433039393010006,2.2335351844748885,-49.90639437075413
2026-04-14T12:04:43.318,4.002860307863969,4.004822016049744,4.004389286302882,4.00357365629516,0.007488450339669716,1.7876924149806683,3.013760031089774,2.7433039393010006,2.2335351844748885,-49.90639437075413
2026-04-14T12:04:43.427,4.003245830729355,4.004790544795426,4.00417685533624,4.003602504944951,-0.00018920286762463378,2.02864420584703,2.9940904971414994,2.6105345851501482,2.25156559059414,-50.00236503584531
2026-04-14T12:04:43.536,4.003245830729355,4.004790544795426,4.00417685533624,4.003602504944951,-0.00018920286762463378,2.02864420584703,2.9940904971414994,2.6105345851501482,2.25156559059414,-50.00236503584531
2026-04-14T12:04:43.644,4.003245830729355,4.004790544795426,4.00417685533624,4.003602504944951,-0.00018920286762463378,2.02864420584703,2.9940904971414994,2.6105345851501482,2.25156559059414,-50.00236503584531
2026-04-14T12:04:43.753,4.003578901504213,4.0048875811629046,4.004391908907408,4.003287792401778,0.003943386083123946,2.2368134401329343,3.0547382268153456,2.7449430671300235,2.054870251111396,-49.95070767396095
2026-04-14T12:04:43.861,4.003578901504213,4.0048875811629046,4.004391908907408,4.003287792401778,0.003943386083123946,2.2368134401329343,3.0547382268153456,2.7449430671300235,2.054870251111396,-49.95070767396095
2026-04-14T12:04:43.970,4.003578901504213,4.0048875811629046,4.004391908907408,4.003287792401778,0.003943386083123946,2.2368134401329343,3.0547382268153456,2.7449430671300235,2.054870251111396,-49.95070767396095
2026-04-14T12:04:44.081,4.002991438090291,4.005029201807332,4.0040404799008655,4.0032956602153575,0.0017625740826084306,1.8696488064318117,3.1432511295825805,2.525299938040959,2.0597876345984645,-49.9779678239674
2026-04-14T12:04:44.189,4.002991438090291,4.005029201807332,4.0040404799008655,4.0032956602153575,0.0017625740826084306,1.8696488064318117,3.1432511295825805,2.525299938040959,2.0597876345984645,-49.9779678239674
2026-04-14T12:04:44.297,4.002991438090291,4.005029201807332,4.0040404799008655,4.0032956602153575,0.0017625740826084306,1.8696488064318117,3.1432511295825805,2.525299938040959,2.0597876345984645,-49.9779678239674
2026-04-14T12:04:44.407,4.003279924588199,4.004845619490482,4.004719734473213,4.003306150633463,0.011650913427411659,2.0499528676243273,3.0285121815509797,2.949834045757882,2.066344145914556,-49.854363582157355
2026-04-14T12:04:44.532,4.003279924588199,4.004845619490482,4.004719734473213,4.003306150633463,0.011650913427411659,2.0499528676243273,3.0285121815509797,2.949834045757882,2.066344145914556,-49.854363582157355
2026-04-14T12:04:44.626,4.003279924588199,4.004845619490482,4.004719734473213,4.003306150633463,0.011650913427411659,2.0499528676243273,3.0285121815509797,2.949834045757882,2.066344145914556,-49.854363582157355
2026-04-14T12:04:44.733,4.003513336391052,4.0048770907448,4.004192590963399,4.003772974239169,-0.0039035539004661285,2.1958352444073626,3.048181715499809,2.6203693521242855,2.3581088994806265,-50.04879442375583
2026-04-14T12:04:44.842,4.003513336391052,4.0048770907448,4.004192590963399,4.003772974239169,-0.0039035539004661285,2.1958352444073626,3.048181715499809,2.6203693521242855,2.3581088994806265,-50.04879442375583
2026-04-14T12:04:44.953,4.003513336391052,4.0048770907448,4.004192590963399,4.003772974239169,-0.0039035539004661285,2.1958352444073626,3.048181715499809,2.6203693521242855,2.3581088994806265,-50.04879442375583
2026-04-14T12:04:45.062,4.003285169797252,4.00494265585796,4.0048875811629046,4.0033795835602035,0.0019816510872264275,2.053231123282373,3.089159911224826,3.0547382268153456,2.1122397251271963,-49.97522936140967
2026-04-14T12:04:45.170,4.003285169797252,4.00494265585796,4.0048875811629046,4.0033795835602035,0.0019816510872264275,2.053231123282373,3.089159911224826,3.0547382268153456,2.1122397251271963,-49.97522936140967
2026-04-14T12:04:45.279,4.003285169797252,4.00494265585796,4.0048875811629046,4.0033795835602035,0.0019816510872264275,2.053231123282373,3.089159911224826,3.0547382268153456,2.1122397251271963,-49.97522936140967
2026-04-14T12:04:45.404,4.002747535869332,4.005364895186716,4.005029201807332,4.003258943751987,0.008066016988208071,1.717209918332685,3.3530594916975076,3.1432511295825805,2.0368398449921443,-49.8991747876474
2026-04-14T12:04:45.514,4.002747535869332,4.005364895186716,4.005029201807332,4.003258943751987,0.008066016988208071,1.717209918332685,3.3530594916975076,3.1432511295825805,2.0368398449921443,-49.8991747876474
2026-04-14T12:04:45.623,4.002747535869332,4.005364895186716,4.005029201807332,4.003258943751987,0.008066016988208071,1.717209918332685,3.3530594916975076,3.1432511295825805,2.0368398449921443,-49.8991747876474
2026-04-14T12:04:45.732,4.003348112305886,4.00490593939459,4.004672527591737,4.003432035650733,0.00308201513314864,2.092570191178922,3.0662121216185056,2.9203297448354704,2.1450222817082087,-49.96147481083565
2026-04-14T12:04:45.855,4.003348112305886,4.00490593939459,4.004672527591737,4.003432035650733,0.00308201513314864,2.092570191178922,3.0662121216185056,2.9203297448354704,2.1450222817082087,-49.96147481083565
2026-04-14T12:04:45.964,4.003348112305886,4.00490593939459,4.004672527591737,4.003432035650733,0.00308201513314864,2.092570191178922,3.0662121216185056,2.9203297448354704,2.1450222817082087,-49.96147481083565
2026-04-14T12:04:46.060,4.003458261695997,4.005204916310604,4.004735470100371,4.003484487741261,0.01175547290688843,2.1614135599978823,3.2530726941276678,2.959668812732019,2.177804838288111,-49.8530565886639
2026-04-14T12:04:46.182,4.003458261695997,4.005204916310604,4.004735470100371,4.003484487741261,0.01175547290688843,2.1614135599978823,3.2530726941276678,2.959668812732019,2.177804838288111,-49.8530565886639
2026-04-14T12:04:46.290,4.003458261695997,4.005204916310604,4.004735470100371,4.003484487741261,0.01175547290688843,2.1614135599978823,3.2530726941276678,2.959668812732019,2.177804838288111,-49.8530565886639
2026-04-14T12:04:46.398,4.003067493621558,4.0047879221909,4.004475832252255,4.003429413046206,0.008583835362759702,1.917183513473475,2.9924513693124766,2.7973951576593103,2.1433831538786308,-49.89270205796551
2026-04-14T12:04:46.508,4.003067493621558,4.0047879221909,4.004475832252255,4.003429413046206,0.008583835362759702,1.917183513473475,2.9924513693124766,2.7973951576593103,2.1433831538786308,-49.89270205796551
2026-04-14T12:04:46.617,4.003067493621558,4.0047879221909,4.004475832252255,4.003429413046206,0.008583835362759702,1.917183513473475,2.9924513693124766,2.7973951576593103,2.1433831538786308,-49.89270205796551
2026-04-14T12:04:46.724,4.003636598803794,4.005144596406495,4.004462719229622,4.003353357514939,0.01044101087918045,2.2728742523714374,3.2153727540595867,2.789199518513641,2.0958484468369676,-49.86948736401025
2026-04-14T12:04:46.834,4.003636598803794,4.005144596406495,4.004462719229622,4.003353357514939,0.01044101087918045,2.2728742523714374,3.2153727540595867,2.789199518513641,2.0958484468369676,-49.86948736401025
2026-04-14T12:04:46.943,4.003636598803794,4.005144596406495,4.004462719229622,4.003353357514939,0.01044101087918045,2.2728742523714374,3.2153727540595867,2.789199518513641,2.0958484468369676,-49.86948736401025
2026-04-14T12:04:47.054,4.003384828769256,4.0049715045077505,4.004426002766252,4.0033795835602035,0.002828084968705052,2.115517980785242,3.1071903173440774,2.7662517289073207,2.1122397251271963,-49.964648937891184
2026-04-14T12:04:47.163,4.003384828769256,4.0049715045077505,4.004426002766252,4.0033795835602035,0.002828084968705052,2.115517980785242,3.1071903173440774,2.7662517289073207,2.1122397251271963,-49.964648937891184
2026-04-14T12:04:47.273,4.003384828769256,4.0049715045077505,4.004426002766252,4.0033795835602035,0.002828084968705052,2.115517980785242,3.1071903173440774,2.7662517289073207,2.1122397251271963,-49.964648937891184
2026-04-14T12:04:47.383,4.003662824849059,4.004921675021748,4.004187345754346,4.003374338351151,-0.00274344158055719,2.289265530661666,3.076046888592643,2.6170910964662397,2.1089614694691505,-50.03429301975697
2026-04-14T12:04:47.492,4.003662824849059,4.004921675021748,4.004187345754346,4.003374338351151,-0.00274344158055719,2.289265530661666,3.076046888592643,2.6170910964662397,2.1089614694691505,-50.03429301975697
2026-04-14T12:04:47.601,4.003662824849059,4.004921675021748,4.004187345754346,4.003374338351151,-0.00274344158055719,2.289265530661666,3.076046888592643,2.6170910964662397,2.1089614694691505,-50.03429301975697
2026-04-14T12:04:47.709,4.003411054814521,4.004837751676902,4.004732847495845,4.003694296103376,0.010958829253732079,2.1319092590754707,3.023594798063911,2.9580296849029963,2.3089350646099405,-49.86301463432835
2026-04-14T12:04:47.817,4.003411054814521,4.004837751676902,4.004732847495845,4.003694296103376,0.010958829253732079,2.1319092590754707,3.023594798063911,2.9580296849029963,2.3089350646099405,-49.86301463432835
2026-04-14T12:04:47.926,4.003411054814521,4.004837751676902,4.004732847495845,4.003694296103376,0.010958829253732079,2.1319092590754707,3.023594798063911,2.9580296849029963,2.3089350646099405,-49.86301463432835
2026-04-14T12:04:48.035,4.003266811565567,4.005168199847233,4.00466990498721,4.003741502984852,0.004431330320682212,2.041757228479213,3.2301249045207925,2.9186906170064475,2.338439365532352,-49.944608370991475
2026-04-14T12:04:48.146,4.003266811565567,4.005168199847233,4.00466990498721,4.003741502984852,0.004431330320682212,2.041757228479213,3.2301249045207925,2.9186906170064475,2.338439365532352,-49.944608370991475
2026-04-14T12:04:48.255,4.003266811565567,4.005168199847233,4.00466990498721,4.003741502984852,0.004431330320682212,2.041757228479213,3.2301249045207925,2.9186906170064475,2.338439365532352,-49.944608370991475
2026-04-14T12:04:48.364,4.003450393882417,4.0050554278525965,4.004119158036659,4.003321886260622,0.007583051773482033,2.1564961765108137,3.159642407872809,2.574473772911645,2.076178912888693,-49.90521185283148
2026-04-14T12:04:48.473,4.003450393882417,4.0050554278525965,4.004119158036659,4.003321886260622,0.007583051773482033,2.1564961765108137,3.159642407872809,2.574473772911645,2.076178912888693,-49.90521185283148
2026-04-14T12:04:48.581,4.003450393882417,4.0050554278525965,4.004119158036659,4.003321886260622,0.007583051773482033,2.1564961765108137,3.159642407872809,2.574473772911645,2.076178912888693,-49.90521185283148
2026-04-14T12:04:48.690,4.003754616007484,4.005092144315967,4.00444960620699,4.003392696582836,-0.007607946887643169,2.3466350046774664,3.1825901974791293,2.7810038793685266,2.1204353642723106,-50.09509933609554
2026-04-14T12:04:48.799,4.003754616007484,4.005092144315967,4.00444960620699,4.003392696582836,-0.007607946887643169,2.3466350046774664,3.1825901974791293,2.7810038793685266,2.1204353642723106,-50.09509933609554
2026-04-14T12:04:48.908,4.003754616007484,4.005092144315967,4.00444960620699,4.003392696582836,-0.007607946887643169,2.3466350046774664,3.1825901974791293,2.7810038793685266,2.1204353642723106,-50.09509933609554
2026-04-14T12:04:49.016,4.003012418926502,4.0047852995863735,4.004197836172452,4.003612995363056,0.0033210082290955458,1.8827618290639947,2.9908122414834537,2.623647607782331,2.2581221019102315,-49.9584873971363
2026-04-14T12:04:49.124,4.003012418926502,4.0047852995863735,4.004197836172452,4.003612995363056,0.0033210082290955458,1.8827618290639947,2.9908122414834537,2.623647607782331,2.2581221019102315,-49.9584873971363
2026-04-14T12:04:49.233,4.003012418926502,4.0047852995863735,4.004197836172452,4.003612995363056,0.0033210082290955458,1.8827618290639947,2.9908122414834537,2.623647607782331,2.2581221019102315,-49.9584873971363
2026-04-14T12:04:49.341,4.003594637131371,4.004882335953852,4.004307985562562,4.003232717706723,0.0020961686123676534,2.2466482071070715,3.0514599711573,2.6924909766012917,2.0204485667019156,-49.97379789234541
2026-04-14T12:04:49.450,4.003594637131371,4.004882335953852,4.004307985562562,4.003232717706723,0.0020961686123676534,2.2466482071070715,3.0514599711573,2.6924909766012917,2.0204485667019156,-49.97379789234541
2026-04-14T12:04:49.560,4.003594637131371,4.004882335953852,4.004307985562562,4.003232717706723,0.0020961686123676534,2.2466482071070715,3.0514599711573,2.6924909766012917,2.0204485667019156,-49.97379789234541
2026-04-14T12:04:49.683,4.0031094552939805,4.004966259298698,4.004428625370778,4.003749370798431,0.007423723042850762,1.9434095587378408,3.1039120616860316,2.7678908567363436,2.3433567490194207,-49.907203461964365
2026-04-14T12:04:49.791,4.0031094552939805,4.004966259298698,4.004428625370778,4.003749370798431,0.007423723042850762,1.9434095587378408,3.1039120616860316,2.7678908567363436,2.3433567490194207,-49.907203461964365
2026-04-14T12:04:49.902,4.0031094552939805,4.004966259298698,4.004428625370778,4.003749370798431,0.007423723042850762,1.9434095587378408,3.1039120616860316,2.7678908567363436,2.3433567490194207,-49.907203461964365
2026-04-14T12:04:50.010,4.002873420886601,4.004879713349325,4.004593849455944,4.0036470892219,0.01152643785660598,1.7958880541257827,3.049820843328277,2.8711559099647843,2.279430763687529,-49.85591952679243
2026-04-14T12:04:50.121,4.002873420886601,4.004879713349325,4.004593849455944,4.0036470892219,0.01152643785660598,1.7958880541257827,3.049820843328277,2.8711559099647843,2.279430763687529,-49.85591952679243
2026-04-14T12:04:50.229,4.002873420886601,4.004879713349325,4.004593849455944,4.0036470892219,0.01152643785660598,1.7958880541257827,3.049820843328277,2.8711559099647843,2.279430763687529,-49.85591952679243
2026-04-14T12:04:50.339,4.0031933786388265,4.004722357077739,4.004326343794247,4.003075361435137,0.019383335885860508,1.9958616492665726,2.951473173586905,2.7039648714044517,1.9221008969605435,-49.757708301426746
2026-04-14T12:04:50.445,4.0031933786388265,4.004722357077739,4.004326343794247,4.003075361435137,0.019383335885860508,1.9958616492665726,2.951473173586905,2.7039648714044517,1.9221008969605435,-49.757708301426746
2026-04-14T12:04:50.556,4.0031933786388265,4.004722357077739,4.004326343794247,4.003075361435137,0.019383335885860508,1.9958616492665726,2.951473173586905,2.7039648714044517,1.9221008969605435,-49.757708301426746
2026-04-14T12:04:50.665,4.003125190921139,4.0049715045077505,4.003825426329698,4.003542185040843,0.017376789684472944,1.953244325711978,3.1071903173440774,2.390891456061084,2.213865650526614,-49.782790128944086
2026-04-14T12:04:50.773,4.003125190921139,4.0049715045077505,4.003825426329698,4.003542185040843,0.017376789684472944,1.953244325711978,3.1071903173440774,2.390891456061084,2.213865650526614,-49.782790128944086
2026-04-14T12:04:50.882,4.003125190921139,4.0049715045077505,4.003825426329698,4.003542185040843,0.017376789684472944,1.953244325711978,3.1071903173440774,2.390891456061084,2.213865650526614,-49.782790128944086
2026-04-14T12:04:50.991,4.003251075938408,4.005307197887134,4.004315853376141,4.003828048934224,0.007458576202676353,2.0319224615050757,3.3169986794590045,2.6974083600883603,2.3925305838901068,-49.90676779746654
2026-04-14T12:04:51.099,4.003251075938408,4.005307197887134,4.004315853376141,4.003828048934224,0.007458576202676353,2.0319224615050757,3.3169986794590045,2.6974083600883603,2.3925305838901068,-49.90676779746654
2026-04-14T12:04:51.207,4.003251075938408,4.005307197887134,4.004315853376141,4.003828048934224,0.007458576202676353,2.0319224615050757,3.3169986794590045,2.6974083600883603,2.3925305838901068,-49.90676779746654
2026-04-14T12:04:51.332,4.003062248412505,4.005147219011022,4.00414800668645,4.0033612253285185,0.014195194094679762,1.9139052578154292,3.2170118818886095,2.592504179031452,2.100765830324036,-49.822560073816504
2026-04-14T12:04:51.426,4.003062248412505,4.005147219011022,4.00414800668645,4.0033612253285185,0.014195194094679762,1.9139052578154292,3.2170118818886095,2.592504179031452,2.100765830324036,-49.822560073816504
2026-04-14T12:04:51.535,4.003062248412505,4.005147219011022,4.00414800668645,4.0033612253285185,0.014195194094679762,1.9139052578154292,3.2170118818886095,2.592504179031452,2.100765830324036,-49.822560073816504
2026-04-14T12:04:51.644,4.003371715746625,4.004866600326693,4.004239797844875,4.003358602723992,0.011217738441007891,2.1073223416406828,3.0416252041831626,2.649873653046697,2.0991267024950133,-49.85977826948741
2026-04-14T12:04:51.747,4.003371715746625,4.004866600326693,4.004239797844875,4.003358602723992,0.011217738441007891,2.1073223416406828,3.0416252041831626,2.649873653046697,2.0991267024950133,-49.85977826948741
2026-04-14T12:04:51.860,4.003371715746625,4.004866600326693,4.004239797844875,4.003358602723992,0.011217738441007891,2.1073223416406828,3.0416252041831626,2.649873653046697,2.0991267024950133,-49.85977826948741
2026-04-14T12:04:51.970,4.003633976199268,4.004950523671539,4.0045990946649965,4.00394868874244,0.008011247737053574,2.2712351245424145,3.0940772947118944,2.87443416562283,2.4679304640251587,-49.899859403286825
2026-04-14T12:04:52.079,4.003633976199268,4.004950523671539,4.0045990946649965,4.00394868874244,0.008011247737053574,2.2712351245424145,3.0940772947118944,2.87443416562283,2.4679304640251587,-49.899859403286825
2026-04-14T12:04:52.191,4.003633976199268,4.004950523671539,4.0045990946649965,4.00394868874244,0.008011247737053574,2.2712351245424145,3.0940772947118944,2.87443416562283,2.4679304640251587,-49.899859403286825
2026-04-14T12:04:52.298,4.00353693983179,4.00505280524807,4.004696131032475,4.00376510642559,0.0005775666485383558,2.2105873948685684,3.1580032800437863,2.935081895296676,2.353191515993558,-49.992780416893275
2026-04-14T12:04:52.407,4.00353693983179,4.00505280524807,4.004696131032475,4.00376510642559,0.0005775666485383558,2.2105873948685684,3.1580032800437863,2.935081895296676,2.353191515993558,-49.992780416893275
2026-04-14T12:04:52.516,4.00353693983179,4.00505280524807,4.004696131032475,4.00376510642559,0.0005775666485383558,2.2105873948685684,3.1580032800437863,2.935081895296676,2.353191515993558,-49.992780416893275
2026-04-14T12:04:52.623,4.003589391922318,4.005585193966937,4.004856109908587,4.00394868874244,0.013368676304530045,2.2433699514490257,3.4907462293354286,3.035068692867071,2.4679304640251587,-49.83289154619337
2026-04-14T12:04:52.731,4.003589391922318,4.005585193966937,4.004856109908587,4.00394868874244,0.013368676304530045,2.2433699514490257,3.4907462293354286,3.035068692867071,2.4679304640251587,-49.83289154619337
2026-04-14T12:04:52.841,4.003589391922318,4.005585193966937,4.004856109908587,4.00394868874244,0.013368676304530045,2.2433699514490257,3.4907462293354286,3.035068692867071,2.4679304640251587,-49.83289154619337
2026-04-14T12:04:52.966,4.003484487741261,4.004866600326693,4.004512548715624,4.003639221408321,0.00997796175578332,2.177804838288111,3.0416252041831626,2.8203429472650754,2.2745133802004602,-49.875275478052714
2026-04-14T12:04:53.076,4.003484487741261,4.004866600326693,4.004512548715624,4.003639221408321,0.00997796175578332,2.177804838288111,3.0416252041831626,2.8203429472650754,2.2745133802004602,-49.875275478052714
2026-04-14T12:04:53.199,4.003484487741261,4.004866600326693,4.004512548715624,4.003639221408321,0.00997796175578332,2.177804838288111,3.0416252041831626,2.8203429472650754,2.2745133802004602,-49.875275478052714
2026-04-14T12:04:53.309,4.0032353403112495,4.005218029333236,4.004001140832969,4.0036680700581115,-0.0016380985118027505,2.0220876945309385,3.261268333272227,2.500713020605616,2.292543786319712,-50.02047623139754
2026-04-14T12:04:53.419,4.0032353403112495,4.005218029333236,4.004001140832969,4.0036680700581115,-0.0016380985118027505,2.0220876945309385,3.261268333272227,2.500713020605616,2.292543786319712,-50.02047623139754
2026-04-14T12:04:53.541,4.0032353403112495,4.005218029333236,4.004001140832969,4.0036680700581115,-0.0016380985118027505,2.0220876945309385,3.261268333272227,2.500713020605616,2.292543786319712,-50.02047623139754
2026-04-14T12:04:53.652,4.003261566356514,4.005141973801969,4.004467964438675,4.003791332470854,0.01649550264316873,2.038478972821167,3.213733626230564,2.7924777741716866,2.3695827942837866,-49.79380621696039
2026-04-14T12:04:53.760,4.003261566356514,4.005141973801969,4.004467964438675,4.003791332470854,0.01649550264316873,2.038478972821167,3.213733626230564,2.7924777741716866,2.3695827942837866,-49.79380621696039
2026-04-14T12:04:53.870,4.003261566356514,4.005141973801969,4.004467964438675,4.003791332470854,0.01649550264316873,2.038478972821167,3.213733626230564,2.7924777741716866,2.3695827942837866,-49.79380621696039
2026-04-14T12:04:53.978,4.003484487741261,4.005018711389226,4.004247665658454,4.003814935911592,0.020384119475138178,2.177804838288111,3.136694618266489,2.6547910365337657,2.3843349447449924,-49.745198506560776
2026-04-14T12:04:54.086,4.003484487741261,4.005018711389226,4.004247665658454,4.003814935911592,0.020384119475138178,2.177804838288111,3.136694618266489,2.6547910365337657,2.3843349447449924,-49.745198506560776
2026-04-14T12:04:54.195,4.003484487741261,4.005018711389226,4.004247665658454,4.003814935911592,0.020384119475138178,2.177804838288111,3.136694618266489,2.6547910365337657,2.3843349447449924,-49.745198506560776
2026-04-14T12:04:54.305,4.003670692662638,4.005008220971121,4.004842996885955,4.003201246452406,0.014971921656507205,2.2941829141487347,3.1301381069503975,3.026873053721957,2.000779032753641,-49.81285097929366
2026-04-14T12:04:54.414,4.003670692662638,4.005008220971121,4.004842996885955,4.003201246452406,0.014971921656507205,2.2941829141487347,3.1301381069503975,3.026873053721957,2.000779032753641,-49.81285097929366
2026-04-14T12:04:54.523,4.003670692662638,4.005008220971121,4.004842996885955,4.003201246452406,0.014971921656507205,2.2941829141487347,3.1301381069503975,3.026873053721957,2.000779032753641,-49.81285097929366
2026-04-14T12:04:54.632,4.003542185040843,4.00508952171144,4.00444173839341,4.003673315267164,0.013687333765792587,2.213865650526614,3.1809510696501064,2.776086495881458,2.2958220419777575,-49.82890832792759
2026-04-14T12:04:54.740,4.003542185040843,4.00508952171144,4.00444173839341,4.003673315267164,0.013687333765792587,2.213865650526614,3.1809510696501064,2.776086495881458,2.2958220419777575,-49.82890832792759
2026-04-14T12:04:54.848,4.003542185040843,4.00508952171144,4.00444173839341,4.003673315267164,0.013687333765792587,2.213865650526614,3.1809510696501064,2.776086495881458,2.2958220419777575,-49.82890832792759
2026-04-14T12:04:54.958,4.0034818651367345,4.005398989045561,4.004386663698355,4.003224849893144,0.013393571418691182,2.176165710459088,3.37436815347536,2.7416648114719777,2.015531183214847,-49.83258035726636
2026-04-14T12:04:55.066,4.0034818651367345,4.005398989045561,4.004386663698355,4.003224849893144,0.013393571418691182,2.176165710459088,3.37436815347536,2.7416648114719777,2.015531183214847,-49.83258035726636
2026-04-14T12:04:55.176,4.0034818651367345,4.005398989045561,4.004386663698355,4.003224849893144,0.013393571418691182,2.176165710459088,3.37436815347536,2.7416648114719777,2.015531183214847,-49.83258035726636
2026-04-14T12:04:55.284,4.003342867096833,4.005396366441033,4.004069328550656,4.003544807645369,0.017471391118285263,2.089291935520876,3.372729025645782,2.5433303441602106,2.215504778355637,-49.781607611021435
2026-04-14T12:04:55.395,4.003342867096833,4.005396366441033,4.004069328550656,4.003544807645369,0.017471391118285263,2.089291935520876,3.372729025645782,2.5433303441602106,2.215504778355637,-49.781607611021435
2026-04-14T12:04:55.502,4.003342867096833,4.005396366441033,4.004069328550656,4.003544807645369,0.017471391118285263,2.089291935520876,3.372729025645782,2.5433303441602106,2.215504778355637,-49.781607611021435
2026-04-14T12:04:55.610,4.00311732310756,4.005262613610185,4.004420757557199,4.003974914787705,0.012601906788367055,1.9483269422249094,3.2891335063656157,2.762973473249275,2.4843217423153874,-49.84247616514541
2026-04-14T12:04:55.720,4.00311732310756,4.005262613610185,4.004420757557199,4.003974914787705,0.012601906788367055,1.9483269422249094,3.2891335063656157,2.762973473249275,2.4843217423153874,-49.84247616514541
2026-04-14T12:04:55.829,4.00311732310756,4.005262613610185,4.004420757557199,4.003974914787705,0.012601906788367055,1.9483269422249094,3.2891335063656157,2.762973473249275,2.4843217423153874,-49.84247616514541
2026-04-14T12:04:55.939,4.002994060694817,4.00516295463818,4.004334211607826,4.003571033690633,0.018432342524905113,1.8712879342608346,3.2268466488627467,2.7088822548915203,2.2318960566458657,-49.76959571843869
2026-04-14T12:04:56.046,4.002994060694817,4.00516295463818,4.004334211607826,4.003571033690633,0.018432342524905113,1.8712879342608346,3.2268466488627467,2.7088822548915203,2.2318960566458657,-49.76959571843869
2026-04-14T12:04:56.155,4.002994060694817,4.00516295463818,4.004334211607826,4.003571033690633,0.018432342524905113,1.8712879342608346,3.2268466488627467,2.7088822548915203,2.2318960566458657,-49.76959571843869
2026-04-14T12:04:56.267,4.003222227288617,4.005168199847233,4.0041244032457115,4.003675937871691,0.017391726752969627,2.013892055385824,3.2301249045207925,2.577752028569691,2.2974611698067804,-49.78260341558788
2026-04-14T12:04:56.376,4.003222227288617,4.005168199847233,4.0041244032457115,4.003675937871691,0.017391726752969627,2.013892055385824,3.2301249045207925,2.577752028569691,2.2974611698067804,-49.78260341558788
2026-04-14T12:04:56.484,4.003222227288617,4.005168199847233,4.0041244032457115,4.003675937871691,0.017391726752969627,2.013892055385824,3.2301249045207925,2.577752028569691,2.2974611698067804,-49.78260341558788
2026-04-14T12:04:56.593,4.003222227288617,4.005454063740615,4.003964424369599,4.00338220616473,0.018785853145993243,2.013892055385824,3.408789837884285,2.477765230999296,2.113878852956219,-49.765176835675085
2026-04-14T12:04:56.703,4.003222227288617,4.005454063740615,4.003964424369599,4.00338220616473,0.018785853145993243,2.013892055385824,3.408789837884285,2.477765230999296,2.113878852956219,-49.765176835675085
2026-04-14T12:04:56.810,4.003222227288617,4.005454063740615,4.003964424369599,4.00338220616473,0.018785853145993243,2.013892055385824,3.408789837884285,2.477765230999296,2.113878852956219,-49.765176835675085
2026-04-14T12:04:56.920,4.003303528028937,4.005440950717983,4.004774809168268,4.0036077501540035,0.025343226216036473,2.064705018085533,3.400594198739171,2.9842557301673622,2.254843846252186,-49.68320967229955
2026-04-14T12:04:57.030,4.003303528028937,4.005440950717983,4.004774809168268,4.0036077501540035,0.025343226216036473,2.064705018085533,3.400594198739171,2.9842557301673622,2.254843846252186,-49.68320967229955
2026-04-14T12:04:57.140,4.003303528028937,4.005440950717983,4.004774809168268,4.0036077501540035,0.025343226216036473,2.064705018085533,3.400594198739171,2.9842557301673622,2.254843846252186,-49.68320967229955
2026-04-14T12:04:57.247,4.0034189226281,4.0051813128698655,4.0049531462760655,4.003759861216538,0.010879164888416443,2.1368266425625393,3.238320543665907,3.0957164225409173,2.3499132603360673,-49.864010438894795
2026-04-14T12:04:57.357,4.0034189226281,4.0051813128698655,4.0049531462760655,4.003759861216538,0.010879164888416443,2.1368266425625393,3.238320543665907,3.0957164225409173,2.3499132603360673,-49.864010438894795
2026-04-14T12:04:57.481,4.0034189226281,4.0051813128698655,4.0049531462760655,4.003759861216538,0.010879164888416443,2.1368266425625393,3.238320543665907,3.0957164225409173,2.3499132603360673,-49.864010438894795
2026-04-14T12:04:57.576,4.003872633211174,4.005176067660813,4.004376173280249,4.003990650414863,0.011914801637519701,2.4203957569834955,3.235042288007861,2.7351083001558862,2.4941565092895246,-49.851064979531
2026-04-14T12:04:57.699,4.003872633211174,4.005176067660813,4.004376173280249,4.003990650414863,0.011914801637519701,2.4203957569834955,3.235042288007861,2.7351083001558862,2.4941565092895246,-49.851064979531
2026-04-14T12:04:57.809,4.003872633211174,4.005176067660813,4.004376173280249,4.003990650414863,0.011914801637519701,2.4203957569834955,3.235042288007861,2.7351083001558862,2.4941565092895246,-49.851064979531
2026-04-14T12:04:57.904,4.00357365629516,4.00505280524807,4.004481077461307,4.003390073978309,0.016664789419464456,2.2335351844748885,3.1580032800437863,2.800673413316801,2.1187962364432877,-49.7916901322567
2026-04-14T12:04:58.012,4.00357365629516,4.00505280524807,4.004481077461307,4.003390073978309,0.016664789419464456,2.2335351844748885,3.1580032800437863,2.800673413316801,2.1187962364432877,-49.7916901322567
2026-04-14T12:04:58.137,4.00357365629516,4.00505280524807,4.004481077461307,4.003390073978309,0.016664789419464456,2.2335351844748885,3.1580032800437863,2.800673413316801,2.1187962364432877,-49.7916901322567
2026-04-14T12:04:58.245,4.003363847933045,4.005346536955031,4.004968881903224,4.003849029770436,0.018755979008999883,2.102404958153059,3.3415855968943475,3.1055511895150545,2.4056436065222897,-49.76555026238751
2026-04-14T12:04:58.354,4.003363847933045,4.005346536955031,4.004968881903224,4.003849029770436,0.018755979008999883,2.102404958153059,3.3415855968943475,3.1055511895150545,2.4056436065222897,-49.76555026238751
2026-04-14T12:04:58.462,4.003363847933045,4.005346536955031,4.004968881903224,4.003849029770436,0.018755979008999883,2.102404958153059,3.3415855968943475,3.1055511895150545,2.4056436065222897,-49.76555026238751
2026-04-14T12:04:58.570,4.003429413046206,4.005152464220075,4.004507303506571,4.003550052854422,0.015609236579032286,2.1433831538786308,3.2202901375466553,2.8170646916070297,2.2187830340136827,-49.804884542762096
2026-04-14T12:04:58.678,4.003429413046206,4.005152464220075,4.004507303506571,4.003550052854422,0.015609236579032286,2.1433831538786308,3.2202901375466553,2.8170646916070297,2.2187830340136827,-49.804884542762096
2026-04-14T12:04:58.803,4.003429413046206,4.005152464220075,4.004507303506571,4.003550052854422,0.015609236579032286,2.1433831538786308,3.2202901375466553,2.8170646916070297,2.2187830340136827,-49.804884542762096
2026-04-14T12:04:58.896,4.003140926548298,4.005191803287971,4.004530906947309,4.003592014526845,0.019189153995403645,1.9630790926861152,3.2448770549819983,2.8318168420682355,2.2450090792780486,-49.760135575057454
2026-04-14T12:04:59.005,4.003140926548298,4.005191803287971,4.004530906947309,4.003592014526845,0.019189153995403645,1.9630790926861152,3.2448770549819983,2.8318168420682355,2.2450090792780486,-49.760135575057454
2026-04-14T12:04:59.115,4.003140926548298,4.005191803287971,4.004530906947309,4.003592014526845,0.019189153995403645,1.9630790926861152,3.2448770549819983,2.8318168420682355,2.2450090792780486,-49.760135575057454
2026-04-14T12:04:59.223,4.003293037610831,4.00508952171144,4.004171610127187,4.003387451373783,0.02169858150284616,2.0581485067694416,3.1809510696501064,2.6072563294921025,2.117157108614265,-49.728767731214425
2026-04-14T12:04:59.334,4.003293037610831,4.00508952171144,4.004171610127187,4.003387451373783,0.02169858150284616,2.0581485067694416,3.1809510696501064,2.6072563294921025,2.117157108614265,-49.728767731214425
2026-04-14T12:04:59.443,4.003293037610831,4.00508952171144,4.004171610127187,4.003387451373783,0.02169858150284616,2.0581485067694416,3.1809510696501064,2.6072563294921025,2.117157108614265,-49.728767731214425
2026-04-14T12:04:59.553,4.003020286740082,4.005058050457123,4.004378795884776,4.0034189226281,0.017446496004124127,1.8876792125510633,3.161281535701832,2.736747427984909,2.1368266425625393,-49.78191879994845
2026-04-14T12:04:59.661,4.003020286740082,4.005058050457123,4.004378795884776,4.0034189226281,0.017446496004124127,1.8876792125510633,3.161281535701832,2.736747427984909,2.1368266425625393,-49.78191879994845
2026-04-14T12:04:59.771,4.003020286740082,4.005058050457123,4.004378795884776,4.0034189226281,0.017446496004124127,1.8876792125510633,3.161281535701832,2.736747427984909,2.1368266425625393,-49.78191879994845
2026-04-14T12:04:59.881,4.003041267576293,4.005401611650086,4.004664659778157,4.003843784561383,0.010784563454604127,1.9007922351832462,3.3760072813038278,2.9154123613484018,2.402365350864244,-49.86519295681745
2026-04-14T12:04:59.990,4.003041267576293,4.005401611650086,4.004664659778157,4.003843784561383,0.010784563454604127,1.9007922351832462,3.3760072813038278,2.9154123613484018,2.402365350864244,-49.86519295681745
2026-04-14T12:05:00.100,4.003041267576293,4.005401611650086,4.004664659778157,4.003843784561383,0.010784563454604127,1.9007922351832462,3.3760072813038278,2.9154123613484018,2.402365350864244,-49.86519295681745
2026-04-14T12:05:00.206,4.002899646931866,4.005454063740615,4.00467777280079,4.0038542749794885,0.01060033960981172,1.8122793324160114,3.408789837884285,2.923608000493516,2.4089218621803354,-49.86749575487735
2026-04-14T12:05:00.312,4.002899646931866,4.005454063740615,4.00467777280079,4.0038542749794885,0.01060033960981172,1.8122793324160114,3.408789837884285,2.923608000493516,2.4089218621803354,-49.86749575487735
2026-04-14T12:05:00.419,4.002899646931866,4.005454063740615,4.00467777280079,4.0038542749794885,0.01060033960981172,1.8122793324160114,3.408789837884285,2.923608000493516,2.4089218621803354,-49.86749575487735
2026-04-14T12:05:00.528,4.0037336351712725,4.005406856859139,4.004328966398774,4.003408432209994,0.008882576732693333,2.3335219820452835,3.3792855369618735,2.7056039992334746,2.130270131246448,-49.888967790841335
2026-04-14T12:05:00.653,4.0037336351712725,4.005406856859139,4.004328966398774,4.003408432209994,0.008882576732693333,2.3335219820452835,3.3792855369618735,2.7056039992334746,2.130270131246448,-49.888967790841335
2026-04-14T12:05:00.765,4.0037336351712725,4.005406856859139,4.004328966398774,4.003408432209994,0.008882576732693333,2.3335219820452835,3.3792855369618735,2.7056039992334746,2.130270131246448,-49.888967790841335
2026-04-14T12:05:00.872,4.003571033690633,4.004819393445217,4.004507303506571,4.003518581600105,0.0013194410505402094,2.2318960566458657,3.012120903260751,2.8170646916070297,2.1991135000654083,-49.98350698686825
2026-04-14T12:05:00.996,4.003571033690633,4.004819393445217,4.004507303506571,4.003518581600105,0.0013194410505402094,2.2318960566458657,3.012120903260751,2.8170646916070297,2.1991135000654083,-49.98350698686825
2026-04-14T12:05:01.091,4.003571033690633,4.004819393445217,4.004507303506571,4.003518581600105,0.0013194410505402094,2.2318960566458657,3.012120903260751,2.8170646916070297,2.1991135000654083,-49.98350698686825
2026-04-14T12:05:01.213,4.004168987522661,4.005113125152178,4.004297495144456,4.003898859256438,0.01444912425912335,2.6056172016630796,3.1957032201113122,2.6859344652852,2.436787035273724,-49.81938594676096
2026-04-14T12:05:01.323,4.004168987522661,4.005113125152178,4.004297495144456,4.003898859256438,0.01444912425912335,2.6056172016630796,3.1957032201113122,2.6859344652852,2.436787035273724,-49.81938594676096
2026-04-14T12:05:01.433,4.004168987522661,4.005113125152178,4.004297495144456,4.003898859256438,0.01444912425912335,2.6056172016630796,3.1957032201113122,2.6859344652852,2.436787035273724,-49.81938594676096
2026-04-14T12:05:01.541,4.003578901504213,4.0053439143505045,4.004344702025932,4.00330877323799,0.0054420719556243355,2.2368134401329343,3.3399464690653247,2.715438766207612,2.067983273743579,-49.93197410055469
2026-04-14T12:05:01.651,4.003578901504213,4.0053439143505045,4.004344702025932,4.00330877323799,0.0054420719556243355,2.2368134401329343,3.3399464690653247,2.715438766207612,2.067983273743579,-49.93197410055469
2026-04-14T12:05:01.760,4.003578901504213,4.0053439143505045,4.004344702025932,4.00330877323799,0.0054420719556243355,2.2368134401329343,3.3399464690653247,2.715438766207612,2.067983273743579,-49.93197410055469
2026-04-14T12:05:01.868,4.003641844012847,4.005136728592916,4.004410267139093,4.003872633211174,0.016634915282471092,2.276152508029483,3.210455370572518,2.7564169619331835,2.4203957569834955,-49.79206355896911
2026-04-14T12:05:01.976,4.003641844012847,4.005136728592916,4.004410267139093,4.003872633211174,0.016634915282471092,2.276152508029483,3.210455370572518,2.7564169619331835,2.4203957569834955,-49.79206355896911
2026-04-14T12:05:02.084,4.003641844012847,4.005136728592916,4.004410267139093,4.003872633211174,0.016634915282471092,2.276152508029483,3.210455370572518,2.7564169619331835,2.4203957569834955,-49.79206355896911
2026-04-14T12:05:02.193,4.003885746233806,4.005155086824601,4.004410267139093,4.003332376678728,0.017023279063384814,2.42859139612861,3.221929265375678,2.7564169619331835,2.0827354242047846,-49.78720901170769
2026-04-14T12:05:02.302,4.003885746233806,4.005155086824601,4.004410267139093,4.003332376678728,0.017023279063384814,2.42859139612861,3.221929265375678,2.7564169619331835,2.0827354242047846,-49.78720901170769
2026-04-14T12:05:02.412,4.003885746233806,4.005155086824601,4.004410267139093,4.003332376678728,0.017023279063384814,2.42859139612861,3.221929265375678,2.7564169619331835,2.0827354242047846,-49.78720901170769
2026-04-14T12:05:02.520,4.003969669578652,4.005186558078918,4.004287004726351,4.003518581600105,0.024999673640612795,2.4810434866573416,3.2415987993239526,2.6793779539691087,2.1991135000654083,-49.68750407949234
2026-04-14T12:05:02.630,4.003969669578652,4.005186558078918,4.004287004726351,4.003518581600105,0.024999673640612795,2.4810434866573416,3.2415987993239526,2.6793779539691087,2.1991135000654083,-49.68750407949234
2026-04-14T12:05:02.739,4.003969669578652,4.005186558078918,4.004287004726351,4.003518581600105,0.024999673640612795,2.4810434866573416,3.2415987993239526,2.6793779539691087,2.1991135000654083,-49.68750407949234
2026-04-14T12:05:02.848,4.004520416529203,4.005406856859139,4.004334211607826,4.003686428289797,0.0133786343501945,2.825260330752144,3.3792855369618735,2.7088822548915203,2.304017681122872,-49.832767070622566
2026-04-14T12:05:02.956,4.004520416529203,4.005406856859139,4.004334211607826,4.003686428289797,0.0133786343501945,2.825260330752144,3.3792855369618735,2.7088822548915203,2.304017681122872,-49.832767070622566
2026-04-14T12:05:03.064,4.004520416529203,4.005406856859139,4.004334211607826,4.003686428289797,0.0133786343501945,2.825260330752144,3.3792855369618735,2.7088822548915203,2.304017681122872,-49.832767070622566
2026-04-14T12:05:03.173,4.003432035650733,4.005419969881771,4.004095554595921,4.003114700503033,0.011924759683184155,2.1450222817082087,3.387481176106988,2.5597216224504393,1.9466878143958866,-49.8509405039602
2026-04-14T12:05:03.282,4.003432035650733,4.005419969881771,4.004095554595921,4.003114700503033,0.011924759683184155,2.1450222817082087,3.387481176106988,2.5597216224504393,1.9466878143958866,-49.8509405039602
2026-04-14T12:05:03.392,4.003432035650733,4.005419969881771,4.004095554595921,4.003114700503033,0.011924759683184155,2.1450222817082087,3.387481176106988,2.5597216224504393,1.9466878143958866,-49.8509405039602
2026-04-14T12:05:03.501,4.00330877323799,4.005212784124183,4.004376173280249,4.003586769317792,0.0334391173412379,2.067983273743579,3.2579900776141812,2.7351083001558862,2.241730823620003,-49.58201103323452
2026-04-14T12:05:03.609,4.00330877323799,4.005212784124183,4.004376173280249,4.003586769317792,0.0334391173412379,2.067983273743579,3.2579900776141812,2.7351083001558862,2.241730823620003,-49.58201103323452
2026-04-14T12:05:03.718,4.00330877323799,4.005212784124183,4.004376173280249,4.003586769317792,0.0334391173412379,2.067983273743579,3.2579900776141812,2.7351083001558862,2.241730823620003,-49.58201103323452
2026-04-14T12:05:03.828,4.003390073978309,4.004945278462486,4.004195213567925,4.003182888220721,0.030556263121378355,2.1187962364432877,3.0907990390538487,2.6220084799533083,1.9893051379504811,-49.618046710982775
2026-04-14T12:05:03.939,4.003390073978309,4.004945278462486,4.004195213567925,4.003182888220721,0.030556263121378355,2.1187962364432877,3.0907990390538487,2.6220084799533083,1.9893051379504811,-49.618046710982775
2026-04-14T12:05:04.047,4.003390073978309,4.004945278462486,4.004195213567925,4.003182888220721,0.030556263121378355,2.1187962364432877,3.0907990390538487,2.6220084799533083,1.9893051379504811,-49.618046710982775
2026-04-14T12:05:04.157,4.003717899544114,4.005037069620911,4.00466990498721,4.003665447453585,0.022276148151384515,2.3236872150711463,3.148168513069649,2.9186906170064475,2.290904658490689,-49.72154814810769
2026-04-14T12:05:04.267,4.003717899544114,4.005037069620911,4.00466990498721,4.003665447453585,0.022276148151384515,2.3236872150711463,3.148168513069649,2.9186906170064475,2.290904658490689,-49.72154814810769
2026-04-14T12:05:04.377,4.003717899544114,4.005037069620911,4.00466990498721,4.003665447453585,0.022276148151384515,2.3236872150711463,3.148168513069649,2.9186906170064475,2.290904658490689,-49.72154814810769
2026-04-14T12:05:04.485,4.003851652374962,4.005152464220075,4.003974914787705,4.0035474302498955,0.014294774551324305,2.4072827343513126,3.2202901375466553,2.4843217423153874,2.21714390618466,-49.82131531810845
2026-04-14T12:05:04.593,4.003851652374962,4.005152464220075,4.003974914787705,4.0035474302498955,0.014294774551324305,2.4072827343513126,3.2202901375466553,2.4843217423153874,2.21714390618466,-49.82131531810845
2026-04-14T12:05:04.702,4.003851652374962,4.005152464220075,4.003974914787705,4.0035474302498955,0.014294774551324305,2.4072827343513126,3.2202901375466553,2.4843217423153874,2.21714390618466,-49.82131531810845
2026-04-14T12:05:04.810,4.003534317227263,4.004968881903224,4.004061460737077,4.0034189226281,0.014244984323002034,2.2089482670395455,3.1055511895150545,2.538412960673142,2.1368266425625393,-49.821937695962475
2026-04-14T12:05:04.919,4.003534317227263,4.004968881903224,4.004061460737077,4.0034189226281,0.014244984323002034,2.2089482670395455,3.1055511895150545,2.538412960673142,2.1368266425625393,-49.821937695962475
2026-04-14T12:05:05.028,4.003534317227263,4.004968881903224,4.004061460737077,4.0034189226281,0.014244984323002034,2.2089482670395455,3.1055511895150545,2.538412960673142,2.1368266425625393,-49.821937695962475
2026-04-14T12:05:05.153,4.004307985562562,4.004932165439854,4.004145384081923,4.003403187000941,0.022410581767854647,2.6924909766012917,3.0826033999087343,2.590865051201874,2.126991875588402,-49.719867727901814
2026-04-14T12:05:05.261,4.004307985562562,4.004932165439854,4.004145384081923,4.003403187000941,0.022410581767854647,2.6924909766012917,3.0826033999087343,2.590865051201874,2.126991875588402,-49.719867727901814
2026-04-14T12:05:05.357,4.004307985562562,4.004932165439854,4.004145384081923,4.003403187000941,0.022410581767854647,2.6924909766012917,3.0826033999087343,2.590865051201874,2.126991875588402,-49.719867727901814
2026-04-14T12:05:05.479,4.003675937871691,4.005215406728709,4.004384041093829,4.003788709866328,0.01740168479863408,2.2974611698067804,3.259629205443204,2.740025683642955,2.3679436664547637,-49.78247894001707
2026-04-14T12:05:05.587,4.003675937871691,4.005215406728709,4.004384041093829,4.003788709866328,0.01740168479863408,2.2974611698067804,3.259629205443204,2.740025683642955,2.3679436664547637,-49.78247894001707
2026-04-14T12:05:05.697,4.003675937871691,4.005215406728709,4.004384041093829,4.003788709866328,0.01740168479863408,2.2974611698067804,3.259629205443204,2.740025683642955,2.3679436664547637,-49.78247894001707
2026-04-14T12:05:05.806,4.003675937871691,4.005063295666176,4.004617452896682,4.003804445493486,0.010097458303756772,2.2974611698067804,3.1645597913598777,2.88590806042599,2.377778433428901,-49.87378177120304
2026-04-14T12:05:05.915,4.003675937871691,4.005063295666176,4.004617452896682,4.003804445493486,0.010097458303756772,2.2974611698067804,3.1645597913598777,2.88590806042599,2.377778433428901,-49.87378177120304
2026-04-14T12:05:06.025,4.003675937871691,4.005063295666176,4.004617452896682,4.003804445493486,0.010097458303756772,2.2974611698067804,3.1645597913598777,2.88590806042599,2.377778433428901,-49.87378177120304
2026-04-14T12:05:06.134,4.003411054814521,4.0049111846036425,4.004326343794247,4.003799200284433,0.013109767117254232,2.1319092590754707,3.0694903772765514,2.7039648714044517,2.374500177770855,-49.836127911034325
2026-04-14T12:05:06.242,4.003411054814521,4.0049111846036425,4.004326343794247,4.003799200284433,0.013109767117254232,2.1319092590754707,3.0694903772765514,2.7039648714044517,2.374500177770855,-49.836127911034325
2026-04-14T12:05:06.352,4.003411054814521,4.0049111846036425,4.004326343794247,4.003799200284433,0.013109767117254232,2.1319092590754707,3.0694903772765514,2.7039648714044517,2.374500177770855,-49.836127911034325
2026-04-14T12:05:06.460,4.003219604684091,4.005102634734072,4.004252910867507,4.003214359475038,0.012711445290676054,2.0122529275568013,3.1891467087952208,2.6580692921918114,2.0089746718987556,-49.84110693386655
2026-04-14T12:05:06.569,4.003219604684091,4.005102634734072,4.004252910867507,4.003214359475038,0.012711445290676054,2.0122529275568013,3.1891467087952208,2.6580692921918114,2.0089746718987556,-49.84110693386655
2026-04-14T12:05:06.679,4.003219604684091,4.005102634734072,4.004252910867507,4.003214359475038,0.012711445290676054,2.0122529275568013,3.1891467087952208,2.6580692921918114,2.0089746718987556,-49.84110693386655
2026-04-14T12:05:06.787,4.003712654335061,4.005002975762068,4.004048347714445,4.003358602723992,0.027449352874068578,2.3204089594131005,3.1268598512923518,2.5302173215280277,2.0991267024950133,-49.65688308907414
2026-04-14T12:05:06.911,4.003712654335061,4.005002975762068,4.004048347714445,4.003358602723992,0.027449352874068578,2.3204089594131005,3.1268598512923518,2.5302173215280277,2.0991267024950133,-49.65688308907414
2026-04-14T12:05:07.005,4.003712654335061,4.005002975762068,4.004048347714445,4.003358602723992,0.027449352874068578,2.3204089594131005,3.1268598512923518,2.5302173215280277,2.0991267024950133,-49.65688308907414
2026-04-14T12:05:07.114,4.003560543272528,4.00452303913373,4.004252910867507,4.003809690702539,0.027339814371759582,2.225339545329774,2.826899458581167,2.6580692921918114,2.3810566890869467,-49.65825232035301
2026-04-14T12:05:07.223,4.003560543272528,4.00452303913373,4.004252910867507,4.003809690702539,0.027339814371759582,2.225339545329774,2.826899458581167,2.6580692921918114,2.3810566890869467,-49.65825232035301
2026-04-14T12:05:07.332,4.003560543272528,4.00452303913373,4.004252910867507,4.003809690702539,0.027339814371759582,2.225339545329774,2.826899458581167,2.6580692921918114,2.3810566890869467,-49.65825232035301
2026-04-14T12:05:07.440,4.003282547192725,4.00486135511764,4.004892826371957,4.003723144753167,0.025562303220654472,2.05159199545335,3.038346948525117,3.0580164824733913,2.326965470729192,-49.68047120974182
2026-04-14T12:05:07.549,4.003282547192725,4.00486135511764,4.004892826371957,4.003723144753167,0.025562303220654472,2.05159199545335,3.038346948525117,3.0580164824733913,2.326965470729192,-49.68047120974182
2026-04-14T12:05:07.657,4.003282547192725,4.00486135511764,4.004892826371957,4.003723144753167,0.025562303220654472,2.05159199545335,3.038346948525117,3.0580164824733913,2.326965470729192,-49.68047120974182
2026-04-14T12:05:07.766,4.003062248412505,4.004992485343962,4.004780054377321,4.003935575719808,0.019423168068518328,1.9139052578154292,3.1203033399762603,2.987533985825408,2.4597348248800444,-49.75721039914352
2026-04-14T12:05:07.875,4.003062248412505,4.004992485343962,4.004780054377321,4.003935575719808,0.019423168068518328,1.9139052578154292,3.1203033399762603,2.987533985825408,2.4597348248800444,-49.75721039914352
2026-04-14T12:05:07.986,4.003062248412505,4.004992485343962,4.004780054377321,4.003935575719808,0.019423168068518328,1.9139052578154292,3.1203033399762603,2.987533985825408,2.4597348248800444,-49.75721039914352
2026-04-14T12:05:08.093,4.003329754074201,4.0047852995863735,4.004195213567925,4.004009008646548,0.01623161443306069,2.0810962963757618,2.9908122414834537,2.6220084799533083,2.5056304040926847,-49.79710481958674
2026-04-14T12:05:08.203,4.003329754074201,4.0047852995863735,4.004195213567925,4.004009008646548,0.01623161443306069,2.0810962963757618,2.9908122414834537,2.6220084799533083,2.5056304040926847,-49.79710481958674
2026-04-14T12:05:08.313,4.003329754074201,4.0047852995863735,4.004195213567925,4.004009008646548,0.01623161443306069,2.0810962963757618,2.9908122414834537,2.6220084799533083,2.5056304040926847,-49.79710481958674
2026-04-14T12:05:08.420,4.003374338351151,4.004863977722167,4.004656791964578,4.003864765397594,0.015076481135983977,2.1089614694691505,3.0399860763541398,2.910494977861333,2.415478373496427,-49.8115439858002
2026-04-14T12:05:08.529,4.003374338351151,4.004863977722167,4.004656791964578,4.003864765397594,0.015076481135983977,2.1089614694691505,3.0399860763541398,2.910494977861333,2.415478373496427,-49.8115439858002
2026-04-14T12:05:08.638,4.003374338351151,4.004863977722167,4.004656791964578,4.003864765397594,0.015076481135983977,2.1089614694691505,3.0399860763541398,2.910494977861333,2.415478373496427,-49.8115439858002
2026-04-14T12:05:08.763,4.003502845972946,4.0048272612587965,4.004342079421406,4.0032169820795644,0.019637266050304098,2.189278733091271,3.0170382867478196,2.713799638378589,2.0106137997277784,-49.7545341743712
2026-04-14T12:05:08.870,4.003502845972946,4.0048272612587965,4.004342079421406,4.0032169820795644,0.019637266050304098,2.189278733091271,3.0170382867478196,2.713799638378589,2.0106137997277784,-49.7545341743712
2026-04-14T12:05:08.980,4.003502845972946,4.0048272612587965,4.004342079421406,4.0032169820795644,0.019637266050304098,2.189278733091271,3.0170382867478196,2.713799638378589,2.0106137997277784,-49.7545341743712
2026-04-14T12:05:09.091,4.003783464657275,4.005131483383864,4.0045387747608885,4.003489732950314,0.01937835686302828,2.364665410796718,3.2071771149150274,2.836734225555304,2.1810830939461567,-49.757770539212146
2026-04-14T12:05:09.199,4.003783464657275,4.005131483383864,4.0045387747608885,4.003489732950314,0.01937835686302828,2.364665410796718,3.2071771149150274,2.836734225555304,2.1810830939461567,-49.757770539212146
2026-04-14T12:05:09.307,4.003783464657275,4.005131483383864,4.0045387747608885,4.003489732950314,0.01937835686302828,2.364665410796718,3.2071771149150274,2.836734225555304,2.1810830939461567,-49.757770539212146
2026-04-14T12:05:09.417,4.003424167837153,4.00531768830524,4.004192590963399,4.003119945712086,0.015041627976158385,2.140104898220585,3.323555190775096,2.6203693521242855,1.9499660700539323,-49.81197965029802
2026-04-14T12:05:09.525,4.003424167837153,4.00531768830524,4.004192590963399,4.003119945712086,0.015041627976158385,2.140104898220585,3.323555190775096,2.6203693521242855,1.9499660700539323,-49.81197965029802
2026-04-14T12:05:09.634,4.003424167837153,4.00531768830524,4.004192590963399,4.003119945712086,0.015041627976158385,2.140104898220585,3.323555190775096,2.6203693521242855,1.9499660700539323,-49.81197965029802
2026-04-14T12:05:09.745,4.003851652374962,4.004848242095008,4.004761696145636,4.003424167837153,0.01764067789458099,2.4072827343513126,3.0301513093800025,2.976060091022248,2.140104898220585,-49.779491526317734
2026-04-14T12:05:09.853,4.003851652374962,4.004848242095008,4.004761696145636,4.003424167837153,0.01764067789458099,2.4072827343513126,3.0301513093800025,2.976060091022248,2.140104898220585,-49.779491526317734
2026-04-14T12:05:09.962,4.003851652374962,4.004848242095008,4.004761696145636,4.003424167837153,0.01764067789458099,2.4072827343513126,3.0301513093800025,2.976060091022248,2.140104898220585,-49.779491526317734
2026-04-14T12:05:10.072,4.00375723861201,4.004822016049744,4.004845619490482,4.003253698542935,0.016132033976416143,2.3482741325064893,3.013760031089774,3.0285121815509797,2.0335615893340986,-49.7983495752948
2026-04-14T12:05:10.182,4.00375723861201,4.004822016049744,4.004845619490482,4.003253698542935,0.016132033976416143,2.3482741325064893,3.013760031089774,3.0285121815509797,2.0335615893340986,-49.7983495752948
2026-04-14T12:05:10.291,4.00375723861201,4.004822016049744,4.004845619490482,4.003253698542935,0.016132033976416143,2.3482741325064893,3.013760031089774,3.0285121815509797,2.0335615893340986,-49.7983495752948
2026-04-14T12:05:10.398,4.003731012566746,4.005273104028291,4.004446983602463,4.002975702463132,0.014717991492063619,2.3318828542162606,3.295690017681707,2.7793647515395037,1.8598140394576745,-49.8160251063492
2026-04-14T12:05:10.507,4.003731012566746,4.005273104028291,4.004446983602463,4.002975702463132,0.014717991492063619,2.3318828542162606,3.295690017681707,2.7793647515395037,1.8598140394576745,-49.8160251063492
2026-04-14T12:05:10.616,4.003731012566746,4.005273104028291,4.004446983602463,4.002975702463132,0.014717991492063619,2.3318828542162606,3.295690017681707,2.7793647515395037,1.8598140394576745,-49.8160251063492
2026-04-14T12:05:10.727,4.003633976199268,4.0049951079484885,4.004281759517299,4.003287792401778,0.014688117355070255,2.2712351245424145,3.121942467805283,2.676099698311618,2.054870251111396,-49.81639853306162
2026-04-14T12:05:10.835,4.003633976199268,4.0049951079484885,4.004281759517299,4.003287792401778,0.014688117355070255,2.2712351245424145,3.121942467805283,2.676099698311618,2.054870251111396,-49.81639853306162
2026-04-14T12:05:10.945,4.003633976199268,4.0049951079484885,4.004281759517299,4.003287792401778,0.014688117355070255,2.2712351245424145,3.121942467805283,2.676099698311618,2.054870251111396,-49.81639853306162
2026-04-14T12:05:11.054,4.00330090542441,4.00494265585796,4.00444960620699,4.0039198400926495,0.01246747317189692,2.06306589025651,3.089159911224826,2.7810038793685266,2.449900057905907,-49.84415658535129
2026-04-14T12:05:11.164,4.00330090542441,4.00494265585796,4.00444960620699,4.0039198400926495,0.01246747317189692,2.06306589025651,3.089159911224826,2.7810038793685266,2.449900057905907,-49.84415658535129
2026-04-14T12:05:11.272,4.00330090542441,4.00494265585796,4.00444960620699,4.0039198400926495,0.01246747317189692,2.06306589025651,3.089159911224826,2.7810038793685266,2.449900057905907,-49.84415658535129
2026-04-14T12:05:11.383,4.003075361435137,4.005252123192079,4.004129648454764,4.003888368838332,0.01576358628683133,1.9221008969605435,3.2825769950495243,2.5810302842277366,2.4302305239576327,-49.80295517141461
2026-04-14T12:05:11.492,4.003075361435137,4.005252123192079,4.004129648454764,4.003888368838332,0.01576358628683133,1.9221008969605435,3.2825769950495243,2.5810302842277366,2.4302305239576327,-49.80295517141461
2026-04-14T12:05:11.593,4.003075361435137,4.005252123192079,4.004129648454764,4.003888368838332,0.01576358628683133,1.9221008969605435,3.2825769950495243,2.5810302842277366,2.4302305239576327,-49.80295517141461
2026-04-14T12:05:11.709,4.003416300023574,4.005517006249249,4.00414013887287,4.003424167837153,0.018830664351483287,2.1351875147335164,3.448128905780834,2.587586795543828,2.140104898220585,-49.764616695606456
2026-04-14T12:05:11.810,4.003416300023574,4.005517006249249,4.00414013887287,4.003424167837153,0.018830664351483287,2.1351875147335164,3.448128905780834,2.587586795543828,2.140104898220585,-49.764616695606456
2026-04-14T12:05:11.927,4.003416300023574,4.005517006249249,4.00414013887287,4.003424167837153,0.018830664351483287,2.1351875147335164,3.448128905780834,2.587586795543828,2.140104898220585,-49.764616695606456
2026-04-14T12:05:12.034,4.003846407165909,4.005094766920493,4.004279136912771,4.003253698542935,0.011850074340700747,2.404004478693267,3.184229325308152,2.67446057048204,2.0335615893340986,-49.85187407074124
2026-04-14T12:05:12.144,4.003846407165909,4.005094766920493,4.004279136912771,4.003253698542935,0.011850074340700747,2.404004478693267,3.184229325308152,2.67446057048204,2.0335615893340986,-49.85187407074124
2026-04-14T12:05:12.252,4.003846407165909,4.005094766920493,4.004279136912771,4.003253698542935,0.011850074340700747,2.404004478693267,3.184229325308152,2.67446057048204,2.0335615893340986,-49.85187407074124
2026-04-14T12:05:12.360,4.003662824849059,4.005189180683445,4.0045571329925735,4.0033192636560955,0.010904060002577579,2.289265530661666,3.2432379271529754,2.848208120358464,2.0745397850596703,-49.86369924996778
2026-04-14T12:05:12.468,4.003662824849059,4.005189180683445,4.0045571329925735,4.0033192636560955,0.010904060002577579,2.289265530661666,3.2432379271529754,2.848208120358464,2.0745397850596703,-49.86369924996778
2026-04-14T12:05:12.577,4.003662824849059,4.005189180683445,4.0045571329925735,4.0033192636560955,0.010904060002577579,2.289265530661666,3.2432379271529754,2.848208120358464,2.0745397850596703,-49.86369924996778
2026-04-14T12:05:12.686,4.003453016486944,4.005152464220075,4.003563165877054,4.003085851853243,0.00799631066855689,2.1581353043398366,3.2202901375466553,2.226978673158797,1.928657408276635,-49.90004611664304
2026-04-14T12:05:12.794,4.003453016486944,4.005152464220075,4.003563165877054,4.003085851853243,0.00799631066855689,2.1581353043398366,3.2202901375466553,2.226978673158797,1.928657408276635,-49.90004611664304
2026-04-14T12:05:12.904,4.003453016486944,4.005152464220075,4.003563165877054,4.003085851853243,0.00799631066855689,2.1581353043398366,3.2202901375466553,2.226978673158797,1.928657408276635,-49.90004611664304
2026-04-14T12:05:13.014,4.003833294143277,4.005044937434491,4.0040824415732885,4.003904104465491,0.003385735525914499,2.3958088395481525,3.1530858965567177,2.551525983305325,2.44006529093177,-49.957678305926066
2026-04-14T12:05:13.137,4.003833294143277,4.005044937434491,4.0040824415732885,4.003904104465491,0.003385735525914499,2.3958088395481525,3.1530858965567177,2.551525983305325,2.44006529093177,-49.957678305926066
2026-04-14T12:05:13.245,4.003833294143277,4.005044937434491,4.0040824415732885,4.003904104465491,0.003385735525914499,2.3958088395481525,3.1530858965567177,2.551525983305325,2.44006529093177,-49.957678305926066
2026-04-14T12:05:13.355,4.00357365629516,4.005346536955031,4.004019499064654,4.0036470892219,0.008369737380973932,2.2335351844748885,3.3415855968943475,2.512186915408776,2.279430763687529,-49.89537828273782
2026-04-14T12:05:13.466,4.00357365629516,4.005346536955031,4.004019499064654,4.0036470892219,0.008369737380973932,2.2335351844748885,3.3415855968943475,2.512186915408776,2.279430763687529,-49.89537828273782
2026-04-14T12:05:13.560,4.00357365629516,4.005346536955031,4.004019499064654,4.0036470892219,0.008369737380973932,2.2335351844748885,3.3415855968943475,2.512186915408776,2.279430763687529,-49.89537828273782
2026-04-14T12:05:13.674,4.003492355554841,4.005165577242707,4.004289627330877,4.003909349674544,0.014354522825311031,2.1827222217757347,3.2284857766917696,2.6810170817981316,2.4433435465898157,-49.82056846468361
2026-04-14T12:05:13.792,4.003492355554841,4.005165577242707,4.004289627330877,4.003909349674544,0.014354522825311031,2.1827222217757347,3.2284857766917696,2.6810170817981316,2.4433435465898157,-49.82056846468361
2026-04-14T12:05:13.887,4.003492355554841,4.005165577242707,4.004289627330877,4.003909349674544,0.014354522825311031,2.1827222217757347,3.2284857766917696,2.6810170817981316,2.4433435465898157,-49.82056846468361
2026-04-14T12:05:14.009,4.0031907560343,4.005228519751341,4.004092931991394,4.003243208124829,0.012621822879695965,1.9942225214375497,3.2678248445883185,2.5580824946214165,2.027005078018007,-49.8422272140038
2026-04-14T12:05:14.119,4.0031907560343,4.005228519751341,4.004092931991394,4.003243208124829,0.012621822879695965,1.9942225214375497,3.2678248445883185,2.5580824946214165,2.027005078018007,-49.8422272140038
2026-04-14T12:05:14.218,4.0031907560343,4.005228519751341,4.004092931991394,4.003243208124829,0.012621822879695965,1.9942225214375497,3.2678248445883185,2.5580824946214165,2.027005078018007,-49.8422272140038
2026-04-14T12:05:14.337,4.002996683299344,4.005451441136088,4.004203081381505,4.00372052214864,0.015011753839165023,1.8729270620898575,3.4071507100552623,2.626925863440377,2.325326342900169,-49.812353077010435
2026-04-14T12:05:14.437,4.002996683299344,4.005451441136088,4.004203081381505,4.00372052214864,0.015011753839165023,1.8729270620898575,3.4071507100552623,2.626925863440377,2.325326342900169,-49.812353077010435
2026-04-14T12:05:14.544,4.002996683299344,4.005451441136088,4.004203081381505,4.00372052214864,0.015011753839165023,1.8729270620898575,3.4071507100552623,2.626925863440377,2.325326342900169,-49.812353077010435
2026-04-14T12:05:14.663,4.003741502984852,4.0057582858656815,4.0047852995863735,4.003605127549477,0.01036632553669704,2.338439365532352,3.598928666050938,2.9908122414834537,2.253204718423163,-49.87042093079129
2026-04-14T12:05:14.771,4.003741502984852,4.0057582858656815,4.0047852995863735,4.003605127549477,0.01036632553669704,2.338439365532352,3.598928666050938,2.9908122414834537,2.253204718423163,-49.87042093079129
2026-04-14T12:05:14.881,4.003741502984852,4.0057582858656815,4.0047852995863735,4.003605127549477,0.01036632553669704,2.338439365532352,3.598928666050938,2.9908122414834537,2.253204718423163,-49.87042093079129
2026-04-14T12:05:14.990,4.0034189226281,4.0050737860842816,4.004043102505392,4.003744125589378,0.01946797927400837,2.1368266425625393,3.1711163026759692,2.526939065869982,2.340078493361375,-49.756650259074895
2026-04-14T12:05:15.099,4.0034189226281,4.0050737860842816,4.004043102505392,4.003744125589378,0.01946797927400837,2.1368266425625393,3.1711163026759692,2.526939065869982,2.340078493361375,-49.756650259074895
2026-04-14T12:05:15.209,4.0034189226281,4.0050737860842816,4.004043102505392,4.003744125589378,0.01946797927400837,2.1368266425625393,3.1711163026759692,2.526939065869982,2.340078493361375,-49.756650259074895
2026-04-14T12:05:15.319,4.0036497118264265,4.005118370361231,4.004481077461307,4.0032169820795644,0.011820200203707384,2.2810698915165517,3.198981475769358,2.800673413316801,2.0106137997277784,-49.852247497453654
2026-04-14T12:05:15.428,4.0036497118264265,4.005118370361231,4.004481077461307,4.0032169820795644,0.011820200203707384,2.2810698915165517,3.198981475769358,2.800673413316801,2.0106137997277784,-49.852247497453654
2026-04-14T12:05:15.537,4.0036497118264265,4.005118370361231,4.004481077461307,4.0032169820795644,0.011820200203707384,2.2810698915165517,3.198981475769358,2.800673413316801,2.0106137997277784,-49.852247497453654
2026-04-14T12:05:15.646,4.003654957035479,4.005220651937762,4.003864765397594,4.003350734910413,0.014673180286573573,2.2843481471745974,3.26290746110125,2.415478373496427,2.0942093190079447,-49.81658524641783
2026-04-14T12:05:15.754,4.003654957035479,4.005220651937762,4.003864765397594,4.003350734910413,0.014673180286573573,2.2843481471745974,3.26290746110125,2.415478373496427,2.0942093190079447,-49.81658524641783
2026-04-14T12:05:15.865,4.003654957035479,4.005220651937762,4.003864765397594,4.003350734910413,0.014673180286573573,2.2843481471745974,3.26290746110125,2.415478373496427,2.0942093190079447,-49.81658524641783
2026-04-14T12:05:15.973,4.00345563909147,4.00520753891513,4.0043709280711965,4.00380182288896,0.009146464942801375,2.1597744321688594,3.2547118219561355,2.7318300444978405,2.376139305599878,-49.88566918821498
2026-04-14T12:05:16.082,4.00345563909147,4.00520753891513,4.0043709280711965,4.00380182288896,0.009146464942801375,2.1597744321688594,3.2547118219561355,2.7318300444978405,2.376139305599878,-49.88566918821498
2026-04-14T12:05:16.190,4.00345563909147,4.00520753891513,4.0043709280711965,4.00380182288896,0.009146464942801375,2.1597744321688594,3.2547118219561355,2.7318300444978405,2.376139305599878,-49.88566918821498
2026-04-14T12:05:16.297,4.003731012566746,4.00508952171144,4.004132271059291,4.00338220616473,0.021145909968468938,2.3318828542162606,3.1809510696501064,2.5826694120567595,2.113878852956219,-49.73567612539414
2026-04-14T12:05:16.407,4.003731012566746,4.00508952171144,4.004132271059291,4.00338220616473,0.021145909968468938,2.3318828542162606,3.1809510696501064,2.5826694120567595,2.113878852956219,-49.73567612539414
2026-04-14T12:05:16.517,4.003731012566746,4.00508952171144,4.004132271059291,4.00338220616473,0.021145909968468938,2.3318828542162606,3.1809510696501064,2.5826694120567595,2.113878852956219,-49.73567612539414
2026-04-14T12:05:16.626,4.004155874500029,4.0055117610401965,4.004182100545293,4.003466129509576,0.00976386377399755,2.5974215625179653,3.4448506501227882,2.613812840808194,2.166330943484951,-49.87795170282503
2026-04-14T12:05:16.735,4.004155874500029,4.0055117610401965,4.004182100545293,4.003466129509576,0.00976386377399755,2.5974215625179653,3.4448506501227882,2.613812840808194,2.166330943484951,-49.87795170282503
2026-04-14T12:05:16.842,4.004155874500029,4.0055117610401965,4.004182100545293,4.003466129509576,0.00976386377399755,2.5974215625179653,3.4448506501227882,2.613812840808194,2.166330943484951,-49.87795170282503
2026-04-14T12:05:16.966,4.003508091181999,4.005438328113456,4.004444360997937,4.003749370798431,0.021101098762978894,2.192556988749317,3.398955070910148,2.777725623710481,2.3433567490194207,-49.736236265462765
2026-04-14T12:05:17.091,4.003508091181999,4.005438328113456,4.004444360997937,4.003749370798431,0.021101098762978894,2.192556988749317,3.398955070910148,2.777725623710481,2.3433567490194207,-49.736236265462765
2026-04-14T12:05:17.214,4.003508091181999,4.005438328113456,4.004444360997937,4.003749370798431,0.021101098762978894,2.192556988749317,3.398955070910148,2.777725623710481,2.3433567490194207,-49.736236265462765
2026-04-14T12:05:17.323,4.002818346191546,4.005336046536925,4.004832506467849,4.004006386042022,0.013428424578516772,1.7614663697163024,3.335029085578256,3.0203165424058653,2.503991276263662,-49.832144692768544
2026-04-14T12:05:17.432,4.002818346191546,4.005336046536925,4.004832506467849,4.004006386042022,0.013428424578516772,1.7614663697163024,3.335029085578256,3.0203165424058653,2.503991276263662,-49.832144692768544
2026-04-14T12:05:17.542,4.002818346191546,4.005336046536925,4.004832506467849,4.004006386042022,0.013428424578516772,1.7614663697163024,3.335029085578256,3.0203165424058653,2.503991276263662,-49.832144692768544
2026-04-14T12:05:17.652,4.003424167837153,4.005357027373137,4.003788709866328,4.0031750204071415,0.01905969940176574,2.140104898220585,3.348142108210439,2.3679436664547637,1.9843877544634125,-49.761753757477926
2026-04-14T12:05:17.760,4.003424167837153,4.005357027373137,4.003788709866328,4.0031750204071415,0.01905969940176574,2.140104898220585,3.348142108210439,2.3679436664547637,1.9843877544634125,-49.761753757477926
2026-04-14T12:05:17.868,4.003424167837153,4.005357027373137,4.003788709866328,4.0031750204071415,0.01905969940176574,2.140104898220585,3.348142108210439,2.3679436664547637,1.9843877544634125,-49.761753757477926
2026-04-14T12:05:17.967,4.003445148673364,4.005349159559557,4.003977537392231,4.003222227288617,0.020409014589299314,2.153217920852768,3.3432247247233704,2.4859608701444103,2.013892055385824,-49.744887317633754
2026-04-14T12:05:18.081,4.003445148673364,4.005349159559557,4.003977537392231,4.003222227288617,0.020409014589299314,2.153217920852768,3.3432247247233704,2.4859608701444103,2.013892055385824,-49.744887317633754
2026-04-14T12:05:18.196,4.003445148673364,4.005349159559557,4.003977537392231,4.003222227288617,0.020409014589299314,2.153217920852768,3.3432247247233704,2.4859608701444103,2.013892055385824,-49.744887317633754
2026-04-14T12:05:18.304,4.003552675458948,4.0053675177912424,4.004357815048564,4.003796577679907,0.030431787550572676,2.2204221618427056,3.3546986195265305,2.723634405352726,2.3728610499418323,-49.61960265561784
2026-04-14T12:05:18.413,4.003552675458948,4.0053675177912424,4.004357815048564,4.003796577679907,0.030431787550572676,2.2204221618427056,3.3546986195265305,2.723634405352726,2.3728610499418323,-49.61960265561784
2026-04-14T12:05:18.522,4.003552675458948,4.0053675177912424,4.004357815048564,4.003796577679907,0.030431787550572676,2.2204221618427056,3.3546986195265305,2.723634405352726,2.3728610499418323,-49.61960265561784
2026-04-14T12:05:18.630,4.003203869056932,4.004732847495845,4.004554510388047,4.003696918707902,0.025393016444358745,2.002418160582664,2.9580296849029963,2.8465689925294413,2.3105741924389633,-49.68258729444552
2026-04-14T12:05:18.739,4.003203869056932,4.004732847495845,4.004554510388047,4.003696918707902,0.025393016444358745,2.002418160582664,2.9580296849029963,2.8465689925294413,2.3105741924389633,-49.68258729444552
2026-04-14T12:05:18.850,4.003203869056932,4.004732847495845,4.004554510388047,4.003696918707902,0.025393016444358745,2.002418160582664,2.9580296849029963,2.8465689925294413,2.3105741924389633,-49.68258729444552
2026-04-14T12:05:18.957,4.00372052214864,4.005286217050923,4.004305362958036,4.003715276939587,0.02901774506622015,2.325326342900169,3.3038856568268216,2.690851848772269,2.3220480872421234,-49.63727818667225
2026-04-14T12:05:19.065,4.00372052214864,4.005286217050923,4.004305362958036,4.003715276939587,0.02901774506622015,2.325326342900169,3.3038856568268216,2.690851848772269,2.3220480872421234,-49.63727818667225
2026-04-14T12:05:19.173,4.00372052214864,4.005286217050923,4.004305362958036,4.003715276939587,0.02901774506622015,2.325326342900169,3.3038856568268216,2.690851848772269,2.3220480872421234,-49.63727818667225
2026-04-14T12:05:19.284,4.003253698542935,4.005378008209348,4.004536152156362,4.003741502984852,0.031143787815581168,2.0335615893340986,3.361255130842622,2.835095097726281,2.338439365532352,-49.610702652305235
2026-04-14T12:05:19.392,4.003253698542935,4.005378008209348,4.004536152156362,4.003741502984852,0.031143787815581168,2.0335615893340986,3.361255130842622,2.835095097726281,2.338439365532352,-49.610702652305235
2026-04-14T12:05:19.501,4.003253698542935,4.005378008209348,4.004536152156362,4.003741502984852,0.031143787815581168,2.0335615893340986,3.361255130842622,2.835095097726281,2.338439365532352,-49.610702652305235
2026-04-14T12:05:19.610,4.0035238268091575,4.00528097184187,4.004234552635822,4.003552675458948,0.030904794719634258,2.202391755723454,3.300607401168776,2.6465953973886513,2.2204221618427056,-49.61369006600457
2026-04-14T12:05:19.719,4.0035238268091575,4.00528097184187,4.004234552635822,4.003552675458948,0.030904794719634258,2.202391755723454,3.300607401168776,2.6465953973886513,2.2204221618427056,-49.61369006600457
2026-04-14T12:05:19.828,4.0035238268091575,4.00528097184187,4.004234552635822,4.003552675458948,0.030904794719634258,2.202391755723454,3.300607401168776,2.6465953973886513,2.2204221618427056,-49.61369006600457
2026-04-14T12:05:19.935,4.003539562436316,4.005037069620911,4.004024744273707,4.003597259735898,0.02087704273552867,2.2122265226975912,3.148168513069649,2.515465171066822,2.2482873349360943,-49.739036965805894
2026-04-14T12:05:20.046,4.003539562436316,4.005037069620911,4.004024744273707,4.003597259735898,0.02087704273552867,2.2122265226975912,3.148168513069649,2.515465171066822,2.2482873349360943,-49.739036965805894
2026-04-14T12:05:20.156,4.003539562436316,4.005037069620911,4.004024744273707,4.003597259735898,0.02087704273552867,2.2122265226975912,3.148168513069649,2.515465171066822,2.2482873349360943,-49.739036965805894
2026-04-14T12:05:20.265,4.003654957035479,4.005304575282608,4.004276514308245,4.0032956602153575,0.01393130588457172,2.2843481471745974,3.3153595516299816,2.6728214426530172,2.0597876345984645,-49.825858676442856
2026-04-14T12:05:20.372,4.003654957035479,4.005304575282608,4.004276514308245,4.0032956602153575,0.01393130588457172,2.2843481471745974,3.3153595516299816,2.6728214426530172,2.0597876345984645,-49.825858676442856
2026-04-14T12:05:20.489,4.003654957035479,4.005304575282608,4.004276514308245,4.0032956602153575,0.01393130588457172,2.2843481471745974,3.3153595516299816,2.6728214426530172,2.0597876345984645,-49.825858676442856
2026-04-14T12:05:20.606,4.0033795835602035,4.005396366441033,4.00383853935233,4.0036497118264265,0.01252224242305142,2.1122397251271963,3.372729025645782,2.3990870952061982,2.2810698915165517,-49.84347196971186
2026-04-14T12:05:20.701,4.0033795835602035,4.005396366441033,4.00383853935233,4.0036497118264265,0.01252224242305142,2.1122397251271963,3.372729025645782,2.3990870952061982,2.2810698915165517,-49.84347196971186
2026-04-14T12:05:20.810,4.0033795835602035,4.005396366441033,4.00383853935233,4.0036497118264265,0.01252224242305142,2.1122397251271963,3.372729025645782,2.3990870952061982,2.2810698915165517,-49.84347196971186
2026-04-14T12:05:20.920,4.00322747249767,4.005574703548831,4.004019499064654,4.003675937871691,0.009002073280666788,2.01717031104387,3.484189718019337,2.512186915408776,2.2974611698067804,-49.88747408399167
2026-04-14T12:05:21.031,4.00322747249767,4.005574703548831,4.004019499064654,4.003675937871691,0.009002073280666788,2.01717031104387,3.484189718019337,2.512186915408776,2.2974611698067804,-49.88747408399167
2026-04-14T12:05:21.141,4.00322747249767,4.005574703548831,4.004019499064654,4.003675937871691,0.009002073280666788,2.01717031104387,3.484189718019337,2.512186915408776,2.2974611698067804,-49.88747408399167
2026-04-14T12:05:21.249,4.003479242532208,4.005309820491661,4.004391908907408,4.003411054814521,0.015718775081341285,2.1745265826300653,3.3186378072880274,2.7449430671300235,2.1319092590754707,-49.80351531148323
2026-04-14T12:05:21.360,4.003479242532208,4.005309820491661,4.004391908907408,4.003411054814521,0.015718775081341285,2.1745265826300653,3.3186378072880274,2.7449430671300235,2.1319092590754707,-49.80351531148323
2026-04-14T12:05:21.466,4.003479242532208,4.005309820491661,4.004391908907408,4.003411054814521,0.015718775081341285,2.1745265826300653,3.3186378072880274,2.7449430671300235,2.1319092590754707,-49.80351531148323
2026-04-14T12:05:21.577,4.003560543272528,4.005120992965757,4.0046410563374195,4.003681183080744,0.016097180816590555,2.225339545329774,3.200620603598381,2.900660210887196,2.300739425464826,-49.79878523979262
2026-04-14T12:05:21.686,4.003560543272528,4.005120992965757,4.0046410563374195,4.003681183080744,0.016097180816590555,2.225339545329774,3.200620603598381,2.900660210887196,2.300739425464826,-49.79878523979262
2026-04-14T12:05:21.794,4.003560543272528,4.005120992965757,4.0046410563374195,4.003681183080744,0.016097180816590555,2.225339545329774,3.200620603598381,2.900660210887196,2.300739425464826,-49.79878523979262
2026-04-14T12:05:21.905,4.003484487741261,4.005044937434491,4.004795790004479,4.003807068098013,0.012631780925360419,2.177804838288111,3.1530858965567177,2.997368752799545,2.379417561257924,-49.842102738433
2026-04-14T12:05:22.013,4.003484487741261,4.005044937434491,4.004795790004479,4.003807068098013,0.012631780925360419,2.177804838288111,3.1530858965567177,2.997368752799545,2.379417561257924,-49.842102738433
2026-04-14T12:05:22.122,4.003484487741261,4.005044937434491,4.004795790004479,4.003807068098013,0.012631780925360419,2.177804838288111,3.1530858965567177,2.997368752799545,2.379417561257924,-49.842102738433
2026-04-14T12:05:22.231,4.003350734910413,4.005079031293334,4.00394868874244,4.003778219448222,0.010904060002577579,2.0942093190079447,3.174394558334015,2.4679304640251587,2.3613871551386723,-49.86369924996778
2026-04-14T12:05:22.355,4.003350734910413,4.005079031293334,4.00394868874244,4.003778219448222,0.010904060002577579,2.0942093190079447,3.174394558334015,2.4679304640251587,2.3613871551386723,-49.86369924996778
2026-04-14T12:05:22.464,4.003350734910413,4.005079031293334,4.00394868874244,4.003778219448222,0.010904060002577579,2.0942093190079447,3.174394558334015,2.4679304640251587,2.3613871551386723,-49.86369924996778
2026-04-14T12:05:22.572,4.003182888220721,4.004842996885955,4.00444173839341,4.003453016486944,0.018442300570569566,1.9893051379504811,3.026873053721957,2.776086495881458,2.1581353043398366,-49.76947124286788
2026-04-14T12:05:22.669,4.003182888220721,4.004842996885955,4.00444173839341,4.003453016486944,0.018442300570569566,1.9893051379504811,3.026873053721957,2.776086495881458,2.1581353043398366,-49.76947124286788
2026-04-14T12:05:22.783,4.003182888220721,4.004842996885955,4.00444173839341,4.003453016486944,0.018442300570569566,1.9893051379504811,3.026873053721957,2.776086495881458,2.1581353043398366,-49.76947124286788
2026-04-14T12:05:22.900,4.0036077501540035,4.005304575282608,4.004155874500029,4.003581524108739,0.013552900149322453,2.254843846252186,3.3153595516299816,2.5974215625179653,2.238452567961957,-49.83058874813347
2026-04-14T12:05:23.008,4.0036077501540035,4.005304575282608,4.004155874500029,4.003581524108739,0.013552900149322453,2.254843846252186,3.3153595516299816,2.5974215625179653,2.238452567961957,-49.83058874813347
2026-04-14T12:05:23.119,4.0036077501540035,4.005304575282608,4.004155874500029,4.003581524108739,0.013552900149322453,2.254843846252186,3.3153595516299816,2.5974215625179653,2.238452567961957,-49.83058874813347
2026-04-14T12:05:23.228,4.003636598803794,4.0051393511974425,4.00414013887287,4.003665447453585,0.009425290221406098,2.2728742523714374,3.212094498401541,2.587586795543828,2.290904658490689,-49.882183872232424
2026-04-14T12:05:23.336,4.003636598803794,4.0051393511974425,4.00414013887287,4.003665447453585,0.009425290221406098,2.2728742523714374,3.212094498401541,2.587586795543828,2.290904658490689,-49.882183872232424
2026-04-14T12:05:23.435,4.003636598803794,4.0051393511974425,4.00414013887287,4.003665447453585,0.009425290221406098,2.2728742523714374,3.212094498401541,2.587586795543828,2.290904658490689,-49.882183872232424
2026-04-14T12:05:23.549,4.0031933786388265,4.005152464220075,4.004467964438675,4.0034818651367345,0.002489511416113602,1.9958616492665726,3.2202901375466553,2.7924777741716866,2.176165710459088,-49.96888110729858
2026-04-14T12:05:23.662,4.0031933786388265,4.005152464220075,4.004467964438675,4.0034818651367345,0.002489511416113602,1.9958616492665726,3.2202901375466553,2.7924777741716866,2.176165710459088,-49.96888110729858
2026-04-14T12:05:23.770,4.0031933786388265,4.005152464220075,4.004467964438675,4.0034818651367345,0.002489511416113602,1.9958616492665726,3.2202901375466553,2.7924777741716866,2.176165710459088,-49.96888110729858
2026-04-14T12:05:23.879,4.003977537392231,4.005294084864502,4.00459647206047,4.003571033690633,0.014030886341216263,2.4859608701444103,3.30880304031389,2.872795037793807,2.2318960566458657,-49.8246139207348
2026-04-14T12:05:23.984,4.003977537392231,4.005294084864502,4.00459647206047,4.003571033690633,0.014030886341216263,2.4859608701444103,3.30880304031389,2.872795037793807,2.2318960566458657,-49.8246139207348
2026-04-14T12:05:24.097,4.003977537392231,4.005294084864502,4.00459647206047,4.003571033690633,0.014030886341216263,2.4859608701444103,3.30880304031389,2.872795037793807,2.2318960566458657,-49.8246139207348
2026-04-14T12:05:24.205,4.003447771277891,4.005378008209348,4.00444960620699,4.00353693983179,0.009151443965633601,2.154857048681791,3.361255130842622,2.7810038793685266,2.2105873948685684,-49.885606950429576
2026-04-14T12:05:24.313,4.003447771277891,4.005378008209348,4.00444960620699,4.00353693983179,0.009151443965633601,2.154857048681791,3.361255130842622,2.7810038793685266,2.2105873948685684,-49.885606950429576
2026-04-14T12:05:24.424,4.003447771277891,4.005378008209348,4.00444960620699,4.00353693983179,0.009151443965633601,2.154857048681791,3.361255130842622,2.7810038793685266,2.2105873948685684,-49.885606950429576
2026-04-14T12:05:24.532,4.003125190921139,4.005309820491661,4.004195213567925,4.003599882340424,0.00017924482196017937,1.953244325711978,3.3186378072880274,2.6220084799533083,2.249926462765117,-49.9977594397255
2026-04-14T12:05:24.642,4.003125190921139,4.005309820491661,4.004195213567925,4.003599882340424,0.00017924482196017937,1.953244325711978,3.3186378072880274,2.6220084799533083,2.249926462765117,-49.9977594397255
2026-04-14T12:05:24.751,4.003125190921139,4.005309820491661,4.004195213567925,4.003599882340424,0.00017924482196017937,1.953244325711978,3.3186378072880274,2.6220084799533083,2.249926462765117,-49.9977594397255
2026-04-14T12:05:24.859,4.003334999283254,4.005556345317146,4.00399327301939,4.003188133429774,0.012870774021307325,2.0843745520338075,3.472715823216177,2.4957956371185475,1.9925833936085269,-49.839115324733655
2026-04-14T12:05:24.968,4.003334999283254,4.005556345317146,4.00399327301939,4.003188133429774,0.012870774021307325,2.0843745520338075,3.472715823216177,2.4957956371185475,1.9925833936085269,-49.839115324733655
2026-04-14T12:05:25.079,4.003334999283254,4.005556345317146,4.00399327301939,4.003188133429774,0.012870774021307325,2.0843745520338075,3.472715823216177,2.4957956371185475,1.9925833936085269,-49.839115324733655
2026-04-14T12:05:25.188,4.003623485781162,4.005417347277245,4.00406670594613,4.003783464657275,0.009674241363017458,2.264678613226323,3.385842048277965,2.5416912163311878,2.364665410796718,-49.87907198296228
2026-04-14T12:05:25.295,4.003623485781162,4.005417347277245,4.00406670594613,4.003783464657275,0.009674241363017458,2.264678613226323,3.385842048277965,2.5416912163311878,2.364665410796718,-49.87907198296228
2026-04-14T12:05:25.404,4.003623485781162,4.005417347277245,4.00406670594613,4.003783464657275,0.009674241363017458,2.264678613226323,3.385842048277965,2.5416912163311878,2.364665410796718,-49.87907198296228
2026-04-14T12:05:25.526,4.003707409126008,4.005092144315967,4.004336834212353,4.003673315267164,0.016400901209356413,2.317130703755055,3.1825901974791293,2.710521382720543,2.2958220419777575,-49.79498873488304
2026-04-14T12:05:25.632,4.003707409126008,4.005092144315967,4.004336834212353,4.003673315267164,0.016400901209356413,2.317130703755055,3.1825901974791293,2.710521382720543,2.2958220419777575,-49.79498873488304
2026-04-14T12:05:25.732,4.003707409126008,4.005092144315967,4.004336834212353,4.003673315267164,0.016400901209356413,2.317130703755055,3.1825901974791293,2.710521382720543,2.2958220419777575,-49.79498873488304
2026-04-14T12:05:25.853,4.002876043491128,4.005309820491661,4.004203081381505,4.004260778681086,0.01657018798565214,1.7975271819548055,3.3186378072880274,2.626925863440377,2.66298667567888,-49.79287265017935
2026-04-14T12:05:25.962,4.002876043491128,4.005309820491661,4.004203081381505,4.004260778681086,0.01657018798565214,1.7975271819548055,3.3186378072880274,2.626925863440377,2.66298667567888,-49.79287265017935
2026-04-14T12:05:26.068,4.002876043491128,4.005309820491661,4.004203081381505,4.004260778681086,0.01657018798565214,1.7975271819548055,3.3186378072880274,2.626925863440377,2.66298667567888,-49.79287265017935
2026-04-14T12:05:26.177,4.003371715746625,4.00531768830524,4.004242420449401,4.003670692662638,0.012611864834031511,2.1073223416406828,3.323555190775096,2.65151278087572,2.2941829141487347,-49.842351689574606
2026-04-14T12:05:26.287,4.003371715746625,4.00531768830524,4.004242420449401,4.003670692662638,0.012611864834031511,2.1073223416406828,3.323555190775096,2.65151278087572,2.2941829141487347,-49.842351689574606
2026-04-14T12:05:26.397,4.003371715746625,4.00531768830524,4.004242420449401,4.003670692662638,0.012611864834031511,2.1073223416406828,3.323555190775096,2.65151278087572,2.2941829141487347,-49.842351689574606
2026-04-14T12:05:26.504,4.003969669578652,4.0052835944463965,4.004627943314787,4.003872633211174,0.011003640459222122,2.4810434866573416,3.3022465289977987,2.8924645717420816,2.4203957569834955,-49.86245449425972
2026-04-14T12:05:26.614,4.003969669578652,4.0052835944463965,4.004627943314787,4.003872633211174,0.011003640459222122,2.4810434866573416,3.3022465289977987,2.8924645717420816,2.4203957569834955,-49.86245449425972
2026-04-14T12:05:26.720,4.003969669578652,4.0052835944463965,4.004627943314787,4.003872633211174,0.011003640459222122,2.4810434866573416,3.3022465289977987,2.8924645717420816,2.4203957569834955,-49.86245449425972
2026-04-14T12:05:26.830,4.003660202244532,4.005370140395769,4.004601717269523,4.003660202244532,0.006781429097493454,2.287626402832643,3.3563377473555533,2.876073293451853,2.287626402832643,-49.91523213628133
2026-04-14T12:05:26.939,4.003660202244532,4.005370140395769,4.004601717269523,4.003660202244532,0.006781429097493454,2.287626402832643,3.3563377473555533,2.876073293451853,2.287626402832643,-49.91523213628133
2026-04-14T12:05:27.048,4.003660202244532,4.005370140395769,4.004601717269523,4.003660202244532,0.006781429097493454,2.287626402832643,3.3563377473555533,2.876073293451853,2.287626402832643,-49.91523213628133
2026-04-14T12:05:27.156,4.003106832689454,4.005239010169447,4.004307985562562,4.003578901504213,0.009549765792211779,1.941770430908818,3.27438135590441,2.6924909766012917,2.2368134401329343,-49.88062792759735
2026-04-14T12:05:27.266,4.003106832689454,4.005239010169447,4.004307985562562,4.003578901504213,0.009549765792211779,1.941770430908818,3.27438135590441,2.6924909766012917,2.2368134401329343,-49.88062792759735
2026-04-14T12:05:27.375,4.003106832689454,4.005239010169447,4.004307985562562,4.003578901504213,0.009549765792211779,1.941770430908818,3.27438135590441,2.6924909766012917,2.2368134401329343,-49.88062792759735
2026-04-14T12:05:27.483,4.003822803725171,4.005060673061649,4.004504680902045,4.003660202244532,0.007841960960757849,2.389252328232061,3.162920663530855,2.815425563778007,2.287626402832643,-49.901975487990526
2026-04-14T12:05:27.593,4.003822803725171,4.005060673061649,4.004504680902045,4.003660202244532,0.007841960960757849,2.389252328232061,3.162920663530855,2.815425563778007,2.287626402832643,-49.901975487990526
2026-04-14T12:05:27.700,4.003822803725171,4.005060673061649,4.004504680902045,4.003660202244532,0.007841960960757849,2.389252328232061,3.162920663530855,2.815425563778007,2.287626402832643,-49.901975487990526
2026-04-14T12:05:27.812,4.003531694622737,4.004856109908587,4.003662824849059,4.003825426329698,0.013348760213201137,2.2073091392105226,3.035068692867071,2.289265530661666,2.390891456061084,-49.83314049733499
2026-04-14T12:05:27.921,4.003531694622737,4.004856109908587,4.003662824849059,4.003825426329698,0.013348760213201137,2.2073091392105226,3.035068692867071,2.289265530661666,2.390891456061084,-49.83314049733499
2026-04-14T12:05:28.030,4.003531694622737,4.004856109908587,4.003662824849059,4.003825426329698,0.013348760213201137,2.2073091392105226,3.035068692867071,2.289265530661666,2.390891456061084,-49.83314049733499
2026-04-14T12:05:28.141,4.003633976199268,4.004895448976484,4.004423380161725,4.004444360997937,0.006178967334793961,2.2712351245424145,3.059655610302414,2.764612601078298,2.777725623710481,-49.92276290831508
2026-04-14T12:05:28.248,4.003633976199268,4.004895448976484,4.004423380161725,4.004444360997937,0.006178967334793961,2.2712351245424145,3.059655610302414,2.764612601078298,2.777725623710481,-49.92276290831508
2026-04-14T12:05:28.358,4.003633976199268,4.004895448976484,4.004423380161725,4.004444360997937,0.006178967334793961,2.2712351245424145,3.059655610302414,2.764612601078298,2.777725623710481,-49.92276290831508
2026-04-14T12:05:28.467,4.0034818651367345,4.004997730553016,4.004315853376141,4.003550052854422,0.011541374925102661,2.176165710459088,3.123581595634861,2.6974083600883603,2.2187830340136827,-49.85573281343621
2026-04-14T12:05:28.576,4.0034818651367345,4.004997730553016,4.004315853376141,4.003550052854422,0.011541374925102661,2.176165710459088,3.123581595634861,2.6974083600883603,2.2187830340136827,-49.85573281343621
2026-04-14T12:05:28.699,4.0034818651367345,4.004997730553016,4.004315853376141,4.003550052854422,0.011541374925102661,2.176165710459088,3.123581595634861,2.6974083600883603,2.2187830340136827,-49.85573281343621
2026-04-14T12:05:28.803,4.00399327301939,4.0054461959270355,4.004142761477397,4.003476619927682,0.013298969984878865,2.4957956371185475,3.4038724543972165,2.589225923372851,2.1728874548010424,-49.83376287518902
2026-04-14T12:05:28.915,4.00399327301939,4.0054461959270355,4.004142761477397,4.003476619927682,0.013298969984878865,2.4957956371185475,3.4038724543972165,2.589225923372851,2.1728874548010424,-49.83376287518902
2026-04-14T12:05:29.013,4.00399327301939,4.0054461959270355,4.004142761477397,4.003476619927682,0.013298969984878865,2.4957956371185475,3.4038724543972165,2.589225923372851,2.1728874548010424,-49.83376287518902
2026-04-14T12:05:29.136,4.003453016486944,4.00466990498721,4.004289627330877,4.0041034224095,0.015171082569796294,2.1581353043398366,2.9186906170064475,2.6810170817981316,2.564639005937508,-49.81036146787755
2026-04-14T12:05:29.246,4.003453016486944,4.00466990498721,4.004289627330877,4.0041034224095,0.015171082569796294,2.1581353043398366,2.9186906170064475,2.6810170817981316,2.564639005937508,-49.81036146787755
2026-04-14T12:05:29.355,4.003453016486944,4.00466990498721,4.004289627330877,4.0041034224095,0.015171082569796294,2.1581353043398366,2.9186906170064475,2.6810170817981316,2.564639005937508,-49.81036146787755
2026-04-14T12:05:29.451,4.00375723861201,4.00470662145058,4.004071951155183,4.003348112305886,0.010525654267328311,2.3482741325064893,2.9416384066127677,2.5449694719892335,2.092570191178922,-49.8684293216584
2026-04-14T12:05:29.560,4.00375723861201,4.00470662145058,4.004071951155183,4.003348112305886,0.010525654267328311,2.3482741325064893,2.9416384066127677,2.5449694719892335,2.092570191178922,-49.8684293216584
2026-04-14T12:05:29.685,4.00375723861201,4.00470662145058,4.004071951155183,4.003348112305886,0.010525654267328311,2.3482741325064893,2.9416384066127677,2.5449694719892335,2.092570191178922,-49.8684293216584
2026-04-14T12:05:29.802,4.0036470892219,4.005246877983026,4.00414013887287,4.004111290223079,0.022724260206284964,2.279430763687529,3.2792987393914785,2.587586795543828,2.5695563894245765,-49.715946747421434
2026-04-14T12:05:29.904,4.0036470892219,4.005246877983026,4.00414013887287,4.004111290223079,0.022724260206284964,2.279430763687529,3.2792987393914785,2.587586795543828,2.5695563894245765,-49.715946747421434
2026-04-14T12:05:30.014,4.0036470892219,4.005246877983026,4.00414013887287,4.004111290223079,0.022724260206284964,2.279430763687529,3.2792987393914785,2.587586795543828,2.5695563894245765,-49.715946747421434
2026-04-14T12:05:30.124,4.003513336391052,4.004974127112277,4.003969669578652,4.003555298063475,0.030277437842773633,2.1958352444073626,3.1088294451731002,2.4810434866573416,2.2220612896717284,-49.62153202696533
2026-04-14T12:05:30.234,4.003513336391052,4.004974127112277,4.003969669578652,4.003555298063475,0.030277437842773633,2.1958352444073626,3.1088294451731002,2.4810434866573416,2.2220612896717284,-49.62153202696533
2026-04-14T12:05:30.341,4.003513336391052,4.004974127112277,4.003969669578652,4.003555298063475,0.030277437842773633,2.1958352444073626,3.1088294451731002,2.4810434866573416,2.2220612896717284,-49.62153202696533
2026-04-14T12:05:30.450,4.002996683299344,4.005120992965757,4.0042922499354034,4.00345563909147,0.02277902945743946,1.8729270620898575,3.200620603598381,2.6826562096271545,2.1597744321688594,-49.715262131782005
2026-04-14T12:05:30.576,4.002996683299344,4.005120992965757,4.0042922499354034,4.00345563909147,0.02277902945743946,1.8729270620898575,3.200620603598381,2.6826562096271545,2.1597744321688594,-49.715262131782005
2026-04-14T12:05:30.685,4.002996683299344,4.005120992965757,4.0042922499354034,4.00345563909147,0.02277902945743946,1.8729270620898575,3.200620603598381,2.6826562096271545,2.1597744321688594,-49.715262131782005
2026-04-14T12:05:30.794,4.003492355554841,4.005105257338599,4.00417685533624,4.00372838996222,0.020926832963850943,2.1827222217757347,3.1907858366242436,2.6105345851501482,2.3302437263872378,-49.738414587951866
2026-04-14T12:05:30.904,4.003492355554841,4.005105257338599,4.00417685533624,4.00372838996222,0.020926832963850943,2.1827222217757347,3.1907858366242436,2.6105345851501482,2.3302437263872378,-49.738414587951866
2026-04-14T12:05:31.012,4.003492355554841,4.005105257338599,4.00417685533624,4.00372838996222,0.020926832963850943,2.1827222217757347,3.1907858366242436,2.6105345851501482,2.3302437263872378,-49.738414587951866
2026-04-14T12:05:31.136,4.003201246452406,4.005128860779337,4.004142761477397,4.003416300023574,0.01630132075271187,2.000779032753641,3.2055379870854495,2.589225923372851,2.1351875147335164,-49.7962334905911
2026-04-14T12:05:31.245,4.003201246452406,4.005128860779337,4.004142761477397,4.003416300023574,0.01630132075271187,2.000779032753641,3.2055379870854495,2.589225923372851,2.1351875147335164,-49.7962334905911
2026-04-14T12:05:31.355,4.003201246452406,4.005128860779337,4.004142761477397,4.003416300023574,0.01630132075271187,2.000779032753641,3.2055379870854495,2.589225923372851,2.1351875147335164,-49.7962334905911
2026-04-14T12:05:31.463,4.003620863176636,4.005225897146815,4.004216194404137,4.003487110345787,0.030372039276585952,2.2630394853973,3.2661857167592956,2.6351215025854913,2.179443966117134,-49.620349509042676
2026-04-14T12:05:31.572,4.003620863176636,4.005225897146815,4.004216194404137,4.003487110345787,0.030372039276585952,2.2630394853973,3.2661857167592956,2.6351215025854913,2.179443966117134,-49.620349509042676
2026-04-14T12:05:31.682,4.003620863176636,4.005225897146815,4.004216194404137,4.003487110345787,0.030372039276585952,2.2630394853973,3.2661857167592956,2.6351215025854913,2.179443966117134,-49.620349509042676
2026-04-14T12:05:31.791,4.003125190921139,4.005047560039017,4.003851652374962,4.003788709866328,0.026339030782481912,1.953244325711978,3.1547250243857405,2.4072827343513126,2.3679436664547637,-49.67076211521898
2026-04-14T12:05:31.898,4.003125190921139,4.005047560039017,4.003851652374962,4.003788709866328,0.026339030782481912,1.953244325711978,3.1547250243857405,2.4072827343513126,2.3679436664547637,-49.67076211521898
2026-04-14T12:05:32.007,4.003125190921139,4.005047560039017,4.003851652374962,4.003788709866328,0.026339030782481912,1.953244325711978,3.1547250243857405,2.4072827343513126,2.3679436664547637,-49.67076211521898
2026-04-14T12:05:32.115,4.003395319187362,4.005341291745978,4.003870010606647,4.004069328550656,0.025537408106493336,2.1220744921013335,3.338307341236302,2.4187566291544726,2.5433303441602106,-49.68078239866883
2026-04-14T12:05:32.224,4.003395319187362,4.005341291745978,4.003870010606647,4.004069328550656,0.025537408106493336,2.1220744921013335,3.338307341236302,2.4187566291544726,2.5433303441602106,-49.68078239866883
2026-04-14T12:05:32.333,4.003395319187362,4.005341291745978,4.003870010606647,4.004069328550656,0.025537408106493336,2.1220744921013335,3.338307341236302,2.4187566291544726,2.5433303441602106,-49.68078239866883
2026-04-14T12:05:32.440,4.0036470892219,4.004921675021748,4.004001140832969,4.004168987522661,0.023680232590072587,2.279430763687529,3.076046888592643,2.500713020605616,2.6056172016630796,-49.70399709262409
2026-04-14T12:05:32.548,4.0036470892219,4.004921675021748,4.004001140832969,4.004168987522661,0.023680232590072587,2.279430763687529,3.076046888592643,2.500713020605616,2.6056172016630796,-49.70399709262409
2026-04-14T12:05:32.657,4.0036470892219,4.004921675021748,4.004001140832969,4.004168987522661,0.023680232590072587,2.279430763687529,3.076046888592643,2.500713020605616,2.6056172016630796,-49.70399709262409
2026-04-14T12:05:32.765,4.003563165877054,4.005123615570284,4.004137516268344,4.003946066137914,0.019054720378933514,2.226978673158797,3.2022597314274037,2.585947667714805,2.466291336196136,-49.76181599526333
2026-04-14T12:05:32.874,4.003563165877054,4.005123615570284,4.004137516268344,4.003946066137914,0.019054720378933514,2.226978673158797,3.2022597314274037,2.585947667714805,2.466291336196136,-49.76181599526333
2026-04-14T12:05:32.983,4.003563165877054,4.005123615570284,4.004137516268344,4.003946066137914,0.019054720378933514,2.226978673158797,3.2022597314274037,2.585947667714805,2.466291336196136,-49.76181599526333
2026-04-14T12:05:33.092,4.003138303943771,4.0048036578180595,4.003814935911592,4.003581524108739,0.033872292327641676,1.9614399648570924,3.002286136287169,2.3843349447449924,2.238452567961957,-49.57659634590448
2026-04-14T12:05:33.200,4.003138303943771,4.0048036578180595,4.003814935911592,4.003581524108739,0.033872292327641676,1.9614399648570924,3.002286136287169,2.3843349447449924,2.238452567961957,-49.57659634590448
2026-04-14T12:05:33.324,4.003138303943771,4.0048036578180595,4.003814935911592,4.003581524108739,0.033872292327641676,1.9614399648570924,3.002286136287169,2.3843349447449924,2.238452567961957,-49.57659634590448
2026-04-14T12:05:33.434,4.003867388002121,4.005178690265339,4.004179477940767,4.003670692662638,0.02768336694718326,2.41711750132545,3.236681415836884,2.612173712979171,2.2941829141487347,-49.653957913160205
2026-04-14T12:05:33.529,4.003867388002121,4.005178690265339,4.004179477940767,4.003670692662638,0.02768336694718326,2.41711750132545,3.236681415836884,2.612173712979171,2.2941829141487347,-49.653957913160205
2026-04-14T12:05:33.652,4.003867388002121,4.005178690265339,4.004179477940767,4.003670692662638,0.02768336694718326,2.41711750132545,3.236681415836884,2.612173712979171,2.2941829141487347,-49.653957913160205
2026-04-14T12:05:33.747,4.004043102505392,4.005079031293334,4.0040824415732885,4.003581524108739,0.0205534062514339,2.526939065869982,3.174394558334015,2.551525983305325,2.238452567961957,-49.743082421857075
2026-04-14T12:05:33.857,4.004043102505392,4.005079031293334,4.0040824415732885,4.003581524108739,0.0205534062514339,2.526939065869982,3.174394558334015,2.551525983305325,2.238452567961957,-49.743082421857075
2026-04-14T12:05:33.979,4.004043102505392,4.005079031293334,4.0040824415732885,4.003581524108739,0.0205534062514339,2.526939065869982,3.174394558334015,2.551525983305325,2.238452567961957,-49.743082421857075
2026-04-14T12:05:34.087,4.0036470892219,4.005228519751341,4.004155874500029,4.00350022336842,0.02614982791485728,2.279430763687529,3.2678248445883185,2.5974215625179653,2.187639605262248,-49.673127151064286
2026-04-14T12:05:34.196,4.0036470892219,4.005228519751341,4.004155874500029,4.00350022336842,0.02614982791485728,2.279430763687529,3.2678248445883185,2.5974215625179653,2.187639605262248,-49.673127151064286
2026-04-14T12:05:34.306,4.0036470892219,4.005228519751341,4.004155874500029,4.00350022336842,0.02614982791485728,2.279430763687529,3.2678248445883185,2.5974215625179653,2.187639605262248,-49.673127151064286
2026-04-14T12:05:34.413,4.004043102505392,4.005522251458302,4.004210949195084,4.003306150633463,0.02353086190510577,2.526939065869982,3.4514071614388797,2.6318432469274455,2.066344145914556,-49.70586422618618
2026-04-14T12:05:34.522,4.004043102505392,4.005522251458302,4.004210949195084,4.003306150633463,0.02353086190510577,2.526939065869982,3.4514071614388797,2.6318432469274455,2.066344145914556,-49.70586422618618
2026-04-14T12:05:34.633,4.004043102505392,4.005522251458302,4.004210949195084,4.003306150633463,0.02353086190510577,2.526939065869982,3.4514071614388797,2.6318432469274455,2.066344145914556,-49.70586422618618
2026-04-14T12:05:34.740,4.003633976199268,4.005079031293334,4.003909349674544,4.003355980119466,0.018691251712180924,2.2712351245424145,3.174394558334015,2.4433435465898157,2.0974875746659905,-49.766359353597736
2026-04-14T12:05:34.849,4.003633976199268,4.005079031293334,4.003909349674544,4.003355980119466,0.018691251712180924,2.2712351245424145,3.174394558334015,2.4433435465898157,2.0974875746659905,-49.766359353597736
2026-04-14T12:05:34.957,4.003633976199268,4.005079031293334,4.003909349674544,4.003355980119466,0.018691251712180924,2.2712351245424145,3.174394558334015,2.4433435465898157,2.0974875746659905,-49.766359353597736
2026-04-14T12:05:35.065,4.003633976199268,4.005058050457123,4.004145384081923,4.003702163916955,0.01723737704517058,2.2712351245424145,3.161281535701832,2.590865051201874,2.313852448097009,-49.78453278693537
2026-04-14T12:05:35.175,4.003633976199268,4.005058050457123,4.004145384081923,4.003702163916955,0.01723737704517058,2.2712351245424145,3.161281535701832,2.590865051201874,2.313852448097009,-49.78453278693537
2026-04-14T12:05:35.283,4.003633976199268,4.005058050457123,4.004145384081923,4.003702163916955,0.01723737704517058,2.2712351245424145,3.161281535701832,2.590865051201874,2.313852448097009,-49.78453278693537
2026-04-14T12:05:35.392,4.003453016486944,4.005063295666176,4.004420757557199,4.003633976199268,0.017944398287346845,2.1581353043398366,3.1645597913598777,2.762973473249275,2.2712351245424145,-49.77569502140816
2026-04-14T12:05:35.501,4.003453016486944,4.005063295666176,4.004420757557199,4.003633976199268,0.017944398287346845,2.1581353043398366,3.1645597913598777,2.762973473249275,2.2712351245424145,-49.77569502140816
2026-04-14T12:05:35.609,4.003453016486944,4.005063295666176,4.004420757557199,4.003633976199268,0.017944398287346845,2.1581353043398366,3.1645597913598777,2.762973473249275,2.2712351245424145,-49.77569502140816
2026-04-14T12:05:35.718,4.0039381983243345,4.005315065700714,4.004045725109918,4.00372052214864,0.015878103811972556,2.4613739527090672,3.321916062946073,2.528578193699005,2.325326342900169,-49.801523702350345
2026-04-14T12:05:35.828,4.0039381983243345,4.005315065700714,4.004045725109918,4.00372052214864,0.015878103811972556,2.4613739527090672,3.321916062946073,2.528578193699005,2.325326342900169,-49.801523702350345
2026-04-14T12:05:35.938,4.0039381983243345,4.005315065700714,4.004045725109918,4.00372052214864,0.015878103811972556,2.4613739527090672,3.321916062946073,2.528578193699005,2.325326342900169,-49.801523702350345
2026-04-14T12:05:36.048,4.003479242532208,4.005058050457123,4.004287004726351,4.003770351634643,0.0227491553204461,2.1745265826300653,3.161281535701832,2.6793779539691087,2.3564697716516037,-49.71563555849443
2026-04-14T12:05:36.158,4.003479242532208,4.005058050457123,4.004287004726351,4.003770351634643,0.0227491553204461,2.1745265826300653,3.161281535701832,2.6793779539691087,2.3564697716516037,-49.71563555849443
2026-04-14T12:05:36.281,4.003479242532208,4.005058050457123,4.004287004726351,4.003770351634643,0.0227491553204461,2.1745265826300653,3.161281535701832,2.6793779539691087,2.3564697716516037,-49.71563555849443
2026-04-14T12:05:36.376,4.00357365629516,4.00508952171144,4.004399776720987,4.003749370798431,0.018661377575187564,2.2335351844748885,3.1809510696501064,2.749860450617092,2.3433567490194207,-49.76673278031016
2026-04-14T12:05:36.486,4.00357365629516,4.00508952171144,4.004399776720987,4.003749370798431,0.018661377575187564,2.2335351844748885,3.1809510696501064,2.749860450617092,2.3433567490194207,-49.76673278031016
2026-04-14T12:05:36.594,4.00357365629516,4.00508952171144,4.004399776720987,4.003749370798431,0.018661377575187564,2.2335351844748885,3.1809510696501064,2.749860450617092,2.3433567490194207,-49.76673278031016
2026-04-14T12:05:36.701,4.00398540520581,4.005144596406495,4.004305362958036,4.004045725109918,0.01100861948205435,2.490878253631479,3.2153727540595867,2.690851848772269,2.528578193699005,-49.86239225647432
2026-04-14T12:05:36.811,4.00398540520581,4.005144596406495,4.004305362958036,4.004045725109918,0.01100861948205435,2.490878253631479,3.2153727540595867,2.690851848772269,2.528578193699005,-49.86239225647432
2026-04-14T12:05:36.920,4.00398540520581,4.005144596406495,4.004305362958036,4.004045725109918,0.01100861948205435,2.490878253631479,3.2153727540595867,2.690851848772269,2.528578193699005,-49.86239225647432
2026-04-14T12:05:37.029,4.003366470537571,4.005236387564921,4.004168987522661,4.003654957035479,0.016679726487961136,2.104044085982082,3.272742228075387,2.6056172016630796,2.2843481471745974,-49.79150341890048
2026-04-14T12:05:37.138,4.003366470537571,4.005236387564921,4.004168987522661,4.003654957035479,0.016679726487961136,2.104044085982082,3.272742228075387,2.6056172016630796,2.2843481471745974,-49.79150341890048
2026-04-14T12:05:37.247,4.003366470537571,4.005236387564921,4.004168987522661,4.003654957035479,0.016679726487961136,2.104044085982082,3.272742228075387,2.6056172016630796,2.2843481471745974,-49.79150341890048
2026-04-14T12:05:37.370,4.003736257775799,4.00489807158101,4.004423380161725,4.003256321147461,0.022525099292995874,2.3351611098743064,3.061294738131437,2.764612601078298,2.0352007171631215,-49.71843625883755
2026-04-14T12:05:37.481,4.003736257775799,4.00489807158101,4.004423380161725,4.003256321147461,0.022525099292995874,2.3351611098743064,3.061294738131437,2.764612601078298,2.0352007171631215,-49.71843625883755
2026-04-14T12:05:37.575,4.003736257775799,4.00489807158101,4.004423380161725,4.003256321147461,0.022525099292995874,2.3351611098743064,3.061294738131437,2.764612601078298,2.0352007171631215,-49.71843625883755
2026-04-14T12:05:37.699,4.00391197227907,4.0052442553785,4.004562378201626,4.00375723861201,0.021384903064415848,2.4449826744188385,3.2776596115624557,2.85148637601651,2.3482741325064893,-49.7326887116948
2026-04-14T12:05:37.808,4.00391197227907,4.0052442553785,4.004562378201626,4.00375723861201,0.021384903064415848,2.4449826744188385,3.2776596115624557,2.85148637601651,2.3482741325064893,-49.7326887116948
2026-04-14T12:05:37.903,4.00391197227907,4.0052442553785,4.004562378201626,4.00375723861201,0.021384903064415848,2.4449826744188385,3.2776596115624557,2.85148637601651,2.3482741325064893,-49.7326887116948
2026-04-14T12:05:38.013,4.003864765397594,4.005220651937762,4.003883123629279,4.003796577679907,0.024272736307107624,2.415478373496427,3.26290746110125,2.426952268299587,2.3728610499418323,-49.69659079616115
2026-04-14T12:05:38.122,4.003864765397594,4.005220651937762,4.003883123629279,4.003796577679907,0.024272736307107624,2.415478373496427,3.26290746110125,2.426952268299587,2.3728610499418323,-49.69659079616115
2026-04-14T12:05:38.246,4.003864765397594,4.005220651937762,4.003883123629279,4.003796577679907,0.024272736307107624,2.415478373496427,3.26290746110125,2.426952268299587,2.3728610499418323,-49.69659079616115
2026-04-14T12:05:38.354,4.0036470892219,4.005309820491661,4.004195213567925,4.003935575719808,0.02104135048899217,2.279430763687529,3.3186378072880274,2.6220084799533083,2.4597348248800444,-49.73698311888759
2026-04-14T12:05:38.462,4.0036470892219,4.005309820491661,4.004195213567925,4.003935575719808,0.02104135048899217,2.279430763687529,3.3186378072880274,2.6220084799533083,2.4597348248800444,-49.73698311888759
2026-04-14T12:05:38.572,4.0036470892219,4.005309820491661,4.004195213567925,4.003935575719808,0.02104135048899217,2.279430763687529,3.3186378072880274,2.6220084799533083,2.4597348248800444,-49.73698311888759
2026-04-14T12:05:38.684,4.00398540520581,4.00528097184187,4.0038359167478035,4.003725767357693,0.009465122404063917,2.490878253631479,3.300607401168776,2.3974479673771754,2.328604598558215,-49.8816859699492
2026-04-14T12:05:38.786,4.00398540520581,4.00528097184187,4.0038359167478035,4.003725767357693,0.009465122404063917,2.490878253631479,3.300607401168776,2.3974479673771754,2.328604598558215,-49.8816859699492
2026-04-14T12:05:38.900,4.00398540520581,4.00528097184187,4.0038359167478035,4.003725767357693,0.009465122404063917,2.490878253631479,3.300607401168776,2.3974479673771754,2.328604598558215,-49.8816859699492
2026-04-14T12:05:39.001,4.003736257775799,4.0052416327739735,4.003909349674544,4.003253698542935,0.01125757062366571,2.3351611098743064,3.276020483733433,2.4433435465898157,2.0335615893340986,-49.85928036720418
2026-04-14T12:05:39.112,4.003736257775799,4.0052416327739735,4.003909349674544,4.003253698542935,0.01125757062366571,2.3351611098743064,3.276020483733433,2.4433435465898157,2.0335615893340986,-49.85928036720418
2026-04-14T12:05:39.222,4.003736257775799,4.0052416327739735,4.003909349674544,4.003253698542935,0.01125757062366571,2.3351611098743064,3.276020483733433,2.4433435465898157,2.0335615893340986,-49.85928036720418
2026-04-14T12:05:39.327,4.0031094552939805,4.005173445056286,4.004203081381505,4.003901481860964,0.01029661921704586,1.9434095587378408,3.233403160178838,2.626925863440377,2.438426163102747,-49.87129225978693
2026-04-14T12:05:39.444,4.0031094552939805,4.005173445056286,4.004203081381505,4.003901481860964,0.01029661921704586,1.9434095587378408,3.233403160178838,2.626925863440377,2.438426163102747,-49.87129225978693
2026-04-14T12:05:39.554,4.0031094552939805,4.005173445056286,4.004203081381505,4.003901481860964,0.01029661921704586,1.9434095587378408,3.233403160178838,2.626925863440377,2.438426163102747,-49.87129225978693
2026-04-14T12:05:39.663,4.0038359167478035,4.005270481423764,4.004630565919314,4.003358602723992,0.01747637014111749,2.3974479673771754,3.2940508898526843,2.8941036995711045,2.0991267024950133,-49.78154537323603
2026-04-14T12:05:39.773,4.0038359167478035,4.005270481423764,4.004630565919314,4.003358602723992,0.01747637014111749,2.3974479673771754,3.2940508898526843,2.8941036995711045,2.0991267024950133,-49.78154537323603
2026-04-14T12:05:39.878,4.0038359167478035,4.005270481423764,4.004630565919314,4.003358602723992,0.01747637014111749,2.3974479673771754,3.2940508898526843,2.8941036995711045,2.0991267024950133,-49.78154537323603
2026-04-14T12:05:39.991,4.003489732950314,4.004777431772794,4.0043315890033,4.003557920668001,0.023978973960006218,2.1810830939461567,2.985894857996385,2.7072431270624975,2.2237004175007513,-49.70026282549993
2026-04-14T12:05:40.101,4.003489732950314,4.004777431772794,4.0043315890033,4.003557920668001,0.023978973960006218,2.1810830939461567,2.985894857996385,2.7072431270624975,2.2237004175007513,-49.70026282549993
2026-04-14T12:05:40.209,4.003489732950314,4.004777431772794,4.0043315890033,4.003557920668001,0.023978973960006218,2.1810830939461567,2.985894857996385,2.7072431270624975,2.2237004175007513,-49.70026282549993
2026-04-14T12:05:40.319,4.00361037275853,4.005556345317146,4.0042214396131905,4.003717899544114,0.022883588936916235,2.2564829740812087,3.472715823216177,2.638399758244092,2.3236872150711463,-49.71395513828855
2026-04-14T12:05:40.427,4.00361037275853,4.005556345317146,4.0042214396131905,4.003717899544114,0.022883588936916235,2.2564829740812087,3.472715823216177,2.638399758244092,2.3236872150711463,-49.71395513828855
2026-04-14T12:05:40.538,4.00361037275853,4.005556345317146,4.0042214396131905,4.003717899544114,0.022883588936916235,2.2564829740812087,3.472715823216177,2.638399758244092,2.3236872150711463,-49.71395513828855
2026-04-14T12:05:40.646,4.003287792401778,4.005068540875229,4.004415512348147,4.0038123133070656,0.024392232855081075,2.054870251111396,3.1678380470179235,2.7596952175917844,2.3826958169159695,-49.69509708931149
2026-04-14T12:05:40.755,4.003287792401778,4.005068540875229,4.004415512348147,4.0038123133070656,0.024392232855081075,2.054870251111396,3.1678380470179235,2.7596952175917844,2.3826958169159695,-49.69509708931149
2026-04-14T12:05:40.865,4.003287792401778,4.005068540875229,4.004415512348147,4.0038123133070656,0.024392232855081075,2.054870251111396,3.1678380470179235,2.7596952175917844,2.3826958169159695,-49.69509708931149
2026-04-14T12:05:40.973,4.003953933951494,4.0051813128698655,4.0043709280711965,4.003618240572109,0.026249408371501824,2.4712087196837595,3.238320543665907,2.7318300444978405,2.2614003575682773,-49.67188239535623
2026-04-14T12:05:41.082,4.003953933951494,4.0051813128698655,4.0043709280711965,4.003618240572109,0.026249408371501824,2.4712087196837595,3.238320543665907,2.7318300444978405,2.2614003575682773,-49.67188239535623
2026-04-14T12:05:41.191,4.003953933951494,4.0051813128698655,4.0043709280711965,4.003618240572109,0.026249408371501824,2.4712087196837595,3.238320543665907,2.7318300444978405,2.2614003575682773,-49.67188239535623
2026-04-14T12:05:41.301,4.003140926548298,4.005414724672718,4.004696131032475,4.003214359475038,0.031143787815581168,1.9630790926861152,3.384202920448942,2.935081895296676,2.0089746718987556,-49.610702652305235
2026-04-14T12:05:41.410,4.003140926548298,4.005414724672718,4.004696131032475,4.003214359475038,0.031143787815581168,1.9630790926861152,3.384202920448942,2.935081895296676,2.0089746718987556,-49.610702652305235
2026-04-14T12:05:41.519,4.003140926548298,4.005414724672718,4.004696131032475,4.003214359475038,0.031143787815581168,1.9630790926861152,3.384202920448942,2.935081895296676,2.0089746718987556,-49.610702652305235
2026-04-14T12:05:41.627,4.004153251895502,4.005404234254613,4.0039801599967575,4.003201246452406,0.03527637676632975,2.5957824346889424,3.3776464091328506,2.487599997973433,2.000779032753641,-49.559045290420876
2026-04-14T12:05:41.735,4.004153251895502,4.005404234254613,4.0039801599967575,4.003201246452406,0.03527637676632975,2.5957824346889424,3.3776464091328506,2.487599997973433,2.000779032753641,-49.559045290420876
2026-04-14T12:05:41.845,4.004153251895502,4.005404234254613,4.0039801599967575,4.003201246452406,0.03527637676632975,2.5957824346889424,3.3776464091328506,2.487599997973433,2.000779032753641,-49.559045290420876
2026-04-14T12:05:41.955,4.003555298063475,4.0050973895250195,4.004365682862144,4.003809690702539,0.026204597166011777,2.2220612896717284,3.185868453137175,2.7285517888397948,2.3810566890869467,-49.67244253542486
2026-04-14T12:05:42.063,4.003555298063475,4.0050973895250195,4.004365682862144,4.003809690702539,0.026204597166011777,2.2220612896717284,3.185868453137175,2.7285517888397948,2.3810566890869467,-49.67244253542486
2026-04-14T12:05:42.174,4.003555298063475,4.0050973895250195,4.004365682862144,4.003809690702539,0.026204597166011777,2.2220612896717284,3.185868453137175,2.7285517888397948,2.3810566890869467,-49.67244253542486
2026-04-14T12:05:42.284,4.003673315267164,4.005223274542288,4.004433870579831,4.003652334430953,0.02699128277350368,2.2958220419777575,3.2645465889302727,2.7711691123943893,2.2827090193455746,-49.66260896533121
2026-04-14T12:05:42.392,4.003673315267164,4.005223274542288,4.004433870579831,4.003652334430953,0.02699128277350368,2.2958220419777575,3.2645465889302727,2.7711691123943893,2.2827090193455746,-49.66260896533121
2026-04-14T12:05:42.502,4.003673315267164,4.005223274542288,4.004433870579831,4.003652334430953,0.02699128277350368,2.2958220419777575,3.2645465889302727,2.7711691123943893,2.2827090193455746,-49.66260896533121
2026-04-14T12:05:42.611,4.003445148673364,4.005705833775153,4.004365682862144,4.003571033690633,0.016500481666000957,2.153217920852768,3.5661461094704805,2.7285517888397948,2.2318960566458657,-49.793743979174984
2026-04-14T12:05:42.718,4.003445148673364,4.005705833775153,4.004365682862144,4.003571033690633,0.016500481666000957,2.153217920852768,3.5661461094704805,2.7285517888397948,2.2318960566458657,-49.793743979174984
2026-04-14T12:05:42.827,4.003445148673364,4.005705833775153,4.004365682862144,4.003571033690633,0.016500481666000957,2.153217920852768,3.5661461094704805,2.7285517888397948,2.2318960566458657,-49.793743979174984
2026-04-14T12:05:42.936,4.003657579640006,4.005147219011022,4.003930330510755,4.0032169820795644,0.009106632760143557,2.2859872750036203,3.2170118818886095,2.4564565692219986,2.0106137997277784,-49.886167090498205
2026-04-14T12:05:43.044,4.003657579640006,4.005147219011022,4.003930330510755,4.0032169820795644,0.009106632760143557,2.2859872750036203,3.2170118818886095,2.4564565692219986,2.0106137997277784,-49.886167090498205
2026-04-14T12:05:43.154,4.003657579640006,4.005147219011022,4.003930330510755,4.0032169820795644,0.009106632760143557,2.2859872750036203,3.2170118818886095,2.4564565692219986,2.0106137997277784,-49.886167090498205
2026-04-14T12:05:43.264,4.003856897584015,4.005398989045561,4.00425815607656,4.0037939550753805,0.019408231000021644,2.4105609900093583,3.37436815347536,2.661347547849857,2.3712219221128095,-49.75739711249973
2026-04-14T12:05:43.374,4.003856897584015,4.005398989045561,4.00425815607656,4.0037939550753805,0.019408231000021644,2.4105609900093583,3.37436815347536,2.661347547849857,2.3712219221128095,-49.75739711249973
2026-04-14T12:05:43.496,4.003856897584015,4.005398989045561,4.00425815607656,4.0037939550753805,0.019408231000021644,2.4105609900093583,3.37436815347536,2.661347547849857,2.3712219221128095,-49.75739711249973
2026-04-14T12:05:43.591,4.003602504944951,4.005401611650086,4.0041060450140264,4.003392696582836,0.018352678159589478,2.25156559059414,3.3760072813038278,2.566278133766531,2.1204353642723106,-49.77059152300513
2026-04-14T12:05:43.713,4.003602504944951,4.005401611650086,4.0041060450140264,4.003392696582836,0.018352678159589478,2.25156559059414,3.3760072813038278,2.566278133766531,2.1204353642723106,-49.77059152300513
2026-04-14T12:05:43.822,4.003602504944951,4.005401611650086,4.0041060450140264,4.003392696582836,0.018352678159589478,2.25156559059414,3.3760072813038278,2.566278133766531,2.1204353642723106,-49.77059152300513
2026-04-14T12:05:43.930,4.003940820928861,4.005223274542288,4.0043106081670885,4.003515958995578,0.017690468122903258,2.46301308053809,3.2645465889302727,2.6941301044303145,2.1974743722363854,-49.77886914846371
2026-04-14T12:05:44.039,4.003940820928861,4.005223274542288,4.0043106081670885,4.003515958995578,0.017690468122903258,2.46301308053809,3.2645465889302727,2.6941301044303145,2.1974743722363854,-49.77886914846371
2026-04-14T12:05:44.149,4.003940820928861,4.005223274542288,4.0043106081670885,4.003515958995578,0.017690468122903258,2.46301308053809,3.2645465889302727,2.6941301044303145,2.1974743722363854,-49.77886914846371
2026-04-14T12:05:44.257,4.003660202244532,4.0054697993677735,4.004045725109918,4.003180265616194,0.016251530524389598,2.287626402832643,3.4186246048584223,2.528578193699005,1.9876660101214583,-49.79685586844513
2026-04-14T12:05:44.368,4.003660202244532,4.0054697993677735,4.004045725109918,4.003180265616194,0.016251530524389598,2.287626402832643,3.4186246048584223,2.528578193699005,1.9876660101214583,-49.79685586844513
2026-04-14T12:05:44.477,4.003660202244532,4.0054697993677735,4.004045725109918,4.003180265616194,0.016251530524389598,2.287626402832643,3.4186246048584223,2.528578193699005,1.9876660101214583,-49.79685586844513
2026-04-14T12:05:44.586,4.003909349674544,4.005273104028291,4.004570246015206,4.003901481860964,0.011670829518740567,2.4433435465898157,3.295690017681707,2.8564037595035785,2.438426163102747,-49.85411463101575
2026-04-14T12:05:44.694,4.003909349674544,4.005273104028291,4.004570246015206,4.003901481860964,0.011670829518740567,2.4433435465898157,3.295690017681707,2.8564037595035785,2.438426163102747,-49.85411463101575
2026-04-14T12:05:44.803,4.003909349674544,4.005273104028291,4.004570246015206,4.003901481860964,0.011670829518740567,2.4433435465898157,3.295690017681707,2.8564037595035785,2.438426163102747,-49.85411463101575
2026-04-14T12:05:44.912,4.003518581600105,4.005275726632817,4.004339456816879,4.003303528028937,0.030202752500290225,2.1991135000654083,3.29732914551073,2.712160510549566,2.064705018085533,-49.62246559374638
2026-04-14T12:05:45.022,4.003518581600105,4.005275726632817,4.004339456816879,4.003303528028937,0.030202752500290225,2.1991135000654083,3.29732914551073,2.712160510549566,2.064705018085533,-49.62246559374638
2026-04-14T12:05:45.132,4.003518581600105,4.005275726632817,4.004339456816879,4.003303528028937,0.030202752500290225,2.1991135000654083,3.29732914551073,2.712160510549566,2.064705018085533,-49.62246559374638
2026-04-14T12:05:45.241,4.003712654335061,4.0057582858656815,4.004617452896682,4.0035054685774725,0.02360056822475695,2.3204089594131005,3.598928666050938,2.88590806042599,2.190917860920294,-49.704992897190536
2026-04-14T12:05:45.349,4.003712654335061,4.0057582858656815,4.004617452896682,4.0035054685774725,0.02360056822475695,2.3204089594131005,3.598928666050938,2.88590806042599,2.190917860920294,-49.704992897190536
2026-04-14T12:05:45.459,4.003712654335061,4.0057582858656815,4.004617452896682,4.0035054685774725,0.02360056822475695,2.3204089594131005,3.598928666050938,2.88590806042599,2.190917860920294,-49.704992897190536
2026-04-14T12:05:45.568,4.003521204204631,4.005490780203985,4.004168987522661,4.003447771277891,0.025726610974117967,2.200752627894431,3.4317376274906053,2.6056172016630796,2.154857048681791,-49.678417362823524
2026-04-14T12:05:45.678,4.003521204204631,4.005490780203985,4.004168987522661,4.003447771277891,0.025726610974117967,2.200752627894431,3.4317376274906053,2.6056172016630796,2.154857048681791,-49.678417362823524
2026-04-14T12:05:45.786,4.003521204204631,4.005490780203985,4.004168987522661,4.003447771277891,0.025726610974117967,2.200752627894431,3.4317376274906053,2.6056172016630796,2.154857048681791,-49.678417362823524
2026-04-14T12:05:45.894,4.003450393882417,4.005254745796606,4.004420757557199,4.003725767357693,0.010809458568765262,2.1564961765108137,3.284216122878547,2.762973473249275,2.328604598558215,-49.86488176789044
2026-04-14T12:05:46.006,4.003450393882417,4.005254745796606,4.004420757557199,4.003725767357693,0.010809458568765262,2.1564961765108137,3.284216122878547,2.762973473249275,2.328604598558215,-49.86488176789044
2026-04-14T12:05:46.112,4.003450393882417,4.005254745796606,4.004420757557199,4.003725767357693,0.010809458568765262,2.1564961765108137,3.284216122878547,2.762973473249275,2.328604598558215,-49.86488176789044
2026-04-14T12:05:46.221,4.003392696582836,4.005076408688808,4.003814935911592,4.00380182288896,0.017068090268874857,2.1204353642723106,3.172755430504992,2.3843349447449924,2.376139305599878,-49.786648871639066
2026-04-14T12:05:46.328,4.003392696582836,4.005076408688808,4.003814935911592,4.00380182288896,0.017068090268874857,2.1204353642723106,3.172755430504992,2.3843349447449924,2.376139305599878,-49.786648871639066
2026-04-14T12:05:46.438,4.003392696582836,4.005076408688808,4.003814935911592,4.00380182288896,0.017068090268874857,2.1204353642723106,3.172755430504992,2.3843349447449924,2.376139305599878,-49.786648871639066
2026-04-14T12:05:46.546,4.00399327301939,4.005493402808511,4.004318475980668,4.004158497104555,0.006905904668299133,2.4957956371185475,3.433376755319628,2.699047487917383,2.599060690346988,-49.91367619164626
2026-04-14T12:05:46.655,4.00399327301939,4.005493402808511,4.004318475980668,4.004158497104555,0.006905904668299133,2.4957956371185475,3.433376755319628,2.699047487917383,2.599060690346988,-49.91367619164626
2026-04-14T12:05:46.764,4.00399327301939,4.005493402808511,4.004318475980668,4.004158497104555,0.006905904668299133,2.4957956371185475,3.433376755319628,2.699047487917383,2.599060690346988,-49.91367619164626
2026-04-14T12:05:46.873,4.003450393882417,4.005383253418401,4.004085064177815,4.003565788481581,0.0035600013250424514,2.1564961765108137,3.3645333865006677,2.553165111134348,2.228617800988375,-49.955499983436965
2026-04-14T12:05:46.982,4.003450393882417,4.005383253418401,4.004085064177815,4.003565788481581,0.0035600013250424514,2.1564961765108137,3.3645333865006677,2.553165111134348,2.228617800988375,-49.955499983436965
2026-04-14T12:05:47.092,4.003450393882417,4.005383253418401,4.004085064177815,4.003565788481581,0.0035600013250424514,2.1564961765108137,3.3645333865006677,2.553165111134348,2.228617800988375,-49.955499983436965
2026-04-14T12:05:47.201,4.003746748193905,4.005265236214712,4.004376173280249,4.003846407165909,0.010540591335824993,2.341717621190398,3.2907726341951937,2.7351083001558862,2.404004478693267,-49.86824260830219
2026-04-14T12:05:47.325,4.003746748193905,4.005265236214712,4.004376173280249,4.003846407165909,0.010540591335824993,2.341717621190398,3.2907726341951937,2.7351083001558862,2.404004478693267,-49.86824260830219
2026-04-14T12:05:47.450,4.003746748193905,4.005265236214712,4.004376173280249,4.003846407165909,0.010540591335824993,2.341717621190398,3.2907726341951937,2.7351083001558862,2.404004478693267,-49.86824260830219
2026-04-14T12:05:47.544,4.0039381983243345,4.00528097184187,4.0039381983243345,4.003675937871691,0.007578072750649805,2.4613739527090672,3.300607401168776,2.4613739527090672,2.2974611698067804,-49.90527409061688
2026-04-14T12:05:47.667,4.0039381983243345,4.00528097184187,4.0039381983243345,4.003675937871691,0.007578072750649805,2.4613739527090672,3.300607401168776,2.4613739527090672,2.2974611698067804,-49.90527409061688
2026-04-14T12:05:47.774,4.0039381983243345,4.00528097184187,4.0039381983243345,4.003675937871691,0.007578072750649805,2.4613739527090672,3.300607401168776,2.4613739527090672,2.2974611698067804,-49.90527409061688
2026-04-14T12:05:47.883,4.003849029770436,4.005136728592916,4.003862142793068,4.004056215528024,0.019766720643942002,2.4056436065222897,3.210455370572518,2.413839245667404,2.5351347050150963,-49.75291599195072
2026-04-14T12:05:48.006,4.003849029770436,4.005136728592916,4.003862142793068,4.004056215528024,0.019766720643942002,2.4056436065222897,3.210455370572518,2.413839245667404,2.5351347050150963,-49.75291599195072
2026-04-14T12:05:48.101,4.003849029770436,4.005136728592916,4.003862142793068,4.004056215528024,0.019766720643942002,2.4056436065222897,3.210455370572518,2.413839245667404,2.5351347050150963,-49.75291599195072
2026-04-14T12:05:48.211,4.003731012566746,4.005708456379679,4.004079818968762,4.003521204204631,0.01807883190381698,2.3318828542162606,3.5677852372995034,2.549886855476302,2.200752627894431,-49.77401460120229
2026-04-14T12:05:48.321,4.003731012566746,4.005708456379679,4.004079818968762,4.003521204204631,0.01807883190381698,2.3318828542162606,3.5677852372995034,2.549886855476302,2.200752627894431,-49.77401460120229
2026-04-14T12:05:48.429,4.003731012566746,4.005708456379679,4.004079818968762,4.003521204204631,0.01807883190381698,2.3318828542162606,3.5677852372995034,2.549886855476302,2.200752627894431,-49.77401460120229
2026-04-14T12:05:48.540,4.00352907201821,4.005480289785879,4.004336834212353,4.003951311346967,0.017466412095453035,2.2056700113814998,3.425181116174514,2.710521382720543,2.4695695918541816,-49.781669848806835
2026-04-14T12:05:48.649,4.00352907201821,4.005480289785879,4.004336834212353,4.003951311346967,0.017466412095453035,2.2056700113814998,3.425181116174514,2.710521382720543,2.4695695918541816,-49.781669848806835
2026-04-14T12:05:48.761,4.00352907201821,4.005480289785879,4.004336834212353,4.003951311346967,0.017466412095453035,2.2056700113814998,3.425181116174514,2.710521382720543,2.4695695918541816,-49.781669848806835
2026-04-14T12:05:48.869,4.003641844012847,4.0054278376953505,4.0041034224095,4.0034399034643116,0.015041627976158385,2.276152508029483,3.3923985595940565,2.564639005937508,2.1499396651947222,-49.81197965029802
2026-04-14T12:05:48.979,4.003641844012847,4.0054278376953505,4.0041034224095,4.0034399034643116,0.015041627976158385,2.276152508029483,3.3923985595940565,2.564639005937508,2.1499396651947222,-49.81197965029802
2026-04-14T12:05:49.087,4.003641844012847,4.0054278376953505,4.0041034224095,4.0034399034643116,0.015041627976158385,2.276152508029483,3.3923985595940565,2.564639005937508,2.1499396651947222,-49.81197965029802
2026-04-14T12:05:49.198,4.003849029770436,4.005197048497024,4.004475832252255,4.004127025850238,0.013104788094422004,2.4056436065222897,3.248155310640044,2.7973951576593103,2.5793911563987137,-49.836190148819725
2026-04-14T12:05:49.307,4.003849029770436,4.005197048497024,4.004475832252255,4.004127025850238,0.013104788094422004,2.4056436065222897,3.248155310640044,2.7973951576593103,2.5793911563987137,-49.836190148819725
2026-04-14T12:05:49.415,4.003849029770436,4.005197048497024,4.004475832252255,4.004127025850238,0.013104788094422004,2.4056436065222897,3.248155310640044,2.7973951576593103,2.5793911563987137,-49.836190148819725
2026-04-14T12:05:49.525,4.004137516268344,4.005023956598279,4.004832506467849,4.003759861216538,0.013050018843267504,2.585947667714805,3.1399728739245347,3.0203165424058653,2.3499132603360673,-49.836874764459154
2026-04-14T12:05:49.633,4.004137516268344,4.005023956598279,4.004832506467849,4.003759861216538,0.013050018843267504,2.585947667714805,3.1399728739245347,3.0203165424058653,2.3499132603360673,-49.836874764459154
2026-04-14T12:05:49.732,4.004137516268344,4.005023956598279,4.004832506467849,4.003759861216538,0.013050018843267504,2.585947667714805,3.1399728739245347,3.0203165424058653,2.3499132603360673,-49.836874764459154
2026-04-14T12:05:49.849,4.003434658255259,4.005183935474392,4.0039985182284425,4.004011631251075,0.01612207593075169,2.1466614095366765,3.2399596714949297,2.499073892776593,2.5072695319217075,-49.79847405086561
2026-04-14T12:05:49.951,4.003434658255259,4.005183935474392,4.0039985182284425,4.004011631251075,0.01612207593075169,2.1466614095366765,3.2399596714949297,2.499073892776593,2.5072695319217075,-49.79847405086561
2026-04-14T12:05:50.069,4.003434658255259,4.005183935474392,4.0039985182284425,4.004011631251075,0.01612207593075169,2.1466614095366765,3.2399596714949297,2.499073892776593,2.5072695319217075,-49.79847405086561
2026-04-14T12:05:50.169,4.00368380568527,4.005346536955031,4.004271269099192,4.004024744273707,0.015041627976158385,2.302378553293849,3.3415855968943475,2.6695431869949715,2.515465171066822,-49.81197965029802
2026-04-14T12:05:50.285,4.00368380568527,4.005346536955031,4.004271269099192,4.004024744273707,0.015041627976158385,2.302378553293849,3.3415855968943475,2.6695431869949715,2.515465171066822,-49.81197965029802
2026-04-14T12:05:50.395,4.00368380568527,4.005346536955031,4.004271269099192,4.004024744273707,0.015041627976158385,2.302378553293849,3.3415855968943475,2.6695431869949715,2.515465171066822,-49.81197965029802
2026-04-14T12:05:50.500,4.003413677419047,4.005419969881771,4.004163742313608,4.003555298063475,0.019697014324290822,2.1335483869044936,3.387481176106988,2.602338946005034,2.2220612896717284,-49.753787320946365
2026-04-14T12:05:50.612,4.003413677419047,4.005419969881771,4.004163742313608,4.003555298063475,0.019697014324290822,2.1335483869044936,3.387481176106988,2.602338946005034,2.2220612896717284,-49.753787320946365
2026-04-14T12:05:50.721,4.003413677419047,4.005419969881771,4.004163742313608,4.003555298063475,0.019697014324290822,2.1335483869044936,3.387481176106988,2.602338946005034,2.2220612896717284,-49.753787320946365
2026-04-14T12:05:50.829,4.003631353594741,4.0050554278525965,4.004085064177815,4.003749370798431,0.026368904919475276,2.2695959967133916,3.159642407872809,2.553165111134348,2.3433567490194207,-49.67038868850656
2026-04-14T12:05:50.939,4.003631353594741,4.0050554278525965,4.004085064177815,4.003749370798431,0.026368904919475276,2.2695959967133916,3.159642407872809,2.553165111134348,2.3433567490194207,-49.67038868850656
2026-04-14T12:05:51.047,4.003631353594741,4.0050554278525965,4.004085064177815,4.003749370798431,0.026368904919475276,2.2695959967133916,3.159642407872809,2.553165111134348,2.3433567490194207,-49.67038868850656
2026-04-14T12:05:51.156,4.003138303943771,4.005050182643544,4.004247665658454,4.003460884300523,0.0187958111916577,1.9614399648570924,3.1563641522147634,2.6547910365337657,2.163052687826905,-49.76505236010428
2026-04-14T12:05:51.263,4.003138303943771,4.005050182643544,4.004247665658454,4.003460884300523,0.0187958111916577,1.9614399648570924,3.1563641522147634,2.6547910365337657,2.163052687826905,-49.76505236010428
2026-04-14T12:05:51.372,4.003138303943771,4.005050182643544,4.004247665658454,4.003460884300523,0.0187958111916577,1.9614399648570924,3.1563641522147634,2.6547910365337657,2.163052687826905,-49.76505236010428
2026-04-14T12:05:51.485,4.003932953115282,4.005202293706077,4.004090309386868,4.003468752114102,0.018945181876624514,2.4580956970510215,3.2514335662980898,2.5564433667923936,2.167970071313974,-49.76318522654219
2026-04-14T12:05:51.600,4.003932953115282,4.005202293706077,4.004090309386868,4.003468752114102,0.018945181876624514,2.4580956970510215,3.2514335662980898,2.5564433667923936,2.167970071313974,-49.76318522654219
2026-04-14T12:05:51.701,4.003932953115282,4.005202293706077,4.004090309386868,4.003468752114102,0.018945181876624514,2.4580956970510215,3.2514335662980898,2.5564433667923936,2.167970071313974,-49.76318522654219
2026-04-14T12:05:51.818,4.003780842052748,4.005267858819238,4.003967046974125,4.004016876460128,0.03242837570629579,2.363026282967695,3.2924117620236615,2.4794043588283188,2.5105477875797533,-49.5946453036713
2026-04-14T12:05:51.933,4.003780842052748,4.005267858819238,4.003967046974125,4.004016876460128,0.03242837570629579,2.363026282967695,3.2924117620236615,2.4794043588283188,2.5105477875797533,-49.5946453036713
2026-04-14T12:05:52.031,4.003780842052748,4.005267858819238,4.003967046974125,4.004016876460128,0.03242837570629579,2.363026282967695,3.2924117620236615,2.4794043588283188,2.5105477875797533,-49.5946453036713
2026-04-14T12:05:52.149,4.003749370798431,4.0054697993677735,4.004045725109918,4.003471374718629,0.03383246014498386,2.3433567490194207,3.4186246048584223,2.528578193699005,2.1696091991429967,-49.577094248187706
2026-04-14T12:05:52.248,4.003749370798431,4.0054697993677735,4.004045725109918,4.003471374718629,0.03383246014498386,2.3433567490194207,3.4186246048584223,2.528578193699005,2.1696091991429967,-49.577094248187706
2026-04-14T12:05:52.366,4.003749370798431,4.0054697993677735,4.004045725109918,4.003471374718629,0.03383246014498386,2.3433567490194207,3.4186246048584223,2.528578193699005,2.1696091991429967,-49.577094248187706
2026-04-14T12:05:52.476,4.003909349674544,4.00517082245176,4.0048036578180595,4.003995895623916,0.03232879524965124,2.4433435465898157,3.2317640323498154,3.002286136287169,2.4974347649475703,-49.59589005937936
2026-04-14T12:05:52.584,4.003909349674544,4.00517082245176,4.0048036578180595,4.003995895623916,0.03232879524965124,2.4433435465898157,3.2317640323498154,3.002286136287169,2.4974347649475703,-49.59589005937936
2026-04-14T12:05:52.694,4.003909349674544,4.00517082245176,4.0048036578180595,4.003995895623916,0.03232879524965124,2.4433435465898157,3.2317640323498154,3.002286136287169,2.4974347649475703,-49.59589005937936
2026-04-14T12:05:52.803,4.003544807645369,4.005131483383864,4.004452228811516,4.003694296103376,0.029620206828919644,2.215504778355637,3.2071771149150274,2.7826430071975494,2.3089350646099405,-49.6297474146385
2026-04-14T12:05:52.912,4.003544807645369,4.005131483383864,4.004452228811516,4.003694296103376,0.029620206828919644,2.215504778355637,3.2071771149150274,2.7826430071975494,2.3089350646099405,-49.6297474146385
2026-04-14T12:05:53.020,4.003544807645369,4.005131483383864,4.004452228811516,4.003694296103376,0.029620206828919644,2.215504778355637,3.2071771149150274,2.7826430071975494,2.3089350646099405,-49.6297474146385
2026-04-14T12:05:53.130,4.003453016486944,4.005123615570284,4.003736257775799,4.003245830729355,0.03514692217269184,2.1581353043398366,3.2022597314274037,2.3351611098743064,2.02864420584703,-49.560663472841355
2026-04-14T12:05:53.238,4.003453016486944,4.005123615570284,4.003736257775799,4.003245830729355,0.03514692217269184,2.1581353043398366,3.2022597314274037,2.3351611098743064,2.02864420584703,-49.560663472841355
2026-04-14T12:05:53.347,4.003453016486944,4.005123615570284,4.003736257775799,4.003245830729355,0.03514692217269184,2.1581353043398366,3.2022597314274037,2.3351611098743064,2.02864420584703,-49.560663472841355
2026-04-14T12:05:53.456,4.0031750204071415,4.005278349237344,4.004048347714445,4.0038359167478035,0.021155868014133394,1.9843877544634125,3.298968273339753,2.5302173215280277,2.3974479673771754,-49.735551649823336
2026-04-14T12:05:53.564,4.0031750204071415,4.005278349237344,4.004048347714445,4.0038359167478035,0.021155868014133394,1.9843877544634125,3.298968273339753,2.5302173215280277,2.3974479673771754,-49.735551649823336
2026-04-14T12:05:53.670,4.0031750204071415,4.005278349237344,4.004048347714445,4.0038359167478035,0.021155868014133394,1.9843877544634125,3.298968273339753,2.5302173215280277,2.3974479673771754,-49.735551649823336
2026-04-14T12:05:53.782,4.003717899544114,4.005236387564921,4.004365682862144,4.003602504944951,0.023949099823012857,2.3236872150711463,3.272742228075387,2.7285517888397948,2.25156559059414,-49.70063625221234
2026-04-14T12:05:53.891,4.003717899544114,4.005236387564921,4.004365682862144,4.003602504944951,0.023949099823012857,2.3236872150711463,3.272742228075387,2.7285517888397948,2.25156559059414,-49.70063625221234
2026-04-14T12:05:54.000,4.003717899544114,4.005236387564921,4.004365682862144,4.003602504944951,0.023949099823012857,2.3236872150711463,3.272742228075387,2.7285517888397948,2.25156559059414,-49.70063625221234
2026-04-14T12:05:54.109,4.003615617967583,4.005128860779337,4.0043106081670885,4.003972292183178,0.02217656769473997,2.2597612297392544,3.2055379870854495,2.6941301044303145,2.4826826144863645,-49.72279290381575
2026-04-14T12:05:54.219,4.003615617967583,4.005128860779337,4.0043106081670885,4.003972292183178,0.02217656769473997,2.2597612297392544,3.2055379870854495,2.6941301044303145,2.4826826144863645,-49.72279290381575
2026-04-14T12:05:54.328,4.003615617967583,4.005128860779337,4.0043106081670885,4.003972292183178,0.02217656769473997,2.2597612297392544,3.2055379870854495,2.6941301044303145,2.4826826144863645,-49.72279290381575
2026-04-14T12:05:54.438,4.004079818968762,4.005265236214712,4.00391197227907,4.003741502984852,0.024078554416650765,2.549886855476302,3.2907726341951937,2.4449826744188385,2.338439365532352,-49.69901806979187
2026-04-14T12:05:54.547,4.004079818968762,4.005265236214712,4.00391197227907,4.003741502984852,0.024078554416650765,2.549886855476302,3.2907726341951937,2.4449826744188385,2.338439365532352,-49.69901806979187
2026-04-14T12:05:54.658,4.004079818968762,4.005265236214712,4.00391197227907,4.003741502984852,0.024078554416650765,2.549886855476302,3.2907726341951937,2.4449826744188385,2.338439365532352,-49.69901806979187
2026-04-14T12:05:54.767,4.0039985182284425,4.004950523671539,4.00448632267036,4.003424167837153,0.02800700343127803,2.499073892776593,3.0940772947118944,2.8039516689748467,2.140104898220585,-49.649912457109025
2026-04-14T12:05:54.877,4.0039985182284425,4.004950523671539,4.00448632267036,4.003424167837153,0.02800700343127803,2.499073892776593,3.0940772947118944,2.8039516689748467,2.140104898220585,-49.649912457109025
2026-04-14T12:05:54.985,4.0039985182284425,4.004950523671539,4.00448632267036,4.003424167837153,0.02800700343127803,2.499073892776593,3.0940772947118944,2.8039516689748467,2.140104898220585,-49.649912457109025
2026-04-14T12:05:55.092,4.003870010606647,4.00497937232133,4.003723144753167,4.004087686782342,0.025592177357647832,2.4187566291544726,3.112107700831146,2.326965470729192,2.554804238963926,-49.6800977830294
2026-04-14T12:05:55.216,4.003870010606647,4.00497937232133,4.003723144753167,4.004087686782342,0.025592177357647832,2.4187566291544726,3.112107700831146,2.326965470729192,2.554804238963926,-49.6800977830294
2026-04-14T12:05:55.339,4.003870010606647,4.00497937232133,4.003723144753167,4.004087686782342,0.025592177357647832,2.4187566291544726,3.112107700831146,2.326965470729192,2.554804238963926,-49.6800977830294
2026-04-14T12:05:55.436,4.0034818651367345,4.005168199847233,4.004452228811516,4.003584146713266,0.03257276736843037,2.176165710459088,3.2301249045207925,2.7826430071975494,2.24009169579098,-49.59284040789462
2026-04-14T12:05:55.545,4.0034818651367345,4.005168199847233,4.004452228811516,4.003584146713266,0.03257276736843037,2.176165710459088,3.2301249045207925,2.7826430071975494,2.24009169579098,-49.59284040789462
2026-04-14T12:05:55.669,4.0034818651367345,4.005168199847233,4.004452228811516,4.003584146713266,0.03257276736843037,2.176165710459088,3.2301249045207925,2.7826430071975494,2.24009169579098,-49.59284040789462
2026-04-14T12:05:55.793,4.003689050894323,4.005147219011022,4.004132271059291,4.003641844012847,0.022963253302231867,2.3056568089518947,3.2170118818886095,2.5826694120567595,2.276152508029483,-49.712959333722104
2026-04-14T12:05:55.903,4.003689050894323,4.005147219011022,4.004132271059291,4.003641844012847,0.022963253302231867,2.3056568089518947,3.2170118818886095,2.5826694120567595,2.276152508029483,-49.712959333722104
2026-04-14T12:05:56.010,4.003689050894323,4.005147219011022,4.004132271059291,4.003641844012847,0.022963253302231867,2.3056568089518947,3.2170118818886095,2.5826694120567595,2.276152508029483,-49.712959333722104
2026-04-14T12:05:56.118,4.0036680700581115,4.005296707469029,4.003967046974125,4.003400564396415,0.02849992669166852,2.292543786319712,3.310442168142913,2.4794043588283188,2.125352747759379,-49.64375091635414
2026-04-14T12:05:56.227,4.0036680700581115,4.005296707469029,4.003967046974125,4.003400564396415,0.02849992669166852,2.292543786319712,3.310442168142913,2.4794043588283188,2.125352747759379,-49.64375091635414
2026-04-14T12:05:56.336,4.0036680700581115,4.005296707469029,4.003967046974125,4.003400564396415,0.02849992669166852,2.292543786319712,3.310442168142913,2.4794043588283188,2.125352747759379,-49.64375091635414
2026-04-14T12:05:56.445,4.003515958995578,4.004903316790063,4.004410267139093,4.003893614047386,0.028355535029533932,2.1974743722363854,3.064572993789483,2.7564169619331835,2.4335087796162336,-49.64555581213082
2026-04-14T12:05:56.554,4.003515958995578,4.004903316790063,4.004410267139093,4.003893614047386,0.028355535029533932,2.1974743722363854,3.064572993789483,2.7564169619331835,2.4335087796162336,-49.64555581213082
2026-04-14T12:05:56.662,4.003515958995578,4.004903316790063,4.004410267139093,4.003893614047386,0.028355535029533932,2.1974743722363854,3.064572993789483,2.7564169619331835,2.4335087796162336,-49.64555581213082
2026-04-14T12:05:56.770,4.004245043053928,4.005010843575648,4.0043315890033,4.003316641051569,0.037536853132160895,2.653151908704743,3.1317772347799755,2.7072431270624975,2.0729006572306474,-49.53078933584799
2026-04-14T12:05:56.879,4.004245043053928,4.005010843575648,4.0043315890033,4.003316641051569,0.037536853132160895,2.653151908704743,3.1317772347799755,2.7072431270624975,2.0729006572306474,-49.53078933584799
2026-04-14T12:05:56.988,4.004245043053928,4.005010843575648,4.0043315890033,4.003316641051569,0.037536853132160895,2.653151908704743,3.1317772347799755,2.7072431270624975,2.0729006572306474,-49.53078933584799
2026-04-14T12:05:57.097,4.003169775198089,4.005294084864502,4.004077196364236,4.00327205677462,0.037885384730416805,1.9811094988053668,3.30880304031389,2.5482477276472792,2.0450354841372587,-49.52643269086979
2026-04-14T12:05:57.204,4.003169775198089,4.005294084864502,4.004077196364236,4.00327205677462,0.037885384730416805,1.9811094988053668,3.30880304031389,2.5482477276472792,2.0450354841372587,-49.52643269086979
2026-04-14T12:05:57.313,4.003169775198089,4.005294084864502,4.004077196364236,4.00327205677462,0.037885384730416805,1.9811094988053668,3.30880304031389,2.5482477276472792,2.0450354841372587,-49.52643269086979
2026-04-14T12:05:57.422,4.003138303943771,4.004735470100371,4.003809690702539,4.003717899544114,0.029814388719376504,1.9614399648570924,2.959668812732019,2.3810566890869467,2.3236872150711463,-49.62732014100779
2026-04-14T12:05:57.531,4.003138303943771,4.004735470100371,4.003809690702539,4.003717899544114,0.029814388719376504,1.9614399648570924,2.959668812732019,2.3810566890869467,2.3236872150711463,-49.62732014100779
2026-04-14T12:05:57.639,4.003138303943771,4.004735470100371,4.003809690702539,4.003717899544114,0.029814388719376504,1.9614399648570924,2.959668812732019,2.3810566890869467,2.3236872150711463,-49.62732014100779
2026-04-14T12:05:57.749,4.0036077501540035,4.005197048497024,4.0040640833416035,4.003578901504213,0.029426024938462778,2.254843846252186,3.248155310640044,2.540052088502165,2.2368134401329343,-49.63217468826922
2026-04-14T12:05:57.857,4.0036077501540035,4.005197048497024,4.0040640833416035,4.003578901504213,0.029426024938462778,2.254843846252186,3.248155310640044,2.540052088502165,2.2368134401329343,-49.63217468826922
2026-04-14T12:05:57.966,4.0036077501540035,4.005197048497024,4.0040640833416035,4.003578901504213,0.029426024938462778,2.254843846252186,3.248155310640044,2.540052088502165,2.2368134401329343,-49.63217468826922
2026-04-14T12:05:58.076,4.003508091181999,4.0050973895250195,4.004132271059291,4.004323721189721,0.037128573259918266,2.192556988749317,3.185868453137175,2.5826694120567595,2.702325743575429,-49.53589283425102
2026-04-14T12:05:58.198,4.003508091181999,4.0050973895250195,4.004132271059291,4.004323721189721,0.037128573259918266,2.192556988749317,3.185868453137175,2.5826694120567595,2.702325743575429,-49.53589283425102
2026-04-14T12:05:58.308,4.003508091181999,4.0050973895250195,4.004132271059291,4.004323721189721,0.037128573259918266,2.192556988749317,3.185868453137175,2.5826694120567595,2.702325743575429,-49.53589283425102
2026-04-14T12:05:58.417,4.003982782601284,4.005440950717983,4.004092931991394,4.003494978159367,0.028231059458728253,2.489239125802456,3.400594198739171,2.5580824946214165,2.1843613496042025,-49.6471117567659
2026-04-14T12:05:58.512,4.003982782601284,4.005440950717983,4.004092931991394,4.003494978159367,0.028231059458728253,2.489239125802456,3.400594198739171,2.5580824946214165,2.1843613496042025,-49.6471117567659
2026-04-14T12:05:58.637,4.003982782601284,4.005440950717983,4.004092931991394,4.003494978159367,0.028231059458728253,2.489239125802456,3.400594198739171,2.5580824946214165,2.1843613496042025,-49.6471117567659
2026-04-14T12:05:58.745,4.003429413046206,4.0050737860842816,4.004675150196263,4.004224062217716,0.01839748936507952,2.1433831538786308,3.1711163026759692,2.9219688726644932,2.64003888607256,-49.77003138293651
2026-04-14T12:05:58.855,4.003429413046206,4.0050737860842816,4.004675150196263,4.004224062217716,0.01839748936507952,2.1433831538786308,3.1711163026759692,2.9219688726644932,2.64003888607256,-49.77003138293651
2026-04-14T12:05:58.963,4.003429413046206,4.0050737860842816,4.004675150196263,4.004224062217716,0.01839748936507952,2.1433831538786308,3.1711163026759692,2.9219688726644932,2.64003888607256,-49.77003138293651
2026-04-14T12:05:59.071,4.003670692662638,4.005440950717983,4.003856897584015,4.003731012566746,0.02361550529325363,2.2941829141487347,3.400594198739171,2.4105609900093583,2.3318828542162606,-49.70480618383433
2026-04-14T12:05:59.180,4.003670692662638,4.005440950717983,4.003856897584015,4.003731012566746,0.02361550529325363,2.2941829141487347,3.400594198739171,2.4105609900093583,2.3318828542162606,-49.70480618383433
2026-04-14T12:05:59.290,4.003670692662638,4.005440950717983,4.003856897584015,4.003731012566746,0.02361550529325363,2.2941829141487347,3.400594198739171,2.4105609900093583,2.3318828542162606,-49.70480618383433
2026-04-14T12:05:59.398,4.004129648454764,4.005026579202806,4.0039381983243345,4.003557920668001,0.019642245073136323,2.5810302842277366,3.1416120017535576,2.4613739527090672,2.2237004175007513,-49.7544719365858
2026-04-14T12:05:59.508,4.004129648454764,4.005026579202806,4.0039381983243345,4.003557920668001,0.019642245073136323,2.5810302842277366,3.1416120017535576,2.4613739527090672,2.2237004175007513,-49.7544719365858
2026-04-14T12:05:59.617,4.004129648454764,4.005026579202806,4.0039381983243345,4.003557920668001,0.019642245073136323,2.5810302842277366,3.1416120017535576,2.4613739527090672,2.2237004175007513,-49.7544719365858
2026-04-14T12:05:59.725,4.004019499064654,4.005357027373137,4.004344702025932,4.0038542749794885,0.016271446615718506,2.512186915408776,3.348142108210439,2.715438766207612,2.4089218621803354,-49.79660691730352
2026-04-14T12:05:59.835,4.004019499064654,4.005357027373137,4.004344702025932,4.0038542749794885,0.016271446615718506,2.512186915408776,3.348142108210439,2.715438766207612,2.4089218621803354,-49.79660691730352
2026-04-14T12:05:59.944,4.004019499064654,4.005357027373137,4.004344702025932,4.0038542749794885,0.016271446615718506,2.512186915408776,3.348142108210439,2.715438766207612,2.4089218621803354,-49.79660691730352
2026-04-14T12:06:00.053,4.003597259735898,4.005438328113456,4.004279136912771,4.003914594883597,0.012586969719870375,2.2482873349360943,3.398955070910148,2.67446057048204,2.4466218022478614,-49.84266287850162
2026-04-14T12:06:00.163,4.003597259735898,4.005438328113456,4.004279136912771,4.003914594883597,0.012586969719870375,2.2482873349360943,3.398955070910148,2.67446057048204,2.4466218022478614,-49.84266287850162
2026-04-14T12:06:00.263,4.003597259735898,4.005438328113456,4.004279136912771,4.003914594883597,0.012586969719870375,2.2482873349360943,3.398955070910148,2.67446057048204,2.4466218022478614,-49.84266287850162
2026-04-14T12:06:00.380,4.004050970318971,4.0057399276339964,4.004016876460128,4.0042922499354034,0.01068996202079181,2.5318564493570506,3.587454771247778,2.5105477875797533,2.6826562096271545,-49.8663754747401
2026-04-14T12:06:00.491,4.004050970318971,4.0057399276339964,4.004016876460128,4.0042922499354034,0.01068996202079181,2.5318564493570506,3.587454771247778,2.5105477875797533,2.6826562096271545,-49.8663754747401
2026-04-14T12:06:00.599,4.004050970318971,4.0057399276339964,4.004016876460128,4.0042922499354034,0.01068996202079181,2.5318564493570506,3.587454771247778,2.5105477875797533,2.6826562096271545,-49.8663754747401
2026-04-14T12:06:00.710,4.0033795835602035,4.005183935474392,4.004407644534567,4.003833294143277,0.008952283052344514,2.1122397251271963,3.2399596714949297,2.7547778341041607,2.3958088395481525,-49.88809646184569
2026-04-14T12:06:00.834,4.0033795835602035,4.005183935474392,4.004407644534567,4.003833294143277,0.008952283052344514,2.1122397251271963,3.2399596714949297,2.7547778341041607,2.3958088395481525,-49.88809646184569
2026-04-14T12:06:00.929,4.0033795835602035,4.005183935474392,4.004407644534567,4.003833294143277,0.008952283052344514,2.1122397251271963,3.2399596714949297,2.7547778341041607,2.3958088395481525,-49.88809646184569
2026-04-14T12:06:01.040,4.003780842052748,4.005273104028291,4.004200458776978,4.003492355554841,0.013941263930236173,2.363026282967695,3.295690017681707,2.625286735611354,2.1827222217757347,-49.82573420087205
2026-04-14T12:06:01.140,4.003780842052748,4.005273104028291,4.004200458776978,4.003492355554841,0.013941263930236173,2.363026282967695,3.295690017681707,2.625286735611354,2.1827222217757347,-49.82573420087205
2026-04-14T12:06:01.248,4.003780842052748,4.005273104028291,4.004200458776978,4.003492355554841,0.013941263930236173,2.363026282967695,3.295690017681707,2.625286735611354,2.1827222217757347,-49.82573420087205
2026-04-14T12:06:01.363,4.003581524108739,4.005068540875229,4.00414800668645,4.003825426329698,0.014713012469231389,2.238452567961957,3.1678380470179235,2.592504179031452,2.390891456061084,-49.81608734413461
2026-04-14T12:06:01.479,4.003581524108739,4.005068540875229,4.00414800668645,4.003825426329698,0.014713012469231389,2.238452567961957,3.1678380470179235,2.592504179031452,2.390891456061084,-49.81608734413461
2026-04-14T12:06:01.586,4.003581524108739,4.005068540875229,4.00414800668645,4.003825426329698,0.014713012469231389,2.238452567961957,3.1678380470179235,2.592504179031452,2.390891456061084,-49.81608734413461
2026-04-14T12:06:01.688,4.003762483821063,4.005063295666176,4.0041847231498195,4.003248453333882,0.020956707100844307,2.351552388164535,3.1645597913598777,2.615451968637217,2.030283333676053,-49.738041161239444
2026-04-14T12:06:01.805,4.003762483821063,4.005063295666176,4.0041847231498195,4.003248453333882,0.020956707100844307,2.351552388164535,3.1645597913598777,2.615451968637217,2.030283333676053,-49.738041161239444
2026-04-14T12:06:01.914,4.003762483821063,4.005063295666176,4.0041847231498195,4.003248453333882,0.020956707100844307,2.351552388164535,3.1645597913598777,2.615451968637217,2.030283333676053,-49.738041161239444
2026-04-14T12:06:02.013,4.003744125589378,4.005202293706077,4.004423380161725,4.003340244492307,0.01781992271654117,2.340078493361375,3.2514335662980898,2.764612601078298,2.0876528076918532,-49.77725096604323
2026-04-14T12:06:02.132,4.003744125589378,4.005202293706077,4.004423380161725,4.003340244492307,0.01781992271654117,2.340078493361375,3.2514335662980898,2.764612601078298,2.0876528076918532,-49.77725096604323
2026-04-14T12:06:02.232,4.003744125589378,4.005202293706077,4.004423380161725,4.003340244492307,0.01781992271654117,2.340078493361375,3.2514335662980898,2.764612601078298,2.0876528076918532,-49.77725096604323
2026-04-14T12:06:02.349,4.004205703986031,4.005307197887134,4.004360437653091,4.003450393882417,0.022649574863801557,2.6285649912694,3.3169986794590045,2.725273533181749,2.1564961765108137,-49.716880314202484
2026-04-14T12:06:02.460,4.004205703986031,4.005307197887134,4.004360437653091,4.003450393882417,0.022649574863801557,2.6285649912694,3.3169986794590045,2.725273533181749,2.1564961765108137,-49.716880314202484
2026-04-14T12:06:02.569,4.004205703986031,4.005307197887134,4.004360437653091,4.003450393882417,0.022649574863801557,2.6285649912694,3.3169986794590045,2.725273533181749,2.1564961765108137,-49.716880314202484
2026-04-14T12:06:02.677,4.00394868874244,4.005482912390406,4.00463318852384,4.003741502984852,0.018591671255536384,2.4679304640251587,3.4268202440035367,2.8957428274001273,2.338439365532352,-49.76760410930579
2026-04-14T12:06:02.780,4.00394868874244,4.005482912390406,4.00463318852384,4.003741502984852,0.018591671255536384,2.4679304640251587,3.4268202440035367,2.8957428274001273,2.338439365532352,-49.76760410930579
2026-04-14T12:06:02.893,4.00394868874244,4.005482912390406,4.00463318852384,4.003741502984852,0.018591671255536384,2.4679304640251587,3.4268202440035367,2.8957428274001273,2.338439365532352,-49.76760410930579
2026-04-14T12:06:03.002,4.003964424369599,4.0052442553785,4.004092931991394,4.003476619927682,0.02796717124862021,2.477765230999296,3.2776596115624557,2.5580824946214165,2.1728874548010424,-49.65041035939225
2026-04-14T12:06:03.107,4.003964424369599,4.0052442553785,4.004092931991394,4.003476619927682,0.02796717124862021,2.477765230999296,3.2776596115624557,2.5580824946214165,2.1728874548010424,-49.65041035939225
2026-04-14T12:06:03.219,4.003964424369599,4.0052442553785,4.004092931991394,4.003476619927682,0.02796717124862021,2.477765230999296,3.2776596115624557,2.5580824946214165,2.1728874548010424,-49.65041035939225
2026-04-14T12:06:03.329,4.003550052854422,4.005270481423764,4.00440502193004,4.00322747249767,0.018755979008999883,2.2187830340136827,3.2940508898526843,2.753138706275138,2.01717031104387,-49.76555026238751
2026-04-14T12:06:03.438,4.003550052854422,4.005270481423764,4.00440502193004,4.00322747249767,0.018755979008999883,2.2187830340136827,3.2940508898526843,2.753138706275138,2.01717031104387,-49.76555026238751
2026-04-14T12:06:03.547,4.003550052854422,4.005270481423764,4.00440502193004,4.00322747249767,0.018755979008999883,2.2187830340136827,3.2940508898526843,2.753138706275138,2.01717031104387,-49.76555026238751
2026-04-14T12:06:03.658,4.003846407165909,4.005286217050923,4.004205703986031,4.003222227288617,0.016032453519771603,2.404004478693267,3.3038856568268216,2.6285649912694,2.013892055385824,-49.79959433100286
2026-04-14T12:06:03.763,4.003846407165909,4.005286217050923,4.004205703986031,4.003222227288617,0.016032453519771603,2.404004478693267,3.3038856568268216,2.6285649912694,2.013892055385824,-49.79959433100286
2026-04-14T12:06:03.876,4.003846407165909,4.005286217050923,4.004205703986031,4.003222227288617,0.016032453519771603,2.404004478693267,3.3038856568268216,2.6285649912694,2.013892055385824,-49.79959433100286
2026-04-14T12:06:03.982,4.003502845972946,4.005254745796606,4.004336834212353,4.003550052854422,0.02658300290126105,2.189278733091271,3.284216122878547,2.710521382720543,2.2187830340136827,-49.66771246373424
2026-04-14T12:06:04.091,4.003502845972946,4.005254745796606,4.004336834212353,4.003550052854422,0.02658300290126105,2.189278733091271,3.284216122878547,2.710521382720543,2.2187830340136827,-49.66771246373424
2026-04-14T12:06:04.202,4.003502845972946,4.005254745796606,4.004336834212353,4.003550052854422,0.02658300290126105,2.189278733091271,3.284216122878547,2.710521382720543,2.2187830340136827,-49.66771246373424
2026-04-14T12:06:04.311,4.003497600763893,4.005149841615548,4.004218817008663,4.003615617967583,0.019189153995403645,2.1860004774332253,3.2186510097176324,2.636760630414514,2.2597612297392544,-49.760135575057454
2026-04-14T12:06:04.422,4.003497600763893,4.005149841615548,4.004218817008663,4.003615617967583,0.019189153995403645,2.1860004774332253,3.2186510097176324,2.636760630414514,2.2597612297392544,-49.760135575057454
2026-04-14T12:06:04.531,4.003497600763893,4.005149841615548,4.004218817008663,4.003615617967583,0.019189153995403645,2.1860004774332253,3.2186510097176324,2.636760630414514,2.2597612297392544,-49.760135575057454
2026-04-14T12:06:04.640,4.0035238268091575,4.0053675177912424,4.004024744273707,4.0036497118264265,0.018835643374315515,2.202391755723454,3.3546986195265305,2.515465171066822,2.2810698915165517,-49.764554457821056
2026-04-14T12:06:04.750,4.0035238268091575,4.0053675177912424,4.004024744273707,4.0036497118264265,0.018835643374315515,2.202391755723454,3.3546986195265305,2.515465171066822,2.2810698915165517,-49.764554457821056
2026-04-14T12:06:04.859,4.0035238268091575,4.0053675177912424,4.004024744273707,4.0036497118264265,0.018835643374315515,2.202391755723454,3.3546986195265305,2.515465171066822,2.2810698915165517,-49.764554457821056
2026-04-14T12:06:04.967,4.003927707906229,4.005152464220075,4.004365682862144,4.003851652374962,0.020583280388427265,2.4548174413929758,3.2202901375466553,2.7285517888397948,2.4072827343513126,-49.74270899514466
2026-04-14T12:06:05.076,4.003927707906229,4.005152464220075,4.004365682862144,4.003851652374962,0.020583280388427265,2.4548174413929758,3.2202901375466553,2.7285517888397948,2.4072827343513126,-49.74270899514466
2026-04-14T12:06:05.187,4.003927707906229,4.005152464220075,4.004365682862144,4.003851652374962,0.020583280388427265,2.4548174413929758,3.2202901375466553,2.7285517888397948,2.4072827343513126,-49.74270899514466
2026-04-14T12:06:05.295,4.003673315267164,4.005183935474392,4.0040640833416035,4.003489732950314,0.018123643109307024,2.2958220419777575,3.2399596714949297,2.540052088502165,2.1810830939461567,-49.77345446113367
2026-04-14T12:06:05.405,4.003673315267164,4.005183935474392,4.0040640833416035,4.003489732950314,0.018123643109307024,2.2958220419777575,3.2399596714949297,2.540052088502165,2.1810830939461567,-49.77345446113367
2026-04-14T12:06:05.521,4.003673315267164,4.005183935474392,4.0040640833416035,4.003489732950314,0.018123643109307024,2.2958220419777575,3.2399596714949297,2.540052088502165,2.1810830939461567,-49.77345446113367
2026-04-14T12:06:05.637,4.00380182288896,4.005443573322509,4.004252910867507,4.003290415006305,0.016893824469746906,2.376139305599878,3.4022333265681937,2.6580692921918114,2.0565093789404187,-49.78882719412817
2026-04-14T12:06:05.743,4.00380182288896,4.005443573322509,4.004252910867507,4.003290415006305,0.016893824469746906,2.376139305599878,3.4022333265681937,2.6580692921918114,2.0565093789404187,-49.78882719412817
2026-04-14T12:06:05.856,4.00380182288896,4.005443573322509,4.004252910867507,4.003290415006305,0.016893824469746906,2.376139305599878,3.4022333265681937,2.6580692921918114,2.0565093789404187,-49.78882719412817
2026-04-14T12:06:05.951,4.004300117748983,4.004963636694171,4.004452228811516,4.003880501024753,0.014324648688317669,2.687573593114223,3.1022729338570088,2.7826430071975494,2.425313140470564,-49.82094189139603
2026-04-14T12:06:06.062,4.004300117748983,4.004963636694171,4.004452228811516,4.003880501024753,0.014324648688317669,2.687573593114223,3.1022729338570088,2.7826430071975494,2.425313140470564,-49.82094189139603
2026-04-14T12:06:06.171,4.004300117748983,4.004963636694171,4.004452228811516,4.003880501024753,0.014324648688317669,2.687573593114223,3.1022729338570088,2.7826430071975494,2.425313140470564,-49.82094189139603
2026-04-14T12:06:06.281,4.003489732950314,4.00467777280079,4.004572868619732,4.003594637131371,0.016754411830444547,2.1810830939461567,2.923608000493516,2.8580428873326014,2.2466482071070715,-49.79056985211944
2026-04-14T12:06:06.389,4.003489732950314,4.00467777280079,4.004572868619732,4.003594637131371,0.016754411830444547,2.1810830939461567,2.923608000493516,2.8580428873326014,2.2466482071070715,-49.79056985211944
2026-04-14T12:06:06.501,4.003489732950314,4.00467777280079,4.004572868619732,4.003594637131371,0.016754411830444547,2.1810830939461567,2.923608000493516,2.8580428873326014,2.2466482071070715,-49.79056985211944
2026-04-14T12:06:06.606,4.003534317227263,4.005029201807332,4.004119158036659,4.003654957035479,0.019816510872264277,2.2089482670395455,3.1432511295825805,2.574473772911645,2.2843481471745974,-49.7522936140967
2026-04-14T12:06:06.717,4.003534317227263,4.005029201807332,4.004119158036659,4.003654957035479,0.019816510872264277,2.2089482670395455,3.1432511295825805,2.574473772911645,2.2843481471745974,-49.7522936140967
2026-04-14T12:06:06.825,4.003534317227263,4.005029201807332,4.004119158036659,4.003654957035479,0.019816510872264277,2.2089482670395455,3.1432511295825805,2.574473772911645,2.2843481471745974,-49.7522936140967
2026-04-14T12:06:06.937,4.003316641051569,4.005383253418401,4.003867388002121,4.004360437653091,0.019921070351741045,2.0729006572306474,3.3645333865006677,2.41711750132545,2.725273533181749,-49.750986620603236
2026-04-14T12:06:07.051,4.003316641051569,4.005383253418401,4.003867388002121,4.004360437653091,0.019921070351741045,2.0729006572306474,3.3645333865006677,2.41711750132545,2.725273533181749,-49.750986620603236
2026-04-14T12:06:07.167,4.003316641051569,4.005383253418401,4.003867388002121,4.004360437653091,0.019921070351741045,2.0729006572306474,3.3645333865006677,2.41711750132545,2.725273533181749,-49.750986620603236
2026-04-14T12:06:07.267,4.003240585520302,4.005357027373137,4.00406670594613,4.004019499064654,0.027613660627532077,2.0253659501889842,3.348142108210439,2.5416912163311878,2.512186915408776,-49.65482924215585
2026-04-14T12:06:07.372,4.003240585520302,4.005357027373137,4.00406670594613,4.004019499064654,0.027613660627532077,2.0253659501889842,3.348142108210439,2.5416912163311878,2.512186915408776,-49.65482924215585
2026-04-14T12:06:07.496,4.003240585520302,4.005357027373137,4.00406670594613,4.004019499064654,0.027613660627532077,2.0253659501889842,3.348142108210439,2.5416912163311878,2.512186915408776,-49.65482924215585
2026-04-14T12:06:07.604,4.003872633211174,4.005464554158721,4.004439115788884,4.004323721189721,0.025308373056210882,2.4203957569834955,3.4153463492003766,2.774447368052435,2.702325743575429,-49.68364533679737
2026-04-14T12:06:07.716,4.003872633211174,4.005464554158721,4.004439115788884,4.004323721189721,0.025308373056210882,2.4203957569834955,3.4153463492003766,2.774447368052435,2.702325743575429,-49.68364533679737
2026-04-14T12:06:07.810,4.003872633211174,4.005464554158721,4.004439115788884,4.004323721189721,0.025308373056210882,2.4203957569834955,3.4153463492003766,2.774447368052435,2.702325743575429,-49.68364533679737
2026-04-14T12:06:07.932,4.004423380161725,4.005278349237344,4.00417685533624,4.00391197227907,0.018940202853792287,2.764612601078298,3.298968273339753,2.6105345851501482,2.4449826744188385,-49.7632474643276
2026-04-14T12:06:08.042,4.004423380161725,4.005278349237344,4.00417685533624,4.00391197227907,0.018940202853792287,2.764612601078298,3.298968273339753,2.6105345851501482,2.4449826744188385,-49.7632474643276
2026-04-14T12:06:08.151,4.004423380161725,4.005278349237344,4.00417685533624,4.00391197227907,0.018940202853792287,2.764612601078298,3.298968273339753,2.6105345851501482,2.4449826744188385,-49.7632474643276
2026-04-14T12:06:08.260,4.004242420449401,4.00489807158101,4.003982782601284,4.003631353594741,0.021404819155744756,2.65151278087572,3.061294738131437,2.489239125802456,2.2695959967133916,-49.73243976055319
2026-04-14T12:06:08.370,4.004242420449401,4.00489807158101,4.003982782601284,4.003631353594741,0.021404819155744756,2.65151278087572,3.061294738131437,2.489239125802456,2.2695959967133916,-49.73243976055319
2026-04-14T12:06:08.480,4.004242420449401,4.00489807158101,4.003982782601284,4.003631353594741,0.021404819155744756,2.65151278087572,3.061294738131437,2.489239125802456,2.2695959967133916,-49.73243976055319
2026-04-14T12:06:08.591,4.003426790441679,4.005094766920493,4.004053592923498,4.00376510642559,0.019637266050304098,2.141744026049608,3.184229325308152,2.5334955771860734,2.353191515993558,-49.7545341743712
2026-04-14T12:06:08.698,4.003426790441679,4.005094766920493,4.004053592923498,4.00376510642559,0.019637266050304098,2.141744026049608,3.184229325308152,2.5334955771860734,2.353191515993558,-49.7545341743712
2026-04-14T12:06:08.807,4.003426790441679,4.005094766920493,4.004053592923498,4.00376510642559,0.019637266050304098,2.141744026049608,3.184229325308152,2.5334955771860734,2.353191515993558,-49.7545341743712
2026-04-14T12:06:08.916,4.003390073978309,4.005265236214712,4.004617452896682,4.003623485781162,0.016321236844040778,2.1187962364432877,3.2907726341951937,2.88590806042599,2.264678613226323,-49.79598453944949
2026-04-14T12:06:09.026,4.003390073978309,4.005265236214712,4.004617452896682,4.003623485781162,0.016321236844040778,2.1187962364432877,3.2907726341951937,2.88590806042599,2.264678613226323,-49.79598453944949
2026-04-14T12:06:09.136,4.003390073978309,4.005265236214712,4.004617452896682,4.003623485781162,0.016321236844040778,2.1187962364432877,3.2907726341951937,2.88590806042599,2.264678613226323,-49.79598453944949
2026-04-14T12:06:09.234,4.0033612253285185,4.004940033253433,4.004003763437495,4.00345563909147,0.01722741899950613,2.100765830324036,3.087520783395803,2.502352148434639,2.1597744321688594,-49.78465726250617
2026-04-14T12:06:09.356,4.0033612253285185,4.004940033253433,4.004003763437495,4.00345563909147,0.01722741899950613,2.100765830324036,3.087520783395803,2.502352148434639,2.1597744321688594,-49.78465726250617
2026-04-14T12:06:09.464,4.0033612253285185,4.004940033253433,4.004003763437495,4.00345563909147,0.01722741899950613,2.100765830324036,3.087520783395803,2.502352148434639,2.1597744321688594,-49.78465726250617
2026-04-14T12:06:09.573,4.00417685533624,4.004829883863323,4.003862142793068,4.003434658255259,0.027673408901518808,2.6105345851501482,3.0186774145768425,2.413839245667404,2.1466614095366765,-49.65408238873101
2026-04-14T12:06:09.669,4.00417685533624,4.004829883863323,4.003862142793068,4.003434658255259,0.027673408901518808,2.6105345851501482,3.0186774145768425,2.413839245667404,2.1466614095366765,-49.65408238873101
2026-04-14T12:06:09.792,4.00417685533624,4.004829883863323,4.003862142793068,4.003434658255259,0.027673408901518808,2.6105345851501482,3.0186774145768425,2.413839245667404,2.1466614095366765,-49.65408238873101
2026-04-14T12:06:09.901,4.003626108385689,4.005105257338599,4.004465341834148,4.003772974239169,0.019253881292222604,2.266317741055901,3.1907858366242436,2.7908386463426638,2.3581088994806265,-49.75932648384722
2026-04-14T12:06:10.012,4.003626108385689,4.005105257338599,4.004465341834148,4.003772974239169,0.019253881292222604,2.266317741055901,3.1907858366242436,2.7908386463426638,2.3581088994806265,-49.75932648384722
2026-04-14T12:06:10.121,4.003626108385689,4.005105257338599,4.004465341834148,4.003772974239169,0.019253881292222604,2.266317741055901,3.1907858366242436,2.7908386463426638,2.3581088994806265,-49.75932648384722
2026-04-14T12:06:10.229,4.0038542749794885,4.005252123192079,4.0042502882629805,4.00369954131243,0.018407447410743977,2.4089218621803354,3.2825769950495243,2.6564301643627886,2.3122133202685413,-49.7699069073657
2026-04-14T12:06:10.337,4.0038542749794885,4.005252123192079,4.0042502882629805,4.00369954131243,0.018407447410743977,2.4089218621803354,3.2825769950495243,2.6564301643627886,2.3122133202685413,-49.7699069073657
2026-04-14T12:06:10.446,4.0038542749794885,4.005252123192079,4.0042502882629805,4.00369954131243,0.018407447410743977,2.4089218621803354,3.2825769950495243,2.6564301643627886,2.3122133202685413,-49.7699069073657
2026-04-14T12:06:10.557,4.004050970318971,4.004981994925856,4.004664659778157,4.003070116226084,0.024521687448718982,2.5318564493570506,3.113746828660169,2.9154123613484018,1.9188226413024978,-49.693478906891016
2026-04-14T12:06:10.666,4.004050970318971,4.004981994925856,4.004664659778157,4.003070116226084,0.024521687448718982,2.5318564493570506,3.113746828660169,2.9154123613484018,1.9188226413024978,-49.693478906891016
2026-04-14T12:06:10.775,4.004050970318971,4.004981994925856,4.004664659778157,4.003070116226084,0.024521687448718982,2.5318564493570506,3.113746828660169,2.9154123613484018,1.9188226413024978,-49.693478906891016
2026-04-14T12:06:10.885,4.003487110345787,4.004761696145636,4.0040221216691805,4.003741502984852,0.029122304545696923,2.179443966117134,2.976060091022248,2.513826043237799,2.338439365532352,-49.63597119317879
2026-04-14T12:06:10.984,4.003487110345787,4.004761696145636,4.0040221216691805,4.003741502984852,0.029122304545696923,2.179443966117134,2.976060091022248,2.513826043237799,2.338439365532352,-49.63597119317879
2026-04-14T12:06:11.100,4.003487110345787,4.004761696145636,4.0040221216691805,4.003741502984852,0.029122304545696923,2.179443966117134,2.976060091022248,2.513826043237799,2.338439365532352,-49.63597119317879
2026-04-14T12:06:11.200,4.003686428289797,4.005210161519656,4.003880501024753,4.00353693983179,0.029117325522864695,2.304017681122872,3.2563509497851584,2.425313140470564,2.2105873948685684,-49.6360334309642
2026-04-14T12:06:11.318,4.003686428289797,4.005210161519656,4.003880501024753,4.00353693983179,0.029117325522864695,2.304017681122872,3.2563509497851584,2.425313140470564,2.2105873948685684,-49.6360334309642
2026-04-14T12:06:11.427,4.003686428289797,4.005210161519656,4.003880501024753,4.00353693983179,0.029117325522864695,2.304017681122872,3.2563509497851584,2.425313140470564,2.2105873948685684,-49.6360334309642
2026-04-14T12:06:11.537,4.00375723861201,4.005168199847233,4.003715276939587,4.003589391922318,0.019338524680370464,2.3482741325064893,3.2301249045207925,2.3220480872421234,2.2433699514490257,-49.75826844149537
2026-04-14T12:06:11.645,4.00375723861201,4.005168199847233,4.003715276939587,4.003589391922318,0.019338524680370464,2.3482741325064893,3.2301249045207925,2.3220480872421234,2.2433699514490257,-49.75826844149537
2026-04-14T12:06:11.751,4.00375723861201,4.005168199847233,4.003715276939587,4.003589391922318,0.019338524680370464,2.3482741325064893,3.2301249045207925,2.3220480872421234,2.2433699514490257,-49.75826844149537
2026-04-14T12:06:11.863,4.003791332470854,4.005178690265339,4.004011631251075,4.003298282819885,0.02955547953210069,2.3695827942837866,3.236681415836884,2.5072695319217075,2.0614267624280425,-49.630556505848745
2026-04-14T12:06:11.970,4.003791332470854,4.005178690265339,4.004011631251075,4.003298282819885,0.02955547953210069,2.3695827942837866,3.236681415836884,2.5072695319217075,2.0614267624280425,-49.630556505848745
2026-04-14T12:06:12.078,4.003791332470854,4.005178690265339,4.004011631251075,4.003298282819885,0.02955547953210069,2.3695827942837866,3.236681415836884,2.5072695319217075,2.0614267624280425,-49.630556505848745
2026-04-14T12:06:12.187,4.0037519934029575,4.004890203767431,4.004189968358872,4.003746748193905,0.022903505028245143,2.3449958768484436,3.0563773546443684,2.6187302242952626,2.341717621190398,-49.71370618714693
2026-04-14T12:06:12.297,4.0037519934029575,4.004890203767431,4.004189968358872,4.003746748193905,0.022903505028245143,2.3449958768484436,3.0563773546443684,2.6187302242952626,2.341717621190398,-49.71370618714693
2026-04-14T12:06:12.406,4.0037519934029575,4.004890203767431,4.004189968358872,4.003746748193905,0.022903505028245143,2.3449958768484436,3.0563773546443684,2.6187302242952626,2.341717621190398,-49.71370618714693
2026-04-14T12:06:12.514,4.003510713786525,4.004916429812695,4.004216194404137,4.004145384081923,0.026154806937689505,2.1941961165783397,3.072768632934597,2.6351215025854913,2.590865051201874,-49.67306491327888
2026-04-14T12:06:12.623,4.003510713786525,4.004916429812695,4.004216194404137,4.004145384081923,0.026154806937689505,2.1941961165783397,3.072768632934597,2.6351215025854913,2.590865051201874,-49.67306491327888
2026-04-14T12:06:12.735,4.003510713786525,4.004916429812695,4.004216194404137,4.004145384081923,0.026154806937689505,2.1941961165783397,3.072768632934597,2.6351215025854913,2.590865051201874,-49.67306491327888
2026-04-14T12:06:12.842,4.0040404799008655,4.005475044576826,4.004648924150999,4.003890991442859,0.02718546466396054,2.525299938040959,3.421902860516468,2.9055775943742645,2.4318696517866556,-49.660181691700494
2026-04-14T12:06:12.952,4.0040404799008655,4.005475044576826,4.004648924150999,4.003890991442859,0.02718546466396054,2.525299938040959,3.421902860516468,2.9055775943742645,2.4318696517866556,-49.660181691700494
2026-04-14T12:06:13.061,4.0040404799008655,4.005475044576826,4.004648924150999,4.003890991442859,0.02718546466396054,2.525299938040959,3.421902860516468,2.9055775943742645,2.4318696517866556,-49.660181691700494
2026-04-14T12:06:13.168,4.003376960955677,4.004814148236164,4.004473209647728,4.003644466617374,0.02915715770552251,2.1106005972981734,3.0088426476027053,2.7957560298297324,2.277791635858506,-49.63553552868097
2026-04-14T12:06:13.279,4.003376960955677,4.004814148236164,4.004473209647728,4.003644466617374,0.02915715770552251,2.1106005972981734,3.0088426476027053,2.7957560298297324,2.277791635858506,-49.63553552868097
2026-04-14T12:06:13.402,4.003376960955677,4.004814148236164,4.004473209647728,4.003644466617374,0.02915715770552251,2.1106005972981734,3.0088426476027053,2.7957560298297324,2.277791635858506,-49.63553552868097
2026-04-14T12:06:13.502,4.003392696582836,4.005236387564921,4.003909349674544,4.004365682862144,0.023486050699615724,2.1204353642723106,3.272742228075387,2.4433435465898157,2.7285517888397948,-49.7064243662548
2026-04-14T12:06:13.621,4.003392696582836,4.005236387564921,4.003909349674544,4.004365682862144,0.023486050699615724,2.1204353642723106,3.272742228075387,2.4433435465898157,2.7285517888397948,-49.7064243662548
2026-04-14T12:06:13.716,4.003392696582836,4.005236387564921,4.003909349674544,4.004365682862144,0.023486050699615724,2.1204353642723106,3.272742228075387,2.4433435465898157,2.7285517888397948,-49.7064243662548
2026-04-14T12:06:13.825,4.003995895623916,4.004866600326693,4.003678560476217,4.00402998948276,0.017864733922031212,2.4974347649475703,3.0416252041831626,2.2991002976358033,2.5187434267248676,-49.77669082597461
2026-04-14T12:06:13.935,4.003995895623916,4.004866600326693,4.003678560476217,4.00402998948276,0.017864733922031212,2.4974347649475703,3.0416252041831626,2.2991002976358033,2.5187434267248676,-49.77669082597461
2026-04-14T12:06:14.059,4.003995895623916,4.004866600326693,4.003678560476217,4.00402998948276,0.017864733922031212,2.4974347649475703,3.0416252041831626,2.2991002976358033,2.5187434267248676,-49.77669082597461
2026-04-14T12:06:14.168,4.003741502984852,4.005191803287971,4.004037857296339,4.003843784561383,0.020737630096226308,2.338439365532352,3.2448770549819983,2.5236608102119362,2.402365350864244,-49.740779623797174
2026-04-14T12:06:14.277,4.003741502984852,4.005191803287971,4.004037857296339,4.003843784561383,0.020737630096226308,2.338439365532352,3.2448770549819983,2.5236608102119362,2.402365350864244,-49.740779623797174
2026-04-14T12:06:14.372,4.003741502984852,4.005191803287971,4.004037857296339,4.003843784561383,0.020737630096226308,2.338439365532352,3.2448770549819983,2.5236608102119362,2.402365350864244,-49.740779623797174
2026-04-14T12:06:14.482,4.003395319187362,4.005228519751341,4.00395655655602,4.003898859256438,0.015484761008226608,2.1220744921013335,3.2678248445883185,2.4728478475122273,2.436787035273724,-49.80644048739717
2026-04-14T12:06:14.604,4.003395319187362,4.005228519751341,4.00395655655602,4.003898859256438,0.015484761008226608,2.1220744921013335,3.2678248445883185,2.4728478475122273,2.436787035273724,-49.80644048739717
2026-04-14T12:06:14.713,4.003395319187362,4.005228519751341,4.00395655655602,4.003898859256438,0.015484761008226608,2.1220744921013335,3.2678248445883185,2.4728478475122273,2.436787035273724,-49.80644048739717
2026-04-14T12:06:14.817,4.004349947234985,4.005008220971121,4.004003763437495,4.004137516268344,0.01682909717292795,2.7187170218656576,3.1301381069503975,2.502352148434639,2.585947667714805,-49.7896362853384
2026-04-14T12:06:14.931,4.004349947234985,4.005008220971121,4.004003763437495,4.004137516268344,0.01682909717292795,2.7187170218656576,3.1301381069503975,2.502352148434639,2.585947667714805,-49.7896362853384
2026-04-14T12:06:15.041,4.004349947234985,4.005008220971121,4.004003763437495,4.004137516268344,0.01682909717292795,2.7187170218656576,3.1301381069503975,2.502352148434639,2.585947667714805,-49.7896362853384
2026-04-14T12:06:15.152,4.003657579640006,4.00466990498721,4.003953933951494,4.003890991442859,0.014344564779646577,2.2859872750036203,2.9186906170064475,2.4712087196837595,2.4318696517866556,-49.82069294025442
2026-04-14T12:06:15.261,4.003657579640006,4.00466990498721,4.003953933951494,4.003890991442859,0.014344564779646577,2.2859872750036203,2.9186906170064475,2.4712087196837595,2.4318696517866556,-49.82069294025442
2026-04-14T12:06:15.372,4.003657579640006,4.00466990498721,4.003953933951494,4.003890991442859,0.014344564779646577,2.2859872750036203,2.9186906170064475,2.4712087196837595,2.4318696517866556,-49.82069294025442
2026-04-14T12:06:15.466,4.003565788481581,4.004879713349325,4.004174232731714,4.003822803725171,0.021424735247073664,2.228617800988375,3.049820843328277,2.6088954573211254,2.389252328232061,-49.73219080941158
2026-04-14T12:06:15.576,4.003565788481581,4.004879713349325,4.004174232731714,4.003822803725171,0.021424735247073664,2.228617800988375,3.049820843328277,2.6088954573211254,2.389252328232061,-49.73219080941158
2026-04-14T12:06:15.685,4.003565788481581,4.004879713349325,4.004174232731714,4.003822803725171,0.021424735247073664,2.228617800988375,3.049820843328277,2.6088954573211254,2.389252328232061,-49.73219080941158
2026-04-14T12:06:15.808,4.003702163916955,4.005506515831144,4.004300117748983,4.003927707906229,0.02043390970346045,2.313852448097009,3.4415723944647425,2.687573593114223,2.4548174413929758,-49.74457612870675
2026-04-14T12:06:15.916,4.003702163916955,4.005506515831144,4.004300117748983,4.003927707906229,0.02043390970346045,2.313852448097009,3.4415723944647425,2.687573593114223,2.4548174413929758,-49.74457612870675
2026-04-14T12:06:16.025,4.003702163916955,4.005506515831144,4.004300117748983,4.003927707906229,0.02043390970346045,2.313852448097009,3.4415723944647425,2.687573593114223,2.4548174413929758,-49.74457612870675
2026-04-14T12:06:16.132,4.003859520188541,4.005459308949669,4.003788709866328,4.003513336391052,0.02641869514779755,2.412200117838381,3.412068093542886,2.3679436664547637,2.1958352444073626,-49.66976631065253
2026-04-14T12:06:16.243,4.003859520188541,4.005459308949669,4.003788709866328,4.003513336391052,0.02641869514779755,2.412200117838381,3.412068093542886,2.3679436664547637,2.1958352444073626,-49.66976631065253
2026-04-14T12:06:16.351,4.003859520188541,4.005459308949669,4.003788709866328,4.003513336391052,0.02641869514779755,2.412200117838381,3.412068093542886,2.3679436664547637,2.1958352444073626,-49.66976631065253
2026-04-14T12:06:16.461,4.003736257775799,4.005034447016385,4.004150629290976,4.003951311346967,0.013383613373026727,2.3351611098743064,3.146529385240626,2.5941433068599196,2.4695695918541816,-49.832704832837166
2026-04-14T12:06:16.571,4.003736257775799,4.005034447016385,4.004150629290976,4.003951311346967,0.013383613373026727,2.3351611098743064,3.146529385240626,2.5941433068599196,2.4695695918541816,-49.832704832837166
2026-04-14T12:06:16.673,4.003736257775799,4.005034447016385,4.004150629290976,4.003951311346967,0.013383613373026727,2.3351611098743064,3.146529385240626,2.5941433068599196,2.4695695918541816,-49.832704832837166
2026-04-14T12:06:16.787,4.0032956602153575,4.005771398888314,4.004289627330877,4.003453016486944,0.011416899354296982,2.0597876345984645,3.607124305196052,2.6810170817981316,2.1581353043398366,-49.85728875807129
2026-04-14T12:06:16.892,4.0032956602153575,4.005771398888314,4.004289627330877,4.003453016486944,0.011416899354296982,2.0597876345984645,3.607124305196052,2.6810170817981316,2.1581353043398366,-49.85728875807129
2026-04-14T12:06:16.998,4.0032956602153575,4.005771398888314,4.004289627330877,4.003453016486944,0.011416899354296982,2.0597876345984645,3.607124305196052,2.6810170817981316,2.1581353043398366,-49.85728875807129
2026-04-14T12:06:17.109,4.00383853935233,4.005023956598279,4.004533529551836,4.003707409126008,0.01630132075271187,2.3990870952061982,3.1399728739245347,2.8334559698972583,2.317130703755055,-49.7962334905911
2026-04-14T12:06:17.216,4.00383853935233,4.005023956598279,4.004533529551836,4.003707409126008,0.01630132075271187,2.3990870952061982,3.1399728739245347,2.8334559698972583,2.317130703755055,-49.7962334905911
2026-04-14T12:06:17.330,4.00383853935233,4.005023956598279,4.004533529551836,4.003707409126008,0.01630132075271187,2.3990870952061982,3.1399728739245347,2.8334559698972583,2.317130703755055,-49.7962334905911
2026-04-14T12:06:17.439,4.003432035650733,4.005246877983026,4.003914594883597,4.003841161956856,0.00828509399282607,2.1450222817082087,3.2792987393914785,2.4466218022478614,2.400726223035221,-49.896436325089674
2026-04-14T12:06:17.549,4.003432035650733,4.005246877983026,4.003914594883597,4.003841161956856,0.00828509399282607,2.1450222817082087,3.2792987393914785,2.4466218022478614,2.400726223035221,-49.896436325089674
2026-04-14T12:06:17.659,4.003432035650733,4.005246877983026,4.003914594883597,4.003841161956856,0.00828509399282607,2.1450222817082087,3.2792987393914785,2.4466218022478614,2.400726223035221,-49.896436325089674
2026-04-14T12:06:17.769,4.004053592923498,4.005023956598279,4.003977537392231,4.004263401285613,0.010879164888416443,2.5334955771860734,3.1399728739245347,2.4859608701444103,2.664625803507903,-49.864010438894795
2026-04-14T12:06:17.876,4.004053592923498,4.005023956598279,4.003977537392231,4.004263401285613,0.010879164888416443,2.5334955771860734,3.1399728739245347,2.4859608701444103,2.664625803507903,-49.864010438894795
2026-04-14T12:06:17.987,4.004053592923498,4.005023956598279,4.003977537392231,4.004263401285613,0.010879164888416443,2.5334955771860734,3.1399728739245347,2.4859608701444103,2.664625803507903,-49.864010438894795
2026-04-14T12:06:18.096,4.00330877323799,4.005220651937762,4.003820181120646,4.004092931991394,0.012347976623923469,2.067983273743579,3.26290746110125,2.3876132004035933,2.5580824946214165,-49.84565029220096
2026-04-14T12:06:18.206,4.00330877323799,4.005220651937762,4.003820181120646,4.004092931991394,0.012347976623923469,2.067983273743579,3.26290746110125,2.3876132004035933,2.5580824946214165,-49.84565029220096
2026-04-14T12:06:18.314,4.00330877323799,4.005220651937762,4.003820181120646,4.004092931991394,0.012347976623923469,2.067983273743579,3.26290746110125,2.3876132004035933,2.5580824946214165,-49.84565029220096
2026-04-14T12:06:18.425,4.003555298063475,4.005215406728709,4.003995895623916,4.004174232731714,0.021798161959490702,2.2220612896717284,3.259629205443204,2.4974347649475703,2.6088954573211254,-49.72752297550637
2026-04-14T12:06:18.535,4.003555298063475,4.005215406728709,4.003995895623916,4.004174232731714,0.021798161959490702,2.2220612896717284,3.259629205443204,2.4974347649475703,2.6088954573211254,-49.72752297550637
2026-04-14T12:06:18.642,4.003555298063475,4.005215406728709,4.003995895623916,4.004174232731714,0.021798161959490702,2.2220612896717284,3.259629205443204,2.4974347649475703,2.6088954573211254,-49.72752297550637
2026-04-14T12:06:18.753,4.00327205677462,4.004984617530383,4.004218817008663,4.00375723861201,0.022002301895612017,2.0450354841372587,3.1153859564891917,2.636760630414514,2.3482741325064893,-49.724971226304845
2026-04-14T12:06:18.860,4.00327205677462,4.004984617530383,4.004218817008663,4.00375723861201,0.022002301895612017,2.0450354841372587,3.1153859564891917,2.636760630414514,2.3482741325064893,-49.724971226304845
2026-04-14T12:06:18.968,4.00327205677462,4.004984617530383,4.004218817008663,4.00375723861201,0.022002301895612017,2.0450354841372587,3.1153859564891917,2.636760630414514,2.3482741325064893,-49.724971226304845
2026-04-14T12:06:19.077,4.003405809605468,4.005288839655449,4.004098177200447,4.0036497118264265,0.0206629447537429,2.128631003417425,3.3055247846558444,2.561360750279462,2.2810698915165517,-49.74171319057821
2026-04-14T12:06:19.186,4.003405809605468,4.005288839655449,4.004098177200447,4.0036497118264265,0.0206629447537429,2.128631003417425,3.3055247846558444,2.561360750279462,2.2810698915165517,-49.74171319057821
2026-04-14T12:06:19.294,4.003405809605468,4.005288839655449,4.004098177200447,4.0036497118264265,0.0206629447537429,2.128631003417425,3.3055247846558444,2.561360750279462,2.2810698915165517,-49.74171319057821
2026-04-14T12:06:19.413,4.003437280859785,4.005357027373137,4.004575491224259,4.004189968358872,0.007259415289387264,2.1483005373656994,3.348142108210439,2.8596820151616242,2.6187302242952626,-49.90925730888266
2026-04-14T12:06:19.513,4.003437280859785,4.005357027373137,4.004575491224259,4.004189968358872,0.007259415289387264,2.1483005373656994,3.348142108210439,2.8596820151616242,2.6187302242952626,-49.90925730888266
2026-04-14T12:06:19.636,4.003437280859785,4.005357027373137,4.004575491224259,4.004189968358872,0.007259415289387264,2.1483005373656994,3.348142108210439,2.8596820151616242,2.6187302242952626,-49.90925730888266
2026-04-14T12:06:19.741,4.003321886260622,4.005406856859139,4.0038778784202265,4.004386663698355,0.013612648423309177,2.076178912888693,3.3792855369618735,2.4236740126415413,2.7416648114719777,-49.829841894708636
2026-04-14T12:06:19.852,4.003321886260622,4.005406856859139,4.0038778784202265,4.004386663698355,0.013612648423309177,2.076178912888693,3.3792855369618735,2.4236740126415413,2.7416648114719777,-49.829841894708636
2026-04-14T12:06:19.952,4.003321886260622,4.005406856859139,4.0038778784202265,4.004386663698355,0.013612648423309177,2.076178912888693,3.3792855369618735,2.4236740126415413,2.7416648114719777,-49.829841894708636
2026-04-14T12:06:20.060,4.003510713786525,4.005412102068192,4.003901481860964,4.004032612087286,0.018014104606998028,2.1941961165783397,3.3825637926199192,2.438426163102747,2.5203825545538905,-49.774823692412525
2026-04-14T12:06:20.174,4.003510713786525,4.005412102068192,4.003901481860964,4.004032612087286,0.018014104606998028,2.1941961165783397,3.3825637926199192,2.438426163102747,2.5203825545538905,-49.774823692412525
2026-04-14T12:06:20.280,4.003510713786525,4.005412102068192,4.003901481860964,4.004032612087286,0.018014104606998028,2.1941961165783397,3.3825637926199192,2.438426163102747,2.5203825545538905,-49.774823692412525
2026-04-14T12:06:20.396,4.0030307771581874,4.005084276502387,4.003922462697176,4.003767729030116,0.010625234723972856,1.8942357238671548,3.1776728139920607,2.45153918573493,2.354830643822581,-49.86718456595034
2026-04-14T12:06:20.504,4.0030307771581874,4.005084276502387,4.003922462697176,4.003767729030116,0.010625234723972856,1.8942357238671548,3.1776728139920607,2.45153918573493,2.354830643822581,-49.86718456595034
2026-04-14T12:06:20.612,4.0030307771581874,4.005084276502387,4.003922462697176,4.003767729030116,0.010625234723972856,1.8942357238671548,3.1776728139920607,2.45153918573493,2.354830643822581,-49.86718456595034
2026-04-14T12:06:20.722,4.0034818651367345,4.0056560042891505,4.004050970318971,4.003783464657275,0.026458527330455367,2.176165710459088,3.535002680719046,2.5318564493570506,2.364665410796718,-49.66926840836931
2026-04-14T12:06:20.825,4.0034818651367345,4.0056560042891505,4.004050970318971,4.003783464657275,0.026458527330455367,2.176165710459088,3.535002680719046,2.5318564493570506,2.364665410796718,-49.66926840836931
2026-04-14T12:06:20.941,4.0034818651367345,4.0056560042891505,4.004050970318971,4.003783464657275,0.026458527330455367,2.176165710459088,3.535002680719046,2.5318564493570506,2.364665410796718,-49.66926840836931
2026-04-14T12:06:21.048,4.003119945712086,4.005144596406495,4.004079818968762,4.00380182288896,0.024880177092639344,1.9499660700539323,3.2153727540595867,2.549886855476302,2.376139305599878,-49.68899778634201
2026-04-14T12:06:21.161,4.003119945712086,4.005144596406495,4.004079818968762,4.00380182288896,0.024880177092639344,1.9499660700539323,3.2153727540595867,2.549886855476302,2.376139305599878,-49.68899778634201
2026-04-14T12:06:21.271,4.003119945712086,4.005144596406495,4.004079818968762,4.00380182288896,0.024880177092639344,1.9499660700539323,3.2153727540595867,2.549886855476302,2.376139305599878,-49.68899778634201
2026-04-14T12:06:21.380,4.002668857733539,4.005333423932399,4.004100799804974,4.003686428289797,0.026632793129583318,1.668036083461999,3.333389957749233,2.562999878108485,2.304017681122872,-49.66709008588021
2026-04-14T12:06:21.488,4.002668857733539,4.005333423932399,4.004100799804974,4.003686428289797,0.026632793129583318,1.668036083461999,3.333389957749233,2.562999878108485,2.304017681122872,-49.66709008588021
2026-04-14T12:06:21.597,4.002668857733539,4.005333423932399,4.004100799804974,4.003686428289797,0.026632793129583318,1.668036083461999,3.333389957749233,2.562999878108485,2.304017681122872,-49.66709008588021
2026-04-14T12:06:21.707,4.003584146713266,4.005118370361231,4.0038542749794885,4.00345563909147,0.02027458097282918,2.24009169579098,3.198981475769358,2.4089218621803354,2.1597744321688594,-49.746567737839634
2026-04-14T12:06:21.810,4.003584146713266,4.005118370361231,4.0038542749794885,4.00345563909147,0.02027458097282918,2.24009169579098,3.198981475769358,2.4089218621803354,2.1597744321688594,-49.746567737839634
2026-04-14T12:06:21.921,4.003584146713266,4.005118370361231,4.0038542749794885,4.00345563909147,0.02027458097282918,2.24009169579098,3.198981475769358,2.4089218621803354,2.1597744321688594,-49.746567737839634
2026-04-14T12:06:22.034,4.003870010606647,4.005330801327872,4.003786087261801,4.003445148673364,0.021987364827115337,2.4187566291544726,3.3317508299202103,2.366304538625741,2.153217920852768,-49.72515793966106
2026-04-14T12:06:22.138,4.003870010606647,4.005330801327872,4.003786087261801,4.003445148673364,0.021987364827115337,2.4187566291544726,3.3317508299202103,2.366304538625741,2.153217920852768,-49.72515793966106
2026-04-14T12:06:22.253,4.003870010606647,4.005330801327872,4.003786087261801,4.003445148673364,0.021987364827115337,2.4187566291544726,3.3317508299202103,2.366304538625741,2.153217920852768,-49.72515793966106
2026-04-14T12:06:22.359,4.003762483821063,4.005417347277245,4.004085064177815,4.003542185040843,0.020015671785553364,2.351552388164535,3.385842048277965,2.553165111134348,2.213865650526614,-49.749804102680585
2026-04-14T12:06:22.469,4.003762483821063,4.005417347277245,4.004085064177815,4.003542185040843,0.020015671785553364,2.351552388164535,3.385842048277965,2.553165111134348,2.213865650526614,-49.749804102680585
2026-04-14T12:06:22.576,4.003762483821063,4.005417347277245,4.004085064177815,4.003542185040843,0.020015671785553364,2.351552388164535,3.385842048277965,2.553165111134348,2.213865650526614,-49.749804102680585
2026-04-14T12:06:22.687,4.00372052214864,4.005448818531562,4.003846407165909,4.003914594883597,0.01784979685353453,2.325326342900169,3.4055115822262394,2.404004478693267,2.4466218022478614,-49.77687753933082
2026-04-14T12:06:22.797,4.00372052214864,4.005448818531562,4.003846407165909,4.003914594883597,0.01784979685353453,2.325326342900169,3.4055115822262394,2.404004478693267,2.4466218022478614,-49.77687753933082
2026-04-14T12:06:22.905,4.00372052214864,4.005448818531562,4.003846407165909,4.003914594883597,0.01784979685353453,2.325326342900169,3.4055115822262394,2.404004478693267,2.4466218022478614,-49.77687753933082
2026-04-14T12:06:23.013,4.00361037275853,4.005372763000295,4.003626108385689,4.003492355554841,0.014384396962304395,2.2564829740812087,3.357976875184576,2.266317741055901,2.1827222217757347,-49.820195037971196
2026-04-14T12:06:23.136,4.00361037275853,4.005372763000295,4.003626108385689,4.003492355554841,0.014384396962304395,2.2564829740812087,3.357976875184576,2.266317741055901,2.1827222217757347,-49.820195037971196
2026-04-14T12:06:23.239,4.00361037275853,4.005372763000295,4.003626108385689,4.003492355554841,0.014384396962304395,2.2564829740812087,3.357976875184576,2.266317741055901,2.1827222217757347,-49.820195037971196
2026-04-14T12:06:23.355,4.003893614047386,4.005191803287971,4.004570246015206,4.003673315267164,0.01737181066164072,2.4335087796162336,3.2448770549819983,2.8564037595035785,2.2958220419777575,-49.78285236672949
2026-04-14T12:06:23.454,4.003893614047386,4.005191803287971,4.004570246015206,4.003673315267164,0.01737181066164072,2.4335087796162336,3.2448770549819983,2.8564037595035785,2.2958220419777575,-49.78285236672949
2026-04-14T12:06:23.560,4.003893614047386,4.005191803287971,4.004570246015206,4.003673315267164,0.01737181066164072,2.4335087796162336,3.2448770549819983,2.8564037595035785,2.2958220419777575,-49.78285236672949
2026-04-14T12:06:23.676,4.003618240572109,4.005100012129546,4.004365682862144,4.00288915651376,0.015549488305045562,2.2614003575682773,3.187507580966198,2.7285517888397948,1.8057228210999199,-49.805631396186925
2026-04-14T12:06:23.791,4.003618240572109,4.005100012129546,4.004365682862144,4.00288915651376,0.015549488305045562,2.2614003575682773,3.187507580966198,2.7285517888397948,1.8057228210999199,-49.805631396186925
2026-04-14T12:06:23.890,4.003618240572109,4.005100012129546,4.004365682862144,4.00288915651376,0.015549488305045562,2.2614003575682773,3.187507580966198,2.7285517888397948,1.8057228210999199,-49.805631396186925
2026-04-14T12:06:24.010,4.003450393882417,4.0049715045077505,4.004391908907408,4.003796577679907,0.003495274028223498,2.1564961765108137,3.1071903173440774,2.7449430671300235,2.3728610499418323,-49.9563090746472
2026-04-14T12:06:24.119,4.003450393882417,4.0049715045077505,4.004391908907408,4.003796577679907,0.003495274028223498,2.1564961765108137,3.1071903173440774,2.7449430671300235,2.3728610499418323,-49.9563090746472
2026-04-14T12:06:24.221,4.003450393882417,4.0049715045077505,4.004391908907408,4.003796577679907,0.003495274028223498,2.1564961765108137,3.1071903173440774,2.7449430671300235,2.3728610499418323,-49.9563090746472
2026-04-14T12:06:24.325,4.003119945712086,4.005451441136088,4.0042083265905575,4.003633976199268,0.0007169792878407175,1.9499660700539323,3.4071507100552623,2.6302041190984227,2.2712351245424145,-49.99103775890199
2026-04-14T12:06:24.438,4.003119945712086,4.005451441136088,4.0042083265905575,4.003633976199268,0.0007169792878407175,1.9499660700539323,3.4071507100552623,2.6302041190984227,2.2712351245424145,-49.99103775890199
2026-04-14T12:06:24.544,4.003119945712086,4.005451441136088,4.0042083265905575,4.003633976199268,0.0007169792878407175,1.9499660700539323,3.4071507100552623,2.6302041190984227,2.2712351245424145,-49.99103775890199
2026-04-14T12:06:24.654,4.004095554595921,4.005092144315967,4.004116535432132,4.0039985182284425,0.001847217470756293,2.5597216224504393,3.1825901974791293,2.5728346450826223,2.499073892776593,-49.97690978161555
2026-04-14T12:06:24.764,4.004095554595921,4.005092144315967,4.004116535432132,4.0039985182284425,0.001847217470756293,2.5597216224504393,3.1825901974791293,2.5728346450826223,2.499073892776593,-49.97690978161555
2026-04-14T12:06:24.876,4.004095554595921,4.005092144315967,4.004116535432132,4.0039985182284425,0.001847217470756293,2.5597216224504393,3.1825901974791293,2.5728346450826223,2.499073892776593,-49.97690978161555
2026-04-14T12:06:24.989,4.004121780641185,4.005168199847233,4.004056215528024,4.003122568316613,-0.0015733712149837969,2.576112900740668,3.2301249045207925,2.5351347050150963,1.9516051978829552,-50.019667140187295
2026-04-14T12:06:25.098,4.004121780641185,4.005168199847233,4.004056215528024,4.003122568316613,-0.0015733712149837969,2.576112900740668,3.2301249045207925,2.5351347050150963,1.9516051978829552,-50.019667140187295
2026-04-14T12:06:25.207,4.004121780641185,4.005168199847233,4.004056215528024,4.003122568316613,-0.0015733712149837969,2.576112900740668,3.2301249045207925,2.5351347050150963,1.9516051978829552,-50.019667140187295
2026-04-14T12:06:25.314,4.003185510825247,4.005215406728709,4.004328966398774,4.003759861216538,-0.0016580146031316592,1.990944265779504,3.259629205443204,2.7056039992334746,2.3499132603360673,-50.02072518253915
2026-04-14T12:06:25.424,4.003185510825247,4.005215406728709,4.004328966398774,4.003759861216538,-0.0016580146031316592,1.990944265779504,3.259629205443204,2.7056039992334746,2.3499132603360673,-50.02072518253915
2026-04-14T12:06:25.533,4.003185510825247,4.005215406728709,4.004328966398774,4.003759861216538,-0.0016580146031316592,1.990944265779504,3.259629205443204,2.7056039992334746,2.3499132603360673,-50.02072518253915
2026-04-14T12:06:25.643,4.003673315267164,4.005304575282608,4.0040640833416035,4.003182888220721,0.006044533718323827,2.2958220419777575,3.3153595516299816,2.540052088502165,1.9893051379504811,-49.92444332852095
2026-04-14T12:06:25.752,4.003673315267164,4.005304575282608,4.0040640833416035,4.003182888220721,0.006044533718323827,2.2958220419777575,3.3153595516299816,2.540052088502165,1.9893051379504811,-49.92444332852095
2026-04-14T12:06:25.860,4.003673315267164,4.005304575282608,4.0040640833416035,4.003182888220721,0.006044533718323827,2.2958220419777575,3.3153595516299816,2.540052088502165,1.9893051379504811,-49.92444332852095
2026-04-14T12:06:25.969,4.003995895623916,4.0052835944463965,4.004391908907408,4.003846407165909,0.00823032474167157,2.4974347649475703,3.3022465289977987,2.7449430671300235,2.404004478693267,-49.8971209407291
2026-04-14T12:06:26.077,4.003995895623916,4.0052835944463965,4.004391908907408,4.003846407165909,0.00823032474167157,2.4974347649475703,3.3022465289977987,2.7449430671300235,2.404004478693267,-49.8971209407291
2026-04-14T12:06:26.187,4.003995895623916,4.0052835944463965,4.004391908907408,4.003846407165909,0.00823032474167157,2.4974347649475703,3.3022465289977987,2.7449430671300235,2.404004478693267,-49.8971209407291
2026-04-14T12:06:26.296,4.003112077898507,4.005383253418401,4.004056215528024,4.00380182288896,0.0022953295256567417,1.9450486865668637,3.3645333865006677,2.5351347050150963,2.376139305599878,-49.971308380929294
2026-04-14T12:06:26.406,4.003112077898507,4.005383253418401,4.004056215528024,4.00380182288896,0.0022953295256567417,1.9450486865668637,3.3645333865006677,2.5351347050150963,2.376139305599878,-49.971308380929294
2026-04-14T12:06:26.516,4.003112077898507,4.005383253418401,4.004056215528024,4.00380182288896,0.0022953295256567417,1.9450486865668637,3.3645333865006677,2.5351347050150963,2.376139305599878,-49.971308380929294
2026-04-14T12:06:26.626,4.003922462697176,4.0054278376953505,4.004014253855601,4.003403187000941,-0.0001991609132890882,2.45153918573493,3.3923985595940565,2.5089086597507304,2.126991875588402,-50.002489511416115
2026-04-14T12:06:26.733,4.003922462697176,4.0054278376953505,4.004014253855601,4.003403187000941,-0.0001991609132890882,2.45153918573493,3.3923985595940565,2.5089086597507304,2.126991875588402,-50.002489511416115
2026-04-14T12:06:26.843,4.003922462697176,4.0054278376953505,4.004014253855601,4.003403187000941,-0.0001991609132890882,2.45153918573493,3.3923985595940565,2.5089086597507304,2.126991875588402,-50.002489511416115
2026-04-14T12:06:26.951,4.003363847933045,4.005309820491661,4.004100799804974,4.003736257775799,0.005715918211396831,2.102404958153059,3.3186378072880274,2.562999878108485,2.3351611098743064,-49.92855102235754
2026-04-14T12:06:27.061,4.003363847933045,4.005309820491661,4.004100799804974,4.003736257775799,0.005715918211396831,2.102404958153059,3.3186378072880274,2.562999878108485,2.3351611098743064,-49.92855102235754
2026-04-14T12:06:27.170,4.003363847933045,4.005309820491661,4.004100799804974,4.003736257775799,0.005715918211396831,2.102404958153059,3.3186378072880274,2.562999878108485,2.3351611098743064,-49.92855102235754
2026-04-14T12:06:27.279,4.003641844012847,4.005197048497024,4.004313230771615,4.003707409126008,-0.007483471316837489,2.276152508029483,3.248155310640044,2.6957692322593374,2.317130703755055,-50.09354339146047
2026-04-14T12:06:27.388,4.003641844012847,4.005197048497024,4.004313230771615,4.003707409126008,-0.007483471316837489,2.276152508029483,3.248155310640044,2.6957692322593374,2.317130703755055,-50.09354339146047
2026-04-14T12:06:27.500,4.003641844012847,4.005197048497024,4.004313230771615,4.003707409126008,-0.007483471316837489,2.276152508029483,3.248155310640044,2.6957692322593374,2.317130703755055,-50.09354339146047
2026-04-14T12:06:27.614,4.003458261695997,4.005412102068192,4.004032612087286,4.003612995363056,-0.005934995216014829,2.1614135599978823,3.3825637926199192,2.5203825545538905,2.2581221019102315,-50.07418744020019
2026-04-14T12:06:27.729,4.003458261695997,4.005412102068192,4.004032612087286,4.003612995363056,-0.005934995216014829,2.1614135599978823,3.3825637926199192,2.5203825545538905,2.2581221019102315,-50.07418744020019
2026-04-14T12:06:27.837,4.003458261695997,4.005412102068192,4.004032612087286,4.003612995363056,-0.005934995216014829,2.1614135599978823,3.3825637926199192,2.5203825545538905,2.2581221019102315,-50.07418744020019
2026-04-14T12:06:27.947,4.003240585520302,4.005002975762068,4.003851652374962,4.003411054814521,-0.017675531054406578,2.0253659501889842,3.1268598512923518,2.4072827343513126,2.1319092590754707,-50.22094413818008
2026-04-14T12:06:28.047,4.003240585520302,4.005002975762068,4.003851652374962,4.003411054814521,-0.017675531054406578,2.0253659501889842,3.1268598512923518,2.4072827343513126,2.1319092590754707,-50.22094413818008
2026-04-14T12:06:28.163,4.003240585520302,4.005002975762068,4.003851652374962,4.003411054814521,-0.017675531054406578,2.0253659501889842,3.1268598512923518,2.4072827343513126,2.1319092590754707,-50.22094413818008
2026-04-14T12:06:28.263,4.003775596843695,4.005524874062829,4.003935575719808,4.003211736870512,0.007368953791696263,2.3597480273096494,3.4530462892679026,2.4597348248800444,2.0073355440697327,-49.90788807760379
2026-04-14T12:06:28.380,4.003775596843695,4.005524874062829,4.003935575719808,4.003211736870512,0.007368953791696263,2.3597480273096494,3.4530462892679026,2.4597348248800444,2.0073355440697327,-49.90788807760379
2026-04-14T12:06:28.490,4.003775596843695,4.005524874062829,4.003935575719808,4.003211736870512,0.007368953791696263,2.3597480273096494,3.4530462892679026,2.4597348248800444,2.0073355440697327,-49.90788807760379
2026-04-14T12:06:28.598,4.003775596843695,4.005063295666176,4.004071951155183,4.003717899544114,0.0018770916077496564,2.3597480273096494,3.1645597913598777,2.5449694719892335,2.3236872150711463,-49.976536354903125
2026-04-14T12:06:28.708,4.003775596843695,4.005063295666176,4.004071951155183,4.003717899544114,0.0018770916077496564,2.3597480273096494,3.1645597913598777,2.5449694719892335,2.3236872150711463,-49.976536354903125
2026-04-14T12:06:28.814,4.003775596843695,4.005063295666176,4.004071951155183,4.003717899544114,0.0018770916077496564,2.3597480273096494,3.1645597913598777,2.5449694719892335,2.3236872150711463,-49.976536354903125
2026-04-14T12:06:28.927,4.003492355554841,4.005100012129546,4.004182100545293,4.0036077501540035,0.002773315717550553,2.1827222217757347,3.187507580966198,2.613812840808194,2.254843846252186,-49.96533355353062
2026-04-14T12:06:29.036,4.003492355554841,4.005100012129546,4.004182100545293,4.0036077501540035,0.002773315717550553,2.1827222217757347,3.187507580966198,2.613812840808194,2.254843846252186,-49.96533355353062
2026-04-14T12:06:29.146,4.003492355554841,4.005100012129546,4.004182100545293,4.0036077501540035,0.002773315717550553,2.1827222217757347,3.187507580966198,2.613812840808194,2.254843846252186,-49.96533355353062
2026-04-14T12:06:29.254,4.003725767357693,4.005320310909767,4.004284382121824,4.003329754074201,0.006452813590566458,2.328604598558215,3.325194318604119,2.677738826140086,2.0810962963757618,-49.91933983011792
2026-04-14T12:06:29.363,4.003725767357693,4.005320310909767,4.004284382121824,4.003329754074201,0.006452813590566458,2.328604598558215,3.325194318604119,2.677738826140086,2.0810962963757618,-49.91933983011792
2026-04-14T12:06:29.473,4.003725767357693,4.005320310909767,4.004284382121824,4.003329754074201,0.006452813590566458,2.328604598558215,3.325194318604119,2.677738826140086,2.0810962963757618,-49.91933983011792
2026-04-14T12:06:29.582,4.003314018447043,4.005380630813875,4.00448632267036,4.003298282819885,0.014175278003350852,2.0712615294016246,3.362894258671645,2.8039516689748467,2.0614267624280425,-49.82280902495811
2026-04-14T12:06:29.691,4.003314018447043,4.005380630813875,4.00448632267036,4.003298282819885,0.014175278003350852,2.0712615294016246,3.362894258671645,2.8039516689748467,2.0614267624280425,-49.82280902495811
2026-04-14T12:06:29.800,4.003314018447043,4.005380630813875,4.00448632267036,4.003298282819885,0.014175278003350852,2.0712615294016246,3.362894258671645,2.8039516689748467,2.0614267624280425,-49.82280902495811
2026-04-14T12:06:29.910,4.003872633211174,4.005173445056286,4.004077196364236,4.003251075938408,0.02037914045230595,2.4203957569834955,3.233403160178838,2.5482477276472792,2.0319224615050757,-49.745260744346176
2026-04-14T12:06:30.019,4.003872633211174,4.005173445056286,4.004077196364236,4.003251075938408,0.02037914045230595,2.4203957569834955,3.233403160178838,2.5482477276472792,2.0319224615050757,-49.745260744346176
2026-04-14T12:06:30.127,4.003872633211174,4.005173445056286,4.004077196364236,4.003251075938408,0.02037914045230595,2.4203957569834955,3.233403160178838,2.5482477276472792,2.0319224615050757,-49.745260744346176
2026-04-14T12:06:30.236,4.003849029770436,4.005401611650086,4.004360437653091,4.00307273883061,0.018442300570569566,2.4056436065222897,3.3760072813038278,2.725273533181749,1.9204617691315207,-49.76947124286788
2026-04-14T12:06:30.359,4.003849029770436,4.005401611650086,4.004360437653091,4.00307273883061,0.018442300570569566,2.4056436065222897,3.3760072813038278,2.725273533181749,1.9204617691315207,-49.76947124286788
2026-04-14T12:06:30.452,4.003849029770436,4.005401611650086,4.004360437653091,4.00307273883061,0.018442300570569566,2.4056436065222897,3.3760072813038278,2.725273533181749,1.9204617691315207,-49.76947124286788
2026-04-14T12:06:30.562,4.0036497118264265,4.005050182643544,4.004302740353509,4.003355980119466,0.02032437120115145,2.2810698915165517,3.1563641522147634,2.689212720943246,2.0974875746659905,-49.745945359985605
2026-04-14T12:06:30.671,4.0036497118264265,4.005050182643544,4.004302740353509,4.003355980119466,0.02032437120115145,2.2810698915165517,3.1563641522147634,2.689212720943246,2.0974875746659905,-49.745945359985605
2026-04-14T12:06:30.779,4.0036497118264265,4.005050182643544,4.004302740353509,4.003355980119466,0.02032437120115145,2.2810698915165517,3.1563641522147634,2.689212720943246,2.0974875746659905,-49.745945359985605
2026-04-14T12:06:30.889,4.00375723861201,4.0051393511974425,4.0042686464946655,4.003788709866328,0.019766720643942002,2.3482741325064893,3.212094498401541,2.6679040591659486,2.3679436664547637,-49.75291599195072
2026-04-14T12:06:30.999,4.00375723861201,4.0051393511974425,4.0042686464946655,4.003788709866328,0.019766720643942002,2.3482741325064893,3.212094498401541,2.6679040591659486,2.3679436664547637,-49.75291599195072
2026-04-14T12:06:31.107,4.00375723861201,4.0051393511974425,4.0042686464946655,4.003788709866328,0.019766720643942002,2.3482741325064893,3.212094498401541,2.6679040591659486,2.3679436664547637,-49.75291599195072
2026-04-14T12:06:31.218,4.003369093142098,4.004919052417222,4.004095554595921,4.003521204204631,0.009997877847112228,2.105683213811105,3.07440776076362,2.5597216224504393,2.200752627894431,-49.8750265269111
2026-04-14T12:06:31.325,4.003369093142098,4.004919052417222,4.004095554595921,4.003521204204631,0.009997877847112228,2.105683213811105,3.07440776076362,2.5597216224504393,2.200752627894431,-49.8750265269111
2026-04-14T12:06:31.435,4.003369093142098,4.004919052417222,4.004095554595921,4.003521204204631,0.009997877847112228,2.105683213811105,3.07440776076362,2.5597216224504393,2.200752627894431,-49.8750265269111
2026-04-14T12:06:31.559,4.004137516268344,4.005380630813875,4.004360437653091,4.003767729030116,0.005158267654187384,2.585947667714805,3.362894258671645,2.725273533181749,2.354830643822581,-49.935521654322656
2026-04-14T12:06:31.653,4.004137516268344,4.005380630813875,4.004360437653091,4.003767729030116,0.005158267654187384,2.585947667714805,3.362894258671645,2.725273533181749,2.354830643822581,-49.935521654322656
2026-04-14T12:06:31.763,4.004137516268344,4.005380630813875,4.004360437653091,4.003767729030116,0.005158267654187384,2.585947667714805,3.362894258671645,2.725273533181749,2.354830643822581,-49.935521654322656
2026-04-14T12:06:31.887,4.003584146713266,4.005246877983026,4.003977537392231,4.003589391922318,0.006656953526687773,2.24009169579098,3.2792987393914785,2.4859608701444103,2.2433699514490257,-49.916788080916405
2026-04-14T12:06:31.996,4.003584146713266,4.005246877983026,4.003977537392231,4.003589391922318,0.006656953526687773,2.24009169579098,3.2792987393914785,2.4859608701444103,2.2433699514490257,-49.916788080916405
2026-04-14T12:06:32.104,4.003584146713266,4.005246877983026,4.003977537392231,4.003589391922318,0.006656953526687773,2.24009169579098,3.2792987393914785,2.4859608701444103,2.2433699514490257,-49.916788080916405
2026-04-14T12:06:32.211,4.003494978159367,4.005118370361231,4.004349947234985,4.003662824849059,-0.0011601123199089388,2.1843613496042025,3.198981475769358,2.7187170218656576,2.289265530661666,-50.01450140399886
2026-04-14T12:06:32.321,4.003494978159367,4.005118370361231,4.004349947234985,4.003662824849059,-0.0011601123199089388,2.1843613496042025,3.198981475769358,2.7187170218656576,2.289265530661666,-50.01450140399886
2026-04-14T12:06:32.422,4.003494978159367,4.005118370361231,4.004349947234985,4.003662824849059,-0.0011601123199089388,2.1843613496042025,3.198981475769358,2.7187170218656576,2.289265530661666,-50.01450140399886
2026-04-14T12:06:32.540,4.003657579640006,4.005210161519656,4.003788709866328,4.004009008646548,0.002843022037201734,2.2859872750036203,3.2563509497851584,2.3679436664547637,2.5056304040926847,-49.96446222453498
2026-04-14T12:06:32.650,4.003657579640006,4.005210161519656,4.003788709866328,4.004009008646548,0.002843022037201734,2.2859872750036203,3.2563509497851584,2.3679436664547637,2.5056304040926847,-49.96446222453498
2026-04-14T12:06:32.758,4.003657579640006,4.005210161519656,4.003788709866328,4.004009008646548,0.002843022037201734,2.2859872750036203,3.2563509497851584,2.3679436664547637,2.5056304040926847,-49.96446222453498
2026-04-14T12:06:32.867,4.003846407165909,4.0051813128698655,4.00448632267036,4.003953933951494,0.010032731006937818,2.404004478693267,3.238320543665907,2.8039516689748467,2.4712087196837595,-49.87459086241328
2026-04-14T12:06:32.976,4.003846407165909,4.0051813128698655,4.00448632267036,4.003953933951494,0.010032731006937818,2.404004478693267,3.238320543665907,2.8039516689748467,2.4712087196837595,-49.87459086241328
2026-04-14T12:06:33.085,4.003846407165909,4.0051813128698655,4.00448632267036,4.003953933951494,0.010032731006937818,2.404004478693267,3.238320543665907,2.8039516689748467,2.4712087196837595,-49.87459086241328
2026-04-14T12:06:33.194,4.003694296103376,4.005414724672718,4.00414013887287,4.003041267576293,0.010889122934080897,2.3089350646099405,3.384202920448942,2.587586795543828,1.9007922351832462,-49.86388596332399
2026-04-14T12:06:33.303,4.003694296103376,4.005414724672718,4.00414013887287,4.003041267576293,0.010889122934080897,2.3089350646099405,3.384202920448942,2.587586795543828,1.9007922351832462,-49.86388596332399
2026-04-14T12:06:33.412,4.003694296103376,4.005414724672718,4.00414013887287,4.003041267576293,0.010889122934080897,2.3089350646099405,3.384202920448942,2.587586795543828,1.9007922351832462,-49.86388596332399
2026-04-14T12:06:33.522,4.00315403957093,4.005165577242707,4.004342079421406,4.003392696582836,0.003525148165216861,1.9712747318312296,3.2284857766917696,2.713799638378589,2.1204353642723106,-49.955935647934794
2026-04-14T12:06:33.633,4.00315403957093,4.005165577242707,4.004342079421406,4.003392696582836,0.003525148165216861,1.9712747318312296,3.2284857766917696,2.713799638378589,2.1204353642723106,-49.955935647934794
2026-04-14T12:06:33.741,4.00315403957093,4.005165577242707,4.004342079421406,4.003392696582836,0.003525148165216861,1.9712747318312296,3.2284857766917696,2.713799638378589,2.1204353642723106,-49.955935647934794
2026-04-14T12:06:33.849,4.003397941791889,4.005275726632817,4.003799200284433,4.0033795835602035,-0.0034355257542367716,2.1237136199303563,3.29732914551073,2.374500177770855,2.1122397251271963,-50.04294407192796
2026-04-14T12:06:33.956,4.003397941791889,4.005275726632817,4.003799200284433,4.0033795835602035,-0.0034355257542367716,2.1237136199303563,3.29732914551073,2.374500177770855,2.1122397251271963,-50.04294407192796
2026-04-14T12:06:34.065,4.003397941791889,4.005275726632817,4.003799200284433,4.0033795835602035,-0.0034355257542367716,2.1237136199303563,3.29732914551073,2.374500177770855,2.1122397251271963,-50.04294407192796
2026-04-14T12:06:34.176,4.003825426329698,4.004987240134909,4.003862142793068,4.003870010606647,-0.0014190215071847535,2.390891456061084,3.1170250843182146,2.413839245667404,2.4187566291544726,-50.01773776883981
2026-04-14T12:06:34.285,4.003825426329698,4.004987240134909,4.003862142793068,4.003870010606647,-0.0014190215071847535,2.390891456061084,3.1170250843182146,2.413839245667404,2.4187566291544726,-50.01773776883981
2026-04-14T12:06:34.394,4.003825426329698,4.004987240134909,4.003862142793068,4.003870010606647,-0.0014190215071847535,2.390891456061084,3.1170250843182146,2.413839245667404,2.4187566291544726,-50.01773776883981
2026-04-14T12:06:34.504,4.003775596843695,4.005044937434491,4.003864765397594,4.003780842052748,0.0068411773714801795,2.3597480273096494,3.1530858965567177,2.415478373496427,2.363026282967695,-49.914485282856496
2026-04-14T12:06:34.612,4.003775596843695,4.005044937434491,4.003864765397594,4.003780842052748,0.0068411773714801795,2.3597480273096494,3.1530858965567177,2.415478373496427,2.363026282967695,-49.914485282856496
2026-04-14T12:06:34.720,4.003775596843695,4.005044937434491,4.003864765397594,4.003780842052748,0.0068411773714801795,2.3597480273096494,3.1530858965567177,2.415478373496427,2.363026282967695,-49.914485282856496
2026-04-14T12:06:34.831,4.003539562436316,4.0054278376953505,4.004121780641185,4.004111290223079,0.007841960960757849,2.2122265226975912,3.3923985595940565,2.576112900740668,2.5695563894245765,-49.901975487990526
2026-04-14T12:06:34.940,4.003539562436316,4.0054278376953505,4.004121780641185,4.004111290223079,0.007841960960757849,2.2122265226975912,3.3923985595940565,2.576112900740668,2.5695563894245765,-49.901975487990526
2026-04-14T12:06:35.049,4.003539562436316,4.0054278376953505,4.004121780641185,4.004111290223079,0.007841960960757849,2.2122265226975912,3.3923985595940565,2.576112900740668,2.5695563894245765,-49.901975487990526
2026-04-14T12:06:35.159,4.003450393882417,4.004992485343962,4.003870010606647,4.003922462697176,0.007498408385334171,2.1564961765108137,3.1203033399762603,2.4187566291544726,2.45153918573493,-49.90626989518333
2026-04-14T12:06:35.267,4.003450393882417,4.004992485343962,4.003870010606647,4.003922462697176,0.007498408385334171,2.1564961765108137,3.1203033399762603,2.4187566291544726,2.45153918573493,-49.90626989518333
2026-04-14T12:06:35.376,4.003450393882417,4.004992485343962,4.003870010606647,4.003922462697176,0.007498408385334171,2.1564961765108137,3.1203033399762603,2.4187566291544726,2.45153918573493,-49.90626989518333
2026-04-14T12:06:35.486,4.00350022336842,4.004853487304061,4.00417685533624,4.003104210084929,0.009435248267070552,2.187639605262248,3.0334295650380483,2.6105345851501482,1.9401313030803502,-49.88205939666162
2026-04-14T12:06:35.594,4.00350022336842,4.004853487304061,4.00417685533624,4.003104210084929,0.009435248267070552,2.187639605262248,3.0334295650380483,2.6105345851501482,1.9401313030803502,-49.88205939666162
2026-04-14T12:06:35.703,4.00350022336842,4.004853487304061,4.00417685533624,4.003104210084929,0.009435248267070552,2.187639605262248,3.0334295650380483,2.6105345851501482,1.9401313030803502,-49.88205939666162
2026-04-14T12:06:35.813,4.004182100545293,4.005593061780517,4.0038962366519115,4.003631353594741,0.02226619010572006,2.613812840808194,3.4956636128230523,2.4351479074447013,2.2695959967133916,-49.7216726236785
2026-04-14T12:06:35.924,4.004182100545293,4.005593061780517,4.0038962366519115,4.003631353594741,0.02226619010572006,2.613812840808194,3.4956636128230523,2.4351479074447013,2.2695959967133916,-49.7216726236785
2026-04-14T12:06:36.033,4.004182100545293,4.005593061780517,4.0038962366519115,4.003631353594741,0.02226619010572006,2.613812840808194,3.4956636128230523,2.4351479074447013,2.2695959967133916,-49.7216726236785
2026-04-14T12:06:36.141,4.003817558516118,4.00539112123198,4.004326343794247,4.003652334430953,0.023695169658569267,2.3859740725740153,3.3694507699877363,2.7039648714044517,2.2827090193455746,-49.703810379267885
2026-04-14T12:06:36.250,4.003817558516118,4.00539112123198,4.004326343794247,4.003652334430953,0.023695169658569267,2.3859740725740153,3.3694507699877363,2.7039648714044517,2.2827090193455746,-49.703810379267885
2026-04-14T12:06:36.359,4.003817558516118,4.00539112123198,4.004326343794247,4.003652334430953,0.023695169658569267,2.3859740725740153,3.3694507699877363,2.7039648714044517,2.2827090193455746,-49.703810379267885
2026-04-14T12:06:36.468,4.003466129509576,4.005312443096187,4.004192590963399,4.004027366878234,0.028504905714500747,2.166330943484951,3.3202769351170502,2.6203693521242855,2.5171042988964,-49.64368867856874
2026-04-14T12:06:36.578,4.003466129509576,4.005312443096187,4.004192590963399,4.004027366878234,0.028504905714500747,2.166330943484951,3.3202769351170502,2.6203693521242855,2.5171042988964,-49.64368867856874
2026-04-14T12:06:36.687,4.003466129509576,4.005312443096187,4.004192590963399,4.004027366878234,0.028504905714500747,2.166330943484951,3.3202769351170502,2.6203693521242855,2.5171042988964,-49.64368867856874
2026-04-14T12:06:36.796,4.003932953115282,4.005239010169447,4.004043102505392,4.00338220616473,0.020807336415877488,2.4580956970510215,3.27438135590441,2.526939065869982,2.113878852956219,-49.73990829480153
2026-04-14T12:06:36.906,4.003932953115282,4.005239010169447,4.004043102505392,4.00338220616473,0.020807336415877488,2.4580956970510215,3.27438135590441,2.526939065869982,2.113878852956219,-49.73990829480153
2026-04-14T12:06:37.015,4.003932953115282,4.005239010169447,4.004043102505392,4.00338220616473,0.020807336415877488,2.4580956970510215,3.27438135590441,2.526939065869982,2.113878852956219,-49.73990829480153
2026-04-14T12:06:37.125,4.003387451373783,4.004544019969941,4.003953933951494,4.003442526068838,0.02451172940305453,2.117157108614265,2.84001248121335,2.4712087196837595,2.151578793023745,-49.69360338246182
2026-04-14T12:06:37.234,4.003387451373783,4.004544019969941,4.003953933951494,4.003442526068838,0.02451172940305453,2.117157108614265,2.84001248121335,2.4712087196837595,2.151578793023745,-49.69360338246182
2026-04-14T12:06:37.342,4.003387451373783,4.004544019969941,4.003953933951494,4.003442526068838,0.02451172940305453,2.117157108614265,2.84001248121335,2.4712087196837595,2.151578793023745,-49.69360338246182
2026-04-14T12:06:37.450,4.003786087261801,4.005081653897861,4.004260778681086,4.003681183080744,0.024641183996692437,2.366304538625741,3.176033686163038,2.66298667567888,2.300739425464826,-49.691985200041344
2026-04-14T12:06:37.560,4.003786087261801,4.005081653897861,4.004260778681086,4.003681183080744,0.024641183996692437,2.366304538625741,3.176033686163038,2.66298667567888,2.300739425464826,-49.691985200041344
2026-04-14T12:06:37.669,4.003786087261801,4.005081653897861,4.004260778681086,4.003681183080744,0.024641183996692437,2.366304538625741,3.176033686163038,2.66298667567888,2.300739425464826,-49.691985200041344
2026-04-14T12:06:37.780,4.003316641051569,4.005155086824601,4.0038123133070656,4.003738880380325,0.023042917667547506,2.0729006572306474,3.221929265375678,2.3826958169159695,2.3368002377033292,-49.71196352915565
2026-04-14T12:06:37.888,4.003316641051569,4.005155086824601,4.0038123133070656,4.003738880380325,0.023042917667547506,2.0729006572306474,3.221929265375678,2.3826958169159695,2.3368002377033292,-49.71196352915565
2026-04-14T12:06:37.998,4.003316641051569,4.005155086824601,4.0038123133070656,4.003738880380325,0.023042917667547506,2.0729006572306474,3.221929265375678,2.3826958169159695,2.3368002377033292,-49.71196352915565
2026-04-14T12:06:38.107,4.003589391922318,4.00505280524807,4.0038542749794885,4.00395655655602,0.024372316763752167,2.2433699514490257,3.1580032800437863,2.4089218621803354,2.4728478475122273,-49.695346040453096
2026-04-14T12:06:38.230,4.003589391922318,4.00505280524807,4.0038542749794885,4.00395655655602,0.024372316763752167,2.2433699514490257,3.1580032800437863,2.4089218621803354,2.4728478475122273,-49.695346040453096
2026-04-14T12:06:38.325,4.003589391922318,4.00505280524807,4.0038542749794885,4.00395655655602,0.024372316763752167,2.2433699514490257,3.1580032800437863,2.4089218621803354,2.4728478475122273,-49.695346040453096
2026-04-14T12:06:38.449,4.003578901504213,4.005309820491661,4.004016876460128,4.00361037275853,0.02645354830762314,2.2368134401329343,3.3186378072880274,2.5105477875797533,2.2564829740812087,-49.66933064615471
2026-04-14T12:06:38.544,4.003578901504213,4.005309820491661,4.004016876460128,4.00361037275853,0.02645354830762314,2.2368134401329343,3.3186378072880274,2.5105477875797533,2.2564829740812087,-49.66933064615471
2026-04-14T12:06:38.668,4.003578901504213,4.005309820491661,4.004016876460128,4.00361037275853,0.02645354830762314,2.2368134401329343,3.3186378072880274,2.5105477875797533,2.2564829740812087,-49.66933064615471
2026-04-14T12:06:38.777,4.003489732950314,4.005225897146815,4.004074573759709,4.00326418896104,0.022903505028245143,2.1810830939461567,3.2661857167592956,2.5466085998182564,2.04011810065019,-49.71370618714693
2026-04-14T12:06:38.885,4.003489732950314,4.005225897146815,4.004074573759709,4.00326418896104,0.022903505028245143,2.1810830939461567,3.2661857167592956,2.5466085998182564,2.04011810065019,-49.71370618714693
2026-04-14T12:06:38.993,4.003489732950314,4.005225897146815,4.004074573759709,4.00326418896104,0.022903505028245143,2.1810830939461567,3.2661857167592956,2.5466085998182564,2.04011810065019,-49.71370618714693
2026-04-14T12:06:39.102,4.003612995363056,4.004916429812695,4.003961801765072,4.003350734910413,0.0181734333376293,2.2581221019102315,3.072768632934597,2.476126103170273,2.0942093190079447,-49.77283208327963
2026-04-14T12:06:39.211,4.003612995363056,4.004916429812695,4.003961801765072,4.003350734910413,0.0181734333376293,2.2581221019102315,3.072768632934597,2.476126103170273,2.0942093190079447,-49.77283208327963
2026-04-14T12:06:39.320,4.003612995363056,4.004916429812695,4.003961801765072,4.003350734910413,0.0181734333376293,2.2581221019102315,3.072768632934597,2.476126103170273,2.0942093190079447,-49.77283208327963
2026-04-14T12:06:39.429,4.00361037275853,4.005173445056286,4.003880501024753,4.003856897584015,0.017272230204996176,2.2564829740812087,3.233403160178838,2.425313140470564,2.4105609900093583,-49.78409712243755
2026-04-14T12:06:39.537,4.00361037275853,4.005173445056286,4.003880501024753,4.003856897584015,0.017272230204996176,2.2564829740812087,3.233403160178838,2.425313140470564,2.4105609900093583,-49.78409712243755
2026-04-14T12:06:39.647,4.00361037275853,4.005173445056286,4.003880501024753,4.003856897584015,0.017272230204996176,2.2564829740812087,3.233403160178838,2.425313140470564,2.4105609900093583,-49.78409712243755
2026-04-14T12:06:39.756,4.003618240572109,4.005176067660813,4.004100799804974,4.003817558516118,0.013961180021565083,2.2614003575682773,3.235042288007861,2.562999878108485,2.3859740725740153,-49.82548524973044
2026-04-14T12:06:39.864,4.003618240572109,4.005176067660813,4.004100799804974,4.003817558516118,0.013961180021565083,2.2614003575682773,3.235042288007861,2.562999878108485,2.3859740725740153,-49.82548524973044
2026-04-14T12:06:39.972,4.003618240572109,4.005176067660813,4.004100799804974,4.003817558516118,0.013961180021565083,2.2614003575682773,3.235042288007861,2.562999878108485,2.3859740725740153,-49.82548524973044
2026-04-14T12:06:40.081,4.0035238268091575,4.005084276502387,4.004326343794247,4.003544807645369,0.017516202323775307,2.202391755723454,3.1776728139920607,2.7039648714044517,2.215504778355637,-49.781047470952814
2026-04-14T12:06:40.190,4.0035238268091575,4.005084276502387,4.004326343794247,4.003544807645369,0.017516202323775307,2.202391755723454,3.1776728139920607,2.7039648714044517,2.215504778355637,-49.781047470952814
2026-04-14T12:06:40.297,4.0035238268091575,4.005084276502387,4.004326343794247,4.003544807645369,0.017516202323775307,2.202391755723454,3.1776728139920607,2.7039648714044517,2.215504778355637,-49.781047470952814
2026-04-14T12:06:40.406,4.003041267576293,4.005220651937762,4.004229307426769,4.003390073978309,0.013438382624181226,1.9007922351832462,3.26290746110125,2.6433171417306056,2.1187962364432877,-49.83202021719774
2026-04-14T12:06:40.516,4.003041267576293,4.005220651937762,4.004229307426769,4.003390073978309,0.013438382624181226,1.9007922351832462,3.26290746110125,2.6433171417306056,2.1187962364432877,-49.83202021719774
2026-04-14T12:06:40.625,4.003041267576293,4.005220651937762,4.004229307426769,4.003390073978309,0.013438382624181226,1.9007922351832462,3.26290746110125,2.6433171417306056,2.1187962364432877,-49.83202021719774
2026-04-14T12:06:40.734,4.003675937871691,4.005144596406495,4.003922462697176,4.003707409126008,0.026722415540563406,2.2974611698067804,3.2153727540595867,2.45153918573493,2.317130703755055,-49.66596980574296
2026-04-14T12:06:40.842,4.003675937871691,4.005144596406495,4.003922462697176,4.003707409126008,0.026722415540563406,2.2974611698067804,3.2153727540595867,2.45153918573493,2.317130703755055,-49.66596980574296
2026-04-14T12:06:40.952,4.003675937871691,4.005144596406495,4.003922462697176,4.003707409126008,0.026722415540563406,2.2974611698067804,3.2153727540595867,2.45153918573493,2.317130703755055,-49.66596980574296
2026-04-14T12:06:41.060,4.0035238268091575,4.005018711389226,4.004528284342783,4.003576278899686,0.02593572993307151,2.202391755723454,3.136694618266489,2.8301777142392126,2.2351743123039114,-49.67580337583661
2026-04-14T12:06:41.170,4.0035238268091575,4.005018711389226,4.004528284342783,4.003576278899686,0.02593572993307151,2.202391755723454,3.136694618266489,2.8301777142392126,2.2351743123039114,-49.67580337583661
2026-04-14T12:06:41.279,4.0035238268091575,4.005018711389226,4.004528284342783,4.003576278899686,0.02593572993307151,2.202391755723454,3.136694618266489,2.8301777142392126,2.2351743123039114,-49.67580337583661
2026-04-14T12:06:41.389,4.003196001243353,4.0050160887847,4.0042502882629805,4.003594637131371,0.01449891448744562,1.9975007770955955,3.135055490437466,2.6564301643627886,2.2466482071070715,-49.81876356890693
2026-04-14T12:06:41.498,4.003196001243353,4.0050160887847,4.0042502882629805,4.003594637131371,0.01449891448744562,1.9975007770955955,3.135055490437466,2.6564301643627886,2.2466482071070715,-49.81876356890693
2026-04-14T12:06:41.607,4.003196001243353,4.0050160887847,4.0042502882629805,4.003594637131371,0.01449891448744562,1.9975007770955955,3.135055490437466,2.6564301643627886,2.2466482071070715,-49.81876356890693
2026-04-14T12:06:41.716,4.003542185040843,4.0047852995863735,4.003841161956856,4.003594637131371,0.018447279593401793,2.213865650526614,2.9908122414834537,2.400726223035221,2.2466482071070715,-49.76940900508248
2026-04-14T12:06:41.826,4.003542185040843,4.0047852995863735,4.003841161956856,4.003594637131371,0.018447279593401793,2.213865650526614,2.9908122414834537,2.400726223035221,2.2466482071070715,-49.76940900508248
2026-04-14T12:06:41.947,4.003542185040843,4.0047852995863735,4.003841161956856,4.003594637131371,0.018447279593401793,2.213865650526614,2.9908122414834537,2.400726223035221,2.2466482071070715,-49.76940900508248
2026-04-14T12:06:42.056,4.00376510642559,4.0050973895250195,4.004085064177815,4.003526449413684,0.016973488835062542,2.353191515993558,3.185868453137175,2.553165111134348,2.204030883552477,-49.787831389561724
2026-04-14T12:06:42.165,4.00376510642559,4.0050973895250195,4.004085064177815,4.003526449413684,0.016973488835062542,2.353191515993558,3.185868453137175,2.553165111134348,2.204030883552477,-49.787831389561724
2026-04-14T12:06:42.274,4.00376510642559,4.0050973895250195,4.004085064177815,4.003526449413684,0.016973488835062542,2.353191515993558,3.185868453137175,2.553165111134348,2.204030883552477,-49.787831389561724
2026-04-14T12:06:42.384,4.003209114265985,4.005252123192079,4.0039198400926495,4.003576278899686,0.0161419920220806,2.00569641624071,3.2825769950495243,2.449900057905907,2.2351743123039114,-49.79822509972399
2026-04-14T12:06:42.492,4.003209114265985,4.005252123192079,4.0039198400926495,4.003576278899686,0.0161419920220806,2.00569641624071,3.2825769950495243,2.449900057905907,2.2351743123039114,-49.79822509972399
2026-04-14T12:06:42.602,4.003209114265985,4.005252123192079,4.0039198400926495,4.003576278899686,0.0161419920220806,2.00569641624071,3.2825769950495243,2.449900057905907,2.2351743123039114,-49.79822509972399
2026-04-14T12:06:42.711,4.003550052854422,4.0050737860842816,4.00429487253993,4.003261566356514,0.017033237109049266,2.2187830340136827,3.1711163026759692,2.6842953374561773,2.038478972821167,-49.78708453613688
2026-04-14T12:06:42.820,4.003550052854422,4.0050737860842816,4.00429487253993,4.003261566356514,0.017033237109049266,2.2187830340136827,3.1711163026759692,2.6842953374561773,2.038478972821167,-49.78708453613688
2026-04-14T12:06:42.929,4.003550052854422,4.0050737860842816,4.00429487253993,4.003261566356514,0.017033237109049266,2.2187830340136827,3.1711163026759692,2.6842953374561773,2.038478972821167,-49.78708453613688
2026-04-14T12:06:43.038,4.003644466617374,4.005131483383864,4.004037857296339,4.00361037275853,0.026637772152415546,2.277791635858506,3.2071771149150274,2.5236608102119362,2.2564829740812087,-49.66702784809481
2026-04-14T12:06:43.146,4.003644466617374,4.005131483383864,4.004037857296339,4.00361037275853,0.026637772152415546,2.277791635858506,3.2071771149150274,2.5236608102119362,2.2564829740812087,-49.66702784809481
2026-04-14T12:06:43.255,4.003644466617374,4.005131483383864,4.004037857296339,4.00361037275853,0.026637772152415546,2.277791635858506,3.2071771149150274,2.5236608102119362,2.2564829740812087,-49.66702784809481
2026-04-14T12:06:43.364,4.003324508865148,4.005102634734072,4.004504680902045,4.004048347714445,0.018482132753227385,2.077818040717716,3.1891467087952208,2.815425563778007,2.5302173215280277,-49.76897334058466
2026-04-14T12:06:43.473,4.003324508865148,4.005102634734072,4.004504680902045,4.004048347714445,0.018482132753227385,2.077818040717716,3.1891467087952208,2.815425563778007,2.5302173215280277,-49.76897334058466
2026-04-14T12:06:43.582,4.003324508865148,4.005102634734072,4.004504680902045,4.004048347714445,0.018482132753227385,2.077818040717716,3.1891467087952208,2.815425563778007,2.5302173215280277,-49.76897334058466
2026-04-14T12:06:43.689,4.00352907201821,4.00508952171144,4.004163742313608,4.003484487741261,0.019871280123418773,2.2056700113814998,3.1809510696501064,2.602338946005034,2.177804838288111,-49.751608998457264
2026-04-14T12:06:43.800,4.00352907201821,4.00508952171144,4.004163742313608,4.003484487741261,0.019871280123418773,2.2056700113814998,3.1809510696501064,2.602338946005034,2.177804838288111,-49.751608998457264
2026-04-14T12:06:43.908,4.00352907201821,4.00508952171144,4.004163742313608,4.003484487741261,0.019871280123418773,2.2056700113814998,3.1809510696501064,2.602338946005034,2.177804838288111,-49.751608998457264
2026-04-14T12:06:44.018,4.003518581600105,4.004913807208169,4.004431247975305,4.004069328550656,0.019368398817363828,2.1991135000654083,3.0711295051055743,2.7695299845653665,2.5433303441602106,-49.75789501478295
2026-04-14T12:06:44.126,4.003518581600105,4.004913807208169,4.004431247975305,4.004069328550656,0.019368398817363828,2.1991135000654083,3.0711295051055743,2.7695299845653665,2.5433303441602106,-49.75789501478295
2026-04-14T12:06:44.235,4.003518581600105,4.004913807208169,4.004431247975305,4.004069328550656,0.019368398817363828,2.1991135000654083,3.0711295051055743,2.7695299845653665,2.5433303441602106,-49.75789501478295
2026-04-14T12:06:44.344,4.003780842052748,4.005047560039017,4.004024744273707,4.003620863176636,0.023486050699615724,2.363026282967695,3.1547250243857405,2.515465171066822,2.2630394853973,-49.7064243662548
2026-04-14T12:06:44.452,4.003780842052748,4.005047560039017,4.004024744273707,4.003620863176636,0.023486050699615724,2.363026282967695,3.1547250243857405,2.515465171066822,2.2630394853973,-49.7064243662548
2026-04-14T12:06:44.563,4.003780842052748,4.005047560039017,4.004024744273707,4.003620863176636,0.023486050699615724,2.363026282967695,3.1547250243857405,2.515465171066822,2.2630394853973,-49.7064243662548
2026-04-14T12:06:44.671,4.003148794361877,4.0049111846036425,4.004446983602463,4.00380182288896,0.02905259822604574,1.9679964761731839,3.0694903772765514,2.7793647515395037,2.376139305599878,-49.636842522174426
2026-04-14T12:06:44.780,4.003148794361877,4.0049111846036425,4.004446983602463,4.00380182288896,0.02905259822604574,1.9679964761731839,3.0694903772765514,2.7793647515395037,2.376139305599878,-49.636842522174426
2026-04-14T12:06:44.888,4.003148794361877,4.0049111846036425,4.004446983602463,4.00380182288896,0.02905259822604574,1.9679964761731839,3.0694903772765514,2.7793647515395037,2.376139305599878,-49.636842522174426
2026-04-14T12:06:44.998,4.003450393882417,4.004567623410679,4.004121780641185,4.003665447453585,0.02684191208853686,2.1564961765108137,2.8547646316745556,2.576112900740668,2.290904658490689,-49.66447609889329
2026-04-14T12:06:45.107,4.003450393882417,4.004567623410679,4.004121780641185,4.003665447453585,0.02684191208853686,2.1564961765108137,2.8547646316745556,2.576112900740668,2.290904658490689,-49.66447609889329
2026-04-14T12:06:45.230,4.003450393882417,4.004567623410679,4.004121780641185,4.003665447453585,0.02684191208853686,2.1564961765108137,2.8547646316745556,2.576112900740668,2.290904658490689,-49.66447609889329
2026-04-14T12:06:45.340,4.003534317227263,4.005047560039017,4.004287004726351,4.003502845972946,0.028863395358421105,2.2089482670395455,3.1547250243857405,2.6793779539691087,2.189278733091271,-49.639207558019734
2026-04-14T12:06:45.448,4.003534317227263,4.005047560039017,4.004287004726351,4.003502845972946,0.028863395358421105,2.2089482670395455,3.1547250243857405,2.6793779539691087,2.189278733091271,-49.639207558019734
2026-04-14T12:06:45.557,4.003534317227263,4.005047560039017,4.004287004726351,4.003502845972946,0.028863395358421105,2.2089482670395455,3.1547250243857405,2.6793779539691087,2.189278733091271,-49.639207558019734
2026-04-14T12:06:45.666,4.003557920668001,4.005021333993753,4.0044364931843575,4.004045725109918,0.036028209213996056,2.2237004175007513,3.138333746095512,2.772808240223412,2.528578193699005,-49.54964738482505
2026-04-14T12:06:45.776,4.003557920668001,4.005021333993753,4.0044364931843575,4.004045725109918,0.036028209213996056,2.2237004175007513,3.138333746095512,2.772808240223412,2.528578193699005,-49.54964738482505
2026-04-14T12:06:45.884,4.003557920668001,4.005021333993753,4.0044364931843575,4.004045725109918,0.036028209213996056,2.2237004175007513,3.138333746095512,2.772808240223412,2.528578193699005,-49.54964738482505
2026-04-14T12:06:45.992,4.004079818968762,4.00470662145058,4.004858732513114,4.003995895623916,0.030058360838155634,2.549886855476302,2.9416384066127677,3.036707820696094,2.4974347649475703,-49.624270489523056
2026-04-14T12:06:46.102,4.004079818968762,4.00470662145058,4.004858732513114,4.003995895623916,0.030058360838155634,2.549886855476302,2.9416384066127677,3.036707820696094,2.4974347649475703,-49.624270489523056
2026-04-14T12:06:46.211,4.004079818968762,4.00470662145058,4.004858732513114,4.003995895623916,0.030058360838155634,2.549886855476302,2.9416384066127677,3.036707820696094,2.4974347649475703,-49.624270489523056
2026-04-14T12:06:46.318,4.003581524108739,4.004693508427948,4.004276514308245,4.003694296103376,0.026448569284790915,2.238452567961957,2.9334427674676533,2.6728214426530172,2.3089350646099405,-49.66939288394011
2026-04-14T12:06:46.428,4.003581524108739,4.004693508427948,4.004276514308245,4.003694296103376,0.026448569284790915,2.238452567961957,2.9334427674676533,2.6728214426530172,2.3089350646099405,-49.66939288394011
2026-04-14T12:06:46.538,4.003581524108739,4.004693508427948,4.004276514308245,4.003694296103376,0.026448569284790915,2.238452567961957,2.9334427674676533,2.6728214426530172,2.3089350646099405,-49.66939288394011
2026-04-14T12:06:46.648,4.002684593360698,4.004685640614369,4.004349947234985,4.003332376678728,0.02279894554876837,1.6778708504361362,2.9285253839805847,2.7187170218656576,2.0827354242047846,-49.71501318064039
2026-04-14T12:06:46.756,4.002684593360698,4.004685640614369,4.004349947234985,4.003332376678728,0.02279894554876837,1.6778708504361362,2.9285253839805847,2.7187170218656576,2.0827354242047846,-49.71501318064039
2026-04-14T12:06:46.864,4.002684593360698,4.004685640614369,4.004349947234985,4.003332376678728,0.02279894554876837,1.6778708504361362,2.9285253839805847,2.7187170218656576,2.0827354242047846,-49.71501318064039
2026-04-14T12:06:46.974,4.003749370798431,4.005176067660813,4.004664659778157,4.003909349674544,0.017800006625212257,2.3433567490194207,3.235042288007861,2.9154123613484018,2.4433435465898157,-49.77749991718485
2026-04-14T12:06:47.084,4.003749370798431,4.005176067660813,4.004664659778157,4.003909349674544,0.017800006625212257,2.3433567490194207,3.235042288007861,2.9154123613484018,2.4433435465898157,-49.77749991718485
2026-04-14T12:06:47.207,4.003749370798431,4.005176067660813,4.004664659778157,4.003909349674544,0.017800006625212257,2.3433567490194207,3.235042288007861,2.9154123613484018,2.4433435465898157,-49.77749991718485
2026-04-14T12:06:47.302,4.003180265616194,4.004748583123003,4.004504680902045,4.003859520188541,0.023027980599050823,1.9876660101214583,2.9678644518771335,2.815425563778007,2.412200117838381,-49.71215024251187
2026-04-14T12:06:47.410,4.003180265616194,4.004748583123003,4.004504680902045,4.003859520188541,0.023027980599050823,1.9876660101214583,2.9678644518771335,2.815425563778007,2.412200117838381,-49.71215024251187
2026-04-14T12:06:47.520,4.003180265616194,4.004748583123003,4.004504680902045,4.003859520188541,0.023027980599050823,1.9876660101214583,2.9678644518771335,2.815425563778007,2.412200117838381,-49.71215024251187
2026-04-14T12:06:47.627,4.003224849893144,4.0050134661801735,4.0041034224095,4.003741502984852,0.017336957501815128,2.015531183214847,3.1334163626084433,2.564639005937508,2.338439365532352,-49.783288031227315
2026-04-14T12:06:47.737,4.003224849893144,4.0050134661801735,4.0041034224095,4.003741502984852,0.017336957501815128,2.015531183214847,3.1334163626084433,2.564639005937508,2.338439365532352,-49.783288031227315
2026-04-14T12:06:47.845,4.003224849893144,4.0050134661801735,4.0041034224095,4.003741502984852,0.017336957501815128,2.015531183214847,3.1334163626084433,2.564639005937508,2.338439365532352,-49.783288031227315
2026-04-14T12:06:47.955,4.0034635069050495,4.004958391485118,4.004578113828785,4.003678560476217,0.011964591865841975,2.164691815655928,3.098994678198963,2.861321142990647,2.2991002976358033,-49.850442601676974
2026-04-14T12:06:48.063,4.0034635069050495,4.004958391485118,4.004578113828785,4.003678560476217,0.011964591865841975,2.164691815655928,3.098994678198963,2.861321142990647,2.2991002976358033,-49.850442601676974
2026-04-14T12:06:48.173,4.0034635069050495,4.004958391485118,4.004578113828785,4.003678560476217,0.011964591865841975,2.164691815655928,3.098994678198963,2.861321142990647,2.2991002976358033,-49.850442601676974
2026-04-14T12:06:48.282,4.0036077501540035,4.00493478804438,4.004483700065833,4.003712654335061,0.01549969807672329,2.254843846252186,3.084242527737757,2.802312541145824,2.3204089594131005,-49.80625377404096
2026-04-14T12:06:48.392,4.0036077501540035,4.00493478804438,4.004483700065833,4.003712654335061,0.01549969807672329,2.254843846252186,3.084242527737757,2.802312541145824,2.3204089594131005,-49.80625377404096
2026-04-14T12:06:48.501,4.0036077501540035,4.00493478804438,4.004483700065833,4.003712654335061,0.01549969807672329,2.254843846252186,3.084242527737757,2.802312541145824,2.3204089594131005,-49.80625377404096
2026-04-14T12:06:48.611,4.003143549152824,4.00516295463818,4.004266023890139,4.004210949195084,0.03562988738741788,1.9647182205151381,3.2268466488627467,2.6662649313369258,2.6318432469274455,-49.554626407657274
2026-04-14T12:06:48.719,4.003143549152824,4.00516295463818,4.004266023890139,4.004210949195084,0.03562988738741788,1.9647182205151381,3.2268466488627467,2.6662649313369258,2.6318432469274455,-49.554626407657274
2026-04-14T12:06:48.827,4.003143549152824,4.00516295463818,4.004266023890139,4.004210949195084,0.03562988738741788,1.9647182205151381,3.2268466488627467,2.6662649313369258,2.6318432469274455,-49.554626407657274
2026-04-14T12:06:48.936,4.003122568316613,4.00493478804438,4.004255533472033,4.003353357514939,0.032219256747342245,1.9516051978829552,3.084242527737757,2.6597084200208343,2.0958484468369676,-49.59725929065822
2026-04-14T12:06:49.045,4.003122568316613,4.00493478804438,4.004255533472033,4.003353357514939,0.032219256747342245,1.9516051978829552,3.084242527737757,2.6597084200208343,2.0958484468369676,-49.59725929065822
2026-04-14T12:06:49.169,4.003122568316613,4.00493478804438,4.004255533472033,4.003353357514939,0.032219256747342245,1.9516051978829552,3.084242527737757,2.6597084200208343,2.0958484468369676,-49.59725929065822
2026-04-14T12:06:49.277,4.003211736870512,4.004798412609006,4.004502058297518,4.00380182288896,0.02655810778709991,2.0073355440697327,2.999007880628568,2.813786435948984,2.376139305599878,-49.668023652661255
2026-04-14T12:06:49.386,4.003211736870512,4.004798412609006,4.004502058297518,4.00380182288896,0.02655810778709991,2.0073355440697327,2.999007880628568,2.813786435948984,2.376139305599878,-49.668023652661255
2026-04-14T12:06:49.496,4.003211736870512,4.004798412609006,4.004502058297518,4.00380182288896,0.02655810778709991,2.0073355440697327,2.999007880628568,2.813786435948984,2.376139305599878,-49.668023652661255
2026-04-14T12:06:49.605,4.0033612253285185,4.005291462259976,4.004544019969941,4.003287792401778,0.02816135313907707,2.100765830324036,3.3071639124848673,2.84001248121335,2.054870251111396,-49.64798308576154
2026-04-14T12:06:49.711,4.0033612253285185,4.005291462259976,4.004544019969941,4.003287792401778,0.02816135313907707,2.100765830324036,3.3071639124848673,2.84001248121335,2.054870251111396,-49.64798308576154
2026-04-14T12:06:49.820,4.0033612253285185,4.005291462259976,4.004544019969941,4.003287792401778,0.02816135313907707,2.100765830324036,3.3071639124848673,2.84001248121335,2.054870251111396,-49.64798308576154
2026-04-14T12:06:49.928,4.003306150633463,4.0051157477567045,4.004234552635822,4.003355980119466,0.027444373851236353,2.066344145914556,3.197342347940335,2.6465953973886513,2.0974875746659905,-49.65694532685955
2026-04-14T12:06:50.036,4.003306150633463,4.0051157477567045,4.004234552635822,4.003355980119466,0.027444373851236353,2.066344145914556,3.197342347940335,2.6465953973886513,2.0974875746659905,-49.65694532685955
2026-04-14T12:06:50.146,4.003306150633463,4.0051157477567045,4.004234552635822,4.003355980119466,0.027444373851236353,2.066344145914556,3.197342347940335,2.6465953973886513,2.0974875746659905,-49.65694532685955
2026-04-14T12:06:50.254,4.003332376678728,4.004921675021748,4.004050970318971,4.003447771277891,0.022186525740404424,2.0827354242047846,3.076046888592643,2.5318564493570506,2.154857048681791,-49.722668428244944
2026-04-14T12:06:50.364,4.003332376678728,4.004921675021748,4.004050970318971,4.003447771277891,0.022186525740404424,2.0827354242047846,3.076046888592643,2.5318564493570506,2.154857048681791,-49.722668428244944
2026-04-14T12:06:50.473,4.003332376678728,4.004921675021748,4.004050970318971,4.003447771277891,0.022186525740404424,2.0827354242047846,3.076046888592643,2.5318564493570506,2.154857048681791,-49.722668428244944
2026-04-14T12:06:50.581,4.003230095102197,4.004667282382684,4.004142761477397,4.003681183080744,0.03391212451029949,2.0188094388728928,2.9170514891774246,2.589225923372851,2.300739425464826,-49.576098443621255
2026-04-14T12:06:50.691,4.003230095102197,4.004667282382684,4.004142761477397,4.003681183080744,0.03391212451029949,2.0188094388728928,2.9170514891774246,2.589225923372851,2.300739425464826,-49.576098443621255
2026-04-14T12:06:50.800,4.003230095102197,4.004667282382684,4.004142761477397,4.003681183080744,0.03391212451029949,2.0188094388728928,2.9170514891774246,2.589225923372851,2.300739425464826,-49.576098443621255
2026-04-14T12:06:50.910,4.003686428289797,4.004656791964578,4.004591226851417,4.003251075938408,0.034215844903065354,2.304017681122872,2.910494977861333,2.8695167821357614,2.0319224615050757,-49.57230193871168
2026-04-14T12:06:51.018,4.003686428289797,4.004656791964578,4.004591226851417,4.003251075938408,0.034215844903065354,2.304017681122872,2.910494977861333,2.8695167821357614,2.0319224615050757,-49.57230193871168
2026-04-14T12:06:51.127,4.003686428289797,4.004656791964578,4.004591226851417,4.003251075938408,0.034215844903065354,2.304017681122872,2.910494977861333,2.8695167821357614,2.0319224615050757,-49.57230193871168
2026-04-14T12:06:51.236,4.003397941791889,4.005005598366594,4.00490593939459,4.003403187000941,0.02603033136688383,2.1237136199303563,3.1284989791213746,3.0662121216185056,2.126991875588402,-49.67462085791395
2026-04-14T12:06:51.346,4.003397941791889,4.005005598366594,4.00490593939459,4.003403187000941,0.02603033136688383,2.1237136199303563,3.1284989791213746,3.0662121216185056,2.126991875588402,-49.67462085791395
2026-04-14T12:06:51.455,4.003397941791889,4.005005598366594,4.00490593939459,4.003403187000941,0.02603033136688383,2.1237136199303563,3.1284989791213746,3.0662121216185056,2.126991875588402,-49.67462085791395
2026-04-14T12:06:51.564,4.003628730990215,4.0048036578180595,4.003972292183178,4.003146171757351,0.036939370392293634,2.2679568688843688,3.002286136287169,2.4826826144863645,1.966357348344161,-49.53825787009633
2026-04-14T12:06:51.674,4.003628730990215,4.0048036578180595,4.003972292183178,4.003146171757351,0.036939370392293634,2.2679568688843688,3.002286136287169,2.4826826144863645,1.966357348344161,-49.53825787009633
2026-04-14T12:06:51.782,4.003628730990215,4.0048036578180595,4.003972292183178,4.003146171757351,0.036939370392293634,2.2679568688843688,3.002286136287169,2.4826826144863645,1.966357348344161,-49.53825787009633
2026-04-14T12:06:51.892,4.0038962366519115,4.005076408688808,4.005039692225438,4.003644466617374,0.03185080905775743,2.4351479074447013,3.172755430504992,3.149807640898672,2.277791635858506,-49.60186488677803
2026-04-14T12:06:52.001,4.0038962366519115,4.005076408688808,4.005039692225438,4.003644466617374,0.03185080905775743,2.4351479074447013,3.172755430504992,3.149807640898672,2.277791635858506,-49.60186488677803
2026-04-14T12:06:52.109,4.0038962366519115,4.005076408688808,4.005039692225438,4.003644466617374,0.03185080905775743,2.4351479074447013,3.172755430504992,3.149807640898672,2.277791635858506,-49.60186488677803
2026-04-14T12:06:52.217,4.003369093142098,4.005042314829964,4.0042214396131905,4.003951311346967,0.023749938909723767,2.105683213811105,3.151446768727695,2.638399758244092,2.4695695918541816,-49.70312576362845
2026-04-14T12:06:52.339,4.003369093142098,4.005042314829964,4.0042214396131905,4.003951311346967,0.023749938909723767,2.105683213811105,3.151446768727695,2.638399758244092,2.4695695918541816,-49.70312576362845
2026-04-14T12:06:52.449,4.003369093142098,4.005042314829964,4.0042214396131905,4.003951311346967,0.023749938909723767,2.105683213811105,3.151446768727695,2.638399758244092,2.4695695918541816,-49.70312576362845
2026-04-14T12:06:52.557,4.0033795835602035,4.00512623817481,4.003972292183178,4.0034399034643116,0.01979161575810314,2.1122397251271963,3.2038988592564266,2.4826826144863645,2.1499396651947222,-49.75260480302371
2026-04-14T12:06:52.665,4.0033795835602035,4.00512623817481,4.003972292183178,4.0034399034643116,0.01979161575810314,2.1122397251271963,3.2038988592564266,2.4826826144863645,2.1499396651947222,-49.75260480302371
2026-04-14T12:06:52.764,4.0033795835602035,4.00512623817481,4.003972292183178,4.0034399034643116,0.01979161575810314,2.1122397251271963,3.2038988592564266,2.4826826144863645,2.1499396651947222,-49.75260480302371
2026-04-14T12:06:52.885,4.003864765397594,4.005223274542288,4.0043315890033,4.003725767357693,0.022793966525936144,2.415478373496427,3.2645465889302727,2.7072431270624975,2.328604598558215,-49.7150754184258
2026-04-14T12:06:52.994,4.003864765397594,4.005223274542288,4.0043315890033,4.003725767357693,0.022793966525936144,2.415478373496427,3.2645465889302727,2.7072431270624975,2.328604598558215,-49.7150754184258
2026-04-14T12:06:53.104,4.003864765397594,4.005223274542288,4.0043315890033,4.003725767357693,0.022793966525936144,2.415478373496427,3.2645465889302727,2.7072431270624975,2.328604598558215,-49.7150754184258
2026-04-14T12:06:53.213,4.004037857296339,4.004974127112277,4.004829883863323,4.003560543272528,0.026189660097515097,2.5236608102119362,3.1088294451731002,3.0186774145768425,2.225339545329774,-49.672629248781064
2026-04-14T12:06:53.321,4.004037857296339,4.004974127112277,4.004829883863323,4.003560543272528,0.026189660097515097,2.5236608102119362,3.1088294451731002,3.0186774145768425,2.225339545329774,-49.672629248781064
2026-04-14T12:06:53.429,4.004037857296339,4.004974127112277,4.004829883863323,4.003560543272528,0.026189660097515097,2.5236608102119362,3.1088294451731002,3.0186774145768425,2.225339545329774,-49.672629248781064
2026-04-14T12:06:53.539,4.0035238268091575,4.005357027373137,4.004344702025932,4.003161907384509,0.027763031312498895,2.202391755723454,3.348142108210439,2.715438766207612,1.9761921153182982,-49.65296210859376
2026-04-14T12:06:53.646,4.0035238268091575,4.005357027373137,4.004344702025932,4.003161907384509,0.027763031312498895,2.202391755723454,3.348142108210439,2.715438766207612,1.9761921153182982,-49.65296210859376
2026-04-14T12:06:53.756,4.0035238268091575,4.005357027373137,4.004344702025932,4.003161907384509,0.027763031312498895,2.202391755723454,3.348142108210439,2.715438766207612,1.9761921153182982,-49.65296210859376
2026-04-14T12:06:53.866,4.0035054685774725,4.005018711389226,4.004386663698355,4.002986192881238,0.02686182817986577,2.190917860920294,3.136694618266489,2.7416648114719777,1.866370550773766,-49.664227147751674
2026-04-14T12:06:53.977,4.0035054685774725,4.005018711389226,4.004386663698355,4.002986192881238,0.02686182817986577,2.190917860920294,3.136694618266489,2.7416648114719777,1.866370550773766,-49.664227147751674
2026-04-14T12:06:54.085,4.0035054685774725,4.005018711389226,4.004386663698355,4.002986192881238,0.02686182817986577,2.190917860920294,3.136694618266489,2.7416648114719777,1.866370550773766,-49.664227147751674
2026-04-14T12:06:54.194,4.003560543272528,4.004829883863323,4.004693508427948,4.003392696582836,0.03329472567910332,2.225339545329774,3.0186774145768425,2.9334427674676533,2.1204353642723106,-49.58381592901121
2026-04-14T12:06:54.302,4.003560543272528,4.004829883863323,4.004693508427948,4.003392696582836,0.03329472567910332,2.225339545329774,3.0186774145768425,2.9334427674676533,2.1204353642723106,-49.58381592901121
2026-04-14T12:06:54.404,4.003560543272528,4.004829883863323,4.004693508427948,4.003392696582836,0.03329472567910332,2.225339545329774,3.0186774145768425,2.9334427674676533,2.1204353642723106,-49.58381592901121
2026-04-14T12:06:54.515,4.004218817008663,4.004932165439854,4.0045387747608885,4.003657579640006,0.017013321017720358,2.636760630414514,3.0826033999087343,2.836734225555304,2.2859872750036203,-49.787333487278495
2026-04-14T12:06:54.629,4.004218817008663,4.004932165439854,4.0045387747608885,4.003657579640006,0.017013321017720358,2.636760630414514,3.0826033999087343,2.836734225555304,2.2859872750036203,-49.787333487278495
2026-04-14T12:06:54.738,4.004218817008663,4.004932165439854,4.0045387747608885,4.003657579640006,0.017013321017720358,2.636760630414514,3.0826033999087343,2.836734225555304,2.2859872750036203,-49.787333487278495
2026-04-14T12:06:54.847,4.003657579640006,4.005094766920493,4.003988027810337,4.003450393882417,0.023964036891509537,2.2859872750036203,3.184229325308152,2.4925173814605017,2.1564961765108137,-49.70044953885613
2026-04-14T12:06:54.957,4.003657579640006,4.005094766920493,4.003988027810337,4.003450393882417,0.023964036891509537,2.2859872750036203,3.184229325308152,2.4925173814605017,2.1564961765108137,-49.70044953885613
2026-04-14T12:06:55.065,4.003657579640006,4.005094766920493,4.003988027810337,4.003450393882417,0.023964036891509537,2.2859872750036203,3.184229325308152,2.4925173814605017,2.1564961765108137,-49.70044953885613
2026-04-14T12:06:55.173,4.0032353403112495,4.005270481423764,4.0048272612587965,4.003927707906229,0.033966893761453995,2.0220876945309385,3.2940508898526843,3.0170382867478196,2.4548174413929758,-49.575413827981826
2026-04-14T12:06:55.282,4.0032353403112495,4.005270481423764,4.0048272612587965,4.003927707906229,0.033966893761453995,2.0220876945309385,3.2940508898526843,3.0170382867478196,2.4548174413929758,-49.575413827981826
2026-04-14T12:06:55.393,4.0032353403112495,4.005270481423764,4.0048272612587965,4.003927707906229,0.033966893761453995,2.0220876945309385,3.2940508898526843,3.0170382867478196,2.4548174413929758,-49.575413827981826
2026-04-14T12:06:55.502,4.003636598803794,4.005252123192079,4.004339456816879,4.003807068098013,0.03616264283046619,2.2728742523714374,3.2825769950495243,2.712160510549566,2.379417561257924,-49.54796696461917
2026-04-14T12:06:55.610,4.003636598803794,4.005252123192079,4.004339456816879,4.003807068098013,0.03616264283046619,2.2728742523714374,3.2825769950495243,2.712160510549566,2.379417561257924,-49.54796696461917
2026-04-14T12:06:55.720,4.003636598803794,4.005252123192079,4.004339456816879,4.003807068098013,0.03616264283046619,2.2728742523714374,3.2825769950495243,2.712160510549566,2.379417561257924,-49.54796696461917
2026-04-14T12:06:55.828,4.003075361435137,4.005288839655449,4.004913807208169,4.003340244492307,0.03717836348824054,1.9221008969605435,3.3055247846558444,3.0711295051055743,2.0876528076918532,-49.535270456396994
2026-04-14T12:06:55.938,4.003075361435137,4.005288839655449,4.004913807208169,4.003340244492307,0.03717836348824054,1.9221008969605435,3.3055247846558444,3.0711295051055743,2.0876528076918532,-49.535270456396994
2026-04-14T12:06:56.046,4.003075361435137,4.005288839655449,4.004913807208169,4.003340244492307,0.03717836348824054,1.9221008969605435,3.3055247846558444,3.0711295051055743,2.0876528076918532,-49.535270456396994
2026-04-14T12:06:56.153,4.003411054814521,4.0051157477567045,4.004507303506571,4.003138303943771,0.04603604510677274,2.1319092590754707,3.197342347940335,2.8170646916070297,1.9614399648570924,-49.424549436165336
2026-04-14T12:06:56.263,4.003411054814521,4.0051157477567045,4.004507303506571,4.003138303943771,0.04603604510677274,2.1319092590754707,3.197342347940335,2.8170646916070297,1.9614399648570924,-49.424549436165336
2026-04-14T12:06:56.372,4.003411054814521,4.0051157477567045,4.004507303506571,4.003138303943771,0.04603604510677274,2.1319092590754707,3.197342347940335,2.8170646916070297,1.9614399648570924,-49.424549436165336
2026-04-14T12:06:56.481,4.0042214396131905,4.005396366441033,4.004428625370778,4.003353357514939,0.04509998881431402,2.638399758244092,3.372729025645782,2.7678908567363436,2.0958484468369676,-49.43625013982108
2026-04-14T12:06:56.592,4.0042214396131905,4.005396366441033,4.004428625370778,4.003353357514939,0.04509998881431402,2.638399758244092,3.372729025645782,2.7678908567363436,2.0958484468369676,-49.43625013982108
2026-04-14T12:06:56.700,4.0042214396131905,4.005396366441033,4.004428625370778,4.003353357514939,0.04509998881431402,2.638399758244092,3.372729025645782,2.7678908567363436,2.0958484468369676,-49.43625013982108
2026-04-14T12:06:56.810,4.003681183080744,4.00528097184187,4.004735470100371,4.003468752114102,0.0369343913694614,2.300739425464826,3.300607401168776,2.959668812732019,2.167970071313974,-49.53832010788173
2026-04-14T12:06:56.919,4.003681183080744,4.00528097184187,4.004735470100371,4.003468752114102,0.0369343913694614,2.300739425464826,3.300607401168776,2.959668812732019,2.167970071313974,-49.53832010788173
2026-04-14T12:06:57.043,4.003681183080744,4.00528097184187,4.004735470100371,4.003468752114102,0.0369343913694614,2.300739425464826,3.300607401168776,2.959668812732019,2.167970071313974,-49.53832010788173
2026-04-14T12:06:57.151,4.003353357514939,4.005063295666176,4.004161119709082,4.0035474302498955,0.03459922966114685,2.0958484468369676,3.1645597913598777,2.600699818176011,2.21714390618466,-49.56750962923566
2026-04-14T12:06:57.260,4.003353357514939,4.005063295666176,4.004161119709082,4.0035474302498955,0.03459922966114685,2.0958484468369676,3.1645597913598777,2.600699818176011,2.21714390618466,-49.56750962923566
2026-04-14T12:06:57.369,4.003353357514939,4.005063295666176,4.004161119709082,4.0035474302498955,0.03459922966114685,2.0958484468369676,3.1645597913598777,2.600699818176011,2.21714390618466,-49.56750962923566
2026-04-14T12:06:57.479,4.003846407165909,4.005086899106914,4.004913807208169,4.003694296103376,0.029167115751186967,2.404004478693267,3.1793119418210836,3.0711295051055743,2.3089350646099405,-49.63541105311016
2026-04-14T12:06:57.586,4.003846407165909,4.005086899106914,4.004913807208169,4.003694296103376,0.029167115751186967,2.404004478693267,3.1793119418210836,3.0711295051055743,2.3089350646099405,-49.63541105311016
2026-04-14T12:06:57.693,4.003846407165909,4.005086899106914,4.004913807208169,4.003694296103376,0.029167115751186967,2.404004478693267,3.1793119418210836,3.0711295051055743,2.3089350646099405,-49.63541105311016
2026-04-14T12:06:57.802,4.0034399034643116,4.005406856859139,4.004992485343962,4.0037100317305345,0.03140767602568921,2.1499396651947222,3.3792855369618735,3.1203033399762603,2.3187698315840777,-49.607404049678884
2026-04-14T12:06:57.911,4.0034399034643116,4.005406856859139,4.004992485343962,4.0037100317305345,0.03140767602568921,2.1499396651947222,3.3792855369618735,3.1203033399762603,2.3187698315840777,-49.607404049678884
2026-04-14T12:06:58.020,4.0034399034643116,4.005406856859139,4.004992485343962,4.0037100317305345,0.03140767602568921,2.1499396651947222,3.3792855369618735,3.1203033399762603,2.3187698315840777,-49.607404049678884
2026-04-14T12:06:58.129,4.003146171757351,4.005168199847233,4.003961801765072,4.003665447453585,0.031298137523380204,1.966357348344161,3.2301249045207925,2.476126103170273,2.290904658490689,-49.60877328095775
2026-04-14T12:06:58.237,4.003146171757351,4.005168199847233,4.003961801765072,4.003665447453585,0.031298137523380204,1.966357348344161,3.2301249045207925,2.476126103170273,2.290904658490689,-49.60877328095775
2026-04-14T12:06:58.346,4.003146171757351,4.005168199847233,4.003961801765072,4.003665447453585,0.031298137523380204,1.966357348344161,3.2301249045207925,2.476126103170273,2.290904658490689,-49.60877328095775
2026-04-14T12:06:58.456,4.003487110345787,4.005307197887134,4.004381418489302,4.003859520188541,0.026060205503877193,2.179443966117134,3.3169986794590045,2.738386555813932,2.412200117838381,-49.674247431201536
2026-04-14T12:06:58.565,4.003487110345787,4.005307197887134,4.004381418489302,4.003859520188541,0.026060205503877193,2.179443966117134,3.3169986794590045,2.738386555813932,2.412200117838381,-49.674247431201536
2026-04-14T12:06:58.673,4.003487110345787,4.005307197887134,4.004381418489302,4.003859520188541,0.026060205503877193,2.179443966117134,3.3169986794590045,2.738386555813932,2.412200117838381,-49.674247431201536
2026-04-14T12:06:58.782,4.003492355554841,4.005105257338599,4.004305362958036,4.00383853935233,0.026428653193462003,2.1827222217757347,3.1907858366242436,2.690851848772269,2.3990870952061982,-49.66964183508173
2026-04-14T12:06:58.892,4.003492355554841,4.005105257338599,4.004305362958036,4.00383853935233,0.026428653193462003,2.1827222217757347,3.1907858366242436,2.690851848772269,2.3990870952061982,-49.66964183508173
2026-04-14T12:06:59.000,4.003492355554841,4.005105257338599,4.004305362958036,4.00383853935233,0.026428653193462003,2.1827222217757347,3.1907858366242436,2.690851848772269,2.3990870952061982,-49.66964183508173
2026-04-14T12:06:59.111,4.003654957035479,4.005152464220075,4.0044364931843575,4.003487110345787,0.0221815467175722,2.2843481471745974,3.2202901375466553,2.772808240223412,2.179443966117134,-49.722730666030344
2026-04-14T12:06:59.219,4.003654957035479,4.005152464220075,4.0044364931843575,4.003487110345787,0.0221815467175722,2.2843481471745974,3.2202901375466553,2.772808240223412,2.179443966117134,-49.722730666030344
2026-04-14T12:06:59.330,4.003654957035479,4.005152464220075,4.0044364931843575,4.003487110345787,0.0221815467175722,2.2843481471745974,3.2202901375466553,2.772808240223412,2.179443966117134,-49.722730666030344
2026-04-14T12:06:59.440,4.003657579640006,4.005225897146815,4.004575491224259,4.00376510642559,0.018477153730395157,2.2859872750036203,3.2661857167592956,2.8596820151616242,2.353191515993558,-49.76903557837006
2026-04-14T12:06:59.548,4.003657579640006,4.005225897146815,4.004575491224259,4.00376510642559,0.018477153730395157,2.2859872750036203,3.2661857167592956,2.8596820151616242,2.353191515993558,-49.76903557837006
2026-04-14T12:06:59.656,4.003657579640006,4.005225897146815,4.004575491224259,4.00376510642559,0.018477153730395157,2.2859872750036203,3.2661857167592956,2.8596820151616242,2.353191515993558,-49.76903557837006
2026-04-14T12:06:59.765,4.0035238268091575,4.0053439143505045,4.004255533472033,4.00326418896104,0.019781657712438686,2.202391755723454,3.3399464690653247,2.6597084200208343,2.04011810065019,-49.752729278594515
2026-04-14T12:06:59.873,4.0035238268091575,4.0053439143505045,4.004255533472033,4.00326418896104,0.019781657712438686,2.202391755723454,3.3399464690653247,2.6597084200208343,2.04011810065019,-49.752729278594515
2026-04-14T12:06:59.983,4.0035238268091575,4.0053439143505045,4.004255533472033,4.00326418896104,0.019781657712438686,2.202391755723454,3.3399464690653247,2.6597084200208343,2.04011810065019,-49.752729278594515
2026-04-14T12:07:00.092,4.003833294143277,4.004997730553016,4.004255533472033,4.0038962366519115,0.0215591688635438,2.3958088395481525,3.123581595634861,2.6597084200208343,2.4351479074447013,-49.7305103892057
2026-04-14T12:07:00.215,4.003833294143277,4.004997730553016,4.004255533472033,4.0038962366519115,0.0215591688635438,2.3958088395481525,3.123581595634861,2.6597084200208343,2.4351479074447013,-49.7305103892057
2026-04-14T12:07:00.310,4.003833294143277,4.004997730553016,4.004255533472033,4.0038962366519115,0.0215591688635438,2.3958088395481525,3.123581595634861,2.6597084200208343,2.4351479074447013,-49.7305103892057
2026-04-14T12:07:00.419,4.003930330510755,4.004913807208169,4.004137516268344,4.003731012566746,0.027992066362781346,2.4564565692219986,3.0711295051055743,2.585947667714805,2.3318828542162606,-49.65009917046523
2026-04-14T12:07:00.530,4.003930330510755,4.004913807208169,4.004137516268344,4.003731012566746,0.027992066362781346,2.4564565692219986,3.0711295051055743,2.585947667714805,2.3318828542162606,-49.65009917046523
2026-04-14T12:07:00.638,4.003930330510755,4.004913807208169,4.004137516268344,4.003731012566746,0.027992066362781346,2.4564565692219986,3.0711295051055743,2.585947667714805,2.3318828542162606,-49.65009917046523
2026-04-14T12:07:00.762,4.003628730990215,4.005315065700714,4.004342079421406,4.0038962366519115,0.022893546982580688,2.2679568688843688,3.321916062946073,2.713799638378589,2.4351479074447013,-49.71383066271774
2026-04-14T12:07:00.871,4.003628730990215,4.005315065700714,4.004342079421406,4.0038962366519115,0.022893546982580688,2.2679568688843688,3.321916062946073,2.713799638378589,2.4351479074447013,-49.71383066271774
2026-04-14T12:07:00.979,4.003628730990215,4.005315065700714,4.004342079421406,4.0038962366519115,0.022893546982580688,2.2679568688843688,3.321916062946073,2.713799638378589,2.4351479074447013,-49.71383066271774
2026-04-14T12:07:01.089,4.003754616007484,4.005556345317146,4.004688263218895,4.003675937871691,0.026239450325837372,2.3466350046774664,3.472715823216177,2.9301645118096076,2.2974611698067804,-49.672006870927035
2026-04-14T12:07:01.197,4.003754616007484,4.005556345317146,4.004688263218895,4.003675937871691,0.026239450325837372,2.3466350046774664,3.472715823216177,2.9301645118096076,2.2974611698067804,-49.672006870927035
2026-04-14T12:07:01.307,4.003754616007484,4.005556345317146,4.004688263218895,4.003675937871691,0.026239450325837372,2.3466350046774664,3.472715823216177,2.9301645118096076,2.2974611698067804,-49.672006870927035
2026-04-14T12:07:01.415,4.00350022336842,4.005252123192079,4.004016876460128,4.003550052854422,0.028051814636768074,2.187639605262248,3.2825769950495243,2.5105477875797533,2.2187830340136827,-49.6493523170404
2026-04-14T12:07:01.526,4.00350022336842,4.005252123192079,4.004016876460128,4.003550052854422,0.028051814636768074,2.187639605262248,3.2825769950495243,2.5105477875797533,2.2187830340136827,-49.6493523170404
2026-04-14T12:07:01.633,4.00350022336842,4.005252123192079,4.004016876460128,4.003550052854422,0.028051814636768074,2.187639605262248,3.2825769950495243,2.5105477875797533,2.2187830340136827,-49.6493523170404
2026-04-14T12:07:01.742,4.003515958995578,4.0053858760229275,4.003888368838332,4.003746748193905,0.020832231530038624,2.1974743722363854,3.3661725143296906,2.4302305239576327,2.341717621190398,-49.739597105874516
2026-04-14T12:07:01.851,4.003515958995578,4.0053858760229275,4.003888368838332,4.003746748193905,0.020832231530038624,2.1974743722363854,3.3661725143296906,2.4302305239576327,2.341717621190398,-49.739597105874516
2026-04-14T12:07:01.960,4.003515958995578,4.0053858760229275,4.003888368838332,4.003746748193905,0.020832231530038624,2.1974743722363854,3.3661725143296906,2.4302305239576327,2.341717621190398,-49.739597105874516
2026-04-14T12:07:02.070,4.0031330587347185,4.005168199847233,4.004433870579831,4.003969669578652,0.014274858459995397,1.9581617091990466,3.2301249045207925,2.7711691123943893,2.4810434866573416,-49.821564269250054
2026-04-14T12:07:02.180,4.0031330587347185,4.005168199847233,4.004433870579831,4.003969669578652,0.014274858459995397,1.9581617091990466,3.2301249045207925,2.7711691123943893,2.4810434866573416,-49.821564269250054
2026-04-14T12:07:02.287,4.0031330587347185,4.005168199847233,4.004433870579831,4.003969669578652,0.014274858459995397,1.9581617091990466,3.2301249045207925,2.7711691123943893,2.4810434866573416,-49.821564269250054
2026-04-14T12:07:02.398,4.003033399762714,4.005107879943125,4.004806280422585,4.003689050894323,0.02684191208853686,1.8958748516961776,3.1924249644532665,3.0039252641156367,2.3056568089518947,-49.66447609889329
2026-04-14T12:07:02.507,4.003033399762714,4.005107879943125,4.004806280422585,4.003689050894323,0.02684191208853686,1.8958748516961776,3.1924249644532665,3.0039252641156367,2.3056568089518947,-49.66447609889329
2026-04-14T12:07:02.617,4.003033399762714,4.005107879943125,4.004806280422585,4.003689050894323,0.02684191208853686,1.8958748516961776,3.1924249644532665,3.0039252641156367,2.3056568089518947,-49.66447609889329
2026-04-14T12:07:02.729,4.003458261695997,4.005307197887134,4.004229307426769,4.003770351634643,0.019965881557231092,2.1614135599978823,3.3169986794590045,2.6433171417306056,2.3564697716516037,-49.75042648053461
2026-04-14T12:07:02.838,4.003458261695997,4.005307197887134,4.004229307426769,4.003770351634643,0.019965881557231092,2.1614135599978823,3.3169986794590045,2.6433171417306056,2.3564697716516037,-49.75042648053461
2026-04-14T12:07:02.946,4.003458261695997,4.005307197887134,4.004229307426769,4.003770351634643,0.019965881557231092,2.1614135599978823,3.3169986794590045,2.6433171417306056,2.3564697716516037,-49.75042648053461
2026-04-14T12:07:03.054,4.0037100317305345,4.004882335953852,4.004098177200447,4.0039198400926495,0.021618917137530523,2.3187698315840777,3.0514599711573,2.561360750279462,2.449900057905907,-49.72976353578087
2026-04-14T12:07:03.164,4.0037100317305345,4.004882335953852,4.004098177200447,4.0039198400926495,0.021618917137530523,2.3187698315840777,3.0514599711573,2.561360750279462,2.449900057905907,-49.72976353578087
2026-04-14T12:07:03.274,4.0037100317305345,4.004882335953852,4.004098177200447,4.0039198400926495,0.021618917137530523,2.3187698315840777,3.0514599711573,2.561360750279462,2.449900057905907,-49.72976353578087
2026-04-14T12:07:03.384,4.003253698542935,4.005309820491661,4.003922462697176,4.003943443533387,0.02545276471834547,2.0335615893340986,3.3186378072880274,2.45153918573493,2.464652208367113,-49.68184044102068
2026-04-14T12:07:03.492,4.003253698542935,4.005309820491661,4.003922462697176,4.003943443533387,0.02545276471834547,2.0335615893340986,3.3186378072880274,2.45153918573493,2.464652208367113,-49.68184044102068
2026-04-14T12:07:03.600,4.003253698542935,4.005309820491661,4.003922462697176,4.003943443533387,0.02545276471834547,2.0335615893340986,3.3186378072880274,2.45153918573493,2.464652208367113,-49.68184044102068
2026-04-14T12:07:03.708,4.003660202244532,4.005160332033654,4.004302740353509,4.004234552635822,0.01843732154773734,2.287626402832643,3.225207521033724,2.689212720943246,2.6465953973886513,-49.76953348065328
2026-04-14T12:07:03.818,4.003660202244532,4.005160332033654,4.004302740353509,4.004234552635822,0.01843732154773734,2.287626402832643,3.225207521033724,2.689212720943246,2.6465953973886513,-49.76953348065328
2026-04-14T12:07:03.928,4.003660202244532,4.005160332033654,4.004302740353509,4.004234552635822,0.01843732154773734,2.287626402832643,3.225207521033724,2.689212720943246,2.6465953973886513,-49.76953348065328
2026-04-14T12:07:04.037,4.0036497118264265,4.005291462259976,4.0044364931843575,4.003870010606647,0.02881858415293106,2.2810698915165517,3.3071639124848673,2.772808240223412,2.4187566291544726,-49.63976769808836
2026-04-14T12:07:04.145,4.0036497118264265,4.005291462259976,4.0044364931843575,4.003870010606647,0.02881858415293106,2.2810698915165517,3.3071639124848673,2.772808240223412,2.4187566291544726,-49.63976769808836
2026-04-14T12:07:04.254,4.0036497118264265,4.005291462259976,4.0044364931843575,4.003870010606647,0.02881858415293106,2.2810698915165517,3.3071639124848673,2.772808240223412,2.4187566291544726,-49.63976769808836
2026-04-14T12:07:04.364,4.00334548970136,4.004989862739436,4.004247665658454,4.003552675458948,0.019711951392787502,2.090931063349899,3.1186642121472374,2.6547910365337657,2.2204221618427056,-49.75360060759015
2026-04-14T12:07:04.473,4.00334548970136,4.004989862739436,4.004247665658454,4.003552675458948,0.019711951392787502,2.090931063349899,3.1186642121472374,2.6547910365337657,2.2204221618427056,-49.75360060759015
2026-04-14T12:07:04.582,4.00334548970136,4.004989862739436,4.004247665658454,4.003552675458948,0.019711951392787502,2.090931063349899,3.1186642121472374,2.6547910365337657,2.2204221618427056,-49.75360060759015
2026-04-14T12:07:04.691,4.003681183080744,4.0053675177912424,4.004567623410679,4.003450393882417,0.021086161694482214,2.300739425464826,3.3546986195265305,2.8547646316745556,2.1564961765108137,-49.73642297881897
2026-04-14T12:07:04.798,4.003681183080744,4.0053675177912424,4.004567623410679,4.003450393882417,0.021086161694482214,2.300739425464826,3.3546986195265305,2.8547646316745556,2.1564961765108137,-49.73642297881897
2026-04-14T12:07:04.907,4.003681183080744,4.0053675177912424,4.004567623410679,4.003450393882417,0.021086161694482214,2.300739425464826,3.3546986195265305,2.8547646316745556,2.1564961765108137,-49.73642297881897
2026-04-14T12:07:05.015,4.003717899544114,4.005021333993753,4.004132271059291,4.004048347714445,0.02961024878325519,2.3236872150711463,3.138333746095512,2.5826694120567595,2.5302173215280277,-49.62987189020931
2026-04-14T12:07:05.124,4.003717899544114,4.005021333993753,4.004132271059291,4.004048347714445,0.02961024878325519,2.3236872150711463,3.138333746095512,2.5826694120567595,2.5302173215280277,-49.62987189020931
2026-04-14T12:07:05.233,4.003717899544114,4.005021333993753,4.004132271059291,4.004048347714445,0.02961024878325519,2.3236872150711463,3.138333746095512,2.5826694120567595,2.5302173215280277,-49.62987189020931
2026-04-14T12:07:05.342,4.003237962915777,4.004945278462486,4.0044548514160425,4.003405809605468,0.01920409106390033,2.0237268223605165,3.0907990390538487,2.7842821350265723,2.128631003417425,-49.75994886170125
2026-04-14T12:07:05.451,4.003237962915777,4.004945278462486,4.0044548514160425,4.003405809605468,0.01920409106390033,2.0237268223605165,3.0907990390538487,2.7842821350265723,2.128631003417425,-49.75994886170125
2026-04-14T12:07:05.587,4.003237962915777,4.004945278462486,4.0044548514160425,4.003405809605468,0.01920409106390033,2.0237268223605165,3.0907990390538487,2.7842821350265723,2.128631003417425,-49.75994886170125
2026-04-14T12:07:05.681,4.003314018447043,4.005063295666176,4.004344702025932,4.003731012566746,0.018332762068260566,2.0712615294016246,3.1645597913598777,2.715438766207612,2.3318828542162606,-49.770840474146745
2026-04-14T12:07:05.790,4.003314018447043,4.005063295666176,4.004344702025932,4.003731012566746,0.018332762068260566,2.0712615294016246,3.1645597913598777,2.715438766207612,2.3318828542162606,-49.770840474146745
2026-04-14T12:07:05.899,4.003314018447043,4.005063295666176,4.004344702025932,4.003731012566746,0.018332762068260566,2.0712615294016246,3.1645597913598777,2.715438766207612,2.3318828542162606,-49.770840474146745
2026-04-14T12:07:06.010,4.003447771277891,4.005396366441033,4.005110502547652,4.003397941791889,0.022903505028245143,2.154857048681791,3.372729025645782,3.1940640922822894,2.1237136199303563,-49.71370618714693
2026-04-14T12:07:06.118,4.003447771277891,4.005396366441033,4.005110502547652,4.003397941791889,0.022903505028245143,2.154857048681791,3.372729025645782,3.1940640922822894,2.1237136199303563,-49.71370618714693
2026-04-14T12:07:06.227,4.003447771277891,4.005396366441033,4.005110502547652,4.003397941791889,0.022903505028245143,2.154857048681791,3.372729025645782,3.1940640922822894,2.1237136199303563,-49.71370618714693
2026-04-14T12:07:06.337,4.00376510642559,4.005296707469029,4.0046410563374195,4.003497600763893,0.029401129824301642,2.353191515993558,3.310442168142913,2.900660210887196,2.1860004774332253,-49.63248587719623
2026-04-14T12:07:06.444,4.00376510642559,4.005296707469029,4.0046410563374195,4.003497600763893,0.029401129824301642,2.353191515993558,3.310442168142913,2.900660210887196,2.1860004774332253,-49.63248587719623
2026-04-14T12:07:06.553,4.00376510642559,4.005296707469029,4.0046410563374195,4.003497600763893,0.029401129824301642,2.353191515993558,3.310442168142913,2.900660210887196,2.1860004774332253,-49.63248587719623
2026-04-14T12:07:06.662,4.003589391922318,4.004992485343962,4.00429487253993,4.003767729030116,0.028689129559293154,2.2433699514490257,3.1203033399762603,2.6842953374561773,2.354830643822581,-49.641385880508835
2026-04-14T12:07:06.770,4.003589391922318,4.004992485343962,4.00429487253993,4.003767729030116,0.028689129559293154,2.2433699514490257,3.1203033399762603,2.6842953374561773,2.354830643822581,-49.641385880508835
2026-04-14T12:07:06.879,4.003589391922318,4.004992485343962,4.00429487253993,4.003767729030116,0.028689129559293154,2.2433699514490257,3.1203033399762603,2.6842953374561773,2.354830643822581,-49.641385880508835
2026-04-14T12:07:06.986,4.003662824849059,4.005475044576826,4.005102634734072,4.004085064177815,0.04455727532560126,2.289265530661666,3.421902860516468,3.1891467087952208,2.553165111134348,-49.44303405842999
2026-04-14T12:07:07.095,4.003662824849059,4.005475044576826,4.005102634734072,4.004085064177815,0.04455727532560126,2.289265530661666,3.421902860516468,3.1891467087952208,2.553165111134348,-49.44303405842999
2026-04-14T12:07:07.203,4.003662824849059,4.005475044576826,4.005102634734072,4.004085064177815,0.04455727532560126,2.289265530661666,3.421902860516468,3.1891467087952208,2.553165111134348,-49.44303405842999
2026-04-14T12:07:07.313,4.003542185040843,4.005047560039017,4.00459647206047,4.004467964438675,0.03689455918680359,2.213865650526614,3.1547250243857405,2.872795037793807,2.7924777741716866,-49.53881801016495
2026-04-14T12:07:07.423,4.003542185040843,4.005047560039017,4.00459647206047,4.004467964438675,0.03689455918680359,2.213865650526614,3.1547250243857405,2.872795037793807,2.7924777741716866,-49.53881801016495
2026-04-14T12:07:07.531,4.003542185040843,4.005047560039017,4.00459647206047,4.004467964438675,0.03689455918680359,2.213865650526614,3.1547250243857405,2.872795037793807,2.7924777741716866,-49.53881801016495
2026-04-14T12:07:07.639,4.003219604684091,4.004926920230801,4.004601717269523,4.003620863176636,0.03584398536920365,2.0122529275568013,3.0793251442506886,2.876073293451853,2.2630394853973,-49.55195018288495
2026-04-14T12:07:07.749,4.003219604684091,4.004926920230801,4.004601717269523,4.003620863176636,0.03584398536920365,2.0122529275568013,3.0793251442506886,2.876073293451853,2.2630394853973,-49.55195018288495
2026-04-14T12:07:07.856,4.003219604684091,4.004926920230801,4.004601717269523,4.003620863176636,0.03584398536920365,2.0122529275568013,3.0793251442506886,2.876073293451853,2.2630394853973,-49.55195018288495
2026-04-14T12:07:07.968,4.003633976199268,4.0053858760229275,4.004210949195084,4.003988027810337,0.04384527506059277,2.2712351245424145,3.3661725143296906,2.6318432469274455,2.4925173814605017,-49.45193406174259
2026-04-14T12:07:08.078,4.003633976199268,4.0053858760229275,4.004210949195084,4.003988027810337,0.04384527506059277,2.2712351245424145,3.3661725143296906,2.6318432469274455,2.4925173814605017,-49.45193406174259
2026-04-14T12:07:08.187,4.003633976199268,4.0053858760229275,4.004210949195084,4.003988027810337,0.04384527506059277,2.2712351245424145,3.3661725143296906,2.6318432469274455,2.4925173814605017,-49.45193406174259
2026-04-14T12:07:08.296,4.0036916734988495,4.005249500587553,4.004664659778157,4.003612995363056,0.04395481356290177,2.3072959367809176,3.2809378672205014,2.9154123613484018,2.2581221019102315,-49.450564830463726
2026-04-14T12:07:08.404,4.0036916734988495,4.005249500587553,4.004664659778157,4.003612995363056,0.04395481356290177,2.3072959367809176,3.2809378672205014,2.9154123613484018,2.2581221019102315,-49.450564830463726
2026-04-14T12:07:08.514,4.0036916734988495,4.005249500587553,4.004664659778157,4.003612995363056,0.04395481356290177,2.3072959367809176,3.2809378672205014,2.9154123613484018,2.2581221019102315,-49.450564830463726
2026-04-14T12:07:08.622,4.00383853935233,4.005094766920493,4.004155874500029,4.004528284342783,0.04038485419219486,2.3990870952061982,3.184229325308152,2.5974215625179653,2.8301777142392126,-49.49518932259757
2026-04-14T12:07:08.732,4.00383853935233,4.005094766920493,4.004155874500029,4.004528284342783,0.04038485419219486,2.3990870952061982,3.184229325308152,2.5974215625179653,2.8301777142392126,-49.49518932259757
2026-04-14T12:07:08.841,4.00383853935233,4.005094766920493,4.004155874500029,4.004528284342783,0.04038485419219486,2.3990870952061982,3.184229325308152,2.5974215625179653,2.8301777142392126,-49.49518932259757
2026-04-14T12:07:08.951,4.003266811565567,4.005409479463665,4.004617452896682,4.003657579640006,0.030073297906652318,2.041757228479213,3.3809246647908964,2.88590806042599,2.2859872750036203,-49.62408377616684
2026-04-14T12:07:09.060,4.003266811565567,4.005409479463665,4.004617452896682,4.003657579640006,0.030073297906652318,2.041757228479213,3.3809246647908964,2.88590806042599,2.2859872750036203,-49.62408377616684
2026-04-14T12:07:09.169,4.003266811565567,4.005409479463665,4.004617452896682,4.003657579640006,0.030073297906652318,2.041757228479213,3.3809246647908964,2.88590806042599,2.2859872750036203,-49.62408377616684
2026-04-14T12:07:09.294,4.00414013887287,4.005215406728709,4.004318475980668,4.0037336351712725,0.02474574347616921,2.587586795543828,3.259629205443204,2.699047487917383,2.3335219820452835,-49.69067820654789
2026-04-14T12:07:09.388,4.00414013887287,4.005215406728709,4.004318475980668,4.0037336351712725,0.02474574347616921,2.587586795543828,3.259629205443204,2.699047487917383,2.3335219820452835,-49.69067820654789
2026-04-14T12:07:09.509,4.00414013887287,4.005215406728709,4.004318475980668,4.0037336351712725,0.02474574347616921,2.587586795543828,3.259629205443204,2.699047487917383,2.3335219820452835,-49.69067820654789
2026-04-14T12:07:09.618,4.003951311346967,4.005092144315967,4.004732847495845,4.003909349674544,0.0228586938227551,2.4695695918541816,3.1825901974791293,2.9580296849029963,2.4433435465898157,-49.71426632721556
2026-04-14T12:07:09.725,4.003951311346967,4.005092144315967,4.004732847495845,4.003909349674544,0.0228586938227551,2.4695695918541816,3.1825901974791293,2.9580296849029963,2.4433435465898157,-49.71426632721556
2026-04-14T12:07:09.835,4.003951311346967,4.005092144315967,4.004732847495845,4.003909349674544,0.0228586938227551,2.4695695918541816,3.1825901974791293,2.9580296849029963,2.4433435465898157,-49.71426632721556
2026-04-14T12:07:09.946,4.003825426329698,4.005147219011022,4.0044548514160425,4.003715276939587,0.022540036361492558,2.390891456061084,3.2170118818886095,2.7842821350265723,2.3220480872421234,-49.71824954548134
2026-04-14T12:07:10.054,4.003825426329698,4.005147219011022,4.0044548514160425,4.003715276939587,0.022540036361492558,2.390891456061084,3.2170118818886095,2.7842821350265723,2.3220480872421234,-49.71824954548134
2026-04-14T12:07:10.164,4.003825426329698,4.005147219011022,4.0044548514160425,4.003715276939587,0.022540036361492558,2.390891456061084,3.2170118818886095,2.7842821350265723,2.3220480872421234,-49.71824954548134
2026-04-14T12:07:10.274,4.003641844012847,4.005081653897861,4.004780054377321,4.004203081381505,0.028719003696286518,2.276152508029483,3.176033686163038,2.987533985825408,2.626925863440377,-49.64101245379642
2026-04-14T12:07:10.382,4.003641844012847,4.005081653897861,4.004780054377321,4.004203081381505,0.028719003696286518,2.276152508029483,3.176033686163038,2.987533985825408,2.626925863440377,-49.64101245379642
2026-04-14T12:07:10.492,4.003641844012847,4.005081653897861,4.004780054377321,4.004203081381505,0.028719003696286518,2.276152508029483,3.176033686163038,2.987533985825408,2.626925863440377,-49.64101245379642
2026-04-14T12:07:10.601,4.003350734910413,4.005558967921672,4.004182100545293,4.0034189226281,0.03457931356981794,2.0942093190079447,3.4743549510452,2.613812840808194,2.1368266425625393,-49.56775858037727
2026-04-14T12:07:10.711,4.003350734910413,4.005558967921672,4.004182100545293,4.0034189226281,0.03457931356981794,2.0942093190079447,3.4743549510452,2.613812840808194,2.1368266425625393,-49.56775858037727
2026-04-14T12:07:10.819,4.003350734910413,4.005558967921672,4.004182100545293,4.0034189226281,0.03457931356981794,2.0942093190079447,3.4743549510452,2.613812840808194,2.1368266425625393,-49.56775858037727
2026-04-14T12:07:10.928,4.00334548970136,4.0048036578180595,4.004119158036659,4.004043102505392,0.032876487761196234,2.090931063349899,3.002286136287169,2.574473772911645,2.526939065869982,-49.58904390298505
2026-04-14T12:07:11.037,4.00334548970136,4.0048036578180595,4.004119158036659,4.004043102505392,0.032876487761196234,2.090931063349899,3.002286136287169,2.574473772911645,2.526939065869982,-49.58904390298505
2026-04-14T12:07:11.145,4.00334548970136,4.0048036578180595,4.004119158036659,4.004043102505392,0.032876487761196234,2.090931063349899,3.002286136287169,2.574473772911645,2.526939065869982,-49.58904390298505
2026-04-14T12:07:11.253,4.003662824849059,4.005152464220075,4.004426002766252,4.003416300023574,0.026443590261958687,2.289265530661666,3.2202901375466553,2.7662517289073207,2.1351875147335164,-49.66945512172551
2026-04-14T12:07:11.364,4.003662824849059,4.005152464220075,4.004426002766252,4.003416300023574,0.026443590261958687,2.289265530661666,3.2202901375466553,2.7662517289073207,2.1351875147335164,-49.66945512172551
2026-04-14T12:07:11.474,4.003662824849059,4.005152464220075,4.004426002766252,4.003416300023574,0.026443590261958687,2.289265530661666,3.2202901375466553,2.7662517289073207,2.1351875147335164,-49.66945512172551
2026-04-14T12:07:11.583,4.003565788481581,4.005060673061649,4.004297495144456,4.004276514308245,0.029221885002341463,2.228617800988375,3.162920663530855,2.6859344652852,2.6728214426530172,-49.63472643747073
2026-04-14T12:07:11.691,4.003565788481581,4.005060673061649,4.004297495144456,4.004276514308245,0.029221885002341463,2.228617800988375,3.162920663530855,2.6859344652852,2.6728214426530172,-49.63472643747073
2026-04-14T12:07:11.800,4.003565788481581,4.005060673061649,4.004297495144456,4.004276514308245,0.029221885002341463,2.228617800988375,3.162920663530855,2.6859344652852,2.6728214426530172,-49.63472643747073
2026-04-14T12:07:11.909,4.003306150633463,4.005307197887134,4.004281759517299,4.003788709866328,0.033030837468995274,2.066344145914556,3.3169986794590045,2.676099698311618,2.3679436664547637,-49.58711453163756
2026-04-14T12:07:12.018,4.003306150633463,4.005307197887134,4.004281759517299,4.003788709866328,0.033030837468995274,2.066344145914556,3.3169986794590045,2.676099698311618,2.3679436664547637,-49.58711453163756
2026-04-14T12:07:12.126,4.003306150633463,4.005307197887134,4.004281759517299,4.003788709866328,0.033030837468995274,2.066344145914556,3.3169986794590045,2.676099698311618,2.3679436664547637,-49.58711453163756
2026-04-14T12:07:12.235,4.003626108385689,4.004945278462486,4.004134893663817,4.0038123133070656,0.03651615345155432,2.266317741055901,3.0907990390538487,2.5843085398857824,2.3826958169159695,-49.54354808185557
2026-04-14T12:07:12.345,4.003626108385689,4.004945278462486,4.004134893663817,4.0038123133070656,0.03651615345155432,2.266317741055901,3.0907990390538487,2.5843085398857824,2.3826958169159695,-49.54354808185557
2026-04-14T12:07:12.454,4.003626108385689,4.004945278462486,4.004134893663817,4.0038123133070656,0.03651615345155432,2.266317741055901,3.0907990390538487,2.5843085398857824,2.3826958169159695,-49.54354808185557
2026-04-14T12:07:12.564,4.003670692662638,4.0050973895250195,4.003901481860964,4.003762483821063,0.015071502113151749,2.2941829141487347,3.185868453137175,2.438426163102747,2.351552388164535,-49.8116062235856
2026-04-14T12:07:12.672,4.003670692662638,4.0050973895250195,4.003901481860964,4.003762483821063,0.015071502113151749,2.2941829141487347,3.185868453137175,2.438426163102747,2.351552388164535,-49.8116062235856
2026-04-14T12:07:12.781,4.003670692662638,4.0050973895250195,4.003901481860964,4.003762483821063,0.015071502113151749,2.2941829141487347,3.185868453137175,2.438426163102747,2.351552388164535,-49.8116062235856
2026-04-14T12:07:12.890,4.004121780641185,4.005294084864502,4.004108667618553,4.003935575719808,0.02518887650823743,2.576112900740668,3.30880304031389,2.5679172615955537,2.4597348248800444,-49.685139043647034
2026-04-14T12:07:13.000,4.004121780641185,4.005294084864502,4.004108667618553,4.003935575719808,0.02518887650823743,2.576112900740668,3.30880304031389,2.5679172615955537,2.4597348248800444,-49.685139043647034
2026-04-14T12:07:13.108,4.004121780641185,4.005294084864502,4.004108667618553,4.003935575719808,0.02518887650823743,2.576112900740668,3.30880304031389,2.5679172615955537,2.4597348248800444,-49.685139043647034
2026-04-14T12:07:13.217,4.003578901504213,4.005543232294514,4.004035234691813,4.003820181120646,0.01308985102592532,2.2368134401329343,3.4645201840710627,2.5220216823829134,2.3876132004035933,-49.83637686217593
2026-04-14T12:07:13.339,4.003578901504213,4.005543232294514,4.004035234691813,4.003820181120646,0.01308985102592532,2.2368134401329343,3.4645201840710627,2.5220216823829134,2.3876132004035933,-49.83637686217593
2026-04-14T12:07:13.447,4.003578901504213,4.005543232294514,4.004035234691813,4.003820181120646,0.01308985102592532,2.2368134401329343,3.4645201840710627,2.5220216823829134,2.3876132004035933,-49.83637686217593
2026-04-14T12:07:13.556,4.0038542749794885,4.004937410648908,4.004541397365415,4.00417685533624,0.022221378900230015,2.4089218621803354,3.085881655567335,2.838373353384327,2.6105345851501482,-49.72223276374713
2026-04-14T12:07:13.665,4.0038542749794885,4.004937410648908,4.004541397365415,4.00417685533624,0.022221378900230015,2.4089218621803354,3.085881655567335,2.838373353384327,2.6105345851501482,-49.72223276374713
2026-04-14T12:07:13.774,4.0038542749794885,4.004937410648908,4.004541397365415,4.00417685533624,0.022221378900230015,2.4089218621803354,3.085881655567335,2.838373353384327,2.6105345851501482,-49.72223276374713
2026-04-14T12:07:13.882,4.003830671538751,4.0055537227126194,4.004218817008663,4.003256321147461,0.02599049918422601,2.3941697117191296,3.471076695387154,2.636760630414514,2.0352007171631215,-49.67511876019717
2026-04-14T12:07:13.993,4.003830671538751,4.0055537227126194,4.004218817008663,4.003256321147461,0.02599049918422601,2.3941697117191296,3.471076695387154,2.636760630414514,2.0352007171631215,-49.67511876019717
2026-04-14T12:07:14.101,4.003830671538751,4.0055537227126194,4.004218817008663,4.003256321147461,0.02599049918422601,2.3941697117191296,3.471076695387154,2.636760630414514,2.0352007171631215,-49.67511876019717
2026-04-14T12:07:14.210,4.003411054814521,4.00494265585796,4.004572868619732,4.003476619927682,0.03769120283995994,2.1319092590754707,3.089159911224826,2.8580428873326014,2.1728874548010424,-49.5288599645005
2026-04-14T12:07:14.320,4.003411054814521,4.00494265585796,4.004572868619732,4.003476619927682,0.03769120283995994,2.1319092590754707,3.089159911224826,2.8580428873326014,2.1728874548010424,-49.5288599645005
2026-04-14T12:07:14.428,4.003411054814521,4.00494265585796,4.004572868619732,4.003476619927682,0.03769120283995994,2.1319092590754707,3.089159911224826,2.8580428873326014,2.1728874548010424,-49.5288599645005
2026-04-14T12:07:14.536,4.003780842052748,4.005443573322509,4.003925085301702,4.003689050894323,0.030775340125996354,2.363026282967695,3.4022333265681937,2.453178313563953,2.3056568089518947,-49.615308248425045
2026-04-14T12:07:14.643,4.003780842052748,4.005443573322509,4.003925085301702,4.003689050894323,0.030775340125996354,2.363026282967695,3.4022333265681937,2.453178313563953,2.3056568089518947,-49.615308248425045
2026-04-14T12:07:14.753,4.003780842052748,4.005443573322509,4.003925085301702,4.003689050894323,0.030775340125996354,2.363026282967695,3.4022333265681937,2.453178313563953,2.3056568089518947,-49.615308248425045
2026-04-14T12:07:14.862,4.0034215452326265,4.005687475543468,4.004189968358872,4.0036497118264265,0.03192051537740861,2.138465770391562,3.5546722146673204,2.6187302242952626,2.2810698915165517,-49.60099355778239
2026-04-14T12:07:14.972,4.0034215452326265,4.005687475543468,4.004189968358872,4.0036497118264265,0.03192051537740861,2.138465770391562,3.5546722146673204,2.6187302242952626,2.2810698915165517,-49.60099355778239
2026-04-14T12:07:15.080,4.0034215452326265,4.005687475543468,4.004189968358872,4.0036497118264265,0.03192051537740861,2.138465770391562,3.5546722146673204,2.6187302242952626,2.2810698915165517,-49.60099355778239
2026-04-14T12:07:15.189,4.003673315267164,4.005666494707257,4.0043709280711965,4.003429413046206,0.017685489100071033,2.2958220419777575,3.5415591920356926,2.7318300444978405,2.1433831538786308,-49.77893138624911
2026-04-14T12:07:15.297,4.003673315267164,4.005666494707257,4.0043709280711965,4.003429413046206,0.017685489100071033,2.2958220419777575,3.5415591920356926,2.7318300444978405,2.1433831538786308,-49.77893138624911
2026-04-14T12:07:15.408,4.003673315267164,4.005666494707257,4.0043709280711965,4.003429413046206,0.017685489100071033,2.2958220419777575,3.5415591920356926,2.7318300444978405,2.1433831538786308,-49.77893138624911
2026-04-14T12:07:15.517,4.003736257775799,4.005252123192079,4.004397154116461,4.004071951155183,0.0256768207457957,2.3351611098743064,3.2825769950495243,2.748221322788069,2.5449694719892335,-49.67903974067755
2026-04-14T12:07:15.625,4.003736257775799,4.005252123192079,4.004397154116461,4.004071951155183,0.0256768207457957,2.3351611098743064,3.2825769950495243,2.748221322788069,2.5449694719892335,-49.67903974067755
2026-04-14T12:07:15.734,4.003736257775799,4.005252123192079,4.004397154116461,4.004071951155183,0.0256768207457957,2.3351611098743064,3.2825769950495243,2.748221322788069,2.5449694719892335,-49.67903974067755
2026-04-14T12:07:15.844,4.003484487741261,4.005425215090824,4.004620075501208,4.003515958995578,0.030974501039285444,2.177804838288111,3.3907594317650336,2.887547188255013,2.1974743722363854,-49.612818737008936
2026-04-14T12:07:15.956,4.003484487741261,4.005425215090824,4.004620075501208,4.003515958995578,0.030974501039285444,2.177804838288111,3.3907594317650336,2.887547188255013,2.1974743722363854,-49.612818737008936
2026-04-14T12:07:16.064,4.003484487741261,4.005425215090824,4.004620075501208,4.003515958995578,0.030974501039285444,2.177804838288111,3.3907594317650336,2.887547188255013,2.1974743722363854,-49.612818737008936
2026-04-14T12:07:16.173,4.003518581600105,4.005076408688808,4.004132271059291,4.00425815607656,0.02237074958519683,2.1991135000654083,3.172755430504992,2.5826694120567595,2.661347547849857,-49.720365630185036
2026-04-14T12:07:16.280,4.003518581600105,4.005076408688808,4.004132271059291,4.00425815607656,0.02237074958519683,2.1991135000654083,3.172755430504992,2.5826694120567595,2.661347547849857,-49.720365630185036
2026-04-14T12:07:16.389,4.003518581600105,4.005076408688808,4.004132271059291,4.00425815607656,0.02237074958519683,2.1991135000654083,3.172755430504992,2.5826694120567595,2.661347547849857,-49.720365630185036
2026-04-14T12:07:16.497,4.00330877323799,4.005569458339778,4.004488945274886,4.004009008646548,0.00999289882428,2.067983273743579,3.4809114623612913,2.8055907968038696,2.5056304040926847,-49.8750887646965
2026-04-14T12:07:16.621,4.00330877323799,4.005569458339778,4.004488945274886,4.004009008646548,0.00999289882428,2.067983273743579,3.4809114623612913,2.8055907968038696,2.5056304040926847,-49.8750887646965
2026-04-14T12:07:16.716,4.00330877323799,4.005569458339778,4.004488945274886,4.004009008646548,0.00999289882428,2.067983273743579,3.4809114623612913,2.8055907968038696,2.5056304040926847,-49.8750887646965
2026-04-14T12:07:16.840,4.003783464657275,4.005349159559557,4.004239797844875,4.003828048934224,0.01615195006774505,2.364665410796718,3.3432247247233704,2.649873653046697,2.3925305838901068,-49.798100624153186
2026-04-14T12:07:16.935,4.003783464657275,4.005349159559557,4.004239797844875,4.003828048934224,0.01615195006774505,2.364665410796718,3.3432247247233704,2.649873653046697,2.3925305838901068,-49.798100624153186
2026-04-14T12:07:17.058,4.003783464657275,4.005349159559557,4.004239797844875,4.003828048934224,0.01615195006774505,2.364665410796718,3.3432247247233704,2.649873653046697,2.3925305838901068,-49.798100624153186
2026-04-14T12:07:17.165,4.00281572358702,4.0051813128698655,4.004745960518477,4.0037519934029575,0.02616974400618619,1.7598272418872796,3.238320543665907,2.9662253240481107,2.3449958768484436,-49.67287819992267
2026-04-14T12:07:17.275,4.00281572358702,4.0051813128698655,4.004745960518477,4.0037519934029575,0.02616974400618619,1.7598272418872796,3.238320543665907,2.9662253240481107,2.3449958768484436,-49.67287819992267
2026-04-14T12:07:17.385,4.00281572358702,4.0051813128698655,4.004745960518477,4.0037519934029575,0.02616974400618619,1.7598272418872796,3.238320543665907,2.9662253240481107,2.3449958768484436,-49.67287819992267
2026-04-14T12:07:17.495,4.003342867096833,4.005299330073555,4.005010843575648,4.003453016486944,0.01995592351156664,2.089291935520876,3.312081295971936,3.1317772347799755,2.1581353043398366,-49.750550956105414
2026-04-14T12:07:17.603,4.003342867096833,4.005299330073555,4.005010843575648,4.003453016486944,0.01995592351156664,2.089291935520876,3.312081295971936,3.1317772347799755,2.1581353043398366,-49.750550956105414
2026-04-14T12:07:17.710,4.003342867096833,4.005299330073555,4.005010843575648,4.003453016486944,0.01995592351156664,2.089291935520876,3.312081295971936,3.1317772347799755,2.1581353043398366,-49.750550956105414
2026-04-14T12:07:17.818,4.002918005163551,4.00505280524807,4.004252910867507,4.003578901504213,0.0186315034381942,1.8237532272191714,3.1580032800437863,2.6580692921918114,2.2368134401329343,-49.76710620702257
2026-04-14T12:07:17.927,4.002918005163551,4.00505280524807,4.004252910867507,4.003578901504213,0.0186315034381942,1.8237532272191714,3.1580032800437863,2.6580692921918114,2.2368134401329343,-49.76710620702257
2026-04-14T12:07:18.035,4.002918005163551,4.00505280524807,4.004252910867507,4.003578901504213,0.0186315034381942,1.8237532272191714,3.1580032800437863,2.6580692921918114,2.2368134401329343,-49.76710620702257
2026-04-14T12:07:18.144,4.003670692662638,4.005498648017564,4.004444360997937,4.003846407165909,0.01177538899821734,2.2941829141487347,3.436655010977674,2.777725623710481,2.404004478693267,-49.85280763752228
2026-04-14T12:07:18.254,4.003670692662638,4.005498648017564,4.004444360997937,4.003846407165909,0.01177538899821734,2.2941829141487347,3.436655010977674,2.777725623710481,2.404004478693267,-49.85280763752228
2026-04-14T12:07:18.364,4.003670692662638,4.005498648017564,4.004444360997937,4.003846407165909,0.01177538899821734,2.2941829141487347,3.436655010977674,2.777725623710481,2.404004478693267,-49.85280763752228
2026-04-14T12:07:18.472,4.003033399762714,4.00528097184187,4.004281759517299,4.003497600763893,0.02136996599591916,1.8958748516961776,3.300607401168776,2.676099698311618,2.1860004774332253,-49.73287542505101
2026-04-14T12:07:18.582,4.003033399762714,4.00528097184187,4.004281759517299,4.003497600763893,0.02136996599591916,1.8958748516961776,3.300607401168776,2.676099698311618,2.1860004774332253,-49.73287542505101
2026-04-14T12:07:18.690,4.003033399762714,4.00528097184187,4.004281759517299,4.003497600763893,0.02136996599591916,1.8958748516961776,3.300607401168776,2.676099698311618,2.1860004774332253,-49.73287542505101
2026-04-14T12:07:18.799,4.003245830729355,4.005676985125362,4.0044968130884655,4.003841161956856,0.025905855796078146,2.02864420584703,3.548115703351229,2.810508180290938,2.400726223035221,-49.67617680254902
2026-04-14T12:07:18.907,4.003245830729355,4.005676985125362,4.0044968130884655,4.003841161956856,0.025905855796078146,2.02864420584703,3.548115703351229,2.810508180290938,2.400726223035221,-49.67617680254902
2026-04-14T12:07:19.015,4.003245830729355,4.005676985125362,4.0044968130884655,4.003841161956856,0.025905855796078146,2.02864420584703,3.548115703351229,2.810508180290938,2.400726223035221,-49.67617680254902
2026-04-14T12:07:19.125,4.003403187000941,4.005312443096187,4.004672527591737,4.003390073978309,0.014478998396116712,2.126991875588402,3.3202769351170502,2.9203297448354704,2.1187962364432877,-49.81901252004854
2026-04-14T12:07:19.233,4.003403187000941,4.005312443096187,4.004672527591737,4.003390073978309,0.014478998396116712,2.126991875588402,3.3202769351170502,2.9203297448354704,2.1187962364432877,-49.81901252004854
2026-04-14T12:07:19.342,4.003403187000941,4.005312443096187,4.004672527591737,4.003390073978309,0.014478998396116712,2.126991875588402,3.3202769351170502,2.9203297448354704,2.1187962364432877,-49.81901252004854
2026-04-14T12:07:19.451,4.003164529989037,4.00535440476861,4.004255533472033,4.003544807645369,0.01574864921833465,1.9778312431478762,3.346502980381416,2.6597084200208343,2.215504778355637,-49.80314188477082
2026-04-14T12:07:19.562,4.003164529989037,4.00535440476861,4.004255533472033,4.003544807645369,0.01574864921833465,1.9778312431478762,3.346502980381416,2.6597084200208343,2.215504778355637,-49.80314188477082
2026-04-14T12:07:19.671,4.003164529989037,4.00535440476861,4.004255533472033,4.003544807645369,0.01574864921833465,1.9778312431478762,3.346502980381416,2.6597084200208343,2.215504778355637,-49.80314188477082
2026-04-14T12:07:19.779,4.003589391922318,4.005273104028291,4.004032612087286,4.003555298063475,0.010286661171381405,2.2433699514490257,3.295690017681707,2.5203825545538905,2.2220612896717284,-49.871416735357734
2026-04-14T12:07:19.902,4.003589391922318,4.005273104028291,4.004032612087286,4.003555298063475,0.010286661171381405,2.2433699514490257,3.295690017681707,2.5203825545538905,2.2220612896717284,-49.871416735357734
2026-04-14T12:07:20.012,4.003589391922318,4.005273104028291,4.004032612087286,4.003555298063475,0.010286661171381405,2.2433699514490257,3.295690017681707,2.5203825545538905,2.2220612896717284,-49.871416735357734
2026-04-14T12:07:20.107,4.004048347714445,4.00494265585796,4.004095554595921,4.004009008646548,0.005501820229611061,2.5302173215280277,3.089159911224826,2.5597216224504393,2.5056304040926847,-49.93122724712986
2026-04-14T12:07:20.231,4.004048347714445,4.00494265585796,4.004095554595921,4.004009008646548,0.005501820229611061,2.5302173215280277,3.089159911224826,2.5597216224504393,2.5056304040926847,-49.93122724712986
2026-04-14T12:07:20.338,4.004048347714445,4.00494265585796,4.004095554595921,4.004009008646548,0.005501820229611061,2.5302173215280277,3.089159911224826,2.5597216224504393,2.5056304040926847,-49.93122724712986
2026-04-14T12:07:20.449,4.003413677419047,4.005228519751341,4.004155874500029,4.003712654335061,0.013542942103657996,2.1335483869044936,3.2678248445883185,2.5974215625179653,2.3204089594131005,-49.83071322370428
2026-04-14T12:07:20.545,4.003413677419047,4.005228519751341,4.004155874500029,4.003712654335061,0.013542942103657996,2.1335483869044936,3.2678248445883185,2.5974215625179653,2.3204089594131005,-49.83071322370428
2026-04-14T12:07:20.667,4.003413677419047,4.005228519751341,4.004155874500029,4.003712654335061,0.013542942103657996,2.1335483869044936,3.2678248445883185,2.5974215625179653,2.3204089594131005,-49.83071322370428
2026-04-14T12:07:20.763,4.003814935911592,4.004782676981847,4.004321098585194,4.003898859256438,0.014663222240909119,2.3843349447449924,2.989173113654431,2.700686615746406,2.436787035273724,-49.81670972198863
2026-04-14T12:07:20.885,4.003814935911592,4.004782676981847,4.004321098585194,4.003898859256438,0.014663222240909119,2.3843349447449924,2.989173113654431,2.700686615746406,2.436787035273724,-49.81670972198863
2026-04-14T12:07:20.994,4.003814935911592,4.004782676981847,4.004321098585194,4.003898859256438,0.014663222240909119,2.3843349447449924,2.989173113654431,2.700686615746406,2.436787035273724,-49.81670972198863
2026-04-14T12:07:21.103,4.0039198400926495,4.005257368401132,4.004593849455944,4.003828048934224,0.007807107800932257,2.449900057905907,3.28585525070757,2.8711559099647843,2.3925305838901068,-49.90241115248835
2026-04-14T12:07:21.210,4.0039198400926495,4.005257368401132,4.004593849455944,4.003828048934224,0.007807107800932257,2.449900057905907,3.28585525070757,2.8711559099647843,2.3925305838901068,-49.90241115248835
2026-04-14T12:07:21.320,4.0039198400926495,4.005257368401132,4.004593849455944,4.003828048934224,0.007807107800932257,2.449900057905907,3.28585525070757,2.8711559099647843,2.3925305838901068,-49.90241115248835
2026-04-14T12:07:21.430,4.003843784561383,4.005050182643544,4.004528284342783,4.004111290223079,-0.0018123643109307025,2.402365350864244,3.1563641522147634,2.8301777142392126,2.5695563894245765,-50.02265455388664
2026-04-14T12:07:21.540,4.003843784561383,4.005050182643544,4.004528284342783,4.004111290223079,-0.0018123643109307025,2.402365350864244,3.1563641522147634,2.8301777142392126,2.5695563894245765,-50.02265455388664
2026-04-14T12:07:21.649,4.003843784561383,4.005050182643544,4.004528284342783,4.004111290223079,-0.0018123643109307025,2.402365350864244,3.1563641522147634,2.8301777142392126,2.5695563894245765,-50.02265455388664
2026-04-14T12:07:21.758,4.003578901504213,4.005107879943125,4.004019499064654,4.003796577679907,0.005656169937410104,2.2368134401329343,3.1924249644532665,2.512186915408776,2.3728610499418323,-49.929297875782375
2026-04-14T12:07:21.868,4.003578901504213,4.005107879943125,4.004019499064654,4.003796577679907,0.005656169937410104,2.2368134401329343,3.1924249644532665,2.512186915408776,2.3728610499418323,-49.929297875782375
2026-04-14T12:07:21.978,4.003578901504213,4.005107879943125,4.004019499064654,4.003796577679907,0.005656169937410104,2.2368134401329343,3.1924249644532665,2.512186915408776,2.3728610499418323,-49.929297875782375
2026-04-14T12:07:22.088,4.003786087261801,4.005168199847233,4.004504680902045,4.003466129509576,0.000557650557209447,2.366304538625741,3.2301249045207925,2.815425563778007,2.166330943484951,-49.99302936803488
2026-04-14T12:07:22.198,4.003786087261801,4.005168199847233,4.004504680902045,4.003466129509576,0.000557650557209447,2.366304538625741,3.2301249045207925,2.815425563778007,2.166330943484951,-49.99302936803488
2026-04-14T12:07:22.306,4.003786087261801,4.005168199847233,4.004504680902045,4.003466129509576,0.000557650557209447,2.366304538625741,3.2301249045207925,2.815425563778007,2.166330943484951,-49.99302936803488
2026-04-14T12:07:22.415,4.003686428289797,4.0050134661801735,4.004035234691813,4.003762483821063,0.008434464677792885,2.304017681122872,3.1334163626084433,2.5220216823829134,2.351552388164535,-49.89456919152759
2026-04-14T12:07:22.523,4.003686428289797,4.0050134661801735,4.004035234691813,4.003762483821063,0.008434464677792885,2.304017681122872,3.1334163626084433,2.5220216823829134,2.351552388164535,-49.89456919152759
2026-04-14T12:07:22.633,4.003686428289797,4.0050134661801735,4.004035234691813,4.003762483821063,0.008434464677792885,2.304017681122872,3.1334163626084433,2.5220216823829134,2.351552388164535,-49.89456919152759
2026-04-14T12:07:22.740,4.003479242532208,4.00536227258219,4.004087686782342,4.003917217488123,-0.00026388821010804185,2.1745265826300653,3.3514203638684847,2.554804238963926,2.4482609300768843,-50.00329860262636
2026-04-14T12:07:22.849,4.003479242532208,4.00536227258219,4.004087686782342,4.003917217488123,-0.00026388821010804185,2.1745265826300653,3.3514203638684847,2.554804238963926,2.4482609300768843,-50.00329860262636
2026-04-14T12:07:22.958,4.003479242532208,4.00536227258219,4.004087686782342,4.003917217488123,-0.00026388821010804185,2.1745265826300653,3.3514203638684847,2.554804238963926,2.4482609300768843,-50.00329860262636
2026-04-14T12:07:23.065,4.00368380568527,4.005081653897861,4.004502058297518,4.003445148673364,0.009768842796829776,2.302378553293849,3.176033686163038,2.813786435948984,2.153217920852768,-49.87788946503963
2026-04-14T12:07:23.175,4.00368380568527,4.005081653897861,4.004502058297518,4.003445148673364,0.009768842796829776,2.302378553293849,3.176033686163038,2.813786435948984,2.153217920852768,-49.87788946503963
2026-04-14T12:07:23.284,4.00368380568527,4.005081653897861,4.004502058297518,4.003445148673364,0.009768842796829776,2.302378553293849,3.176033686163038,2.813786435948984,2.153217920852768,-49.87788946503963
2026-04-14T12:07:23.393,4.003188133429774,4.00513410598839,4.004024744273707,4.003636598803794,0.02493494634379384,1.9925833936085269,3.208816242743495,2.515465171066822,2.2728742523714374,-49.68831317070258
2026-04-14T12:07:23.503,4.003188133429774,4.00513410598839,4.004024744273707,4.003636598803794,0.02493494634379384,1.9925833936085269,3.208816242743495,2.515465171066822,2.2728742523714374,-49.68831317070258
2026-04-14T12:07:23.610,4.003188133429774,4.00513410598839,4.004024744273707,4.003636598803794,0.02493494634379384,1.9925833936085269,3.208816242743495,2.515465171066822,2.2728742523714374,-49.68831317070258
2026-04-14T12:07:23.721,4.003652334430953,4.004913807208169,4.004627943314787,4.003930330510755,0.01601751645127492,2.2827090193455746,3.0711295051055743,2.8924645717420816,2.4564565692219986,-49.799781044359065
2026-04-14T12:07:23.830,4.003652334430953,4.004913807208169,4.004627943314787,4.003930330510755,0.01601751645127492,2.2827090193455746,3.0711295051055743,2.8924645717420816,2.4564565692219986,-49.799781044359065
2026-04-14T12:07:23.938,4.003652334430953,4.004913807208169,4.004627943314787,4.003930330510755,0.01601751645127492,2.2827090193455746,3.0711295051055743,2.8924645717420816,2.4564565692219986,-49.799781044359065
2026-04-14T12:07:24.047,4.003266811565567,4.005333423932399,4.003951311346967,4.003135681339245,0.013279053893549955,2.041757228479213,3.333389957749233,2.4695695918541816,1.9598008370280695,-49.834011826330624
2026-04-14T12:07:24.156,4.003266811565567,4.005333423932399,4.003951311346967,4.003135681339245,0.013279053893549955,2.041757228479213,3.333389957749233,2.4695695918541816,1.9598008370280695,-49.834011826330624
2026-04-14T12:07:24.266,4.003266811565567,4.005333423932399,4.003951311346967,4.003135681339245,0.013279053893549955,2.041757228479213,3.333389957749233,2.4695695918541816,1.9598008370280695,-49.834011826330624
2026-04-14T12:07:24.375,4.0035054685774725,4.00532555611882,4.004231930031295,4.003550052854422,0.0068262403029834984,2.190917860920294,3.3284725742627197,2.6449562695596285,2.2187830340136827,-49.914671996212704
2026-04-14T12:07:24.483,4.0035054685774725,4.00532555611882,4.004231930031295,4.003550052854422,0.0068262403029834984,2.190917860920294,3.3284725742627197,2.6449562695596285,2.2187830340136827,-49.914671996212704
2026-04-14T12:07:24.592,4.0035054685774725,4.00532555611882,4.004231930031295,4.003550052854422,0.0068262403029834984,2.190917860920294,3.3284725742627197,2.6449562695596285,2.2187830340136827,-49.914671996212704
2026-04-14T12:07:24.701,4.003662824849059,4.005128860779337,4.004231930031295,4.003552675458948,0.015405096642910971,2.289265530661666,3.2055379870854495,2.6449562695596285,2.2204221618427056,-49.80743629196361
2026-04-14T12:07:24.811,4.003662824849059,4.005128860779337,4.004231930031295,4.003552675458948,0.015405096642910971,2.289265530661666,3.2055379870854495,2.6449562695596285,2.2204221618427056,-49.80743629196361
2026-04-14T12:07:24.934,4.003662824849059,4.005128860779337,4.004231930031295,4.003552675458948,0.015405096642910971,2.289265530661666,3.2055379870854495,2.6449562695596285,2.2204221618427056,-49.80743629196361
2026-04-14T12:07:25.041,4.003552675458948,4.005168199847233,4.00470662145058,4.003725767357693,0.004720113644951391,2.2204221618427056,3.2301249045207925,2.9416384066127677,2.328604598558215,-49.94099857943811
2026-04-14T12:07:25.151,4.003552675458948,4.005168199847233,4.00470662145058,4.003725767357693,0.004720113644951391,2.2204221618427056,3.2301249045207925,2.9416384066127677,2.328604598558215,-49.94099857943811
2026-04-14T12:07:25.261,4.003552675458948,4.005168199847233,4.00470662145058,4.003725767357693,0.004720113644951391,2.2204221618427056,3.2301249045207925,2.9416384066127677,2.328604598558215,-49.94099857943811
2026-04-14T12:07:25.369,4.003626108385689,4.00489807158101,4.004601717269523,4.003605127549477,0.0021310217721932437,2.266317741055901,3.061294738131437,2.876073293451853,2.253204718423163,-49.97336222784759
2026-04-14T12:07:25.477,4.003626108385689,4.00489807158101,4.004601717269523,4.003605127549477,0.0021310217721932437,2.266317741055901,3.061294738131437,2.876073293451853,2.253204718423163,-49.97336222784759
2026-04-14T12:07:25.586,4.003626108385689,4.00489807158101,4.004601717269523,4.003605127549477,0.0021310217721932437,2.266317741055901,3.061294738131437,2.876073293451853,2.253204718423163,-49.97336222784759
2026-04-14T12:07:25.710,4.00375723861201,4.005524874062829,4.00402998948276,4.003995895623916,0.0018422384479240658,2.3482741325064893,3.4530462892679026,2.5187434267248676,2.4974347649475703,-49.976972019400954
2026-04-14T12:07:25.804,4.00375723861201,4.005524874062829,4.00402998948276,4.003995895623916,0.0018422384479240658,2.3482741325064893,3.4530462892679026,2.5187434267248676,2.4974347649475703,-49.976972019400954
2026-04-14T12:07:25.913,4.00375723861201,4.005524874062829,4.00402998948276,4.003995895623916,0.0018422384479240658,2.3482741325064893,3.4530462892679026,2.5187434267248676,2.4974347649475703,-49.976972019400954
2026-04-14T12:07:26.021,4.003602504944951,4.005058050457123,4.004433870579831,4.003665447453585,0.01891530773963115,2.25156559059414,3.161281535701832,2.7711691123943893,2.290904658490689,-49.763558653254606
2026-04-14T12:07:26.130,4.003602504944951,4.005058050457123,4.004433870579831,4.003665447453585,0.01891530773963115,2.25156559059414,3.161281535701832,2.7711691123943893,2.290904658490689,-49.763558653254606
2026-04-14T12:07:26.239,4.003602504944951,4.005058050457123,4.004433870579831,4.003665447453585,0.01891530773963115,2.25156559059414,3.161281535701832,2.7711691123943893,2.290904658490689,-49.763558653254606
2026-04-14T12:07:26.348,4.003502845972946,4.005514383644723,4.004048347714445,4.004024744273707,0.01661997821397441,2.189278733091271,3.446489777951811,2.5302173215280277,2.515465171066822,-49.79225027232532
2026-04-14T12:07:26.458,4.003502845972946,4.005514383644723,4.004048347714445,4.004024744273707,0.01661997821397441,2.189278733091271,3.446489777951811,2.5302173215280277,2.515465171066822,-49.79225027232532
2026-04-14T12:07:26.566,4.003502845972946,4.005514383644723,4.004048347714445,4.004024744273707,0.01661997821397441,2.189278733091271,3.446489777951811,2.5302173215280277,2.515465171066822,-49.79225027232532
2026-04-14T12:07:26.676,4.003849029770436,4.005186558078918,4.004344702025932,4.004058838132551,0.013189431482569866,2.4056436065222897,3.2415987993239526,2.715438766207612,2.536773832844119,-49.835132106467874
2026-04-14T12:07:26.784,4.003849029770436,4.005186558078918,4.004344702025932,4.004058838132551,0.013189431482569866,2.4056436065222897,3.2415987993239526,2.715438766207612,2.536773832844119,-49.835132106467874
2026-04-14T12:07:26.894,4.003849029770436,4.005186558078918,4.004344702025932,4.004058838132551,0.013189431482569866,2.4056436065222897,3.2415987993239526,2.715438766207612,2.536773832844119,-49.835132106467874
2026-04-14T12:07:27.004,4.003487110345787,4.005480289785879,4.00459647206047,4.003366470537571,0.0059598903301759645,2.179443966117134,3.425181116174514,2.872795037793807,2.104044085982082,-49.9255013708728
2026-04-14T12:07:27.113,4.003487110345787,4.005480289785879,4.00459647206047,4.003366470537571,0.0059598903301759645,2.179443966117134,3.425181116174514,2.872795037793807,2.104044085982082,-49.9255013708728
2026-04-14T12:07:27.221,4.003487110345787,4.005480289785879,4.00459647206047,4.003366470537571,0.0059598903301759645,2.179443966117134,3.425181116174514,2.872795037793807,2.104044085982082,-49.9255013708728
2026-04-14T12:07:27.331,4.003746748193905,4.005197048497024,4.004281759517299,4.004043102505392,0.01104347264187994,2.341717621190398,3.248155310640044,2.676099698311618,2.526939065869982,-49.8619565919765
2026-04-14T12:07:27.442,4.003746748193905,4.005197048497024,4.004281759517299,4.004043102505392,0.01104347264187994,2.341717621190398,3.248155310640044,2.676099698311618,2.526939065869982,-49.8619565919765
2026-04-14T12:07:27.551,4.003746748193905,4.005197048497024,4.004281759517299,4.004043102505392,0.01104347264187994,2.341717621190398,3.248155310640044,2.676099698311618,2.526939065869982,-49.8619565919765
2026-04-14T12:07:27.659,4.00299930590387,4.005034447016385,4.004753828332056,4.003723144753167,0.012646717993857099,1.8745661899188804,3.146529385240626,2.9711427075351793,2.326965470729192,-49.841916025076785
2026-04-14T12:07:27.768,4.00299930590387,4.005034447016385,4.004753828332056,4.003723144753167,0.012646717993857099,1.8745661899188804,3.146529385240626,2.9711427075351793,2.326965470729192,-49.841916025076785
2026-04-14T12:07:27.874,4.00299930590387,4.005034447016385,4.004753828332056,4.003723144753167,0.012646717993857099,1.8745661899188804,3.146529385240626,2.9711427075351793,2.326965470729192,-49.841916025076785
2026-04-14T12:07:27.986,4.004155874500029,4.005183935474392,4.0047249796822655,4.003597259735898,0.014230047254505352,2.5974215625179653,3.2399596714949297,2.9531123014159277,2.2482873349360943,-49.82212440931868
2026-04-14T12:07:28.091,4.004155874500029,4.005183935474392,4.0047249796822655,4.003597259735898,0.014230047254505352,2.5974215625179653,3.2399596714949297,2.9531123014159277,2.2482873349360943,-49.82212440931868
2026-04-14T12:07:28.205,4.004155874500029,4.005183935474392,4.0047249796822655,4.003597259735898,0.014230047254505352,2.5974215625179653,3.2399596714949297,2.9531123014159277,2.2482873349360943,-49.82212440931868
2026-04-14T12:07:28.313,4.003041267576293,4.0053858760229275,4.004381418489302,4.003681183080744,0.021081182671649986,1.9007922351832462,3.3661725143296906,2.738386555813932,2.300739425464826,-49.73648521660438
2026-04-14T12:07:28.422,4.003041267576293,4.0053858760229275,4.004381418489302,4.003681183080744,0.021081182671649986,1.9007922351832462,3.3661725143296906,2.738386555813932,2.300739425464826,-49.73648521660438
2026-04-14T12:07:28.530,4.003041267576293,4.0053858760229275,4.004381418489302,4.003681183080744,0.021081182671649986,1.9007922351832462,3.3661725143296906,2.738386555813932,2.300739425464826,-49.73648521660438
2026-04-14T12:07:28.641,4.003127813525666,4.005123615570284,4.0042214396131905,4.003324508865148,0.025975562115729326,1.954883453541001,3.2022597314274037,2.638399758244092,2.077818040717716,-49.67530547355338
2026-04-14T12:07:28.749,4.003127813525666,4.005123615570284,4.0042214396131905,4.003324508865148,0.025975562115729326,1.954883453541001,3.2022597314274037,2.638399758244092,2.077818040717716,-49.67530547355338
2026-04-14T12:07:28.871,4.003127813525666,4.005123615570284,4.0042214396131905,4.003324508865148,0.025975562115729326,1.954883453541001,3.2022597314274037,2.638399758244092,2.077818040717716,-49.67530547355338
2026-04-14T12:07:28.980,4.003799200284433,4.005535364480934,4.004764318750162,4.0032169820795644,0.024043701256825173,2.374500177770855,3.459602800583994,2.9776992188512708,2.0106137997277784,-49.69945373428968
2026-04-14T12:07:29.090,4.003799200284433,4.005535364480934,4.004764318750162,4.0032169820795644,0.024043701256825173,2.374500177770855,3.459602800583994,2.9776992188512708,2.0106137997277784,-49.69945373428968
2026-04-14T12:07:29.199,4.003799200284433,4.005535364480934,4.004764318750162,4.0032169820795644,0.024043701256825173,2.374500177770855,3.459602800583994,2.9776992188512708,2.0106137997277784,-49.69945373428968
2026-04-14T12:07:29.307,4.003327131469675,4.005210161519656,4.004397154116461,4.003807068098013,0.01889041262547002,2.079457168546739,3.2563509497851584,2.748221322788069,2.379417561257924,-49.76386984218163
2026-04-14T12:07:29.415,4.003327131469675,4.005210161519656,4.004397154116461,4.003807068098013,0.01889041262547002,2.079457168546739,3.2563509497851584,2.748221322788069,2.379417561257924,-49.76386984218163
2026-04-14T12:07:29.524,4.003327131469675,4.005210161519656,4.004397154116461,4.003807068098013,0.01889041262547002,2.079457168546739,3.2563509497851584,2.748221322788069,2.379417561257924,-49.76386984218163
2026-04-14T12:07:29.633,4.003442526068838,4.005050182643544,4.0048692229312195,4.00376510642559,0.014543725692935666,2.151578793023745,3.1563641522147634,3.0432643320121855,2.353191515993558,-49.8182034288383
2026-04-14T12:07:29.743,4.003442526068838,4.005050182643544,4.0048692229312195,4.00376510642559,0.014543725692935666,2.151578793023745,3.1563641522147634,3.0432643320121855,2.353191515993558,-49.8182034288383
2026-04-14T12:07:29.853,4.003442526068838,4.005050182643544,4.0048692229312195,4.00376510642559,0.014543725692935666,2.151578793023745,3.1563641522147634,3.0432643320121855,2.353191515993558,-49.8182034288383
2026-04-14T12:07:29.962,4.002695083778804,4.005265236214712,4.004399776720987,4.003715276939587,0.018531922981549657,1.6844273617522276,3.2907726341951937,2.749860450617092,2.3220480872421234,-49.76835096273063
2026-04-14T12:07:30.072,4.002695083778804,4.005265236214712,4.004399776720987,4.003715276939587,0.018531922981549657,1.6844273617522276,3.2907726341951937,2.749860450617092,2.3220480872421234,-49.76835096273063
2026-04-14T12:07:30.181,4.002695083778804,4.005265236214712,4.004399776720987,4.003715276939587,0.018531922981549657,1.6844273617522276,3.2907726341951937,2.749860450617092,2.3220480872421234,-49.76835096273063
2026-04-14T12:07:30.290,4.0033612253285185,4.005168199847233,4.004703998846054,4.0037939550753805,0.022400623722190195,2.100765830324036,3.2301249045207925,2.939999278783745,2.3712219221128095,-49.71999220347262
2026-04-14T12:07:30.399,4.0033612253285185,4.005168199847233,4.004703998846054,4.0037939550753805,0.022400623722190195,2.100765830324036,3.2301249045207925,2.939999278783745,2.3712219221128095,-49.71999220347262
2026-04-14T12:07:30.508,4.0033612253285185,4.005168199847233,4.004703998846054,4.0037939550753805,0.022400623722190195,2.100765830324036,3.2301249045207925,2.939999278783745,2.3712219221128095,-49.71999220347262
2026-04-14T12:07:30.617,4.00350022336842,4.0052416327739735,4.004696131032475,4.003494978159367,0.020080399082372316,2.187639605262248,3.276020483733433,2.935081895296676,2.1843613496042025,-49.74899501147035
2026-04-14T12:07:30.725,4.00350022336842,4.0052416327739735,4.004696131032475,4.003494978159367,0.020080399082372316,2.187639605262248,3.276020483733433,2.935081895296676,2.1843613496042025,-49.74899501147035
2026-04-14T12:07:30.833,4.00350022336842,4.0052416327739735,4.004696131032475,4.003494978159367,0.020080399082372316,2.187639605262248,3.276020483733433,2.935081895296676,2.1843613496042025,-49.74899501147035
2026-04-14T12:07:30.942,4.003059625807978,4.005086899106914,4.0045597555971,4.003626108385689,0.023401407311467864,1.9122661299864063,3.1793119418210836,2.849847248187487,2.266317741055901,-49.70748240860665
2026-04-14T12:07:31.052,4.003059625807978,4.005086899106914,4.0045597555971,4.003626108385689,0.023401407311467864,1.9122661299864063,3.1793119418210836,2.849847248187487,2.266317741055901,-49.70748240860665
2026-04-14T12:07:31.161,4.003059625807978,4.005086899106914,4.0045597555971,4.003626108385689,0.023401407311467864,1.9122661299864063,3.1793119418210836,2.849847248187487,2.266317741055901,-49.70748240860665
2026-04-14T12:07:31.271,4.002933740790709,4.00532555611882,4.004281759517299,4.003796577679907,0.018965097967953422,1.8335879941933086,3.3284725742627197,2.676099698311618,2.3728610499418323,-49.762936275400584
2026-04-14T12:07:31.380,4.002933740790709,4.00532555611882,4.004281759517299,4.003796577679907,0.018965097967953422,1.8335879941933086,3.3284725742627197,2.676099698311618,2.3728610499418323,-49.762936275400584
2026-04-14T12:07:31.489,4.002933740790709,4.00532555611882,4.004281759517299,4.003796577679907,0.018965097967953422,1.8335879941933086,3.3284725742627197,2.676099698311618,2.3728610499418323,-49.762936275400584
2026-04-14T12:07:31.597,4.003015041531029,4.005543232294514,4.0043709280711965,4.003657579640006,0.020971644169340987,1.8844009568930176,3.4645201840710627,2.7318300444978405,2.2859872750036203,-49.73785444788324
2026-04-14T12:07:31.707,4.003015041531029,4.005543232294514,4.0043709280711965,4.003657579640006,0.020971644169340987,1.8844009568930176,3.4645201840710627,2.7318300444978405,2.2859872750036203,-49.73785444788324
2026-04-14T12:07:31.818,4.003015041531029,4.005543232294514,4.0043709280711965,4.003657579640006,0.020971644169340987,1.8844009568930176,3.4645201840710627,2.7318300444978405,2.2859872750036203,-49.73785444788324
2026-04-14T12:07:31.928,4.003222227288617,4.005430460299877,4.0038962366519115,4.003550052854422,0.03753187410932867,2.013892055385824,3.3940376874230793,2.4351479074447013,2.2187830340136827,-49.53085157363339
2026-04-14T12:07:32.038,4.003222227288617,4.005430460299877,4.0038962366519115,4.003550052854422,0.03753187410932867,2.013892055385824,3.3940376874230793,2.4351479074447013,2.2187830340136827,-49.53085157363339
2026-04-14T12:07:32.149,4.003222227288617,4.005430460299877,4.0038962366519115,4.003550052854422,0.03753187410932867,2.013892055385824,3.3940376874230793,2.4351479074447013,2.2187830340136827,-49.53085157363339
2026-04-14T12:07:32.259,4.003888368838332,4.005729437215891,4.004153251895502,4.003592014526845,0.027822779586485623,2.4302305239576327,3.5808982599316863,2.5957824346889424,2.2450090792780486,-49.65221525516893
2026-04-14T12:07:32.368,4.003888368838332,4.005729437215891,4.004153251895502,4.003592014526845,0.027822779586485623,2.4302305239576327,3.5808982599316863,2.5957824346889424,2.2450090792780486,-49.65221525516893
2026-04-14T12:07:32.477,4.003888368838332,4.005729437215891,4.004153251895502,4.003592014526845,0.027822779586485623,2.4302305239576327,3.5808982599316863,2.5957824346889424,2.2450090792780486,-49.65221525516893
2026-04-14T12:07:32.586,4.0036680700581115,4.005375385604822,4.004129648454764,4.003694296103376,0.01223843812161447,2.292543786319712,3.359616003013599,2.5810302842277366,2.3089350646099405,-49.847019523479815
2026-04-14T12:07:32.695,4.0036680700581115,4.005375385604822,4.004129648454764,4.003694296103376,0.01223843812161447,2.292543786319712,3.359616003013599,2.5810302842277366,2.3089350646099405,-49.847019523479815
2026-04-14T12:07:32.803,4.0036680700581115,4.005375385604822,4.004129648454764,4.003694296103376,0.01223843812161447,2.292543786319712,3.359616003013599,2.5810302842277366,2.3089350646099405,-49.847019523479815
2026-04-14T12:07:32.913,4.002894401722813,4.005270481423764,4.00394868874244,4.003741502984852,0.019049741356101286,1.8090010767579656,3.2940508898526843,2.4679304640251587,2.338439365532352,-49.76187823304873
2026-04-14T12:07:33.021,4.002894401722813,4.005270481423764,4.00394868874244,4.003741502984852,0.019049741356101286,1.8090010767579656,3.2940508898526843,2.4679304640251587,2.338439365532352,-49.76187823304873
2026-04-14T12:07:33.131,4.002894401722813,4.005270481423764,4.00394868874244,4.003741502984852,0.019049741356101286,1.8090010767579656,3.2940508898526843,2.4679304640251587,2.338439365532352,-49.76187823304873
2026-04-14T12:07:33.241,4.0030910970622955,4.0050554278525965,4.004347324630459,4.003473997323155,0.014693096377902481,1.9319356639346807,3.159642407872809,2.7170778940366347,2.1712483269720195,-49.81633629527622
2026-04-14T12:07:33.349,4.0030910970622955,4.0050554278525965,4.004347324630459,4.003473997323155,0.014693096377902481,1.9319356639346807,3.159642407872809,2.7170778940366347,2.1712483269720195,-49.81633629527622
2026-04-14T12:07:33.459,4.0030910970622955,4.0050554278525965,4.004347324630459,4.003473997323155,0.014693096377902481,1.9319356639346807,3.159642407872809,2.7170778940366347,2.1712483269720195,-49.81633629527622
2026-04-14T12:07:33.566,4.003397941791889,4.0050973895250195,4.003969669578652,4.0035474302498955,0.01494702654234607,2.1237136199303563,3.185868453137175,2.4810434866573416,2.21714390618466,-49.81316216822068
2026-04-14T12:07:33.675,4.003397941791889,4.0050973895250195,4.003969669578652,4.0035474302498955,0.01494702654234607,2.1237136199303563,3.185868453137175,2.4810434866573416,2.21714390618466,-49.81316216822068
2026-04-14T12:07:33.785,4.003397941791889,4.0050973895250195,4.003969669578652,4.0035474302498955,0.01494702654234607,2.1237136199303563,3.185868453137175,2.4810434866573416,2.21714390618466,-49.81316216822068
2026-04-14T12:07:33.893,4.003749370798431,4.005023956598279,4.003759861216538,4.003972292183178,0.023242078580836593,2.3433567490194207,3.1399728739245347,2.3499132603360673,2.4826826144863645,-49.70947401773954
2026-04-14T12:07:34.002,4.003749370798431,4.005023956598279,4.003759861216538,4.003972292183178,0.023242078580836593,2.3433567490194207,3.1399728739245347,2.3499132603360673,2.4826826144863645,-49.70947401773954
2026-04-14T12:07:34.111,4.003749370798431,4.005023956598279,4.003759861216538,4.003972292183178,0.023242078580836593,2.3433567490194207,3.1399728739245347,2.3499132603360673,2.4826826144863645,-49.70947401773954
2026-04-14T12:07:34.221,4.0032169820795644,4.005417347277245,4.0039801599967575,4.003615617967583,0.01530551618626643,2.0106137997277784,3.385842048277965,2.487599997973433,2.2597612297392544,-49.80868104767167
2026-04-14T12:07:34.329,4.0032169820795644,4.005417347277245,4.0039801599967575,4.003615617967583,0.01530551618626643,2.0106137997277784,3.385842048277965,2.487599997973433,2.2597612297392544,-49.80868104767167
2026-04-14T12:07:34.436,4.0032169820795644,4.005417347277245,4.0039801599967575,4.003615617967583,0.01530551618626643,2.0106137997277784,3.385842048277965,2.487599997973433,2.2597612297392544,-49.80868104767167
2026-04-14T12:07:34.546,4.002823591400599,4.005438328113456,4.004313230771615,4.003901481860964,0.007453597179844126,1.7647446253743482,3.398955070910148,2.6957692322593374,2.438426163102747,-49.90683003525195
2026-04-14T12:07:34.655,4.002823591400599,4.005438328113456,4.004313230771615,4.003901481860964,0.007453597179844126,1.7647446253743482,3.398955070910148,2.6957692322593374,2.438426163102747,-49.90683003525195
2026-04-14T12:07:34.766,4.002823591400599,4.005438328113456,4.004313230771615,4.003901481860964,0.007453597179844126,1.7647446253743482,3.398955070910148,2.6957692322593374,2.438426163102747,-49.90683003525195
2026-04-14T12:07:34.875,4.003555298063475,4.004958391485118,4.0043315890033,4.003416300023574,0.025786359248104695,2.2220612896717284,3.098994678198963,2.7072431270624975,2.1351875147335164,-49.677670509398695
2026-04-14T12:07:34.983,4.003555298063475,4.004958391485118,4.0043315890033,4.003416300023574,0.025786359248104695,2.2220612896717284,3.098994678198963,2.7072431270624975,2.1351875147335164,-49.677670509398695
2026-04-14T12:07:35.093,4.003555298063475,4.004958391485118,4.0043315890033,4.003416300023574,0.025786359248104695,2.2220612896717284,3.098994678198963,2.7072431270624975,2.1351875147335164,-49.677670509398695
