timestamp_iso,Pc_mA,Pu_mA,Pd_mA,P4_mA,DP_mA,Pc_eng,Pu_eng,Pd_eng,P4_eng,DP_eng
2026-03-17T10:11:43.533,1.4556969893669391,-4.4584276949422175e-05,5.060858051497691,5.700134709018671,3.9845177907409752,-1590.189381645663,-2500.0278651730932,663.036282186057,1062.5841931366692,-0.19352761573780963
2026-03-17T10:11:43.624,1.4556969893669391,-4.4584276949422175e-05,5.060858051497691,5.700134709018671,3.9845177907409752,-1590.189381645663,-2500.0278651730932,663.036282186057,1062.5841931366692,-0.19352761573780963
2026-03-17T10:11:43.749,1.4556969893669391,-4.4584276949422175e-05,5.060858051497691,5.700134709018671,3.9845177907409752,-1590.189381645663,-2500.0278651730932,663.036282186057,1062.5841931366692,-0.19352761573780963
2026-03-17T10:11:43.843,1.8701259548073703,-5.245209052873197e-06,0.7116915655928923,1.3840488508111894,0.7488251178756427,-1331.1712782453935,-2500.003278255658,-2055.1927715044426,-1634.9694682430065,-40.639686026554465
2026-03-17T10:11:43.967,1.8701259548073703,-5.245209052873197e-06,0.7116915655928923,1.3840488508111894,0.7488251178756427,-1331.1712782453935,-2500.003278255658,-2055.1927715044426,-1634.9694682430065,-40.639686026554465
2026-03-17T10:11:44.076,1.8701259548073703,-5.245209052873197e-06,0.7116915655928923,1.3840488508111894,0.7488251178756427,-1331.1712782453935,-2500.003278255658,-2055.1927715044426,-1634.9694682430065,-40.639686026554465
2026-03-17T10:11:44.216,0.2907201641509143,-3.671646337011239e-05,0.17391228850686405,0.28284335003033084,0.17825399641656617,-2318.2998974056786,-2500.0229477896064,-2391.3048196832096,-2323.2229062310435,-47.77182504479292
2026-03-17T10:11:44.308,0.2907201641509143,-3.671646337011239e-05,0.17391228850686405,0.28284335003033084,0.17825399641656617,-2318.2998974056786,-2500.0229477896064,-2391.3048196832096,-2323.2229062310435,-47.77182504479292
2026-03-17T10:11:44.434,0.2907201641509143,-3.671646337011239e-05,0.17391228850686405,0.28284335003033084,0.17825399641656617,-2318.2998974056786,-2500.0229477896064,-2391.3048196832096,-2323.2229062310435,-47.77182504479292
2026-03-17T10:11:44.529,0.293891801695043,-1.0490418105746395e-05,0.18514994303920082,0.1941470372970354,0.18013606704714805,-2316.317623940598,-2500.006556511316,-2384.2812856004994,-2378.658101689353,-47.74829916191065
2026-03-17T10:11:44.638,0.293891801695043,-1.0490418105746395e-05,0.18514994303920082,0.1941470372970354,0.18013606704714805,-2316.317623940598,-2500.006556511316,-2384.2812856004994,-2378.658101689353,-47.74829916191065
2026-03-17T10:11:44.763,0.293891801695043,-1.0490418105746395e-05,0.18514994303920082,0.1941470372970354,0.18013606704714805,-2316.317623940598,-2500.006556511316,-2384.2812856004994,-2378.658101689353,-47.74829916191065
2026-03-17T10:11:44.856,0.29613236196954523,-5.245209052873197e-06,0.1805443469193907,0.1885655527021087,0.18564784532242357,-2314.917273769034,-2500.003278255658,-2387.1597831753807,-2382.146529561182,-47.679401933469705
2026-03-17T10:11:44.964,0.29613236196954523,-5.245209052873197e-06,0.1805443469193907,0.1885655527021087,0.18564784532242357,-2314.917273769034,-2500.003278255658,-2387.1597831753807,-2382.146529561182,-47.679401933469705
2026-03-17T10:11:45.088,0.29613236196954523,-5.245209052873197e-06,0.1805443469193907,0.1885655527021087,0.18564784532242357,-2314.917273769034,-2500.003278255658,-2387.1597831753807,-2382.146529561182,-47.679401933469705
2026-03-17T10:11:45.179,0.3051842254785343,-5.245209052873197e-06,0.18527939763283874,0.19009909173443468,0.1875348949758377,-2309.259859075916,-2500.003278255658,-2384.200376479476,-2381.1880676659785,-47.65581381280203
2026-03-17T10:11:45.285,0.3051842254785343,-5.245209052873197e-06,0.18527939763283874,0.19009909173443468,0.1875348949758377,-2309.259859075916,-2500.003278255658,-2384.200376479476,-2381.1880676659785,-47.65581381280203
2026-03-17T10:11:45.412,0.3051842254785343,-5.245209052873197e-06,0.18527939763283874,0.19009909173443468,0.1875348949758377,-2309.259859075916,-2500.003278255658,-2384.200376479476,-2381.1880676659785,-47.65581381280203
2026-03-17T10:11:45.505,0.3004641118335829,-1.573562715861959e-05,0.18762949640965,0.19339022582653687,0.19291223963464305,-2312.2099301040107,-2500.009834766974,-2382.7315647439686,-2379.1311088584143,-47.588597004566964
2026-03-17T10:11:45.614,0.3004641118335829,-1.573562715861959e-05,0.18762949640965,0.19339022582653687,0.19291223963464305,-2312.2099301040107,-2500.009834766974,-2382.7315647439686,-2379.1311088584143,-47.588597004566964
2026-03-17T10:11:45.738,0.3004641118335829,-1.573562715861959e-05,0.18762949640965,0.19339022582653687,0.19291223963464305,-2312.2099301040107,-2500.009834766974,-2382.7315647439686,-2379.1311088584143,-47.588597004566964
2026-03-17T10:11:45.832,0.3093666046576052,-2.622604526436599e-05,0.18932236417260723,0.19248902269390372,0.19255872901355495,-2306.645872088997,-2500.01639127829,-2381.6735223921205,-2379.69436081631,-47.593015887330566
2026-03-17T10:11:45.940,0.3093666046576052,-2.622604526436599e-05,0.18932236417260723,0.19248902269390372,0.19255872901355495,-2306.645872088997,-2500.01639127829,-2381.6735223921205,-2379.69436081631,-47.593015887330566
2026-03-17T10:11:46.051,0.3093666046576052,-2.622604526436599e-05,0.18932236417260723,0.19248902269390372,0.19255872901355495,-2306.645872088997,-2500.01639127829,-2381.6735223921205,-2379.69436081631,-47.593015887330566
2026-03-17T10:11:46.175,0.30312788904882443,-3.409385884367578e-05,0.1785726538778287,0.1794141087364751,0.18436325743170895,-2310.545069344485,-2500.0213086617773,-2388.392091326357,-2387.8661820397033,-47.695459282103634
2026-03-17T10:11:46.268,0.30312788904882443,-3.409385884367578e-05,0.1785726538778287,0.1794141087364751,0.18436325743170895,-2310.545069344485,-2500.0213086617773,-2388.392091326357,-2387.8661820397033,-47.695459282103634
2026-03-17T10:11:46.378,0.30312788904882443,-3.409385884367578e-05,0.1785726538778287,0.1794141087364751,0.18436325743170895,-2310.545069344485,-2500.0213086617773,-2388.392091326357,-2387.8661820397033,-47.695459282103634
2026-03-17T10:11:46.487,0.2862141484877486,-4.982948600229538e-05,0.17650138037962218,0.1760134361420639,0.19447067378113017,-2321.116157195157,-2500.0311434287514,-2389.6866372627364,-2389.99160241121,-47.56911657773587
2026-03-17T10:11:46.611,0.2862141484877486,-4.982948600229538e-05,0.17650138037962218,0.1760134361420639,0.19447067378113017,-2321.116157195157,-2500.0311434287514,-2389.6866372627364,-2389.99160241121,-47.56911657773587
2026-03-17T10:11:46.705,0.2862141484877486,-4.982948600229538e-05,0.17650138037962218,0.1760134361420639,0.19447067378113017,-2321.116157195157,-2500.0311434287514,-2389.6866372627364,-2389.99160241121,-47.56911657773587
2026-03-17T10:11:46.815,0.29261219282716056,3.409385884367578e-05,0.17882160501944006,0.18040991330292055,0.1994397385676929,-2317.1173794830247,-2499.9786913382227,-2388.23649686285,-2387.243804185675,-47.50700326790384
2026-03-17T10:11:46.924,0.29261219282716056,3.409385884367578e-05,0.17882160501944006,0.18040991330292055,0.1994397385676929,-2317.1173794830247,-2499.9786913382227,-2388.23649686285,-2387.243804185675,-47.50700326790384
2026-03-17T10:11:47.048,0.29261219282716056,3.409385884367578e-05,0.17882160501944006,0.18040991330292055,0.1994397385676929,-2317.1173794830247,-2499.9786913382227,-2388.23649686285,-2387.243804185675,-47.50700326790384
2026-03-17T10:11:47.141,0.2838043014369507,-7.343292674022477e-05,0.17754199615155766,0.18151027734884276,0.20601702772906505,-2322.6223116019055,-2500.045895579213,-2389.036252405276,-2386.5560766569733,-47.42478715338669
2026-03-17T10:11:47.264,0.2838043014369507,-7.343292674022477e-05,0.17754199615155766,0.18151027734884276,0.20601702772906505,-2322.6223116019055,-2500.045895579213,-2389.036252405276,-2386.5560766569733,-47.42478715338669
2026-03-17T10:11:47.373,0.2838043014369507,-7.343292674022477e-05,0.17754199615155766,0.18151027734884276,0.20601702772906505,-2322.6223116019055,-2500.045895579213,-2389.036252405276,-2386.5560766569733,-47.42478715338669
2026-03-17T10:11:47.469,0.29801443260012717,-1.0490418105746395e-05,0.17055144809511066,0.17195055351096653,0.1951727160004742,-2313.740979624921,-2500.006556511316,-2393.405344940556,-2392.530904055646,-47.56034104999407
2026-03-17T10:11:47.595,0.29801443260012717,-1.0490418105746395e-05,0.17055144809511066,0.17195055351096653,0.1951727160004742,-2313.740979624921,-2500.006556511316,-2393.405344940556,-2392.530904055646,-47.56034104999407
2026-03-17T10:11:47.688,0.29801443260012717,-1.0490418105746395e-05,0.17055144809511066,0.17195055351096653,0.1951727160004742,-2313.740979624921,-2500.006556511316,-2393.405344940556,-2392.530904055646,-47.56034104999407
2026-03-17T10:11:47.796,0.278441893846642,-7.867813579309795e-06,0.16618982409407965,0.17241858165719587,0.19636768148020875,-2325.9738163458487,-2500.0049173834873,-2396.1313599412,-2392.2383864642525,-47.545403981497394
2026-03-17T10:11:47.906,0.278441893846642,-7.867813579309795e-06,0.16618982409407965,0.17241858165719587,0.19636768148020875,-2325.9738163458487,-2500.0049173834873,-2396.1313599412,-2392.2383864642525,-47.545403981497394
2026-03-17T10:11:48.015,0.278441893846642,-7.867813579309795e-06,0.16618982409407965,0.17241858165719587,0.19636768148020875,-2325.9738163458487,-2500.0049173834873,-2396.1313599412,-2392.2383864642525,-47.545403981497394
2026-03-17T10:11:48.138,0.28366986782048054,-2.098083621149279e-05,0.17006350385755242,0.1750026945071218,0.20320387982885668,-2322.7063326121997,-2500.0131130226323,-2393.71031008903,-2390.623315933049,-47.45995150213929
2026-03-17T10:11:48.233,0.28366986782048054,-2.098083621149279e-05,0.17006350385755242,0.1750026945071218,0.20320387982885668,-2322.7063326121997,-2500.0131130226323,-2393.71031008903,-2390.623315933049,-47.45995150213929
2026-03-17T10:11:48.344,0.28366986782048054,-2.098083621149279e-05,0.17006350385755242,0.1750026945071218,0.20320387982885668,-2322.7063326121997,-2500.0131130226323,-2393.71031008903,-2390.623315933049,-47.45995150213929
2026-03-17T10:11:48.453,0.283898902870763,-2.6226045264365987e-06,0.17568979965796916,0.17770132488218893,0.2126640232100884,-2322.5631857057733,-2500.001639127829,-2390.193875213769,-2388.936671948632,-47.34169970987389
2026-03-17T10:11:48.565,0.283898902870763,-2.6226045264365987e-06,0.17568979965796916,0.17770132488218893,0.2126640232100884,-2322.5631857057733,-2500.001639127829,-2390.193875213769,-2388.936671948632,-47.34169970987389
2026-03-17T10:11:48.676,0.283898902870763,-2.6226045264365987e-06,0.17568979965796916,0.17770132488218893,0.2126640232100884,-2322.5631857057733,-2500.001639127829,-2390.193875213769,-2388.936671948632,-47.34169970987389
2026-03-17T10:11:48.793,0.2938768646265463,-0.00010752678558390054,0.17427575717361662,0.1717065813921874,0.19132393135116257,-2316.3269596084083,-2500.06720424099,-2391.07765176649,-2392.683386629883,-47.608450858110466
2026-03-17T10:11:48.894,0.2938768646265463,-0.00010752678558390054,0.17427575717361662,0.1717065813921874,0.19132393135116257,-2316.3269596084083,-2500.06720424099,-2391.07765176649,-2392.683386629883,-47.608450858110466
2026-03-17T10:11:49.010,0.2938768646265463,-0.00010752678558390054,0.17427575717361662,0.1717065813921874,0.19132393135116257,-2316.3269596084083,-2500.06720424099,-2391.07765176649,-2392.683386629883,-47.608450858110466
2026-03-17T10:11:49.109,0.28681661025044813,5.245209052873197e-06,0.17437035860742894,0.1730459385340565,0.20897456729140804,-2320.73961859347,-2499.996721744342,-2391.018525870357,-2391.846288416215,-47.3878179088574
2026-03-17T10:11:49.221,0.28681661025044813,5.245209052873197e-06,0.17437035860742894,0.1730459385340565,0.20897456729140804,-2320.73961859347,-2499.996721744342,-2391.018525870357,-2391.846288416215,-47.3878179088574
2026-03-17T10:11:49.334,0.28681661025044813,5.245209052873197e-06,0.17437035860742894,0.1730459385340565,0.20897456729140804,-2320.73961859347,-2499.996721744342,-2391.018525870357,-2391.846288416215,-47.3878179088574
2026-03-17T10:11:49.447,0.2978899570293214,-4.982948600229538e-05,0.17899587081856802,0.1905920149948252,0.21622402453513084,-2313.818776856674,-2500.0311434287514,-2388.127580738395,-2380.8799906282343,-47.297199693310866
2026-03-17T10:11:49.556,0.2978899570293214,-4.982948600229538e-05,0.17899587081856802,0.1905920149948252,0.21622402453513084,-2313.818776856674,-2500.0311434287514,-2388.127580738395,-2380.8799906282343,-47.297199693310866
2026-03-17T10:11:49.664,0.2978899570293214,-4.982948600229538e-05,0.17899587081856802,0.1905920149948252,0.21622402453513084,-2313.818776856674,-2500.0311434287514,-2388.127580738395,-2380.8799906282343,-47.297199693310866
2026-03-17T10:11:49.774,0.29121308741130475,-7.605553126666136e-05,0.17065600757458746,0.17340442817797688,0.19765226937092337,-2317.9918203679345,-2500.0475347070415,-2393.339995265883,-2391.6222323887646,-47.52934663286346
2026-03-17T10:11:49.885,0.29121308741130475,-7.605553126666136e-05,0.17065600757458746,0.17340442817797688,0.19765226937092337,-2317.9918203679345,-2500.0475347070415,-2393.339995265883,-2391.6222323887646,-47.52934663286346
2026-03-17T10:11:49.996,0.29121308741130475,-7.605553126666136e-05,0.17065600757458746,0.17340442817797688,0.19765226937092337,-2317.9918203679345,-2500.0475347070415,-2393.339995265883,-2391.6222323887646,-47.52934663286346
2026-03-17T10:11:50.105,0.2877974777483969,-5.245209052873198e-05,0.17549063874468007,0.1806937176043575,0.2133063171554457,-2320.1265764072523,-2500.0327825565805,-2390.3183507845747,-2387.0664264972766,-47.33367103555693
2026-03-17T10:11:50.228,0.2877974777483969,-5.245209052873198e-05,0.17549063874468007,0.1806937176043575,0.2133063171554457,-2320.1265764072523,-2500.0327825565805,-2390.3183507845747,-2387.0664264972766,-47.33367103555693
2026-03-17T10:11:50.321,0.2877974777483969,-5.245209052873198e-05,0.17549063874468007,0.1806937176043575,0.2133063171554457,-2320.1265764072523,-2500.0327825565805,-2390.3183507845747,-2387.0664264972766,-47.33367103555693
2026-03-17T10:11:50.430,0.29574897721146376,-2.622604526436599e-05,0.17865729726597657,0.18361640400687484,0.23150962463006833,-2315.156889242835,-2500.01639127829,-2388.3391892087648,-2385.2397474957033,-47.10612969212414
2026-03-17T10:11:50.539,0.29574897721146376,-2.622604526436599e-05,0.17865729726597657,0.18361640400687484,0.23150962463006833,-2315.156889242835,-2500.01639127829,-2388.3391892087648,-2385.2397474957033,-47.10612969212414
2026-03-17T10:11:50.649,0.29574897721146376,-2.622604526436599e-05,0.17865729726597657,0.18361640400687484,0.23150962463006833,-2315.156889242835,-2500.01639127829,-2388.3391892087648,-2385.2397474957033,-47.10612969212414
2026-03-17T10:11:50.758,0.29484279505599836,-1.0490418105746395e-05,0.18222227761385124,0.1821027810658778,0.23150962463006833,-2315.723253090001,-2500.006556511316,-2386.111076491343,-2386.1857618338263,-47.10612969212414
2026-03-17T10:11:50.866,0.29484279505599836,-1.0490418105746395e-05,0.18222227761385124,0.1821027810658778,0.23150962463006833,-2315.723253090001,-2500.006556511316,-2386.111076491343,-2386.1857618338263,-47.10612969212414
2026-03-17T10:11:50.989,0.29484279505599836,-1.0490418105746395e-05,0.18222227761385124,0.1821027810658778,0.23150962463006833,-2315.723253090001,-2500.006556511316,-2386.111076491343,-2386.1857618338263,-47.10612969212414
2026-03-17T10:11:51.077,0.3069019883556527,-1.8358231685056193e-05,0.18086300438065323,0.18130613741272145,0.22694883971574822,-2308.1862572777172,-2500.011473894803,-2386.960622262092,-2386.683664117049,-47.16313950355315
2026-03-17T10:11:51.192,0.3069019883556527,-1.8358231685056193e-05,0.18086300438065323,0.18130613741272145,0.22694883971574822,-2308.1862572777172,-2500.011473894803,-2386.960622262092,-2386.683664117049,-47.16313950355315
2026-03-17T10:11:51.300,0.3069019883556527,-1.8358231685056193e-05,0.18086300438065323,0.18130613741272145,0.22694883971574822,-2308.1862572777172,-2500.011473894803,-2386.960622262092,-2386.683664117049,-47.16313950355315
2026-03-17T10:11:51.409,0.29428514449878895,-1.8358231685056193e-05,0.17082529435088317,0.17519687639757867,0.2216909916049163,-2316.071784688257,-2500.011473894803,-2393.234191030698,-2390.5019522515136,-47.22886260493855
2026-03-17T10:11:51.518,0.29428514449878895,-1.8358231685056193e-05,0.17082529435088317,0.17519687639757867,0.2216909916049163,-2316.071784688257,-2500.011473894803,-2393.234191030698,-2390.5019522515136,-47.22886260493855
2026-03-17T10:11:51.628,0.29428514449878895,-1.8358231685056193e-05,0.17082529435088317,0.17519687639757867,0.2216909916049163,-2316.071784688257,-2500.011473894803,-2393.234191030698,-2390.5019522515136,-47.22886260493855
2026-03-17T10:11:51.734,0.2886439116298755,-2.622604526436599e-05,0.18003150756767128,0.17922490586885045,0.2522422757034624,-2319.597555231328,-2500.01639127829,-2387.4803077702054,-2387.9844338319685,-46.846971553706716
2026-03-17T10:11:51.863,0.2886439116298755,-2.622604526436599e-05,0.18003150756767128,0.17922490586885045,0.2522422757034624,-2319.597555231328,-2500.01639127829,-2387.4803077702054,-2387.9844338319685,-46.846971553706716
2026-03-17T10:11:51.957,0.2886439116298755,-2.622604526436599e-05,0.18003150756767128,0.17922490586885045,0.2522422757034624,-2319.597555231328,-2500.01639127829,-2387.4803077702054,-2387.9844338319685,-46.846971553706716
2026-03-17T10:11:52.066,0.31193080141620216,-2.622604526436599e-05,0.18711167803509837,0.18456241834499804,0.23694173854002823,-2305.0432491148736,-2500.01639127829,-2383.055201228063,-2384.648488534376,-47.03822826824965
2026-03-17T10:11:52.173,0.31193080141620216,-2.622604526436599e-05,0.18711167803509837,0.18456241834499804,0.23694173854002823,-2305.0432491148736,-2500.01639127829,-2383.055201228063,-2384.648488534376,-47.03822826824965
2026-03-17T10:11:52.284,0.31193080141620216,-2.622604526436599e-05,0.18711167803509837,0.18456241834499804,0.23694173854002823,-2305.0432491148736,-2500.01639127829,-2383.055201228063,-2384.648488534376,-47.03822826824965
2026-03-17T10:11:52.393,0.2955796904351681,-2.3603440737929386e-05,0.171741434552013,0.17469897411435595,0.23333692600949574,-2315.26269347802,-2500.0147521504614,-2392.661603404992,-2390.8131411785275,-47.0832884248813
2026-03-17T10:11:52.502,0.2955796904351681,-2.3603440737929386e-05,0.171741434552013,0.17469897411435595,0.23333692600949574,-2315.26269347802,-2500.0147521504614,-2392.661603404992,-2390.8131411785275,-47.0832884248813
2026-03-17T10:11:52.610,0.2955796904351681,-2.3603440737929386e-05,0.171741434552013,0.17469897411435595,0.23333692600949574,-2315.26269347802,-2500.0147521504614,-2392.661603404992,-2390.8131411785275,-47.0832884248813
2026-03-17T10:11:52.719,0.29008284922838923,-3.671646337011239e-05,0.17164185409536842,0.173429323292138,0.2335111918086237,-2318.6982192322566,-2500.0229477896064,-2392.723841190395,-2391.6066729424138,-47.0811101023922
2026-03-17T10:11:52.845,0.29008284922838923,-3.671646337011239e-05,0.17164185409536842,0.173429323292138,0.2335111918086237,-2318.6982192322566,-2500.0229477896064,-2392.723841190395,-2391.6066729424138,-47.0811101023922
2026-03-17T10:11:52.943,0.29008284922838923,-3.671646337011239e-05,0.17164185409536842,0.173429323292138,0.2335111918086237,-2318.6982192322566,-2500.0229477896064,-2392.723841190395,-2391.6066729424138,-47.0811101023922
2026-03-17T10:11:53.052,0.2971032714218296,7.867813579309795e-06,0.16824118150095727,0.16900297199428801,0.23092209993586554,-2314.310455361356,-2499.9950826165127,-2394.8492615619016,-2394.37314250357,-47.11347375080168
2026-03-17T10:11:53.160,0.2971032714218296,7.867813579309795e-06,0.16824118150095727,0.16900297199428801,0.23092209993586554,-2314.310455361356,-2499.9950826165127,-2394.8492615619016,-2394.37314250357,-47.11347375080168
2026-03-17T10:11:53.269,0.2971032714218296,7.867813579309795e-06,0.16824118150095727,0.16900297199428801,0.23092209993586554,-2314.310455361356,-2499.9950826165127,-2394.8492615619016,-2394.37314250357,-47.11347375080168
2026-03-17T10:11:53.378,0.2865527220403401,-1.3113022632182994e-05,0.1642231100753499,0.16858971309921317,0.2211781522531969,-2320.9045487247877,-2500.008195639145,-2397.360556202906,-2394.6314293129917,-47.23527309683504
2026-03-17T10:11:53.487,0.2865527220403401,-1.3113022632182994e-05,0.1642231100753499,0.16858971309921317,0.2211781522531969,-2320.9045487247877,-2500.008195639145,-2397.360556202906,-2394.6314293129917,-47.23527309683504
2026-03-17T10:11:53.597,0.2865527220403401,-1.3113022632182994e-05,0.1642231100753499,0.16858971309921317,0.2211781522531969,-2320.9045487247877,-2500.008195639145,-2397.360556202906,-2394.6314293129917,-47.23527309683504
2026-03-17T10:11:53.706,0.28802651279867936,-2.6226045264365987e-06,0.17155223168438832,0.17008839897171354,0.23202246398178775,-2319.9834295008254,-2500.001639127829,-2392.7798551972573,-2393.694750642679,-47.09971920022765
2026-03-17T10:11:53.816,0.28802651279867936,-2.6226045264365987e-06,0.17155223168438832,0.17008839897171354,0.23202246398178775,-2319.9834295008254,-2500.001639127829,-2392.7798551972573,-2393.694750642679,-47.09971920022765
2026-03-17T10:11:53.941,0.28802651279867936,-2.6226045264365987e-06,0.17155223168438832,0.17008839897171354,0.23202246398178775,-2319.9834295008254,-2500.001639127829,-2392.7798551972573,-2393.694750642679,-47.09971920022765
2026-03-17T10:11:54.036,0.2817778391442342,-2.3603440737929386e-05,0.1664935444868455,0.17048672079829175,0.23731516525244525,-2323.8888505348536,-2500.0147521504614,-2395.9415346957217,-2393.4457995010675,-47.03356043434444
2026-03-17T10:11:54.146,0.2817778391442342,-2.3603440737929386e-05,0.1664935444868455,0.17048672079829175,0.23731516525244525,-2323.8888505348536,-2500.0147521504614,-2395.9415346957217,-2393.4457995010675,-47.03356043434444
2026-03-17T10:11:54.253,0.2817778391442342,-2.3603440737929386e-05,0.1664935444868455,0.17048672079829175,0.23731516525244525,-2323.8888505348536,-2500.0147521504614,-2395.9415346957217,-2393.4457995010675,-47.03356043434444
2026-03-17T10:11:54.365,0.28836508635127084,-4.720688147585877e-05,0.17043693056996947,0.17523172955740424,0.25083819126477436,-2319.7718210304556,-2500.0295043009223,-2393.476918393769,-2390.480169026622,-46.86452260919032
2026-03-17T10:11:54.473,0.28836508635127084,-4.720688147585877e-05,0.17043693056996947,0.17523172955740424,0.25083819126477436,-2319.7718210304556,-2500.0295043009223,-2393.476918393769,-2390.480169026622,-46.86452260919032
2026-03-17T10:11:54.581,0.28836508635127084,-4.720688147585877e-05,0.17043693056996947,0.17523172955740424,0.25083819126477436,-2319.7718210304556,-2500.0295043009223,-2393.476918393769,-2390.480169026622,-46.86452260919032
2026-03-17T10:11:54.693,0.28522830196696763,-5.507469505516857e-05,0.16820632834113167,0.17192067937397318,0.25285967453465863,-2321.7323112706454,-2500.0344216844096,-2394.8710447867925,-2392.549575391267,-46.83925406831676
2026-03-17T10:11:54.801,0.28522830196696763,-5.507469505516857e-05,0.16820632834113167,0.17192067937397318,0.25285967453465863,-2321.7323112706454,-2500.0344216844096,-2394.8710447867925,-2392.549575391267,-46.83925406831676
2026-03-17T10:11:54.910,0.28522830196696763,-5.507469505516857e-05,0.16820632834113167,0.17192067937397318,0.25285967453465863,-2321.7323112706454,-2500.0344216844096,-2394.8710447867925,-2392.549575391267,-46.83925406831676
2026-03-17T10:11:55.019,0.28554198040539797,-1.0490418105746395e-05,0.16528364193861428,0.16960045473415528,0.2595863343809976,-2321.5362622466264,-2500.006556511316,-2396.697723788366,-2393.999715791153,-46.75517082023753
2026-03-17T10:11:55.143,0.28554198040539797,-1.0490418105746395e-05,0.16528364193861428,0.16960045473415528,0.2595863343809976,-2321.5362622466264,-2500.006556511316,-2396.697723788366,-2393.999715791153,-46.75517082023753
2026-03-17T10:11:55.237,0.28554198040539797,-1.0490418105746395e-05,0.16528364193861428,0.16960045473415528,0.2595863343809976,-2321.5362622466264,-2500.006556511316,-2396.697723788366,-2393.999715791153,-46.75517082023753
2026-03-17T10:11:55.347,0.2954402777958656,-2.622604526436599e-05,0.1745645404978858,0.1737031695479105,0.27155590526967177,-2315.349826377584,-2500.01639127829,-2390.8971621888213,-2391.435519032556,-46.6055511841291
2026-03-17T10:11:55.455,0.2954402777958656,-2.622604526436599e-05,0.1745645404978858,0.1737031695479105,0.27155590526967177,-2315.349826377584,-2500.01639127829,-2390.8971621888213,-2391.435519032556,-46.6055511841291
2026-03-17T10:11:55.565,0.2954402777958656,-2.622604526436599e-05,0.1745645404978858,0.1737031695479105,0.27155590526967177,-2315.349826377584,-2500.01639127829,-2390.8971621888213,-2391.435519032556,-46.6055511841291
2026-03-17T10:11:55.673,0.29093426213270007,-2.622604526436599e-05,0.17692957634319373,0.17753701712872547,0.2922437451375758,-2318.1660861670625,-2500.01639127829,-2389.419014785504,-2389.0393642945464,-46.34695318578031
2026-03-17T10:11:55.782,0.29093426213270007,-2.622604526436599e-05,0.17692957634319373,0.17753701712872547,0.2922437451375758,-2318.1660861670625,-2500.01639127829,-2389.419014785504,-2389.0393642945464,-46.34695318578031
2026-03-17T10:11:55.891,0.29093426213270007,-2.622604526436599e-05,0.17692957634319373,0.17753701712872547,0.2922437451375758,-2318.1660861670625,-2500.01639127829,-2389.419014785504,-2389.0393642945464,-46.34695318578031
2026-03-17T10:11:55.999,0.2971928938328096,-3.147125431723918e-05,0.1745844565892147,0.1767752266353947,0.3042332321175789,-2314.2544413544942,-2500.019669533948,-2390.8847146317407,-2389.515483352878,-46.19708459853026
2026-03-17T10:11:56.108,0.2971928938328096,-3.147125431723918e-05,0.1745844565892147,0.1767752266353947,0.3042332321175789,-2314.2544413544942,-2500.019669533948,-2390.8847146317407,-2389.515483352878,-46.19708459853026
2026-03-17T10:11:56.217,0.2971928938328096,-3.147125431723918e-05,0.1745844565892147,0.1767752266353947,0.3042332321175789,-2314.2544413544942,-2500.019669533948,-2390.8847146317407,-2389.515483352878,-46.19708459853026
2026-03-17T10:11:56.333,0.2946834663253671,-4.982948600229538e-05,0.17509729594093412,0.17625242923801085,0.2869610019125827,-2315.8228335466456,-2500.0311434287514,-2390.5641900369164,-2389.8422317262434,-46.41298747609272
2026-03-17T10:11:56.450,0.2946834663253671,-4.982948600229538e-05,0.17509729594093412,0.17625242923801085,0.2869610019125827,-2315.8228335466456,-2500.0311434287514,-2390.5641900369164,-2389.8422317262434,-46.41298747609272
2026-03-17T10:11:56.549,0.2946834663253671,-4.982948600229538e-05,0.17509729594093412,0.17625242923801085,0.2869610019125827,-2315.8228335466456,-2500.0311434287514,-2390.5641900369164,-2389.8422317262434,-46.41298747609272
2026-03-17T10:11:56.657,0.2845362177932881,-5.507469505516857e-05,0.17151239950173053,0.1695158113460074,0.2983330900613897,-2322.164863879195,-2500.0344216844096,-2392.8047503114185,-2394.0526179087456,-46.27083637423263
2026-03-17T10:11:56.765,0.2845362177932881,-5.507469505516857e-05,0.17151239950173053,0.1695158113460074,0.2983330900613897,-2322.164863879195,-2500.0344216844096,-2392.8047503114185,-2394.0526179087456,-46.27083637423263
2026-03-17T10:11:56.874,0.2845362177932881,-5.507469505516857e-05,0.17151239950173053,0.1695158113460074,0.2983330900613897,-2322.164863879195,-2500.0344216844096,-2392.8047503114185,-2394.0526179087456,-46.27083637423263
2026-03-17T10:11:56.998,0.2858407217753316,-5.245209052873198e-05,0.17008341994888132,0.17183105696299308,0.29480296287334057,-2321.3495488904177,-2500.0327825565805,-2393.697862531949,-2392.6055893981293,-46.31496296408324
2026-03-17T10:11:57.092,0.2858407217753316,-5.245209052873198e-05,0.17008341994888132,0.17183105696299308,0.29480296287334057,-2321.3495488904177,-2500.0327825565805,-2393.697862531949,-2392.6055893981293,-46.31496296408324
2026-03-17T10:11:57.205,0.2858407217753316,-5.245209052873198e-05,0.17008341994888132,0.17183105696299308,0.29480296287334057,-2321.3495488904177,-2500.0327825565805,-2393.697862531949,-2392.6055893981293,-46.31496296408324
2026-03-17T10:11:57.311,0.2804185659110362,-3.933906789654898e-05,0.16766859387525113,0.1718908052369798,0.2839088609164274,-2324.7383963056022,-2500.0245869174355,-2395.207128827968,-2392.5682467268875,-46.451139238544656
2026-03-17T10:11:57.420,0.2804185659110362,-3.933906789654898e-05,0.16766859387525113,0.1718908052369798,0.2839088609164274,-2324.7383963056022,-2500.0245869174355,-2395.207128827968,-2392.5682467268875,-46.451139238544656
2026-03-17T10:11:57.545,0.2804185659110362,-3.933906789654898e-05,0.16766859387525113,0.1718908052369798,0.2839088609164274,-2324.7383963056022,-2500.0245869174355,-2395.207128827968,-2392.5682467268875,-46.451139238544656
2026-03-17T10:11:57.654,0.27885017371888465,-3.409385884367578e-05,0.16467620115308257,0.17089997969336657,0.29427020743029225,-2325.718641425697,-2500.0213086617773,-2397.0773742793235,-2393.1875126916457,-46.321622407121346
2026-03-17T10:11:57.761,0.27885017371888465,-3.409385884367578e-05,0.16467620115308257,0.17089997969336657,0.29427020743029225,-2325.718641425697,-2500.0213086617773,-2397.0773742793235,-2393.1875126916457,-46.321622407121346
2026-03-17T10:11:57.886,0.27885017371888465,-3.409385884367578e-05,0.16467620115308257,0.17089997969336657,0.29427020743029225,-2325.718641425697,-2500.0213086617773,-2397.0773742793235,-2393.1875126916457,-46.321622407121346
2026-03-17T10:11:57.980,0.2837843853456218,-0.00010228157653102735,0.16611513875159625,0.17241858165719587,0.3074596389128621,-2322.6347591589865,-2500.063925985332,-2396.178038280252,-2392.2383864642525,-46.15675451358923
2026-03-17T10:11:58.090,0.2837843853456218,-0.00010228157653102735,0.16611513875159625,0.17241858165719587,0.3074596389128621,-2322.6347591589865,-2500.063925985332,-2396.178038280252,-2392.2383864642525,-46.15675451358923
2026-03-17T10:11:58.196,0.2837843853456218,-0.00010228157653102735,0.16611513875159625,0.17241858165719587,0.3074596389128621,-2322.6347591589865,-2500.063925985332,-2396.178038280252,-2392.2383864642525,-46.15675451358923
2026-03-17T10:11:58.307,0.2857660364328482,-3.933906789654898e-05,0.17061119636909738,0.17367329541091714,0.30473113440080163,-2321.39622722947,-2500.0245869174355,-2393.3680022693143,-2391.454190368177,-46.19086081998998
2026-03-17T10:11:58.414,0.2857660364328482,-3.933906789654898e-05,0.17061119636909738,0.17367329541091714,0.30473113440080163,-2321.39622722947,-2500.0245869174355,-2393.3680022693143,-2391.454190368177,-46.19086081998998
2026-03-17T10:11:58.518,0.2857660364328482,-3.933906789654898e-05,0.17061119636909738,0.17367329541091714,0.30473113440080163,-2321.39622722947,-2500.0245869174355,-2393.3680022693143,-2391.454190368177,-46.19086081998998
2026-03-17T10:11:58.630,0.2930951580418866,-2.622604526436599e-05,0.169988818515069,0.17226921097222905,0.32157018961939404,-2316.8155262238206,-2500.01639127829,-2393.756988428082,-2392.331743142357,-45.980372629757575
2026-03-17T10:11:58.741,0.2930951580418866,-2.622604526436599e-05,0.169988818515069,0.17226921097222905,0.32157018961939404,-2316.8155262238206,-2500.01639127829,-2393.756988428082,-2392.331743142357,-45.980372629757575
2026-03-17T10:11:58.852,0.2930951580418866,-2.622604526436599e-05,0.169988818515069,0.17226921097222905,0.32157018961939404,-2316.8155262238206,-2500.01639127829,-2393.756988428082,-2392.331743142357,-45.980372629757575
2026-03-17T10:11:58.958,0.28348564397568815,-4.982948600229538e-05,0.16981953173877326,0.16915732170208705,0.30063339860987864,-2322.8214725151947,-2500.0311434287514,-2393.8627926632666,-2394.2766739361955,-46.24208251737652
2026-03-17T10:11:59.069,0.28348564397568815,-4.982948600229538e-05,0.16981953173877326,0.16915732170208705,0.30063339860987864,-2322.8214725151947,-2500.0311434287514,-2393.8627926632666,-2394.2766739361955,-46.24208251737652
2026-03-17T10:11:59.178,0.28348564397568815,-4.982948600229538e-05,0.16981953173877326,0.16915732170208705,0.30063339860987864,-2322.8214725151947,-2500.0311434287514,-2393.8627926632666,-2394.2766739361955,-46.24208251737652
2026-03-17T10:11:59.287,0.2867319668623003,3.409385884367578e-05,0.16438741782881341,0.1703024969534993,0.3025652594687828,-2320.7925207110625,-2499.9786913382227,-2397.2578638569917,-2393.560939404063,-46.21793425664021
2026-03-17T10:11:59.411,0.2867319668623003,3.409385884367578e-05,0.16438741782881341,0.1703024969534993,0.3025652594687828,-2320.7925207110625,-2499.9786913382227,-2397.2578638569917,-2393.560939404063,-46.21793425664021
2026-03-17T10:11:59.501,0.2867319668623003,3.409385884367578e-05,0.16438741782881341,0.1703024969534993,0.3025652594687828,-2320.7925207110625,-2499.9786913382227,-2397.2578638569917,-2393.560939404063,-46.21793425664021
2026-03-17T10:11:59.616,0.28475529479790607,-4.4584276949422175e-05,0.16838557316309183,0.1738127080502195,0.3435177222638515,-2322.0279407513085,-2500.0278651730932,-2394.7590167730677,-2391.3670574686125,-45.706028471701856
2026-03-17T10:11:59.723,0.28475529479790607,-4.4584276949422175e-05,0.16838557316309183,0.1738127080502195,0.3435177222638515,-2322.0279407513085,-2500.0278651730932,-2394.7590167730677,-2391.3670574686125,-45.706028471701856
2026-03-17T10:11:59.833,0.28475529479790607,-4.4584276949422175e-05,0.16838557316309183,0.1738127080502195,0.3435177222638515,-2322.0279407513085,-2500.0278651730932,-2394.7590167730677,-2391.3670574686125,-45.706028471701856
2026-03-17T10:11:59.942,0.2850739522591686,-4.982948600229538e-05,0.16282898368232626,0.16151950067745052,0.322620763436994,-2321.8287798380197,-2500.0311434287514,-2398.231885198546,-2399.0503120765934,-45.967240457037576
2026-03-17T10:12:00.051,0.2850739522591686,-4.982948600229538e-05,0.16282898368232626,0.16151950067745052,0.322620763436994,-2321.8287798380197,-2500.0311434287514,-2398.231885198546,-2399.0503120765934,-45.967240457037576
2026-03-17T10:12:00.159,0.2850739522591686,-4.982948600229538e-05,0.16282898368232626,0.16151950067745052,0.322620763436994,-2321.8287798380197,-2500.0311434287514,-2398.231885198546,-2399.0503120765934,-45.967240457037576
2026-03-17T10:12:00.268,0.27870578205675,-7.867813579309795e-06,0.16150954263178607,0.16277919345400402,0.3130859347132789,-2325.8088862145314,-2500.0049173834873,-2399.0565358551335,-2398.2630040912477,-46.08642581608402
2026-03-17T10:12:00.377,0.27870578205675,-7.867813579309795e-06,0.16150954263178607,0.16277919345400402,0.3130859347132789,-2325.8088862145314,-2500.0049173834873,-2399.0565358551335,-2398.2630040912477,-46.08642581608402
2026-03-17T10:12:00.486,0.27870578205675,-7.867813579309795e-06,0.16150954263178607,0.16277919345400402,0.3130859347132789,-2325.8088862145314,-2500.0049173834873,-2399.0565358551335,-2398.2630040912477,-46.08642581608402
2026-03-17T10:12:00.595,0.27498147297824405,-4.4584276949422175e-05,0.15910965362665255,0.1620821302574922,0.31046198968069516,-2328.1365793885975,-2500.0278651730932,-2400.556466483342,-2398.6986685890674,-46.11922512899131
2026-03-17T10:12:00.705,0.27498147297824405,-4.4584276949422175e-05,0.15910965362665255,0.1620821302574922,0.31046198968069516,-2328.1365793885975,-2500.0278651730932,-2400.556466483342,-2398.6986685890674,-46.11922512899131
2026-03-17T10:12:00.814,0.27498147297824405,-4.4584276949422175e-05,0.15910965362665255,0.1620821302574922,0.31046198968069516,-2328.1365793885975,-2500.0278651730932,-2400.556466483342,-2398.6986685890674,-46.11922512899131
2026-03-17T10:12:00.921,0.2768884387229871,-5.245209052873198e-05,0.16084733259509987,0.16334182303404568,0.34095352550525454,-2326.944725798133,-2500.0327825565805,-2399.4704171280628,-2397.9113606037213,-45.738080931184314
2026-03-17T10:12:01.045,0.2768884387229871,-5.245209052873198e-05,0.16084733259509987,0.16334182303404568,0.34095352550525454,-2326.944725798133,-2500.0327825565805,-2399.4704171280628,-2397.9113606037213,-45.738080931184314
2026-03-17T10:12:01.154,0.2768884387229871,-5.245209052873198e-05,0.16084733259509987,0.16334182303404568,0.34095352550525454,-2326.944725798133,-2500.0327825565805,-2399.4704171280628,-2397.9113606037213,-45.738080931184314
2026-03-17T10:12:01.262,0.2791538941116505,-2.098083621149279e-05,0.17483838675365831,0.17294635807741196,0.32578244293545827,-2325.5288161802187,-2500.0131130226323,-2390.7260082789635,-2391.908526201618,-45.92771946330677
2026-03-17T10:12:01.370,0.2791538941116505,-2.098083621149279e-05,0.17483838675365831,0.17294635807741196,0.32578244293545827,-2325.5288161802187,-2500.0131130226323,-2390.7260082789635,-2391.908526201618,-45.92771946330677
2026-03-17T10:12:01.480,0.2791538941116505,-2.098083621149279e-05,0.17483838675365831,0.17294635807741196,0.32578244293545827,-2325.5288161802187,-2500.0131130226323,-2390.7260082789635,-2391.908526201618,-45.92771946330677
2026-03-17T10:12:01.589,0.2880613659585049,-1.8358231685056193e-05,0.17504750571261185,0.17501265255278625,0.338508825294631,-2319.9616462759345,-2500.011473894803,-2390.5953089296177,-2390.6170921545086,-45.76863968381711
2026-03-17T10:12:01.698,0.2880613659585049,-1.8358231685056193e-05,0.17504750571261185,0.17501265255278625,0.338508825294631,-2319.9616462759345,-2500.011473894803,-2390.5953089296177,-2390.6170921545086,-45.76863968381711
2026-03-17T10:12:01.807,0.2880613659585049,-1.8358231685056193e-05,0.17504750571261185,0.17501265255278625,0.338508825294631,-2319.9616462759345,-2500.011473894803,-2390.5953089296177,-2390.6170921545086,-45.76863968381711
2026-03-17T10:12:01.916,0.28302757387512323,-8.392334484597116e-05,0.172333938269048,0.1779901082064581,0.33297713092802655,-2323.107766328048,-2500.0524520905287,-2392.291288581845,-2388.7561823709634,-45.83778586339967
2026-03-17T10:12:02.024,0.28302757387512323,-8.392334484597116e-05,0.172333938269048,0.1779901082064581,0.33297713092802655,-2323.107766328048,-2500.0524520905287,-2392.291288581845,-2388.7561823709634,-45.83778586339967
2026-03-17T10:12:02.133,0.28302757387512323,-8.392334484597116e-05,0.172333938269048,0.1779901082064581,0.33297713092802655,-2323.107766328048,-2500.0524520905287,-2392.291288581845,-2388.7561823709634,-45.83778586339967
2026-03-17T10:12:02.241,0.28523826001263214,-2.8848649790802585e-05,0.17360856811409817,0.176869828069207,0.3245675613643948,-2321.726087492105,-2500.018030406119,-2391.4946449286886,-2389.4563574567455,-45.942905482945065
2026-03-17T10:12:02.350,0.28523826001263214,-2.8848649790802585e-05,0.17360856811409817,0.176869828069207,0.3245675613643948,-2321.726087492105,-2500.018030406119,-2391.4946449286886,-2389.4563574567455,-45.942905482945065
2026-03-17T10:12:02.459,0.28523826001263214,-2.8848649790802585e-05,0.17360856811409817,0.176869828069207,0.3245675613643948,-2321.726087492105,-2500.018030406119,-2391.4946449286886,-2389.4563574567455,-45.942905482945065
2026-03-17T10:12:02.566,0.2793082438194495,-4.196167242298558e-05,0.16747939100762652,0.16428285834933662,0.25893906141280804,-2325.4323476128443,-2500.0262260452646,-2395.3253806202333,-2397.323213531665,-46.7632617323399
2026-03-17T10:12:02.677,0.2793082438194495,-4.196167242298558e-05,0.16747939100762652,0.16428285834933662,0.25893906141280804,-2325.4323476128443,-2500.0262260452646,-2395.3253806202333,-2397.323213531665,-46.7632617323399
2026-03-17T10:12:02.780,0.2793082438194495,-4.196167242298558e-05,0.16747939100762652,0.16428285834933662,0.25893906141280804,-2325.4323476128443,-2500.0262260452646,-2395.3253806202333,-2397.323213531665,-46.7632617323399
2026-03-17T10:12:02.895,0.2743640741470479,-7.605553126666136e-05,0.16111619982804012,0.16859469212204536,0.2689668133969136,-2328.522453658095,-2500.0475347070415,-2399.3023751074747,-2394.6283174237215,-46.63791483253858
2026-03-17T10:12:03.003,0.2743640741470479,-7.605553126666136e-05,0.16111619982804012,0.16859469212204536,0.2689668133969136,-2328.522453658095,-2500.0475347070415,-2399.3023751074747,-2394.6283174237215,-46.63791483253858
2026-03-17T10:12:03.109,0.2743640741470479,-7.605553126666136e-05,0.16111619982804012,0.16859469212204536,0.2689668133969136,-2328.522453658095,-2500.0475347070415,-2399.3023751074747,-2394.6283174237215,-46.63791483253858
2026-03-17T10:12:03.220,0.27276580781790294,-4.196167242298558e-05,0.16361069026698594,0.16671262149146351,0.26981324727839223,-2329.5213701138105,-2500.0262260452646,-2397.7433185831337,-2395.8046115678353,-46.6273344090201
2026-03-17T10:12:03.330,0.27276580781790294,-4.196167242298558e-05,0.16361069026698594,0.16671262149146351,0.26981324727839223,-2329.5213701138105,-2500.0262260452646,-2397.7433185831337,-2395.8046115678353,-46.6273344090201
2026-03-17T10:12:03.444,0.27276580781790294,-4.196167242298558e-05,0.16361069026698594,0.16671262149146351,0.26981324727839223,-2329.5213701138105,-2500.0262260452646,-2397.7433185831337,-2395.8046115678353,-46.6273344090201
2026-03-17T10:12:03.550,0.2706547021370386,-5.769729958160517e-05,0.16485046695221053,0.16671262149146351,0.2597755372486222,-2330.8408111643507,-2500.0360608122387,-2396.9684581548686,-2395.8046115678353,-46.75280578439222
2026-03-17T10:12:03.662,0.2706547021370386,-5.769729958160517e-05,0.16485046695221053,0.16671262149146351,0.2597755372486222,-2330.8408111643507,-2500.0360608122387,-2396.9684581548686,-2395.8046115678353,-46.75280578439222
2026-03-17T10:12:03.766,0.2706547021370386,-5.769729958160517e-05,0.16485046695221053,0.16671262149146351,0.2597755372486222,-2330.8408111643507,-2500.0360608122387,-2396.9684581548686,-2395.8046115678353,-46.75280578439222
2026-03-17T10:12:03.877,0.2754146479646478,-2.098083621149279e-05,0.16705119504405494,0.16712588038653836,0.2590685160064459,-2327.865845022095,-2500.0131130226323,-2395.5930030974655,-2395.5463247584134,-46.76164354991943
2026-03-17T10:12:03.989,0.2754146479646478,-2.098083621149279e-05,0.16705119504405494,0.16712588038653836,0.2590685160064459,-2327.865845022095,-2500.0131130226323,-2395.5930030974655,-2395.5463247584134,-46.76164354991943
2026-03-17T10:12:04.102,0.2754146479646478,-2.098083621149279e-05,0.16705119504405494,0.16712588038653836,0.2590685160064459,-2327.865845022095,-2500.0131130226323,-2395.5930030974655,-2395.5463247584134,-46.76164354991943
2026-03-17T10:12:04.204,0.2780186769059027,-1.8358231685056193e-05,0.16528364193861428,0.1659856841579583,0.24946398096307965,-2326.2383269338106,-2500.011473894803,-2396.697723788366,-2396.258947401276,-46.8817002379615
2026-03-17T10:12:04.318,0.2780186769059027,-1.8358231685056193e-05,0.16528364193861428,0.1659856841579583,0.24946398096307965,-2326.2383269338106,-2500.011473894803,-2396.697723788366,-2396.258947401276,-46.8817002379615
2026-03-17T10:12:04.428,0.2780186769059027,-1.8358231685056193e-05,0.16528364193861428,0.1659856841579583,0.24946398096307965,-2326.2383269338106,-2500.011473894803,-2396.697723788366,-2396.258947401276,-46.8817002379615
2026-03-17T10:12:04.540,0.27828256511601074,-1.0490418105746395e-05,0.17005354581188797,0.16950087427751073,0.2649935531767963,-2326.0733968024933,-2500.006556511316,-2393.71653386757,-2394.061953576556,-46.68758058529004
2026-03-17T10:12:04.639,0.27828256511601074,-1.0490418105746395e-05,0.17005354581188797,0.16950087427751073,0.2649935531767963,-2326.0733968024933,-2500.006556511316,-2393.71653386757,-2394.061953576556,-46.68758058529004
2026-03-17T10:12:04.758,0.27828256511601074,-1.0490418105746395e-05,0.17005354581188797,0.16950087427751073,0.2649935531767963,-2326.0733968024933,-2500.006556511316,-2393.71653386757,-2394.061953576556,-46.68758058529004
2026-03-17T10:12:04.883,0.27678387924351033,-2.8848649790802585e-05,0.16910255245093256,0.16723541888884735,0.23696165463135715,-2327.010075472806,-2500.018030406119,-2394.310904718167,-2395.4778631944705,-47.03797931710804
2026-03-17T10:12:04.976,0.27678387924351033,-2.8848649790802585e-05,0.16910255245093256,0.16723541888884735,0.23696165463135715,-2327.010075472806,-2500.018030406119,-2394.310904718167,-2395.4778631944705,-47.03797931710804
2026-03-17T10:12:05.085,0.27678387924351033,-2.8848649790802585e-05,0.16910255245093256,0.16723541888884735,0.23696165463135715,-2327.010075472806,-2500.018030406119,-2394.310904718167,-2395.4778631944705,-47.03797931710804
2026-03-17T10:12:05.195,0.2755540606039502,2.6226045264365987e-06,0.1644372080571357,0.16496498447735175,0.24150252345434836,-2327.778712122531,-2499.998360872171,-2397.2267449642904,-2396.8968847016554,-46.98121845682064
2026-03-17T10:12:05.300,0.2755540606039502,2.6226045264365987e-06,0.1644372080571357,0.16496498447735175,0.24150252345434836,-2327.778712122531,-2499.998360872171,-2397.2267449642904,-2396.8968847016554,-46.98121845682064
2026-03-17T10:12:05.412,0.2755540606039502,2.6226045264365987e-06,0.1644372080571357,0.16496498447735175,0.24150252345434836,-2327.778712122531,-2499.998360872171,-2397.2267449642904,-2396.8968847016554,-46.98121845682064
2026-03-17T10:12:05.523,0.27533498359933223,-4.720688147585877e-05,0.16421813105251767,0.1663690689160398,0.23055863126911294,-2327.9156352504174,-2500.0295043009223,-2397.3636680921763,-2396.019331927475,-47.11801710913609
2026-03-17T10:12:05.632,0.27533498359933223,-4.720688147585877e-05,0.16421813105251767,0.1663690689160398,0.23055863126911294,-2327.9156352504174,-2500.0295043009223,-2397.3636680921763,-2396.019331927475,-47.11801710913609
2026-03-17T10:12:05.741,0.27533498359933223,-4.720688147585877e-05,0.16421813105251767,0.1663690689160398,0.23055863126911294,-2327.9156352504174,-2500.0295043009223,-2397.3636680921763,-2396.019331927475,-47.11801710913609
2026-03-17T10:12:05.850,0.277346508823552,-7.343292674022477e-05,0.1722393368352357,0.16620476116257635,0.2214918306916272,-2326.65843198528,-2500.045895579213,-2392.3504144779777,-2396.12202427339,-47.23135211635466
2026-03-17T10:12:05.953,0.277346508823552,-7.343292674022477e-05,0.1722393368352357,0.16620476116257635,0.2214918306916272,-2326.65843198528,-2500.045895579213,-2392.3504144779777,-2396.12202427339,-47.23135211635466
2026-03-17T10:12:06.065,0.277346508823552,-7.343292674022477e-05,0.1722393368352357,0.16620476116257635,0.2214918306916272,-2326.65843198528,-2500.045895579213,-2392.3504144779777,-2396.12202427339,-47.23135211635466
2026-03-17T10:12:06.172,0.2697684360729022,-2.8848649790802585e-05,0.1704618256841306,0.16814658006714495,0.23382487024705398,-2331.394727454436,-2500.018030406119,-2393.4613589474184,-2394.908387458034,-47.07718912191183
2026-03-17T10:12:06.285,0.2697684360729022,-2.8848649790802585e-05,0.1704618256841306,0.16814658006714495,0.23382487024705398,-2331.394727454436,-2500.018030406119,-2393.4613589474184,-2394.908387458034,-47.07718912191183
2026-03-17T10:12:06.398,0.2697684360729022,-2.8848649790802585e-05,0.1704618256841306,0.16814658006714495,0.23382487024705398,-2331.394727454436,-2500.018030406119,-2393.4613589474184,-2394.908387458034,-47.07718912191183
2026-03-17T10:12:06.499,0.27394085720630856,-5.507469505516857e-05,0.17229410608639018,0.17221444172107456,0.22780523164289132,-2328.786964246057,-2500.0344216844096,-2392.316183696006,-2392.3659739243285,-47.15243460446386
2026-03-17T10:12:06.616,0.27394085720630856,-5.507469505516857e-05,0.17229410608639018,0.17221444172107456,0.22780523164289132,-2328.786964246057,-2500.0344216844096,-2392.316183696006,-2392.3659739243285,-47.15243460446386
2026-03-17T10:12:06.725,0.27394085720630856,-5.507469505516857e-05,0.17229410608639018,0.17221444172107456,0.22780523164289132,-2328.786964246057,-2500.0344216844096,-2392.316183696006,-2392.3659739243285,-47.15243460446386
2026-03-17T10:12:06.828,0.2809712374454134,-3.671646337011239e-05,0.17486328186781944,0.17784571654432355,0.2180861790743838,-2324.3929765966163,-2500.0229477896064,-2390.7104488326127,-2388.8464271597977,-47.273922761570205
2026-03-17T10:12:06.940,0.2809712374454134,-3.671646337011239e-05,0.17486328186781944,0.17784571654432355,0.2180861790743838,-2324.3929765966163,-2500.0229477896064,-2390.7104488326127,-2388.8464271597977,-47.273922761570205
2026-03-17T10:12:07.065,0.2809712374454134,-3.671646337011239e-05,0.17486328186781944,0.17784571654432355,0.2180861790743838,-2324.3929765966163,-2500.0229477896064,-2390.7104488326127,-2388.8464271597977,-47.273922761570205
2026-03-17T10:12:07.157,0.2791588731344827,-2.8848649790802585e-05,0.17464420486320145,0.17422596694529435,0.21615431821547965,-2325.5257042909484,-2500.018030406119,-2390.847371960499,-2391.108770659191,-47.2980710223065
2026-03-17T10:12:07.267,0.2791588731344827,-2.8848649790802585e-05,0.17464420486320145,0.17422596694529435,0.21615431821547965,-2325.5257042909484,-2500.018030406119,-2390.847371960499,-2391.108770659191,-47.2980710223065
2026-03-17T10:12:07.376,0.2791588731344827,-2.8848649790802585e-05,0.17464420486320145,0.17422596694529435,0.21615431821547965,-2325.5257042909484,-2500.018030406119,-2390.847371960499,-2391.108770659191,-47.2980710223065
2026-03-17T10:12:07.485,0.2752802143481777,-2.3603440737929386e-05,0.17031245499916378,0.17212481931009446,0.20444365651408125,-2327.949866032389,-2500.0147521504614,-2393.5547156255225,-2392.421987931191,-47.44445429357398
2026-03-17T10:12:07.595,0.2752802143481777,-2.3603440737929386e-05,0.17031245499916378,0.17212481931009446,0.20444365651408125,-2327.949866032389,-2500.0147521504614,-2393.5547156255225,-2392.421987931191,-47.44445429357398
2026-03-17T10:12:07.704,0.2752802143481777,-2.3603440737929386e-05,0.17031245499916378,0.17212481931009446,0.20444365651408125,-2327.949866032389,-2500.0147521504614,-2393.5547156255225,-2392.421987931191,-47.44445429357398
2026-03-17T10:12:07.812,0.2824051960210948,-8.392334484597116e-05,0.1702228325881837,0.17464918388603368,0.2092633506156772,-2323.4967524868157,-2500.0524520905287,-2393.6107296323853,-2390.844260071229,-47.384208117304034
2026-03-17T10:12:07.921,0.2824051960210948,-8.392334484597116e-05,0.1702228325881837,0.17464918388603368,0.2092633506156772,-2323.4967524868157,-2500.0524520905287,-2393.6107296323853,-2390.844260071229,-47.384208117304034
2026-03-17T10:12:08.031,0.2824051960210948,-8.392334484597116e-05,0.1702228325881837,0.17464918388603368,0.2092633506156772,-2323.4967524868157,-2500.0524520905287,-2393.6107296323853,-2390.844260071229,-47.384208117304034
2026-03-17T10:12:08.140,0.2882754639402907,5.245209052873197e-06,0.1787568777226211,0.17929461218850165,0.21190721173958985,-2319.8278350373184,-2499.996721744342,-2388.276951423362,-2387.9408673821863,-47.351159853255126
2026-03-17T10:12:08.253,0.2882754639402907,5.245209052873197e-06,0.1787568777226211,0.17929461218850165,0.21190721173958985,-2319.8278350373184,-2499.996721744342,-2388.276951423362,-2387.9408673821863,-47.351159853255126
2026-03-17T10:12:08.365,0.2882754639402907,5.245209052873197e-06,0.1787568777226211,0.17929461218850165,0.21190721173958985,-2319.8278350373184,-2499.996721744342,-2388.276951423362,-2387.9408673821863,-47.351159853255126
2026-03-17T10:12:08.477,0.28275870664218294,-2.3603440737929386e-05,0.17751212201456432,0.17889629036192348,0.21681154922933363,-2323.2758083486356,-2500.0147521504614,-2389.0549237408973,-2388.189818523798,-47.289855634633334
2026-03-17T10:12:08.589,0.28275870664218294,-2.3603440737929386e-05,0.17751212201456432,0.17889629036192348,0.21681154922933363,-2323.2758083486356,-2500.0147521504614,-2389.0549237408973,-2388.189818523798,-47.289855634633334
2026-03-17T10:12:08.697,0.28275870664218294,-2.3603440737929386e-05,0.17751212201456432,0.17889629036192348,0.21681154922933363,-2323.2758083486356,-2500.0147521504614,-2389.0549237408973,-2388.189818523798,-47.289855634633334
2026-03-17T10:12:08.798,0.2871103725975495,-2.3603440737929386e-05,0.1775071429917321,0.1788116469737756,0.20819783972958059,-2320.5560171265315,-2500.0147521504614,-2389.0580356301675,-2388.2427206413904,-47.39752700338024
2026-03-17T10:12:08.914,0.2871103725975495,-2.3603440737929386e-05,0.1775071429917321,0.1788116469737756,0.20819783972958059,-2320.5560171265315,-2500.0147521504614,-2389.0580356301675,-2388.2427206413904,-47.39752700338024
2026-03-17T10:12:09.022,0.2871103725975495,-2.3603440737929386e-05,0.1775071429917321,0.1788116469737756,0.20819783972958059,-2320.5560171265315,-2500.0147521504614,-2389.0580356301675,-2388.2427206413904,-47.39752700338024
2026-03-17T10:12:09.131,0.29284620690027524,-7.343292674022477e-05,0.1779452970009681,0.18131111643555367,0.20614150329987074,-2316.971120687328,-2500.045895579213,-2388.784189374395,-2386.680552227779,-47.423231208751616
2026-03-17T10:12:09.241,0.29284620690027524,-7.343292674022477e-05,0.1779452970009681,0.18131111643555367,0.20614150329987074,-2316.971120687328,-2500.045895579213,-2388.784189374395,-2386.680552227779,-47.423231208751616
2026-03-17T10:12:09.349,0.29284620690027524,-7.343292674022477e-05,0.1779452970009681,0.18131111643555367,0.20614150329987074,-2316.971120687328,-2500.045895579213,-2388.784189374395,-2386.680552227779,-47.423231208751616
2026-03-17T10:12:09.473,0.2888380935203324,5.245209052873197e-06,0.17391726752969627,0.17501265255278625,0.18983022450149442,-2319.476191549792,-2499.996721744342,-2391.30170779394,-2390.6170921545086,-47.62712219373132
2026-03-17T10:12:09.564,0.2888380935203324,5.245209052873197e-06,0.17391726752969627,0.17501265255278625,0.18983022450149442,-2319.476191549792,-2499.996721744342,-2391.30170779394,-2390.6170921545086,-47.62712219373132
2026-03-17T10:12:09.677,0.2888380935203324,5.245209052873197e-06,0.17391726752969627,0.17501265255278625,0.18983022450149442,-2319.476191549792,-2499.996721744342,-2391.30170779394,-2390.6170921545086,-47.62712219373132
2026-03-17T10:12:09.781,0.2727907029320641,-4.4584276949422175e-05,0.16346629860485137,0.1656172364683735,0.17338949110948018,-2329.50581066746,-2500.0278651730932,-2397.833563371968,-2396.4892272072666,-47.8326313611315
2026-03-17T10:12:09.894,0.2727907029320641,-4.4584276949422175e-05,0.16346629860485137,0.1656172364683735,0.17338949110948018,-2329.50581066746,-2500.0278651730932,-2397.833563371968,-2396.4892272072666,-47.8326313611315
2026-03-17T10:12:10.003,0.2727907029320641,-4.4584276949422175e-05,0.16346629860485137,0.1656172364683735,0.17338949110948018,-2329.50581066746,-2500.0278651730932,-2397.833563371968,-2396.4892272072666,-47.8326313611315
2026-03-17T10:12:10.112,0.26807556830994494,-5.769729958160517e-05,0.15773046430212564,0.16234601846760024,0.18738054526803863,-2332.4527698062843,-2500.0360608122387,-2401.4184598111715,-2398.5337384577497,-47.65774318414952
2026-03-17T10:12:10.221,0.26807556830994494,-5.769729958160517e-05,0.15773046430212564,0.16234601846760024,0.18738054526803863,-2332.4527698062843,-2500.0360608122387,-2401.4184598111715,-2398.5337384577497,-47.65774318414952
2026-03-17T10:12:10.330,0.26807556830994494,-5.769729958160517e-05,0.15773046430212564,0.16234601846760024,0.18738054526803863,-2332.4527698062843,-2500.0360608122387,-2401.4184598111715,-2398.5337384577497,-47.65774318414952
2026-03-17T10:12:10.439,0.27159573745232957,1.3113022632182994e-05,0.16045896881418614,0.16062327656764963,0.18472672609846155,-2330.2526640922943,-2499.991804360855,-2399.713144491134,-2399.610452145219,-47.690915923769225
2026-03-17T10:12:10.548,0.27159573745232957,1.3113022632182994e-05,0.16045896881418614,0.16062327656764963,0.18472672609846155,-2330.2526640922943,-2499.991804360855,-2399.713144491134,-2399.610452145219,-47.690915923769225
2026-03-17T10:12:10.658,0.27159573745232957,1.3113022632182994e-05,0.16045896881418614,0.16062327656764963,0.18472672609846155,-2330.2526640922943,-2499.991804360855,-2399.713144491134,-2399.610452145219,-47.690915923769225
2026-03-17T10:12:10.782,0.2590336628466203,-7.867813579309795e-06,0.15892045075902791,0.1598515280286544,0.1760831424617151,-2338.1039607208622,-2500.0049173834873,-2400.6747182756076,-2400.092794982091,-47.79896071922856
2026-03-17T10:12:10.890,0.2590336628466203,-7.867813579309795e-06,0.15892045075902791,0.1598515280286544,0.1760831424617151,-2338.1039607208622,-2500.0049173834873,-2400.6747182756076,-2400.092794982091,-47.79896071922856
2026-03-17T10:12:11.006,0.2590336628466203,-7.867813579309795e-06,0.15892045075902791,0.1598515280286544,0.1760831424617151,-2338.1039607208622,-2500.0049173834873,-2400.6747182756076,-2400.092794982091,-47.79896071922856
2026-03-17T10:12:11.109,0.26717934420014405,-3.933906789654898e-05,0.15924906626595492,0.15695871576313042,0.1829442359245242,-2333.01290987491,-2500.0245869174355,-2400.4693335837783,-2401.9008026480433,-47.71319705094344
2026-03-17T10:12:11.232,0.26717934420014405,-3.933906789654898e-05,0.15924906626595492,0.15695871576313042,0.1829442359245242,-2333.01290987491,-2500.0245869174355,-2400.4693335837783,-2401.9008026480433,-47.71319705094344
2026-03-17T10:12:11.334,0.26717934420014405,-3.933906789654898e-05,0.15924906626595492,0.15695871576313042,0.1829442359245242,-2333.01290987491,-2500.0245869174355,-2400.4693335837783,-2401.9008026480433,-47.71319705094344
2026-03-17T10:12:11.449,0.26430644802594894,-7.605553126666136e-05,0.1582731777908384,0.1612207593075169,0.17218954660691344,-2334.808469983782,-2500.0475347070415,-2401.079263880726,-2399.237025432802,-47.84763066741358
2026-03-17T10:12:11.548,0.26430644802594894,-7.605553126666136e-05,0.1582731777908384,0.1612207593075169,0.17218954660691344,-2334.808469983782,-2500.0475347070415,-2401.079263880726,-2399.237025432802,-47.84763066741358
2026-03-17T10:12:11.665,0.26430644802594894,-7.605553126666136e-05,0.1582731777908384,0.1612207593075169,0.17218954660691344,-2334.808469983782,-2500.0475347070415,-2401.079263880726,-2399.237025432802,-47.84763066741358
2026-03-17T10:12:11.774,0.26212065700260123,-5.245209052873198e-05,0.16875899987550888,0.17154725266155613,0.19202099454767438,-2336.174589373374,-2500.0327825565805,-2394.525625077807,-2392.7829670865276,-47.59973756815407
2026-03-17T10:12:11.884,0.26212065700260123,-5.245209052873198e-05,0.16875899987550888,0.17154725266155613,0.19202099454767438,-2336.174589373374,-2500.0327825565805,-2394.525625077807,-2392.7829670865276,-47.59973756815407
2026-03-17T10:12:11.994,0.26212065700260123,-5.245209052873198e-05,0.16875899987550888,0.17154725266155613,0.19202099454767438,-2336.174589373374,-2500.0327825565805,-2394.525625077807,-2392.7829670865276,-47.59973756815407
2026-03-17T10:12:12.118,0.29069526903675313,-5.507469505516857e-05,0.17484834479932276,0.17526658271722984,0.1723289592462158,-2318.315456852029,-2500.0344216844096,-2390.7197845004234,-2390.4583858017313,-47.8458880094223
2026-03-17T10:12:12.210,0.29069526903675313,-5.507469505516857e-05,0.17484834479932276,0.17526658271722984,0.1723289592462158,-2318.315456852029,-2500.0344216844096,-2390.7197845004234,-2390.4583858017313,-47.8458880094223
2026-03-17T10:12:12.319,0.29069526903675313,-5.507469505516857e-05,0.17484834479932276,0.17526658271722984,0.1723289592462158,-2318.315456852029,-2500.0344216844096,-2390.7197845004234,-2390.4583858017313,-47.8458880094223
2026-03-17T10:12:12.421,0.28815596739231725,-7.605553126666136e-05,0.17326003651584226,0.17453466636089243,0.1716169589812073,-2319.902520379802,-2500.0475347070415,-2391.7124771775984,-2390.9158335244424,-47.854788012734915
2026-03-17T10:12:12.538,0.28815596739231725,-7.605553126666136e-05,0.17326003651584226,0.17453466636089243,0.1716169589812073,-2319.902520379802,-2500.0475347070415,-2391.7124771775984,-2390.9158335244424,-47.854788012734915
2026-03-17T10:12:12.648,0.28815596739231725,-7.605553126666136e-05,0.17326003651584226,0.17453466636089243,0.1716169589812073,-2319.902520379802,-2500.0475347070415,-2391.7124771775984,-2390.9158335244424,-47.854788012734915
2026-03-17T10:12:12.750,0.28669711370247464,-4.720688147585877e-05,0.17089997969336657,0.17766149269953113,0.17387743534703845,-2320.8143039359534,-2500.0295043009223,-2393.1875126916457,-2388.961567062793,-47.826532058162016
2026-03-17T10:12:12.868,0.28669711370247464,-4.720688147585877e-05,0.17089997969336657,0.17766149269953113,0.17387743534703845,-2320.8143039359534,-2500.0295043009223,-2393.1875126916457,-2388.961567062793,-47.826532058162016
2026-03-17T10:12:12.978,0.28669711370247464,-4.720688147585877e-05,0.17089997969336657,0.17766149269953113,0.17387743534703845,-2320.8143039359534,-2500.0295043009223,-2393.1875126916457,-2388.961567062793,-47.826532058162016
2026-03-17T10:12:13.086,0.29332419309216906,-1.3113022632182994e-05,0.17239866556586697,0.1697299093277932,0.16664789419464454,-2316.672379317394,-2500.008195639145,-2392.250834021333,-2393.918806670129,-47.91690132256694
2026-03-17T10:12:13.193,0.29332419309216906,-1.3113022632182994e-05,0.17239866556586697,0.1697299093277932,0.16664789419464454,-2316.672379317394,-2500.008195639145,-2392.250834021333,-2393.918806670129,-47.91690132256694
2026-03-17T10:12:13.303,0.29332419309216906,-1.3113022632182994e-05,0.17239866556586697,0.1697299093277932,0.16664789419464454,-2316.672379317394,-2500.008195639145,-2392.250834021333,-2393.918806670129,-47.91690132256694
2026-03-17T10:12:13.405,0.28795680647902816,-0.00011014939011033715,0.17304095951122428,0.17259284745632383,0.1645367885137802,-2320.026995950607,-2500.0688433688188,-2391.849400305485,-2392.1294703397975,-47.94329014357775
2026-03-17T10:12:13.518,0.28795680647902816,-0.00011014939011033715,0.17304095951122428,0.17259284745632383,0.1645367885137802,-2320.026995950607,-2500.0688433688188,-2391.849400305485,-2392.1294703397975,-47.94329014357775
2026-03-17T10:12:13.630,0.28795680647902816,-0.00011014939011033715,0.17304095951122428,0.17259284745632383,0.1645367885137802,-2320.026995950607,-2500.0688433688188,-2391.849400305485,-2392.1294703397975,-47.94329014357775
2026-03-17T10:12:13.740,0.2819570839661944,-4.982948600229538e-05,0.16987430098992778,0.17506742180394075,0.16551267698889677,-2323.7768225211285,-2500.0311434287514,-2393.828561881295,-2390.582861372537,-47.93109153763879
2026-03-17T10:12:13.848,0.2819570839661944,-4.982948600229538e-05,0.16987430098992778,0.17506742180394075,0.16551267698889677,-2323.7768225211285,-2500.0311434287514,-2393.828561881295,-2390.582861372537,-47.93109153763879
2026-03-17T10:12:13.959,0.2819570839661944,-4.982948600229538e-05,0.16987430098992778,0.17506742180394075,0.16551267698889677,-2323.7768225211285,-2500.0311434287514,-2393.828561881295,-2390.582861372537,-47.93109153763879
2026-03-17T10:12:14.067,0.28054304148184184,7.867813579309795e-06,0.1693813777295373,0.1707605670540642,0.16640890109869763,-2324.660599073849,-2499.9950826165127,-2394.136638919039,-2393.2746455912097,-47.91988873626628
2026-03-17T10:12:14.173,0.28054304148184184,7.867813579309795e-06,0.1693813777295373,0.1707605670540642,0.16640890109869763,-2324.660599073849,-2499.9950826165127,-2394.136638919039,-2393.2746455912097,-47.91988873626628
2026-03-17T10:12:14.284,0.28054304148184184,7.867813579309795e-06,0.1693813777295373,0.1707605670540642,0.16640890109869763,-2324.660599073849,-2499.9950826165127,-2394.136638919039,-2393.2746455912097,-47.91988873626628
2026-03-17T10:12:14.394,0.2680307571044549,-5.769729958160517e-05,0.161091304713879,0.16264475983753388,0.15854204502377867,-2332.4807768097157,-2500.0360608122387,-2399.3179345538256,-2398.347025101541,-48.01822443720277
2026-03-17T10:12:14.503,0.2680307571044549,-5.769729958160517e-05,0.161091304713879,0.16264475983753388,0.15854204502377867,-2332.4807768097157,-2500.0360608122387,-2399.3179345538256,-2398.347025101541,-48.01822443720277
2026-03-17T10:12:14.613,0.2680307571044549,-5.769729958160517e-05,0.161091304713879,0.16264475983753388,0.15854204502377867,-2332.4807768097157,-2500.0360608122387,-2399.3179345538256,-2398.347025101541,-48.01822443720277
2026-03-17T10:12:14.722,0.2707044923653609,-3.147125431723918e-05,0.15902003121567246,0.15487748421925943,0.15281118974388513,-2330.8096922716495,-2500.019669533948,-2400.6124804902047,-2403.201572362963,-48.08986012820144
2026-03-17T10:12:14.830,0.2707044923653609,-3.147125431723918e-05,0.15902003121567246,0.15487748421925943,0.15281118974388513,-2330.8096922716495,-2500.019669533948,-2400.6124804902047,-2403.201572362963,-48.08986012820144
2026-03-17T10:12:14.955,0.2707044923653609,-3.147125431723918e-05,0.15902003121567246,0.15487748421925943,0.15281118974388513,-2330.8096922716495,-2500.019669533948,-2400.6124804902047,-2403.201572362963,-48.08986012820144
2026-03-17T10:12:15.048,0.26637772152415545,-5.245209052873198e-05,0.1583478631333218,0.1584922547954564,0.16011541623876246,-2333.5139240474027,-2500.0327825565805,-2401.032585541674,-2400.9423407528398,-47.99855729701547
2026-03-17T10:12:15.156,0.26637772152415545,-5.245209052873198e-05,0.1583478631333218,0.1584922547954564,0.16011541623876246,-2333.5139240474027,-2500.0327825565805,-2401.032585541674,-2400.9423407528398,-47.99855729701547
2026-03-17T10:12:15.279,0.26637772152415545,-5.245209052873198e-05,0.1583478631333218,0.1584922547954564,0.16011541623876246,-2333.5139240474027,-2500.0327825565805,-2401.032585541674,-2400.9423407528398,-47.99855729701547
2026-03-17T10:12:15.392,0.27640547350826106,-4.196167242298558e-05,0.1531995535247989,0.15629152670361196,0.15234814062048802,-2327.246579057337,-2500.0262260452646,-2404.2502790470007,-2402.317795810243,-48.0956482422439
2026-03-17T10:12:15.500,0.27640547350826106,-4.196167242298558e-05,0.1531995535247989,0.15629152670361196,0.15234814062048802,-2327.246579057337,-2500.0262260452646,-2404.2502790470007,-2402.317795810243,-48.0956482422439
2026-03-17T10:12:15.610,0.27640547350826106,-4.196167242298558e-05,0.1531995535247989,0.15629152670361196,0.15234814062048802,-2327.246579057337,-2500.0262260452646,-2404.2502790470007,-2402.317795810243,-48.0956482422439
2026-03-17T10:12:15.720,0.26638767956981996,-5.245209052873198e-05,0.1633119488970523,0.16139004608381263,0.15621186233829631,-2333.5077002688627,-2500.0327825565805,-2397.9300319393424,-2399.131221197617,-48.047351720771296
2026-03-17T10:12:15.829,0.26638767956981996,-5.245209052873198e-05,0.1633119488970523,0.16139004608381263,0.15621186233829631,-2333.5077002688627,-2500.0327825565805,-2397.9300319393424,-2399.131221197617,-48.047351720771296
2026-03-17T10:12:15.941,0.26638767956981996,-5.245209052873198e-05,0.1633119488970523,0.16139004608381263,0.15621186233829631,-2333.5077002688627,-2500.0327825565805,-2397.9300319393424,-2399.131221197617,-48.047351720771296
2026-03-17T10:12:16.052,0.2708339469589988,-1.573562715861959e-05,0.15976688464050656,0.16020503864974256,0.15775535941628677,-2330.7287831506255,-2500.009834766974,-2400.1456970996833,-2399.871850843911,-48.028058007296416
2026-03-17T10:12:16.157,0.2708339469589988,-1.573562715861959e-05,0.15976688464050656,0.16020503864974256,0.15775535941628677,-2330.7287831506255,-2500.009834766974,-2400.1456970996833,-2399.871850843911,-48.028058007296416
2026-03-17T10:12:16.269,0.2708339469589988,-1.573562715861959e-05,0.15976688464050656,0.16020503864974256,0.15775535941628677,-2330.7287831506255,-2500.009834766974,-2400.1456970996833,-2399.871850843911,-48.028058007296416
2026-03-17T10:12:16.379,0.2809513213540845,-7.867813579309795e-06,0.16345634055918692,0.16337169717103905,0.16686697119926255,-2324.405424153697,-2500.0049173834873,-2397.839787150508,-2397.8926892681006,-47.91416286000922
2026-03-17T10:12:16.485,0.2809513213540845,-7.867813579309795e-06,0.16345634055918692,0.16337169717103905,0.16686697119926255,-2324.405424153697,-2500.0049173834873,-2397.839787150508,-2397.8926892681006,-47.91416286000922
2026-03-17T10:12:16.597,0.2809513213540845,-7.867813579309795e-06,0.16345634055918692,0.16337169717103905,0.16686697119926255,-2324.405424153697,-2500.0049173834873,-2397.839787150508,-2397.8926892681006,-47.91416286000922
2026-03-17T10:12:16.705,0.27959702714371865,-3.147125431723918e-05,0.16637404793887206,0.16912744756509368,0.16214187853147893,-2325.2518580351757,-2500.019669533948,-2396.0162200382047,-2394.295345271816,-47.97322651835651
2026-03-17T10:12:16.813,0.27959702714371865,-3.147125431723918e-05,0.16637404793887206,0.16912744756509368,0.16214187853147893,-2325.2518580351757,-2500.019669533948,-2396.0162200382047,-2394.295345271816,-47.97322651835651
2026-03-17T10:12:16.925,0.27959702714371865,-3.147125431723918e-05,0.16637404793887206,0.16912744756509368,0.16214187853147893,-2325.2518580351757,-2500.019669533948,-2396.0162200382047,-2394.295345271816,-47.97322651835651
2026-03-17T10:12:17.034,0.28243009113525597,-4.4584276949422175e-05,0.166438775235691,0.16814658006714495,0.16591597783830714,-2323.481193040465,-2500.0278651730932,-2395.975765477693,-2394.908387458034,-47.92605027702116
2026-03-17T10:12:17.142,0.28243009113525597,-4.4584276949422175e-05,0.166438775235691,0.16814658006714495,0.16591597783830714,-2323.481193040465,-2500.0278651730932,-2395.975765477693,-2394.908387458034,-47.92605027702116
2026-03-17T10:12:17.252,0.28243009113525597,-4.4584276949422175e-05,0.166438775235691,0.16814658006714495,0.16591597783830714,-2323.481193040465,-2500.0278651730932,-2395.975765477693,-2394.908387458034,-47.92605027702116
2026-03-17T10:12:17.360,0.28274874859651855,3.147125431723918e-05,0.1669466355645782,0.1716717282323618,0.16606534852327398,-2323.2820321271756,-2499.980330466052,-2395.6583527721386,-2392.705169854774,-47.924183143459075
2026-03-17T10:12:17.469,0.28274874859651855,3.147125431723918e-05,0.1669466355645782,0.1716717282323618,0.16606534852327398,-2323.2820321271756,-2499.980330466052,-2395.6583527721386,-2392.705169854774,-47.924183143459075
2026-03-17T10:12:17.582,0.28274874859651855,3.147125431723918e-05,0.1669466355645782,0.1716717282323618,0.16606534852327398,-2323.2820321271756,-2499.980330466052,-2395.6583527721386,-2392.705169854774,-47.924183143459075
2026-03-17T10:12:17.692,0.28122018858702474,-7.343292674022477e-05,0.16470607529007594,0.17179620380316749,0.161529458723115,-2324.2373821331093,-2500.045895579213,-2397.058702943703,-2392.6273726230206,-47.980881765961065
2026-03-17T10:12:17.799,0.28122018858702474,-7.343292674022477e-05,0.16470607529007594,0.17179620380316749,0.161529458723115,-2324.2373821331093,-2500.045895579213,-2397.058702943703,-2392.6273726230206,-47.980881765961065
2026-03-17T10:12:17.910,0.28122018858702474,-7.343292674022477e-05,0.16470607529007594,0.17179620380316749,0.161529458723115,-2324.2373821331093,-2500.045895579213,-2397.058702943703,-2392.6273726230206,-47.980881765961065
2026-03-17T10:12:18.018,0.27878544642206565,3.933906789654898e-05,0.16605041145477728,0.16519899855046644,0.16354098394733477,-2325.759095986209,-2499.9754130825645,-2396.218492840764,-2396.7506259059583,-47.95573770065831
2026-03-17T10:12:18.143,0.27878544642206565,3.933906789654898e-05,0.16605041145477728,0.16519899855046644,0.16354098394733477,-2325.759095986209,-2499.9754130825645,-2396.218492840764,-2396.7506259059583,-47.95573770065831
2026-03-17T10:12:18.236,0.27878544642206565,3.933906789654898e-05,0.16605041145477728,0.16519899855046644,0.16354098394733477,-2325.759095986209,-2499.9754130825645,-2396.218492840764,-2396.7506259059583,-47.95573770065831
2026-03-17T10:12:18.350,0.27812821540821164,1.573562715861959e-05,0.16346131958201912,0.16963530789398087,0.16201740296067324,-2326.1698653698677,-2499.990165233026,-2397.8366752612383,-2393.977932566262,-47.974782462991584
2026-03-17T10:12:18.452,0.27812821540821164,1.573562715861959e-05,0.16346131958201912,0.16963530789398087,0.16201740296067324,-2326.1698653698677,-2499.990165233026,-2397.8366752612383,-2393.977932566262,-47.974782462991584
2026-03-17T10:12:18.563,0.27812821540821164,1.573562715861959e-05,0.16346131958201912,0.16963530789398087,0.16201740296067324,-2326.1698653698677,-2499.990165233026,-2397.8366752612383,-2393.977932566262,-47.974782462991584
2026-03-17T10:12:18.672,0.2731940037814745,-3.409385884367578e-05,0.16032951422054822,0.16651843960100662,0.16278915149966847,-2329.2537476365783,-2500.0213086617773,-2399.7940536121573,-2395.925975249371,-47.965135606254144
2026-03-17T10:12:18.781,0.2731940037814745,-3.409385884367578e-05,0.16032951422054822,0.16651843960100662,0.16278915149966847,-2329.2537476365783,-2500.0213086617773,-2399.7940536121573,-2395.925975249371,-47.965135606254144
2026-03-17T10:12:18.906,0.2731940037814745,-3.409385884367578e-05,0.16032951422054822,0.16651843960100662,0.16278915149966847,-2329.2537476365783,-2500.0213086617773,-2399.7940536121573,-2395.925975249371,-47.965135606254144
2026-03-17T10:12:19.021,0.2789696702668581,-5.245209052873197e-06,0.16315262016642104,0.16724039791167958,0.16115603201069795,-2325.6439560832137,-2500.003278255658,-2398.029612395987,-2395.4747513052002,-47.985549599866275
2026-03-17T10:12:19.139,0.2789696702668581,-5.245209052873197e-06,0.16315262016642104,0.16724039791167958,0.16115603201069795,-2325.6439560832137,-2500.003278255658,-2398.029612395987,-2395.4747513052002,-47.985549599866275
2026-03-17T10:12:19.237,0.2789696702668581,-5.245209052873197e-06,0.16315262016642104,0.16724039791167958,0.16115603201069795,-2325.6439560832137,-2500.003278255658,-2398.029612395987,-2395.4747513052002,-47.985549599866275
2026-03-17T10:12:19.350,0.27510096952621754,-7.081032221378817e-05,0.16297337534446088,0.17041203545580833,0.16092699696041549,-2328.061894046114,-2500.0442564513837,-2398.1416404097117,-2393.4924778401196,-47.988412537994805
2026-03-17T10:12:19.465,0.27510096952621754,-7.081032221378817e-05,0.16297337534446088,0.17041203545580833,0.16092699696041549,-2328.061894046114,-2500.0442564513837,-2398.1416404097117,-2393.4924778401196,-47.988412537994805
2026-03-17T10:12:19.566,0.27510096952621754,-7.081032221378817e-05,0.16297337534446088,0.17041203545580833,0.16092699696041549,-2328.061894046114,-2500.0442564513837,-2398.1416404097117,-2393.4924778401196,-47.988412537994805
2026-03-17T10:12:19.686,0.28329146208523126,-2.3603440737929386e-05,0.16360571124415374,0.17006350385755242,0.15996604555379565,-2322.9428361967307,-2500.0147521504614,-2397.746430472404,-2393.71031008903,-48.00042443057755
2026-03-17T10:12:19.794,0.28329146208523126,-2.3603440737929386e-05,0.16360571124415374,0.17006350385755242,0.15996604555379565,-2322.9428361967307,-2500.0147521504614,-2397.746430472404,-2393.71031008903,-48.00042443057755
2026-03-17T10:12:19.903,0.28329146208523126,-2.3603440737929386e-05,0.16360571124415374,0.17006350385755242,0.15996604555379565,-2322.9428361967307,-2500.0147521504614,-2397.746430472404,-2393.71031008903,-48.00042443057755
2026-03-17T10:12:20.012,0.27678885826634253,-5.245209052873197e-06,0.16272940322568175,0.17092985383035994,0.16270948713435282,-2327.0069635835357,-2500.003278255658,-2398.294122983949,-2393.168841356025,-47.96613141082059
2026-03-17T10:12:20.119,0.27678885826634253,-5.245209052873197e-06,0.16272940322568175,0.17092985383035994,0.16270948713435282,-2327.0069635835357,-2500.003278255658,-2398.294122983949,-2393.168841356025,-47.96613141082059
2026-03-17T10:12:20.229,0.27678885826634253,-5.245209052873197e-06,0.16272940322568175,0.17092985383035994,0.16270948713435282,-2327.0069635835357,-2500.003278255658,-2398.294122983949,-2393.168841356025,-47.96613141082059
2026-03-17T10:12:20.333,0.2796567754177054,-1.573562715861959e-05,0.16938635675236952,0.17765153465386666,0.16251530524389599,-2325.2145153639344,-2500.009834766974,-2394.133527029769,-2388.967790841333,-47.9685586844513
2026-03-17T10:12:20.445,0.2796567754177054,-1.573562715861959e-05,0.16938635675236952,0.17765153465386666,0.16251530524389599,-2325.2145153639344,-2500.009834766974,-2394.133527029769,-2388.967790841333,-47.9685586844513
2026-03-17T10:12:20.554,0.2796567754177054,-1.573562715861959e-05,0.16938635675236952,0.17765153465386666,0.16251530524389599,-2325.2145153639344,-2500.009834766974,-2394.133527029769,-2388.967790841333,-47.9685586844513
2026-03-17T10:12:20.661,0.2824251121124237,-2.622604526436599e-05,0.1650994180938219,0.17395212068952184,0.16585622956432042,-2323.484304929735,-2500.01639127829,-2396.812863691361,-2391.279924569049,-47.926797130446
2026-03-17T10:12:20.765,0.2824251121124237,-2.622604526436599e-05,0.1650994180938219,0.17395212068952184,0.16585622956432042,-2323.484304929735,-2500.01639127829,-2396.812863691361,-2391.279924569049,-47.926797130446
2026-03-17T10:12:20.882,0.2824251121124237,-2.622604526436599e-05,0.1650994180938219,0.17395212068952184,0.16585622956432042,-2323.484304929735,-2500.01639127829,-2396.812863691361,-2391.279924569049,-47.926797130446
2026-03-17T10:12:20.990,0.28594528125480834,7.867813579309795e-06,0.17025270672517703,0.17844319928419078,0.1706311124604263,-2321.284199215745,-2499.9950826165127,-2393.592058296764,-2388.473000447381,-47.86711109424467
2026-03-17T10:12:21.103,0.28594528125480834,7.867813579309795e-06,0.17025270672517703,0.17844319928419078,0.1706311124604263,-2321.284199215745,-2499.9950826165127,-2393.592058296764,-2388.473000447381,-47.86711109424467
2026-03-17T10:12:21.213,0.28594528125480834,7.867813579309795e-06,0.17025270672517703,0.17844319928419078,0.1706311124604263,-2321.284199215745,-2499.9950826165127,-2393.592058296764,-2388.473000447381,-47.86711109424467
2026-03-17T10:12:21.324,0.28573616229585486,-2.6226045264365987e-06,0.1761578278041985,0.1825957043262683,0.1710493503783334,-2321.4148985650904,-2500.001639127829,-2389.901357622376,-2385.877684796082,-47.86188312027083
2026-03-17T10:12:21.433,0.28573616229585486,-2.6226045264365987e-06,0.1761578278041985,0.1825957043262683,0.1710493503783334,-2321.4148985650904,-2500.001639127829,-2389.901357622376,-2385.877684796082,-47.86188312027083
2026-03-17T10:12:21.534,0.28573616229585486,-2.6226045264365987e-06,0.1761578278041985,0.1825957043262683,0.1710493503783334,-2321.4148985650904,-2500.001639127829,-2389.901357622376,-2385.877684796082,-47.86188312027083
2026-03-17T10:12:21.652,0.28216620292514794,-3.147125431723918e-05,0.16190786445836425,0.17220946269824233,0.15950797545323073,-2323.6461231717826,-2500.019669533948,-2398.8075847135224,-2392.3690858135983,-48.00615030683461
2026-03-17T10:12:21.749,0.28216620292514794,-3.147125431723918e-05,0.16190786445836425,0.17220946269824233,0.15950797545323073,-2323.6461231717826,-2500.019669533948,-2398.8075847135224,-2392.3690858135983,-48.00615030683461
2026-03-17T10:12:21.861,0.28216620292514794,-3.147125431723918e-05,0.16190786445836425,0.17220946269824233,0.15950797545323073,-2323.6461231717826,-2500.019669533948,-2398.8075847135224,-2392.3690858135983,-48.00615030683461
2026-03-17T10:12:21.978,0.2745034867863503,-4.4584276949422175e-05,0.1588059332338867,0.16730512520849855,0.15790473010125355,-2328.4353207585314,-2500.0278651730932,-2400.746291728821,-2395.4342967446883,-48.02619087373433
2026-03-17T10:12:22.077,0.2745034867863503,-4.4584276949422175e-05,0.1588059332338867,0.16730512520849855,0.15790473010125355,-2328.4353207585314,-2500.0278651730932,-2400.746291728821,-2395.4342967446883,-48.02619087373433
2026-03-17T10:12:22.196,0.2745034867863503,-4.4584276949422175e-05,0.1588059332338867,0.16730512520849855,0.15790473010125355,-2328.4353207585314,-2500.0278651730932,-2400.746291728821,-2395.4342967446883,-48.02619087373433
2026-03-17T10:12:22.305,0.26841414186253637,2.6226045264365987e-06,0.15746657609201758,0.1606880038644686,0.15574383419206697,-2332.241161335915,-2499.998360872171,-2401.5833899424892,-2399.569997584707,-48.05320207259916
2026-03-17T10:12:22.415,0.26841414186253637,2.6226045264365987e-06,0.15746657609201758,0.1606880038644686,0.15574383419206697,-2332.241161335915,-2499.998360872171,-2401.5833899424892,-2399.569997584707,-48.05320207259916
2026-03-17T10:12:22.523,0.26841414186253637,2.6226045264365987e-06,0.15746657609201758,0.1606880038644686,0.15574383419206697,-2332.241161335915,-2499.998360872171,-2401.5833899424892,-2399.569997584707,-48.05320207259916
2026-03-17T10:12:22.632,0.2738960460008185,-3.933906789654898e-05,0.16040419956303162,0.16566702669669578,0.1543397497533789,-2328.8149712494883,-2500.0245869174355,-2399.7473752731053,-2396.458108314565,-48.070753128082764
2026-03-17T10:12:22.742,0.2738960460008185,-3.933906789654898e-05,0.16040419956303162,0.16566702669669578,0.1543397497533789,-2328.8149712494883,-2500.0245869174355,-2399.7473752731053,-2396.458108314565,-48.070753128082764
2026-03-17T10:12:22.849,0.2738960460008185,-3.933906789654898e-05,0.16040419956303162,0.16566702669669578,0.1543397497533789,-2328.8149712494883,-2500.0245869174355,-2399.7473752731053,-2396.458108314565,-48.070753128082764
2026-03-17T10:12:22.959,0.2727907029320641,-3.409385884367578e-05,0.15967228320669424,0.16774825824056677,0.1567944080096669,-2329.50581066746,-2500.0213086617773,-2400.2048229958164,-2395.1573385996458,-48.040069899879164
2026-03-17T10:12:23.069,0.2727907029320641,-3.409385884367578e-05,0.15967228320669424,0.16774825824056677,0.1567944080096669,-2329.50581066746,-2500.0213086617773,-2400.2048229958164,-2395.1573385996458,-48.040069899879164
2026-03-17T10:12:23.176,0.2727907029320641,-3.409385884367578e-05,0.15967228320669424,0.16774825824056677,0.1567944080096669,-2329.50581066746,-2500.0213086617773,-2400.2048229958164,-2395.1573385996458,-48.040069899879164
2026-03-17T10:12:23.284,0.2621953423450846,-2.6226045264365987e-06,0.1526219868762605,0.1517058466751307,0.1523282245291591,-2336.127911034322,-2500.001639127829,-2404.611258202337,-2405.1838458280436,-48.09589719338551
2026-03-17T10:12:23.394,0.2621953423450846,-2.6226045264365987e-06,0.1526219868762605,0.1517058466751307,0.1523282245291591,-2336.127911034322,-2500.001639127829,-2404.611258202337,-2405.1838458280436,-48.09589719338551
2026-03-17T10:12:23.501,0.2621953423450846,-2.6226045264365987e-06,0.1526219868762605,0.1517058466751307,0.1523282245291591,-2336.127911034322,-2500.001639127829,-2404.611258202337,-2405.1838458280436,-48.09589719338551
2026-03-17T10:12:23.612,0.26791623957931365,-4.720688147585877e-05,0.15340867248375242,0.1554899040276234,0.15406092447477418,-2332.552350262929,-2500.0295043009223,-2404.119579697655,-2402.8188099827357,-48.07423844406532
2026-03-17T10:12:23.721,0.26791623957931365,-4.720688147585877e-05,0.15340867248375242,0.1554899040276234,0.15406092447477418,-2332.552350262929,-2500.0295043009223,-2404.119579697655,-2402.8188099827357,-48.07423844406532
2026-03-17T10:12:23.830,0.26791623957931365,-4.720688147585877e-05,0.15340867248375242,0.1554899040276234,0.15406092447477418,-2332.552350262929,-2500.0295043009223,-2404.119579697655,-2402.8188099827357,-48.07423844406532
2026-03-17T10:12:23.942,0.26641257468398105,-3.147125431723918e-05,0.15543015575363664,0.16478573965539156,0.15437460291320448,-2333.492140822512,-2500.019669533948,-2402.856152653977,-2397.0089127153806,-48.07031746358494
2026-03-17T10:12:24.054,0.26641257468398105,-3.147125431723918e-05,0.15543015575363664,0.16478573965539156,0.15437460291320448,-2333.492140822512,-2500.019669533948,-2402.856152653977,-2397.0089127153806,-48.07031746358494
2026-03-17T10:12:24.164,0.26641257468398105,-3.147125431723918e-05,0.15543015575363664,0.16478573965539156,0.15437460291320448,-2333.492140822512,-2500.019669533948,-2402.856152653977,-2397.0089127153806,-48.07031746358494
2026-03-17T10:12:24.272,0.2685485754790065,-2.098083621149279e-05,0.1561521140643096,0.16835569902609848,0.1560425755620006,-2332.1571403256207,-2500.0131130226323,-2402.4049287098064,-2394.7776881086884,-48.049467805475
2026-03-17T10:12:24.382,0.2685485754790065,-2.098083621149279e-05,0.1561521140643096,0.16835569902609848,0.1560425755620006,-2332.1571403256207,-2500.0131130226323,-2402.4049287098064,-2394.7776881086884,-48.049467805475
2026-03-17T10:12:24.490,0.2685485754790065,-2.098083621149279e-05,0.1561521140643096,0.16835569902609848,0.1560425755620006,-2332.1571403256207,-2500.0131130226323,-2402.4049287098064,-2394.7776881086884,-48.049467805475
2026-03-17T10:12:24.598,0.26793117664781035,-4.720688147585877e-05,0.15502187588139402,0.16115105298786572,0.15410573568026423,-2332.5430145951186,-2500.0295043009223,-2403.1113275741286,-2399.280591882584,-48.0736783039967
2026-03-17T10:12:24.708,0.26793117664781035,-4.720688147585877e-05,0.15502187588139402,0.16115105298786572,0.15410573568026423,-2332.5430145951186,-2500.0295043009223,-2403.1113275741286,-2399.280591882584,-48.0736783039967
2026-03-17T10:12:24.816,0.26793117664781035,-4.720688147585877e-05,0.15502187588139402,0.16115105298786572,0.15410573568026423,-2332.5430145951186,-2500.0295043009223,-2403.1113275741286,-2399.280591882584,-48.0736783039967
2026-03-17T10:12:24.929,0.26859836570732876,-1.573562715861959e-05,0.15445924630135235,0.16370031267796603,0.1531198891594832,-2332.1260214329195,-2500.009834766974,-2403.4629710616546,-2397.6873045762713,-48.086001385506464
2026-03-17T10:12:25.038,0.26859836570732876,-1.573562715861959e-05,0.15445924630135235,0.16370031267796603,0.1531198891594832,-2332.1260214329195,-2500.009834766974,-2403.4629710616546,-2397.6873045762713,-48.086001385506464
2026-03-17T10:12:25.147,0.26859836570732876,-1.573562715861959e-05,0.15445924630135235,0.16370031267796603,0.1531198891594832,-2332.1260214329195,-2500.009834766974,-2403.4629710616546,-2397.6873045762713,-48.086001385506464
2026-03-17T10:12:25.255,0.274891850567264,-7.081032221378817e-05,0.1571429396079228,0.16284392075082296,0.1577852335532801,-2328.19259339546,-2500.0442564513837,-2401.7856627450483,-2398.2225495307357,-48.027684580583994
2026-03-17T10:12:25.366,0.274891850567264,-7.081032221378817e-05,0.1571429396079228,0.16284392075082296,0.1577852335532801,-2328.19259339546,-2500.0442564513837,-2401.7856627450483,-2398.2225495307357,-48.027684580583994
2026-03-17T10:12:25.475,0.274891850567264,-7.081032221378817e-05,0.1571429396079228,0.16284392075082296,0.1577852335532801,-2328.19259339546,-2500.0442564513837,-2401.7856627450483,-2398.2225495307357,-48.027684580583994
2026-03-17T10:12:25.581,0.2747723540192905,-5.245209052873197e-06,0.15830803095066398,0.16608526461460288,0.1611460739650335,-2328.2672787379433,-2500.003278255658,-2401.0574806558348,-2396.1967096158733,-47.98567407543708
2026-03-17T10:12:25.693,0.2747723540192905,-5.245209052873197e-06,0.15830803095066398,0.16608526461460288,0.1611460739650335,-2328.2672787379433,-2500.003278255658,-2401.0574806558348,-2396.1967096158733,-47.98567407543708
2026-03-17T10:12:25.796,0.2747723540192905,-5.245209052873197e-06,0.15830803095066398,0.16608526461460288,0.1611460739650335,-2328.2672787379433,-2500.003278255658,-2401.0574806558348,-2396.1967096158733,-47.98567407543708
2026-03-17T10:12:25.908,0.2734479339459181,-2.6226045264365987e-06,0.17459939365771138,0.18240650145864365,0.16554255112589011,-2329.0950412838015,-2500.001639127829,-2390.8753789639304,-2385.995936588348,-47.93071811092637
2026-03-17T10:12:26.021,0.2734479339459181,-2.6226045264365987e-06,0.17459939365771138,0.18240650145864365,0.16554255112589011,-2329.0950412838015,-2500.001639127829,-2390.8753789639304,-2385.995936588348,-47.93071811092637
2026-03-17T10:12:26.126,0.2734479339459181,-2.6226045264365987e-06,0.17459939365771138,0.18240650145864365,0.16554255112589011,-2329.0950412838015,-2500.001639127829,-2390.8753789639304,-2385.995936588348,-47.93071811092637
2026-03-17T10:12:26.237,0.288215715666304,-3.933906789654898e-05,0.1729314210089153,0.18368113130369382,0.1678279226058824,-2319.8651777085597,-2500.0245869174355,-2391.9178618694277,-2385.1992929351914,-47.90215096742647
2026-03-17T10:12:26.350,0.288215715666304,-3.933906789654898e-05,0.1729314210089153,0.18368113130369382,0.1678279226058824,-2319.8651777085597,-2500.0245869174355,-2391.9178618694277,-2385.1992929351914,-47.90215096742647
2026-03-17T10:12:26.452,0.288215715666304,-3.933906789654898e-05,0.1729314210089153,0.18368113130369382,0.1678279226058824,-2319.8651777085597,-2500.0245869174355,-2391.9178618694277,-2385.1992929351914,-47.90215096742647
2026-03-17T10:12:26.565,0.29036665352982616,-1.0490418105746395e-05,0.17754697517438991,0.18485120166926722,0.16794741915385586,-2318.5208415438583,-2500.006556511316,-2389.0331405160064,-2384.467998956708,-47.9006572605768
2026-03-17T10:12:26.676,0.29036665352982616,-1.0490418105746395e-05,0.17754697517438991,0.18485120166926722,0.16794741915385586,-2318.5208415438583,-2500.006556511316,-2389.0331405160064,-2384.467998956708,-47.9006572605768
2026-03-17T10:12:26.785,0.29036665352982616,-1.0490418105746395e-05,0.17754697517438991,0.18485120166926722,0.16794741915385586,-2318.5208415438583,-2500.006556511316,-2389.0331405160064,-2384.467998956708,-47.9006572605768
2026-03-17T10:12:26.896,0.2923781787540459,-3.671646337011239e-05,0.1739371836210252,0.18577729991606148,0.17332974283549346,-2317.2636382787214,-2500.0229477896064,-2391.2892602368593,-2383.8891875524614,-47.83337821455633
2026-03-17T10:12:27.005,0.2923781787540459,-3.671646337011239e-05,0.1739371836210252,0.18577729991606148,0.17332974283549346,-2317.2636382787214,-2500.0229477896064,-2391.2892602368593,-2383.8891875524614,-47.83337821455633
2026-03-17T10:12:27.111,0.2923781787540459,-3.671646337011239e-05,0.1739371836210252,0.18577729991606148,0.17332974283549346,-2317.2636382787214,-2500.0229477896064,-2391.2892602368593,-2383.8891875524614,-47.83337821455633
2026-03-17T10:12:27.220,0.2995927828379431,-4.982948600229538e-05,0.17889629036192348,0.1911247704378735,0.17415128160281093,-2312.754510726286,-2500.0311434287514,-2388.189818523798,-2380.547018476329,-47.823108979964864
2026-03-17T10:12:27.329,0.2995927828379431,-4.982948600229538e-05,0.17889629036192348,0.1911247704378735,0.17415128160281093,-2312.754510726286,-2500.0311434287514,-2388.189818523798,-2380.547018476329,-47.823108979964864
2026-03-17T10:12:27.438,0.2995927828379431,-4.982948600229538e-05,0.17889629036192348,0.1911247704378735,0.17415128160281093,-2312.754510726286,-2500.0311434287514,-2388.189818523798,-2380.547018476329,-47.823108979964864
2026-03-17T10:12:27.545,0.2997670486370711,-2.8848649790802585e-05,0.17343430231497023,0.1921853023011379,0.1743803166530934,-2312.6455946018305,-2500.018030406119,-2391.6035610531435,-2379.884186061789,-47.820246041836334
2026-03-17T10:12:27.661,0.2997670486370711,-2.8848649790802585e-05,0.17343430231497023,0.1921853023011379,0.1743803166530934,-2312.6455946018305,-2500.018030406119,-2391.6035610531435,-2379.884186061789,-47.820246041836334
2026-03-17T10:12:27.765,0.2997670486370711,-2.8848649790802585e-05,0.17343430231497023,0.1921853023011379,0.1743803166530934,-2312.6455946018305,-2500.018030406119,-2391.6035610531435,-2379.884186061789,-47.820246041836334
2026-03-17T10:12:27.886,0.2942552703617956,-1.8358231685056193e-05,0.1789012693847557,0.1822521517508446,0.16710596429520946,-2316.090456023878,-2500.011473894803,-2388.1867066345276,-2386.092405155722,-47.91117544630988
2026-03-17T10:12:27.989,0.2942552703617956,-1.8358231685056193e-05,0.1789012693847557,0.1822521517508446,0.16710596429520946,-2316.090456023878,-2500.011473894803,-2388.1867066345276,-2386.092405155722,-47.91117544630988
2026-03-17T10:12:28.094,0.2942552703617956,-1.8358231685056193e-05,0.1789012693847557,0.1822521517508446,0.16710596429520946,-2316.090456023878,-2500.011473894803,-2388.1867066345276,-2386.092405155722,-47.91117544630988
2026-03-17T10:12:28.206,0.294703382416696,-5.507469505516857e-05,0.1775967654027122,0.18481634850944162,0.172179588561249,-2315.810385989565,-2500.0344216844096,-2389.0020216233047,-2384.489782181599,-47.84775514298439
2026-03-17T10:12:28.324,0.294703382416696,-5.507469505516857e-05,0.1775967654027122,0.18481634850944162,0.172179588561249,-2315.810385989565,-2500.0344216844096,-2389.0020216233047,-2384.489782181599,-47.84775514298439
2026-03-17T10:12:28.421,0.294703382416696,-5.507469505516857e-05,0.1775967654027122,0.18481634850944162,0.172179588561249,-2315.810385989565,-2500.0344216844096,-2389.0020216233047,-2384.489782181599,-47.84775514298439
2026-03-17T10:12:28.534,0.2968045300518959,-5.245209052873198e-05,0.17764655563103446,0.18378071176033836,0.1713231966341059,-2314.497168717565,-2500.0327825565805,-2388.9709027306035,-2385.1370551497885,-47.85846004207367
2026-03-17T10:12:28.645,0.2968045300518959,-5.245209052873198e-05,0.17764655563103446,0.18378071176033836,0.1713231966341059,-2314.497168717565,-2500.0327825565805,-2388.9709027306035,-2385.1370551497885,-47.85846004207367
2026-03-17T10:12:28.758,0.2968045300518959,-5.245209052873198e-05,0.17764655563103446,0.18378071176033836,0.1713231966341059,-2314.497168717565,-2500.0327825565805,-2388.9709027306035,-2385.1370551497885,-47.85846004207367
2026-03-17T10:12:28.862,0.2858506798209961,-5.769729958160517e-05,0.17321522531035224,0.1843383623175478,0.17559519822415684,-2321.3433251118777,-2500.0360608122387,-2391.74048418103,-2384.7885235515328,-47.805060022198035
2026-03-17T10:12:28.974,0.2858506798209961,-5.769729958160517e-05,0.17321522531035224,0.1843383623175478,0.17559519822415684,-2321.3433251118777,-2500.0360608122387,-2391.74048418103,-2384.7885235515328,-47.805060022198035
2026-03-17T10:12:29.085,0.2858506798209961,-5.769729958160517e-05,0.17321522531035224,0.1843383623175478,0.17559519822415684,-2321.3433251118777,-2500.0360608122387,-2391.74048418103,-2384.7885235515328,-47.805060022198035
2026-03-17T10:12:29.189,0.29351339595979375,7.867813579309795e-06,0.17971285010640875,0.19205584770749998,0.17849298951251305,-2316.554127525129,-2499.9950826165127,-2387.6794686834946,-2379.9650951828125,-47.76883763109359
2026-03-17T10:12:29.301,0.29351339595979375,7.867813579309795e-06,0.17971285010640875,0.19205584770749998,0.17849298951251305,-2316.554127525129,-2499.9950826165127,-2387.6794686834946,-2379.9650951828125,-47.76883763109359
2026-03-17T10:12:29.414,0.29351339595979375,7.867813579309795e-06,0.17971285010640875,0.19205584770749998,0.17849298951251305,-2316.554127525129,-2499.9950826165127,-2387.6794686834946,-2379.9650951828125,-47.76883763109359
2026-03-17T10:12:29.517,0.2994434121529763,-6.556511316091496e-05,0.18018585727547032,0.19187162386270756,0.17480353359383272,-2312.84786740439,-2500.0409781957255,-2387.383839202831,-2380.0802350858075,-47.81495583007709
2026-03-17T10:12:29.632,0.2994434121529763,-6.556511316091496e-05,0.18018585727547032,0.19187162386270756,0.17480353359383272,-2312.84786740439,-2500.0409781957255,-2387.383839202831,-2380.0802350858075,-47.81495583007709
2026-03-17T10:12:29.733,0.2994434121529763,-6.556511316091496e-05,0.18018585727547032,0.19187162386270756,0.17480353359383272,-2312.84786740439,-2500.0409781957255,-2387.383839202831,-2380.0802350858075,-47.81495583007709
2026-03-17T10:12:29.845,0.2929955775852421,-1.8358231685056193e-05,0.18153019344017166,0.19120443480318913,0.17520185542041086,-2316.8777640092235,-2500.011473894803,-2386.5436290998928,-2380.497228248007,-47.809976807244865
2026-03-17T10:12:29.956,0.2929955775852421,-1.8358231685056193e-05,0.18153019344017166,0.19120443480318913,0.17520185542041086,-2316.8777640092235,-2500.011473894803,-2386.5436290998928,-2380.497228248007,-47.809976807244865
2026-03-17T10:12:30.068,0.2929955775852421,-1.8358231685056193e-05,0.18153019344017166,0.19120443480318913,0.17520185542041086,-2316.8777640092235,-2500.011473894803,-2386.5436290998928,-2380.497228248007,-47.809976807244865
2026-03-17T10:12:30.178,0.29508676717477755,-8.130074031953455e-05,0.17263765866181388,0.18589181744120267,0.17349405058895695,-2315.5707705157643,-2500.0508129626996,-2392.101463336366,-2383.817614099248,-47.83132436763804
2026-03-17T10:12:30.286,0.29508676717477755,-8.130074031953455e-05,0.17263765866181388,0.18589181744120267,0.17349405058895695,-2315.5707705157643,-2500.0508129626996,-2392.101463336366,-2383.817614099248,-47.83132436763804
2026-03-17T10:12:30.398,0.29508676717477755,-8.130074031953455e-05,0.17263765866181388,0.18589181744120267,0.17349405058895695,-2315.5707705157643,-2500.0508129626996,-2392.101463336366,-2383.817614099248,-47.83132436763804
2026-03-17T10:12:30.504,0.30200760891157336,-3.147125431723918e-05,0.18077836099250535,0.18679302057383584,0.17662087692759565,-2311.2452444302667,-2500.019669533948,-2387.013524379684,-2383.254362141353,-47.79223903840506
2026-03-17T10:12:30.613,0.30200760891157336,-3.147125431723918e-05,0.18077836099250535,0.18679302057383584,0.17662087692759565,-2311.2452444302667,-2500.019669533948,-2387.013524379684,-2383.254362141353,-47.79223903840506
2026-03-17T10:12:30.723,0.30200760891157336,-3.147125431723918e-05,0.18077836099250535,0.18679302057383584,0.17662087692759565,-2311.2452444302667,-2500.019669533948,-2387.013524379684,-2383.254362141353,-47.79223903840506
2026-03-17T10:12:30.832,0.30117113307575916,-1.573562715861959e-05,0.17772124097351785,0.1847217470756293,0.16232112335343912,-2311.7680418276504,-2500.009834766974,-2388.9242243915514,-2384.5489080777315,-47.97098595808201
2026-03-17T10:12:30.942,0.30117113307575916,-1.573562715861959e-05,0.17772124097351785,0.1847217470756293,0.16232112335343912,-2311.7680418276504,-2500.009834766974,-2388.9242243915514,-2384.5489080777315,-47.97098595808201
2026-03-17T10:12:31.047,0.30117113307575916,-1.573562715861959e-05,0.17772124097351785,0.1847217470756293,0.16232112335343912,-2311.7680418276504,-2500.009834766974,-2388.9242243915514,-2384.5489080777315,-47.97098595808201
2026-03-17T10:12:31.158,0.2740553747314498,-4.196167242298558e-05,0.16428285834933662,0.16648358644118105,0.16277919345400402,-2328.7153907928437,-2500.0262260452646,-2397.323213531665,-2395.947758474262,-47.96526008182495
2026-03-17T10:12:31.266,0.2740553747314498,-4.196167242298558e-05,0.16428285834933662,0.16648358644118105,0.16277919345400402,-2328.7153907928437,-2500.0262260452646,-2397.323213531665,-2395.947758474262,-47.96526008182495
2026-03-17T10:12:31.375,0.2740553747314498,-4.196167242298558e-05,0.16428285834933662,0.16648358644118105,0.16277919345400402,-2328.7153907928437,-2500.0262260452646,-2397.323213531665,-2395.947758474262,-47.96526008182495
2026-03-17T10:12:31.485,0.2715011360185173,-5.245209052873197e-06,0.16270948713435282,0.1653782433724266,0.1596822412523587,-2330.311789988427,-2500.003278255658,-2398.3065705410295,-2396.6385978922335,-48.00397198434552
2026-03-17T10:12:31.596,0.2715011360185173,-5.245209052873197e-06,0.16270948713435282,0.1653782433724266,0.1596822412523587,-2330.311789988427,-2500.003278255658,-2398.3065705410295,-2396.6385978922335,-48.00397198434552
2026-03-17T10:12:31.702,0.2715011360185173,-5.245209052873197e-06,0.16270948713435282,0.1653782433724266,0.1596822412523587,-2330.311789988427,-2500.003278255658,-2398.3065705410295,-2396.6385978922335,-48.00397198434552
2026-03-17T10:12:31.815,0.27554908158111796,-1.0490418105746395e-05,0.1587163108229066,0.16188296934420313,0.1540808405661031,-2327.7818240118013,-2500.006556511316,-2400.802305735683,-2398.823144159873,-48.073989492923715
2026-03-17T10:12:31.921,0.27554908158111796,-1.0490418105746395e-05,0.1587163108229066,0.16188296934420313,0.1540808405661031,-2327.7818240118013,-2500.006556511316,-2400.802305735683,-2398.823144159873,-48.073989492923715
2026-03-17T10:12:32.030,0.27554908158111796,-1.0490418105746395e-05,0.1587163108229066,0.16188296934420313,0.1540808405661031,-2327.7818240118013,-2500.006556511316,-2400.802305735683,-2398.823144159873,-48.073989492923715
2026-03-17T10:12:32.140,0.2746030672429948,-5.245209052873198e-05,0.16771340508074117,0.16801712547350703,0.16441729196580676,-2328.3730829731285,-2500.0327825565805,-2395.1791218245367,-2394.989296579058,-47.94478385042741
2026-03-17T10:12:32.260,0.2746030672429948,-5.245209052873198e-05,0.16771340508074117,0.16801712547350703,0.16441729196580676,-2328.3730829731285,-2500.0327825565805,-2395.1791218245367,-2394.989296579058,-47.94478385042741
2026-03-17T10:12:32.358,0.2746030672429948,-5.245209052873198e-05,0.16771340508074117,0.16801712547350703,0.16441729196580676,-2328.3730829731285,-2500.0327825565805,-2395.1791218245367,-2394.989296579058,-47.94478385042741
2026-03-17T10:12:32.469,0.27905929267783813,2.622604526436599e-05,0.16748934905329096,0.16931167140988612,0.1657417120391792,-2325.5879420763513,-2499.98360872171,-2395.3191568416933,-2394.180205368821,-47.928228599510255
2026-03-17T10:12:32.582,0.27905929267783813,2.622604526436599e-05,0.16748934905329096,0.16931167140988612,0.1657417120391792,-2325.5879420763513,-2499.98360872171,-2395.3191568416933,-2394.180205368821,-47.928228599510255
2026-03-17T10:12:32.694,0.27905929267783813,2.622604526436599e-05,0.16748934905329096,0.16931167140988612,0.1657417120391792,-2325.5879420763513,-2499.98360872171,-2395.3191568416933,-2394.180205368821,-47.928228599510255
2026-03-17T10:12:32.797,0.27441386437537013,-5.245209052873197e-06,0.16754909732727769,0.1713978819765893,0.1597619056176743,-2328.4913347653937,-2500.003278255658,-2395.2818141704515,-2392.8763237646317,-48.002976179779075
2026-03-17T10:12:32.910,0.27441386437537013,-5.245209052873197e-06,0.16754909732727769,0.1713978819765893,0.1597619056176743,-2328.4913347653937,-2500.003278255658,-2395.2818141704515,-2392.8763237646317,-48.002976179779075
2026-03-17T10:12:33.015,0.27441386437537013,-5.245209052873197e-06,0.16754909732727769,0.1713978819765893,0.1597619056176743,-2328.4913347653937,-2500.003278255658,-2395.2818141704515,-2392.8763237646317,-48.002976179779075
2026-03-17T10:12:33.128,0.2742744517360678,1.3113022632182994e-05,0.16829595075211176,0.1785726538778287,0.17349405058895695,-2328.5784676649578,-2499.991804360855,-2394.81503077993,-2388.392091326357,-47.83132436763804
2026-03-17T10:12:33.239,0.2742744517360678,1.3113022632182994e-05,0.16829595075211176,0.1785726538778287,0.17349405058895695,-2328.5784676649578,-2499.991804360855,-2394.81503077993,-2388.392091326357,-47.83132436763804
2026-03-17T10:12:33.355,0.2742744517360678,1.3113022632182994e-05,0.16829595075211176,0.1785726538778287,0.17349405058895695,-2328.5784676649578,-2499.991804360855,-2394.81503077993,-2388.392091326357,-47.83132436763804
2026-03-17T10:12:33.461,0.2824400491809204,2.6226045264365987e-06,0.16238087162742584,0.16285885781931964,0.16577656519900477,-2323.474969261925,-2499.998360872171,-2398.511955232859,-2398.2132138629254,-47.92779293501244
2026-03-17T10:12:33.574,0.2824400491809204,2.6226045264365987e-06,0.16238087162742584,0.16285885781931964,0.16577656519900477,-2323.474969261925,-2499.998360872171,-2398.511955232859,-2398.2132138629254,-47.92779293501244
2026-03-17T10:12:33.682,0.2824400491809204,2.6226045264365987e-06,0.16238087162742584,0.16285885781931964,0.16577656519900477,-2323.474969261925,-2499.998360872171,-2398.511955232859,-2398.2132138629254,-47.92779293501244
2026-03-17T10:12:33.789,0.2737416962930195,-3.147125431723918e-05,0.16163401820259174,0.16141494119797375,0.1628638368421519,-2328.9114398168626,-2500.019669533948,-2398.97873862338,-2399.115661751266,-47.9642020394731
2026-03-17T10:12:33.897,0.2737416962930195,-3.147125431723918e-05,0.16163401820259174,0.16141494119797375,0.1628638368421519,-2328.9114398168626,-2500.019669533948,-2398.97873862338,-2399.115661751266,-47.9642020394731
2026-03-17T10:12:34.007,0.2737416962930195,-3.147125431723918e-05,0.16163401820259174,0.16141494119797375,0.1628638368421519,-2328.9114398168626,-2500.019669533948,-2398.97873862338,-2399.115661751266,-47.9642020394731
2026-03-17T10:12:34.115,0.2718397095711087,-2.098083621149279e-05,0.16705119504405494,0.16576660715334032,0.1671906076833573,-2330.100181518057,-2500.0131130226323,-2395.5930030974655,-2396.3958705291625,-47.91011740395803
2026-03-17T10:12:34.237,0.2718397095711087,-2.098083621149279e-05,0.16705119504405494,0.16576660715334032,0.1671906076833573,-2330.100181518057,-2500.0131130226323,-2395.5930030974655,-2396.3958705291625,-47.91011740395803
2026-03-17T10:12:34.328,0.2718397095711087,-2.098083621149279e-05,0.16705119504405494,0.16576660715334032,0.1671906076833573,-2330.100181518057,-2500.0131130226323,-2395.5930030974655,-2396.3958705291625,-47.91011740395803
2026-03-17T10:12:34.450,0.27832239729866853,5.245209052873197e-06,0.1667176005142957,0.16970501421363207,0.16973986737345764,-2326.048501688332,-2499.996721744342,-2395.801499678565,-2393.93436611648,-47.878251657831775
2026-03-17T10:12:34.558,0.27832239729866853,5.245209052873197e-06,0.1667176005142957,0.16970501421363207,0.16973986737345764,-2326.048501688332,-2499.996721744342,-2395.801499678565,-2393.93436611648,-47.878251657831775
2026-03-17T10:12:34.668,0.27832239729866853,5.245209052873197e-06,0.1667176005142957,0.16970501421363207,0.16973986737345764,-2326.048501688332,-2499.996721744342,-2395.801499678565,-2393.93436611648,-47.878251657831775
2026-03-17T10:12:34.778,0.2964012292024855,-6.294250863447836e-05,0.18420890772390988,0.1859316496238605,0.17028755988500263,-2314.7492317484466,-2500.0393390678964,-2384.8694326725563,-2383.792718985087,-47.87140550143747
2026-03-17T10:12:34.888,0.2964012292024855,-6.294250863447836e-05,0.18420890772390988,0.1859316496238605,0.17028755988500263,-2314.7492317484466,-2500.0393390678964,-2384.8694326725563,-2383.792718985087,-47.87140550143747
2026-03-17T10:12:34.997,0.2964012292024855,-6.294250863447836e-05,0.18420890772390988,0.1859316496238605,0.17028755988500263,-2314.7492317484466,-2500.0393390678964,-2384.8694326725563,-2383.792718985087,-47.87140550143747
2026-03-17T10:12:35.106,0.2795024257099064,-3.409385884367578e-05,0.17129332249711252,0.17281192446094185,0.1816447109653129,-2325.3109839313083,-2500.0213086617773,-2392.941673439305,-2391.992547211911,-47.72944111293359
2026-03-17T10:12:35.216,0.2795024257099064,-3.409385884367578e-05,0.17129332249711252,0.17281192446094185,0.1816447109653129,-2325.3109839313083,-2500.0213086617773,-2392.941673439305,-2391.992547211911,-47.72944111293359
2026-03-17T10:12:35.325,0.2795024257099064,-3.409385884367578e-05,0.17129332249711252,0.17281192446094185,0.1816447109653129,-2325.3109839313083,-2500.0213086617773,-2392.941673439305,-2391.992547211911,-47.72944111293359
2026-03-17T10:12:35.434,0.2854025677660956,-5.507469505516857e-05,0.17166177018669734,0.1760632263703862,0.19212057500431892,-2321.62339514619,-2500.0344216844096,-2392.711393633314,-2389.9604835185087,-47.59849281244601
2026-03-17T10:12:35.545,0.2854025677660956,-5.507469505516857e-05,0.17166177018669734,0.1760632263703862,0.19212057500431892,-2321.62339514619,-2500.0344216844096,-2392.711393633314,-2389.9604835185087,-47.59849281244601
2026-03-17T10:12:35.653,0.2854025677660956,-5.507469505516857e-05,0.17166177018669734,0.1760632263703862,0.19212057500431892,-2321.62339514619,-2500.0344216844096,-2392.711393633314,-2389.9604835185087,-47.59849281244601
2026-03-17T10:12:35.757,0.2834258957017014,-2.6226045264365987e-06,0.170755588031232,0.17676526858973024,0.18937713342376175,-2322.8588151864365,-2500.001639127829,-2393.27775748048,-2389.5217071314187,-47.63278583220298
2026-03-17T10:12:35.868,0.2834258957017014,-2.6226045264365987e-06,0.170755588031232,0.17676526858973024,0.18937713342376175,-2322.8588151864365,-2500.001639127829,-2393.27775748048,-2389.5217071314187,-47.63278583220298
2026-03-17T10:12:35.981,0.2834258957017014,-2.6226045264365987e-06,0.170755588031232,0.17676526858973024,0.18937713342376175,-2322.8588151864365,-2500.001639127829,-2393.27775748048,-2389.5217071314187,-47.63278583220298
2026-03-17T10:12:36.090,0.28441672124531464,-6.294250863447836e-05,0.16993902828674673,0.17165181214103287,0.19248404367107153,-2322.2395492216783,-2500.0393390678964,-2393.788107320783,-2392.7176174118545,-47.59394945411161
2026-03-17T10:12:36.188,0.28441672124531464,-6.294250863447836e-05,0.16993902828674673,0.17165181214103287,0.19248404367107153,-2322.2395492216783,-2500.0393390678964,-2393.788107320783,-2392.7176174118545,-47.59394945411161
2026-03-17T10:12:36.309,0.28441672124531464,-6.294250863447836e-05,0.16993902828674673,0.17165181214103287,0.19248404367107153,-2322.2395492216783,-2500.0393390678964,-2393.788107320783,-2392.7176174118545,-47.59394945411161
2026-03-17T10:12:36.412,0.2817180908702475,-3.147125431723918e-05,0.16959547571132308,0.17406165919183086,0.20376153038606612,-2323.9261932060954,-2500.019669533948,-2394.0028276804233,-2391.2114630051055,-47.45298087017417
2026-03-17T10:12:36.517,0.2817180908702475,-3.147125431723918e-05,0.16959547571132308,0.17406165919183086,0.20376153038606612,-2323.9261932060954,-2500.019669533948,-2394.0028276804233,-2391.2114630051055,-47.45298087017417
2026-03-17T10:12:36.628,0.2817180908702475,-3.147125431723918e-05,0.16959547571132308,0.17406165919183086,0.20376153038606612,-2323.9261932060954,-2500.019669533948,-2394.0028276804233,-2391.2114630051055,-47.45298087017417
2026-03-17T10:12:36.740,0.2865477430175079,1.573562715861959e-05,0.17231900120055132,0.17209494517310112,0.21443157631552903,-2320.9076606140575,-2499.990165233026,-2392.3006242496554,-2392.440659266812,-47.31960529605589
2026-03-17T10:12:36.855,0.2865477430175079,1.573562715861959e-05,0.17231900120055132,0.17209494517310112,0.21443157631552903,-2320.9076606140575,-2499.990165233026,-2392.3006242496554,-2392.440659266812,-47.31960529605589
2026-03-17T10:12:36.956,0.2865477430175079,1.573562715861959e-05,0.17231900120055132,0.17209494517310112,0.21443157631552903,-2320.9076606140575,-2499.990165233026,-2392.3006242496554,-2392.440659266812,-47.31960529605589
2026-03-17T10:12:37.068,0.29148195464424503,5.245209052873197e-06,0.17693455536602595,0.1799020529740334,0.21777747965878572,-2317.823778347347,-2499.996721744342,-2389.415902896234,-2387.561216891229,-47.27778150426518
2026-03-17T10:12:37.182,0.29148195464424503,5.245209052873197e-06,0.17693455536602595,0.1799020529740334,0.21777747965878572,-2317.823778347347,-2499.996721744342,-2389.415902896234,-2387.561216891229,-47.27778150426518
2026-03-17T10:12:37.288,0.29148195464424503,5.245209052873197e-06,0.17693455536602595,0.1799020529740334,0.21777747965878572,-2317.823778347347,-2499.996721744342,-2389.415902896234,-2387.561216891229,-47.27778150426518
2026-03-17T10:12:37.397,0.2942104591563055,-3.933906789654898e-05,0.175774443046117,0.18211273911154224,0.22636131502154544,-2316.118463027309,-2500.0245869174355,-2390.140973096177,-2386.1795380552862,-47.17048356223068
2026-03-17T10:12:37.506,0.2942104591563055,-3.933906789654898e-05,0.175774443046117,0.18211273911154224,0.22636131502154544,-2316.118463027309,-2500.0245869174355,-2390.140973096177,-2386.1795380552862,-47.17048356223068
2026-03-17T10:12:37.615,0.2942104591563055,-3.933906789654898e-05,0.175774443046117,0.18211273911154224,0.22636131502154544,-2316.118463027309,-2500.0245869174355,-2390.140973096177,-2386.1795380552862,-47.17048356223068
2026-03-17T10:12:37.726,0.2878373099310547,-5.245209052873197e-06,0.1687639788983411,0.17487821893631614,0.23344646451180473,-2320.1016812930907,-2500.003278255658,-2394.522513188537,-2390.7011131648023,-47.08191919360244
2026-03-17T10:12:37.834,0.2878373099310547,-5.245209052873197e-06,0.1687639788983411,0.17487821893631614,0.23344646451180473,-2320.1016812930907,-2500.003278255658,-2394.522513188537,-2390.7011131648023,-47.08191919360244
2026-03-17T10:12:37.943,0.2878373099310547,-5.245209052873197e-06,0.1687639788983411,0.17487821893631614,0.23344646451180473,-2320.1016812930907,-2500.003278255658,-2394.522513188537,-2390.7011131648023,-47.08191919360244
2026-03-17T10:12:38.052,0.2817579230529053,-3.671646337011239e-05,0.17939917166797842,0.1783485978503785,0.24961335164804643,-2323.901298091934,-2500.0229477896064,-2387.8755177075136,-2388.5321263435135,-46.879833104399424
2026-03-17T10:12:38.162,0.2817579230529053,-3.671646337011239e-05,0.17939917166797842,0.1783485978503785,0.24961335164804643,-2323.901298091934,-2500.0229477896064,-2387.8755177075136,-2388.5321263435135,-46.879833104399424
2026-03-17T10:12:38.270,0.2817579230529053,-3.671646337011239e-05,0.17939917166797842,0.1783485978503785,0.24961335164804643,-2323.901298091934,-2500.0229477896064,-2387.8755177075136,-2388.5321263435135,-46.879833104399424
2026-03-17T10:12:38.378,0.29037163255265835,1.8358231685056193e-05,0.17426579912795218,0.17949377310179074,0.26360440580660494,-2318.5177296545885,-2499.988526105197,-2391.08387554503,-2387.8163918113805,-46.704944927417436
2026-03-17T10:12:38.488,0.29037163255265835,1.8358231685056193e-05,0.17426579912795218,0.17949377310179074,0.26360440580660494,-2318.5177296545885,-2499.988526105197,-2391.08387554503,-2387.8163918113805,-46.704944927417436
2026-03-17T10:12:38.597,0.29037163255265835,1.8358231685056193e-05,0.17426579912795218,0.17949377310179074,0.26360440580660494,-2318.5177296545885,-2499.988526105197,-2391.08387554503,-2387.8163918113805,-46.704944927417436
2026-03-17T10:12:38.706,0.28187741960087875,-6.818771768735155e-05,0.18999951127779013,0.18151027734884276,0.2620808248199434,-2323.8266127494508,-2500.0426173235546,-2381.2503054513813,-2386.5560766569733,-46.7239896897507
2026-03-17T10:12:38.814,0.28187741960087875,-6.818771768735155e-05,0.18999951127779013,0.18151027734884276,0.2620808248199434,-2323.8266127494508,-2500.0426173235546,-2381.2503054513813,-2386.5560766569733,-46.7239896897507
2026-03-17T10:12:38.925,0.28187741960087875,-6.818771768735155e-05,0.18999951127779013,0.18151027734884276,0.2620808248199434,-2323.8266127494508,-2500.0426173235546,-2381.2503054513813,-2386.5560766569733,-46.7239896897507
2026-03-17T10:12:39.034,0.28943557626019967,2.6226045264365987e-06,0.17537612121953883,0.17340442817797688,0.2436335452265416,-2319.102764837375,-2499.998360872171,-2390.3899242377884,-2391.6222323887646,-46.95458068466823
2026-03-17T10:12:39.142,0.28943557626019967,2.6226045264365987e-06,0.17537612121953883,0.17340442817797688,0.2436335452265416,-2319.102764837375,-2499.998360872171,-2390.3899242377884,-2391.6222323887646,-46.95458068466823
2026-03-17T10:12:39.272,0.28943557626019967,2.6226045264365987e-06,0.17537612121953883,0.17340442817797688,0.2436335452265416,-2319.102764837375,-2499.998360872171,-2390.3899242377884,-2391.6222323887646,-46.95458068466823
2026-03-17T10:12:39.364,0.285103826396162,-6.294250863447836e-05,0.17345919742913135,0.16928179727289275,0.2662432879076853,-2321.8101085023986,-2500.0393390678964,-2391.5880016067927,-2394.198876704442,-46.67195890115393
2026-03-17T10:12:39.472,0.285103826396162,-6.294250863447836e-05,0.17345919742913135,0.16928179727289275,0.2662432879076853,-2321.8101085023986,-2500.0393390678964,-2391.5880016067927,-2394.198876704442,-46.67195890115393
2026-03-17T10:12:39.585,0.285103826396162,-6.294250863447836e-05,0.17345919742913135,0.16928179727289275,0.2662432879076853,-2321.8101085023986,-2500.0393390678964,-2391.5880016067927,-2394.198876704442,-46.67195890115393
2026-03-17T10:12:39.695,0.2778095579469491,-7.343292674022477e-05,0.18272515891990618,0.189207846647466,0.29668005448109025,-2326.369026283157,-2500.045895579213,-2385.7967756750586,-2381.7450958453337,-46.291499318986375
2026-03-17T10:12:39.805,0.2778095579469491,-7.343292674022477e-05,0.18272515891990618,0.189207846647466,0.29668005448109025,-2326.369026283157,-2500.045895579213,-2385.7967756750586,-2381.7450958453337,-46.291499318986375
2026-03-17T10:12:39.914,0.2778095579469491,-7.343292674022477e-05,0.18272515891990618,0.189207846647466,0.29668005448109025,-2326.369026283157,-2500.045895579213,-2385.7967756750586,-2381.7450958453337,-46.291499318986375
2026-03-17T10:12:40.023,0.29712816653599067,4.196167242298558e-05,0.18896885355151913,0.1888244618893845,0.2939565289918619,-2314.294895915006,-2499.9737739547354,-2381.8944665303006,-2381.984711319135,-46.325543387601726
2026-03-17T10:12:40.132,0.29712816653599067,4.196167242298558e-05,0.18896885355151913,0.1888244618893845,0.2939565289918619,-2314.294895915006,-2499.9737739547354,-2381.8944665303006,-2381.984711319135,-46.325543387601726
2026-03-17T10:12:40.243,0.29712816653599067,4.196167242298558e-05,0.18896885355151913,0.1888244618893845,0.2939565289918619,-2314.294895915006,-2499.9737739547354,-2381.8944665303006,-2381.984711319135,-46.325543387601726
2026-03-17T10:12:40.351,0.29449924248057474,-2.622604526436599e-05,0.1916226727210962,0.18574244675623588,0.30050892303907295,-2315.9379734496406,-2500.01639127829,-2380.235829549315,-2383.9109707773528,-46.24363846201159
2026-03-17T10:12:40.460,0.29449924248057474,-2.622604526436599e-05,0.1916226727210962,0.18574244675623588,0.30050892303907295,-2315.9379734496406,-2500.01639127829,-2380.235829549315,-2383.9109707773528,-46.24363846201159
2026-03-17T10:12:40.567,0.29449924248057474,-2.622604526436599e-05,0.1916226727210962,0.18574244675623588,0.30050892303907295,-2315.9379734496406,-2500.01639127829,-2380.235829549315,-2383.9109707773528,-46.24363846201159
2026-03-17T10:12:40.677,0.29227361927456913,-3.409385884367578e-05,0.1833624738424313,0.1851947542446909,0.3061153027481608,-2317.328987953394,-2500.0213086617773,-2385.3984538484806,-2384.2532785970684,-46.173558715647985
2026-03-17T10:12:40.786,0.29227361927456913,-3.409385884367578e-05,0.1833624738424313,0.1851947542446909,0.3061153027481608,-2317.328987953394,-2500.0213086617773,-2385.3984538484806,-2384.2532785970684,-46.173558715647985
2026-03-17T10:12:40.894,0.29227361927456913,-3.409385884367578e-05,0.1833624738424313,0.1851947542446909,0.3061153027481608,-2317.328987953394,-2500.0213086617773,-2385.3984538484806,-2384.2532785970684,-46.173558715647985
2026-03-17T10:12:41.005,0.29973717450007775,-5.245209052873197e-06,0.18397987267362745,0.18572253066490696,0.320255727591686,-2312.6642659374515,-2500.003278255658,-2385.0125795789827,-2383.9234183344333,-45.996803405103925
2026-03-17T10:12:41.114,0.29973717450007775,-5.245209052873197e-06,0.18397987267362745,0.18572253066490696,0.320255727591686,-2312.6642659374515,-2500.003278255658,-2385.0125795789827,-2383.9234183344333,-45.996803405103925
2026-03-17T10:12:41.222,0.29973717450007775,-5.245209052873197e-06,0.18397987267362745,0.18572253066490696,0.320255727591686,-2312.6642659374515,-2500.003278255658,-2385.0125795789827,-2383.9234183344333,-45.996803405103925
2026-03-17T10:12:41.332,0.3039544068389742,-1.8358231685056193e-05,0.18824689524084617,0.18869998631857882,0.35897260913508483,-2310.0284957256413,-2500.011473894803,-2382.345690474471,-2382.062508550888,-45.51284238581144
2026-03-17T10:12:41.440,0.3039544068389742,-1.8358231685056193e-05,0.18824689524084617,0.18869998631857882,0.35897260913508483,-2310.0284957256413,-2500.011473894803,-2382.345690474471,-2382.062508550888,-45.51284238581144
2026-03-17T10:12:41.549,0.3039544068389742,-1.8358231685056193e-05,0.18824689524084617,0.18869998631857882,0.35897260913508483,-2310.0284957256413,-2500.011473894803,-2382.345690474471,-2382.062508550888,-45.51284238581144
2026-03-17T10:12:41.658,0.30066825176970424,-9.179115842528095e-05,0.18888918918620345,0.19015386098558917,0.35109081599166914,-2312.082342643935,-2500.057369474016,-2381.944256758623,-2381.153836884007,-45.611364800104134
2026-03-17T10:12:41.765,0.30066825176970424,-9.179115842528095e-05,0.18888918918620345,0.19015386098558917,0.35109081599166914,-2312.082342643935,-2500.057369474016,-2381.944256758623,-2381.153836884007,-45.611364800104134
2026-03-17T10:12:41.876,0.30066825176970424,-9.179115842528095e-05,0.18888918918620345,0.19015386098558917,0.35109081599166914,-2312.082342643935,-2500.057369474016,-2381.944256758623,-2381.153836884007,-45.611364800104134
2026-03-17T10:12:41.984,0.2989255937784247,2.6226045264365987e-06,0.186753188391178,0.19261847728754167,0.35875851115329904,-2313.1715038884845,-2499.998360872171,-2383.2792572555136,-2379.6134516952866,-45.51551861058376
2026-03-17T10:12:42.094,0.2989255937784247,2.6226045264365987e-06,0.186753188391178,0.19261847728754167,0.35875851115329904,-2313.1715038884845,-2499.998360872171,-2383.2792572555136,-2379.6134516952866,-45.51551861058376
2026-03-17T10:12:42.203,0.2989255937784247,2.6226045264365987e-06,0.186753188391178,0.19261847728754167,0.35875851115329904,-2313.1715038884845,-2499.998360872171,-2383.2792572555136,-2379.6134516952866,-45.51551861058376
2026-03-17T10:12:42.311,0.3007379580893554,-2.8848649790802585e-05,0.18575240480190033,0.18561299216259797,0.34794905258453374,-2312.038776194153,-2500.018030406119,-2383.9047469988122,-2383.9918798983763,-45.650636842693324
2026-03-17T10:12:42.420,0.3007379580893554,-2.8848649790802585e-05,0.18575240480190033,0.18561299216259797,0.34794905258453374,-2312.038776194153,-2500.018030406119,-2383.9047469988122,-2383.9918798983763,-45.650636842693324
2026-03-17T10:12:42.530,0.3007379580893554,-2.8848649790802585e-05,0.18575240480190033,0.18561299216259797,0.34794905258453374,-2312.038776194153,-2500.018030406119,-2383.9047469988122,-2383.9918798983763,-45.650636842693324
2026-03-17T10:12:42.639,0.29110354890899576,-4.4584276949422175e-05,0.16898305590295912,0.17411144942015314,0.31685007597444265,-2318.060281931878,-2500.0278651730932,-2394.3855900606504,-2391.1803441124043,-46.039374050319466
2026-03-17T10:12:42.749,0.29110354890899576,-4.4584276949422175e-05,0.16898305590295912,0.17411144942015314,0.31685007597444265,-2318.060281931878,-2500.0278651730932,-2394.3855900606504,-2391.1803441124043,-46.039374050319466
2026-03-17T10:12:42.860,0.29110354890899576,-4.4584276949422175e-05,0.16898305590295912,0.17411144942015314,0.31685007597444265,-2318.060281931878,-2500.0278651730932,-2394.3855900606504,-2391.1803441124043,-46.039374050319466
2026-03-17T10:12:42.972,0.2897144015388044,-3.671646337011239e-05,0.170098357017378,0.1757893801146137,0.33644750984208893,-2318.928499038247,-2500.0229477896064,-2393.6885268641386,-2390.1316374283665,-45.79440612697388
2026-03-17T10:12:43.078,0.2897144015388044,-3.671646337011239e-05,0.170098357017378,0.1757893801146137,0.33644750984208893,-2318.928499038247,-2500.0229477896064,-2393.6885268641386,-2390.1316374283665,-45.79440612697388
2026-03-17T10:12:43.189,0.2897144015388044,-3.671646337011239e-05,0.170098357017378,0.1757893801146137,0.33644750984208893,-2318.928499038247,-2500.0229477896064,-2393.6885268641386,-2390.1316374283665,-45.79440612697388
2026-03-17T10:12:43.301,0.29380217928406294,-1.0490418105746395e-05,0.17436537958459672,0.1783884300330363,0.33171245912864084,-2316.373637947461,-2500.006556511316,-2391.021637759627,-2388.5072312293523,-45.85359426089199
2026-03-17T10:12:43.413,0.29380217928406294,-1.0490418105746395e-05,0.17436537958459672,0.1783884300330363,0.33171245912864084,-2316.373637947461,-2500.006556511316,-2391.021637759627,-2388.5072312293523,-45.85359426089199
2026-03-17T10:12:43.517,0.29380217928406294,-1.0490418105746395e-05,0.17436537958459672,0.1783884300330363,0.33171245912864084,-2316.373637947461,-2500.006556511316,-2391.021637759627,-2388.5072312293523,-45.85359426089199
2026-03-17T10:12:43.638,0.296630264252768,-5.245209052873197e-06,0.17281690348377404,0.17664577204175677,0.33919095142264616,-2314.6060848420198,-2500.003278255658,-2391.9894353226414,-2389.596392473902,-45.760113107216924
2026-03-17T10:12:43.741,0.296630264252768,-5.245209052873197e-06,0.17281690348377404,0.17664577204175677,0.33919095142264616,-2314.6060848420198,-2500.003278255658,-2391.9894353226414,-2389.596392473902,-45.760113107216924
2026-03-17T10:12:43.846,0.296630264252768,-5.245209052873197e-06,0.17281690348377404,0.17664577204175677,0.33919095142264616,-2314.6060848420198,-2500.003278255658,-2391.9894353226414,-2389.596392473902,-45.760113107216924
2026-03-17T10:12:43.958,0.30190304943209656,-1.0490418105746395e-05,0.17548565972184785,0.17717354846197286,0.316177907892092,-2311.31059410494,-2500.006556511316,-2390.321462673845,-2389.266532211267,-46.04777615134885
2026-03-17T10:12:44.074,0.30190304943209656,-1.0490418105746395e-05,0.17548565972184785,0.17717354846197286,0.316177907892092,-2311.31059410494,-2500.006556511316,-2390.321462673845,-2389.266532211267,-46.04777615134885
2026-03-17T10:12:44.184,0.30190304943209656,-1.0490418105746395e-05,0.17548565972184785,0.17717354846197286,0.316177907892092,-2311.31059410494,-2500.006556511316,-2390.321462673845,-2389.266532211267,-46.04777615134885
2026-03-17T10:12:44.298,0.29044133887230955,-6.031990410804177e-05,0.17386249827854178,0.1791253254122059,0.31219966864914245,-2318.4741632048062,-2500.0376999400673,-2391.3359385759113,-2388.0466716173714,-46.09750414188572
2026-03-17T10:12:44.406,0.29044133887230955,-6.031990410804177e-05,0.17386249827854178,0.1791253254122059,0.31219966864914245,-2318.4741632048062,-2500.0376999400673,-2391.3359385759113,-2388.0466716173714,-46.09750414188572
2026-03-17T10:12:44.529,0.29044133887230955,-6.031990410804177e-05,0.17386249827854178,0.1791253254122059,0.31219966864914245,-2318.4741632048062,-2500.0376999400673,-2391.3359385759113,-2388.0466716173714,-46.09750414188572
2026-03-17T10:12:44.623,0.29075003828790763,-2.098083621149279e-05,0.1736284842054271,0.1741612396484754,0.2802642162032371,-2318.281226070058,-2500.0131130226323,-2391.482197371608,-2391.1492252197027,-46.49669729745954
2026-03-17T10:12:44.764,0.29075003828790763,-2.098083621149279e-05,0.1736284842054271,0.1741612396484754,0.2802642162032371,-2318.281226070058,-2500.0131130226323,-2391.482197371608,-2391.1492252197027,-46.49669729745954
2026-03-17T10:12:44.873,0.29075003828790763,-2.098083621149279e-05,0.1736284842054271,0.1741612396484754,0.2802642162032371,-2318.281226070058,-2500.0131130226323,-2391.482197371608,-2391.1492252197027,-46.49669729745954
2026-03-17T10:12:44.980,0.2962120263348608,0.0,0.1798871159055367,0.18590177548686715,0.28699087604957607,-2314.867483540712,-2500.0,-2387.5705525590397,-2383.811390320708,-46.412614049380295
2026-03-17T10:12:45.084,0.2962120263348608,0.0,0.1798871159055367,0.18590177548686715,0.28699087604957607,-2314.867483540712,-2500.0,-2387.5705525590397,-2383.811390320708,-46.412614049380295
2026-03-17T10:12:45.188,0.2962120263348608,0.0,0.1798871159055367,0.18590177548686715,0.28699087604957607,-2314.867483540712,-2500.0,-2387.5705525590397,-2383.811390320708,-46.412614049380295
2026-03-17T10:12:45.301,0.2960726136955585,-4.720688147585877e-05,0.16401399111639636,0.16693667751891372,0.232181792712419,-2314.954616440276,-2500.0295043009223,-2397.4912555522524,-2395.664576550679,-47.09772759109476
2026-03-17T10:12:45.413,0.2960726136955585,-4.720688147585877e-05,0.16401399111639636,0.16693667751891372,0.232181792712419,-2314.954616440276,-2500.0295043009223,-2397.4912555522524,-2395.664576550679,-47.09772759109476
2026-03-17T10:12:45.524,0.2960726136955585,-4.720688147585877e-05,0.16401399111639636,0.16693667751891372,0.232181792712419,-2314.954616440276,-2500.0295043009223,-2397.4912555522524,-2395.664576550679,-47.09772759109476
2026-03-17T10:12:45.633,0.27661957149004684,-6.294250863447836e-05,0.16939631479803396,0.1696552239853098,0.23776327730734573,-2327.112767818721,-2500.0393390678964,-2394.127303251229,-2393.965485009181,-47.02795903365818
2026-03-17T10:12:45.742,0.27661957149004684,-6.294250863447836e-05,0.16939631479803396,0.1696552239853098,0.23776327730734573,-2327.112767818721,-2500.0393390678964,-2394.127303251229,-2393.965485009181,-47.02795903365818
2026-03-17T10:12:45.852,0.27661957149004684,-6.294250863447836e-05,0.16939631479803396,0.1696552239853098,0.23776327730734573,-2327.112767818721,-2500.0393390678964,-2394.127303251229,-2393.965485009181,-47.02795903365818
2026-03-17T10:12:45.960,0.28176788109856976,-3.671646337011239e-05,0.1670760901582161,0.1638944945684229,0.21247979936529598,-2323.895074313394,-2500.0229477896064,-2395.5774436511147,-2397.5659408947354,-47.3440025079338
2026-03-17T10:12:46.068,0.28176788109856976,-3.671646337011239e-05,0.1670760901582161,0.1638944945684229,0.21247979936529598,-2323.895074313394,-2500.0229477896064,-2395.5774436511147,-2397.5659408947354,-47.3440025079338
2026-03-17T10:12:46.179,0.28176788109856976,-3.671646337011239e-05,0.1670760901582161,0.1638944945684229,0.21247979936529598,-2323.895074313394,-2500.0229477896064,-2395.5774436511147,-2397.5659408947354,-47.3440025079338
2026-03-17T10:12:46.286,0.2846258402042682,-5.769729958160517e-05,0.1740317850548375,0.16733997836832412,0.20518055189325088,-2322.1088498723325,-2500.0360608122387,-2391.2301343407266,-2395.4125135197974,-47.435243101334365
2026-03-17T10:12:46.397,0.2846258402042682,-5.769729958160517e-05,0.1740317850548375,0.16733997836832412,0.20518055189325088,-2322.1088498723325,-2500.0360608122387,-2391.2301343407266,-2395.4125135197974,-47.435243101334365
2026-03-17T10:12:46.503,0.2846258402042682,-5.769729958160517e-05,0.1740317850548375,0.16733997836832412,0.20518055189325088,-2322.1088498723325,-2500.0360608122387,-2391.2301343407266,-2395.4125135197974,-47.435243101334365
2026-03-17T10:12:46.617,0.28059781073299633,-8.392334484597116e-05,0.17365337931958824,0.1715074204788983,0.21269887636991397,-2324.626368291877,-2500.0524520905287,-2391.4666379252576,-2392.8078622006883,-47.34126404537607
2026-03-17T10:12:46.717,0.28059781073299633,-8.392334484597116e-05,0.17365337931958824,0.1715074204788983,0.21269887636991397,-2324.626368291877,-2500.0524520905287,-2391.4666379252576,-2392.8078622006883,-47.34126404537607
2026-03-17T10:12:46.828,0.28059781073299633,-8.392334484597116e-05,0.17365337931958824,0.1715074204788983,0.21269887636991397,-2324.626368291877,-2500.0524520905287,-2391.4666379252576,-2392.8078622006883,-47.34126404537607
2026-03-17T10:12:46.940,0.28759831683510784,-2.3603440737929386e-05,0.173648400296756,0.16918719583908043,0.18677808350533914,-2320.2510519780576,-2500.0147521504614,-2391.469749814528,-2394.258002600575,-47.66527395618326
2026-03-17T10:12:47.053,0.28759831683510784,-2.3603440737929386e-05,0.173648400296756,0.16918719583908043,0.18677808350533914,-2320.2510519780576,-2500.0147521504614,-2391.469749814528,-2394.258002600575,-47.66527395618326
2026-03-17T10:12:47.163,0.28759831683510784,-2.3603440737929386e-05,0.173648400296756,0.16918719583908043,0.18677808350533914,-2320.2510519780576,-2500.0147521504614,-2391.469749814528,-2394.258002600575,-47.66527395618326
2026-03-17T10:12:47.274,0.2860548197571174,-2.8848649790802585e-05,0.17020291649685476,0.16967016105380647,0.17871206651713106,-2321.2157376518016,-2500.018030406119,-2393.623177189466,-2393.956149341371,-47.76609916853587
2026-03-17T10:12:47.374,0.2860548197571174,-2.8848649790802585e-05,0.17020291649685476,0.16967016105380647,0.17871206651713106,-2321.2157376518016,-2500.018030406119,-2393.623177189466,-2393.956149341371,-47.76609916853587
2026-03-17T10:12:47.491,0.2860548197571174,-2.8848649790802585e-05,0.17020291649685476,0.16967016105380647,0.17871206651713106,-2321.2157376518016,-2500.018030406119,-2393.623177189466,-2393.956149341371,-47.76609916853587
2026-03-17T10:12:47.599,0.28337610547337916,2.3603440737929386e-05,0.17499273646145733,0.1725330991823371,0.17519687639757867,-2322.889934079138,-2499.9852478495386,-2390.629539711589,-2392.1668130110393,-47.810039045030265
2026-03-17T10:12:47.708,0.28337610547337916,2.3603440737929386e-05,0.17499273646145733,0.1725330991823371,0.17519687639757867,-2322.889934079138,-2499.9852478495386,-2390.629539711589,-2392.1668130110393,-47.810039045030265
2026-03-17T10:12:47.816,0.28337610547337916,2.3603440737929386e-05,0.17499273646145733,0.1725330991823371,0.17519687639757867,-2322.889934079138,-2499.9852478495386,-2390.629539711589,-2392.1668130110393,-47.810039045030265
2026-03-17T10:12:47.925,0.2962667955860154,-6.294250863447836e-05,0.18127128425289585,0.17971782912924095,0.17659100279060228,-2314.8332527587404,-2500.0393390678964,-2386.7054473419403,-2387.6763567942244,-47.79261246511747
2026-03-17T10:12:48.035,0.2962667955860154,-6.294250863447836e-05,0.18127128425289585,0.17971782912924095,0.17659100279060228,-2314.8332527587404,-2500.0393390678964,-2386.7054473419403,-2387.6763567942244,-47.79261246511747
2026-03-17T10:12:48.142,0.2962667955860154,-6.294250863447836e-05,0.18127128425289585,0.17971782912924095,0.17659100279060228,-2314.8332527587404,-2500.0393390678964,-2386.7054473419403,-2387.6763567942244,-47.79261246511747
2026-03-17T10:12:48.252,0.29873639091080006,-1.8358231685056193e-05,0.1756400094296469,0.17952364723878408,0.17991201101969784,-2313.2897556807497,-2500.011473894803,-2390.2249941064706,-2387.79772047576,-47.751099862253774
2026-03-17T10:12:48.360,0.29873639091080006,-1.8358231685056193e-05,0.1756400094296469,0.17952364723878408,0.17991201101969784,-2313.2897556807497,-2500.011473894803,-2390.2249941064706,-2387.79772047576,-47.751099862253774
2026-03-17T10:12:48.469,0.29873639091080006,-1.8358231685056193e-05,0.1756400094296469,0.17952364723878408,0.17991201101969784,-2313.2897556807497,-2500.011473894803,-2390.2249941064706,-2387.79772047576,-47.751099862253774
2026-03-17T10:12:48.578,0.30652856164323566,-2.622604526436599e-05,0.18639469874725764,0.18343715918491468,0.18627022317645198,-2308.419648972978,-2500.01639127829,-2383.503313282964,-2385.3517755094285,-47.67162221029435
2026-03-17T10:12:48.689,0.30652856164323566,-2.622604526436599e-05,0.18639469874725764,0.18343715918491468,0.18627022317645198,-2308.419648972978,-2500.01639127829,-2383.503313282964,-2385.3517755094285,-47.67162221029435
2026-03-17T10:12:48.797,0.30652856164323566,-2.622604526436599e-05,0.18639469874725764,0.18343715918491468,0.18627022317645198,-2308.419648972978,-2500.01639127829,-2383.503313282964,-2385.3517755094285,-47.67162221029435
2026-03-17T10:12:48.907,0.3086297092784355,-5.769729958160517e-05,0.1800763187731613,0.17957343746710636,0.1741064703973209,-2307.1064317009777,-2500.0360608122387,-2387.452300766774,-2387.766601583058,-47.82366912003349
2026-03-17T10:12:49.015,0.3086297092784355,-5.769729958160517e-05,0.1800763187731613,0.17957343746710636,0.1741064703973209,-2307.1064317009777,-2500.0360608122387,-2387.452300766774,-2387.766601583058,-47.82366912003349
2026-03-17T10:12:49.125,0.3086297092784355,-5.769729958160517e-05,0.1800763187731613,0.17957343746710636,0.1741064703973209,-2307.1064317009777,-2500.0360608122387,-2387.452300766774,-2387.766601583058,-47.82366912003349
2026-03-17T10:12:49.237,0.303008392500851,3.409385884367578e-05,0.17651133842528666,0.17705903093683162,0.1727173230271295,-2310.619754686968,-2499.9786913382227,-2389.680413484196,-2389.3381056644803,-47.84103346216088
2026-03-17T10:12:49.360,0.303008392500851,3.409385884367578e-05,0.17651133842528666,0.17705903093683162,0.1727173230271295,-2310.619754686968,-2499.9786913382227,-2389.680413484196,-2389.3381056644803,-47.84103346216088
2026-03-17T10:12:49.468,0.303008392500851,3.409385884367578e-05,0.17651133842528666,0.17705903093683162,0.1727173230271295,-2310.619754686968,-2499.9786913382227,-2389.680413484196,-2389.3381056644803,-47.84103346216088
2026-03-17T10:12:49.577,0.29920939807986163,-7.867813579309795e-06,0.1829641520158531,0.18032029089194046,0.17826395446223062,-2312.994126200086,-2500.0049173834873,-2385.647404990092,-2387.2998181925373,-47.77170056922212
2026-03-17T10:12:49.686,0.29920939807986163,-7.867813579309795e-06,0.1829641520158531,0.18032029089194046,0.17826395446223062,-2312.994126200086,-2500.0049173834873,-2385.647404990092,-2387.2998181925373,-47.77170056922212
2026-03-17T10:12:49.797,0.29920939807986163,-7.867813579309795e-06,0.1829641520158531,0.18032029089194046,0.17826395446223062,-2312.994126200086,-2500.0049173834873,-2385.647404990092,-2387.2998181925373,-47.77170056922212
2026-03-17T10:12:49.919,0.30142008421737054,-5.245209052873198e-05,0.18159492073699063,0.18166960607947402,0.17883654208793676,-2311.6124473641435,-2500.0327825565805,-2386.503174539381,-2386.4564962003287,-47.76454322390079
2026-03-17T10:12:50.028,0.30142008421737054,-5.245209052873198e-05,0.18159492073699063,0.18166960607947402,0.17883654208793676,-2311.6124473641435,-2500.0327825565805,-2386.503174539381,-2386.4564962003287,-47.76454322390079
2026-03-17T10:12:50.136,0.30142008421737054,-5.245209052873198e-05,0.18159492073699063,0.18166960607947402,0.17883654208793676,-2311.6124473641435,-2500.0327825565805,-2386.503174539381,-2386.4564962003287,-47.76454322390079
2026-03-17T10:12:50.246,0.3060256803371807,-3.933906789654898e-05,0.1866834820715268,0.18275503305689955,0.17706400995966387,-2308.733949789262,-2500.0245869174355,-2383.322823705296,-2385.7781043394375,-47.786699875504205
2026-03-17T10:12:50.355,0.3060256803371807,-3.933906789654898e-05,0.1866834820715268,0.18275503305689955,0.17706400995966387,-2308.733949789262,-2500.0245869174355,-2383.322823705296,-2385.7781043394375,-47.786699875504205
2026-03-17T10:12:50.462,0.3060256803371807,-3.933906789654898e-05,0.1866834820715268,0.18275503305689955,0.17706400995966387,-2308.733949789262,-2500.0245869174355,-2383.322823705296,-2385.7781043394375,-47.786699875504205
2026-03-17T10:12:50.574,0.3001006431668303,-6.818771768735155e-05,0.1802256894581281,0.1837707537146739,0.1709597279673533,-2312.437098020731,-2500.0426173235546,-2387.35894408867,-2385.143278928329,-47.86300340040808
2026-03-17T10:12:50.684,0.3001006431668303,-6.818771768735155e-05,0.1802256894581281,0.1837707537146739,0.1709597279673533,-2312.437098020731,-2500.0426173235546,-2387.35894408867,-2385.143278928329,-47.86300340040808
2026-03-17T10:12:50.808,0.3001006431668303,-6.818771768735155e-05,0.1802256894581281,0.1837707537146739,0.1709597279673533,-2312.437098020731,-2500.0426173235546,-2387.35894408867,-2385.143278928329,-47.86300340040808
2026-03-17T10:12:50.902,0.303008392500851,-5.245209052873197e-06,0.17636196774031984,0.17410149137448866,0.17014316822286804,-2310.619754686968,-2500.003278255658,-2389.7737701623,-2391.186567890945,-47.87321039721415
2026-03-17T10:12:51.012,0.303008392500851,-5.245209052873197e-06,0.17636196774031984,0.17410149137448866,0.17014316822286804,-2310.619754686968,-2500.003278255658,-2389.7737701623,-2391.186567890945,-47.87321039721415
2026-03-17T10:12:51.120,0.303008392500851,-5.245209052873197e-06,0.17636196774031984,0.17410149137448866,0.17014316822286804,-2310.619754686968,-2500.003278255658,-2389.7737701623,-2391.186567890945,-47.87321039721415
2026-03-17T10:12:51.229,0.29961269892927206,-3.409385884367578e-05,0.19141355376214267,0.18848090931396083,0.1820480118147233,-2312.742063169205,-2500.0213086617773,-2380.366528898661,-2382.1994316787745,-47.724399852315955
2026-03-17T10:12:51.339,0.29961269892927206,-3.409385884367578e-05,0.19141355376214267,0.18848090931396083,0.1820480118147233,-2312.742063169205,-2500.0213086617773,-2380.366528898661,-2382.1994316787745,-47.724399852315955
2026-03-17T10:12:51.448,0.29961269892927206,-3.409385884367578e-05,0.19141355376214267,0.18848090931396083,0.1820480118147233,-2312.742063169205,-2500.0213086617773,-2380.366528898661,-2382.1994316787745,-47.724399852315955
2026-03-17T10:12:51.561,0.29256738162167056,0.0,0.1739222465525285,0.17245343481702147,0.16836565707176293,-2317.1453864864557,-2500.0,-2391.29859590467,-2392.2166032393616,-47.89542928660296
2026-03-17T10:12:51.673,0.29256738162167056,0.0,0.1739222465525285,0.17245343481702147,0.16836565707176293,-2317.1453864864557,-2500.0,-2391.29859590467,-2392.2166032393616,-47.89542928660296
2026-03-17T10:12:51.781,0.29256738162167056,0.0,0.1739222465525285,0.17245343481702147,0.16836565707176293,-2317.1453864864557,-2500.0,-2391.29859590467,-2392.2166032393616,-47.89542928660296
2026-03-17T10:12:51.890,0.29952805554112416,-2.6226045264365987e-06,0.17924482196017938,0.17632213555766202,0.1622812911707813,-2312.7949652867974,-2500.001639127829,-2387.971986274888,-2389.798665276461,-47.97148386036523
2026-03-17T10:12:52.000,0.29952805554112416,-2.6226045264365987e-06,0.17924482196017938,0.17632213555766202,0.1622812911707813,-2312.7949652867974,-2500.001639127829,-2387.971986274888,-2389.798665276461,-47.97148386036523
2026-03-17T10:12:52.108,0.29952805554112416,-2.6226045264365987e-06,0.17924482196017938,0.17632213555766202,0.1622812911707813,-2312.7949652867974,-2500.001639127829,-2387.971986274888,-2389.798665276461,-47.97148386036523
2026-03-17T10:12:52.233,0.29521622176841544,-5.507469505516857e-05,0.18019581532113477,0.18077836099250535,0.17082529435088317,-2315.4898613947403,-2500.0344216844096,-2387.3776154242905,-2387.013524379684,-47.86468382061396
2026-03-17T10:12:52.343,0.29521622176841544,-5.507469505516857e-05,0.18019581532113477,0.18077836099250535,0.17082529435088317,-2315.4898613947403,-2500.0344216844096,-2387.3776154242905,-2387.013524379684,-47.86468382061396
2026-03-17T10:12:52.453,0.29521622176841544,-5.507469505516857e-05,0.18019581532113477,0.18077836099250535,0.17082529435088317,-2315.4898613947403,-2500.0344216844096,-2387.3776154242905,-2387.013524379684,-47.86468382061396
2026-03-17T10:12:52.562,0.299303999513674,-4.4584276949422175e-05,0.17829880762205622,0.17909047225238034,0.17144767220491158,-2312.9350003039535,-2500.0278651730932,-2388.5632452362147,-2388.0684548422623,-47.85690409743861
2026-03-17T10:12:52.686,0.299303999513674,-4.4584276949422175e-05,0.17829880762205622,0.17909047225238034,0.17144767220491158,-2312.9350003039535,-2500.0278651730932,-2388.5632452362147,-2388.0684548422623,-47.85690409743861
2026-03-17T10:12:52.789,0.299303999513674,-4.4584276949422175e-05,0.17829880762205622,0.17909047225238034,0.17144767220491158,-2312.9350003039535,-2500.0278651730932,-2388.5632452362147,-2388.0684548422623,-47.85690409743861
2026-03-17T10:12:52.893,0.2846756304325904,7.867813579309795e-06,0.18053438887372622,0.17980745154022104,0.1684353633914141,-2322.077730979631,-2499.9950826165127,-2387.166006953921,-2387.620342787362,-47.894557957607326
2026-03-17T10:12:53.005,0.2846756304325904,7.867813579309795e-06,0.18053438887372622,0.17980745154022104,0.1684353633914141,-2322.077730979631,-2499.9950826165127,-2387.166006953921,-2387.620342787362,-47.894557957607326
2026-03-17T10:12:53.118,0.2846756304325904,7.867813579309795e-06,0.18053438887372622,0.17980745154022104,0.1684353633914141,-2322.077730979631,-2499.9950826165127,-2387.166006953921,-2387.620342787362,-47.894557957607326
2026-03-17T10:12:53.221,0.3088786604200469,0.0,0.1895165460630641,0.18981528743299772,0.1735587778857759,-2306.9508372374708,-2500.0,-2381.552158710585,-2381.3654453543763,-47.830515276427796
2026-03-17T10:12:53.339,0.3088786604200469,0.0,0.1895165460630641,0.18981528743299772,0.1735587778857759,-2306.9508372374708,-2500.0,-2381.552158710585,-2381.3654453543763,-47.830515276427796
2026-03-17T10:12:53.438,0.3088786604200469,0.0,0.1895165460630641,0.18981528743299772,0.1735587778857759,-2306.9508372374708,-2500.0,-2381.552158710585,-2381.3654453543763,-47.830515276427796
2026-03-17T10:12:53.554,0.30043423769658956,-4.196167242298558e-05,0.16797231426801698,0.16863950332753544,0.16426792128083995,-2312.2286014396313,-2500.0262260452646,-2395.017303582489,-2394.6003104202905,-47.9466509839895
2026-03-17T10:12:53.661,0.30043423769658956,-4.196167242298558e-05,0.16797231426801698,0.16863950332753544,0.16426792128083995,-2312.2286014396313,-2500.0262260452646,-2395.017303582489,-2394.6003104202905,-47.9466509839895
2026-03-17T10:12:53.765,0.30043423769658956,-4.196167242298558e-05,0.16797231426801698,0.16863950332753544,0.16426792128083995,-2312.2286014396313,-2500.0262260452646,-2395.017303582489,-2394.6003104202905,-47.9466509839895
2026-03-17T10:12:53.876,0.2905757724887797,-5.245209052873198e-05,0.17527156174006206,0.16883368521799227,0.16348123567334805,-2318.390142194513,-2500.0327825565805,-2390.455273912461,-2394.478946738755,-47.956484554083154
2026-03-17T10:12:53.989,0.2905757724887797,-5.245209052873198e-05,0.17527156174006206,0.16883368521799227,0.16348123567334805,-2318.390142194513,-2500.0327825565805,-2390.455273912461,-2394.478946738755,-47.956484554083154
2026-03-17T10:12:54.094,0.2905757724887797,-5.245209052873198e-05,0.17527156174006206,0.16883368521799227,0.16348123567334805,-2318.390142194513,-2500.0327825565805,-2390.455273912461,-2394.478946738755,-47.956484554083154
2026-03-17T10:12:54.206,0.289311100689394,-7.867813579309795e-06,0.16973488835062542,0.17594870884524497,0.16551267698889677,-2319.180562069129,-2500.0049173834873,-2393.915694780859,-2390.032056971722,-47.93109153763879
2026-03-17T10:12:54.313,0.289311100689394,-7.867813579309795e-06,0.16973488835062542,0.17594870884524497,0.16551267698889677,-2319.180562069129,-2500.0049173834873,-2393.915694780859,-2390.032056971722,-47.93109153763879
2026-03-17T10:12:54.422,0.289311100689394,-7.867813579309795e-06,0.16973488835062542,0.17594870884524497,0.16551267698889677,-2319.180562069129,-2500.0049173834873,-2393.915694780859,-2390.032056971722,-47.93109153763879
2026-03-17T10:12:54.532,0.29094422017836447,-6.294250863447836e-05,0.1717812667346708,0.17203519689911437,0.16309785091526655,-2318.159862388522,-2500.0393390678964,-2392.6367082908305,-2392.4780019380532,-47.96127686355916
2026-03-17T10:12:54.640,0.29094422017836447,-6.294250863447836e-05,0.1717812667346708,0.17203519689911437,0.16309785091526655,-2318.159862388522,-2500.0393390678964,-2392.6367082908305,-2392.4780019380532,-47.96127686355916
2026-03-17T10:12:54.757,0.29094422017836447,-6.294250863447836e-05,0.1717812667346708,0.17203519689911437,0.16309785091526655,-2318.159862388522,-2500.0393390678964,-2392.6367082908305,-2392.4780019380532,-47.96127686355916
2026-03-17T10:12:54.870,0.29356816521094825,-0.00010228157653102735,0.17186093109998643,0.17539603731086775,0.16718562866052508,-2316.5198967431575,-2500.063925985332,-2392.586918062508,-2390.377476680708,-47.91017964174344
2026-03-17T10:12:54.980,0.29356816521094825,-0.00010228157653102735,0.17186093109998643,0.17539603731086775,0.16718562866052508,-2316.5198967431575,-2500.063925985332,-2392.586918062508,-2390.377476680708,-47.91017964174344
2026-03-17T10:12:55.089,0.29356816521094825,-0.00010228157653102735,0.17186093109998643,0.17539603731086775,0.16718562866052508,-2316.5198967431575,-2500.063925985332,-2392.586918062508,-2390.377476680708,-47.91017964174344
2026-03-17T10:12:55.188,0.29848743976918873,-2.098083621149279e-05,0.18974060209051433,0.1884161820171419,0.18002652854483905,-2313.445350144257,-2500.0131130226323,-2381.4121236934284,-2382.239886239286,-47.74966839318951
2026-03-17T10:12:55.306,0.29848743976918873,-2.098083621149279e-05,0.18974060209051433,0.1884161820171419,0.18002652854483905,-2313.445350144257,-2500.0131130226323,-2381.4121236934284,-2382.239886239286,-47.74966839318951
2026-03-17T10:12:55.415,0.29848743976918873,-2.098083621149279e-05,0.18974060209051433,0.1884161820171419,0.18002652854483905,-2313.445350144257,-2500.0131130226323,-2381.4121236934284,-2382.239886239286,-47.74966839318951
2026-03-17T10:12:55.517,0.3064787714149134,-1.3113022632182994e-05,0.18573746773340366,0.18381556492016393,0.17309572876237878,-2308.450767865679,-2500.008195639145,-2383.9140826666226,-2385.1152719248976,-47.83630339047026
2026-03-17T10:12:55.631,0.3064787714149134,-1.3113022632182994e-05,0.18573746773340366,0.18381556492016393,0.17309572876237878,-2308.450767865679,-2500.008195639145,-2383.9140826666226,-2385.1152719248976,-47.83630339047026
2026-03-17T10:12:55.738,0.3064787714149134,-1.3113022632182994e-05,0.18573746773340366,0.18381556492016393,0.17309572876237878,-2308.450767865679,-2500.008195639145,-2383.9140826666226,-2385.1152719248976,-47.83630339047026
2026-03-17T10:12:55.848,0.3048456519259429,-3.147125431723918e-05,0.18101735408845224,0.18020577336679922,0.17450977124673128,-2309.4714675462856,-2500.019669533948,-2386.8641536947175,-2387.3713916457505,-47.818627859415855
2026-03-17T10:12:55.959,0.3048456519259429,-3.147125431723918e-05,0.18101735408845224,0.18020577336679922,0.17450977124673128,-2309.4714675462856,-2500.019669533948,-2386.8641536947175,-2387.3713916457505,-47.818627859415855
2026-03-17T10:12:56.067,0.3048456519259429,-3.147125431723918e-05,0.18101735408845224,0.18020577336679922,0.17450977124673128,-2309.4714675462856,-2500.019669533948,-2386.8641536947175,-2387.3713916457505,-47.818627859415855
2026-03-17T10:12:56.176,0.3035212318525704,-2.622604526436599e-05,0.1819583894037432,0.1832379982716256,0.17975268228906657,-2310.2992300921437,-2500.01639127829,-2386.2760066226606,-2385.4762510802343,-47.75309147138667
2026-03-17T10:12:56.286,0.3035212318525704,-2.622604526436599e-05,0.1819583894037432,0.1832379982716256,0.17975268228906657,-2310.2992300921437,-2500.01639127829,-2386.2760066226606,-2385.4762510802343,-47.75309147138667
2026-03-17T10:12:56.393,0.3035212318525704,-2.622604526436599e-05,0.1819583894037432,0.1832379982716256,0.17975268228906657,-2310.2992300921437,-2500.01639127829,-2386.2760066226606,-2385.4762510802343,-47.75309147138667
2026-03-17T10:12:56.505,0.30696173662963944,-2.098083621149279e-05,0.18794815387091252,0.18291934081036307,0.17861746508331874,-2308.1489146064755,-2500.0131130226323,-2382.53240383068,-2385.675411993523,-47.76728168645852
2026-03-17T10:12:56.613,0.30696173662963944,-2.098083621149279e-05,0.18794815387091252,0.18291934081036307,0.17861746508331874,-2308.1489146064755,-2500.0131130226323,-2382.53240383068,-2385.675411993523,-47.76728168645852
2026-03-17T10:12:56.723,0.30696173662963944,-2.098083621149279e-05,0.18794815387091252,0.18291934081036307,0.17861746508331874,-2308.1489146064755,-2500.0131130226323,-2382.53240383068,-2385.675411993523,-47.76728168645852
2026-03-17T10:12:56.833,0.3018283640896131,-2.8848649790802585e-05,0.18423878186090326,0.18257578823493936,0.1698095736931088,-2311.357272443992,-2500.018030406119,-2384.8507613369356,-2385.8901323531627,-47.87738032883614
2026-03-17T10:12:56.940,0.3018283640896131,-2.8848649790802585e-05,0.18423878186090326,0.18257578823493936,0.1698095736931088,-2311.357272443992,-2500.018030406119,-2384.8507613369356,-2385.8901323531627,-47.87738032883614
2026-03-17T10:12:57.049,0.3018283640896131,-2.8848649790802585e-05,0.18423878186090326,0.18257578823493936,0.1698095736931088,-2311.357272443992,-2500.018030406119,-2384.8507613369356,-2385.8901323531627,-47.87738032883614
2026-03-17T10:12:57.160,0.3106362554798231,2.6226045264365987e-06,0.18523458642734872,0.17721338064463069,0.17696940852585155,-2305.8523403251106,-2499.998360872171,-2384.228383482907,-2389.241637097106,-47.787882393426855
2026-03-17T10:12:57.270,0.3106362554798231,2.6226045264365987e-06,0.18523458642734872,0.17721338064463069,0.17696940852585155,-2305.8523403251106,-2499.998360872171,-2384.228383482907,-2389.241637097106,-47.787882393426855
2026-03-17T10:12:57.397,0.3106362554798231,2.6226045264365987e-06,0.18523458642734872,0.17721338064463069,0.17696940852585155,-2305.8523403251106,-2499.998360872171,-2384.228383482907,-2389.241637097106,-47.787882393426855
2026-03-17T10:12:57.491,0.30266981894825956,-4.720688147585877e-05,0.18459229248199138,0.18273511696557065,0.17509729594093412,-2310.831363157338,-2500.0295043009223,-2384.6298171987555,-2385.7905518965185,-47.81128380073832
2026-03-17T10:12:57.601,0.30266981894825956,-4.720688147585877e-05,0.18459229248199138,0.18273511696557065,0.17509729594093412,-2310.831363157338,-2500.0295043009223,-2384.6298171987555,-2385.7905518965185,-47.81128380073832
2026-03-17T10:12:57.713,0.30266981894825956,-4.720688147585877e-05,0.18459229248199138,0.18273511696557065,0.17509729594093412,-2310.831363157338,-2500.0295043009223,-2384.6298171987555,-2385.7905518965185,-47.81128380073832
2026-03-17T10:12:57.823,0.3040739033869476,-2.8848649790802585e-05,0.18120157793324468,0.18172935435346074,0.17352890374878255,-2309.953810383158,-2500.018030406119,-2386.749013791722,-2386.419153529087,-47.83088870314022
2026-03-17T10:12:57.932,0.3040739033869476,-2.8848649790802585e-05,0.18120157793324468,0.18172935435346074,0.17352890374878255,-2309.953810383158,-2500.018030406119,-2386.749013791722,-2386.419153529087,-47.83088870314022
2026-03-17T10:12:58.039,0.3040739033869476,-2.8848649790802585e-05,0.18120157793324468,0.18172935435346074,0.17352890374878255,-2309.953810383158,-2500.018030406119,-2386.749013791722,-2386.419153529087,-47.83088870314022
2026-03-17T10:12:58.149,0.30679742887617595,1.573562715861959e-05,0.17846809439835193,0.18170943826213182,0.17917511564052818,-2308.25160695239,-2499.990165233026,-2388.45744100103,-2386.4316010861676,-47.7603110544934
2026-03-17T10:12:58.258,0.30679742887617595,1.573562715861959e-05,0.17846809439835193,0.18170943826213182,0.17917511564052818,-2308.25160695239,-2499.990165233026,-2388.45744100103,-2386.4316010861676,-47.7603110544934
2026-03-17T10:12:58.366,0.30679742887617595,1.573562715861959e-05,0.17846809439835193,0.18170943826213182,0.17917511564052818,-2308.25160695239,-2499.990165233026,-2388.45744100103,-2386.4316010861676,-47.7603110544934
2026-03-17T10:12:58.468,0.30927200322379284,-3.147125431723918e-05,0.18280482328522182,0.1868776639619837,0.1821575503170323,-2306.7049979851295,-2500.019669533948,-2385.7469854467363,-2383.2014600237603,-47.7230306210371
2026-03-17T10:12:58.580,0.30927200322379284,-3.147125431723918e-05,0.18280482328522182,0.1868776639619837,0.1821575503170323,-2306.7049979851295,-2500.019669533948,-2385.7469854467363,-2383.2014600237603,-47.7230306210371
2026-03-17T10:12:58.693,0.30927200322379284,-3.147125431723918e-05,0.18280482328522182,0.1868776639619837,0.1821575503170323,-2306.7049979851295,-2500.019669533948,-2385.7469854467363,-2383.2014600237603,-47.7230306210371
2026-03-17T10:12:58.803,0.3018433011581098,-3.147125431723918e-05,0.18896885355151913,0.18670837718568795,0.18308364856382653,-2311.3479367761815,-2500.019669533948,-2381.8944665303006,-2383.307264258945,-47.71145439295217
2026-03-17T10:12:58.909,0.3018433011581098,-3.147125431723918e-05,0.18896885355151913,0.18670837718568795,0.18308364856382653,-2311.3479367761815,-2500.019669533948,-2381.8944665303006,-2383.307264258945,-47.71145439295217
2026-03-17T10:12:59.021,0.3018433011581098,-3.147125431723918e-05,0.18896885355151913,0.18670837718568795,0.18308364856382653,-2311.3479367761815,-2500.019669533948,-2381.8944665303006,-2383.307264258945,-47.71145439295217
2026-03-17T10:12:59.131,0.3106511925483198,-5.507469505516857e-05,0.1897356230676821,0.18856057367927648,0.18558809704843685,-2305.8430046573,-2500.0344216844096,-2381.4152355826986,-2382.1496414504522,-47.68014878689454
2026-03-17T10:12:59.242,0.3106511925483198,-5.507469505516857e-05,0.1897356230676821,0.18856057367927648,0.18558809704843685,-2305.8430046573,-2500.0344216844096,-2381.4152355826986,-2382.1496414504522,-47.68014878689454
2026-03-17T10:12:59.349,0.3106511925483198,-5.507469505516857e-05,0.1897356230676821,0.18856057367927648,0.18558809704843685,-2305.8430046573,-2500.0344216844096,-2381.4152355826986,-2382.1496414504522,-47.68014878689454
2026-03-17T10:12:59.459,0.3113880879274894,-1.8358231685056193e-05,0.18556818095710795,0.18556818095710795,0.18590177548686715,-2305.3824450453194,-2500.011473894803,-2384.0198869018077,-2384.0198869018077,-47.67622780641416
2026-03-17T10:12:59.565,0.3113880879274894,-1.8358231685056193e-05,0.18556818095710795,0.18556818095710795,0.18590177548686715,-2305.3824450453194,-2500.011473894803,-2384.0198869018077,-2384.0198869018077,-47.67622780641416
2026-03-17T10:12:59.678,0.3113880879274894,-1.8358231685056193e-05,0.18556818095710795,0.18556818095710795,0.18590177548686715,-2305.3824450453194,-2500.011473894803,-2384.0198869018077,-2384.0198869018077,-47.67622780641416
2026-03-17T10:12:59.781,0.3091724227671483,-1.8358231685056193e-05,0.18544370538630225,0.1821824454311934,0.18161981585115175,-2306.7672357705324,-2500.011473894803,-2384.0976841335614,-2386.135971605504,-47.7297523018606
2026-03-17T10:12:59.898,0.3091724227671483,-1.8358231685056193e-05,0.18544370538630225,0.1821824454311934,0.18161981585115175,-2306.7672357705324,-2500.011473894803,-2384.0976841335614,-2386.135971605504,-47.7297523018606
2026-03-17T10:13:00.000,0.3091724227671483,-1.8358231685056193e-05,0.18544370538630225,0.1821824454311934,0.18161981585115175,-2306.7672357705324,-2500.011473894803,-2384.0976841335614,-2386.135971605504,-47.7297523018606
2026-03-17T10:13:00.109,0.3046464910126538,1.8358231685056193e-05,0.18315833390630995,0.18235671123032138,0.18333259970543792,-2309.5959431170913,-2499.988526105197,-2385.526041308556,-2386.027055481049,-47.708342503682026
2026-03-17T10:13:00.220,0.3046464910126538,1.8358231685056193e-05,0.18315833390630995,0.18235671123032138,0.18333259970543792,-2309.5959431170913,-2499.988526105197,-2385.526041308556,-2386.027055481049,-47.708342503682026
2026-03-17T10:13:00.337,0.3046464910126538,1.8358231685056193e-05,0.18315833390630995,0.18235671123032138,0.18333259970543792,-2309.5959431170913,-2499.988526105197,-2385.526041308556,-2386.027055481049,-47.708342503682026
2026-03-17T10:13:00.444,0.3032673016881268,-4.982948600229538e-05,0.18470681000713263,0.18545864245479893,0.18179408165027972,-2310.4579364449205,-2500.0311434287514,-2384.558243745542,-2384.0883484657506,-47.7275739793715
2026-03-17T10:13:00.556,0.3032673016881268,-4.982948600229538e-05,0.18470681000713263,0.18545864245479893,0.18179408165027972,-2310.4579364449205,-2500.0311434287514,-2384.558243745542,-2384.0883484657506,-47.7275739793715
2026-03-17T10:13:00.662,0.3032673016881268,-4.982948600229538e-05,0.18470681000713263,0.18545864245479893,0.18179408165027972,-2310.4579364449205,-2500.0311434287514,-2384.558243745542,-2384.0883484657506,-47.7275739793715
2026-03-17T10:13:00.765,0.3065385196889001,3.147125431723918e-05,0.1859117335325316,0.181843871878602,0.1835865298698815,-2308.4134251944374,-2499.980330466052,-2383.8051665421676,-2386.347580075874,-47.70516837662648
2026-03-17T10:13:00.885,0.3065385196889001,3.147125431723918e-05,0.1859117335325316,0.181843871878602,0.1835865298698815,-2308.4134251944374,-2499.980330466052,-2383.8051665421676,-2386.347580075874,-47.70516837662648
2026-03-17T10:13:00.990,0.3065385196889001,3.147125431723918e-05,0.1859117335325316,0.181843871878602,0.1835865298698815,-2308.4134251944374,-2499.980330466052,-2383.8051665421676,-2386.347580075874,-47.70516837662648
2026-03-17T10:13:01.094,0.29576889330279266,1.3113022632182994e-05,0.17458943561204693,0.16855485993938757,0.1755503870186668,-2315.144441685755,-2499.991804360855,-2390.8816027424705,-2394.6532125378826,-47.80562016226666
2026-03-17T10:13:01.203,0.29576889330279266,1.3113022632182994e-05,0.17458943561204693,0.16855485993938757,0.1755503870186668,-2315.144441685755,-2499.991804360855,-2390.8816027424705,-2394.6532125378826,-47.80562016226666
2026-03-17T10:13:01.311,0.29576889330279266,1.3113022632182994e-05,0.17458943561204693,0.16855485993938757,0.1755503870186668,-2315.144441685755,-2499.991804360855,-2390.8816027424705,-2394.6532125378826,-47.80562016226666
2026-03-17T10:13:01.420,0.29457392782305813,4.196167242298558e-05,0.17061617539192964,0.18206294888321997,0.1782042061882439,-2315.8912951105885,-2499.9737739547354,-2393.364890380044,-2386.2106569479874,-47.772447422646955
2026-03-17T10:13:01.531,0.29457392782305813,4.196167242298558e-05,0.17061617539192964,0.18206294888321997,0.1782042061882439,-2315.8912951105885,-2499.9737739547354,-2393.364890380044,-2386.2106569479874,-47.772447422646955
2026-03-17T10:13:01.639,0.29457392782305813,4.196167242298558e-05,0.17061617539192964,0.18206294888321997,0.1782042061882439,-2315.8912951105885,-2499.9737739547354,-2393.364890380044,-2386.2106569479874,-47.772447422646955
2026-03-17T10:13:01.749,0.3023113293043392,-5.245209052873198e-05,0.17988213688270446,0.18060409519337742,0.18388527123981513,-2311.0554191847878,-2500.0327825565805,-2387.57366444831,-2387.122440504139,-47.70143410950231
2026-03-17T10:13:01.873,0.3023113293043392,-5.245209052873198e-05,0.17988213688270446,0.18060409519337742,0.18388527123981513,-2311.0554191847878,-2500.0327825565805,-2387.57366444831,-2387.122440504139,-47.70143410950231
2026-03-17T10:13:01.982,0.3023113293043392,-5.245209052873198e-05,0.17988213688270446,0.18060409519337742,0.18388527123981513,-2311.0554191847878,-2500.0327825565805,-2387.57366444831,-2387.122440504139,-47.70143410950231
2026-03-17T10:13:02.091,0.30336190312193917,-2.622604526436599e-05,0.1719854066707921,0.1789759547272391,0.18480639046377717,-2310.398810548788,-2500.01639127829,-2392.509120830755,-2388.1400282954755,-47.68992011920278
2026-03-17T10:13:02.186,0.30336190312193917,-2.622604526436599e-05,0.1719854066707921,0.1789759547272391,0.18480639046377717,-2310.398810548788,-2500.01639127829,-2392.509120830755,-2388.1400282954755,-47.68992011920278
2026-03-17T10:13:02.296,0.30336190312193917,-2.622604526436599e-05,0.1719854066707921,0.1789759547272391,0.18480639046377717,-2310.398810548788,-2500.01639127829,-2392.509120830755,-2388.1400282954755,-47.68992011920278
2026-03-17T10:13:02.418,0.2964410613851433,-2.3603440737929386e-05,0.17462428877187253,0.17503256864411515,0.22001306091045575,-2314.7243366342855,-2500.0147521504614,-2390.8598195175796,-2390.604644597428,-47.24983673861931
2026-03-17T10:13:02.527,0.2964410613851433,-2.3603440737929386e-05,0.17462428877187253,0.17503256864411515,0.22001306091045575,-2314.7243366342855,-2500.0147521504614,-2390.8598195175796,-2390.604644597428,-47.24983673861931
2026-03-17T10:13:02.636,0.2964410613851433,-2.3603440737929386e-05,0.17462428877187253,0.17503256864411515,0.22001306091045575,-2314.7243366342855,-2500.0147521504614,-2390.8598195175796,-2390.604644597428,-47.24983673861931
2026-03-17T10:13:02.745,0.30240593073815153,-5.245209052873197e-06,0.17870210847146661,0.18047961962257172,0.22972713445613102,-2310.996293288655,-2500.003278255658,-2388.3111822053334,-2387.2002377358926,-47.12841081929836
2026-03-17T10:13:02.852,0.30240593073815153,-5.245209052873197e-06,0.17870210847146661,0.18047961962257172,0.22972713445613102,-2310.996293288655,-2500.003278255658,-2388.3111822053334,-2387.2002377358926,-47.12841081929836
2026-03-17T10:13:02.956,0.30240593073815153,-5.245209052873197e-06,0.17870210847146661,0.18047961962257172,0.22972713445613102,-2310.996293288655,-2500.003278255658,-2388.3111822053334,-2387.2002377358926,-47.12841081929836
2026-03-17T10:13:03.070,0.2984973978148532,-3.409385884367578e-05,0.17702417777700605,0.17997175929368456,0.23965530598359205,-2313.4391263657167,-2500.0213086617773,-2389.359888889371,-2387.517650441447,-47.004308675205095
2026-03-17T10:13:03.181,0.2984973978148532,-3.409385884367578e-05,0.17702417777700605,0.17997175929368456,0.23965530598359205,-2313.4391263657167,-2500.0213086617773,-2389.359888889371,-2387.517650441447,-47.004308675205095
2026-03-17T10:13:03.289,0.2984973978148532,-3.409385884367578e-05,0.17702417777700605,0.17997175929368456,0.23965530598359205,-2313.4391263657167,-2500.0213086617773,-2389.359888889371,-2387.517650441447,-47.004308675205095
2026-03-17T10:13:03.397,0.3094562270685852,0.0,0.17773617804201455,0.1800763187731613,0.2623546710757159,-2306.589858082134,-2500.0,-2388.914888723741,-2387.452300766774,-46.72056661155355
2026-03-17T10:13:03.500,0.3094562270685852,0.0,0.17773617804201455,0.1800763187731613,0.2623546710757159,-2306.589858082134,-2500.0,-2388.914888723741,-2387.452300766774,-46.72056661155355
2026-03-17T10:13:03.614,0.3094562270685852,0.0,0.17773617804201455,0.1800763187731613,0.2623546710757159,-2306.589858082134,-2500.0,-2388.914888723741,-2387.452300766774,-46.72056661155355
2026-03-17T10:13:03.723,0.3012856506009004,-4.4584276949422175e-05,0.17861746508331874,0.1788315630651045,0.2681801277894217,-2311.6964683744372,-2500.0278651730932,-2388.364084322926,-2388.23027308431,-46.647748402632224
2026-03-17T10:13:03.831,0.3012856506009004,-4.4584276949422175e-05,0.17861746508331874,0.1788315630651045,0.2681801277894217,-2311.6964683744372,-2500.0278651730932,-2388.364084322926,-2388.23027308431,-46.647748402632224
2026-03-17T10:13:03.939,0.3012856506009004,-4.4584276949422175e-05,0.17861746508331874,0.1788315630651045,0.2681801277894217,-2311.6964683744372,-2500.0278651730932,-2388.364084322926,-2388.23027308431,-46.647748402632224
2026-03-17T10:13:04.050,0.29914964980587494,1.8358231685056193e-05,0.17740756253508752,0.17655614963077668,0.25740552238048203,-2313.0314688713283,-2499.988526105197,-2389.1202734155704,-2389.6524064807645,-46.78243097024398
2026-03-17T10:13:04.158,0.29914964980587494,1.8358231685056193e-05,0.17740756253508752,0.17655614963077668,0.25740552238048203,-2313.0314688713283,-2499.988526105197,-2389.1202734155704,-2389.6524064807645,-46.78243097024398
2026-03-17T10:13:04.267,0.29914964980587494,1.8358231685056193e-05,0.17740756253508752,0.17655614963077668,0.25740552238048203,-2313.0314688713283,-2499.988526105197,-2389.1202734155704,-2389.6524064807645,-46.78243097024398
2026-03-17T10:13:04.380,0.29562450164065807,-4.4584276949422175e-05,0.17701919875417382,0.17784571654432355,0.28402835746440086,-2315.2346864745887,-2500.0278651730932,-2389.3630007786414,-2388.8464271597977,-46.44964553169499
2026-03-17T10:13:04.485,0.29562450164065807,-4.4584276949422175e-05,0.17701919875417382,0.17784571654432355,0.28402835746440086,-2315.2346864745887,-2500.0278651730932,-2389.3630007786414,-2388.8464271597977,-46.44964553169499
2026-03-17T10:13:04.610,0.29562450164065807,-4.4584276949422175e-05,0.17701919875417382,0.17784571654432355,0.28402835746440086,-2315.2346864745887,-2500.0278651730932,-2389.3630007786414,-2388.8464271597977,-46.44964553169499
2026-03-17T10:13:04.717,0.3010665735962824,-1.8358231685056193e-05,0.18172935435346074,0.18450267007101132,0.3202507485688538,-2311.8333915023236,-2500.011473894803,-2386.419153529087,-2384.685831205618,-45.996865642889325
2026-03-17T10:13:04.812,0.3010665735962824,-1.8358231685056193e-05,0.18172935435346074,0.18450267007101132,0.3202507485688538,-2311.8333915023236,-2500.011473894803,-2386.419153529087,-2384.685831205618,-45.996865642889325
2026-03-17T10:13:04.923,0.3010665735962824,-1.8358231685056193e-05,0.18172935435346074,0.18450267007101132,0.3202507485688538,-2311.8333915023236,-2500.011473894803,-2386.419153529087,-2384.685831205618,-45.996865642889325
2026-03-17T10:13:05.033,0.30380503615400734,-2.098083621149279e-05,0.1834421382077469,0.17997175929368456,0.32666870899959466,-2310.1218524037454,-2500.0131130226323,-2385.3486636201583,-2387.517650441447,-45.91664113750507
2026-03-17T10:13:05.143,0.30380503615400734,-2.098083621149279e-05,0.1834421382077469,0.17997175929368456,0.32666870899959466,-2310.1218524037454,-2500.0131130226323,-2385.3486636201583,-2387.517650441447,-45.91664113750507
2026-03-17T10:13:05.253,0.30380503615400734,-2.098083621149279e-05,0.1834421382077469,0.17997175929368456,0.32666870899959466,-2310.1218524037454,-2500.0131130226323,-2385.3486636201583,-2387.517650441447,-45.91664113750507
2026-03-17T10:13:05.364,0.2964311033394789,-0.00010752678558390054,0.1784083461243652,0.17654619158511223,0.3195437273266776,-2314.7305604128255,-2500.06720424099,-2388.4947836722718,-2389.658630259305,-46.00570340841653
2026-03-17T10:13:05.477,0.2964311033394789,-0.00010752678558390054,0.1784083461243652,0.17654619158511223,0.3195437273266776,-2314.7305604128255,-2500.06720424099,-2388.4947836722718,-2389.658630259305,-46.00570340841653
2026-03-17T10:13:05.588,0.2964311033394789,-0.00010752678558390054,0.1784083461243652,0.17654619158511223,0.3195437273266776,-2314.7305604128255,-2500.06720424099,-2388.4947836722718,-2389.658630259305,-46.00570340841653
2026-03-17T10:13:05.696,0.2829628465783043,-5.245209052873197e-06,0.16500481666000957,0.16646864937268435,0.29914964980587494,-2323.14822088856,-2500.003278255658,-2396.871989587494,-2395.957094142072,-46.26062937742657
2026-03-17T10:13:05.796,0.2829628465783043,-5.245209052873197e-06,0.16500481666000957,0.16646864937268435,0.29914964980587494,-2323.14822088856,-2500.003278255658,-2396.871989587494,-2395.957094142072,-46.26062937742657
2026-03-17T10:13:05.909,0.2829628465783043,-5.245209052873197e-06,0.16500481666000957,0.16646864937268435,0.29914964980587494,-2323.14822088856,-2500.003278255658,-2396.871989587494,-2395.957094142072,-46.26062937742657
2026-03-17T10:13:06.024,0.28094136330842,-1.573562715861959e-05,0.16712588038653836,0.16674249562845686,0.3203104968428406,-2324.4116479322374,-2500.009834766974,-2395.5463247584134,-2395.7859402322147,-45.99611878946449
2026-03-17T10:13:06.133,0.28094136330842,-1.573562715861959e-05,0.16712588038653836,0.16674249562845686,0.3203104968428406,-2324.4116479322374,-2500.009834766974,-2395.5463247584134,-2395.7859402322147,-45.99611878946449
2026-03-17T10:13:06.244,0.28094136330842,-1.573562715861959e-05,0.16712588038653836,0.16674249562845686,0.3203104968428406,-2324.4116479322374,-2500.009834766974,-2395.5463247584134,-2395.7859402322147,-45.99611878946449
2026-03-17T10:13:06.354,0.28504407812217525,-4.196167242298558e-05,0.17320028824185554,0.173648400296756,0.3184035310980975,-2321.8474511736404,-2500.0262260452646,-2391.74981984884,-2391.469749814528,-46.01995586127378
2026-03-17T10:13:06.463,0.28504407812217525,-4.196167242298558e-05,0.17320028824185554,0.173648400296756,0.3184035310980975,-2321.8474511736404,-2500.0262260452646,-2391.74981984884,-2391.469749814528,-46.01995586127378
2026-03-17T10:13:06.571,0.28504407812217525,-4.196167242298558e-05,0.17320028824185554,0.173648400296756,0.3184035310980975,-2321.8474511736404,-2500.0262260452646,-2391.74981984884,-2391.469749814528,-46.01995586127378
2026-03-17T10:13:06.679,0.2915267658497351,-5.245209052873198e-05,0.1671358384322028,0.1603793044488705,0.29988654518504454,-2317.7957713439155,-2500.0327825565805,-2395.5401009798734,-2399.762934719456,-46.25141818518694
2026-03-17T10:13:06.789,0.2915267658497351,-5.245209052873198e-05,0.1671358384322028,0.1603793044488705,0.29988654518504454,-2317.7957713439155,-2500.0327825565805,-2395.5401009798734,-2399.762934719456,-46.25141818518694
2026-03-17T10:13:06.899,0.2915267658497351,-5.245209052873198e-05,0.1671358384322028,0.1603793044488705,0.29988654518504454,-2317.7957713439155,-2500.0327825565805,-2395.5401009798734,-2399.762934719456,-46.25141818518694
2026-03-17T10:13:07.008,0.2875535056296178,-4.196167242298558e-05,0.16435754369182004,0.1676636148524189,0.2568379137776082,-2320.279058981489,-2500.0262260452646,-2397.2765351926128,-2395.2102407172383,-46.7895260777799
2026-03-17T10:13:07.116,0.2875535056296178,-4.196167242298558e-05,0.16435754369182004,0.1676636148524189,0.2568379137776082,-2320.279058981489,-2500.0262260452646,-2397.2765351926128,-2395.2102407172383,-46.7895260777799
2026-03-17T10:13:07.226,0.2875535056296178,-4.196167242298558e-05,0.16435754369182004,0.1676636148524189,0.2568379137776082,-2320.279058981489,-2500.0262260452646,-2397.2765351926128,-2395.2102407172383,-46.7895260777799
2026-03-17T10:13:07.334,0.28813107227815615,-4.4584276949422175e-05,0.1694958952546785,0.17043195154713722,0.2755590396267824,-2319.9180798261523,-2500.0278651730932,-2394.065065465826,-2393.480030283039,-46.555512004665225
2026-03-17T10:13:07.447,0.28813107227815615,-4.4584276949422175e-05,0.1694958952546785,0.17043195154713722,0.2755590396267824,-2319.9180798261523,-2500.0278651730932,-2394.065065465826,-2393.480030283039,-46.555512004665225
2026-03-17T10:13:07.556,0.28813107227815615,-4.4584276949422175e-05,0.1694958952546785,0.17043195154713722,0.2755590396267824,-2319.9180798261523,-2500.0278651730932,-2394.065065465826,-2393.480030283039,-46.555512004665225
2026-03-17T10:13:07.665,0.2798858104679879,-6.031990410804177e-05,0.16679228585677913,0.16648358644118105,0.25758476720244217,-2325.0713684575076,-2500.0376999400673,-2395.754821339513,-2395.947758474262,-46.78019040996947
2026-03-17T10:13:07.773,0.2798858104679879,-6.031990410804177e-05,0.16679228585677913,0.16648358644118105,0.25758476720244217,-2325.0713684575076,-2500.0376999400673,-2395.754821339513,-2395.947758474262,-46.78019040996947
2026-03-17T10:13:07.882,0.2798858104679879,-6.031990410804177e-05,0.16679228585677913,0.16648358644118105,0.25758476720244217,-2325.0713684575076,-2500.0376999400673,-2395.754821339513,-2395.947758474262,-46.78019040996947
2026-03-17T10:13:07.990,0.27971652369169214,-5.507469505516857e-05,0.16316755723491774,0.16677236976545023,0.23467130412853263,-2325.1771726926922,-2500.0344216844096,-2398.020276728176,-2395.7672688965936,-47.06660869839334
2026-03-17T10:13:08.100,0.27971652369169214,-5.507469505516857e-05,0.16316755723491774,0.16677236976545023,0.23467130412853263,-2325.1771726926922,-2500.0344216844096,-2398.020276728176,-2395.7672688965936,-47.06660869839334
2026-03-17T10:13:08.210,0.27971652369169214,-5.507469505516857e-05,0.16316755723491774,0.16677236976545023,0.23467130412853263,-2325.1771726926922,-2500.0344216844096,-2398.020276728176,-2395.7672688965936,-47.06660869839334
2026-03-17T10:13:08.319,0.2783672085041586,0.0,0.16300324948145423,0.16874904182984443,0.22391163578808965,-2326.0204946849008,-2500.0,-2398.122969074091,-2394.531848856347,-47.20110455264888
2026-03-17T10:13:08.429,0.2783672085041586,0.0,0.16300324948145423,0.16874904182984443,0.22391163578808965,-2326.0204946849008,-2500.0,-2398.122969074091,-2394.531848856347,-47.20110455264888
2026-03-17T10:13:08.537,0.2783672085041586,0.0,0.16300324948145423,0.16874904182984443,0.22391163578808965,-2326.0204946849008,-2500.0,-2398.122969074091,-2394.531848856347,-47.20110455264888
2026-03-17T10:13:08.644,0.27292015752570203,-4.4584276949422175e-05,0.16325717964589784,0.1596075559098753,0.22078978847228317,-2329.4249015464366,-2500.0278651730932,-2397.964262721314,-2400.245277556328,-47.24012764409646
2026-03-17T10:13:08.757,0.27292015752570203,-4.4584276949422175e-05,0.16325717964589784,0.1596075559098753,0.22078978847228317,-2329.4249015464366,-2500.0278651730932,-2397.964262721314,-2400.245277556328,-47.24012764409646
2026-03-17T10:13:08.864,0.27292015752570203,-4.4584276949422175e-05,0.16325717964589784,0.1596075559098753,0.22078978847228317,-2329.4249015464366,-2500.0278651730932,-2397.964262721314,-2400.245277556328,-47.24012764409646
2026-03-17T10:13:08.973,0.2741201020282688,-4.982948600229538e-05,0.1651741034363053,0.1620074449150088,0.214715380616966,-2328.674936232332,-2500.0311434287514,-2396.766185352309,-2398.7453469281195,-47.316057742287924
2026-03-17T10:13:09.082,0.2741201020282688,-4.982948600229538e-05,0.1651741034363053,0.1620074449150088,0.214715380616966,-2328.674936232332,-2500.0311434287514,-2396.766185352309,-2398.7453469281195,-47.316057742287924
2026-03-17T10:13:09.190,0.2741201020282688,-4.982948600229538e-05,0.1651741034363053,0.1620074449150088,0.214715380616966,-2328.674936232332,-2500.0311434287514,-2396.766185352309,-2398.7453469281195,-47.316057742287924
2026-03-17T10:13:09.299,0.2778792642666003,-1.573562715861959e-05,0.16638898500736873,0.16100666132573113,0.2015906764312151,-2326.325459833375,-2500.009834766974,-2396.006884370395,-2399.370836671418,-47.480116544609814
2026-03-17T10:13:09.405,0.2778792642666003,-1.573562715861959e-05,0.16638898500736873,0.16100666132573113,0.2015906764312151,-2326.325459833375,-2500.009834766974,-2396.006884370395,-2399.370836671418,-47.480116544609814
2026-03-17T10:13:09.515,0.2778792642666003,-1.573562715861959e-05,0.16638898500736873,0.16100666132573113,0.2015906764312151,-2326.325459833375,-2500.009834766974,-2396.006884370395,-2399.370836671418,-47.480116544609814
2026-03-17T10:13:09.624,0.27572832640307815,-7.867813579309795e-06,0.17683995393221363,0.182655452600255,0.218200696599525,-2327.669795998076,-2500.0049173834873,-2389.4750287923666,-2385.8403421248404,-47.27249129250593
2026-03-17T10:13:09.734,0.27572832640307815,-7.867813579309795e-06,0.17683995393221363,0.182655452600255,0.218200696599525,-2327.669795998076,-2500.0049173834873,-2389.4750287923666,-2385.8403421248404,-47.27249129250593
2026-03-17T10:13:09.843,0.27572832640307815,-7.867813579309795e-06,0.17683995393221363,0.182655452600255,0.218200696599525,-2327.669795998076,-2500.0049173834873,-2389.4750287923666,-2385.8403421248404,-47.27249129250593
2026-03-17T10:13:09.952,0.29271177328380515,-5.507469505516857e-05,0.1729712531915731,0.17533628903688103,0.18281478133088627,-2317.055141697622,-2500.0344216844096,-2391.892966755267,-2390.414819351949,-47.71481523336392
2026-03-17T10:13:10.062,0.29271177328380515,-5.507469505516857e-05,0.1729712531915731,0.17533628903688103,0.18281478133088627,-2317.055141697622,-2500.0344216844096,-2391.892966755267,-2390.414819351949,-47.71481523336392
2026-03-17T10:13:10.171,0.29271177328380515,-5.507469505516857e-05,0.1729712531915731,0.17533628903688103,0.18281478133088627,-2317.055141697622,-2500.0344216844096,-2391.892966755267,-2390.414819351949,-47.71481523336392
2026-03-17T10:13:10.295,0.28300765778379433,-1.573562715861959e-05,0.16314764114358882,0.1603444512890449,0.16635911087037536,-2323.1202138851286,-2500.009834766974,-2398.032724285257,-2399.784717944347,-47.92051111412031
2026-03-17T10:13:10.389,0.28300765778379433,-1.573562715861959e-05,0.16314764114358882,0.1603444512890449,0.16635911087037536,-2323.1202138851286,-2500.009834766974,-2398.032724285257,-2399.784717944347,-47.92051111412031
2026-03-17T10:13:10.499,0.28300765778379433,-1.573562715861959e-05,0.16314764114358882,0.1603444512890449,0.16635911087037536,-2323.1202138851286,-2500.009834766974,-2398.032724285257,-2399.784717944347,-47.92051111412031
2026-03-17T10:13:10.623,0.2718745627309343,-2.622604526436599e-05,0.16377997704328168,0.16070294093296525,0.17532633099121656,-2330.078398293166,-2500.01639127829,-2397.637514347949,-2399.5606619168966,-47.80842086260979
2026-03-17T10:13:10.733,0.2718745627309343,-2.622604526436599e-05,0.16377997704328168,0.16070294093296525,0.17532633099121656,-2330.078398293166,-2500.01639127829,-2397.637514347949,-2399.5606619168966,-47.80842086260979
2026-03-17T10:13:10.857,0.2718745627309343,-2.622604526436599e-05,0.16377997704328168,0.16070294093296525,0.17532633099121656,-2330.078398293166,-2500.01639127829,-2397.637514347949,-2399.5606619168966,-47.80842086260979
2026-03-17T10:13:10.956,0.28134466415783044,-5.245209052873197e-06,0.16146971044912825,0.1627542983398429,0.1674993070989554,-2324.159584901356,-2500.003278255658,-2399.0814309692946,-2398.278563537598,-47.90625866126306
2026-03-17T10:13:11.068,0.28134466415783044,-5.245209052873197e-06,0.16146971044912825,0.1627542983398429,0.1674993070989554,-2324.159584901356,-2500.003278255658,-2399.0814309692946,-2398.278563537598,-47.90625866126306
2026-03-17T10:13:11.174,0.28134466415783044,-5.245209052873197e-06,0.16146971044912825,0.1627542983398429,0.1674993070989554,-2324.159584901356,-2500.003278255658,-2399.0814309692946,-2398.278563537598,-47.90625866126306
2026-03-17T10:13:11.293,0.27808838322555385,-6.294250863447836e-05,0.16675743269695356,0.16353600492450254,0.16531849509843988,-2326.194760484029,-2500.0393390678964,-2395.776604564404,-2397.7899969221858,-47.93351881126951
2026-03-17T10:13:11.397,0.27808838322555385,-6.294250863447836e-05,0.16675743269695356,0.16353600492450254,0.16531849509843988,-2326.194760484029,-2500.0393390678964,-2395.776604564404,-2397.7899969221858,-47.93351881126951
2026-03-17T10:13:11.500,0.27808838322555385,-6.294250863447836e-05,0.16675743269695356,0.16353600492450254,0.16531849509843988,-2326.194760484029,-2500.0393390678964,-2395.776604564404,-2397.7899969221858,-47.93351881126951
2026-03-17T10:13:11.617,0.2760619209328374,-8.392334484597116e-05,0.16637404793887206,0.1616589133167529,0.1591544648321426,-2327.4612994169765,-2500.0524520905287,-2396.0162200382047,-2398.9631791770294,-48.010569189598215
2026-03-17T10:13:11.726,0.2760619209328374,-8.392334484597116e-05,0.16637404793887206,0.1616589133167529,0.1591544648321426,-2327.4612994169765,-2500.0524520905287,-2396.0162200382047,-2398.9631791770294,-48.010569189598215
2026-03-17T10:13:11.836,0.2760619209328374,-8.392334484597116e-05,0.16637404793887206,0.1616589133167529,0.1591544648321426,-2327.4612994169765,-2500.0524520905287,-2396.0162200382047,-2398.9631791770294,-48.010569189598215
2026-03-17T10:13:11.941,0.27867590791975666,-5.507469505516857e-05,0.1619327595725254,0.16495004740885508,0.15533057529699212,-2325.827557550152,-2500.0344216844096,-2398.7920252671715,-2396.9062203694657,-48.0583678087876
2026-03-17T10:13:12.047,0.27867590791975666,-5.507469505516857e-05,0.1619327595725254,0.16495004740885508,0.15533057529699212,-2325.827557550152,-2500.0344216844096,-2398.7920252671715,-2396.9062203694657,-48.0583678087876
2026-03-17T10:13:12.158,0.27867590791975666,-5.507469505516857e-05,0.1619327595725254,0.16495004740885508,0.15533057529699212,-2325.827557550152,-2500.0344216844096,-2398.7920252671715,-2396.9062203694657,-48.0583678087876
2026-03-17T10:13:12.269,0.27962192225787985,-4.4584276949422175e-05,0.15418540004557985,0.15735205856687634,0.15964240906970087,-2325.236298588825,-2500.0278651730932,-2403.634124971513,-2401.6549633957025,-48.00446988662873
2026-03-17T10:13:12.380,0.27962192225787985,-4.4584276949422175e-05,0.15418540004557985,0.15735205856687634,0.15964240906970087,-2325.236298588825,-2500.0278651730932,-2403.634124971513,-2401.6549633957025,-48.00446988662873
2026-03-17T10:13:12.504,0.27962192225787985,-4.4584276949422175e-05,0.15418540004557985,0.15735205856687634,0.15964240906970087,-2325.236298588825,-2500.0278651730932,-2403.634124971513,-2401.6549633957025,-48.00446988662873
2026-03-17T10:13:12.599,0.2731541715988167,-1.3113022632182994e-05,0.16117096907919462,0.17698434559434822,0.1803651020974305,-2329.2786427507394,-2500.008195639145,-2399.2681443255033,-2389.3847840035323,-47.745436223782114
2026-03-17T10:13:12.710,0.2731541715988167,-1.3113022632182994e-05,0.16117096907919462,0.17698434559434822,0.1803651020974305,-2329.2786427507394,-2500.008195639145,-2399.2681443255033,-2389.3847840035323,-47.745436223782114
2026-03-17T10:13:12.811,0.2731541715988167,-1.3113022632182994e-05,0.16117096907919462,0.17698434559434822,0.1803651020974305,-2329.2786427507394,-2500.008195639145,-2399.2681443255033,-2389.3847840035323,-47.745436223782114
2026-03-17T10:13:12.926,0.3035511059895638,-7.343292674022477e-05,0.17438529567592562,0.17915519954919928,0.17483838675365831,-2310.2805587565226,-2500.045895579213,-2391.0091902025465,-2388.0280002817503,-47.814520165579275
2026-03-17T10:13:13.035,0.3035511059895638,-7.343292674022477e-05,0.17438529567592562,0.17915519954919928,0.17483838675365831,-2310.2805587565226,-2500.045895579213,-2391.0091902025465,-2388.0280002817503,-47.814520165579275
2026-03-17T10:13:13.146,0.3035511059895638,-7.343292674022477e-05,0.17438529567592562,0.17915519954919928,0.17483838675365831,-2310.2805587565226,-2500.045895579213,-2391.0091902025465,-2388.0280002817503,-47.814520165579275
2026-03-17T10:13:13.255,0.3044572881450291,-3.147125431723918e-05,0.17592879275391607,0.17863738117464767,0.17560017724698906,-2309.714194909357,-2500.019669533948,-2390.0445045288025,-2388.3516367658453,-47.80499778441264
2026-03-17T10:13:13.364,0.3044572881450291,-3.147125431723918e-05,0.17592879275391607,0.17863738117464767,0.17560017724698906,-2309.714194909357,-2500.019669533948,-2390.0445045288025,-2388.3516367658453,-47.80499778441264
2026-03-17T10:13:13.473,0.3044572881450291,-3.147125431723918e-05,0.17592879275391607,0.17863738117464767,0.17560017724698906,-2309.714194909357,-2500.019669533948,-2390.0445045288025,-2388.3516367658453,-47.80499778441264
2026-03-17T10:13:13.582,0.2985870202258333,-5.769729958160517e-05,0.17423094596812658,0.16690182435908812,0.16211698341731778,-2313.3831123588543,-2500.0360608122387,-2391.105658769921,-2395.6863597755696,-47.973537707283526
2026-03-17T10:13:13.689,0.2985870202258333,-5.769729958160517e-05,0.17423094596812658,0.16690182435908812,0.16211698341731778,-2313.3831123588543,-2500.0360608122387,-2391.105658769921,-2395.6863597755696,-47.973537707283526
2026-03-17T10:13:13.798,0.2985870202258333,-5.769729958160517e-05,0.17423094596812658,0.16690182435908812,0.16211698341731778,-2313.3831123588543,-2500.0360608122387,-2391.105658769921,-2395.6863597755696,-47.973537707283526
2026-03-17T10:13:13.907,0.275987235590354,-3.933906789654898e-05,0.16325717964589784,0.16589606174697824,0.16563715255970243,-2327.5079777560286,-2500.0245869174355,-2397.964262721314,-2396.3149614081385,-47.92953559300372
2026-03-17T10:13:14.015,0.275987235590354,-3.933906789654898e-05,0.16325717964589784,0.16589606174697824,0.16563715255970243,-2327.5079777560286,-2500.0245869174355,-2397.964262721314,-2396.3149614081385,-47.92953559300372
2026-03-17T10:13:14.128,0.275987235590354,-3.933906789654898e-05,0.16325717964589784,0.16589606174697824,0.16563715255970243,-2327.5079777560286,-2500.0245869174355,-2397.964262721314,-2396.3149614081385,-47.92953559300372
2026-03-17T10:13:14.237,0.2789945653810192,-5.245209052873197e-06,0.1614248992436382,0.16483055086088164,0.16734993641398857,-2325.628396636863,-2500.003278255658,-2399.109437972726,-2396.980905711949,-47.90812579482514
2026-03-17T10:13:14.348,0.2789945653810192,-5.245209052873197e-06,0.1614248992436382,0.16483055086088164,0.16734993641398857,-2325.628396636863,-2500.003278255658,-2399.109437972726,-2396.980905711949,-47.90812579482514
2026-03-17T10:13:14.453,0.2789945653810192,-5.245209052873197e-06,0.1614248992436382,0.16483055086088164,0.16734993641398857,-2325.628396636863,-2500.003278255658,-2399.109437972726,-2396.980905711949,-47.90812579482514
2026-03-17T10:13:14.566,0.2657453856244626,5.245209052873197e-06,0.16517908245913754,0.16681718097094028,0.16622965627673747,-2333.909133984711,-2499.996721744342,-2396.7630734630393,-2395.739261893162,-47.92212929654078
2026-03-17T10:13:14.672,0.2657453856244626,5.245209052873197e-06,0.16517908245913754,0.16681718097094028,0.16622965627673747,-2333.909133984711,-2499.996721744342,-2396.7630734630393,-2395.739261893162,-47.92212929654078
2026-03-17T10:13:14.780,0.2657453856244626,5.245209052873197e-06,0.16517908245913754,0.16681718097094028,0.16622965627673747,-2333.909133984711,-2499.996721744342,-2396.7630734630393,-2395.739261893162,-47.92212929654078
2026-03-17T10:13:14.892,0.2707493035708509,-2.3603440737929386e-05,0.16417829886985985,0.16160414406559837,0.15665997439319676,-2330.781685268218,-2500.0147521504614,-2397.3885632063375,-2398.9974099590013,-48.04175032008504
2026-03-17T10:13:15.005,0.2707493035708509,-2.3603440737929386e-05,0.16417829886985985,0.16160414406559837,0.15665997439319676,-2330.781685268218,-2500.0147521504614,-2397.3885632063375,-2398.9974099590013,-48.04175032008504
2026-03-17T10:13:15.110,0.2707493035708509,-2.3603440737929386e-05,0.16417829886985985,0.16160414406559837,0.15665997439319676,-2330.781685268218,-2500.0147521504614,-2397.3885632063375,-2398.9974099590013,-48.04175032008504
2026-03-17T10:13:15.222,0.2693153449951695,-3.671646337011239e-05,0.16046394783701837,0.16487038304353943,0.1674594749162976,-2331.677909378019,-2500.0229477896064,-2399.7100326018635,-2396.9560105977876,-47.90675656354628
2026-03-17T10:13:15.332,0.2693153449951695,-3.671646337011239e-05,0.16046394783701837,0.16487038304353943,0.1674594749162976,-2331.677909378019,-2500.0229477896064,-2399.7100326018635,-2396.9560105977876,-47.90675656354628
2026-03-17T10:13:15.440,0.2693153449951695,-3.671646337011239e-05,0.16046394783701837,0.16487038304353943,0.1674594749162976,-2331.677909378019,-2500.0229477896064,-2399.7100326018635,-2396.9560105977876,-47.90675656354628
2026-03-17T10:13:15.549,0.27322885694130006,-1.8358231685056193e-05,0.1587312478914033,0.16221656387396233,0.16519401952763418,-2329.2319644116874,-2500.011473894803,-2400.792970067873,-2398.614647578773,-47.93507475590457
2026-03-17T10:13:15.658,0.27322885694130006,-1.8358231685056193e-05,0.1587312478914033,0.16221656387396233,0.16519401952763418,-2329.2319644116874,-2500.011473894803,-2400.792970067873,-2398.614647578773,-47.93507475590457
2026-03-17T10:13:15.768,0.27322885694130006,-1.8358231685056193e-05,0.1587312478914033,0.16221656387396233,0.16519401952763418,-2329.2319644116874,-2500.011473894803,-2400.792970067873,-2398.614647578773,-47.93507475590457
2026-03-17T10:13:15.876,0.2726064790872717,-5.507469505516857e-05,0.15989633923414448,0.16192778054969315,0.16712588038653836,-2329.620950570455,-2500.0344216844096,-2400.0647879786598,-2398.795137156442,-47.91092649516827
2026-03-17T10:13:15.984,0.2726064790872717,-5.507469505516857e-05,0.15989633923414448,0.16192778054969315,0.16712588038653836,-2329.620950570455,-2500.0344216844096,-2400.0647879786598,-2398.795137156442,-47.91092649516827
2026-03-17T10:13:16.094,0.2726064790872717,-5.507469505516857e-05,0.15989633923414448,0.16192778054969315,0.16712588038653836,-2329.620950570455,-2500.0344216844096,-2400.0647879786598,-2398.795137156442,-47.91092649516827
2026-03-17T10:13:16.206,0.275987235590354,-7.081032221378817e-05,0.15982165389166106,0.16441729196580676,0.16181824204738415,-2327.5079777560286,-2500.0442564513837,-2400.111466317712,-2397.2391925213706,-47.9772719744077
2026-03-17T10:13:16.311,0.275987235590354,-7.081032221378817e-05,0.15982165389166106,0.16441729196580676,0.16181824204738415,-2327.5079777560286,-2500.0442564513837,-2400.111466317712,-2397.2391925213706,-47.9772719744077
2026-03-17T10:13:16.421,0.275987235590354,-7.081032221378817e-05,0.15982165389166106,0.16441729196580676,0.16181824204738415,-2327.5079777560286,-2500.0442564513837,-2400.111466317712,-2397.2391925213706,-47.9772719744077
2026-03-17T10:13:16.544,0.27249694058496265,-2.3603440737929386e-05,0.15623177842962524,0.15874618495989995,0.1670412369983905,-2329.6894121343985,-2500.0147521504614,-2402.355138481484,-2400.7836344000625,-47.91198453752012
2026-03-17T10:13:16.645,0.27249694058496265,-2.3603440737929386e-05,0.15623177842962524,0.15874618495989995,0.1670412369983905,-2329.6894121343985,-2500.0147521504614,-2402.355138481484,-2400.7836344000625,-47.91198453752012
2026-03-17T10:13:16.749,0.27249694058496265,-2.3603440737929386e-05,0.15623177842962524,0.15874618495989995,0.1670412369983905,-2329.6894121343985,-2500.0147521504614,-2402.355138481484,-2400.7836344000625,-47.91198453752012
2026-03-17T10:13:16.858,0.2854075467889278,-3.933906789654898e-05,0.1728218825066063,0.17579435913744593,0.1628339627051585,-2321.62028325692,-2500.0245869174355,-2391.986323433371,-2390.1285255390962,-47.964575466185515
2026-03-17T10:13:16.974,0.2854075467889278,-3.933906789654898e-05,0.1728218825066063,0.17579435913744593,0.1628339627051585,-2321.62028325692,-2500.0245869174355,-2391.986323433371,-2390.1285255390962,-47.964575466185515
2026-03-17T10:13:17.090,0.2854075467889278,-3.933906789654898e-05,0.1728218825066063,0.17579435913744593,0.1628339627051585,-2321.62028325692,-2500.0245869174355,-2391.986323433371,-2390.1285255390962,-47.964575466185515
2026-03-17T10:13:17.189,0.2970534811935073,-1.3113022632182994e-05,0.17321024628752,0.17259284745632383,0.1745844565892147,-2314.341574254058,-2500.008195639145,-2391.7435960703,-2392.1294703397975,-47.81769429263482
2026-03-17T10:13:17.313,0.2970534811935073,-1.3113022632182994e-05,0.17321024628752,0.17259284745632383,0.1745844565892147,-2314.341574254058,-2500.008195639145,-2391.7435960703,-2392.1294703397975,-47.81769429263482
2026-03-17T10:13:17.422,0.2970534811935073,-1.3113022632182994e-05,0.17321024628752,0.17259284745632383,0.1745844565892147,-2314.341574254058,-2500.008195639145,-2391.7435960703,-2392.1294703397975,-47.81769429263482
2026-03-17T10:13:17.531,0.29375736807857283,-3.409385884367578e-05,0.17436040056176447,0.17644163210563546,0.16808185277032597,-2316.401644950892,-2500.0213086617773,-2391.0247496488973,-2389.7239799339777,-47.89897684037093
2026-03-17T10:13:17.639,0.29375736807857283,-3.409385884367578e-05,0.17436040056176447,0.17644163210563546,0.16808185277032597,-2316.401644950892,-2500.0213086617773,-2391.0247496488973,-2389.7239799339777,-47.89897684037093
2026-03-17T10:13:17.763,0.29375736807857283,-3.409385884367578e-05,0.17436040056176447,0.17644163210563546,0.16808185277032597,-2316.401644950892,-2500.0213086617773,-2391.0247496488973,-2389.7239799339777,-47.89897684037093
2026-03-17T10:13:17.862,0.3012308813497459,-7.867813579309795e-06,0.17587402350276155,0.17835855589604294,0.1705713641864396,-2311.7306991564087,-2500.0049173834873,-2390.078735310774,-2388.5259025649734,-47.867857947669506
2026-03-17T10:13:17.973,0.3012308813497459,-7.867813579309795e-06,0.17587402350276155,0.17835855589604294,0.1705713641864396,-2311.7306991564087,-2500.0049173834873,-2390.078735310774,-2388.5259025649734,-47.867857947669506
2026-03-17T10:13:18.078,0.3012308813497459,-7.867813579309795e-06,0.17587402350276155,0.17835855589604294,0.1705713641864396,-2311.7306991564087,-2500.0049173834873,-2390.078735310774,-2388.5259025649734,-47.867857947669506
2026-03-17T10:13:18.203,0.2967796349377348,-5.245209052873197e-06,0.17390233046119957,0.17631217751199757,0.17203021787628217,-2314.5127281639157,-2500.003278255658,-2391.31104346175,-2389.8048890550017,-47.84962227654647
2026-03-17T10:13:18.328,0.2967796349377348,-5.245209052873197e-06,0.17390233046119957,0.17631217751199757,0.17203021787628217,-2314.5127281639157,-2500.003278255658,-2391.31104346175,-2389.8048890550017,-47.84962227654647
2026-03-17T10:13:18.437,0.2967796349377348,-5.245209052873197e-06,0.17390233046119957,0.17631217751199757,0.17203021787628217,-2314.5127281639157,-2500.003278255658,-2391.31104346175,-2389.8048890550017,-47.84962227654647
2026-03-17T10:13:18.547,0.29492743844414626,-9.965897200459076e-05,0.16961539180265198,0.17276213423261957,0.16955564352866523,-2315.6703509724084,-2500.062286857503,-2393.9903801233427,-2392.023666104613,-47.880554455891684
2026-03-17T10:13:18.656,0.29492743844414626,-9.965897200459076e-05,0.16961539180265198,0.17276213423261957,0.16955564352866523,-2315.6703509724084,-2500.062286857503,-2393.9903801233427,-2392.023666104613,-47.880554455891684
2026-03-17T10:13:18.765,0.29492743844414626,-9.965897200459076e-05,0.16961539180265198,0.17276213423261957,0.16955564352866523,-2315.6703509724084,-2500.062286857503,-2393.9903801233427,-2392.023666104613,-47.880554455891684
2026-03-17T10:13:18.889,0.29946332824430527,-4.4584276949422175e-05,0.17306087560255318,0.17543089047069335,0.17138792393092486,-2312.8354198473094,-2500.0278651730932,-2391.836952748404,-2390.355693455817,-47.85765095086344
2026-03-17T10:13:18.999,0.29946332824430527,-4.4584276949422175e-05,0.17306087560255318,0.17543089047069335,0.17138792393092486,-2312.8354198473094,-2500.0278651730932,-2391.836952748404,-2390.355693455817,-47.85765095086344
2026-03-17T10:13:19.117,0.29946332824430527,-4.4584276949422175e-05,0.17306087560255318,0.17543089047069335,0.17138792393092486,-2312.8354198473094,-2500.0278651730932,-2391.836952748404,-2390.355693455817,-47.85765095086344
2026-03-17T10:13:19.231,0.3086894575524222,7.867813579309795e-06,0.1886352590217599,0.18886927309487456,0.1798920949283689,-2307.069089029736,-2499.9950826165127,-2382.1029631114,-2381.9567043157035,-47.75134881339539
2026-03-17T10:13:19.342,0.3086894575524222,7.867813579309795e-06,0.1886352590217599,0.18886927309487456,0.1798920949283689,-2307.069089029736,-2499.9950826165127,-2382.1029631114,-2381.9567043157035,-47.75134881339539
2026-03-17T10:13:19.451,0.3086894575524222,7.867813579309795e-06,0.1886352590217599,0.18886927309487456,0.1798920949283689,-2307.069089029736,-2499.9950826165127,-2382.1029631114,-2381.9567043157035,-47.75134881339539
2026-03-17T10:13:19.549,0.30457678469300253,-2.8848649790802585e-05,0.18316331292914217,0.18189864112975648,0.17153231559305943,-2309.6395095668736,-2500.018030406119,-2385.5229294192864,-2386.3133492939023,-47.85584605508676
2026-03-17T10:13:19.669,0.30457678469300253,-2.8848649790802585e-05,0.18316331292914217,0.18189864112975648,0.17153231559305943,-2309.6395095668736,-2500.018030406119,-2385.5229294192864,-2386.3133492939023,-47.85584605508676
2026-03-17T10:13:19.766,0.30457678469300253,-2.8848649790802585e-05,0.18316331292914217,0.18189864112975648,0.17153231559305943,-2309.6395095668736,-2500.018030406119,-2385.5229294192864,-2386.3133492939023,-47.85584605508676
2026-03-17T10:13:19.878,0.3009420980254767,-4.4584276949422175e-05,0.1759736039594061,0.17927469609717273,0.17501763157561848,-2311.911188734077,-2500.0278651730932,-2390.016497525371,-2387.953314939267,-47.81227960530477
2026-03-17T10:13:19.988,0.3009420980254767,-4.4584276949422175e-05,0.1759736039594061,0.17927469609717273,0.17501763157561848,-2311.911188734077,-2500.0278651730932,-2390.016497525371,-2387.953314939267,-47.81227960530477
2026-03-17T10:13:20.105,0.3009420980254767,-4.4584276949422175e-05,0.1759736039594061,0.17927469609717273,0.17501763157561848,-2311.911188734077,-2500.0278651730932,-2390.016497525371,-2387.953314939267,-47.81227960530477
2026-03-17T10:13:20.215,0.2983430481070541,-2.622604526436599e-05,0.18376577469184166,0.18152521441733943,0.17472884825134932,-2313.5355949330915,-2500.01639127829,-2385.1463908175992,-2386.5467409891626,-47.81588939685813
2026-03-17T10:13:20.324,0.2983430481070541,-2.622604526436599e-05,0.18376577469184166,0.18152521441733943,0.17472884825134932,-2313.5355949330915,-2500.01639127829,-2385.1463908175992,-2386.5467409891626,-47.81588939685813
2026-03-17T10:13:20.421,0.2983430481070541,-2.622604526436599e-05,0.18376577469184166,0.18152521441733943,0.17472884825134932,-2313.5355949330915,-2500.01639127829,-2385.1463908175992,-2386.5467409891626,-47.81588939685813
2026-03-17T10:13:20.542,0.3124436407679216,-3.147125431723918e-05,0.18488107580626056,0.18809752455587933,0.17667066715591792,-2304.7227245200493,-2500.019669533948,-2384.449327621087,-2382.4390471525753,-47.79161666055103
2026-03-17T10:13:20.650,0.3124436407679216,-3.147125431723918e-05,0.18488107580626056,0.18809752455587933,0.17667066715591792,-2304.7227245200493,-2500.019669533948,-2384.449327621087,-2382.4390471525753,-47.79161666055103
2026-03-17T10:13:20.765,0.3124436407679216,-3.147125431723918e-05,0.18488107580626056,0.18809752455587933,0.17667066715591792,-2304.7227245200493,-2500.019669533948,-2384.449327621087,-2382.4390471525753,-47.79161666055103
2026-03-17T10:13:20.888,0.3094014578174307,-1.3113022632182994e-05,0.17863738117464767,0.18543872636347003,0.17651631744811885,-2306.6240888641055,-2500.008195639145,-2388.3516367658453,-2384.100796022831,-47.793546031898515
2026-03-17T10:13:20.997,0.3094014578174307,-1.3113022632182994e-05,0.17863738117464767,0.18543872636347003,0.17651631744811885,-2306.6240888641055,-2500.008195639145,-2388.3516367658453,-2384.100796022831,-47.793546031898515
2026-03-17T10:13:21.106,0.3094014578174307,-1.3113022632182994e-05,0.17863738117464767,0.18543872636347003,0.17651631744811885,-2306.6240888641055,-2500.008195639145,-2388.3516367658453,-2384.100796022831,-47.793546031898515
2026-03-17T10:13:21.230,0.30228145516734584,-4.720688147585877e-05,0.17948381505612626,0.182655452600255,0.17633209360332647,-2311.074090520409,-2500.0295043009223,-2387.822615589921,-2385.8403421248404,-47.79584882995842
2026-03-17T10:13:21.324,0.30228145516734584,-4.720688147585877e-05,0.17948381505612626,0.182655452600255,0.17633209360332647,-2311.074090520409,-2500.0295043009223,-2387.822615589921,-2385.8403421248404,-47.79584882995842
2026-03-17T10:13:21.433,0.30228145516734584,-4.720688147585877e-05,0.17948381505612626,0.182655452600255,0.17633209360332647,-2311.074090520409,-2500.0295043009223,-2387.822615589921,-2385.8403421248404,-47.79584882995842
2026-03-17T10:13:21.542,0.3030382666378444,-5.507469505516857e-05,0.17994188515669118,0.1750026945071218,0.17684991197787808,-2310.6010833513474,-2500.0344216844096,-2387.5363217770678,-2390.623315933049,-47.78937610027653
2026-03-17T10:13:21.649,0.3030382666378444,-5.507469505516857e-05,0.17994188515669118,0.1750026945071218,0.17684991197787808,-2310.6010833513474,-2500.0344216844096,-2387.5363217770678,-2390.623315933049,-47.78937610027653
2026-03-17T10:13:21.757,0.3030382666378444,-5.507469505516857e-05,0.17994188515669118,0.1750026945071218,0.17684991197787808,-2310.6010833513474,-2500.0344216844096,-2387.5363217770678,-2390.623315933049,-47.78937610027653
2026-03-17T10:13:21.866,0.29836296419838304,-4.196167242298558e-05,0.18295917299302086,0.184627145641817,0.17248330895401484,-2313.5231473760105,-2500.0262260452646,-2385.650516879362,-2384.608033973864,-47.84395863807481
2026-03-17T10:13:21.975,0.29836296419838304,-4.196167242298558e-05,0.18295917299302086,0.184627145641817,0.17248330895401484,-2313.5231473760105,-2500.0262260452646,-2385.650516879362,-2384.608033973864,-47.84395863807481
2026-03-17T10:13:22.084,0.29836296419838304,-4.196167242298558e-05,0.18295917299302086,0.184627145641817,0.17248330895401484,-2313.5231473760105,-2500.0262260452646,-2385.650516879362,-2384.608033973864,-47.84395863807481
2026-03-17T10:13:22.195,0.30145991640002834,-2.622604526436599e-05,0.17796023406946476,0.18406949508460754,0.17535620512820993,-2311.5875522499823,-2500.01639127829,-2388.7748537065845,-2384.9565655721203,-47.80804743589738
2026-03-17T10:13:22.303,0.30145991640002834,-2.622604526436599e-05,0.17796023406946476,0.18406949508460754,0.17535620512820993,-2311.5875522499823,-2500.01639127829,-2388.7748537065845,-2384.9565655721203,-47.80804743589738
2026-03-17T10:13:22.412,0.30145991640002834,-2.622604526436599e-05,0.17796023406946476,0.18406949508460754,0.17535620512820993,-2311.5875522499823,-2500.01639127829,-2388.7748537065845,-2384.9565655721203,-47.80804743589738
2026-03-17T10:13:22.520,0.30290383302137425,-5.245209052873198e-05,0.179214947823186,0.18542378929497333,0.17435044251610002,-2310.685104361641,-2500.0327825565805,-2387.9906576105086,-2384.1101316906415,-47.82061946854875
2026-03-17T10:13:22.630,0.30290383302137425,-5.245209052873198e-05,0.179214947823186,0.18542378929497333,0.17435044251610002,-2310.685104361641,-2500.0327825565805,-2387.9906576105086,-2384.1101316906415,-47.82061946854875
2026-03-17T10:13:22.740,0.30290383302137425,-5.245209052873198e-05,0.179214947823186,0.18542378929497333,0.17435044251610002,-2310.685104361641,-2500.0327825565805,-2387.9906576105086,-2384.1101316906415,-47.82061946854875
2026-03-17T10:13:22.847,0.3091375696073227,0.0,0.18420890772390988,0.18771413979779786,0.17422596694529435,-2306.7890189954232,-2500.0,-2384.8694326725563,-2382.678662626376,-47.82217541318382
2026-03-17T10:13:22.956,0.3091375696073227,0.0,0.18420890772390988,0.18771413979779786,0.17422596694529435,-2306.7890189954232,-2500.0,-2384.8694326725563,-2382.678662626376,-47.82217541318382
2026-03-17T10:13:23.065,0.3091375696073227,0.0,0.18420890772390988,0.18771413979779786,0.17422596694529435,-2306.7890189954232,-2500.0,-2384.8694326725563,-2382.678662626376,-47.82217541318382
2026-03-17T10:13:23.173,0.30384984735949744,-4.720688147585877e-05,0.18456739736783026,0.18238658536731475,0.16897807688012687,-2310.0938454003144,-2500.0295043009223,-2384.6453766451064,-2386.0083841454284,-47.887774038998415
2026-03-17T10:13:23.283,0.30384984735949744,-4.720688147585877e-05,0.18456739736783026,0.18238658536731475,0.16897807688012687,-2310.0938454003144,-2500.0295043009223,-2384.6453766451064,-2386.0083841454284,-47.887774038998415
2026-03-17T10:13:23.392,0.30384984735949744,-4.720688147585877e-05,0.18456739736783026,0.18238658536731475,0.16897807688012687,-2310.0938454003144,-2500.0295043009223,-2384.6453766451064,-2386.0083841454284,-47.887774038998415
2026-03-17T10:13:23.500,0.29964755208909766,2.6226045264365987e-06,0.17827889153072732,0.1806787805358608,0.1637301868149594,-2312.720279944314,-2499.998360872171,-2388.5756927932957,-2387.075762165087,-47.95337266481301
2026-03-17T10:13:23.614,0.29964755208909766,2.6226045264365987e-06,0.17827889153072732,0.1806787805358608,0.1637301868149594,-2312.720279944314,-2499.998360872171,-2388.5756927932957,-2387.075762165087,-47.95337266481301
2026-03-17T10:13:23.718,0.29964755208909766,2.6226045264365987e-06,0.17827889153072732,0.1806787805358608,0.1637301868149594,-2312.720279944314,-2499.998360872171,-2388.5756927932957,-2387.075762165087,-47.95337266481301
2026-03-17T10:13:23.829,0.2859851134374662,2.6226045264365987e-06,0.17971285010640875,0.18188868308409203,0.1713431127254348,-2321.2593041015834,-2499.998360872171,-2387.6794686834946,-2386.3195730724424,-47.858211090932066
2026-03-17T10:13:23.940,0.2859851134374662,2.6226045264365987e-06,0.17971285010640875,0.18188868308409203,0.1713431127254348,-2321.2593041015834,-2499.998360872171,-2387.6794686834946,-2386.3195730724424,-47.858211090932066
2026-03-17T10:13:24.049,0.2859851134374662,2.6226045264365987e-06,0.17971285010640875,0.18188868308409203,0.1713431127254348,-2321.2593041015834,-2499.998360872171,-2387.6794686834946,-2386.3195730724424,-47.858211090932066
2026-03-17T10:13:24.157,0.30197275575174776,-1.0490418105746395e-05,0.17733785621543635,0.1807136336956864,0.17082031532805095,-2311.267027655158,-2500.006556511316,-2389.163839865352,-2387.053978940196,-47.86474605839936
2026-03-17T10:13:24.268,0.30197275575174776,-1.0490418105746395e-05,0.17733785621543635,0.1807136336956864,0.17082031532805095,-2311.267027655158,-2500.006556511316,-2389.163839865352,-2387.053978940196,-47.86474605839936
2026-03-17T10:13:24.374,0.30197275575174776,-1.0490418105746395e-05,0.17733785621543635,0.1807136336956864,0.17082031532805095,-2311.267027655158,-2500.006556511316,-2389.163839865352,-2387.053978940196,-47.86474605839936
2026-03-17T10:13:24.485,0.29181554917400426,-8.916855389884435e-05,0.17648146428829328,0.1798174095858855,0.16770842605790895,-2317.6152817662473,-2500.055730346187,-2389.6990848198166,-2387.6141190088215,-47.90364467427614
2026-03-17T10:13:24.598,0.29181554917400426,-8.916855389884435e-05,0.17648146428829328,0.1798174095858855,0.16770842605790895,-2317.6152817662473,-2500.055730346187,-2389.6990848198166,-2387.6141190088215,-47.90364467427614
2026-03-17T10:13:24.705,0.29181554917400426,-8.916855389884435e-05,0.17648146428829328,0.1798174095858855,0.16770842605790895,-2317.6152817662473,-2500.055730346187,-2389.6990848198166,-2387.6141190088215,-47.90364467427614
2026-03-17T10:13:24.813,0.30068318883820094,-2.3603440737929386e-05,0.17558026115566017,0.17944398287346847,0.16723043986601513,-2312.0730069761244,-2500.0147521504614,-2390.2623367777123,-2387.847510704082,-47.90961950167481
2026-03-17T10:13:24.922,0.30068318883820094,-2.3603440737929386e-05,0.17558026115566017,0.17944398287346847,0.16723043986601513,-2312.0730069761244,-2500.0147521504614,-2390.2623367777123,-2387.847510704082,-47.90961950167481
2026-03-17T10:13:25.033,0.30068318883820094,-2.3603440737929386e-05,0.17558026115566017,0.17944398287346847,0.16723043986601513,-2312.0730069761244,-2500.0147521504614,-2390.2623367777123,-2387.847510704082,-47.90961950167481
2026-03-17T10:13:25.142,0.3007877483176777,-2.098083621149279e-05,0.17550059679034452,0.18566278239092024,0.16613007582009293,-2312.007657301451,-2500.0131130226323,-2390.3121270060346,-2383.9607610056746,-47.92337405224884
2026-03-17T10:13:25.251,0.3007877483176777,-2.098083621149279e-05,0.17550059679034452,0.18566278239092024,0.16613007582009293,-2312.007657301451,-2500.0131130226323,-2390.3121270060346,-2383.9607610056746,-47.92337405224884
2026-03-17T10:13:25.360,0.3007877483176777,-2.098083621149279e-05,0.17550059679034452,0.18566278239092024,0.16613007582009293,-2312.007657301451,-2500.0131130226323,-2390.3121270060346,-2383.9607610056746,-47.92337405224884
2026-03-17T10:13:25.469,0.29845756563219533,-2.8848649790802585e-05,0.1779452970009681,0.18381556492016393,0.16701634188422937,-2313.464021479878,-2500.018030406119,-2388.784189374395,-2385.1152719248976,-47.912295726447134
2026-03-17T10:13:25.577,0.29845756563219533,-2.8848649790802585e-05,0.1779452970009681,0.18381556492016393,0.16701634188422937,-2313.464021479878,-2500.018030406119,-2388.784189374395,-2385.1152719248976,-47.912295726447134
2026-03-17T10:13:25.686,0.29845756563219533,-2.8848649790802585e-05,0.1779452970009681,0.18381556492016393,0.16701634188422937,-2313.464021479878,-2500.018030406119,-2388.784189374395,-2385.1152719248976,-47.912295726447134
2026-03-17T10:13:25.810,0.29637633408832437,-4.982948600229538e-05,0.1830388373583365,0.18570261457357806,0.1701182731087069,-2314.764791194797,-2500.0311434287514,-2385.6007266510396,-2383.935865891514,-47.873521586141166
2026-03-17T10:13:25.919,0.29637633408832437,-4.982948600229538e-05,0.1830388373583365,0.18570261457357806,0.1701182731087069,-2314.764791194797,-2500.0311434287514,-2385.6007266510396,-2383.935865891514,-47.873521586141166
2026-03-17T10:13:26.022,0.29637633408832437,-4.982948600229538e-05,0.1830388373583365,0.18570261457357806,0.1701182731087069,-2314.764791194797,-2500.0311434287514,-2385.6007266510396,-2383.935865891514,-47.873521586141166
2026-03-17T10:13:26.137,0.30590618378920725,-1.3113022632182994e-05,0.18567771945941694,0.18265047357742278,0.17079542021388983,-2308.8086351317456,-2500.008195639145,-2383.9514253378643,-2385.8434540141106,-47.86505724732638
2026-03-17T10:13:26.245,0.30590618378920725,-1.3113022632182994e-05,0.18567771945941694,0.18265047357742278,0.17079542021388983,-2308.8086351317456,-2500.008195639145,-2383.9514253378643,-2385.8434540141106,-47.86505724732638
2026-03-17T10:13:26.349,0.30590618378920725,-1.3113022632182994e-05,0.18567771945941694,0.18265047357742278,0.17079542021388983,-2308.8086351317456,-2500.008195639145,-2383.9514253378643,-2385.8434540141106,-47.86505724732638
2026-03-17T10:13:26.462,0.3061153027481608,-1.3113022632182994e-05,0.18726602774289738,0.19049243453818065,0.17800006625212256,-2308.6779357823993,-2500.008195639145,-2382.9587326606893,-2380.942228413637,-47.77499917184847
2026-03-17T10:13:26.570,0.3061153027481608,-1.3113022632182994e-05,0.18726602774289738,0.19049243453818065,0.17800006625212256,-2308.6779357823993,-2500.008195639145,-2382.9587326606893,-2380.942228413637,-47.77499917184847
2026-03-17T10:13:26.677,0.3061153027481608,-1.3113022632182994e-05,0.18726602774289738,0.19049243453818065,0.17800006625212256,-2308.6779357823993,-2500.008195639145,-2382.9587326606893,-2380.942228413637,-47.77499917184847
2026-03-17T10:13:26.780,0.30390959563348413,-2.6226045264365987e-06,0.18380560687449948,0.18777388807178458,0.17568979965796916,-2310.0565027290722,-2500.001639127829,-2385.1214957034376,-2382.641319955135,-47.803877504275384
2026-03-17T10:13:26.892,0.30390959563348413,-2.6226045264365987e-06,0.18380560687449948,0.18777388807178458,0.17568979965796916,-2310.0565027290722,-2500.001639127829,-2385.1214957034376,-2382.641319955135,-47.803877504275384
2026-03-17T10:13:27.005,0.30390959563348413,-2.6226045264365987e-06,0.18380560687449948,0.18777388807178458,0.17568979965796916,-2310.0565027290722,-2500.001639127829,-2385.1214957034376,-2382.641319955135,-47.803877504275384
2026-03-17T10:13:27.115,0.3063791909582689,-8.654594937240776e-05,0.1829641520158531,0.1901239868485958,0.17497779939296068,-2308.513005651082,-2500.054091218358,-2385.647404990092,-2381.1725082196276,-47.81277750758799
2026-03-17T10:13:27.224,0.3063791909582689,-8.654594937240776e-05,0.1829641520158531,0.1901239868485958,0.17497779939296068,-2308.513005651082,-2500.054091218358,-2385.647404990092,-2381.1725082196276,-47.81277750758799
2026-03-17T10:13:27.333,0.3063791909582689,-8.654594937240776e-05,0.1829641520158531,0.1901239868485958,0.17497779939296068,-2308.513005651082,-2500.054091218358,-2385.647404990092,-2381.1725082196276,-47.81277750758799
2026-03-17T10:13:27.443,0.3007329790665232,-1.0490418105746395e-05,0.18132605350405034,0.18615072662847854,0.17526658271722984,-2312.041888083423,-2500.006556511316,-2386.6712165599683,-2383.6557958572007,-47.80916771603463
2026-03-17T10:13:27.552,0.3007329790665232,-1.0490418105746395e-05,0.18132605350405034,0.18615072662847854,0.17526658271722984,-2312.041888083423,-2500.006556511316,-2386.6712165599683,-2383.6557958572007,-47.80916771603463
2026-03-17T10:13:27.661,0.3007329790665232,-1.0490418105746395e-05,0.18132605350405034,0.18615072662847854,0.17526658271722984,-2312.041888083423,-2500.006556511316,-2386.6712165599683,-2383.6557958572007,-47.80916771603463
2026-03-17T10:13:27.769,0.3020374830485667,-3.409385884367578e-05,0.18049953571390062,0.18381556492016393,0.17189578425981203,-2311.2265730946456,-2500.0213086617773,-2387.187790178812,-2385.1152719248976,-47.85130269675235
2026-03-17T10:13:27.877,0.3020374830485667,-3.409385884367578e-05,0.18049953571390062,0.18381556492016393,0.17189578425981203,-2311.2265730946456,-2500.0213086617773,-2387.187790178812,-2385.1152719248976,-47.85130269675235
2026-03-17T10:13:27.988,0.3020374830485667,-3.409385884367578e-05,0.18049953571390062,0.18381556492016393,0.17189578425981203,-2311.2265730946456,-2500.0213086617773,-2387.187790178812,-2385.1152719248976,-47.85130269675235
2026-03-17T10:13:28.097,0.29907994348622374,-9.965897200459076e-05,0.17990703199686559,0.1804597035312428,0.16943614698069176,-2313.07503532111,-2500.062286857503,-2387.558105001959,-2387.212685292973,-47.882048162741356
2026-03-17T10:13:28.205,0.29907994348622374,-9.965897200459076e-05,0.17990703199686559,0.1804597035312428,0.16943614698069176,-2313.07503532111,-2500.062286857503,-2387.558105001959,-2387.212685292973,-47.882048162741356
2026-03-17T10:13:28.315,0.29907994348622374,-9.965897200459076e-05,0.17990703199686559,0.1804597035312428,0.16943614698069176,-2313.07503532111,-2500.062286857503,-2387.558105001959,-2387.212685292973,-47.882048162741356
2026-03-17T10:13:28.421,0.2982633837417385,-5.245209052873197e-06,0.18211771813437447,0.18434334134038005,0.17088006360203767,-2313.5853851614133,-2500.003278255658,-2386.176426166016,-2384.7854116622625,-47.863999204974526
2026-03-17T10:13:28.533,0.2982633837417385,-5.245209052873197e-06,0.18211771813437447,0.18434334134038005,0.17088006360203767,-2313.5853851614133,-2500.003278255658,-2386.176426166016,-2384.7854116622625,-47.863999204974526
2026-03-17T10:13:28.644,0.2982633837417385,-5.245209052873197e-06,0.18211771813437447,0.18434334134038005,0.17088006360203767,-2313.5853851614133,-2500.003278255658,-2386.176426166016,-2384.7854116622625,-47.863999204974526
2026-03-17T10:13:28.753,0.29986662909371564,-5.245209052873198e-05,0.17665573008742122,0.17900084984140024,0.1730459385340565,-2312.5833568164276,-2500.0327825565805,-2389.5901686953616,-2388.1244688491247,-47.83692576832429
2026-03-17T10:13:28.860,0.29986662909371564,-5.245209052873198e-05,0.17665573008742122,0.17900084984140024,0.1730459385340565,-2312.5833568164276,-2500.0327825565805,-2389.5901686953616,-2388.1244688491247,-47.83692576832429
2026-03-17T10:13:28.970,0.29986662909371564,-5.245209052873198e-05,0.17665573008742122,0.17900084984140024,0.1730459385340565,-2312.5833568164276,-2500.0327825565805,-2389.5901686953616,-2388.1244688491247,-47.83692576832429
2026-03-17T10:13:29.080,0.3080421845842327,-1.3113022632182994e-05,0.1826305574860939,0.1843532993860445,0.17374798075340053,-2307.4736346348545,-2500.008195639145,-2385.855901571191,-2384.779187883722,-47.828150240582495
2026-03-17T10:13:29.189,0.3080421845842327,-1.3113022632182994e-05,0.1826305574860939,0.1843532993860445,0.17374798075340053,-2307.4736346348545,-2500.008195639145,-2385.855901571191,-2384.779187883722,-47.828150240582495
2026-03-17T10:13:29.298,0.3080421845842327,-1.3113022632182994e-05,0.1826305574860939,0.1843532993860445,0.17374798075340053,-2307.4736346348545,-2500.008195639145,-2385.855901571191,-2384.779187883722,-47.828150240582495
2026-03-17T10:13:29.406,0.3074397228215332,-3.671646337011239e-05,0.1883614127659874,0.18621545392529745,0.17719844357613398,-2307.8501732365417,-2500.0229477896064,-2382.274117021258,-2383.615341296689,-47.785019455298325
2026-03-17T10:13:29.519,0.3074397228215332,-3.671646337011239e-05,0.1883614127659874,0.18621545392529745,0.17719844357613398,-2307.8501732365417,-2500.0229477896064,-2382.274117021258,-2383.615341296689,-47.785019455298325
2026-03-17T10:13:29.624,0.3074397228215332,-3.671646337011239e-05,0.1883614127659874,0.18621545392529745,0.17719844357613398,-2307.8501732365417,-2500.0229477896064,-2382.274117021258,-2383.615341296689,-47.785019455298325
2026-03-17T10:13:29.741,0.3067426596250214,-2.6226045264365987e-06,0.18291436178753082,0.18769920272930116,0.17435542153893227,-2308.2858377343614,-2500.001639127829,-2385.6785238827933,-2382.687998294187,-47.82055723076334
2026-03-17T10:13:29.856,0.3067426596250214,-2.6226045264365987e-06,0.18291436178753082,0.18769920272930116,0.17435542153893227,-2308.2858377343614,-2500.001639127829,-2385.6785238827933,-2382.687998294187,-47.82055723076334
2026-03-17T10:13:29.965,0.3067426596250214,-2.6226045264365987e-06,0.18291436178753082,0.18769920272930116,0.17435542153893227,-2308.2858377343614,-2500.001639127829,-2385.6785238827933,-2382.687998294187,-47.82055723076334
2026-03-17T10:13:30.069,0.3095109963197398,-1.573562715861959e-05,0.1826355365089261,0.18994972104946786,0.1694958952546785,-2306.5556273001625,-2500.009834766974,-2385.8527896819214,-2381.2814243440826,-47.88130130931652
2026-03-17T10:13:30.173,0.3095109963197398,-1.573562715861959e-05,0.1826355365089261,0.18994972104946786,0.1694958952546785,-2306.5556273001625,-2500.009834766974,-2385.8527896819214,-2381.2814243440826,-47.88130130931652
2026-03-17T10:13:30.291,0.3095109963197398,-1.573562715861959e-05,0.1826355365089261,0.18994972104946786,0.1694958952546785,-2306.5556273001625,-2500.009834766974,-2385.8527896819214,-2381.2814243440826,-47.88130130931652
2026-03-17T10:13:30.400,0.30551782000829353,0.0,0.17807475159460598,0.18233181611616023,0.17395212068952184,-2309.0513624948167,-2500.0,-2388.7032802533713,-2386.0426149274,-47.82559849138098
2026-03-17T10:13:30.501,0.30551782000829353,0.0,0.17807475159460598,0.18233181611616023,0.17395212068952184,-2309.0513624948167,-2500.0,-2388.7032802533713,-2386.0426149274,-47.82559849138098
2026-03-17T10:13:30.614,0.30551782000829353,0.0,0.17807475159460598,0.18233181611616023,0.17395212068952184,-2309.0513624948167,-2500.0,-2388.7032802533713,-2386.0426149274,-47.82559849138098
2026-03-17T10:13:30.728,0.30308805686616663,-1.3113022632182994e-05,0.18480141144094495,0.19077623883961758,0.16919217486191265,-2310.5699644586457,-2500.008195639145,-2384.4991178494092,-2380.7648507252393,-47.88509781422609
2026-03-17T10:13:30.829,0.30308805686616663,-1.3113022632182994e-05,0.18480141144094495,0.19077623883961758,0.16919217486191265,-2310.5699644586457,-2500.008195639145,-2384.4991178494092,-2380.7648507252393,-47.88509781422609
2026-03-17T10:13:30.946,0.30308805686616663,-1.3113022632182994e-05,0.18480141144094495,0.19077623883961758,0.16919217486191265,-2310.5699644586457,-2500.008195639145,-2384.4991178494092,-2380.7648507252393,-47.88509781422609
2026-03-17T10:13:31.056,0.30548296684846793,2.622604526436599e-05,0.18217746640836122,0.18714653119492394,0.17303100146555983,-2309.0731457197076,-2499.98360872171,-2386.1390834947742,-2383.0334180031728,-47.8371124816805
2026-03-17T10:13:31.155,0.30548296684846793,2.622604526436599e-05,0.18217746640836122,0.18714653119492394,0.17303100146555983,-2309.0731457197076,-2499.98360872171,-2386.1390834947742,-2383.0334180031728,-47.8371124816805
2026-03-17T10:13:31.273,0.30548296684846793,2.622604526436599e-05,0.18217746640836122,0.18714653119492394,0.17303100146555983,-2309.0731457197076,-2499.98360872171,-2386.1390834947742,-2383.0334180031728,-47.8371124816805
2026-03-17T10:13:31.381,0.31125365431101926,-3.147125431723918e-05,0.18311850172365216,0.18649427920390219,0.17718848553046954,-2305.4664660556127,-2500.019669533948,-2385.5509364227173,-2383.441075497561,-47.785143930869125
2026-03-17T10:13:31.490,0.31125365431101926,-3.147125431723918e-05,0.18311850172365216,0.18649427920390219,0.17718848553046954,-2305.4664660556127,-2500.019669533948,-2385.5509364227173,-2383.441075497561,-47.785143930869125
2026-03-17T10:13:31.598,0.31125365431101926,-3.147125431723918e-05,0.18311850172365216,0.18649427920390219,0.17718848553046954,-2305.4664660556127,-2500.019669533948,-2385.5509364227173,-2383.441075497561,-47.785143930869125
2026-03-17T10:13:31.707,0.312518326110405,2.3603440737929386e-05,0.18195341038091098,0.18361142498404265,0.16820134931829944,-2304.6760461809968,-2499.9852478495386,-2386.2791185119304,-2385.2428593849736,-47.897483133521256
2026-03-17T10:13:31.815,0.312518326110405,2.3603440737929386e-05,0.18195341038091098,0.18361142498404265,0.16820134931829944,-2304.6760461809968,-2499.9852478495386,-2386.2791185119304,-2385.2428593849736,-47.897483133521256
2026-03-17T10:13:31.924,0.312518326110405,2.3603440737929386e-05,0.18195341038091098,0.18361142498404265,0.16820134931829944,-2304.6760461809968,-2499.9852478495386,-2386.2791185119304,-2385.2428593849736,-47.897483133521256
2026-03-17T10:13:32.032,0.3045269944646803,1.8358231685056193e-05,0.1749479252559673,0.17754199615155766,0.1700435877662235,-2309.670628459575,-2499.988526105197,-2390.6575467150205,-2389.036252405276,-47.87445515292221
2026-03-17T10:13:32.140,0.3045269944646803,1.8358231685056193e-05,0.1749479252559673,0.17754199615155766,0.1700435877662235,-2309.670628459575,-2499.988526105197,-2390.6575467150205,-2389.036252405276,-47.87445515292221
2026-03-17T10:13:32.254,0.3045269944646803,1.8358231685056193e-05,0.1749479252559673,0.17754199615155766,0.1700435877662235,-2309.670628459575,-2499.988526105197,-2390.6575467150205,-2389.036252405276,-47.87445515292221
2026-03-17T10:13:32.361,0.3061551349308186,-2.622604526436599e-05,0.1825957043262683,0.19093556757024885,0.1775967654027122,-2308.6530406682386,-2500.01639127829,-2385.877684796082,-2380.6652702685947,-47.780040432466095
2026-03-17T10:13:32.471,0.3061551349308186,-2.622604526436599e-05,0.1825957043262683,0.19093556757024885,0.1775967654027122,-2308.6530406682386,-2500.01639127829,-2385.877684796082,-2380.6652702685947,-47.780040432466095
2026-03-17T10:13:32.579,0.3061551349308186,-2.622604526436599e-05,0.1825957043262683,0.19093556757024885,0.1775967654027122,-2308.6530406682386,-2500.01639127829,-2385.877684796082,-2380.6652702685947,-47.780040432466095
2026-03-17T10:13:32.689,0.30437264475688125,1.0490418105746395e-05,0.18821204208102058,0.18504040453689183,0.1712136581317969,-2309.767097026949,-2499.993443488684,-2382.367473699362,-2384.3497471644428,-47.85982927335254
2026-03-17T10:13:32.800,0.30437264475688125,1.0490418105746395e-05,0.18821204208102058,0.18504040453689183,0.1712136581317969,-2309.767097026949,-2499.993443488684,-2382.367473699362,-2384.3497471644428,-47.85982927335254
2026-03-17T10:13:32.908,0.30437264475688125,1.0490418105746395e-05,0.18821204208102058,0.18504040453689183,0.1712136581317969,-2309.767097026949,-2499.993443488684,-2382.367473699362,-2384.3497471644428,-47.85982927335254
2026-03-17T10:13:33.016,0.305199162547031,-2.6226045264365987e-06,0.17852784267233868,0.18467693587013928,0.17435044251610002,-2309.2505234081054,-2500.001639127829,-2388.4200983297883,-2384.576915081163,-47.82061946854875
2026-03-17T10:13:33.125,0.305199162547031,-2.6226045264365987e-06,0.17852784267233868,0.18467693587013928,0.17435044251610002,-2309.2505234081054,-2500.001639127829,-2388.4200983297883,-2384.576915081163,-47.82061946854875
2026-03-17T10:13:33.234,0.305199162547031,-2.6226045264365987e-06,0.17852784267233868,0.18467693587013928,0.17435044251610002,-2309.2505234081054,-2500.001639127829,-2388.4200983297883,-2384.576915081163,-47.82061946854875
2026-03-17T10:13:33.344,0.3069268834698138,-5.245209052873198e-05,0.18518479619902645,0.18487609678342837,0.17427575717361662,-2308.1706978313664,-2500.0327825565805,-2384.2595023756085,-2384.452439510357,-47.82155303532979
2026-03-17T10:13:33.453,0.3069268834698138,-5.245209052873198e-05,0.18518479619902645,0.18487609678342837,0.17427575717361662,-2308.1706978313664,-2500.0327825565805,-2384.2595023756085,-2384.452439510357,-47.82155303532979
2026-03-17T10:13:33.566,0.3069268834698138,-5.245209052873198e-05,0.18518479619902645,0.18487609678342837,0.17427575717361662,-2308.1706978313664,-2500.0327825565805,-2384.2595023756085,-2384.452439510357,-47.82155303532979
2026-03-17T10:13:33.681,0.31055659111450745,5.245209052873197e-06,0.18333259970543792,0.18971072795352098,0.17146260927340826,-2305.902130553433,-2499.996721744342,-2385.417125184101,-2381.4307950290495,-47.8567173840824
2026-03-17T10:13:33.788,0.31055659111450745,5.245209052873197e-06,0.18333259970543792,0.18971072795352098,0.17146260927340826,-2305.902130553433,-2499.996721744342,-2385.417125184101,-2381.4307950290495,-47.8567173840824
2026-03-17T10:13:33.896,0.31055659111450745,5.245209052873197e-06,0.18333259970543792,0.18971072795352098,0.17146260927340826,-2305.902130553433,-2499.996721744342,-2385.417125184101,-2381.4307950290495,-47.8567173840824
2026-03-17T10:13:34.005,0.30042427965092505,-2.622604526436599e-05,0.18682787373366141,0.18624532806229083,0.17735777230676525,-2312.234825218172,-2500.01639127829,-2383.2325789164615,-2383.5966699610685,-47.78302784616543
2026-03-17T10:13:34.115,0.30042427965092505,-2.622604526436599e-05,0.18682787373366141,0.18624532806229083,0.17735777230676525,-2312.234825218172,-2500.01639127829,-2383.2325789164615,-2383.5966699610685,-47.78302784616543
2026-03-17T10:13:34.223,0.30042427965092505,-2.622604526436599e-05,0.18682787373366141,0.18624532806229083,0.17735777230676525,-2312.234825218172,-2500.01639127829,-2383.2325789164615,-2383.5966699610685,-47.78302784616543
2026-03-17T10:13:34.333,0.3086396673241,0.0,0.1855632019342757,0.18798300703073811,0.1804348084170817,-2307.1002079224377,-2500.0,-2384.0229987910775,-2382.5106206057885,-47.74456489478648
2026-03-17T10:13:34.443,0.3086396673241,0.0,0.1855632019342757,0.18798300703073811,0.1804348084170817,-2307.1002079224377,-2500.0,-2384.0229987910775,-2382.5106206057885,-47.74456489478648
2026-03-17T10:13:34.557,0.3086396673241,0.0,0.1855632019342757,0.18798300703073811,0.1804348084170817,-2307.1002079224377,-2500.0,-2384.0229987910775,-2382.5106206057885,-47.74456489478648
2026-03-17T10:13:34.666,0.31066115059398425,-1.0490418105746395e-05,0.18298904713001424,0.184627145641817,0.17380275000455506,-2305.83678087876,-2500.006556511316,-2385.6318455437413,-2384.608033973864,-47.82746562494306
2026-03-17T10:13:34.776,0.31066115059398425,-1.0490418105746395e-05,0.18298904713001424,0.184627145641817,0.17380275000455506,-2305.83678087876,-2500.006556511316,-2385.6318455437413,-2384.608033973864,-47.82746562494306
2026-03-17T10:13:34.887,0.31066115059398425,-1.0490418105746395e-05,0.18298904713001424,0.184627145641817,0.17380275000455506,-2305.83678087876,-2500.006556511316,-2385.6318455437413,-2384.608033973864,-47.82746562494306
2026-03-17T10:13:34.996,0.3072007297255863,-6.556511316091496e-05,0.17994188515669118,0.18513998499353637,0.1714924834104016,-2307.9995439215086,-2500.0409781957255,-2387.5363217770678,-2384.28750937904,-47.85634395736998
2026-03-17T10:13:35.107,0.3072007297255863,-6.556511316091496e-05,0.17994188515669118,0.18513998499353637,0.1714924834104016,-2307.9995439215086,-2500.0409781957255,-2387.5363217770678,-2384.28750937904,-47.85634395736998
2026-03-17T10:13:35.216,0.3072007297255863,-6.556511316091496e-05,0.17994188515669118,0.18513998499353637,0.1714924834104016,-2307.9995439215086,-2500.0409781957255,-2387.5363217770678,-2384.28750937904,-47.85634395736998
2026-03-17T10:13:35.326,0.3033220709392813,2.3603440737929386e-05,0.18491592896608616,0.18915805641914374,0.17810462573159935,-2310.423705662949,-2499.9852478495386,-2384.427544396196,-2381.776214738035,-47.773692178355006
2026-03-17T10:13:35.420,0.3033220709392813,2.3603440737929386e-05,0.18491592896608616,0.18915805641914374,0.17810462573159935,-2310.423705662949,-2499.9852478495386,-2384.427544396196,-2381.776214738035,-47.773692178355006
2026-03-17T10:13:35.544,0.3033220709392813,2.3603440737929386e-05,0.18491592896608616,0.18915805641914374,0.17810462573159935,-2310.423705662949,-2499.9852478495386,-2384.427544396196,-2381.776214738035,-47.773692178355006
2026-03-17T10:13:35.654,0.3121349413523235,-7.867813579309795e-06,0.16363060635831486,0.1712684273829514,0.1621717526684723,-2304.915661654798,-2500.0049173834873,-2397.730871026053,-2392.9572328856557,-47.9728530916441
2026-03-17T10:13:35.763,0.3121349413523235,-7.867813579309795e-06,0.16363060635831486,0.1712684273829514,0.1621717526684723,-2304.915661654798,-2500.0049173834873,-2397.730871026053,-2392.9572328856557,-47.9728530916441
2026-03-17T10:13:35.868,0.3121349413523235,-7.867813579309795e-06,0.16363060635831486,0.1712684273829514,0.1621717526684723,-2304.915661654798,-2500.0049173834873,-2397.730871026053,-2392.9572328856557,-47.9728530916441
2026-03-17T10:13:35.967,0.2939515499690297,-5.769729958160517e-05,0.17136800783959594,0.17388241436987067,0.16754411830444543,-2316.2802812693562,-2500.0360608122387,-2392.894995100253,-2391.3234910188307,-47.90569852119443
2026-03-17T10:13:36.093,0.2939515499690297,-5.769729958160517e-05,0.17136800783959594,0.17388241436987067,0.16754411830444543,-2316.2802812693562,-2500.0360608122387,-2392.894995100253,-2391.3234910188307,-47.90569852119443
2026-03-17T10:13:36.202,0.2939515499690297,-5.769729958160517e-05,0.17136800783959594,0.17388241436987067,0.16754411830444543,-2316.2802812693562,-2500.0360608122387,-2392.894995100253,-2391.3234910188307,-47.90569852119443
2026-03-17T10:13:36.312,0.2890073802966281,-7.343292674022477e-05,0.17576448500045255,0.17660593985909895,0.16633919477904646,-2319.3703873146073,-2500.045895579213,-2390.147196874717,-2389.6212875880633,-47.920760065261916
2026-03-17T10:13:36.421,0.2890073802966281,-7.343292674022477e-05,0.17576448500045255,0.17660593985909895,0.16633919477904646,-2319.3703873146073,-2500.045895579213,-2390.147196874717,-2389.6212875880633,-47.920760065261916
2026-03-17T10:13:36.530,0.2890073802966281,-7.343292674022477e-05,0.17576448500045255,0.17660593985909895,0.16633919477904646,-2319.3703873146073,-2500.045895579213,-2390.147196874717,-2389.6212875880633,-47.920760065261916
2026-03-17T10:13:36.640,0.29303540976789993,-5.245209052873197e-06,0.17277209227828402,0.1736882324794138,0.16456168362794132,-2316.852868895063,-2500.003278255658,-2392.017442326073,-2391.4448547003662,-47.942978954650734
2026-03-17T10:13:36.749,0.29303540976789993,-5.245209052873197e-06,0.17277209227828402,0.1736882324794138,0.16456168362794132,-2316.852868895063,-2500.003278255658,-2392.017442326073,-2391.4448547003662,-47.942978954650734
2026-03-17T10:13:36.858,0.29303540976789993,-5.245209052873197e-06,0.17277209227828402,0.1736882324794138,0.16456168362794132,-2316.852868895063,-2500.003278255658,-2392.017442326073,-2391.4448547003662,-47.942978954650734
2026-03-17T10:13:36.967,0.2946038019600515,3.409385884367578e-05,0.18426865599789663,0.18915805641914374,0.17047676275262727,-2315.872623774968,-2499.9786913382227,-2384.8320900013146,-2381.776214738035,-47.869040465592164
2026-03-17T10:13:37.078,0.2946038019600515,3.409385884367578e-05,0.18426865599789663,0.18915805641914374,0.17047676275262727,-2315.872623774968,-2499.9786913382227,-2384.8320900013146,-2381.776214738035,-47.869040465592164
2026-03-17T10:13:37.200,0.2946038019600515,3.409385884367578e-05,0.18426865599789663,0.18915805641914374,0.17047676275262727,-2315.872623774968,-2499.9786913382227,-2384.8320900013146,-2381.776214738035,-47.869040465592164
2026-03-17T10:13:37.309,0.3021619586193724,-5.769729958160517e-05,0.16818143322697054,0.16252028426672818,0.16144979435779935,-2311.1487758628923,-2500.0360608122387,-2394.8866042331433,-2398.4248223332947,-47.98187757052751
2026-03-17T10:13:37.419,0.3021619586193724,-5.769729958160517e-05,0.16818143322697054,0.16252028426672818,0.16144979435779935,-2311.1487758628923,-2500.0360608122387,-2394.8866042331433,-2398.4248223332947,-47.98187757052751
2026-03-17T10:13:37.527,0.3021619586193724,-5.769729958160517e-05,0.16818143322697054,0.16252028426672818,0.16144979435779935,-2311.1487758628923,-2500.0360608122387,-2394.8866042331433,-2398.4248223332947,-47.98187757052751
2026-03-17T10:13:37.636,0.2808268457832788,0.0,0.16169376647657846,0.16754411830444543,0.15948805936190183,-2324.4832213854506,-2500.0,-2398.9413959521385,-2395.284926059722,-48.00639925797623
2026-03-17T10:13:37.746,0.2808268457832788,0.0,0.16169376647657846,0.16754411830444543,0.15948805936190183,-2324.4832213854506,-2500.0,-2398.9413959521385,-2395.284926059722,-48.00639925797623
2026-03-17T10:13:37.855,0.2808268457832788,0.0,0.16169376647657846,0.16754411830444543,0.15948805936190183,-2324.4832213854506,-2500.0,-2398.9413959521385,-2395.284926059722,-48.00639925797623
2026-03-17T10:13:37.964,0.28552206431406907,-5.507469505516857e-05,0.17630221946633312,0.18395995658229855,0.16830092977494399,-2321.548709803707,-2500.0344216844096,-2389.8111128335418,-2385.0250271360633,-47.8962383778132
2026-03-17T10:13:38.075,0.28552206431406907,-5.507469505516857e-05,0.17630221946633312,0.18395995658229855,0.16830092977494399,-2321.548709803707,-2500.0344216844096,-2389.8111128335418,-2385.0250271360633,-47.8962383778132
2026-03-17T10:13:38.181,0.28552206431406907,-5.507469505516857e-05,0.17630221946633312,0.18395995658229855,0.16830092977494399,-2321.548709803707,-2500.0344216844096,-2389.8111128335418,-2385.0250271360633,-47.8962383778132
2026-03-17T10:13:38.285,0.3032125324369723,-1.573562715861959e-05,0.17940912971364287,0.18119659891041245,0.17237377045170582,-2310.4921672268924,-2500.009834766974,-2387.869293928973,-2386.7521256809923,-47.845327869353675
2026-03-17T10:13:38.398,0.3032125324369723,-1.573562715861959e-05,0.17940912971364287,0.18119659891041245,0.17237377045170582,-2310.4921672268924,-2500.009834766974,-2387.869293928973,-2386.7521256809923,-47.845327869353675
2026-03-17T10:13:38.512,0.3032125324369723,-1.573562715861959e-05,0.17940912971364287,0.18119659891041245,0.17237377045170582,-2310.4921672268924,-2500.009834766974,-2387.869293928973,-2386.7521256809923,-47.845327869353675
2026-03-17T10:13:38.620,0.30303328761501214,-7.605553126666136e-05,0.18208784399738112,0.17586904447992935,0.17239866556586697,-2310.6041952406176,-2500.0475347070415,-2386.195097501637,-2390.081847200044,-47.84501668042666
2026-03-17T10:13:38.731,0.30303328761501214,-7.605553126666136e-05,0.18208784399738112,0.17586904447992935,0.17239866556586697,-2310.6041952406176,-2500.0475347070415,-2386.195097501637,-2390.081847200044,-47.84501668042666
2026-03-17T10:13:38.838,0.30303328761501214,-7.605553126666136e-05,0.18208784399738112,0.17586904447992935,0.17239866556586697,-2310.6041952406176,-2500.0475347070415,-2386.195097501637,-2390.081847200044,-47.84501668042666
2026-03-17T10:13:38.946,0.29769079611603233,-3.409385884367578e-05,0.17369819052507826,0.17922490586885045,0.1631426621207566,-2313.94325242748,-2500.0213086617773,-2391.438630921826,-2387.9844338319685,-47.96071672349054
2026-03-17T10:13:39.054,0.29769079611603233,-3.409385884367578e-05,0.17369819052507826,0.17922490586885045,0.1631426621207566,-2313.94325242748,-2500.0213086617773,-2391.438630921826,-2387.9844338319685,-47.96071672349054
2026-03-17T10:13:39.163,0.29769079611603233,-3.409385884367578e-05,0.17369819052507826,0.17922490586885045,0.1631426621207566,-2313.94325242748,-2500.0213086617773,-2391.438630921826,-2387.9844338319685,-47.96071672349054
2026-03-17T10:13:39.272,0.2943847249554335,-7.867813579309795e-06,0.16798725133651368,0.1756400094296469,0.16471105431290817,-2316.0095469028543,-2500.0049173834873,-2395.0079679146793,-2390.2249941064706,-47.94111182108865
2026-03-17T10:13:39.380,0.2943847249554335,-7.867813579309795e-06,0.16798725133651368,0.1756400094296469,0.16471105431290817,-2316.0095469028543,-2500.0049173834873,-2395.0079679146793,-2390.2249941064706,-47.94111182108865
2026-03-17T10:13:39.489,0.2943847249554335,-7.867813579309795e-06,0.16798725133651368,0.1756400094296469,0.16471105431290817,-2316.0095469028543,-2500.0049173834873,-2395.0079679146793,-2390.2249941064706,-47.94111182108865
2026-03-17T10:13:39.597,0.2954751309556912,-6.294250863447836e-05,0.17219452562974566,0.17716856943914064,0.161091304713879,-2315.3280431526928,-2500.0393390678964,-2392.378421481409,-2389.269644100537,-47.98635869107651
2026-03-17T10:13:39.706,0.2954751309556912,-6.294250863447836e-05,0.17219452562974566,0.17716856943914064,0.161091304713879,-2315.3280431526928,-2500.0393390678964,-2392.378421481409,-2389.269644100537,-47.98635869107651
2026-03-17T10:13:39.815,0.2954751309556912,-6.294250863447836e-05,0.17219452562974566,0.17716856943914064,0.161091304713879,-2315.3280431526928,-2500.0393390678964,-2392.378421481409,-2389.269644100537,-47.98635869107651
2026-03-17T10:13:39.926,0.2947531726450183,-4.982948600229538e-05,0.1709995601500111,0.17563005138398244,0.16238087162742584,-2315.7792670968634,-2500.0311434287514,-2393.1252749062432,-2390.231217885011,-47.970239104657175
2026-03-17T10:13:40.035,0.2947531726450183,-4.982948600229538e-05,0.1709995601500111,0.17563005138398244,0.16238087162742584,-2315.7792670968634,-2500.0311434287514,-2393.1252749062432,-2390.231217885011,-47.970239104657175
2026-03-17T10:13:40.144,0.2947531726450183,-4.982948600229538e-05,0.1709995601500111,0.17563005138398244,0.16238087162742584,-2315.7792670968634,-2500.0311434287514,-2393.1252749062432,-2390.231217885011,-47.970239104657175
2026-03-17T10:13:40.255,0.28497437180252405,-8.392334484597116e-05,0.1683955312087563,0.17308577071671433,0.15765079993681,-2321.8910176234226,-2500.0524520905287,-2394.752792994527,-2391.8213933020534,-48.02936500078987
2026-03-17T10:13:40.363,0.28497437180252405,-8.392334484597116e-05,0.1683955312087563,0.17308577071671433,0.15765079993681,-2321.8910176234226,-2500.0524520905287,-2394.752792994527,-2391.8213933020534,-48.02936500078987
2026-03-17T10:13:40.469,0.28497437180252405,-8.392334484597116e-05,0.1683955312087563,0.17308577071671433,0.15765079993681,-2321.8910176234226,-2500.0524520905287,-2394.752792994527,-2391.8213933020534,-48.02936500078987
2026-03-17T10:13:40.580,0.2926520250098184,-2.6226045264365987e-06,0.1710493503783334,0.17453466636089243,0.15962249297837197,-2317.0924843688636,-2500.001639127829,-2393.0941560135416,-2390.9158335244424,-48.00471883777035
2026-03-17T10:13:40.690,0.2926520250098184,-2.6226045264365987e-06,0.1710493503783334,0.17453466636089243,0.15962249297837197,-2317.0924843688636,-2500.001639127829,-2393.0941560135416,-2390.9158335244424,-48.00471883777035
2026-03-17T10:13:40.796,0.2926520250098184,-2.6226045264365987e-06,0.1710493503783334,0.17453466636089243,0.15962249297837197,-2317.0924843688636,-2500.001639127829,-2393.0941560135416,-2390.9158335244424,-48.00471883777035
2026-03-17T10:13:40.907,0.2904712130093029,-1.573562715861959e-05,0.1670611530897194,0.17091491676186327,0.1563214008406053,-2318.4554918691856,-2500.009834766974,-2395.5867793189254,-2393.1781770238354,-48.04598248949243
2026-03-17T10:13:41.016,0.2904712130093029,-1.573562715861959e-05,0.1670611530897194,0.17091491676186327,0.1563214008406053,-2318.4554918691856,-2500.009834766974,-2395.5867793189254,-2393.1781770238354,-48.04598248949243
2026-03-17T10:13:41.125,0.2904712130093029,-1.573562715861959e-05,0.1670611530897194,0.17091491676186327,0.1563214008406053,-2318.4554918691856,-2500.009834766974,-2395.5867793189254,-2393.1781770238354,-48.04598248949243
2026-03-17T10:13:41.235,0.29224872416040804,1.8358231685056193e-05,0.1729712531915731,0.17625740826084305,0.16153941676877945,-2317.344547399745,-2499.988526105197,-2391.892966755267,-2389.839119836973,-47.98075729039026
2026-03-17T10:13:41.343,0.29224872416040804,1.8358231685056193e-05,0.1729712531915731,0.17625740826084305,0.16153941676877945,-2317.344547399745,-2499.988526105197,-2391.892966755267,-2389.839119836973,-47.98075729039026
2026-03-17T10:13:41.452,0.29224872416040804,1.8358231685056193e-05,0.1729712531915731,0.17625740826084305,0.16153941676877945,-2317.344547399745,-2499.988526105197,-2391.892966755267,-2389.839119836973,-47.98075729039026
2026-03-17T10:13:41.567,0.2929308502884232,-0.00011277199463677375,0.17483340773082606,0.1705763432092718,0.1514668535791838,-2316.9182185697355,-2500.070482496648,-2390.7291201682337,-2393.389785494205,-48.1066643302602
2026-03-17T10:13:41.673,0.2929308502884232,-0.00011277199463677375,0.17483340773082606,0.1705763432092718,0.1514668535791838,-2316.9182185697355,-2500.070482496648,-2390.7291201682337,-2393.389785494205,-48.1066643302602
2026-03-17T10:13:41.781,0.2929308502884232,-0.00011277199463677375,0.17483340773082606,0.1705763432092718,0.1514668535791838,-2316.9182185697355,-2500.070482496648,-2390.7291201682337,-2393.389785494205,-48.1066643302602
2026-03-17T10:13:41.890,0.2946336760970449,-2.6226045264365987e-06,0.1673349993454919,0.1683606780489307,0.15621684136112857,-2315.8539524393473,-2500.001639127829,-2395.4156254090676,-2394.7745762194186,-48.047289482985896
2026-03-17T10:13:41.999,0.2946336760970449,-2.6226045264365987e-06,0.1673349993454919,0.1683606780489307,0.15621684136112857,-2315.8539524393473,-2500.001639127829,-2395.4156254090676,-2394.7745762194186,-48.047289482985896
2026-03-17T10:13:42.109,0.2946336760970449,-2.6226045264365987e-06,0.1673349993454919,0.1683606780489307,0.15621684136112857,-2315.8539524393473,-2500.001639127829,-2395.4156254090676,-2394.7745762194186,-48.047289482985896
2026-03-17T10:13:42.217,0.2804185659110362,-4.196167242298558e-05,0.16145477338063158,0.16119586419335574,0.1502918041907782,-2324.7383963056022,-2500.0262260452646,-2399.0907666371054,-2399.2525848791524,-48.12135244761527
2026-03-17T10:13:42.343,0.2804185659110362,-4.196167242298558e-05,0.16145477338063158,0.16119586419335574,0.1502918041907782,-2324.7383963056022,-2500.0262260452646,-2399.0907666371054,-2399.2525848791524,-48.12135244761527
2026-03-17T10:13:42.451,0.2804185659110362,-4.196167242298558e-05,0.16145477338063158,0.16119586419335574,0.1502918041907782,-2324.7383963056022,-2500.0262260452646,-2399.0907666371054,-2399.2525848791524,-48.12135244761527
2026-03-17T10:13:42.575,0.2733035422837835,2.8848649790802585e-05,0.16512431320798301,0.17155223168438832,0.15550982011895229,-2329.1852860726353,-2499.981969593881,-2396.7973042450103,-2392.7798551972573,-48.0561272485131
2026-03-17T10:13:42.677,0.2733035422837835,2.8848649790802585e-05,0.16512431320798301,0.17155223168438832,0.15550982011895229,-2329.1852860726353,-2499.981969593881,-2396.7973042450103,-2392.7798551972573,-48.0561272485131
2026-03-17T10:13:42.795,0.2733035422837835,2.8848649790802585e-05,0.16512431320798301,0.17155223168438832,0.15550982011895229,-2329.1852860726353,-2499.981969593881,-2396.7973042450103,-2392.7798551972573,-48.0561272485131
2026-03-17T10:13:42.890,0.274518423854847,-4.720688147585877e-05,0.16272442420284952,0.17008839897171354,0.15478786180827933,-2328.4259850907206,-2500.0295043009223,-2398.297234873219,-2393.694750642679,-48.06515172739651
2026-03-17T10:13:43.000,0.274518423854847,-4.720688147585877e-05,0.16272442420284952,0.17008839897171354,0.15478786180827933,-2328.4259850907206,-2500.0295043009223,-2398.297234873219,-2393.694750642679,-48.06515172739651
2026-03-17T10:13:43.109,0.274518423854847,-4.720688147585877e-05,0.16272442420284952,0.17008839897171354,0.15478786180827933,-2328.4259850907206,-2500.0295043009223,-2398.297234873219,-2393.694750642679,-48.06515172739651
2026-03-17T10:13:43.218,0.27964183834920875,2.3603440737929386e-05,0.1655027189432323,0.1670213209070616,0.15305018283983204,-2325.2238510317447,-2499.9852478495386,-2396.56080066048,-2395.6116744330866,-48.0868727145021
2026-03-17T10:13:43.328,0.27964183834920875,2.3603440737929386e-05,0.1655027189432323,0.1670213209070616,0.15305018283983204,-2325.2238510317447,-2499.9852478495386,-2396.56080066048,-2395.6116744330866,-48.0868727145021
2026-03-17T10:13:43.436,0.27964183834920875,2.3603440737929386e-05,0.1655027189432323,0.1670213209070616,0.15305018283983204,-2325.2238510317447,-2499.9852478495386,-2396.56080066048,-2395.6116744330866,-48.0868727145021
2026-03-17T10:13:43.549,0.2804335029795329,-4.196167242298558e-05,0.15894036685035684,0.16849511166540085,0.15211412654737333,-2324.729060637792,-2500.0262260452646,-2400.662270718527,-2394.6905552091243,-48.098573418157834
2026-03-17T10:13:43.655,0.2804335029795329,-4.196167242298558e-05,0.15894036685035684,0.16849511166540085,0.15211412654737333,-2324.729060637792,-2500.0262260452646,-2400.662270718527,-2394.6905552091243,-48.098573418157834
2026-03-17T10:13:43.765,0.2804335029795329,-4.196167242298558e-05,0.15894036685035684,0.16849511166540085,0.15211412654737333,-2324.729060637792,-2500.0262260452646,-2400.662270718527,-2394.6905552091243,-48.098573418157834
2026-03-17T10:13:43.885,0.27885017371888465,-1.573562715861959e-05,0.16126059149017472,0.16733002032265967,0.15808397492321374,-2325.718641425697,-2500.009834766974,-2399.212130318641,-2395.418737298338,-48.02395031345983
2026-03-17T10:13:43.997,0.27885017371888465,-1.573562715861959e-05,0.16126059149017472,0.16733002032265967,0.15808397492321374,-2325.718641425697,-2500.009834766974,-2399.212130318641,-2395.418737298338,-48.02395031345983
2026-03-17T10:13:44.105,0.27885017371888465,-1.573562715861959e-05,0.16126059149017472,0.16733002032265967,0.15808397492321374,-2325.718641425697,-2500.009834766974,-2399.212130318641,-2395.418737298338,-48.02395031345983
2026-03-17T10:13:44.204,0.283570287363836,-6.031990410804177e-05,0.16972493030496097,0.18271022185140953,0.1665632508064967,-2322.7685703976026,-2500.0376999400673,-2393.9219185593993,-2385.806111342869,-47.917959364918794
2026-03-17T10:13:44.319,0.283570287363836,-6.031990410804177e-05,0.16972493030496097,0.18271022185140953,0.1665632508064967,-2322.7685703976026,-2500.0376999400673,-2393.9219185593993,-2385.806111342869,-47.917959364918794
2026-03-17T10:13:44.431,0.283570287363836,-6.031990410804177e-05,0.16972493030496097,0.18271022185140953,0.1665632508064967,-2322.7685703976026,-2500.0376999400673,-2393.9219185593993,-2385.806111342869,-47.917959364918794
2026-03-17T10:13:44.533,0.29092928310986776,-1.573562715861959e-05,0.17630719848916532,0.17498775743862513,0.16356587906149592,-2318.169198056333,-2500.009834766974,-2389.808000944272,-2390.6326516008594,-47.955426511731304
2026-03-17T10:13:44.650,0.29092928310986776,-1.573562715861959e-05,0.17630719848916532,0.17498775743862513,0.16356587906149592,-2318.169198056333,-2500.009834766974,-2389.808000944272,-2390.6326516008594,-47.955426511731304
2026-03-17T10:13:44.759,0.29092928310986776,-1.573562715861959e-05,0.17630719848916532,0.17498775743862513,0.16356587906149592,-2318.169198056333,-2500.009834766974,-2389.808000944272,-2390.6326516008594,-47.955426511731304
2026-03-17T10:13:44.868,0.2877377294744102,-7.081032221378817e-05,0.17416621867130763,0.17907055616105144,0.16924694411306715,-2320.1639190784936,-2500.0442564513837,-2391.146113330433,-2388.080902399343,-47.884413198586664
2026-03-17T10:13:44.977,0.2877377294744102,-7.081032221378817e-05,0.17416621867130763,0.17907055616105144,0.16924694411306715,-2320.1639190784936,-2500.0442564513837,-2391.146113330433,-2388.080902399343,-47.884413198586664
2026-03-17T10:13:45.086,0.2877377294744102,-7.081032221378817e-05,0.17416621867130763,0.17907055616105144,0.16924694411306715,-2320.1639190784936,-2500.0442564513837,-2391.146113330433,-2388.080902399343,-47.884413198586664
2026-03-17T10:13:45.195,0.29439468300109795,-9.179115842528095e-05,0.17547072265335117,0.1736832534565816,0.1644969563311224,-2316.0033231243137,-2500.057369474016,-2390.3307983416557,-2391.4479665896365,-47.94378804586097
2026-03-17T10:13:45.305,0.29439468300109795,-9.179115842528095e-05,0.17547072265335117,0.1736832534565816,0.1644969563311224,-2316.0033231243137,-2500.057369474016,-2390.3307983416557,-2391.4479665896365,-47.94378804586097
2026-03-17T10:13:45.414,0.29439468300109795,-9.179115842528095e-05,0.17547072265335117,0.1736832534565816,0.1644969563311224,-2316.0033231243137,-2500.057369474016,-2390.3307983416557,-2391.4479665896365,-47.94378804586097
2026-03-17T10:13:45.523,0.29320967556702787,-1.8358231685056193e-05,0.179434024827804,0.17516202323775307,0.16554255112589011,-2316.743952770608,-2500.011473894803,-2387.8537344826227,-2390.5237354764045,-47.93071811092637
2026-03-17T10:13:45.632,0.29320967556702787,-1.8358231685056193e-05,0.179434024827804,0.17516202323775307,0.16554255112589011,-2316.743952770608,-2500.011473894803,-2387.8537344826227,-2390.5237354764045,-47.93071811092637
2026-03-17T10:13:45.743,0.29320967556702787,-1.8358231685056193e-05,0.179434024827804,0.17516202323775307,0.16554255112589011,-2316.743952770608,-2500.011473894803,-2387.8537344826227,-2390.5237354764045,-47.93071811092637
2026-03-17T10:13:45.849,0.2902471569818527,-3.671646337011239e-05,0.17330484772133234,0.1826753686915839,0.1656520896281991,-2318.595526886342,-2500.0229477896064,-2391.6844701741675,-2385.82789456776,-47.92934887964751
2026-03-17T10:13:45.957,0.2902471569818527,-3.671646337011239e-05,0.17330484772133234,0.1826753686915839,0.1656520896281991,-2318.595526886342,-2500.0229477896064,-2391.6844701741675,-2385.82789456776,-47.92934887964751
2026-03-17T10:13:46.067,0.2902471569818527,-3.671646337011239e-05,0.17330484772133234,0.1826753686915839,0.1656520896281991,-2318.595526886342,-2500.0229477896064,-2391.6844701741675,-2385.82789456776,-47.92934887964751
2026-03-17T10:13:46.175,0.29653068379612346,-1.3113022632182994e-05,0.1705912802777685,0.17449483417823464,0.1660354743862806,-2314.6683226274226,-2500.008195639145,-2393.380449826395,-2390.9407286386036,-47.9245565701715
2026-03-17T10:13:46.283,0.29653068379612346,-1.3113022632182994e-05,0.1705912802777685,0.17449483417823464,0.1660354743862806,-2314.6683226274226,-2500.008195639145,-2393.380449826395,-2390.9407286386036,-47.9245565701715
2026-03-17T10:13:46.390,0.29653068379612346,-1.3113022632182994e-05,0.1705912802777685,0.17449483417823464,0.1660354743862806,-2314.6683226274226,-2500.008195639145,-2393.380449826395,-2390.9407286386036,-47.9245565701715
2026-03-17T10:13:46.500,0.2929457873569198,2.098083621149279e-05,0.17181114087166416,0.17472386922851707,0.16438741782881341,-2316.908882901925,-2499.9868869773677,-2392.61803695521,-2390.797581732177,-47.945157277139835
2026-03-17T10:13:46.614,0.2929457873569198,2.098083621149279e-05,0.17181114087166416,0.17472386922851707,0.16438741782881341,-2316.908882901925,-2499.9868869773677,-2392.61803695521,-2390.797581732177,-47.945157277139835
2026-03-17T10:13:46.734,0.2929457873569198,2.098083621149279e-05,0.17181114087166416,0.17472386922851707,0.16438741782881341,-2316.908882901925,-2499.9868869773677,-2392.61803695521,-2390.797581732177,-47.945157277139835
2026-03-17T10:13:46.840,0.2919151296306488,-2.622604526436599e-05,0.17006848288038462,0.17708392605099277,0.16261986472337273,-2317.5530439808444,-2500.01639127829,-2393.7071981997597,-2389.3225462181294,-47.96725169095784
2026-03-17T10:13:46.943,0.2919151296306488,-2.622604526436599e-05,0.17006848288038462,0.17708392605099277,0.16261986472337273,-2317.5530439808444,-2500.01639127829,-2393.7071981997597,-2389.3225462181294,-47.96725169095784
2026-03-17T10:13:47.055,0.2919151296306488,-2.622604526436599e-05,0.17006848288038462,0.17708392605099277,0.16261986472337273,-2317.5530439808444,-2500.01639127829,-2393.7071981997597,-2389.3225462181294,-47.96725169095784
2026-03-17T10:13:47.167,0.289574988899502,-4.720688147585877e-05,0.1741811557398043,0.1725480362508338,0.16049880099684397,-2319.0156319378116,-2500.0295043009223,-2391.1367776626225,-2392.157477343229,-47.99376498753945
2026-03-17T10:13:47.275,0.289574988899502,-4.720688147585877e-05,0.1741811557398043,0.1725480362508338,0.16049880099684397,-2319.0156319378116,-2500.0295043009223,-2391.1367776626225,-2392.157477343229,-47.99376498753945
2026-03-17T10:13:47.385,0.289574988899502,-4.720688147585877e-05,0.1741811557398043,0.1725480362508338,0.16049880099684397,-2319.0156319378116,-2500.0295043009223,-2391.1367776626225,-2392.157477343229,-47.99376498753945
2026-03-17T10:13:47.492,0.29232340950289143,-1.8358231685056193e-05,0.17694949243452263,0.17903072397839362,0.16589108272414602,-2317.297869060693,-2500.011473894803,-2389.4065672284232,-2388.105797513504,-47.926361465948176
2026-03-17T10:13:47.604,0.29232340950289143,-1.8358231685056193e-05,0.17694949243452263,0.17903072397839362,0.16589108272414602,-2317.297869060693,-2500.011473894803,-2389.4065672284232,-2388.105797513504,-47.926361465948176
2026-03-17T10:13:47.710,0.29232340950289143,-1.8358231685056193e-05,0.17694949243452263,0.17903072397839362,0.16589108272414602,-2317.297869060693,-2500.011473894803,-2389.4065672284232,-2388.105797513504,-47.926361465948176
2026-03-17T10:13:47.826,0.29654064184178786,-4.4584276949422175e-05,0.17667066715591792,0.1778208214301624,0.16188296934420313,-2314.6620988488826,-2500.0278651730932,-2389.5808330275513,-2388.8619866061485,-47.97646288319746
2026-03-17T10:13:47.932,0.29654064184178786,-4.4584276949422175e-05,0.17667066715591792,0.1778208214301624,0.16188296934420313,-2314.6620988488826,-2500.0278651730932,-2389.5808330275513,-2388.8619866061485,-47.97646288319746
2026-03-17T10:13:48.041,0.29654064184178786,-4.4584276949422175e-05,0.17667066715591792,0.1778208214301624,0.16188296934420313,-2314.6620988488826,-2500.0278651730932,-2389.5808330275513,-2388.8619866061485,-47.97646288319746
2026-03-17T10:13:48.148,0.29133258395927825,-3.671646337011239e-05,0.17516202323775307,0.1754408485163578,0.1617037245222429,-2317.917135025451,-2500.0229477896064,-2390.5237354764045,-2390.3494696772764,-47.978703443471964
2026-03-17T10:13:48.255,0.29133258395927825,-3.671646337011239e-05,0.17516202323775307,0.1754408485163578,0.1617037245222429,-2317.917135025451,-2500.0229477896064,-2390.5237354764045,-2390.3494696772764,-47.978703443471964
2026-03-17T10:13:48.368,0.29133258395927825,-3.671646337011239e-05,0.17516202323775307,0.1754408485163578,0.1617037245222429,-2317.917135025451,-2500.0229477896064,-2390.5237354764045,-2390.3494696772764,-47.978703443471964
2026-03-17T10:13:48.470,0.28838500244259974,-7.867813579309795e-06,0.166219698231073,0.17572465281779473,0.16200246589217657,-2319.759373473375,-2500.0049173834873,-2396.1126886055795,-2390.1720919888785,-47.97496917634779
2026-03-17T10:13:48.581,0.28838500244259974,-7.867813579309795e-06,0.166219698231073,0.17572465281779473,0.16200246589217657,-2319.759373473375,-2500.0049173834873,-2396.1126886055795,-2390.1720919888785,-47.97496917634779
2026-03-17T10:13:48.694,0.28838500244259974,-7.867813579309795e-06,0.166219698231073,0.17572465281779473,0.16200246589217657,-2319.759373473375,-2500.0049173834873,-2396.1126886055795,-2390.1720919888785,-47.97496917634779
2026-03-17T10:13:48.798,0.29271177328380515,-1.3113022632182994e-05,0.17142775611358266,0.17635200969465537,0.1550168968585618,-2317.055141697622,-2500.008195639145,-2392.8576524290106,-2389.7799939408405,-48.062288789267974
2026-03-17T10:13:48.909,0.29271177328380515,-1.3113022632182994e-05,0.17142775611358266,0.17635200969465537,0.1550168968585618,-2317.055141697622,-2500.008195639145,-2392.8576524290106,-2389.7799939408405,-48.062288789267974
2026-03-17T10:13:49.021,0.29271177328380515,-1.3113022632182994e-05,0.17142775611358266,0.17635200969465537,0.1550168968585618,-2317.055141697622,-2500.008195639145,-2392.8576524290106,-2389.7799939408405,-48.062288789267974
2026-03-17T10:13:49.126,0.2838341755739441,-7.867813579309797e-05,0.16019010158124586,0.1796132696497642,0.1648106347695527,-2322.603640266285,-2500.0491738348705,-2399.8811865117214,-2387.7417064688975,-47.93986706538059
2026-03-17T10:13:49.239,0.2838341755739441,-7.867813579309797e-05,0.16019010158124586,0.1796132696497642,0.1648106347695527,-2322.603640266285,-2500.0491738348705,-2399.8811865117214,-2387.7417064688975,-47.93986706538059
2026-03-17T10:13:49.351,0.2838341755739441,-7.867813579309797e-05,0.16019010158124586,0.1796132696497642,0.1648106347695527,-2322.603640266285,-2500.0491738348705,-2399.8811865117214,-2387.7417064688975,-47.93986706538059
2026-03-17T10:13:49.453,0.2961224039238808,0.0,0.17243351872569254,0.17650138037962218,0.1646064948334314,-2314.9234975475747,-2500.0,-2392.229050796442,-2389.6866372627364,-47.942418814582105
2026-03-17T10:13:49.569,0.2961224039238808,0.0,0.17243351872569254,0.17650138037962218,0.1646064948334314,-2314.9234975475747,-2500.0,-2392.229050796442,-2389.6866372627364,-47.942418814582105
2026-03-17T10:13:49.677,0.2961224039238808,0.0,0.17243351872569254,0.17650138037962218,0.1646064948334314,-2314.9234975475747,-2500.0,-2392.229050796442,-2389.6866372627364,-47.942418814582105
2026-03-17T10:13:49.786,0.29747171911141435,-7.343292674022477e-05,0.1788465001336012,0.18174927044478964,0.16785779674287576,-2314.080175555366,-2500.045895579213,-2388.220937416499,-2386.4067059720064,-47.90177754071405
2026-03-17T10:13:49.894,0.29747171911141435,-7.343292674022477e-05,0.1788465001336012,0.18174927044478964,0.16785779674287576,-2314.080175555366,-2500.045895579213,-2388.220937416499,-2386.4067059720064,-47.90177754071405
2026-03-17T10:13:50.002,0.29747171911141435,-7.343292674022477e-05,0.1788465001336012,0.18174927044478964,0.16785779674287576,-2314.080175555366,-2500.045895579213,-2388.220937416499,-2386.4067059720064,-47.90177754071405
2026-03-17T10:13:50.111,0.29765594295620673,-2.3603440737929386e-05,0.18013108802431582,0.1787419406541244,0.16293852218463528,-2313.9650356523707,-2500.0147521504614,-2387.4180699848025,-2388.286287091172,-47.963268472692064
2026-03-17T10:13:50.219,0.29765594295620673,-2.3603440737929386e-05,0.18013108802431582,0.1787419406541244,0.16293852218463528,-2313.9650356523707,-2500.0147521504614,-2387.4180699848025,-2388.286287091172,-47.963268472692064
2026-03-17T10:13:50.328,0.29765594295620673,-2.3603440737929386e-05,0.18013108802431582,0.1787419406541244,0.16293852218463528,-2313.9650356523707,-2500.0147521504614,-2387.4180699848025,-2388.286287091172,-47.963268472692064
2026-03-17T10:13:50.447,0.292422989959536,-2.622604526436599e-05,0.17455458245222136,0.17164185409536842,0.15874120593706775,-2317.23563127529,-2500.01639127829,-2390.903385967362,-2392.723841190395,-48.01573492578665
2026-03-17T10:13:50.547,0.292422989959536,-2.622604526436599e-05,0.17455458245222136,0.17164185409536842,0.15874120593706775,-2317.23563127529,-2500.01639127829,-2390.903385967362,-2392.723841190395,-48.01573492578665
2026-03-17T10:13:50.656,0.292422989959536,-2.622604526436599e-05,0.17455458245222136,0.17164185409536842,0.15874120593706775,-2317.23563127529,-2500.01639127829,-2390.903385967362,-2392.723841190395,-48.01573492578665
2026-03-17T10:13:50.765,0.2929408083340876,-1.573562715861959e-05,0.17726317087295296,0.179981717339349,0.16756901341860658,-2316.9119947911954,-2500.009834766974,-2389.2105182044043,-2387.511426662907,-47.905387332267416
2026-03-17T10:13:50.890,0.2929408083340876,-1.573562715861959e-05,0.17726317087295296,0.179981717339349,0.16756901341860658,-2316.9119947911954,-2500.009834766974,-2389.2105182044043,-2387.511426662907,-47.905387332267416
2026-03-17T10:13:50.998,0.2929408083340876,-1.573562715861959e-05,0.17726317087295296,0.179981717339349,0.16756901341860658,-2316.9119947911954,-2500.009834766974,-2389.2105182044043,-2387.511426662907,-47.905387332267416
2026-03-17T10:13:51.122,0.290232219913356,-5.507469505516857e-05,0.17720840162179843,0.1825658301892749,0.16657818787499334,-2318.6048625541525,-2500.0344216844096,-2389.244748986376,-2385.896356131703,-47.917772651562586
2026-03-17T10:13:51.221,0.290232219913356,-5.507469505516857e-05,0.17720840162179843,0.1825658301892749,0.16657818787499334,-2318.6048625541525,-2500.0344216844096,-2389.244748986376,-2385.896356131703,-47.917772651562586
2026-03-17T10:13:51.341,0.290232219913356,-5.507469505516857e-05,0.17720840162179843,0.1825658301892749,0.16657818787499334,-2318.6048625541525,-2500.0344216844096,-2389.244748986376,-2385.896356131703,-47.917772651562586
2026-03-17T10:13:51.451,0.2954054246360401,-3.671646337011239e-05,0.17891122743042018,0.18268532673724838,0.17330982674416454,-2315.371609602475,-2500.0229477896064,-2388.1804828559875,-2385.8216707892198,-47.83362716569795
2026-03-17T10:13:51.559,0.2954054246360401,-3.671646337011239e-05,0.17891122743042018,0.18268532673724838,0.17330982674416454,-2315.371609602475,-2500.0229477896064,-2388.1804828559875,-2385.8216707892198,-47.83362716569795
2026-03-17T10:13:51.671,0.2954054246360401,-3.671646337011239e-05,0.17891122743042018,0.18268532673724838,0.17330982674416454,-2315.371609602475,-2500.0229477896064,-2388.1804828559875,-2385.8216707892198,-47.83362716569795
2026-03-17T10:13:51.765,0.3050746869762253,-8.130074031953455e-05,0.17856269583216425,0.17691463927469706,0.16611513875159625,-2309.328320639859,-2500.0508129626996,-2388.3983151048974,-2389.428350453314,-47.923560765605046
2026-03-17T10:13:51.877,0.3050746869762253,-8.130074031953455e-05,0.17856269583216425,0.17691463927469706,0.16611513875159625,-2309.328320639859,-2500.0508129626996,-2388.3983151048974,-2389.428350453314,-47.923560765605046
2026-03-17T10:13:51.988,0.3050746869762253,-8.130074031953455e-05,0.17856269583216425,0.17691463927469706,0.16611513875159625,-2309.328320639859,-2500.0508129626996,-2388.3983151048974,-2389.428350453314,-47.923560765605046
2026-03-17T10:13:52.093,0.29042142278098065,-1.0490418105746395e-05,0.17457947756638248,0.17643665308280324,0.17422098792246213,-2318.4866107618873,-2500.006556511316,-2390.887826521011,-2389.727091823248,-47.82223765096922
2026-03-17T10:13:52.212,0.29042142278098065,-1.0490418105746395e-05,0.17457947756638248,0.17643665308280324,0.17422098792246213,-2318.4866107618873,-2500.006556511316,-2390.887826521011,-2389.727091823248,-47.82223765096922
2026-03-17T10:13:52.325,0.29042142278098065,-1.0490418105746395e-05,0.17457947756638248,0.17643665308280324,0.17422098792246213,-2318.4866107618873,-2500.006556511316,-2390.887826521011,-2389.727091823248,-47.82223765096922
2026-03-17T10:13:52.434,0.2973870757232665,-3.147125431723918e-05,0.176650751064589,0.18161981585115175,0.16793248208535916,-2314.1330776729583,-2500.019669533948,-2389.593280584632,-2386.48761509303,-47.90084397393301
2026-03-17T10:13:52.543,0.2973870757232665,-3.147125431723918e-05,0.176650751064589,0.18161981585115175,0.16793248208535916,-2314.1330776729583,-2500.019669533948,-2389.593280584632,-2386.48761509303,-47.90084397393301
2026-03-17T10:13:52.645,0.2973870757232665,-3.147125431723918e-05,0.176650751064589,0.18161981585115175,0.16793248208535916,-2314.1330776729583,-2500.019669533948,-2389.593280584632,-2386.48761509303,-47.90084397393301
2026-03-17T10:13:52.762,0.30138025203471275,-7.867813579309795e-06,0.1783336607818818,0.1822870049106702,0.16620974018540854,-2311.6373424783046,-2500.0049173834873,-2388.541462011324,-2386.0706219308313,-47.922378247682396
2026-03-17T10:13:52.861,0.30138025203471275,-7.867813579309795e-06,0.1783336607818818,0.1822870049106702,0.16620974018540854,-2311.6373424783046,-2500.0049173834873,-2388.541462011324,-2386.0706219308313,-47.922378247682396
2026-03-17T10:13:52.971,0.30138025203471275,-7.867813579309795e-06,0.1783336607818818,0.1822870049106702,0.16620974018540854,-2311.6373424783046,-2500.0049173834873,-2388.541462011324,-2386.0706219308313,-47.922378247682396
2026-03-17T10:13:53.081,0.2960477185813974,-6.818771768735155e-05,0.1788116469737756,0.17832370273621734,0.17006350385755242,-2314.9701758866267,-2500.0426173235546,-2388.2427206413904,-2388.5476857898643,-47.874206201780595
2026-03-17T10:13:53.193,0.2960477185813974,-6.818771768735155e-05,0.1788116469737756,0.17832370273621734,0.17006350385755242,-2314.9701758866267,-2500.0426173235546,-2388.2427206413904,-2388.5476857898643,-47.874206201780595
2026-03-17T10:13:53.302,0.2960477185813974,-6.818771768735155e-05,0.1788116469737756,0.17832370273621734,0.17006350385755242,-2314.9701758866267,-2500.0426173235546,-2388.2427206413904,-2388.5476857898643,-47.874206201780595
2026-03-17T10:13:53.410,0.30456682664733814,-5.507469505516857e-05,0.17786563263565244,0.18243637559563702,0.16896811883446242,-2309.6457333454136,-2500.0344216844096,-2388.833979602717,-2385.9772652527267,-47.88789851456922
2026-03-17T10:13:53.519,0.30456682664733814,-5.507469505516857e-05,0.17786563263565244,0.18243637559563702,0.16896811883446242,-2309.6457333454136,-2500.0344216844096,-2388.833979602717,-2385.9772652527267,-47.88789851456922
2026-03-17T10:13:53.629,0.30456682664733814,-5.507469505516857e-05,0.17786563263565244,0.18243637559563702,0.16896811883446242,-2309.6457333454136,-2500.0344216844096,-2388.833979602717,-2385.9772652527267,-47.88789851456922
2026-03-17T10:13:53.739,0.2975812576137234,-3.933906789654898e-05,0.17826893348506287,0.1799269480881945,0.16833578293476956,-2314.0117139914228,-2500.0245869174355,-2388.581916571836,-2387.5456574448785,-47.89580271331538
2026-03-17T10:13:53.848,0.2975812576137234,-3.933906789654898e-05,0.17826893348506287,0.1799269480881945,0.16833578293476956,-2314.0117139914228,-2500.0245869174355,-2388.581916571836,-2387.5456574448785,-47.89580271331538
2026-03-17T10:13:53.957,0.2975812576137234,-3.933906789654898e-05,0.17826893348506287,0.1799269480881945,0.16833578293476956,-2314.0117139914228,-2500.0245869174355,-2388.581916571836,-2387.5456574448785,-47.89580271331538
2026-03-17T10:13:54.066,0.30147485346852504,-7.081032221378817e-05,0.17555536604149902,0.183860376125654,0.1700037555835657,-2311.578216582172,-2500.0442564513837,-2390.277896224063,-2385.087264921466,-47.874953055205424
2026-03-17T10:13:54.175,0.30147485346852504,-7.081032221378817e-05,0.17555536604149902,0.183860376125654,0.1700037555835657,-2311.578216582172,-2500.0442564513837,-2390.277896224063,-2385.087264921466,-47.874953055205424
2026-03-17T10:13:54.284,0.30147485346852504,-7.081032221378817e-05,0.17555536604149902,0.183860376125654,0.1700037555835657,-2311.578216582172,-2500.0442564513837,-2390.277896224063,-2385.087264921466,-47.874953055205424
2026-03-17T10:13:54.394,0.2776153760564922,-5.507469505516857e-05,0.16574669106201143,0.1691623007249193,0.16157924895143724,-2326.4903899646924,-2500.0344216844096,-2396.4083180862426,-2394.2735620469257,-47.98025938810703
2026-03-17T10:13:54.501,0.2776153760564922,-5.507469505516857e-05,0.16574669106201143,0.1691623007249193,0.16157924895143724,-2326.4903899646924,-2500.0344216844096,-2396.4083180862426,-2394.2735620469257,-47.98025938810703
2026-03-17T10:13:54.614,0.2776153760564922,-5.507469505516857e-05,0.16574669106201143,0.1691623007249193,0.16157924895143724,-2326.4903899646924,-2500.0344216844096,-2396.4083180862426,-2394.2735620469257,-47.98025938810703
2026-03-17T10:13:54.723,0.28479512698056386,-4.982948600229538e-05,0.16963032887114865,0.17472884825134932,0.16386462043142955,-2322.003045637148,-2500.0311434287514,-2393.981044455532,-2390.794469842907,-47.95169224460713
2026-03-17T10:13:54.829,0.28479512698056386,-4.982948600229538e-05,0.16963032887114865,0.17472884825134932,0.16386462043142955,-2322.003045637148,-2500.0311434287514,-2393.981044455532,-2390.794469842907,-47.95169224460713
2026-03-17T10:13:54.942,0.28479512698056386,-4.982948600229538e-05,0.16963032887114865,0.17472884825134932,0.16386462043142955,-2322.003045637148,-2500.0311434287514,-2393.981044455532,-2390.794469842907,-47.95169224460713
2026-03-17T10:13:55.051,0.28085174089743997,-4.4584276949422175e-05,0.16851502775672975,0.17248330895401484,0.16172364061357186,-2324.4676619391,-2500.0278651730932,-2394.678107652044,-2392.1979319037405,-47.97845449233035
2026-03-17T10:13:55.157,0.28085174089743997,-4.4584276949422175e-05,0.16851502775672975,0.17248330895401484,0.16172364061357186,-2324.4676619391,-2500.0278651730932,-2394.678107652044,-2392.1979319037405,-47.97845449233035
2026-03-17T10:13:55.269,0.28085174089743997,-4.4584276949422175e-05,0.16851502775672975,0.17248330895401484,0.16172364061357186,-2324.4676619391,-2500.0278651730932,-2394.678107652044,-2392.1979319037405,-47.97845449233035
2026-03-17T10:13:55.379,0.28183758741822096,-1.0490418105746395e-05,0.16573175399351475,0.1731704141048622,0.16121080126185244,-2323.851507863612,-2500.006556511316,-2396.4176537540534,-2391.7684911844613,-47.984864984226846
2026-03-17T10:13:55.489,0.28183758741822096,-1.0490418105746395e-05,0.16573175399351475,0.1731704141048622,0.16121080126185244,-2323.851507863612,-2500.006556511316,-2396.4176537540534,-2391.7684911844613,-47.984864984226846
2026-03-17T10:13:55.596,0.28183758741822096,-1.0490418105746395e-05,0.16573175399351475,0.1731704141048622,0.16121080126185244,-2323.851507863612,-2500.006556511316,-2396.4176537540534,-2391.7684911844613,-47.984864984226846
2026-03-17T10:13:55.703,0.2817380069615764,-9.703636747815416e-05,0.1784780524440164,0.16686199217643033,0.16038926249453497,-2323.913745649015,-2500.0606477296737,-2388.45121722249,-2395.711254889731,-47.995134218818315
2026-03-17T10:13:55.813,0.2817380069615764,-9.703636747815416e-05,0.1784780524440164,0.16686199217643033,0.16038926249453497,-2323.913745649015,-2500.0606477296737,-2388.45121722249,-2395.711254889731,-47.995134218818315
2026-03-17T10:13:55.934,0.2817380069615764,-9.703636747815416e-05,0.1784780524440164,0.16686199217643033,0.16038926249453497,-2323.913745649015,-2500.0606477296737,-2388.45121722249,-2395.711254889731,-47.995134218818315
2026-03-17T10:13:56.036,0.28594030223197614,5.245209052873197e-06,0.17458943561204693,0.17663581399609232,0.16527866291578205,-2321.287311105015,-2499.996721744342,-2390.8816027424705,-2389.602616252442,-47.93401671355272
2026-03-17T10:13:56.145,0.28594030223197614,5.245209052873197e-06,0.17458943561204693,0.17663581399609232,0.16527866291578205,-2321.287311105015,-2499.996721744342,-2390.8816027424705,-2389.602616252442,-47.93401671355272
2026-03-17T10:13:56.254,0.28594030223197614,5.245209052873197e-06,0.17458943561204693,0.17663581399609232,0.16527866291578205,-2321.287311105015,-2499.996721744342,-2390.8816027424705,-2389.602616252442,-47.93401671355272
2026-03-17T10:13:56.364,0.2876630441319267,-3.409385884367578e-05,0.17304095951122428,0.1767204573842402,0.1647309704042371,-2320.2105974175456,-2500.0213086617773,-2391.849400305485,-2389.5497141348496,-47.94086286994704
2026-03-17T10:13:56.474,0.2876630441319267,-3.409385884367578e-05,0.17304095951122428,0.1767204573842402,0.1647309704042371,-2320.2105974175456,-2500.0213086617773,-2391.849400305485,-2389.5497141348496,-47.94086286994704
2026-03-17T10:13:56.582,0.2876630441319267,-3.409385884367578e-05,0.17304095951122428,0.1767204573842402,0.1647309704042371,-2320.2105974175456,-2500.0213086617773,-2391.849400305485,-2389.5497141348496,-47.94086286994704
2026-03-17T10:13:56.691,0.28555691747389467,1.3113022632182994e-05,0.1724384977485248,0.17134809174826704,0.1598316119373255,-2321.5269265788156,-2499.991804360855,-2392.225938907172,-2392.9074426573334,-48.00210485078343
2026-03-17T10:13:56.799,0.28555691747389467,1.3113022632182994e-05,0.1724384977485248,0.17134809174826704,0.1598316119373255,-2321.5269265788156,-2499.991804360855,-2392.225938907172,-2392.9074426573334,-48.00210485078343
2026-03-17T10:13:56.907,0.28555691747389467,1.3113022632182994e-05,0.1724384977485248,0.17134809174826704,0.1598316119373255,-2321.5269265788156,-2499.991804360855,-2392.225938907172,-2392.9074426573334,-48.00210485078343
2026-03-17T10:13:57.016,0.29257236064450276,-7.605553126666136e-05,0.17978255642605992,0.17987217883704001,0.17018300040552586,-2317.142274597186,-2500.0475347070415,-2387.635902233713,-2387.57988822685,-47.87271249493092
2026-03-17T10:13:57.125,0.29257236064450276,-7.605553126666136e-05,0.17978255642605992,0.17987217883704001,0.17018300040552586,-2317.142274597186,-2500.0475347070415,-2387.635902233713,-2387.57988822685,-47.87271249493092
2026-03-17T10:13:57.236,0.29257236064450276,-7.605553126666136e-05,0.17978255642605992,0.17987217883704001,0.17018300040552586,-2317.142274597186,-2500.0475347070415,-2387.635902233713,-2387.57988822685,-47.87271249493092
2026-03-17T10:13:57.345,0.2944444732294202,-3.147125431723918e-05,0.1827799281710607,0.1808082351294987,0.17439027469875784,-2315.9722042316125,-2500.019669533948,-2385.762544893087,-2386.9948530440633,-47.82012156626553
2026-03-17T10:13:57.455,0.2944444732294202,-3.147125431723918e-05,0.1827799281710607,0.1808082351294987,0.17439027469875784,-2315.9722042316125,-2500.019669533948,-2385.762544893087,-2386.9948530440633,-47.82012156626553
2026-03-17T10:13:57.563,0.2944444732294202,-3.147125431723918e-05,0.1827799281710607,0.1808082351294987,0.17439027469875784,-2315.9722042316125,-2500.019669533948,-2385.762544893087,-2386.9948530440633,-47.82012156626553
2026-03-17T10:13:57.673,0.3080073314244071,-3.409385884367578e-05,0.17985226274571112,0.18167458510230625,0.17285175664359964,-2307.4954178597454,-2500.0213086617773,-2387.5923357839306,-2386.4533843110585,-47.839353041955
2026-03-17T10:13:57.780,0.3080073314244071,-3.409385884367578e-05,0.17985226274571112,0.18167458510230625,0.17285175664359964,-2307.4954178597454,-2500.0213086617773,-2387.5923357839306,-2386.4533843110585,-47.839353041955
2026-03-17T10:13:57.894,0.3080073314244071,-3.409385884367578e-05,0.17985226274571112,0.18167458510230625,0.17285175664359964,-2307.4954178597454,-2500.0213086617773,-2387.5923357839306,-2386.4533843110585,-47.839353041955
2026-03-17T10:13:58.004,0.3064638343464167,2.6226045264365987e-06,0.1820330747462266,0.18644946799841214,0.1818139977416086,-2308.4601035334895,-2499.998360872171,-2386.2293282836085,-2383.4690825009925,-47.72732502822989
2026-03-17T10:13:58.110,0.3064638343464167,2.6226045264365987e-06,0.1820330747462266,0.18644946799841214,0.1818139977416086,-2308.4601035334895,-2499.998360872171,-2386.2293282836085,-2383.4690825009925,-47.72732502822989
2026-03-17T10:13:58.221,0.3064638343464167,2.6226045264365987e-06,0.1820330747462266,0.18644946799841214,0.1818139977416086,-2308.4601035334895,-2499.998360872171,-2386.2293282836085,-2383.4690825009925,-47.72732502822989
2026-03-17T10:13:58.332,0.30101180434512786,-5.507469505516857e-05,0.17854775876366757,0.18501053039989848,0.1825658301892749,-2311.867622284295,-2500.0344216844096,-2388.4076507727077,-2384.3684185000634,-47.717927122634066
2026-03-17T10:13:58.442,0.30101180434512786,-5.507469505516857e-05,0.17854775876366757,0.18501053039989848,0.1825658301892749,-2311.867622284295,-2500.0344216844096,-2388.4076507727077,-2384.3684185000634,-47.717927122634066
2026-03-17T10:13:58.553,0.30101180434512786,-5.507469505516857e-05,0.17854775876366757,0.18501053039989848,0.1825658301892749,-2311.867622284295,-2500.0344216844096,-2388.4076507727077,-2384.3684185000634,-47.717927122634066
2026-03-17T10:13:58.664,0.2990699854405593,-3.933906789654898e-05,0.17879670990527893,0.18040493428008833,0.17292644198608303,-2313.0812590996507,-2500.0245869174355,-2388.2520563092007,-2387.2469160749447,-47.83841947517396
2026-03-17T10:13:58.776,0.2990699854405593,-3.933906789654898e-05,0.17879670990527893,0.18040493428008833,0.17292644198608303,-2313.0812590996507,-2500.0245869174355,-2388.2520563092007,-2387.2469160749447,-47.83841947517396
2026-03-17T10:13:58.883,0.2990699854405593,-3.933906789654898e-05,0.17879670990527893,0.18040493428008833,0.17292644198608303,-2313.0812590996507,-2500.0245869174355,-2388.2520563092007,-2387.2469160749447,-47.83841947517396
2026-03-17T10:13:58.993,0.2944096200695946,-5.245209052873198e-05,0.17742747862641645,0.17583419132010372,0.16992907024108228,-2315.9939874565034,-2500.0327825565805,-2389.10782585849,-2390.103630424935,-47.875886621986474
2026-03-17T10:13:59.102,0.2944096200695946,-5.245209052873198e-05,0.17742747862641645,0.17583419132010372,0.16992907024108228,-2315.9939874565034,-2500.0327825565805,-2389.10782585849,-2390.103630424935,-47.875886621986474
2026-03-17T10:13:59.213,0.2944096200695946,-5.245209052873198e-05,0.17742747862641645,0.17583419132010372,0.16992907024108228,-2315.9939874565034,-2500.0327825565805,-2389.10782585849,-2390.103630424935,-47.875886621986474
2026-03-17T10:13:59.324,0.29266198305548285,-4.196167242298558e-05,0.17473382727418152,0.17576448500045255,0.17349902961178917,-2317.086260590323,-2500.0262260452646,-2390.7913579536366,-2390.147196874717,-47.83126212985264
2026-03-17T10:13:59.433,0.29266198305548285,-4.196167242298558e-05,0.17473382727418152,0.17576448500045255,0.17349902961178917,-2317.086260590323,-2500.0262260452646,-2390.7913579536366,-2390.147196874717,-47.83126212985264
2026-03-17T10:13:59.548,0.29266198305548285,-4.196167242298558e-05,0.17473382727418152,0.17576448500045255,0.17349902961178917,-2317.086260590323,-2500.0262260452646,-2390.7913579536366,-2390.147196874717,-47.83126212985264
2026-03-17T10:13:59.656,0.3035262108754026,-7.343292674022477e-05,0.17472386922851707,0.1790805142067159,0.1774872269004032,-2310.2961182028735,-2500.045895579213,-2390.797581732177,-2388.074678620803,-47.78140966374496
2026-03-17T10:13:59.765,0.3035262108754026,-7.343292674022477e-05,0.17472386922851707,0.1790805142067159,0.1774872269004032,-2310.2961182028735,-2500.045895579213,-2390.797581732177,-2388.074678620803,-47.78140966374496
2026-03-17T10:13:59.874,0.3035262108754026,-7.343292674022477e-05,0.17472386922851707,0.1790805142067159,0.1774872269004032,-2310.2961182028735,-2500.045895579213,-2390.797581732177,-2388.074678620803,-47.78140966374496
2026-03-17T10:13:59.998,0.29509174619760975,-1.3113022632182994e-05,0.17818429009691497,0.18161483682831953,0.17788056970414912,-2315.567658626494,-2500.008195639145,-2388.6348186894284,-2386.4907269823,-47.776492878698136
2026-03-17T10:14:00.104,0.29509174619760975,-1.3113022632182994e-05,0.17818429009691497,0.18161483682831953,0.17788056970414912,-2315.567658626494,-2500.008195639145,-2388.6348186894284,-2386.4907269823,-47.776492878698136
2026-03-17T10:14:00.214,0.29509174619760975,-1.3113022632182994e-05,0.17818429009691497,0.18161483682831953,0.17788056970414912,-2315.567658626494,-2500.008195639145,-2388.6348186894284,-2386.4907269823,-47.776492878698136
2026-03-17T10:14:00.323,0.3022515810303525,2.6226045264365987e-06,0.17882160501944006,0.18062401128470632,0.17675033152123354,-2311.09276185603,-2499.998360872171,-2388.23649686285,-2387.1099929470583,-47.79062085598458
2026-03-17T10:14:00.430,0.3022515810303525,2.6226045264365987e-06,0.17882160501944006,0.18062401128470632,0.17675033152123354,-2311.09276185603,-2499.998360872171,-2388.23649686285,-2387.1099929470583,-47.79062085598458
2026-03-17T10:14:00.540,0.3022515810303525,2.6226045264365987e-06,0.17882160501944006,0.18062401128470632,0.17675033152123354,-2311.09276185603,-2499.998360872171,-2388.23649686285,-2387.1099929470583,-47.79062085598458
2026-03-17T10:14:00.652,0.3046116378528282,-0.00010228157653102735,0.18189366210692426,0.17960829062693195,0.17130825956560922,-2309.6177263419822,-2500.063925985332,-2386.316461183172,-2387.744818358168,-47.85864675542989
2026-03-17T10:14:00.760,0.3046116378528282,-0.00010228157653102735,0.18189366210692426,0.17960829062693195,0.17130825956560922,-2309.6177263419822,-2500.063925985332,-2386.316461183172,-2387.744818358168,-47.85864675542989
2026-03-17T10:14:00.862,0.3046116378528282,-0.00010228157653102735,0.18189366210692426,0.17960829062693195,0.17130825956560922,-2309.6177263419822,-2500.063925985332,-2386.316461183172,-2387.744818358168,-47.85864675542989
2026-03-17T10:14:00.980,0.3029337071583676,-3.671646337011239e-05,0.17488319795914833,0.1787419406541244,0.17919005270902488,-2310.66643302602,-2500.0229477896064,-2390.698001275532,-2388.286287091172,-47.760124341137185
2026-03-17T10:14:01.091,0.3029337071583676,-3.671646337011239e-05,0.17488319795914833,0.1787419406541244,0.17919005270902488,-2310.66643302602,-2500.0229477896064,-2390.698001275532,-2388.286287091172,-47.760124341137185
2026-03-17T10:14:01.186,0.3029337071583676,-3.671646337011239e-05,0.17488319795914833,0.1787419406541244,0.17919005270902488,-2310.66643302602,-2500.0229477896064,-2390.698001275532,-2388.286287091172,-47.760124341137185
2026-03-17T10:14:01.302,0.3035511059895638,-7.867813579309795e-06,0.17365337931958824,0.1729015468719219,0.1755304709273379,-2310.2805587565226,-2500.0049173834873,-2391.4666379252576,-2391.936533205049,-47.80586911340828
2026-03-17T10:14:01.420,0.3035511059895638,-7.867813579309795e-06,0.17365337931958824,0.1729015468719219,0.1755304709273379,-2310.2805587565226,-2500.0049173834873,-2391.4666379252576,-2391.936533205049,-47.80586911340828
2026-03-17T10:14:01.529,0.3035511059895638,-7.867813579309795e-06,0.17365337931958824,0.1729015468719219,0.1755304709273379,-2310.2805587565226,-2500.0049173834873,-2391.4666379252576,-2391.936533205049,-47.80586911340828
2026-03-17T10:14:01.639,0.29519630567708655,-3.147125431723918e-05,0.1713431127254348,0.17703911484550272,0.19312633761642883,-2315.502308951821,-2500.019669533948,-2392.910554546603,-2389.350553221561,-47.58592077979464
2026-03-17T10:14:01.748,0.29519630567708655,-3.147125431723918e-05,0.1713431127254348,0.17703911484550272,0.19312633761642883,-2315.502308951821,-2500.019669533948,-2392.910554546603,-2389.350553221561,-47.58592077979464
2026-03-17T10:14:01.846,0.29519630567708655,-3.147125431723918e-05,0.1713431127254348,0.17703911484550272,0.19312633761642883,-2315.502308951821,-2500.019669533948,-2392.910554546603,-2389.350553221561,-47.58592077979464
2026-03-17T10:14:01.966,0.293453647685807,-1.0490418105746395e-05,0.1712485112916225,0.181296179367057,0.2030594881667221,-2316.5914701963707,-2500.006556511316,-2392.969680442736,-2386.6898878955894,-47.46175639791597
2026-03-17T10:14:02.080,0.293453647685807,-1.0490418105746395e-05,0.1712485112916225,0.181296179367057,0.2030594881667221,-2316.5914701963707,-2500.006556511316,-2392.969680442736,-2386.6898878955894,-47.46175639791597
2026-03-17T10:14:02.189,0.293453647685807,-1.0490418105746395e-05,0.1712485112916225,0.181296179367057,0.2030594881667221,-2316.5914701963707,-2500.006556511316,-2392.969680442736,-2386.6898878955894,-47.46175639791597
2026-03-17T10:14:02.297,0.30156945490233733,-4.4584276949422175e-05,0.17358865202276927,0.18059911617054517,0.2190570885266681,-2311.5190906860394,-2500.0278651730932,-2391.507092485769,-2387.125552393409,-47.26178639341665
2026-03-17T10:14:02.406,0.30156945490233733,-4.4584276949422175e-05,0.17358865202276927,0.18059911617054517,0.2190570885266681,-2311.5190906860394,-2500.0278651730932,-2391.507092485769,-2387.125552393409,-47.26178639341665
2026-03-17T10:14:02.515,0.30156945490233733,-4.4584276949422175e-05,0.17358865202276927,0.18059911617054517,0.2190570885266681,-2311.5190906860394,-2500.0278651730932,-2391.507092485769,-2387.125552393409,-47.26178639341665
2026-03-17T10:14:02.624,0.30262998676560177,5.245209052873197e-06,0.17151737852456275,0.17816437400558607,0.22428506250050667,-2310.856258271499,-2499.996721744342,-2392.8016384221482,-2388.6472662465085,-47.19643671874367
2026-03-17T10:14:02.733,0.30262998676560177,5.245209052873197e-06,0.17151737852456275,0.17816437400558607,0.22428506250050667,-2310.856258271499,-2499.996721744342,-2392.8016384221482,-2388.6472662465085,-47.19643671874367
2026-03-17T10:14:02.844,0.30262998676560177,5.245209052873197e-06,0.17151737852456275,0.17816437400558607,0.22428506250050667,-2310.856258271499,-2499.996721744342,-2392.8016384221482,-2388.6472662465085,-47.19643671874367
2026-03-17T10:14:02.955,0.3049850645652452,-4.4584276949422175e-05,0.175774443046117,0.1816646270566418,0.2199134804538112,-2309.384334646722,-2500.0278651730932,-2390.140973096177,-2386.459608089599,-47.251081494327366
2026-03-17T10:14:03.064,0.3049850645652452,-4.4584276949422175e-05,0.175774443046117,0.1816646270566418,0.2199134804538112,-2309.384334646722,-2500.0278651730932,-2390.140973096177,-2386.459608089599,-47.251081494327366
2026-03-17T10:14:03.174,0.3049850645652452,-4.4584276949422175e-05,0.175774443046117,0.1816646270566418,0.2199134804538112,-2309.384334646722,-2500.0278651730932,-2390.140973096177,-2386.459608089599,-47.251081494327366
2026-03-17T10:14:03.280,0.2998566710480512,1.3113022632182994e-05,0.1792498009830116,0.1817741655589508,0.23986940396537784,-2312.589580594968,-2499.991804360855,-2387.9688743856177,-2386.3911465256556,-47.00163245043278
2026-03-17T10:14:03.405,0.2998566710480512,1.3113022632182994e-05,0.1792498009830116,0.1817741655589508,0.23986940396537784,-2312.589580594968,-2499.991804360855,-2387.9688743856177,-2386.3911465256556,-47.00163245043278
2026-03-17T10:14:03.513,0.2998566710480512,1.3113022632182994e-05,0.1792498009830116,0.1817741655589508,0.23986940396537784,-2312.589580594968,-2499.991804360855,-2387.9688743856177,-2386.3911465256556,-47.00163245043278
2026-03-17T10:14:03.622,0.3031975953684757,-5.769729958160517e-05,0.1783137446905529,0.1764515901512999,0.25597156380480063,-2310.5015028947028,-2500.0360608122387,-2388.5539095684044,-2389.7177561554377,-46.80035545243999
2026-03-17T10:14:03.732,0.3031975953684757,-5.769729958160517e-05,0.1783137446905529,0.1764515901512999,0.25597156380480063,-2310.5015028947028,-2500.0360608122387,-2388.5539095684044,-2389.7177561554377,-46.80035545243999
2026-03-17T10:14:03.839,0.3031975953684757,-5.769729958160517e-05,0.1783137446905529,0.1764515901512999,0.25597156380480063,-2310.5015028947028,-2500.0360608122387,-2388.5539095684044,-2389.7177561554377,-46.80035545243999
2026-03-17T10:14:03.948,0.3055526731681191,4.982948600229538e-05,0.1812613262072314,0.17532633099121656,0.261393719669096,-2309.0295792699258,-2499.9688565712486,-2386.7116711204803,-2390.4210431304896,-46.7325785041363
2026-03-17T10:14:04.054,0.3055526731681191,4.982948600229538e-05,0.1812613262072314,0.17532633099121656,0.261393719669096,-2309.0295792699258,-2499.9688565712486,-2386.7116711204803,-2390.4210431304896,-46.7325785041363
2026-03-17T10:14:04.167,0.3055526731681191,4.982948600229538e-05,0.1812613262072314,0.17532633099121656,0.261393719669096,-2309.0295792699258,-2499.9688565712486,-2386.7116711204803,-2390.4210431304896,-46.7325785041363
2026-03-17T10:14:04.275,0.2911682762058147,1.0490418105746395e-05,0.1611112208052079,0.16435754369182004,0.24556042706261355,-2318.019827371366,-2499.993443488684,-2399.305486996745,-2397.2765351926128,-46.93049466171733
2026-03-17T10:14:04.386,0.2911682762058147,1.0490418105746395e-05,0.1611112208052079,0.16435754369182004,0.24556042706261355,-2318.019827371366,-2499.993443488684,-2399.305486996745,-2397.2765351926128,-46.93049466171733
2026-03-17T10:14:04.495,0.2911682762058147,1.0490418105746395e-05,0.1611112208052079,0.16435754369182004,0.24556042706261355,-2318.019827371366,-2499.993443488684,-2399.305486996745,-2397.2765351926128,-46.93049466171733
2026-03-17T10:14:04.603,0.28815098836948505,-2.3603440737929386e-05,0.1761578278041985,0.1889489374601902,0.28799663866168596,-2319.905632269072,-2500.0147521504614,-2389.901357622376,-2381.906914087381,-46.400042016728925
2026-03-17T10:14:04.714,0.28815098836948505,-2.3603440737929386e-05,0.1761578278041985,0.1889489374601902,0.28799663866168596,-2319.905632269072,-2500.0147521504614,-2389.901357622376,-2381.906914087381,-46.400042016728925
2026-03-17T10:14:04.823,0.28815098836948505,-2.3603440737929386e-05,0.1761578278041985,0.1889489374601902,0.28799663866168596,-2319.905632269072,-2500.0147521504614,-2389.901357622376,-2381.906914087381,-46.400042016728925
2026-03-17T10:14:04.933,0.3092620451781284,-7.343292674022477e-05,0.18233181611616023,0.18520969131318757,0.28963473717348875,-2306.71122176367,-2500.045895579213,-2386.0426149274,-2384.2439429292576,-46.37956578533139
2026-03-17T10:14:05.044,0.3092620451781284,-7.343292674022477e-05,0.18233181611616023,0.18520969131318757,0.28963473717348875,-2306.71122176367,-2500.045895579213,-2386.0426149274,-2384.2439429292576,-46.37956578533139
2026-03-17T10:14:05.152,0.3092620451781284,-7.343292674022477e-05,0.18233181611616023,0.18520969131318757,0.28963473717348875,-2306.71122176367,-2500.045895579213,-2386.0426149274,-2384.2439429292576,-46.37956578533139
2026-03-17T10:14:05.261,0.3050149387022386,-5.245209052873198e-05,0.17751212201456432,0.1778407375214913,0.2964311033394789,-2309.365663311101,-2500.0327825565805,-2389.0549237408973,-2388.849539049068,-46.29461120825651
2026-03-17T10:14:05.370,0.3050149387022386,-5.245209052873198e-05,0.17751212201456432,0.1778407375214913,0.2964311033394789,-2309.365663311101,-2500.0327825565805,-2389.0549237408973,-2388.849539049068,-46.29461120825651
2026-03-17T10:14:05.468,0.3050149387022386,-5.245209052873198e-05,0.17751212201456432,0.1778407375214913,0.2964311033394789,-2309.365663311101,-2500.0327825565805,-2389.0549237408973,-2388.849539049068,-46.29461120825651
2026-03-17T10:14:05.591,0.3039892599987998,-2.3603440737929386e-05,0.1734442603606347,0.16877393694400555,0.26734365195360754,-2310.00671250075,-2500.0147521504614,-2391.5973372746034,-2394.5162894099963,-46.65820435057991
2026-03-17T10:14:05.692,0.3039892599987998,-2.3603440737929386e-05,0.1734442603606347,0.16877393694400555,0.26734365195360754,-2310.00671250075,-2500.0147521504614,-2391.5973372746034,-2394.5162894099963,-46.65820435057991
2026-03-17T10:14:05.796,0.3039892599987998,-2.3603440737929386e-05,0.1734442603606347,0.16877393694400555,0.26734365195360754,-2310.00671250075,-2500.0147521504614,-2391.5973372746034,-2394.5162894099963,-46.65820435057991
2026-03-17T10:14:05.908,0.28760827488077223,-1.8358231685056193e-05,0.16659810396632227,0.17052157395811732,0.3133398648777224,-2320.2448281995175,-2500.011473894803,-2395.8761850210485,-2393.4240162761766,-46.08325168902847
2026-03-17T10:14:06.028,0.28760827488077223,-1.8358231685056193e-05,0.16659810396632227,0.17052157395811732,0.3133398648777224,-2320.2448281995175,-2500.011473894803,-2395.8761850210485,-2393.4240162761766,-46.08325168902847
2026-03-17T10:14:06.139,0.28760827488077223,-1.8358231685056193e-05,0.16659810396632227,0.17052157395811732,0.3133398648777224,-2320.2448281995175,-2500.011473894803,-2395.8761850210485,-2393.4240162761766,-46.08325168902847
2026-03-17T10:14:06.236,0.28836508635127084,-2.622604526436599e-05,0.1749130720961417,0.17123855324595805,0.3290337448449026,-2319.7718210304556,-2500.01639127829,-2390.6793299399114,-2392.9759042212763,-45.88707818943872
2026-03-17T10:14:06.348,0.28836508635127084,-2.622604526436599e-05,0.1749130720961417,0.17123855324595805,0.3290337448449026,-2319.7718210304556,-2500.01639127829,-2390.6793299399114,-2392.9759042212763,-45.88707818943872
2026-03-17T10:14:06.452,0.28836508635127084,-2.622604526436599e-05,0.1749130720961417,0.17123855324595805,0.3290337448449026,-2319.7718210304556,-2500.01639127829,-2390.6793299399114,-2392.9759042212763,-45.88707818943872
2026-03-17T10:14:06.561,0.2886588486983722,-3.409385884367578e-05,0.1690776573367714,0.1737430017305683,0.3249409880768118,-2319.588219563517,-2500.0213086617773,-2394.326464164518,-2391.410623918395,-45.938237649039856
2026-03-17T10:14:06.671,0.2886588486983722,-3.409385884367578e-05,0.1690776573367714,0.1737430017305683,0.3249409880768118,-2319.588219563517,-2500.0213086617773,-2394.326464164518,-2391.410623918395,-45.938237649039856
2026-03-17T10:14:06.780,0.2886588486983722,-3.409385884367578e-05,0.1690776573367714,0.1737430017305683,0.3249409880768118,-2319.588219563517,-2500.0213086617773,-2394.326464164518,-2391.410623918395,-45.938237649039856
2026-03-17T10:14:06.890,0.28938080700904517,-1.573562715861959e-05,0.17556034506433124,0.1782390593480695,0.32690272307270934,-2319.1369956193466,-2500.009834766974,-2390.274784334793,-2388.6005879074564,-45.91371596159114
2026-03-17T10:14:06.999,0.28938080700904517,-1.573562715861959e-05,0.17556034506433124,0.1782390593480695,0.32690272307270934,-2319.1369956193466,-2500.009834766974,-2390.274784334793,-2388.6005879074564,-45.91371596159114
2026-03-17T10:14:07.108,0.28938080700904517,-1.573562715861959e-05,0.17556034506433124,0.1782390593480695,0.32690272307270934,-2319.1369956193466,-2500.009834766974,-2390.274784334793,-2388.6005879074564,-45.91371596159114
2026-03-17T10:14:07.219,0.2868016731819515,-5.507469505516857e-05,0.17396207873518632,0.1764864433111255,0.3372939437235676,-2320.7489542612802,-2500.0344216844096,-2391.2737007905084,-2389.6959729305468,-45.783825703455406
2026-03-17T10:14:07.327,0.2868016731819515,-5.507469505516857e-05,0.17396207873518632,0.1764864433111255,0.3372939437235676,-2320.7489542612802,-2500.0344216844096,-2391.2737007905084,-2389.6959729305468,-45.783825703455406
2026-03-17T10:14:07.438,0.2868016731819515,-5.507469505516857e-05,0.17396207873518632,0.1764864433111255,0.3372939437235676,-2320.7489542612802,-2500.0344216844096,-2391.2737007905084,-2389.6959729305468,-45.783825703455406
2026-03-17T10:14:07.549,0.2910039684523512,-2.098083621149279e-05,0.1705763432092718,0.17433550544760334,0.32686786991288375,-2318.1225197172807,-2500.0131130226323,-2393.389785494205,-2391.0403090952477,-45.91415162608895
2026-03-17T10:14:07.655,0.2910039684523512,-2.098083621149279e-05,0.1705763432092718,0.17433550544760334,0.32686786991288375,-2318.1225197172807,-2500.0131130226323,-2393.389785494205,-2391.0403090952477,-45.91415162608895
2026-03-17T10:14:07.765,0.2910039684523512,-2.098083621149279e-05,0.1705763432092718,0.17433550544760334,0.32686786991288375,-2318.1225197172807,-2500.0131130226323,-2393.389785494205,-2391.0403090952477,-45.91415162608895
2026-03-17T10:14:07.877,0.2876779812004234,-7.867813579309795e-06,0.1744350859042479,0.17565494649814356,0.34547945725974905,-2320.2012617497353,-2500.0049173834873,-2390.978071309845,-2390.2156584386603,-45.68150678425313
2026-03-17T10:14:07.983,0.2876779812004234,-7.867813579309795e-06,0.1744350859042479,0.17565494649814356,0.34547945725974905,-2320.2012617497353,-2500.0049173834873,-2390.978071309845,-2390.2156584386603,-45.68150678425313
2026-03-17T10:14:08.093,0.2876779812004234,-7.867813579309795e-06,0.1744350859042479,0.17565494649814356,0.34547945725974905,-2320.2012617497353,-2500.0049173834873,-2390.978071309845,-2390.2156584386603,-45.68150678425313
2026-03-17T10:14:08.203,0.2866025122686624,-4.196167242298558e-05,0.16410859255020868,0.18281976035371852,0.36165630244165525,-2320.873429832086,-2500.0262260452646,-2397.4321296561197,-2385.737649778926,-45.47929621947931
2026-03-17T10:14:08.312,0.2866025122686624,-4.196167242298558e-05,0.16410859255020868,0.18281976035371852,0.36165630244165525,-2320.873429832086,-2500.0262260452646,-2397.4321296561197,-2385.737649778926,-45.47929621947931
2026-03-17T10:14:08.420,0.2866025122686624,-4.196167242298558e-05,0.16410859255020868,0.18281976035371852,0.36165630244165525,-2320.873429832086,-2500.0262260452646,-2397.4321296561197,-2385.737649778926,-45.47929621947931
2026-03-17T10:14:08.530,0.30879899605473127,-3.409385884367578e-05,0.18957629433705084,0.18630507633627755,0.3427409947020241,-2307.0006274657926,-2500.0213086617773,-2381.5148160393433,-2383.5593272898263,-45.7157375662247
2026-03-17T10:14:08.639,0.30879899605473127,-3.409385884367578e-05,0.18957629433705084,0.18630507633627755,0.3427409947020241,-2307.0006274657926,-2500.0213086617773,-2381.5148160393433,-2383.5593272898263,-45.7157375662247
2026-03-17T10:14:08.763,0.30879899605473127,-3.409385884367578e-05,0.18957629433705084,0.18630507633627755,0.3427409947020241,-2307.0006274657926,-2500.0213086617773,-2381.5148160393433,-2383.5593272898263,-45.7157375662247
2026-03-17T10:14:08.872,0.2964211452938144,-1.0490418105746395e-05,0.18335251579676684,0.19325579221006672,0.33056230485439636,-2314.736784191366,-2500.006556511316,-2385.4046776270206,-2379.2151298687086,-45.867971189320045
2026-03-17T10:14:08.974,0.2964211452938144,-1.0490418105746395e-05,0.18335251579676684,0.19325579221006672,0.33056230485439636,-2314.736784191366,-2500.006556511316,-2385.4046776270206,-2379.2151298687086,-45.867971189320045
2026-03-17T10:14:09.090,0.2964211452938144,-1.0490418105746395e-05,0.18335251579676684,0.19325579221006672,0.33056230485439636,-2314.736784191366,-2500.006556511316,-2385.4046776270206,-2379.2151298687086,-45.867971189320045
2026-03-17T10:14:09.198,0.3045020993505192,-2.3603440737929386e-05,0.1788514791564334,0.18276997012539625,0.30655345675739676,-2309.6861879059256,-2500.0147521504614,-2388.2178255272293,-2385.768768671627,-46.16808179053254
2026-03-17T10:14:09.306,0.3045020993505192,-2.3603440737929386e-05,0.1788514791564334,0.18276997012539625,0.30655345675739676,-2309.6861879059256,-2500.0147521504614,-2388.2178255272293,-2385.768768671627,-46.16808179053254
2026-03-17T10:14:09.416,0.3045020993505192,-2.3603440737929386e-05,0.1788514791564334,0.18276997012539625,0.30655345675739676,-2309.6861879059256,-2500.0147521504614,-2388.2178255272293,-2385.768768671627,-46.16808179053254
2026-03-17T10:14:09.517,0.2927914376491208,2.098083621149279e-05,0.1863299714504387,0.1834023060250891,0.33798602789724713,-2317.0053514692995,-2499.9868869773677,-2383.543767843476,-2385.3735587343194,-45.77517465128441
2026-03-17T10:14:09.629,0.2927914376491208,2.098083621149279e-05,0.1863299714504387,0.1834023060250891,0.33798602789724713,-2317.0053514692995,-2499.9868869773677,-2383.543767843476,-2385.3735587343194,-45.77517465128441
2026-03-17T10:14:09.742,0.2927914376491208,2.098083621149279e-05,0.1863299714504387,0.1834023060250891,0.33798602789724713,-2317.0053514692995,-2499.9868869773677,-2383.543767843476,-2385.3735587343194,-45.77517465128441
2026-03-17T10:14:09.845,0.3021818747107013,-2.3603440737929386e-05,0.1905073716066773,0.18855061563361203,0.33549651648113354,-2311.1363283058117,-2500.0147521504614,-2380.932892745827,-2382.1558652289928,-45.80629354398583
2026-03-17T10:14:09.966,0.3021818747107013,-2.3603440737929386e-05,0.1905073716066773,0.18855061563361203,0.33549651648113354,-2311.1363283058117,-2500.0147521504614,-2380.932892745827,-2382.1558652289928,-45.80629354398583
2026-03-17T10:14:10.074,0.3021818747107013,-2.3603440737929386e-05,0.1905073716066773,0.18855061563361203,0.33549651648113354,-2311.1363283058117,-2500.0147521504614,-2380.932892745827,-2382.1558652289928,-45.80629354398583
2026-03-17T10:14:10.172,0.3064638343464167,-4.982948600229538e-05,0.18587688037270603,0.19058205694916072,0.29223378709191133,-2308.4601035334895,-2500.0311434287514,-2383.8269497670585,-2380.886214406775,-46.34707766135111
2026-03-17T10:14:10.286,0.3064638343464167,-4.982948600229538e-05,0.18587688037270603,0.19058205694916072,0.29223378709191133,-2308.4601035334895,-2500.0311434287514,-2383.8269497670585,-2380.886214406775,-46.34707766135111
2026-03-17T10:14:10.398,0.3064638343464167,-4.982948600229538e-05,0.18587688037270603,0.19058205694916072,0.29223378709191133,-2308.4601035334895,-2500.0311434287514,-2383.8269497670585,-2380.886214406775,-46.34707766135111
2026-03-17T10:14:10.512,0.3027843364734008,-7.605553126666136e-05,0.18556818095710795,0.18570261457357806,0.2856714349990359,-2310.7597897041246,-2500.0475347070415,-2384.0198869018077,-2383.935865891514,-46.42910706251205
2026-03-17T10:14:10.613,0.3027843364734008,-7.605553126666136e-05,0.18556818095710795,0.18570261457357806,0.2856714349990359,-2310.7597897041246,-2500.0475347070415,-2384.0198869018077,-2383.935865891514,-46.42910706251205
2026-03-17T10:14:10.726,0.3027843364734008,-7.605553126666136e-05,0.18556818095710795,0.18570261457357806,0.2856714349990359,-2310.7597897041246,-2500.0475347070415,-2384.0198869018077,-2383.935865891514,-46.42910706251205
2026-03-17T10:14:10.828,0.2885244150819021,-2.8848649790802585e-05,0.17888633231625903,0.17845315732985526,0.24705413391228168,-2319.6722405738115,-2500.018030406119,-2388.1960423023384,-2388.4667766688403,-46.91182332609648
2026-03-17T10:14:10.949,0.2885244150819021,-2.8848649790802585e-05,0.17888633231625903,0.17845315732985526,0.24705413391228168,-2319.6722405738115,-2500.018030406119,-2388.1960423023384,-2388.4667766688403,-46.91182332609648
2026-03-17T10:14:11.059,0.2885244150819021,-2.8848649790802585e-05,0.17888633231625903,0.17845315732985526,0.24705413391228168,-2319.6722405738115,-2500.018030406119,-2388.1960423023384,-2388.4667766688403,-46.91182332609648
2026-03-17T10:14:11.170,0.2923433255942203,-3.147125431723918e-05,0.17997175929368456,0.17497282037012843,0.233496254740127,-2317.2854215036123,-2500.019669533948,-2387.517650441447,-2390.6419872686697,-47.081296815748416
2026-03-17T10:14:11.280,0.2923433255942203,-3.147125431723918e-05,0.17997175929368456,0.17497282037012843,0.233496254740127,-2317.2854215036123,-2500.019669533948,-2387.517650441447,-2390.6419872686697,-47.081296815748416
2026-03-17T10:14:11.389,0.2923433255942203,-3.147125431723918e-05,0.17997175929368456,0.17497282037012843,0.233496254740127,-2317.2854215036123,-2500.019669533948,-2387.517650441447,-2390.6419872686697,-47.081296815748416
2026-03-17T10:14:11.498,0.2701717369223126,-6.818771768735155e-05,0.16954070646016856,0.1704966788439562,0.24894118356569578,-2331.142664423555,-2500.0426173235546,-2394.0370584623947,-2393.4395757225275,-46.8882352054288
2026-03-17T10:14:11.608,0.2701717369223126,-6.818771768735155e-05,0.16954070646016856,0.1704966788439562,0.24894118356569578,-2331.142664423555,-2500.0426173235546,-2394.0370584623947,-2393.4395757225275,-46.8882352054288
2026-03-17T10:14:11.733,0.2701717369223126,-6.818771768735155e-05,0.16954070646016856,0.1704966788439562,0.24894118356569578,-2331.142664423555,-2500.0426173235546,-2394.0370584623947,-2393.4395757225275,-46.8882352054288
2026-03-17T10:14:11.842,0.2831669865144256,1.573562715861959e-05,0.1660703275461062,0.17155721070722058,0.27176004520579305,-2323.020633428484,-2499.990165233026,-2396.2060452836836,-2392.776743307987,-46.60299943492759
2026-03-17T10:14:11.951,0.2831669865144256,1.573562715861959e-05,0.1660703275461062,0.17155721070722058,0.27176004520579305,-2323.020633428484,-2499.990165233026,-2396.2060452836836,-2392.776743307987,-46.60299943492759
2026-03-17T10:14:12.076,0.2831669865144256,1.573562715861959e-05,0.1660703275461062,0.17155721070722058,0.27176004520579305,-2323.020633428484,-2499.990165233026,-2396.2060452836836,-2392.776743307987,-46.60299943492759
2026-03-17T10:14:12.184,0.2812450837011859,-2.622604526436599e-05,0.17819424814257945,0.1783336607818818,0.31148766838413394,-2324.221822686759,-2500.01639127829,-2388.628594910888,-2388.541462011324,-46.106404145198326
2026-03-17T10:14:12.294,0.2812450837011859,-2.622604526436599e-05,0.17819424814257945,0.1783336607818818,0.31148766838413394,-2324.221822686759,-2500.01639127829,-2388.628594910888,-2388.541462011324,-46.106404145198326
2026-03-17T10:14:12.403,0.2812450837011859,-2.622604526436599e-05,0.17819424814257945,0.1783336607818818,0.31148766838413394,-2324.221822686759,-2500.01639127829,-2388.628594910888,-2388.541462011324,-46.106404145198326
2026-03-17T10:14:12.513,0.30158937099366623,-6.031990410804177e-05,0.1850702786738852,0.1854686005004634,0.23612517879554296,-2311.5066431289583,-2500.0376999400673,-2384.3310758288217,-2384.0821246872106,-47.04843526505571
2026-03-17T10:14:12.625,0.30158937099366623,-6.031990410804177e-05,0.1850702786738852,0.1854686005004634,0.23612517879554296,-2311.5066431289583,-2500.0376999400673,-2384.3310758288217,-2384.0821246872106,-47.04843526505571
2026-03-17T10:14:12.733,0.30158937099366623,-6.031990410804177e-05,0.1850702786738852,0.1854686005004634,0.23612517879554296,-2311.5066431289583,-2500.0376999400673,-2384.3310758288217,-2384.0821246872106,-47.04843526505571
2026-03-17T10:14:12.858,0.3003744894226028,-1.573562715861959e-05,0.18125136816156695,0.19285747038348855,0.2491054913191593,-2312.2659441108735,-2500.009834766974,-2386.7178948990204,-2379.4640810103197,-46.88618135851051
2026-03-17T10:14:12.965,0.3003744894226028,-1.573562715861959e-05,0.18125136816156695,0.19285747038348855,0.2491054913191593,-2312.2659441108735,-2500.009834766974,-2386.7178948990204,-2379.4640810103197,-46.88618135851051
2026-03-17T10:14:13.073,0.3003744894226028,-1.573562715861959e-05,0.18125136816156695,0.19285747038348855,0.2491054913191593,-2312.2659441108735,-2500.009834766974,-2386.7178948990204,-2379.4640810103197,-46.88618135851051
2026-03-17T10:14:13.182,0.29648089356780116,-3.671646337011239e-05,0.1798174095858855,0.18856057367927648,0.2393515855908262,-2314.6994415201243,-2500.0229477896064,-2387.6141190088215,-2382.1496414504522,-47.008105180114676
2026-03-17T10:14:13.292,0.29648089356780116,-3.671646337011239e-05,0.1798174095858855,0.18856057367927648,0.2393515855908262,-2314.6994415201243,-2500.0229477896064,-2387.6141190088215,-2382.1496414504522,-47.008105180114676
2026-03-17T10:14:13.401,0.29648089356780116,-3.671646337011239e-05,0.1798174095858855,0.18856057367927648,0.2393515855908262,-2314.6994415201243,-2500.0229477896064,-2387.6141190088215,-2382.1496414504522,-47.008105180114676
2026-03-17T10:14:13.510,0.2956693128461481,-7.343292674022477e-05,0.18066882249019636,0.18347201234474028,0.21893261295586242,-2315.2066794711573,-2500.045895579213,-2387.0819859436274,-2385.329992284537,-47.263342338051714
2026-03-17T10:14:13.623,0.2956693128461481,-7.343292674022477e-05,0.18066882249019636,0.18347201234474028,0.21893261295586242,-2315.2066794711573,-2500.045895579213,-2387.0819859436274,-2385.329992284537,-47.263342338051714
2026-03-17T10:14:13.733,0.2956693128461481,-7.343292674022477e-05,0.18066882249019636,0.18347201234474028,0.21893261295586242,-2315.2066794711573,-2500.045895579213,-2387.0819859436274,-2385.329992284537,-47.263342338051714
2026-03-17T10:14:13.841,0.2856564979305392,-5.769729958160517e-05,0.17819424814257945,0.1793941926451462,0.21053798046072736,-2321.4646887934127,-2500.0360608122387,-2388.628594910888,-2387.8786295967834,-47.36827524424091
2026-03-17T10:14:13.949,0.2856564979305392,-5.769729958160517e-05,0.17819424814257945,0.1793941926451462,0.21053798046072736,-2321.4646887934127,-2500.0360608122387,-2388.628594910888,-2387.8786295967834,-47.36827524424091
2026-03-17T10:14:14.057,0.2856564979305392,-5.769729958160517e-05,0.17819424814257945,0.1793941926451462,0.21053798046072736,-2321.4646887934127,-2500.0360608122387,-2388.628594910888,-2387.8786295967834,-47.36827524424091
2026-03-17T10:14:14.157,0.29630662776867317,-2.6226045264365987e-06,0.17989707395120114,0.18188370406125978,0.22391163578808965,-2314.8083576445792,-2500.001639127829,-2387.564328780499,-2386.3226849617126,-47.20110455264888
2026-03-17T10:14:14.270,0.29630662776867317,-2.6226045264365987e-06,0.17989707395120114,0.18188370406125978,0.22391163578808965,-2314.8083576445792,-2500.001639127829,-2387.564328780499,-2386.3226849617126,-47.20110455264888
2026-03-17T10:14:14.381,0.29630662776867317,-2.6226045264365987e-06,0.17989707395120114,0.18188370406125978,0.22391163578808965,-2314.8083576445792,-2500.001639127829,-2387.564328780499,-2386.3226849617126,-47.20110455264888
2026-03-17T10:14:14.485,0.2920794373841123,-2.8848649790802585e-05,0.1795186682159519,0.18250110289245597,0.22730732935966858,-2317.45035163493,-2500.018030406119,-2387.80083236503,-2385.9368106922147,-47.158658383004145
2026-03-17T10:14:14.597,0.2920794373841123,-2.8848649790802585e-05,0.1795186682159519,0.18250110289245597,0.22730732935966858,-2317.45035163493,-2500.018030406119,-2387.80083236503,-2385.9368106922147,-47.158658383004145
2026-03-17T10:14:14.714,0.2920794373841123,-2.8848649790802585e-05,0.1795186682159519,0.18250110289245597,0.22730732935966858,-2317.45035163493,-2500.018030406119,-2387.80083236503,-2385.9368106922147,-47.158658383004145
2026-03-17T10:14:14.813,0.297332306472112,-2.8848649790802585e-05,0.16924196509023492,0.16930171336422165,0.19603906597328172,-2314.1673084549298,-2500.018030406119,-2394.2237718186034,-2394.186429147361,-47.549511675333974
2026-03-17T10:14:14.930,0.297332306472112,-2.8848649790802585e-05,0.16924196509023492,0.16930171336422165,0.19603906597328172,-2314.1673084549298,-2500.018030406119,-2394.2237718186034,-2394.186429147361,-47.549511675333974
2026-03-17T10:14:15.039,0.297332306472112,-2.8848649790802585e-05,0.16924196509023492,0.16930171336422165,0.19603906597328172,-2314.1673084549298,-2500.018030406119,-2394.2237718186034,-2394.186429147361,-47.549511675333974
2026-03-17T10:14:15.149,0.27883523665038795,-4.720688147585877e-05,0.16533343216693658,0.16478573965539156,0.20326860712567565,-2325.7279770935074,-2500.0295043009223,-2396.666604895665,-2397.0089127153806,-47.459142410929054
2026-03-17T10:14:15.253,0.27883523665038795,-4.720688147585877e-05,0.16533343216693658,0.16478573965539156,0.20326860712567565,-2325.7279770935074,-2500.0295043009223,-2396.666604895665,-2397.0089127153806,-47.459142410929054
2026-03-17T10:14:15.365,0.27883523665038795,-4.720688147585877e-05,0.16533343216693658,0.16478573965539156,0.20326860712567565,-2325.7279770935074,-2500.0295043009223,-2396.666604895665,-2397.0089127153806,-47.459142410929054
2026-03-17T10:14:15.469,0.2827039373910285,-2.6226045264365987e-06,0.16410859255020868,0.16566702669669578,0.21129479193122588,-2323.310039130607,-2500.001639127829,-2397.4321296561197,-2396.458108314565,-47.35881510085967
2026-03-17T10:14:15.580,0.2827039373910285,-2.6226045264365987e-06,0.16410859255020868,0.16566702669669578,0.21129479193122588,-2323.310039130607,-2500.001639127829,-2397.4321296561197,-2396.458108314565,-47.35881510085967
2026-03-17T10:14:15.693,0.2827039373910285,-2.6226045264365987e-06,0.16410859255020868,0.16566702669669578,0.21129479193122588,-2323.310039130607,-2500.001639127829,-2397.4321296561197,-2396.458108314565,-47.35881510085967
2026-03-17T10:14:15.797,0.2747872910877872,-6.294250863447836e-05,0.1620821302574922,0.1634165083765291,0.20577305561028594,-2328.257943070133,-2500.0393390678964,-2398.6986685890674,-2397.864682264669,-47.427836804871426
2026-03-17T10:14:15.909,0.2747872910877872,-6.294250863447836e-05,0.1620821302574922,0.1634165083765291,0.20577305561028594,-2328.257943070133,-2500.0393390678964,-2398.6986685890674,-2397.864682264669,-47.427836804871426
2026-03-17T10:14:16.019,0.2747872910877872,-6.294250863447836e-05,0.1620821302574922,0.1634165083765291,0.20577305561028594,-2328.257943070133,-2500.0393390678964,-2398.6986685890674,-2397.864682264669,-47.427836804871426
2026-03-17T10:14:16.125,0.2779838237460771,-4.196167242298558e-05,0.17361852615976262,0.16723043986601513,0.20290513845892305,-2326.260110158702,-2500.0262260452646,-2391.4884211501485,-2395.4809750837403,-47.46368576926346
2026-03-17T10:14:16.237,0.2779838237460771,-4.196167242298558e-05,0.17361852615976262,0.16723043986601513,0.20290513845892305,-2326.260110158702,-2500.0262260452646,-2391.4884211501485,-2395.4809750837403,-47.46368576926346
2026-03-17T10:14:16.346,0.2779838237460771,-4.196167242298558e-05,0.17361852615976262,0.16723043986601513,0.20290513845892305,-2326.260110158702,-2500.0262260452646,-2391.4884211501485,-2395.4809750837403,-47.46368576926346
2026-03-17T10:14:16.454,0.2750362422293986,-7.343292674022477e-05,0.15808397492321374,0.1649550264316873,0.2037216982034083,-2328.102348606626,-2500.045895579213,-2401.1975156729914,-2396.9031084801954,-47.453478772457395
2026-03-17T10:14:16.563,0.2750362422293986,-7.343292674022477e-05,0.15808397492321374,0.1649550264316873,0.2037216982034083,-2328.102348606626,-2500.045895579213,-2401.1975156729914,-2396.9031084801954,-47.453478772457395
2026-03-17T10:14:16.672,0.2750362422293986,-7.343292674022477e-05,0.15808397492321374,0.1649550264316873,0.2037216982034083,-2328.102348606626,-2500.045895579213,-2401.1975156729914,-2396.9031084801954,-47.453478772457395
2026-03-17T10:14:16.780,0.2764901168964089,-4.196167242298558e-05,0.16185309520720975,0.16608028559177065,0.19441092550714345,-2327.1936769397444,-2500.0262260452646,-2398.841815495494,-2396.1998215051435,-47.569863431160705
2026-03-17T10:14:16.892,0.2764901168964089,-4.196167242298558e-05,0.16185309520720975,0.16608028559177065,0.19441092550714345,-2327.1936769397444,-2500.0262260452646,-2398.841815495494,-2396.1998215051435,-47.569863431160705
2026-03-17T10:14:17.002,0.2764901168964089,-4.196167242298558e-05,0.16185309520720975,0.16608028559177065,0.19441092550714345,-2327.1936769397444,-2500.0262260452646,-2398.841815495494,-2396.1998215051435,-47.569863431160705
2026-03-17T10:14:17.111,0.2918055911283398,-2.622604526436599e-05,0.17600347809639946,0.1820330747462266,0.20753065067006216,-2317.621505544788,-2500.01639127829,-2389.9978261897504,-2386.2293282836085,-47.40586686662422
2026-03-17T10:14:17.220,0.2918055911283398,-2.622604526436599e-05,0.17600347809639946,0.1820330747462266,0.20753065067006216,-2317.621505544788,-2500.01639127829,-2389.9978261897504,-2386.2293282836085,-47.40586686662422
2026-03-17T10:14:17.330,0.2918055911283398,-2.622604526436599e-05,0.17600347809639946,0.1820330747462266,0.20753065067006216,-2317.621505544788,-2500.01639127829,-2389.9978261897504,-2386.2293282836085,-47.40586686662422
2026-03-17T10:14:17.442,0.29707837630766837,-6.556511316091496e-05,0.17833863980471404,0.17724325478162403,0.18967587479369538,-2314.326014807707,-2500.0409781957255,-2388.5383501220535,-2389.222965761485,-47.629051565078804
2026-03-17T10:14:17.551,0.29707837630766837,-6.556511316091496e-05,0.17833863980471404,0.17724325478162403,0.18967587479369538,-2314.326014807707,-2500.0409781957255,-2388.5383501220535,-2389.222965761485,-47.629051565078804
2026-03-17T10:14:17.659,0.29707837630766837,-6.556511316091496e-05,0.17833863980471404,0.17724325478162403,0.18967587479369538,-2314.326014807707,-2500.0409781957255,-2388.5383501220535,-2389.222965761485,-47.629051565078804
2026-03-17T10:14:17.764,0.2939664870375264,5.245209052873197e-06,0.17202523885344992,0.17952862626161634,0.19073640665695976,-2316.270945601546,-2499.996721744342,-2392.4842257165938,-2387.7946085864896,-47.615794916788005
2026-03-17T10:14:17.877,0.2939664870375264,5.245209052873197e-06,0.17202523885344992,0.17952862626161634,0.19073640665695976,-2316.270945601546,-2499.996721744342,-2392.4842257165938,-2387.7946085864896,-47.615794916788005
2026-03-17T10:14:17.985,0.2939664870375264,5.245209052873197e-06,0.17202523885344992,0.17952862626161634,0.19073640665695976,-2316.270945601546,-2499.996721744342,-2392.4842257165938,-2387.7946085864896,-47.615794916788005
2026-03-17T10:14:18.096,0.29214416468093124,-4.196167242298558e-05,0.1717264974835163,0.17979251447172437,0.1935595126028326,-2317.409897074418,-2500.0262260452646,-2392.6709390728024,-2387.6296784551723,-47.58050609246459
2026-03-17T10:14:18.203,0.29214416468093124,-4.196167242298558e-05,0.1717264974835163,0.17979251447172437,0.1935595126028326,-2317.409897074418,-2500.0262260452646,-2392.6709390728024,-2387.6296784551723,-47.58050609246459
2026-03-17T10:14:18.313,0.29214416468093124,-4.196167242298558e-05,0.1717264974835163,0.17979251447172437,0.1935595126028326,-2317.409897074418,-2500.0262260452646,-2392.6709390728024,-2387.6296784551723,-47.58050609246459
2026-03-17T10:14:18.421,0.29972223743158105,-2.3603440737929386e-05,0.1721497144242556,0.17592879275391607,0.1885257205194509,-2312.673601605262,-2500.0147521504614,-2392.4064284848405,-2390.0445045288025,-47.64342849350686
2026-03-17T10:14:18.531,0.29972223743158105,-2.3603440737929386e-05,0.1721497144242556,0.17592879275391607,0.1885257205194509,-2312.673601605262,-2500.0147521504614,-2392.4064284848405,-2390.0445045288025,-47.64342849350686
2026-03-17T10:14:18.652,0.29972223743158105,-2.3603440737929386e-05,0.1721497144242556,0.17592879275391607,0.1885257205194509,-2312.673601605262,-2500.0147521504614,-2392.4064284848405,-2390.0445045288025,-47.64342849350686
2026-03-17T10:14:18.757,0.2931051160875511,-2.622604526436599e-05,0.1811169345450968,0.17722333869029513,0.18888918918620345,-2316.8093024452805,-2500.01639127829,-2386.8019159093146,-2389.2354133185654,-47.63888513517246
2026-03-17T10:14:18.861,0.2931051160875511,-2.622604526436599e-05,0.1811169345450968,0.17722333869029513,0.18888918918620345,-2316.8093024452805,-2500.01639127829,-2386.8019159093146,-2389.2354133185654,-47.63888513517246
2026-03-17T10:14:18.983,0.2931051160875511,-2.622604526436599e-05,0.1811169345450968,0.17722333869029513,0.18888918918620345,-2316.8093024452805,-2500.01639127829,-2386.8019159093146,-2389.2354133185654,-47.63888513517246
2026-03-17T10:14:19.094,0.29364285055343164,-1.3113022632182994e-05,0.1822123195681868,0.18513500597070418,0.2008239069150521,-2316.4732184041054,-2500.008195639145,-2386.1173002698833,-2384.2906212683097,-47.48970116356185
2026-03-17T10:14:19.217,0.29364285055343164,-1.3113022632182994e-05,0.1822123195681868,0.18513500597070418,0.2008239069150521,-2316.4732184041054,-2500.008195639145,-2386.1173002698833,-2384.2906212683097,-47.48970116356185
2026-03-17T10:14:19.311,0.29364285055343164,-1.3113022632182994e-05,0.1822123195681868,0.18513500597070418,0.2008239069150521,-2316.4732184041054,-2500.008195639145,-2386.1173002698833,-2384.2906212683097,-47.48970116356185
2026-03-17T10:14:19.420,0.30067323079253644,-2.098083621149279e-05,0.18455743932216578,0.18306871149532988,0.18595156571518942,-2312.079230754665,-2500.0131130226323,-2384.6516004236464,-2385.582055315419,-47.67560542856013
2026-03-17T10:14:19.534,0.30067323079253644,-2.098083621149279e-05,0.18455743932216578,0.18306871149532988,0.18595156571518942,-2312.079230754665,-2500.0131130226323,-2384.6516004236464,-2385.582055315419,-47.67560542856013
2026-03-17T10:14:19.655,0.30067323079253644,-2.098083621149279e-05,0.18455743932216578,0.18306871149532988,0.18595156571518942,-2312.079230754665,-2500.0131130226323,-2384.6516004236464,-2385.582055315419,-47.67560542856013
2026-03-17T10:14:19.781,0.28426237153751555,4.720688147585877e-05,0.1760632263703862,0.17994188515669118,0.1877788670946168,-2322.3360177890527,-2499.9704956990777,-2389.9604835185087,-2387.5363217770678,-47.65276416131729
2026-03-17T10:14:19.904,0.28426237153751555,4.720688147585877e-05,0.1760632263703862,0.17994188515669118,0.1877788670946168,-2322.3360177890527,-2499.9704956990777,-2389.9604835185087,-2387.5363217770678,-47.65276416131729
2026-03-17T10:14:20.006,0.28426237153751555,4.720688147585877e-05,0.1760632263703862,0.17994188515669118,0.1877788670946168,-2322.3360177890527,-2499.9704956990777,-2389.9604835185087,-2387.5363217770678,-47.65276416131729
2026-03-17T10:14:20.108,0.2887534501321845,-5.245209052873197e-06,0.1669665516559071,0.1708501894650443,0.17721338064463069,-2319.5290936673846,-2500.003278255658,-2395.645905215058,-2393.2186315843473,-47.78483274194212
2026-03-17T10:14:20.217,0.2887534501321845,-5.245209052873197e-06,0.1669665516559071,0.1708501894650443,0.17721338064463069,-2319.5290936673846,-2500.003278255658,-2395.645905215058,-2393.2186315843473,-47.78483274194212
2026-03-17T10:14:20.327,0.2887534501321845,-5.245209052873197e-06,0.1669665516559071,0.1708501894650443,0.17721338064463069,-2319.5290936673846,-2500.003278255658,-2395.645905215058,-2393.2186315843473,-47.78483274194212
2026-03-17T10:14:20.436,0.2830923011719422,-6.556511316091496e-05,0.17044190959280167,0.171303280542777,0.17771626195068563,-2323.067311767536,-2500.0409781957255,-2393.473806504499,-2392.9354496607643,-47.77854672561643
2026-03-17T10:14:20.549,0.2830923011719422,-6.556511316091496e-05,0.17044190959280167,0.171303280542777,0.17771626195068563,-2323.067311767536,-2500.0409781957255,-2393.473806504499,-2392.9354496607643,-47.77854672561643
2026-03-17T10:14:20.662,0.2830923011719422,-6.556511316091496e-05,0.17044190959280167,0.171303280542777,0.17771626195068563,-2323.067311767536,-2500.0409781957255,-2393.473806504499,-2392.9354496607643,-47.77854672561643
2026-03-17T10:14:20.765,0.2785165791891254,-3.933906789654898e-05,0.16680224390244358,0.1663690689160398,0.1658163973816626,-2325.9271380067967,-2500.0245869174355,-2395.7485975609725,-2396.019331927475,-47.92729503272922
2026-03-17T10:14:20.878,0.2785165791891254,-3.933906789654898e-05,0.16680224390244358,0.1663690689160398,0.1658163973816626,-2325.9271380067967,-2500.0245869174355,-2395.7485975609725,-2396.019331927475,-47.92729503272922
2026-03-17T10:14:20.989,0.2785165791891254,-3.933906789654898e-05,0.16680224390244358,0.1663690689160398,0.1658163973816626,-2325.9271380067967,-2500.0245869174355,-2395.7485975609725,-2396.019331927475,-47.92729503272922
2026-03-17T10:14:21.100,0.28443663733664354,7.867813579309795e-06,0.1712136581317969,0.16773332117207007,0.16783788065154687,-2322.2271016645977,-2499.9950826165127,-2392.991463667627,-2395.166674267456,-47.902026491855665
2026-03-17T10:14:21.214,0.28443663733664354,7.867813579309795e-06,0.1712136581317969,0.16773332117207007,0.16783788065154687,-2322.2271016645977,-2499.9950826165127,-2392.991463667627,-2395.166674267456,-47.902026491855665
2026-03-17T10:14:21.321,0.28443663733664354,7.867813579309795e-06,0.1712136581317969,0.16773332117207007,0.16783788065154687,-2322.2271016645977,-2499.9950826165127,-2392.991463667627,-2395.166674267456,-47.902026491855665
2026-03-17T10:14:21.432,0.27890992199287135,-2.8848649790802585e-05,0.17015312626853252,0.17043693056996947,0.17559519822415684,-2325.6812987544554,-2500.018030406119,-2393.654296082167,-2393.476918393769,-47.805060022198035
2026-03-17T10:14:21.541,0.27890992199287135,-2.8848649790802585e-05,0.17015312626853252,0.17043693056996947,0.17559519822415684,-2325.6812987544554,-2500.018030406119,-2393.654296082167,-2393.476918393769,-47.805060022198035
2026-03-17T10:14:21.649,0.27890992199287135,-2.8848649790802585e-05,0.17015312626853252,0.17043693056996947,0.17559519822415684,-2325.6812987544554,-2500.018030406119,-2393.654296082167,-2393.476918393769,-47.805060022198035
2026-03-17T10:14:21.759,0.2878173938397258,-3.933906789654898e-05,0.1723488753375447,0.17294137905457974,0.18104722822544564,-2320.1141288501713,-2500.0245869174355,-2392.2819529140347,-2391.9116380908877,-47.73690964718193
2026-03-17T10:14:21.869,0.2878173938397258,-3.933906789654898e-05,0.1723488753375447,0.17294137905457974,0.18104722822544564,-2320.1141288501713,-2500.0245869174355,-2392.2819529140347,-2391.9116380908877,-47.73690964718193
2026-03-17T10:14:21.978,0.2878173938397258,-3.933906789654898e-05,0.1723488753375447,0.17294137905457974,0.18104722822544564,-2320.1141288501713,-2500.0245869174355,-2392.2819529140347,-2391.9116380908877,-47.73690964718193
2026-03-17T10:14:22.087,0.2889526110454736,2.6226045264365987e-06,0.1822870049106702,0.18070367565002196,0.18560303411693352,-2319.4046180965793,-2499.998360872171,-2386.0706219308313,-2387.060202718736,-47.67996207353833
2026-03-17T10:14:22.199,0.2889526110454736,2.6226045264365987e-06,0.1822870049106702,0.18070367565002196,0.18560303411693352,-2319.4046180965793,-2499.998360872171,-2386.0706219308313,-2387.060202718736,-47.67996207353833
2026-03-17T10:14:22.307,0.2889526110454736,2.6226045264365987e-06,0.1822870049106702,0.18070367565002196,0.18560303411693352,-2319.4046180965793,-2499.998360872171,-2386.0706219308313,-2387.060202718736,-47.67996207353833
2026-03-17T10:14:22.416,0.2920445842242867,-0.00010490418105746395,0.17879173088244668,0.18560801313976574,0.18155010953150055,-2317.472134859821,-2500.065565113161,-2388.255168198471,-2383.994991787646,-47.73062363085624
2026-03-17T10:14:22.525,0.2920445842242867,-0.00010490418105746395,0.17879173088244668,0.18560801313976574,0.18155010953150055,-2317.472134859821,-2500.065565113161,-2388.255168198471,-2383.994991787646,-47.73062363085624
2026-03-17T10:14:22.633,0.2920445842242867,-0.00010490418105746395,0.17879173088244668,0.18560801313976574,0.18155010953150055,-2317.472134859821,-2500.065565113161,-2388.255168198471,-2383.994991787646,-47.73062363085624
2026-03-17T10:14:22.742,0.28916173000442713,-2.098083621149279e-05,0.1756101352926535,0.17227418999506128,0.1850155094227307,-2319.273918747233,-2500.0131130226323,-2390.2436654420917,-2392.3286312530868,-47.687306132215866
2026-03-17T10:14:22.846,0.28916173000442713,-2.098083621149279e-05,0.1756101352926535,0.17227418999506128,0.1850155094227307,-2319.273918747233,-2500.0131130226323,-2390.2436654420917,-2392.3286312530868,-47.687306132215866
2026-03-17T10:14:22.958,0.28916173000442713,-2.098083621149279e-05,0.1756101352926535,0.17227418999506128,0.1850155094227307,-2319.273918747233,-2500.0131130226323,-2390.2436654420917,-2392.3286312530868,-47.687306132215866
2026-03-17T10:14:23.070,0.28674690393079694,-1.8358231685056193e-05,0.17311564485370767,0.1817891026274475,0.1845375232308369,-2320.783185043252,-2500.011473894803,-2391.8027219664327,-2386.3818108578453,-47.69328095961454
2026-03-17T10:14:23.173,0.28674690393079694,-1.8358231685056193e-05,0.17311564485370767,0.1817891026274475,0.1845375232308369,-2320.783185043252,-2500.011473894803,-2391.8027219664327,-2386.3818108578453,-47.69328095961454
2026-03-17T10:14:23.287,0.28674690393079694,-1.8358231685056193e-05,0.17311564485370767,0.1817891026274475,0.1845375232308369,-2320.783185043252,-2500.011473894803,-2391.8027219664327,-2386.3818108578453,-47.69328095961454
2026-03-17T10:14:23.396,0.2883103171001163,-2.8848649790802585e-05,0.17530641489988766,0.17946887798762962,0.18868007022724992,-2319.806051812427,-2500.018030406119,-2390.43349068757,-2387.8319512577314,-47.641499122159374
2026-03-17T10:14:23.505,0.2883103171001163,-2.8848649790802585e-05,0.17530641489988766,0.17946887798762962,0.18868007022724992,-2319.806051812427,-2500.018030406119,-2390.43349068757,-2387.8319512577314,-47.641499122159374
2026-03-17T10:14:23.612,0.2883103171001163,-2.8848649790802585e-05,0.17530641489988766,0.17946887798762962,0.18868007022724992,-2319.806051812427,-2500.018030406119,-2390.43349068757,-2387.8319512577314,-47.641499122159374
2026-03-17T10:14:23.722,0.29505191401495195,-2.098083621149279e-05,0.18595156571518942,0.18282971839938297,0.18440806863719897,-2315.592553740655,-2500.0131130226323,-2383.7802714280065,-2385.7314260003855,-47.69489914203501
2026-03-17T10:14:23.832,0.29505191401495195,-2.098083621149279e-05,0.18595156571518942,0.18282971839938297,0.18440806863719897,-2315.592553740655,-2500.0131130226323,-2383.7802714280065,-2385.7314260003855,-47.69489914203501
2026-03-17T10:14:23.940,0.29505191401495195,-2.098083621149279e-05,0.18595156571518942,0.18282971839938297,0.18440806863719897,-2315.592553740655,-2500.0131130226323,-2383.7802714280065,-2385.7314260003855,-47.69489914203501
2026-03-17T10:14:24.052,0.29750159324840775,0.0,0.17762663953970553,0.184736684144126,0.1772731289186174,-2314.061504219745,-2500.0,-2388.983350287684,-2384.539572409921,-47.78408588851728
2026-03-17T10:14:24.159,0.29750159324840775,0.0,0.17762663953970553,0.184736684144126,0.1772731289186174,-2314.061504219745,-2500.0,-2388.983350287684,-2384.539572409921,-47.78408588851728
2026-03-17T10:14:24.267,0.29750159324840775,0.0,0.17762663953970553,0.184736684144126,0.1772731289186174,-2314.061504219745,-2500.0,-2388.983350287684,-2384.539572409921,-47.78408588851728
2026-03-17T10:14:24.377,0.2972974533122864,-9.441376295171754e-05,0.1765959818134345,0.17888135329342678,0.18248118680112707,-2314.189091679821,-2500.0590086018447,-2389.6275113666034,-2388.1991541916086,-47.71898516498591
2026-03-17T10:14:24.484,0.2972974533122864,-9.441376295171754e-05,0.1765959818134345,0.17888135329342678,0.18248118680112707,-2314.189091679821,-2500.0590086018447,-2389.6275113666034,-2388.1991541916086,-47.71898516498591
2026-03-17T10:14:24.595,0.2972974533122864,-9.441376295171754e-05,0.1765959818134345,0.17888135329342678,0.18248118680112707,-2314.189091679821,-2500.0590086018447,-2389.6275113666034,-2388.1991541916086,-47.71898516498591
2026-03-17T10:14:24.720,0.29374741003290844,-2.098083621149279e-05,0.17010333604021025,0.177965213092297,0.19079117590811426,-2316.4078687294323,-2500.0131130226323,-2393.6854149748683,-2388.7717418173143,-47.61511030114857
2026-03-17T10:14:24.829,0.29374741003290844,-2.098083621149279e-05,0.17010333604021025,0.177965213092297,0.19079117590811426,-2316.4078687294323,-2500.0131130226323,-2393.6854149748683,-2388.7717418173143,-47.61511030114857
2026-03-17T10:14:24.939,0.29374741003290844,-2.098083621149279e-05,0.17010333604021025,0.177965213092297,0.19079117590811426,-2316.4078687294323,-2500.0131130226323,-2393.6854149748683,-2388.7717418173143,-47.61511030114857
2026-03-17T10:14:25.050,0.29719787285564186,-6.556511316091496e-05,0.1782390593480695,0.17887139524776233,0.18363632009820377,-2314.251329465224,-2500.0409781957255,-2388.6005879074564,-2388.205377970148,-47.70454599877245
2026-03-17T10:14:25.157,0.29719787285564186,-6.556511316091496e-05,0.1782390593480695,0.17887139524776233,0.18363632009820377,-2314.251329465224,-2500.0409781957255,-2388.6005879074564,-2388.205377970148,-47.70454599877245
2026-03-17T10:14:25.268,0.29719787285564186,-6.556511316091496e-05,0.1782390593480695,0.17887139524776233,0.18363632009820377,-2314.251329465224,-2500.0409781957255,-2388.6005879074564,-2388.205377970148,-47.70454599877245
2026-03-17T10:14:25.376,0.2917906540598431,-2.6226045264365987e-06,0.18352678159589478,0.1869523493044671,0.18820208403535613,-2317.630841212598,-2500.001639127829,-2385.2957615025657,-2383.1547816847083,-47.64747394955805
2026-03-17T10:14:25.485,0.2917906540598431,-2.6226045264365987e-06,0.18352678159589478,0.1869523493044671,0.18820208403535613,-2317.630841212598,-2500.001639127829,-2385.2957615025657,-2383.1547816847083,-47.64747394955805
2026-03-17T10:14:25.601,0.2917906540598431,-2.6226045264365987e-06,0.18352678159589478,0.1869523493044671,0.18820208403535613,-2317.630841212598,-2500.001639127829,-2385.2957615025657,-2383.1547816847083,-47.64747394955805
2026-03-17T10:14:25.703,0.28942561821453516,-5.769729958160517e-05,0.18436325743170895,0.1819384733124143,0.1851250479250397,-2319.1089886159157,-2500.0360608122387,-2384.772964105182,-2386.288454179741,-47.685936900937
2026-03-17T10:14:25.812,0.28942561821453516,-5.769729958160517e-05,0.18436325743170895,0.1819384733124143,0.1851250479250397,-2319.1089886159157,-2500.0360608122387,-2384.772964105182,-2386.288454179741,-47.685936900937
2026-03-17T10:14:25.922,0.28942561821453516,-5.769729958160517e-05,0.18436325743170895,0.1819384733124143,0.1851250479250397,-2319.1089886159157,-2500.0360608122387,-2384.772964105182,-2386.288454179741,-47.685936900937
2026-03-17T10:14:26.031,0.29895546791541805,-4.196167242298558e-05,0.17836353491887516,0.1782589754393984,0.18190859917542093,-2313.152832552864,-2500.0262260452646,-2388.522790675703,-2388.5881403503763,-47.72614251030724
2026-03-17T10:14:26.140,0.29895546791541805,-4.196167242298558e-05,0.17836353491887516,0.1782589754393984,0.18190859917542093,-2313.152832552864,-2500.0262260452646,-2388.522790675703,-2388.5881403503763,-47.72614251030724
2026-03-17T10:14:26.249,0.29895546791541805,-4.196167242298558e-05,0.17836353491887516,0.1782589754393984,0.18190859917542093,-2313.152832552864,-2500.0262260452646,-2388.522790675703,-2388.5881403503763,-47.72614251030724
2026-03-17T10:14:26.358,0.29507680912911305,-2.3603440737929386e-05,0.17934440241682392,0.1814604871205205,0.18399480974212415,-2315.5769942943043,-2500.0147521504614,-2387.909748489485,-2386.587195549675,-47.70006487822344
2026-03-17T10:14:26.468,0.29507680912911305,-2.3603440737929386e-05,0.17934440241682392,0.1814604871205205,0.18399480974212415,-2315.5769942943043,-2500.0147521504614,-2387.909748489485,-2386.587195549675,-47.70006487822344
2026-03-17T10:14:26.577,0.29507680912911305,-2.3603440737929386e-05,0.17934440241682392,0.1814604871205205,0.18399480974212415,-2315.5769942943043,-2500.0147521504614,-2387.909748489485,-2386.587195549675,-47.70006487822344
2026-03-17T10:14:26.687,0.2927715215577919,-2.8848649790802585e-05,0.18370104739502274,0.1815750046456617,0.18675816741401022,-2317.01779902638,-2500.018030406119,-2385.186845378111,-2386.5156220964614,-47.66552290732487
2026-03-17T10:14:26.811,0.2927715215577919,-2.8848649790802585e-05,0.18370104739502274,0.1815750046456617,0.18675816741401022,-2317.01779902638,-2500.018030406119,-2385.186845378111,-2386.5156220964614,-47.66552290732487
2026-03-17T10:14:26.910,0.2927715215577919,-2.8848649790802585e-05,0.18370104739502274,0.1815750046456617,0.18675816741401022,-2317.01779902638,-2500.018030406119,-2385.186845378111,-2386.5156220964614,-47.66552290732487
2026-03-17T10:14:27.029,0.29712816653599067,2.6226045264365987e-06,0.1788116469737756,0.18257080921210717,0.18619553783396856,-2314.294895915006,-2499.998360872171,-2388.2427206413904,-2385.893244242433,-47.672555777075395
2026-03-17T10:14:27.124,0.29712816653599067,2.6226045264365987e-06,0.1788116469737756,0.18257080921210717,0.18619553783396856,-2314.294895915006,-2499.998360872171,-2388.2427206413904,-2385.893244242433,-47.672555777075395
2026-03-17T10:14:27.233,0.29712816653599067,2.6226045264365987e-06,0.1788116469737756,0.18257080921210717,0.18619553783396856,-2314.294895915006,-2499.998360872171,-2388.2427206413904,-2385.893244242433,-47.672555777075395
2026-03-17T10:14:27.343,0.2994782653128019,-2.6226045264365987e-06,0.18577232089322923,0.18698720246429268,0.1818139977416086,-2312.8260841794986,-2500.001639127829,-2383.8922994417317,-2383.132998459817,-47.72732502822989
2026-03-17T10:14:27.454,0.2994782653128019,-2.6226045264365987e-06,0.18577232089322923,0.18698720246429268,0.1818139977416086,-2312.8260841794986,-2500.001639127829,-2383.8922994417317,-2383.132998459817,-47.72732502822989
2026-03-17T10:14:27.562,0.2994782653128019,-2.6226045264365987e-06,0.18577232089322923,0.18698720246429268,0.1818139977416086,-2312.8260841794986,-2500.001639127829,-2383.8922994417317,-2383.132998459817,-47.72732502822989
2026-03-17T10:14:27.670,0.3008275805003355,-4.720688147585877e-05,0.18241148048147587,0.1822272566366835,0.18207788595171667,-2311.9827621872905,-2500.0295043009223,-2385.9928246990776,-2386.1079646020726,-47.72402642560355
2026-03-17T10:14:27.780,0.3008275805003355,-4.720688147585877e-05,0.18241148048147587,0.1822272566366835,0.18207788595171667,-2311.9827621872905,-2500.0295043009223,-2385.9928246990776,-2386.1079646020726,-47.72402642560355
2026-03-17T10:14:27.894,0.3008275805003355,-4.720688147585877e-05,0.18241148048147587,0.1822272566366835,0.18207788595171667,-2311.9827621872905,-2500.0295043009223,-2385.9928246990776,-2386.1079646020726,-47.72402642560355
2026-03-17T10:14:28.005,0.29632156483716987,-2.3603440737929386e-05,0.18019581532113477,0.18689758005331258,0.18394999853663407,-2314.799021976769,-2500.0147521504614,-2387.3776154242905,-2383.1890124666797,-47.70062501829207
2026-03-17T10:14:28.117,0.29632156483716987,-2.3603440737929386e-05,0.18019581532113477,0.18689758005331258,0.18394999853663407,-2314.799021976769,-2500.0147521504614,-2387.3776154242905,-2383.1890124666797,-47.70062501829207
2026-03-17T10:14:28.221,0.29632156483716987,-2.3603440737929386e-05,0.18019581532113477,0.18689758005331258,0.18394999853663407,-2314.799021976769,-2500.0147521504614,-2387.3776154242905,-2383.1890124666797,-47.70062501829207
2026-03-17T10:14:28.333,0.3005587132673952,-2.622604526436599e-05,0.18313841781498105,0.18471676805279708,0.17962322769542866,-2312.150804207878,-2500.01639127829,-2385.5384888656367,-2384.552019967002,-47.75470965380714
2026-03-17T10:14:28.448,0.3005587132673952,-2.622604526436599e-05,0.18313841781498105,0.18471676805279708,0.17962322769542866,-2312.150804207878,-2500.01639127829,-2385.5384888656367,-2384.552019967002,-47.75470965380714
2026-03-17T10:14:28.548,0.3005587132673952,-2.622604526436599e-05,0.18313841781498105,0.18471676805279708,0.17962322769542866,-2312.150804207878,-2500.01639127829,-2385.5384888656367,-2384.552019967002,-47.75470965380714
2026-03-17T10:14:28.660,0.30139021008037714,-2.6226045264365987e-06,0.1801609621613092,0.180310332846276,0.17308577071671433,-2311.631118699764,-2500.001639127829,-2387.399398649182,-2387.306041971078,-47.83642786604107
2026-03-17T10:14:28.765,0.30139021008037714,-2.6226045264365987e-06,0.1801609621613092,0.180310332846276,0.17308577071671433,-2311.631118699764,-2500.001639127829,-2387.399398649182,-2387.306041971078,-47.83642786604107
2026-03-17T10:14:28.887,0.30139021008037714,-2.6226045264365987e-06,0.1801609621613092,0.180310332846276,0.17308577071671433,-2311.631118699764,-2500.001639127829,-2387.399398649182,-2387.306041971078,-47.83642786604107
2026-03-17T10:14:28.989,0.30127569255523595,-2.622604526436599e-05,0.18107212333960676,0.17752705908306102,0.17255799429649823,-2311.7026921529778,-2500.01639127829,-2386.8299229127456,-2389.045588073087,-47.84302507129377
2026-03-17T10:14:29.101,0.30127569255523595,-2.622604526436599e-05,0.18107212333960676,0.17752705908306102,0.17255799429649823,-2311.7026921529778,-2500.01639127829,-2386.8299229127456,-2389.045588073087,-47.84302507129377
2026-03-17T10:14:29.204,0.30127569255523595,-2.622604526436599e-05,0.18107212333960676,0.17752705908306102,0.17255799429649823,-2311.7026921529778,-2500.01639127829,-2386.8299229127456,-2389.045588073087,-47.84302507129377
2026-03-17T10:14:29.318,0.2856415608620425,-1.573562715861959e-05,0.178293828599224,0.1782042061882439,0.1737977709817228,-2321.4740244612235,-2500.009834766974,-2388.566357125485,-2388.622371132348,-47.827527862728466
2026-03-17T10:14:29.421,0.2856415608620425,-1.573562715861959e-05,0.178293828599224,0.1782042061882439,0.1737977709817228,-2321.4740244612235,-2500.009834766974,-2388.566357125485,-2388.622371132348,-47.827527862728466
2026-03-17T10:14:29.533,0.2856415608620425,-1.573562715861959e-05,0.178293828599224,0.1782042061882439,0.1737977709817228,-2321.4740244612235,-2500.009834766974,-2388.566357125485,-2388.622371132348,-47.827527862728466
2026-03-17T10:14:29.647,0.2706447440913742,-2.3603440737929386e-05,0.17373802270773608,0.17619765998685633,0.16746445393912981,-2330.8470349428912,-2500.0147521504614,-2391.413735807665,-2389.876462508215,-47.90669432576088
2026-03-17T10:14:29.755,0.2706447440913742,-2.3603440737929386e-05,0.17373802270773608,0.17619765998685633,0.16746445393912981,-2330.8470349428912,-2500.0147521504614,-2391.413735807665,-2389.876462508215,-47.90669432576088
2026-03-17T10:14:29.863,0.2706447440913742,-2.3603440737929386e-05,0.17373802270773608,0.17619765998685633,0.16746445393912981,-2330.8470349428912,-2500.0147521504614,-2391.413735807665,-2389.876462508215,-47.90669432576088
2026-03-17T10:14:29.972,0.2846258402042682,-2.3603440737929386e-05,0.17356375690860815,0.17737768839809417,0.16860962919054207,-2322.1088498723325,-2500.0147521504614,-2391.52265193212,-2389.138944751191,-47.892379635118225
2026-03-17T10:14:30.077,0.2846258402042682,-2.3603440737929386e-05,0.17356375690860815,0.17737768839809417,0.16860962919054207,-2322.1088498723325,-2500.0147521504614,-2391.52265193212,-2389.138944751191,-47.892379635118225
2026-03-17T10:14:30.189,0.2846258402042682,-2.3603440737929386e-05,0.17356375690860815,0.17737768839809417,0.16860962919054207,-2322.1088498723325,-2500.0147521504614,-2391.52265193212,-2389.138944751191,-47.892379635118225
2026-03-17T10:14:30.301,0.292422989959536,-2.3603440737929386e-05,0.18182395578727306,0.17278205032394847,0.16912246854226148,-2317.23563127529,-2500.0147521504614,-2386.3600276329544,-2392.0112185475323,-47.88596914322173
2026-03-17T10:14:30.410,0.292422989959536,-2.3603440737929386e-05,0.18182395578727306,0.17278205032394847,0.16912246854226148,-2317.23563127529,-2500.0147521504614,-2386.3600276329544,-2392.0112185475323,-47.88596914322173
2026-03-17T10:14:30.516,0.292422989959536,-2.3603440737929386e-05,0.18182395578727306,0.17278205032394847,0.16912246854226148,-2317.23563127529,-2500.0147521504614,-2386.3600276329544,-2392.0112185475323,-47.88596914322173
2026-03-17T10:14:30.629,0.28646807865219226,-4.196167242298558e-05,0.1820480118147233,0.1794141087364751,0.1841143062900976,-2320.95745084238,-2500.0262260452646,-2386.2199926157978,-2387.8661820397033,-47.698571171373786
2026-03-17T10:14:30.739,0.28646807865219226,-4.196167242298558e-05,0.1820480118147233,0.1794141087364751,0.1841143062900976,-2320.95745084238,-2500.0262260452646,-2386.2199926157978,-2387.8661820397033,-47.698571171373786
2026-03-17T10:14:30.849,0.28646807865219226,-4.196167242298558e-05,0.1820480118147233,0.1794141087364751,0.1841143062900976,-2320.95745084238,-2500.0262260452646,-2386.2199926157978,-2387.8661820397033,-47.698571171373786
2026-03-17T10:14:30.957,0.29936374778766073,-8.392334484597116e-05,0.1832728514314512,0.18249114484679152,0.17733785621543635,-2312.8976576327123,-2500.0524520905287,-2385.454467855343,-2385.9430344707553,-47.783276797307046
2026-03-17T10:14:31.069,0.29936374778766073,-8.392334484597116e-05,0.1832728514314512,0.18249114484679152,0.17733785621543635,-2312.8976576327123,-2500.0524520905287,-2385.454467855343,-2385.9430344707553,-47.783276797307046
2026-03-17T10:14:31.172,0.29936374778766073,-8.392334484597116e-05,0.1832728514314512,0.18249114484679152,0.17733785621543635,-2312.8976576327123,-2500.0524520905287,-2385.454467855343,-2385.9430344707553,-47.783276797307046
2026-03-17T10:14:31.285,0.29729247428945416,-2.622604526436599e-05,0.1775071429917321,0.17340442817797688,0.17132817565693814,-2314.1922035690914,-2500.01639127829,-2389.0580356301675,-2391.6222323887646,-47.85839780428827
2026-03-17T10:14:31.397,0.29729247428945416,-2.622604526436599e-05,0.1775071429917321,0.17340442817797688,0.17132817565693814,-2314.1922035690914,-2500.01639127829,-2389.0580356301675,-2391.6222323887646,-47.85839780428827
2026-03-17T10:14:31.501,0.29729247428945416,-2.622604526436599e-05,0.1775071429917321,0.17340442817797688,0.17132817565693814,-2314.1922035690914,-2500.01639127829,-2389.0580356301675,-2391.6222323887646,-47.85839780428827
2026-03-17T10:14:31.614,0.299084922509056,-2.622604526436599e-05,0.18089287851764657,0.1772382757587918,0.17283681957510297,-2313.07192343184,-2500.01639127829,-2386.941950926471,-2389.226077650755,-47.83953975531121
2026-03-17T10:14:31.723,0.299084922509056,-2.622604526436599e-05,0.18089287851764657,0.1772382757587918,0.17283681957510297,-2313.07192343184,-2500.01639127829,-2386.941950926471,-2389.226077650755,-47.83953975531121
2026-03-17T10:14:31.829,0.299084922509056,-2.622604526436599e-05,0.18089287851764657,0.1772382757587918,0.17283681957510297,-2313.07192343184,-2500.01639127829,-2386.941950926471,-2389.226077650755,-47.83953975531121
2026-03-17T10:14:31.940,0.295141536425932,-2.8848649790802585e-05,0.17643665308280324,0.1775967654027122,0.1713829449080926,-2315.5365397337923,-2500.018030406119,-2389.727091823248,-2389.0020216233047,-47.857713188648844
2026-03-17T10:14:32.048,0.295141536425932,-2.8848649790802585e-05,0.17643665308280324,0.1775967654027122,0.1713829449080926,-2315.5365397337923,-2500.018030406119,-2389.727091823248,-2389.0020216233047,-47.857713188648844
2026-03-17T10:14:32.158,0.295141536425932,-2.8848649790802585e-05,0.17643665308280324,0.1775967654027122,0.1713829449080926,-2315.5365397337923,-2500.018030406119,-2389.727091823248,-2389.0020216233047,-47.857713188648844
2026-03-17T10:14:32.265,0.2925574235760061,-8.916855389884435e-05,0.17460437268054363,0.17440521176725454,0.16049880099684397,-2317.151610264996,-2500.055730346187,-2390.87226707466,-2390.996742645466,-47.99376498753945
2026-03-17T10:14:32.374,0.2925574235760061,-8.916855389884435e-05,0.17460437268054363,0.17440521176725454,0.16049880099684397,-2317.151610264996,-2500.055730346187,-2390.87226707466,-2390.996742645466,-47.99376498753945
2026-03-17T10:14:32.484,0.2925574235760061,-8.916855389884435e-05,0.17460437268054363,0.17440521176725454,0.16049880099684397,-2317.151610264996,-2500.055730346187,-2390.87226707466,-2390.996742645466,-47.99376498753945
2026-03-17T10:14:32.593,0.2707493035708509,-4.720688147585877e-05,0.16834574098043403,0.16267463397452725,0.15718277179058063,-2330.781685268218,-2500.0295043009223,-2394.783911887229,-2398.3283537659204,-48.03521535261774
2026-03-17T10:14:32.703,0.2707493035708509,-4.720688147585877e-05,0.16834574098043403,0.16267463397452725,0.15718277179058063,-2330.781685268218,-2500.0295043009223,-2394.783911887229,-2398.3283537659204,-48.03521535261774
2026-03-17T10:14:32.826,0.2707493035708509,-4.720688147585877e-05,0.16834574098043403,0.16267463397452725,0.15718277179058063,-2330.781685268218,-2500.0295043009223,-2394.783911887229,-2398.3283537659204,-48.03521535261774
2026-03-17T10:14:32.935,0.2698530794610501,-2.8848649790802585e-05,0.1589503248960213,0.16547284480623894,0.16233108139910357,-2331.3418253368436,-2500.018030406119,-2400.656046939987,-2396.5794719961004,-47.970861482511204
2026-03-17T10:14:33.044,0.2698530794610501,-2.8848649790802585e-05,0.1589503248960213,0.16547284480623894,0.16233108139910357,-2331.3418253368436,-2500.018030406119,-2400.656046939987,-2396.5794719961004,-47.970861482511204
2026-03-17T10:14:33.155,0.2698530794610501,-2.8848649790802585e-05,0.1589503248960213,0.16547284480623894,0.16233108139910357,-2331.3418253368436,-2500.018030406119,-2400.656046939987,-2396.5794719961004,-47.970861482511204
2026-03-17T10:14:33.262,0.27401554254879196,-5.769729958160517e-05,0.15656039393655222,0.1591893179919682,0.15491731640191725,-2328.740285907005,-2500.0360608122387,-2402.149753789655,-2400.50667625502,-48.06353354497603
2026-03-17T10:14:33.370,0.27401554254879196,-5.769729958160517e-05,0.15656039393655222,0.1591893179919682,0.15491731640191725,-2328.740285907005,-2500.0360608122387,-2402.149753789655,-2400.50667625502,-48.06353354497603
2026-03-17T10:14:33.479,0.27401554254879196,-5.769729958160517e-05,0.15656039393655222,0.1591893179919682,0.15491731640191725,-2328.740285907005,-2500.0360608122387,-2402.149753789655,-2400.50667625502,-48.06353354497603
2026-03-17T10:14:33.592,0.27253179374478825,-1.3113022632182994e-05,0.16075771018411977,0.15985650705148666,0.1580043105578981,-2329.667628909507,-2500.008195639145,-2399.526431134925,-2400.089683092821,-48.02494611802627
2026-03-17T10:14:33.717,0.27253179374478825,-1.3113022632182994e-05,0.16075771018411977,0.15985650705148666,0.1580043105578981,-2329.667628909507,-2500.008195639145,-2399.526431134925,-2400.089683092821,-48.02494611802627
2026-03-17T10:14:33.811,0.27253179374478825,-1.3113022632182994e-05,0.16075771018411977,0.15985650705148666,0.1580043105578981,-2329.667628909507,-2500.008195639145,-2399.526431134925,-2400.089683092821,-48.02494611802627
2026-03-17T10:14:33.922,0.2777896418556202,-1.573562715861959e-05,0.15547496695912671,0.15895530391885354,0.15617700917847074,-2326.3814738402375,-2500.009834766974,-2402.8281456505456,-2400.6529350507167,-48.04778738526912
2026-03-17T10:14:34.030,0.2777896418556202,-1.573562715861959e-05,0.15547496695912671,0.15895530391885354,0.15617700917847074,-2326.3814738402375,-2500.009834766974,-2402.8281456505456,-2400.6529350507167,-48.04778738526912
2026-03-17T10:14:34.139,0.2777896418556202,-1.573562715861959e-05,0.15547496695912671,0.15895530391885354,0.15617700917847074,-2326.3814738402375,-2500.009834766974,-2402.8281456505456,-2400.6529350507167,-48.04778738526912
2026-03-17T10:14:34.248,0.26583998705827494,-4.196167242298558e-05,0.1575064082746754,0.1593735418367606,0.1536078333970415,-2333.8500080885783,-2500.0262260452646,-2401.5584948283276,-2400.3915363520246,-48.07990208253698
2026-03-17T10:14:34.388,0.26583998705827494,-4.196167242298558e-05,0.1575064082746754,0.1593735418367606,0.1536078333970415,-2333.8500080885783,-2500.0262260452646,-2401.5584948283276,-2400.3915363520246,-48.07990208253698
2026-03-17T10:14:34.482,0.26583998705827494,-4.196167242298558e-05,0.1575064082746754,0.1593735418367606,0.1536078333970415,-2333.8500080885783,-2500.0262260452646,-2401.5584948283276,-2400.3915363520246,-48.07990208253698
2026-03-17T10:14:34.591,0.2674083792504265,-2.3603440737929386e-05,0.15115815416358572,0.1562566735437864,0.15317963743346996,-2332.8697629684834,-2500.0147521504614,-2405.526153647759,-2402.3395790351333,-48.08525453208162
2026-03-17T10:14:34.699,0.2674083792504265,-2.3603440737929386e-05,0.15115815416358572,0.1562566735437864,0.15317963743346996,-2332.8697629684834,-2500.0147521504614,-2405.526153647759,-2402.3395790351333,-48.08525453208162
2026-03-17T10:14:34.809,0.2674083792504265,-2.3603440737929386e-05,0.15115815416358572,0.1562566735437864,0.15317963743346996,-2332.8697629684834,-2500.0147521504614,-2405.526153647759,-2402.3395790351333,-48.08525453208162
2026-03-17T10:14:34.919,0.27738136198337754,-3.671646337011239e-05,0.15723754104173512,0.1586067723205976,0.15424514831956657,-2326.636648760389,-2500.0229477896064,-2401.7265368489157,-2400.8707672996266,-48.07193564600542
2026-03-17T10:14:35.028,0.27738136198337754,-3.671646337011239e-05,0.15723754104173512,0.1586067723205976,0.15424514831956657,-2326.636648760389,-2500.0229477896064,-2401.7265368489157,-2400.8707672996266,-48.07193564600542
2026-03-17T10:14:35.138,0.27738136198337754,-3.671646337011239e-05,0.15723754104173512,0.1586067723205976,0.15424514831956657,-2326.636648760389,-2500.0229477896064,-2401.7265368489157,-2400.8707672996266,-48.07193564600542
2026-03-17T10:14:35.248,0.2746777525854782,-4.720688147585877e-05,0.16214187853147893,0.15906982144399473,0.15784996085009909,-2328.3264046340764,-2500.0295043009223,-2398.6613259178257,-2400.5813615975035,-48.02687548937376
2026-03-17T10:14:35.357,0.2746777525854782,-4.720688147585877e-05,0.16214187853147893,0.15906982144399473,0.15784996085009909,-2328.3264046340764,-2500.0295043009223,-2398.6613259178257,-2400.5813615975035,-48.02687548937376
2026-03-17T10:14:35.465,0.2746777525854782,-4.720688147585877e-05,0.16214187853147893,0.15906982144399473,0.15784996085009909,-2328.3264046340764,-2500.0295043009223,-2398.6613259178257,-2400.5813615975035,-48.02687548937376
2026-03-17T10:14:35.575,0.27546443819297006,-1.0490418105746395e-05,0.15543015575363664,0.15769561114230002,0.1533688403010946,-2327.8347261293934,-2500.006556511316,-2402.856152653977,-2401.440243036063,-48.08288949623632
2026-03-17T10:14:35.684,0.27546443819297006,-1.0490418105746395e-05,0.15543015575363664,0.15769561114230002,0.1533688403010946,-2327.8347261293934,-2500.006556511316,-2402.856152653977,-2401.440243036063,-48.08288949623632
2026-03-17T10:14:35.795,0.27546443819297006,-1.0490418105746395e-05,0.15543015575363664,0.15769561114230002,0.1533688403010946,-2327.8347261293934,-2500.006556511316,-2402.856152653977,-2401.440243036063,-48.08288949623632
2026-03-17T10:14:35.904,0.27351266124273704,0.0,0.15659524709637782,0.15776531746195122,0.1563164218177731,-2329.054586723289,-2500.0,-2402.127970564764,-2401.3966765862806,-48.04604472727784
2026-03-17T10:14:36.013,0.27351266124273704,0.0,0.15659524709637782,0.15776531746195122,0.1563164218177731,-2329.054586723289,-2500.0,-2402.127970564764,-2401.3966765862806,-48.04604472727784
2026-03-17T10:14:36.122,0.27351266124273704,0.0,0.15659524709637782,0.15776531746195122,0.1563164218177731,-2329.054586723289,-2500.0,-2402.127970564764,-2401.3966765862806,-48.04604472727784
2026-03-17T10:14:36.232,0.2748769134987673,-1.573562715861959e-05,0.15822338756251614,0.15722758299607068,0.15610730285881957,-2328.2019290632707,-2500.009834766974,-2401.1103827734273,-2401.7327606274557,-48.04865871426476
2026-03-17T10:14:36.342,0.2748769134987673,-1.573562715861959e-05,0.15822338756251614,0.15722758299607068,0.15610730285881957,-2328.2019290632707,-2500.009834766974,-2401.1103827734273,-2401.7327606274557,-48.04865871426476
2026-03-17T10:14:36.451,0.2748769134987673,-1.573562715861959e-05,0.15822338756251614,0.15722758299607068,0.15610730285881957,-2328.2019290632707,-2500.009834766974,-2401.1103827734273,-2401.7327606274557,-48.04865871426476
2026-03-17T10:14:36.560,0.27044060415525284,-4.982948600229538e-05,0.17008839897171354,0.17504750571261185,0.16461645287909585,-2330.9746224029673,-2500.0311434287514,-2393.694750642679,-2390.5953089296177,-47.942294339011305
2026-03-17T10:14:36.660,0.27044060415525284,-4.982948600229538e-05,0.17008839897171354,0.17504750571261185,0.16461645287909585,-2330.9746224029673,-2500.0311434287514,-2393.694750642679,-2390.5953089296177,-47.942294339011305
2026-03-17T10:14:36.779,0.27044060415525284,-4.982948600229538e-05,0.17008839897171354,0.17504750571261185,0.16461645287909585,-2330.9746224029673,-2500.0311434287514,-2393.694750642679,-2390.5953089296177,-47.942294339011305
2026-03-17T10:14:36.888,0.27884519469605235,-2.3603440737929386e-05,0.16135519292398703,0.15771552723362894,0.15623675745245746,-2325.7217533149674,-2500.0147521504614,-2399.1530044225083,-2401.427795478982,-48.04704053184428
2026-03-17T10:14:36.997,0.27884519469605235,-2.3603440737929386e-05,0.16135519292398703,0.15771552723362894,0.15623675745245746,-2325.7217533149674,-2500.0147521504614,-2399.1530044225083,-2401.427795478982,-48.04704053184428
2026-03-17T10:14:37.105,0.27884519469605235,-2.3603440737929386e-05,0.16135519292398703,0.15771552723362894,0.15623675745245746,-2325.7217533149674,-2500.0147521504614,-2399.1530044225083,-2401.427795478982,-48.04704053184428
2026-03-17T10:14:37.215,0.27157582136100067,7.867813579309795e-06,0.15427004343372772,0.15637119106892758,0.15407088252043863,-2330.2651116493744,-2499.9950826165127,-2403.5812228539203,-2402.2680055819205,-48.07411396849452
2026-03-17T10:14:37.324,0.27157582136100067,7.867813579309795e-06,0.15427004343372772,0.15637119106892758,0.15407088252043863,-2330.2651116493744,-2499.9950826165127,-2403.5812228539203,-2402.2680055819205,-48.07411396849452
2026-03-17T10:14:37.435,0.27157582136100067,7.867813579309795e-06,0.15427004343372772,0.15637119106892758,0.15407088252043863,-2330.2651116493744,-2499.9950826165127,-2403.5812228539203,-2402.2680055819205,-48.07411396849452
2026-03-17T10:14:37.544,0.27497151493257965,-1.8358231685056193e-05,0.15883580737088004,0.16004570991911127,0.15825326169950948,-2328.1428031671376,-2500.011473894803,-2400.7276203931997,-2399.9714313005557,-48.021834228756134
2026-03-17T10:14:37.653,0.27497151493257965,-1.8358231685056193e-05,0.15883580737088004,0.16004570991911127,0.15825326169950948,-2328.1428031671376,-2500.011473894803,-2400.7276203931997,-2399.9714313005557,-48.021834228756134
2026-03-17T10:14:37.762,0.27497151493257965,-1.8358231685056193e-05,0.15883580737088004,0.16004570991911127,0.15825326169950948,-2328.1428031671376,-2500.011473894803,-2400.7276203931997,-2399.9714313005557,-48.021834228756134
2026-03-17T10:14:37.871,0.2761664804123142,2.6226045264365987e-06,0.15708319133393608,0.16293354316180306,0.15253734348811265,-2327.3959497423034,-2499.998360872171,-2401.82300541629,-2398.1665355238733,-48.09328320639859
2026-03-17T10:14:37.979,0.2761664804123142,2.6226045264365987e-06,0.15708319133393608,0.16293354316180306,0.15253734348811265,-2327.3959497423034,-2499.998360872171,-2401.82300541629,-2398.1665355238733,-48.09328320639859
2026-03-17T10:14:38.085,0.2761664804123142,2.6226045264365987e-06,0.15708319133393608,0.16293354316180306,0.15253734348811265,-2327.3959497423034,-2499.998360872171,-2401.82300541629,-2398.1665355238733,-48.09328320639859
2026-03-17T10:14:38.188,0.2726413322470973,-6.818771768735155e-05,0.15519116265768976,0.1564807295712366,0.15818355537985831,-2329.599167345564,-2500.0426173235546,-2403.005523338944,-2402.199544017977,-48.02270555775177
2026-03-17T10:14:38.308,0.2726413322470973,-6.818771768735155e-05,0.15519116265768976,0.1564807295712366,0.15818355537985831,-2329.599167345564,-2500.0426173235546,-2403.005523338944,-2402.199544017977,-48.02270555775177
2026-03-17T10:14:38.413,0.2726413322470973,-6.818771768735155e-05,0.15519116265768976,0.1564807295712366,0.15818355537985831,-2329.599167345564,-2500.0426173235546,-2403.005523338944,-2402.199544017977,-48.02270555775177
2026-03-17T10:14:38.525,0.272198199215029,-2.8848649790802585e-05,0.1583677792246507,0.1570284220827816,0.15493225347041395,-2329.876125490607,-2500.018030406119,-2401.0201379845935,-2401.8572361982615,-48.063346831619825
2026-03-17T10:14:38.634,0.272198199215029,-2.8848649790802585e-05,0.1583677792246507,0.1570284220827816,0.15493225347041395,-2329.876125490607,-2500.018030406119,-2401.0201379845935,-2401.8572361982615,-48.063346831619825
2026-03-17T10:14:38.747,0.272198199215029,-2.8848649790802585e-05,0.1583677792246507,0.1570284220827816,0.15493225347041395,-2329.876125490607,-2500.018030406119,-2401.0201379845935,-2401.8572361982615,-48.063346831619825
2026-03-17T10:14:38.856,0.2736321577907105,-5.507469505516857e-05,0.1545787428493258,0.1545239735981713,0.1543447287762111,-2328.979901380806,-2500.0344216844096,-2403.388285719171,-2403.422516501143,-48.070690890297364
2026-03-17T10:14:38.966,0.2736321577907105,-5.507469505516857e-05,0.1545787428493258,0.1545239735981713,0.1543447287762111,-2328.979901380806,-2500.0344216844096,-2403.388285719171,-2403.422516501143,-48.070690890297364
2026-03-17T10:14:39.074,0.2736321577907105,-5.507469505516857e-05,0.1545787428493258,0.1545239735981713,0.1543447287762111,-2328.979901380806,-2500.0344216844096,-2403.388285719171,-2403.422516501143,-48.070690890297364
2026-03-17T10:14:39.183,0.2683046033602274,-2.6226045264365987e-06,0.15779021257611237,0.16470607529007594,0.16212196244015004,-2332.309622899858,-2500.001639127829,-2401.3811171399298,-2397.058702943703,-47.97347546949812
2026-03-17T10:14:39.292,0.2683046033602274,-2.6226045264365987e-06,0.15779021257611237,0.16470607529007594,0.16212196244015004,-2332.309622899858,-2500.001639127829,-2401.3811171399298,-2397.058702943703,-47.97347546949812
2026-03-17T10:14:39.401,0.2683046033602274,-2.6226045264365987e-06,0.15779021257611237,0.16470607529007594,0.16212196244015004,-2332.309622899858,-2500.001639127829,-2401.3811171399298,-2397.058702943703,-47.97347546949812
2026-03-17T10:14:39.509,0.2774909004856866,-3.671646337011239e-05,0.1634712776276836,0.17069086073441303,0.15853706600094641,-2326.5681871964457,-2500.0229477896064,-2397.8304514826978,-2393.318212040992,-48.01828667498817
2026-03-17T10:14:39.617,0.2774909004856866,-3.671646337011239e-05,0.1634712776276836,0.17069086073441303,0.15853706600094641,-2326.5681871964457,-2500.0229477896064,-2397.8304514826978,-2393.318212040992,-48.01828667498817
2026-03-17T10:14:39.730,0.2774909004856866,-3.671646337011239e-05,0.1634712776276836,0.17069086073441303,0.15853706600094641,-2326.5681871964457,-2500.0229477896064,-2397.8304514826978,-2393.318212040992,-48.01828667498817
2026-03-17T10:14:39.840,0.2760270677730118,-6.556511316091496e-05,0.16162903917975951,0.16674249562845686,0.15721762495040623,-2327.483082641868,-2500.0409781957255,-2398.9818505126505,-2395.7859402322147,-48.03477968811992
2026-03-17T10:14:39.952,0.2760270677730118,-6.556511316091496e-05,0.16162903917975951,0.16674249562845686,0.15721762495040623,-2327.483082641868,-2500.0409781957255,-2398.9818505126505,-2395.7859402322147,-48.03477968811992
2026-03-17T10:14:40.076,0.2760270677730118,-6.556511316091496e-05,0.16162903917975951,0.16674249562845686,0.15721762495040623,-2327.483082641868,-2500.0409781957255,-2398.9818505126505,-2395.7859402322147,-48.03477968811992
2026-03-17T10:14:40.186,0.2743640741470479,-2.098083621149279e-05,0.15600772240217503,0.15498702272156842,0.15673465973568018,-2328.522453658095,-2500.0131130226323,-2402.4951734986407,-2403.13311079902,-48.040816753304
2026-03-17T10:14:40.295,0.2743640741470479,-2.098083621149279e-05,0.15600772240217503,0.15498702272156842,0.15673465973568018,-2328.522453658095,-2500.0131130226323,-2402.4951734986407,-2403.13311079902,-48.040816753304
2026-03-17T10:14:40.405,0.2743640741470479,-2.098083621149279e-05,0.15600772240217503,0.15498702272156842,0.15673465973568018,-2328.522453658095,-2500.0131130226323,-2402.4951734986407,-2403.13311079902,-48.040816753304
2026-03-17T10:14:40.529,0.2761266482296563,1.0490418105746395e-05,0.15871133180007438,0.16937639870670504,0.16247547306123816,-2327.420844856465,-2499.993443488684,-2400.8054176249534,-2394.139750808309,-47.969056586734524
2026-03-17T10:14:40.637,0.2761266482296563,1.0490418105746395e-05,0.15871133180007438,0.16937639870670504,0.16247547306123816,-2327.420844856465,-2499.993443488684,-2400.8054176249534,-2394.139750808309,-47.969056586734524
2026-03-17T10:14:40.747,0.2761266482296563,1.0490418105746395e-05,0.15871133180007438,0.16937639870670504,0.16247547306123816,-2327.420844856465,-2499.993443488684,-2400.8054176249534,-2394.139750808309,-47.969056586734524
2026-03-17T10:14:40.856,0.28225084631329583,4.720688147585877e-05,0.18158496269132618,0.18953646215439302,0.16253024231239266,-2323.59322105419,-2499.9704956990777,-2386.5093983179213,-2381.5397111535044,-47.968371971095095
2026-03-17T10:14:40.964,0.28225084631329583,4.720688147585877e-05,0.18158496269132618,0.18953646215439302,0.16253024231239266,-2323.59322105419,-2499.9704956990777,-2386.5093983179213,-2381.5397111535044,-47.968371971095095
2026-03-17T10:14:41.074,0.28225084631329583,4.720688147585877e-05,0.18158496269132618,0.18953646215439302,0.16253024231239266,-2323.59322105419,-2499.9704956990777,-2386.5093983179213,-2381.5397111535044,-47.968371971095095
2026-03-17T10:14:41.183,0.2996176779521043,-1.8358231685056193e-05,0.17286171468926412,0.17873198260845996,0.16958551766565857,-2312.738951279935,-2500.011473894803,-2391.96142831921,-2388.2925108697127,-47.88018102917927
2026-03-17T10:14:41.292,0.2996176779521043,-1.8358231685056193e-05,0.17286171468926412,0.17873198260845996,0.16958551766565857,-2312.738951279935,-2500.011473894803,-2391.96142831921,-2388.2925108697127,-47.88018102917927
2026-03-17T10:14:41.399,0.2996176779521043,-1.8358231685056193e-05,0.17286171468926412,0.17873198260845996,0.16958551766565857,-2312.738951279935,-2500.011473894803,-2391.96142831921,-2388.2925108697127,-47.88018102917927
2026-03-17T10:14:41.508,0.29086953483588107,-7.605553126666136e-05,0.1746740790001948,0.1797427242434021,0.1715273365702272,-2318.206540727574,-2500.0475347070415,-2390.8287006248784,-2387.6607973478735,-47.855908292872165
2026-03-17T10:14:41.617,0.29086953483588107,-7.605553126666136e-05,0.1746740790001948,0.1797427242434021,0.1715273365702272,-2318.206540727574,-2500.0475347070415,-2390.8287006248784,-2387.6607973478735,-47.855908292872165
2026-03-17T10:14:41.726,0.29086953483588107,-7.605553126666136e-05,0.1746740790001948,0.1797427242434021,0.1715273365702272,-2318.206540727574,-2500.0475347070415,-2390.8287006248784,-2387.6607973478735,-47.855908292872165
2026-03-17T10:14:41.834,0.29820363546775175,-6.294250863447836e-05,0.17786065361282022,0.1859465866923572,0.17091491676186327,-2313.622727832655,-2500.0393390678964,-2388.8370914919874,-2383.7833833172767,-47.86356354047671
2026-03-17T10:14:41.944,0.29820363546775175,-6.294250863447836e-05,0.17786065361282022,0.1859465866923572,0.17091491676186327,-2313.622727832655,-2500.0393390678964,-2388.8370914919874,-2383.7833833172767,-47.86356354047671
2026-03-17T10:14:42.053,0.29820363546775175,-6.294250863447836e-05,0.17786065361282022,0.1859465866923572,0.17091491676186327,-2313.622727832655,-2500.0393390678964,-2388.8370914919874,-2383.7833833172767,-47.86356354047671
2026-03-17T10:14:42.157,0.28736430276199315,1.573562715861959e-05,0.17199038569362435,0.18205796986038775,0.18161981585115175,-2320.3973107737543,-2499.990165233026,-2392.5060089414847,-2386.2137688372577,-47.7297523018606
2026-03-17T10:14:42.269,0.28736430276199315,1.573562715861959e-05,0.17199038569362435,0.18205796986038775,0.18161981585115175,-2320.3973107737543,-2499.990165233026,-2392.5060089414847,-2386.2137688372577,-47.7297523018606
2026-03-17T10:14:42.379,0.28736430276199315,1.573562715861959e-05,0.17199038569362435,0.18205796986038775,0.18161981585115175,-2320.3973107737543,-2499.990165233026,-2392.5060089414847,-2386.2137688372577,-47.7297523018606
2026-03-17T10:14:42.489,0.2995529506552853,2.3603440737929386e-05,0.1657267749706825,0.17312062387653993,0.16158422797426947,-2312.7794058404465,-2499.9852478495386,-2396.420765643323,-2391.7996100771625,-47.98019715032163
2026-03-17T10:14:42.597,0.2995529506552853,2.3603440737929386e-05,0.1657267749706825,0.17312062387653993,0.16158422797426947,-2312.7794058404465,-2499.9852478495386,-2396.420765643323,-2391.7996100771625,-47.98019715032163
2026-03-17T10:14:42.707,0.2995529506552853,2.3603440737929386e-05,0.1657267749706825,0.17312062387653993,0.16158422797426947,-2312.7794058404465,-2499.9852478495386,-2396.420765643323,-2391.7996100771625,-47.98019715032163
2026-03-17T10:14:42.816,0.28222097217630243,-1.573562715861959e-05,0.1672951671628341,0.16942120991219511,0.15382193137882724,-2323.611892389811,-2500.009834766974,-2395.4405205232288,-2394.111743804878,-48.07722585776466
2026-03-17T10:14:42.925,0.28222097217630243,-1.573562715861959e-05,0.1672951671628341,0.16942120991219511,0.15382193137882724,-2323.611892389811,-2500.009834766974,-2395.4405205232288,-2394.111743804878,-48.07722585776466
2026-03-17T10:14:43.035,0.28222097217630243,-1.573562715861959e-05,0.1672951671628341,0.16942120991219511,0.15382193137882724,-2323.611892389811,-2500.009834766974,-2395.4405205232288,-2394.111743804878,-48.07722585776466
2026-03-17T10:14:43.143,0.2784319358009775,-3.933906789654898e-05,0.16480067672388826,0.1670611530897194,0.15837773727031515,-2325.9800401243892,-2500.0245869174355,-2396.99957704757,-2395.5867793189254,-48.02027828412106
2026-03-17T10:14:43.252,0.2784319358009775,-3.933906789654898e-05,0.16480067672388826,0.1670611530897194,0.15837773727031515,-2325.9800401243892,-2500.0245869174355,-2396.99957704757,-2395.5867793189254,-48.02027828412106
2026-03-17T10:14:43.360,0.2784319358009775,-3.933906789654898e-05,0.16480067672388826,0.1670611530897194,0.15837773727031515,-2325.9800401243892,-2500.0245869174355,-2396.99957704757,-2395.5867793189254,-48.02027828412106
2026-03-17T10:14:43.470,0.27676894217501363,0.0,0.16115105298786572,0.16238585065025804,0.16121080126185244,-2327.0194111406163,-2500.0,-2399.280591882584,-2398.5088433435885,-47.984864984226846
2026-03-17T10:14:43.578,0.27676894217501363,0.0,0.16115105298786572,0.16238585065025804,0.16121080126185244,-2327.0194111406163,-2500.0,-2399.280591882584,-2398.5088433435885,-47.984864984226846
2026-03-17T10:14:43.687,0.27676894217501363,0.0,0.16115105298786572,0.16238585065025804,0.16121080126185244,-2327.0194111406163,-2500.0,-2399.280591882584,-2398.5088433435885,-47.984864984226846
2026-03-17T10:14:43.797,0.270465499269414,-5.245209052873198e-05,0.1626646759288628,0.16019508060407808,0.1577454013706223,-2330.9590629566164,-2500.0327825565805,-2398.334577544461,-2399.878074622451,-48.02818248286722
2026-03-17T10:14:43.909,0.270465499269414,-5.245209052873198e-05,0.1626646759288628,0.16019508060407808,0.1577454013706223,-2330.9590629566164,-2500.0327825565805,-2398.334577544461,-2399.878074622451,-48.02818248286722
2026-03-17T10:14:44.030,0.270465499269414,-5.245209052873198e-05,0.1626646759288628,0.16019508060407808,0.1577454013706223,-2330.9590629566164,-2500.0327825565805,-2398.334577544461,-2399.878074622451,-48.02818248286722
2026-03-17T10:14:44.139,0.27236250696849257,-7.081032221378817e-05,0.1600855421017691,0.15691390455764037,0.15631144279494086,-2329.7734331446923,-2500.0442564513837,-2399.946536186394,-2401.9288096514747,-48.04610696506324
2026-03-17T10:14:44.248,0.27236250696849257,-7.081032221378817e-05,0.1600855421017691,0.15691390455764037,0.15631144279494086,-2329.7734331446923,-2500.0442564513837,-2399.946536186394,-2401.9288096514747,-48.04610696506324
2026-03-17T10:14:44.356,0.27236250696849257,-7.081032221378817e-05,0.1600855421017691,0.15691390455764037,0.15631144279494086,-2329.7734331446923,-2500.0442564513837,-2399.946536186394,-2401.9288096514747,-48.04610696506324
2026-03-17T10:14:44.465,0.27545945917013787,-5.245209052873198e-05,0.15876112202839665,0.16342148739936133,0.15968722027519092,-2327.8378380186637,-2500.0327825565805,-2400.774298732252,-2397.861570375399,-48.00390974656011
2026-03-17T10:14:44.567,0.27545945917013787,-5.245209052873198e-05,0.15876112202839665,0.16342148739936133,0.15968722027519092,-2327.8378380186637,-2500.0327825565805,-2400.774298732252,-2397.861570375399,-48.00390974656011
2026-03-17T10:14:44.678,0.27545945917013787,-5.245209052873198e-05,0.15876112202839665,0.16342148739936133,0.15968722027519092,-2327.8378380186637,-2500.0327825565805,-2400.774298732252,-2397.861570375399,-48.00390974656011
2026-03-17T10:14:44.781,0.2810110696280712,-5.507469505516857e-05,0.17468403704585925,0.17738764644375862,0.1649002571805328,-2324.3680814824556,-2500.0344216844096,-2390.822476846338,-2389.132720972651,-47.93874678524334
2026-03-17T10:14:44.892,0.2810110696280712,-5.507469505516857e-05,0.17468403704585925,0.17738764644375862,0.1649002571805328,-2324.3680814824556,-2500.0344216844096,-2390.822476846338,-2389.132720972651,-47.93874678524334
2026-03-17T10:14:44.999,0.2810110696280712,-5.507469505516857e-05,0.17468403704585925,0.17738764644375862,0.1649002571805328,-2324.3680814824556,-2500.0344216844096,-2390.822476846338,-2389.132720972651,-47.93874678524334
2026-03-17T10:14:45.111,0.29015255554804037,-2.6226045264365987e-06,0.17184101500865753,0.17231900120055132,0.17022781161101588,-2318.654652782475,-2500.001639127829,-2392.599365619589,-2392.3006242496554,-47.8721523548623
2026-03-17T10:14:45.219,0.29015255554804037,-2.6226045264365987e-06,0.17184101500865753,0.17231900120055132,0.17022781161101588,-2318.654652782475,-2500.001639127829,-2392.599365619589,-2392.3006242496554,-47.8721523548623
2026-03-17T10:14:45.332,0.29015255554804037,-2.6226045264365987e-06,0.17184101500865753,0.17231900120055132,0.17022781161101588,-2318.654652782475,-2500.001639127829,-2392.599365619589,-2392.3006242496554,-47.8721523548623
2026-03-17T10:14:45.436,0.29580374646261826,-2.098083621149279e-05,0.1734492393834669,0.17798015016079366,0.16709102722671276,-2315.1226584608635,-2500.0131130226323,-2391.594225385333,-2388.762406149504,-47.91136215966609
2026-03-17T10:14:45.550,0.29580374646261826,-2.098083621149279e-05,0.1734492393834669,0.17798015016079366,0.16709102722671276,-2315.1226584608635,-2500.0131130226323,-2391.594225385333,-2388.762406149504,-47.91136215966609
2026-03-17T10:14:45.661,0.29580374646261826,-2.098083621149279e-05,0.1734492393834669,0.17798015016079366,0.16709102722671276,-2315.1226584608635,-2500.0131130226323,-2391.594225385333,-2388.762406149504,-47.91136215966609
2026-03-17T10:14:45.769,0.2890024012737959,-3.147125431723918e-05,0.17069086073441303,0.1737031695479105,0.17463424681753698,-2319.3734992038776,-2500.019669533948,-2393.318212040992,-2391.435519032556,-47.81707191478079
2026-03-17T10:14:45.878,0.2890024012737959,-3.147125431723918e-05,0.17069086073441303,0.1737031695479105,0.17463424681753698,-2319.3734992038776,-2500.019669533948,-2393.318212040992,-2391.435519032556,-47.81707191478079
2026-03-17T10:14:45.987,0.2890024012737959,-3.147125431723918e-05,0.17069086073441303,0.1737031695479105,0.17463424681753698,-2319.3734992038776,-2500.019669533948,-2393.318212040992,-2391.435519032556,-47.81707191478079
2026-03-17T10:14:46.093,0.2897542337214622,-3.933906789654898e-05,0.1726077845248205,0.17393220459819295,0.16638898500736873,-2318.9036039240864,-2500.0245869174355,-2392.120134671987,-2391.2923721261295,-47.920137687407895
2026-03-17T10:14:46.205,0.2897542337214622,-3.933906789654898e-05,0.1726077845248205,0.17393220459819295,0.16638898500736873,-2318.9036039240864,-2500.0245869174355,-2392.120134671987,-2391.2923721261295,-47.920137687407895
2026-03-17T10:14:46.315,0.2897542337214622,-3.933906789654898e-05,0.1726077845248205,0.17393220459819295,0.16638898500736873,-2318.9036039240864,-2500.0245869174355,-2392.120134671987,-2391.2923721261295,-47.920137687407895
2026-03-17T10:14:46.423,0.290122681411047,-1.573562715861959e-05,0.162450577947077,0.16760386657843218,0.16321734746324001,-2318.6733241180955,-2500.009834766974,-2398.468388783077,-2395.2475833884796,-47.9597831567095
2026-03-17T10:14:46.532,0.290122681411047,-1.573562715861959e-05,0.162450577947077,0.16760386657843218,0.16321734746324001,-2318.6733241180955,-2500.009834766974,-2398.468388783077,-2395.2475833884796,-47.9597831567095
2026-03-17T10:14:46.641,0.290122681411047,-1.573562715861959e-05,0.162450577947077,0.16760386657843218,0.16321734746324001,-2318.6733241180955,-2500.009834766974,-2398.468388783077,-2395.2475833884796,-47.9597831567095
2026-03-17T10:14:46.750,0.284710483592416,-1.3113022632182994e-05,0.17042199350147277,0.17625740826084305,0.16957555961999413,-2322.05594775474,-2500.008195639145,-2393.4862540615795,-2389.839119836973,-47.880305504750076
2026-03-17T10:14:46.859,0.284710483592416,-1.3113022632182994e-05,0.17042199350147277,0.17625740826084305,0.16957555961999413,-2322.05594775474,-2500.008195639145,-2393.4862540615795,-2389.839119836973,-47.880305504750076
2026-03-17T10:14:46.968,0.284710483592416,-1.3113022632182994e-05,0.17042199350147277,0.17625740826084305,0.16957555961999413,-2322.05594775474,-2500.008195639145,-2393.4862540615795,-2389.839119836973,-47.880305504750076
2026-03-17T10:14:47.085,0.2931648643615378,-6.294250863447836e-05,0.1765959818134345,0.17154227363872387,0.16708604820388054,-2316.771959774039,-2500.0393390678964,-2389.6275113666034,-2392.786078975798,-47.91142439745149
2026-03-17T10:14:47.187,0.2931648643615378,-6.294250863447836e-05,0.1765959818134345,0.17154227363872387,0.16708604820388054,-2316.771959774039,-2500.0393390678964,-2389.6275113666034,-2392.786078975798,-47.91142439745149
2026-03-17T10:14:47.297,0.2931648643615378,-6.294250863447836e-05,0.1765959818134345,0.17154227363872387,0.16708604820388054,-2316.771959774039,-2500.0393390678964,-2389.6275113666034,-2392.786078975798,-47.91142439745149
2026-03-17T10:14:47.405,0.29543529877303343,3.147125431723918e-05,0.17274719716412287,0.1678080065145535,0.16076766822978422,-2315.3529382668544,-2499.980330466052,-2392.033001772423,-2395.119995928404,-47.9904041471277
2026-03-17T10:14:47.517,0.29543529877303343,3.147125431723918e-05,0.17274719716412287,0.1678080065145535,0.16076766822978422,-2315.3529382668544,-2499.980330466052,-2392.033001772423,-2395.119995928404,-47.9904041471277
2026-03-17T10:14:47.624,0.29543529877303343,3.147125431723918e-05,0.17274719716412287,0.1678080065145535,0.16076766822978422,-2315.3529382668544,-2499.980330466052,-2392.033001772423,-2395.119995928404,-47.9904041471277
2026-03-17T10:14:47.734,0.29187529744799096,7.867813579309795e-06,0.17005852483472017,0.17182109891732864,0.1690378251541136,-2317.5779390950056,-2499.9950826165127,-2393.7134219782997,-2392.61181317667,-47.88702718557358
2026-03-17T10:14:47.846,0.29187529744799096,7.867813579309795e-06,0.17005852483472017,0.17182109891732864,0.1690378251541136,-2317.5779390950056,-2499.9950826165127,-2393.7134219782997,-2392.61181317667,-47.88702718557358
2026-03-17T10:14:47.954,0.29187529744799096,7.867813579309795e-06,0.17005852483472017,0.17182109891732864,0.1690378251541136,-2317.5779390950056,-2499.9950826165127,-2393.7134219782997,-2392.61181317667,-47.88702718557358
2026-03-17T10:14:48.063,0.2917707379685142,-1.3113022632182994e-05,0.16731010423133075,0.17498775743862513,0.16461147385626362,-2317.6432887696783,-2500.008195639145,-2395.4311848554185,-2390.6326516008594,-47.942356576796705
2026-03-17T10:14:48.171,0.2917707379685142,-1.3113022632182994e-05,0.16731010423133075,0.17498775743862513,0.16461147385626362,-2317.6432887696783,-2500.008195639145,-2395.4311848554185,-2390.6326516008594,-47.942356576796705
2026-03-17T10:14:48.280,0.2917707379685142,-1.3113022632182994e-05,0.16731010423133075,0.17498775743862513,0.16461147385626362,-2317.6432887696783,-2500.008195639145,-2395.4311848554185,-2390.6326516008594,-47.942356576796705
2026-03-17T10:14:48.391,0.2888629886344935,-6.031990410804177e-05,0.1716717282323618,0.1763370726261587,0.16296839632162863,-2319.4606321034416,-2500.0376999400673,-2392.705169854774,-2389.789329608651,-47.96289504597964
2026-03-17T10:14:48.514,0.2888629886344935,-6.031990410804177e-05,0.1716717282323618,0.1763370726261587,0.16296839632162863,-2319.4606321034416,-2500.0376999400673,-2392.705169854774,-2389.789329608651,-47.96289504597964
2026-03-17T10:14:48.623,0.2888629886344935,-6.031990410804177e-05,0.1716717282323618,0.1763370726261587,0.16296839632162863,-2319.4606321034416,-2500.0376999400673,-2392.705169854774,-2389.789329608651,-47.96289504597964
2026-03-17T10:14:48.725,0.2860398826886207,-6.294250863447836e-05,0.16723043986601513,0.1646612640845859,0.15712800253942613,-2321.225073319612,-2500.0393390678964,-2395.4809750837403,-2397.086709947134,-48.035899968257176
2026-03-17T10:14:48.839,0.2860398826886207,-6.294250863447836e-05,0.16723043986601513,0.1646612640845859,0.15712800253942613,-2321.225073319612,-2500.0393390678964,-2395.4809750837403,-2397.086709947134,-48.035899968257176
2026-03-17T10:14:48.947,0.2860398826886207,-6.294250863447836e-05,0.16723043986601513,0.1646612640845859,0.15712800253942613,-2321.225073319612,-2500.0393390678964,-2395.4809750837403,-2397.086709947134,-48.035899968257176
2026-03-17T10:14:49.052,0.2823056155644503,-5.507469505516857e-05,0.1707406509627353,0.17694949243452263,0.16310282993809877,-2323.5589902722186,-2500.0344216844096,-2393.2870931482903,-2389.4065672284232,-47.96121462577376
2026-03-17T10:14:49.163,0.2823056155644503,-5.507469505516857e-05,0.1707406509627353,0.17694949243452263,0.16310282993809877,-2323.5589902722186,-2500.0344216844096,-2393.2870931482903,-2389.4065672284232,-47.96121462577376
2026-03-17T10:14:49.269,0.2823056155644503,-5.507469505516857e-05,0.1707406509627353,0.17694949243452263,0.16310282993809877,-2323.5589902722186,-2500.0344216844096,-2393.2870931482903,-2389.4065672284232,-47.96121462577376
2026-03-17T10:14:49.377,0.29226864025173693,7.867813579309795e-06,0.1664586913270199,0.1769096602518648,0.16097180816590553,-2317.3320998426643,-2499.9950826165127,-2395.9633179206126,-2389.4314623425844,-47.987852397926176
2026-03-17T10:14:49.485,0.29226864025173693,7.867813579309795e-06,0.1664586913270199,0.1769096602518648,0.16097180816590553,-2317.3320998426643,-2499.9950826165127,-2395.9633179206126,-2389.4314623425844,-47.987852397926176
2026-03-17T10:14:49.596,0.29226864025173693,7.867813579309795e-06,0.1664586913270199,0.1769096602518648,0.16097180816590553,-2317.3320998426643,-2499.9950826165127,-2395.9633179206126,-2389.4314623425844,-47.987852397926176
2026-03-17T10:14:49.703,0.2953855085447112,-5.245209052873197e-06,0.1620671931889955,0.16894820274313352,0.15998098262229232,-2315.3840571595556,-2500.003278255658,-2398.7080042568778,-2394.4073732855413,-48.000237717221346
2026-03-17T10:14:49.812,0.2953855085447112,-5.245209052873197e-06,0.1620671931889955,0.16894820274313352,0.15998098262229232,-2315.3840571595556,-2500.003278255658,-2398.7080042568778,-2394.4073732855413,-48.000237717221346
2026-03-17T10:14:49.925,0.2953855085447112,-5.245209052873197e-06,0.1620671931889955,0.16894820274313352,0.15998098262229232,-2315.3840571595556,-2500.003278255658,-2398.7080042568778,-2394.4073732855413,-48.000237717221346
2026-03-17T10:14:50.037,0.2770378094079539,5.245209052873197e-06,0.16809181081599042,0.16950087427751073,0.15629650572644418,-2326.8513691200287,-2499.996721744342,-2394.942618240006,-2394.061953576556,-48.04629367841945
2026-03-17T10:14:50.154,0.2770378094079539,5.245209052873197e-06,0.16809181081599042,0.16950087427751073,0.15629650572644418,-2326.8513691200287,-2499.996721744342,-2394.942618240006,-2394.061953576556,-48.04629367841945
2026-03-17T10:14:50.264,0.2770378094079539,5.245209052873197e-06,0.16809181081599042,0.16950087427751073,0.15629650572644418,-2326.8513691200287,-2499.996721744342,-2394.942618240006,-2394.061953576556,-48.04629367841945
2026-03-17T10:14:50.372,0.265008490245293,-6.294250863447836e-05,0.15421527418257322,0.1642430261666788,0.15524593190884423,-2334.369693596692,-2500.0393390678964,-2403.6154536358918,-2397.3481086458255,-48.05942585113945
2026-03-17T10:14:50.468,0.265008490245293,-6.294250863447836e-05,0.15421527418257322,0.1642430261666788,0.15524593190884423,-2334.369693596692,-2500.0393390678964,-2403.6154536358918,-2397.3481086458255,-48.05942585113945
2026-03-17T10:14:50.589,0.265008490245293,-6.294250863447836e-05,0.15421527418257322,0.1642430261666788,0.15524593190884423,-2334.369693596692,-2500.0393390678964,-2403.6154536358918,-2397.3481086458255,-48.05942585113945
2026-03-17T10:14:50.698,0.27046052024658174,-1.0490418105746395e-05,0.14588038996142486,0.14483977418948937,0.1510087834786189,-2330.9621748458862,-2500.006556511316,-2408.8247562741094,-2409.475141131569,-48.11239020651726
2026-03-17T10:14:50.807,0.27046052024658174,-1.0490418105746395e-05,0.14588038996142486,0.14483977418948937,0.1510087834786189,-2330.9621748458862,-2500.006556511316,-2408.8247562741094,-2409.475141131569,-48.11239020651726
2026-03-17T10:14:50.917,0.27046052024658174,-1.0490418105746395e-05,0.14588038996142486,0.14483977418948937,0.1510087834786189,-2330.9621748458862,-2500.006556511316,-2408.8247562741094,-2409.475141131569,-48.11239020651726
2026-03-17T10:14:51.025,0.26419193050080775,-1.0490418105746395e-05,0.15822338756251614,0.1642579632351755,0.15800928958073035,-2334.880043436995,-2500.006556511316,-2401.1103827734273,-2397.3387729780156,-48.02488388024087
2026-03-17T10:14:51.135,0.26419193050080775,-1.0490418105746395e-05,0.15822338756251614,0.1642579632351755,0.15800928958073035,-2334.880043436995,-2500.006556511316,-2401.1103827734273,-2397.3387729780156,-48.02488388024087
2026-03-17T10:14:51.245,0.26419193050080775,-1.0490418105746395e-05,0.15822338756251614,0.1642579632351755,0.15800928958073035,-2334.880043436995,-2500.006556511316,-2401.1103827734273,-2397.3387729780156,-48.02488388024087
2026-03-17T10:14:51.354,0.25878471170500894,-1.8358231685056193e-05,0.1571230235165939,0.15761096775415218,0.15810389101454264,-2338.259555184369,-2500.011473894803,-2401.798110302129,-2401.493145153655,-48.023701362318214
2026-03-17T10:14:51.463,0.25878471170500894,-1.8358231685056193e-05,0.1571230235165939,0.15761096775415218,0.15810389101454264,-2338.259555184369,-2500.011473894803,-2401.798110302129,-2401.493145153655,-48.023701362318214
2026-03-17T10:14:51.565,0.25878471170500894,-1.8358231685056193e-05,0.1571230235165939,0.15761096775415218,0.15810389101454264,-2338.259555184369,-2500.011473894803,-2401.798110302129,-2401.493145153655,-48.023701362318214
2026-03-17T10:14:51.680,0.26439109141409683,-6.294250863447836e-05,0.16823122345529282,0.16726529302584073,0.16113611591936902,-2334.7555678661893,-2500.0393390678964,-2394.855485340442,-2395.4591918588494,-47.98579855100789
2026-03-17T10:14:51.789,0.26439109141409683,-6.294250863447836e-05,0.16823122345529282,0.16726529302584073,0.16113611591936902,-2334.7555678661893,-2500.0393390678964,-2394.855485340442,-2395.4591918588494,-47.98579855100789
2026-03-17T10:14:51.898,0.26439109141409683,-6.294250863447836e-05,0.16823122345529282,0.16726529302584073,0.16113611591936902,-2334.7555678661893,-2500.0393390678964,-2394.855485340442,-2395.4591918588494,-47.98579855100789
2026-03-17T10:14:52.007,0.2691211631047127,-4.4584276949422175e-05,0.16333684401121346,0.16386462043142955,0.15508162415538077,-2331.7992730595547,-2500.0278651730932,-2397.9144724929915,-2397.5846122303565,-48.06147969805774
2026-03-17T10:14:52.114,0.2691211631047127,-4.4584276949422175e-05,0.16333684401121346,0.16386462043142955,0.15508162415538077,-2331.7992730595547,-2500.0278651730932,-2397.9144724929915,-2397.5846122303565,-48.06147969805774
2026-03-17T10:14:52.224,0.2691211631047127,-4.4584276949422175e-05,0.16333684401121346,0.16386462043142955,0.15508162415538077,-2331.7992730595547,-2500.0278651730932,-2397.9144724929915,-2397.5846122303565,-48.06147969805774
2026-03-17T10:14:52.332,0.2662681830218465,-3.147125431723918e-05,0.16391938968258404,0.16606036950044173,0.16431273248633,-2333.5823856113457,-2500.019669533948,-2397.550381448385,-2396.212269062224,-47.94609084392087
2026-03-17T10:14:52.440,0.2662681830218465,-3.147125431723918e-05,0.16391938968258404,0.16606036950044173,0.16431273248633,-2333.5823856113457,-2500.019669533948,-2397.550381448385,-2396.212269062224,-47.94609084392087
2026-03-17T10:14:52.549,0.2662681830218465,-3.147125431723918e-05,0.16391938968258404,0.16606036950044173,0.16431273248633,-2333.5823856113457,-2500.019669533948,-2397.550381448385,-2396.212269062224,-47.94609084392087
2026-03-17T10:14:52.658,0.26813033756109944,-2.098083621149279e-05,0.16362562733548264,0.16527866291578205,0.1615145216546183,-2332.418539024313,-2500.0131130226323,-2397.7339829153234,-2396.7008356776364,-47.98106847931727
2026-03-17T10:14:52.766,0.26813033756109944,-2.098083621149279e-05,0.16362562733548264,0.16527866291578205,0.1615145216546183,-2332.418539024313,-2500.0131130226323,-2397.7339829153234,-2396.7008356776364,-47.98106847931727
2026-03-17T10:14:52.875,0.26813033756109944,-2.098083621149279e-05,0.16362562733548264,0.16527866291578205,0.1615145216546183,-2332.418539024313,-2500.0131130226323,-2397.7339829153234,-2396.7008356776364,-47.98106847931727
2026-03-17T10:14:52.989,0.27473252183663266,-7.867813579309795e-06,0.1632671376915623,0.16469113822157927,0.16640890109869763,-2328.2921738521045,-2500.0049173834873,-2397.9580389427733,-2397.0680386115127,-47.91988873626628
2026-03-17T10:14:53.107,0.27473252183663266,-7.867813579309795e-06,0.1632671376915623,0.16469113822157927,0.16640890109869763,-2328.2921738521045,-2500.0049173834873,-2397.9580389427733,-2397.0680386115127,-47.91988873626628
2026-03-17T10:14:53.212,0.27473252183663266,-7.867813579309795e-06,0.1632671376915623,0.16469113822157927,0.16640890109869763,-2328.2921738521045,-2500.0049173834873,-2397.9580389427733,-2397.0680386115127,-47.91988873626628
2026-03-17T10:14:53.325,0.2690564358078937,-5.245209052873197e-06,0.15672470169001573,0.15777029648478344,0.15876610105122888,-2331.8397276200662,-2500.003278255658,-2402.04706144374,-2401.3935646970103,-48.01542373685964
2026-03-17T10:14:53.434,0.2690564358078937,-5.245209052873197e-06,0.15672470169001573,0.15777029648478344,0.15876610105122888,-2331.8397276200662,-2500.003278255658,-2402.04706144374,-2401.3935646970103,-48.01542373685964
2026-03-17T10:14:53.543,0.2690564358078937,-5.245209052873197e-06,0.15672470169001573,0.15777029648478344,0.15876610105122888,-2331.8397276200662,-2500.003278255658,-2402.04706144374,-2401.3935646970103,-48.01542373685964
2026-03-17T10:14:53.645,0.2664524068666389,-4.982948600229538e-05,0.15925902431161937,0.1599411504396345,0.16001085675928567,-2333.4672457083507,-2500.0311434287514,-2400.4631098052378,-2400.0367809752283,-47.99986429050893
2026-03-17T10:14:53.761,0.2664524068666389,-4.982948600229538e-05,0.15925902431161937,0.1599411504396345,0.16001085675928567,-2333.4672457083507,-2500.0311434287514,-2400.4631098052378,-2400.0367809752283,-47.99986429050893
2026-03-17T10:14:53.860,0.2664524068666389,-4.982948600229538e-05,0.15925902431161937,0.1599411504396345,0.16001085675928567,-2333.4672457083507,-2500.0311434287514,-2400.4631098052378,-2400.0367809752283,-47.99986429050893
2026-03-17T10:14:53.976,0.2679510927391393,-3.409385884367578e-05,0.15920425506046487,0.16079256334394534,0.16836565707176293,-2332.530567038038,-2500.0213086617773,-2400.4973405872092,-2399.5046479100342,-47.89542928660296
2026-03-17T10:14:54.084,0.2679510927391393,-3.409385884367578e-05,0.15920425506046487,0.16079256334394534,0.16836565707176293,-2332.530567038038,-2500.0213086617773,-2400.4973405872092,-2399.5046479100342,-47.89542928660296
2026-03-17T10:14:54.188,0.2679510927391393,-3.409385884367578e-05,0.15920425506046487,0.16079256334394534,0.16836565707176293,-2332.530567038038,-2500.0213086617773,-2400.4973405872092,-2399.5046479100342,-47.89542928660296
2026-03-17T10:14:54.298,0.2598054113856156,5.245209052873197e-06,0.14956984588010525,0.14909683871104365,0.15196475586240654,-2337.6216178839904,-2499.996721744342,-2406.518846324934,-2406.814475805598,-48.10044055171992
2026-03-17T10:14:54.411,0.2598054113856156,5.245209052873197e-06,0.14956984588010525,0.14909683871104365,0.15196475586240654,-2337.6216178839904,-2499.996721744342,-2406.518846324934,-2406.814475805598,-48.10044055171992
2026-03-17T10:14:54.522,0.2598054113856156,5.245209052873197e-06,0.14956984588010525,0.14909683871104365,0.15196475586240654,-2337.6216178839904,-2499.996721744342,-2406.518846324934,-2406.814475805598,-48.10044055171992
2026-03-17T10:14:54.638,0.2554637034759134,-2.622604526436599e-05,0.1485740413136598,0.15220872798118565,0.1529506023831875,-2340.335185327554,-2500.01639127829,-2407.1412241789626,-2404.869545011759,-48.08811747021016
2026-03-17T10:14:54.747,0.2554637034759134,-2.622604526436599e-05,0.1485740413136598,0.15220872798118565,0.1529506023831875,-2340.335185327554,-2500.01639127829,-2407.1412241789626,-2404.869545011759,-48.08811747021016
2026-03-17T10:14:54.858,0.2554637034759134,-2.622604526436599e-05,0.1485740413136598,0.15220872798118565,0.1529506023831875,-2340.335185327554,-2500.01639127829,-2407.1412241789626,-2404.869545011759,-48.08811747021016
2026-03-17T10:14:54.957,0.2588096068191701,-4.196167242298558e-05,0.1482454258067328,0.1446754664360259,0.1428083328739407,-2338.2439957380184,-2500.0262260452646,-2407.346608870792,-2409.5778334774836,-48.21489583907574
2026-03-17T10:14:55.072,0.2588096068191701,-4.196167242298558e-05,0.1482454258067328,0.1446754664360259,0.1428083328739407,-2338.2439957380184,-2500.0262260452646,-2407.346608870792,-2409.5778334774836,-48.21489583907574
2026-03-17T10:14:55.177,0.2588096068191701,-4.196167242298558e-05,0.1482454258067328,0.1446754664360259,0.1428083328739407,-2338.2439957380184,-2500.0262260452646,-2407.346608870792,-2409.5778334774836,-48.21489583907574
2026-03-17T10:14:55.291,0.2640923500441632,7.867813579309795e-06,0.15180044810894303,0.15738193270386971,0.15060050360637628,-2334.942281222398,-2499.9950826165127,-2405.1247199319105,-2401.6362920600814,-48.11749370492029
2026-03-17T10:14:55.400,0.2640923500441632,7.867813579309795e-06,0.15180044810894303,0.15738193270386971,0.15060050360637628,-2334.942281222398,-2499.9950826165127,-2405.1247199319105,-2401.6362920600814,-48.11749370492029
2026-03-17T10:14:55.500,0.2640923500441632,7.867813579309795e-06,0.15180044810894303,0.15738193270386971,0.15060050360637628,-2334.942281222398,-2499.9950826165127,-2405.1247199319105,-2401.6362920600814,-48.11749370492029
2026-03-17T10:14:55.617,0.2707393455251865,-4.4584276949422175e-05,0.14984369213587773,0.1493308527841583,0.1480462648934437,-2330.7879090467586,-2500.0278651730932,-2406.3476924150764,-2406.668217009901,-48.14942168883196
2026-03-17T10:14:55.726,0.2707393455251865,-4.4584276949422175e-05,0.14984369213587773,0.1493308527841583,0.1480462648934437,-2330.7879090467586,-2500.0278651730932,-2406.3476924150764,-2406.668217009901,-48.14942168883196
2026-03-17T10:14:55.835,0.2707393455251865,-4.4584276949422175e-05,0.14984369213587773,0.1493308527841583,0.1480462648934437,-2330.7879090467586,-2500.0278651730932,-2406.3476924150764,-2406.668217009901,-48.14942168883196
2026-03-17T10:14:55.940,0.2586950892940289,-1.573562715861959e-05,0.1449692287831273,0.15430987561638554,0.14974909070206543,-2338.315569191232,-2500.009834766974,-2409.3942320105457,-2403.556327739759,-48.12813636622418
2026-03-17T10:14:56.052,0.2586950892940289,-1.573562715861959e-05,0.1449692287831273,0.15430987561638554,0.14974909070206543,-2338.315569191232,-2500.009834766974,-2409.3942320105457,-2403.556327739759,-48.12813636622418
2026-03-17T10:14:56.162,0.2586950892940289,-1.573562715861959e-05,0.1449692287831273,0.15430987561638554,0.14974909070206543,-2338.315569191232,-2500.009834766974,-2409.3942320105457,-2403.556327739759,-48.12813636622418
2026-03-17T10:14:56.270,0.2685286593876776,-2.098083621149279e-05,0.14521817992473865,0.146014823577895,0.14466550839036146,-2332.1695878827013,-2500.0131130226323,-2409.2386375470383,-2408.7407352638156,-48.19168114512048
2026-03-17T10:14:56.379,0.2685286593876776,-2.098083621149279e-05,0.14521817992473865,0.146014823577895,0.14466550839036146,-2332.1695878827013,-2500.0131130226323,-2409.2386375470383,-2408.7407352638156,-48.19168114512048
2026-03-17T10:14:56.488,0.2685286593876776,-2.098083621149279e-05,0.14521817992473865,0.146014823577895,0.14466550839036146,-2332.1695878827013,-2500.0131130226323,-2409.2386375470383,-2408.7407352638156,-48.19168114512048
2026-03-17T10:14:56.603,0.2703858349040984,-5.245209052873198e-05,0.15233320355199134,0.1523282245291591,0.16917225877058376,-2331.0088531849383,-2500.0327825565805,-2404.7917477800056,-2404.7948596692754,-47.8853467653677
2026-03-17T10:14:56.712,0.2703858349040984,-5.245209052873198e-05,0.15233320355199134,0.1523282245291591,0.16917225877058376,-2331.0088531849383,-2500.0327825565805,-2404.7917477800056,-2404.7948596692754,-47.8853467653677
2026-03-17T10:14:56.820,0.2703858349040984,-5.245209052873198e-05,0.15233320355199134,0.1523282245291591,0.16917225877058376,-2331.0088531849383,-2500.0327825565805,-2404.7917477800056,-2404.7948596692754,-47.8853467653677
2026-03-17T10:14:56.929,0.26782661716833356,-2.098083621149279e-05,0.1478271878888257,0.15320951157046334,0.1826355365089261,-2332.6083642697913,-2500.0131130226323,-2407.608007569484,-2404.2440552684607,-47.71705579363842
2026-03-17T10:14:57.038,0.26782661716833356,-2.098083621149279e-05,0.1478271878888257,0.15320951157046334,0.1826355365089261,-2332.6083642697913,-2500.0131130226323,-2407.608007569484,-2404.2440552684607,-47.71705579363842
2026-03-17T10:14:57.146,0.26782661716833356,-2.098083621149279e-05,0.1478271878888257,0.15320951157046334,0.1826355365089261,-2332.6083642697913,-2500.0131130226323,-2407.608007569484,-2404.2440552684607,-47.71705579363842
2026-03-17T10:14:57.255,0.2709185903471467,-6.818771768735155e-05,0.1512477765745658,0.1554948830504556,0.2008288859378843,-2330.6758810330334,-2500.0426173235546,-2405.4701396408964,-2402.8156980934655,-47.48963892577645
2026-03-17T10:14:57.363,0.2709185903471467,-6.818771768735155e-05,0.1512477765745658,0.1554948830504556,0.2008288859378843,-2330.6758810330334,-2500.0426173235546,-2405.4701396408964,-2402.8156980934655,-47.48963892577645
2026-03-17T10:14:57.473,0.2709185903471467,-6.818771768735155e-05,0.1512477765745658,0.1554948830504556,0.2008288859378843,-2330.6758810330334,-2500.0426173235546,-2405.4701396408964,-2402.8156980934655,-47.48963892577645
2026-03-17T10:14:57.583,0.26638270054698765,-3.147125431723918e-05,0.16015026939858804,0.15023205591679145,0.22512153833632084,-2333.510812158133,-2500.019669533948,-2399.9060816258825,-2406.1049650520054,-47.185980770795986
2026-03-17T10:14:57.693,0.26638270054698765,-3.147125431723918e-05,0.16015026939858804,0.15023205591679145,0.22512153833632084,-2333.510812158133,-2500.019669533948,-2399.9060816258825,-2406.1049650520054,-47.185980770795986
2026-03-17T10:14:57.803,0.26638270054698765,-3.147125431723918e-05,0.16015026939858804,0.15023205591679145,0.22512153833632084,-2333.510812158133,-2500.019669533948,-2399.9060816258825,-2406.1049650520054,-47.185980770795986
2026-03-17T10:14:57.912,0.2651877350672532,-5.245209052873197e-06,0.1463982083359765,0.15114321709508904,0.21963465517520644,-2334.2576655829666,-2500.003278255658,-2408.501119790015,-2405.5354893155695,-47.25456681030992
2026-03-17T10:14:58.019,0.2651877350672532,-5.245209052873197e-06,0.1463982083359765,0.15114321709508904,0.21963465517520644,-2334.2576655829666,-2500.003278255658,-2408.501119790015,-2405.5354893155695,-47.25456681030992
2026-03-17T10:14:58.128,0.2651877350672532,-5.245209052873197e-06,0.1463982083359765,0.15114321709508904,0.21963465517520644,-2334.2576655829666,-2500.003278255658,-2408.501119790015,-2405.5354893155695,-47.25456681030992
2026-03-17T10:14:58.237,0.26706980569783506,-2.8848649790802585e-05,0.14898232118590243,0.15327423886728228,0.222627047897375,-2333.0813714388532,-2500.018030406119,-2406.886049258811,-2404.2036007079487,-47.217161901282815
2026-03-17T10:14:58.346,0.26706980569783506,-2.8848649790802585e-05,0.14898232118590243,0.15327423886728228,0.222627047897375,-2333.0813714388532,-2500.018030406119,-2406.886049258811,-2404.2036007079487,-47.217161901282815
2026-03-17T10:14:58.454,0.26706980569783506,-2.8848649790802585e-05,0.14898232118590243,0.15327423886728228,0.222627047897375,-2333.0813714388532,-2500.018030406119,-2406.886049258811,-2404.2036007079487,-47.217161901282815
2026-03-17T10:14:58.563,0.2690564358078937,-2.622604526436599e-05,0.14985862920437443,0.15078970647400092,0.23605049345305953,-2331.8397276200662,-2500.01639127829,-2406.338356747266,-2405.7564334537497,-47.04936883183676
2026-03-17T10:14:58.672,0.2690564358078937,-2.622604526436599e-05,0.14985862920437443,0.15078970647400092,0.23605049345305953,-2331.8397276200662,-2500.01639127829,-2406.338356747266,-2405.7564334537497,-47.04936883183676
2026-03-17T10:14:58.784,0.2690564358078937,-2.622604526436599e-05,0.14985862920437443,0.15078970647400092,0.23605049345305953,-2331.8397276200662,-2500.01639127829,-2406.338356747266,-2405.7564334537497,-47.04936883183676
2026-03-17T10:14:58.896,0.2633405175964969,1.3113022632182994e-05,0.14723468417179067,0.15125275559739804,0.23871427066830112,-2335.4121765021896,-2499.991804360855,-2407.9783223926306,-2405.467027751626,-47.01607161664624
2026-03-17T10:14:59.004,0.2633405175964969,1.3113022632182994e-05,0.14723468417179067,0.15125275559739804,0.23871427066830112,-2335.4121765021896,-2499.991804360855,-2407.9783223926306,-2405.467027751626,-47.01607161664624
2026-03-17T10:14:59.113,0.2633405175964969,1.3113022632182994e-05,0.14723468417179067,0.15125275559739804,0.23871427066830112,-2335.4121765021896,-2499.991804360855,-2407.9783223926306,-2405.467027751626,-47.01607161664624
2026-03-17T10:14:59.226,0.2716007164751618,-2.6226045264365987e-06,0.1517606159262852,0.14817074046424938,0.24372316763752166,-2330.249552203024,-2500.001639127829,-2405.1496150460716,-2407.393287209844,-46.95346040453098
2026-03-17T10:14:59.337,0.2716007164751618,-2.6226045264365987e-06,0.1517606159262852,0.14817074046424938,0.24372316763752166,-2330.249552203024,-2500.001639127829,-2405.1496150460716,-2407.393287209844,-46.95346040453098
2026-03-17T10:14:59.446,0.2716007164751618,-2.6226045264365987e-06,0.1517606159262852,0.14817074046424938,0.24372316763752166,-2330.249552203024,-2500.001639127829,-2405.1496150460716,-2407.393287209844,-46.95346040453098
2026-03-17T10:14:59.556,0.26859338668449656,-1.573562715861959e-05,0.14589532702992156,0.14934081082982278,0.24595376986635945,-2332.12913332219,-2500.009834766974,-2408.815420606299,-2406.6619932313606,-46.9255778766705
2026-03-17T10:14:59.669,0.26859338668449656,-1.573562715861959e-05,0.14589532702992156,0.14934081082982278,0.24595376986635945,-2332.12913332219,-2500.009834766974,-2408.815420606299,-2406.6619932313606,-46.9255778766705
2026-03-17T10:14:59.778,0.26859338668449656,-1.573562715861959e-05,0.14589532702992156,0.14934081082982278,0.24595376986635945,-2332.12913332219,-2500.009834766974,-2408.815420606299,-2406.6619932313606,-46.9255778766705
2026-03-17T10:14:59.887,0.260363061942825,-5.245209052873198e-05,0.1463982083359765,0.14981381799888435,0.24053659302489627,-2337.2730862857343,-2500.0327825565805,-2408.501119790015,-2406.3663637506975,-46.9932925871888
2026-03-17T10:14:59.994,0.260363061942825,-5.245209052873198e-05,0.1463982083359765,0.14981381799888435,0.24053659302489627,-2337.2730862857343,-2500.0327825565805,-2408.501119790015,-2406.3663637506975,-46.9932925871888
2026-03-17T10:15:00.107,0.260363061942825,-5.245209052873198e-05,0.1463982083359765,0.14981381799888435,0.24053659302489627,-2337.2730862857343,-2500.0327825565805,-2408.501119790015,-2406.3663637506975,-46.9932925871888
2026-03-17T10:15:00.216,0.26020871223502595,-2.8848649790802585e-05,0.14803132782494702,0.15002791598067014,0.23827611665906512,-2337.3695548531086,-2500.018030406119,-2407.480420109408,-2406.2325525120814,-47.02154854176169
2026-03-17T10:15:00.330,0.26020871223502595,-2.8848649790802585e-05,0.14803132782494702,0.15002791598067014,0.23827611665906512,-2337.3695548531086,-2500.018030406119,-2407.480420109408,-2406.2325525120814,-47.02154854176169
2026-03-17T10:15:00.439,0.26020871223502595,-2.8848649790802585e-05,0.14803132782494702,0.15002791598067014,0.23827611665906512,-2337.3695548531086,-2500.018030406119,-2407.480420109408,-2406.2325525120814,-47.02154854176169
2026-03-17T10:15:00.548,0.25920294962291607,-4.982948600229538e-05,0.15052083924106063,0.15119798634624354,0.2380570396544471,-2337.9981564856776,-2500.0311434287514,-2405.9244754743368,-2405.5012585335976,-47.02428700431941
2026-03-17T10:15:00.657,0.25920294962291607,-4.982948600229538e-05,0.15052083924106063,0.15119798634624354,0.2380570396544471,-2337.9981564856776,-2500.0311434287514,-2405.9244754743368,-2405.5012585335976,-47.02428700431941
2026-03-17T10:15:00.765,0.25920294962291607,-4.982948600229538e-05,0.15052083924106063,0.15119798634624354,0.2380570396544471,-2337.9981564856776,-2500.0311434287514,-2405.9244754743368,-2405.5012585335976,-47.02428700431941
2026-03-17T10:15:00.877,0.2610800412306657,-4.982948600229538e-05,0.15200956706789656,0.15045113292140946,0.23711102531632397,-2336.824974230834,-2500.0311434287514,-2404.9940205825646,-2405.968041924119,-47.03611218354595
2026-03-17T10:15:00.989,0.2610800412306657,-4.982948600229538e-05,0.15200956706789656,0.15045113292140946,0.23711102531632397,-2336.824974230834,-2500.0311434287514,-2404.9940205825646,-2405.968041924119,-47.03611218354595
2026-03-17T10:15:01.101,0.2610800412306657,-4.982948600229538e-05,0.15200956706789656,0.15045113292140946,0.23711102531632397,-2336.824974230834,-2500.0311434287514,-2404.9940205825646,-2405.968041924119,-47.03611218354595
2026-03-17T10:15:01.205,0.2613787826005993,-8.654594937240776e-05,0.15033163637343602,0.1519946299993999,0.24051169791073515,-2336.6382608746258,-2500.054091218358,-2406.0427272666025,-2405.003356250375,-46.99360377611581
2026-03-17T10:15:01.316,0.2613787826005993,-8.654594937240776e-05,0.15033163637343602,0.1519946299993999,0.24051169791073515,-2336.6382608746258,-2500.054091218358,-2406.0427272666025,-2405.003356250375,-46.99360377611581
2026-03-17T10:15:01.420,0.2613787826005993,-8.654594937240776e-05,0.15033163637343602,0.1519946299993999,0.24051169791073515,-2336.6382608746258,-2500.054091218358,-2406.0427272666025,-2405.003356250375,-46.99360377611581
2026-03-17T10:15:01.533,0.2665470083004512,-4.982948600229538e-05,0.15368749776235713,0.1527265463557373,0.22833798708593964,-2333.408119812218,-2500.0311434287514,-2403.945313898527,-2404.545908527664,-47.14577516142576
2026-03-17T10:15:01.648,0.2665470083004512,-4.982948600229538e-05,0.15368749776235713,0.1527265463557373,0.22833798708593964,-2333.408119812218,-2500.0311434287514,-2403.945313898527,-2404.545908527664,-47.14577516142576
2026-03-17T10:15:01.756,0.2665470083004512,-4.982948600229538e-05,0.15368749776235713,0.1527265463557373,0.22833798708593964,-2333.408119812218,-2500.0311434287514,-2403.945313898527,-2404.545908527664,-47.14577516142576
2026-03-17T10:15:01.862,0.25980043236278333,-6.031990410804177e-05,0.1546882813516348,0.15434970779904336,0.23226145707773466,-2337.6247297732607,-2500.0376999400673,-2403.319824155228,-2403.531432625598,-47.096731786528316
2026-03-17T10:15:01.973,0.25980043236278333,-6.031990410804177e-05,0.1546882813516348,0.15434970779904336,0.23226145707773466,-2337.6247297732607,-2500.0376999400673,-2403.319824155228,-2403.531432625598,-47.096731786528316
2026-03-17T10:15:02.082,0.25980043236278333,-6.031990410804177e-05,0.1546882813516348,0.15434970779904336,0.23226145707773466,-2337.6247297732607,-2500.0376999400673,-2403.319824155228,-2403.531432625598,-47.096731786528316
2026-03-17T10:15:02.188,0.2730247170051788,-6.818771768735155e-05,0.15968722027519092,0.16048884295117952,0.24348417454157478,-2329.3595518717634,-2500.0426173235546,-2400.1954873280056,-2399.6944731555127,-46.956447818230316
2026-03-17T10:15:02.300,0.2730247170051788,-6.818771768735155e-05,0.15968722027519092,0.16048884295117952,0.24348417454157478,-2329.3595518717634,-2500.0426173235546,-2400.1954873280056,-2399.6944731555127,-46.956447818230316
2026-03-17T10:15:02.409,0.2730247170051788,-6.818771768735155e-05,0.15968722027519092,0.16048884295117952,0.24348417454157478,-2329.3595518717634,-2500.0426173235546,-2400.1954873280056,-2399.6944731555127,-46.956447818230316
2026-03-17T10:15:02.518,0.2622401535505747,-7.605553126666136e-05,0.1567197226671835,0.16005566796477574,0.22888070057465237,-2336.0999040308907,-2500.0475347070415,-2402.05017333301,-2399.965207522015,-47.13899124281685
2026-03-17T10:15:02.627,0.2622401535505747,-7.605553126666136e-05,0.1567197226671835,0.16005566796477574,0.22888070057465237,-2336.0999040308907,-2500.0475347070415,-2402.05017333301,-2399.965207522015,-47.13899124281685
2026-03-17T10:15:02.736,0.2622401535505747,-7.605553126666136e-05,0.1567197226671835,0.16005566796477574,0.22888070057465237,-2336.0999040308907,-2500.0475347070415,-2402.05017333301,-2399.965207522015,-47.13899124281685
2026-03-17T10:15:02.845,0.2676224772322123,-1.8358231685056193e-05,0.15806405883188485,0.16007558405610464,0.2289553859171358,-2332.7359517298673,-2500.011473894803,-2401.209963230072,-2399.9527599649346,-47.13805767603581
2026-03-17T10:15:02.955,0.2676224772322123,-1.8358231685056193e-05,0.15806405883188485,0.16007558405610464,0.2289553859171358,-2332.7359517298673,-2500.011473894803,-2401.209963230072,-2399.9527599649346,-47.13805767603581
2026-03-17T10:15:03.064,0.2676224772322123,-1.8358231685056193e-05,0.15806405883188485,0.16007558405610464,0.2289553859171358,-2332.7359517298673,-2500.011473894803,-2401.209963230072,-2399.9527599649346,-47.13805767603581
2026-03-17T10:15:03.174,0.2691759323558672,-6.818771768735155e-05,0.1584922547954564,0.15594797412818828,0.21685138141199145,-2331.765042277583,-2500.0426173235546,-2400.9423407528398,-2402.5325161698825,-47.289357732350105
2026-03-17T10:15:03.281,0.2691759323558672,-6.818771768735155e-05,0.1584922547954564,0.15594797412818828,0.21685138141199145,-2331.765042277583,-2500.0426173235546,-2400.9423407528398,-2402.5325161698825,-47.289357732350105
2026-03-17T10:15:03.390,0.2691759323558672,-6.818771768735155e-05,0.1584922547954564,0.15594797412818828,0.21685138141199145,-2331.765042277583,-2500.0426173235546,-2400.9423407528398,-2402.5325161698825,-47.289357732350105
2026-03-17T10:15:03.509,0.2761166901839919,-4.982948600229538e-05,0.16433762760049114,0.1646612640845859,0.20670911190274463,-2327.427068635005,-2500.0311434287514,-2397.288982749693,-2397.086709947134,-47.41613610121569
2026-03-17T10:15:03.613,0.2761166901839919,-4.982948600229538e-05,0.16433762760049114,0.1646612640845859,0.20670911190274463,-2327.427068635005,-2500.0311434287514,-2397.288982749693,-2397.086709947134,-47.41613610121569
2026-03-17T10:15:03.730,0.2761166901839919,-4.982948600229538e-05,0.16433762760049114,0.1646612640845859,0.20670911190274463,-2327.427068635005,-2500.0311434287514,-2397.288982749693,-2397.086709947134,-47.41613610121569
