timestamp_iso,P1_mA,P2_mA,P3_mA,P4_mA,DP_mA,P1_eng,P2_eng,P3_eng,P4_eng,DP_eng
2026-04-14T11:45:44.157,4.003266811565567,4.0054697993677735,4.003526449413684,4.00414013887287,5.027015633307043,2.041757228479213,3.4186246048584223,2.204030883552477,2.587586795543828,12.837695416338036
2026-04-14T11:45:44.253,4.003266811565567,4.0054697993677735,4.003526449413684,4.00414013887287,5.027015633307043,2.041757228479213,3.4186246048584223,2.204030883552477,2.587586795543828,12.837695416338036
2026-04-14T11:45:44.377,4.003266811565567,4.0054697993677735,4.003526449413684,4.00414013887287,5.027015633307043,2.041757228479213,3.4186246048584223,2.204030883552477,2.587586795543828,12.837695416338036
2026-04-14T11:45:44.473,4.003673315267164,4.004890203767431,4.00327205677462,4.003251075938408,0.0037940153981571305,2.2958220419777575,3.0563773546443684,2.0450354841372587,2.0319224615050757,-49.952574807523035
2026-04-14T11:45:44.597,4.003673315267164,4.004890203767431,4.00327205677462,4.003251075938408,0.0037940153981571305,2.2958220419777575,3.0563773546443684,2.0450354841372587,2.0319224615050757,-49.952574807523035
2026-04-14T11:45:44.692,4.003673315267164,4.004890203767431,4.00327205677462,4.003251075938408,0.0037940153981571305,2.2958220419777575,3.0563773546443684,2.0450354841372587,2.0319224615050757,-49.952574807523035
2026-04-14T11:45:44.816,4.003334999283254,4.005357027373137,4.003678560476217,4.003696918707902,-0.009475080449728371,2.0843745520338075,3.348142108210439,2.2991002976358033,2.3105741924389633,-50.11843850562161
2026-04-14T11:45:44.910,4.003334999283254,4.005357027373137,4.003678560476217,4.003696918707902,-0.009475080449728371,2.0843745520338075,3.348142108210439,2.2991002976358033,2.3105741924389633,-50.11843850562161
2026-04-14T11:45:45.033,4.003334999283254,4.005357027373137,4.003678560476217,4.003696918707902,-0.009475080449728371,2.0843745520338075,3.348142108210439,2.2991002976358033,2.3105741924389633,-50.11843850562161
2026-04-14T11:45:45.127,4.003306150633463,4.005262613610185,4.0038542749794885,4.003791332470854,-0.0016181824204738416,2.066344145914556,3.2891335063656157,2.4089218621803354,2.3695827942837866,-50.020227280255924
2026-04-14T11:45:45.251,4.003306150633463,4.005262613610185,4.0038542749794885,4.003791332470854,-0.0016181824204738416,2.066344145914556,3.2891335063656157,2.4089218621803354,2.3695827942837866,-50.020227280255924
2026-04-14T11:45:45.346,4.003306150633463,4.005262613610185,4.0038542749794885,4.003791332470854,-0.0016181824204738416,2.066344145914556,3.2891335063656157,2.4089218621803354,2.3695827942837866,-50.020227280255924
2026-04-14T11:45:45.455,4.0037336351712725,4.005246877983026,4.00338220616473,4.004155874500029,0.0020015671785553364,2.3335219820452835,3.2792987393914785,2.113878852956219,2.5974215625179653,-49.97498041026806
2026-04-14T11:45:45.580,4.0037336351712725,4.005246877983026,4.00338220616473,4.004155874500029,0.0020015671785553364,2.3335219820452835,3.2792987393914785,2.113878852956219,2.5974215625179653,-49.97498041026806
2026-04-14T11:45:45.674,4.0037336351712725,4.005246877983026,4.00338220616473,4.004155874500029,0.0020015671785553364,2.3335219820452835,3.2792987393914785,2.113878852956219,2.5974215625179653,-49.97498041026806
2026-04-14T11:45:45.784,4.003387451373783,4.005262613610185,4.003602504944951,4.003746748193905,0.0019268818360719281,2.117157108614265,3.2891335063656157,2.25156559059414,2.341717621190398,-49.9759139770491
2026-04-14T11:45:45.907,4.003387451373783,4.005262613610185,4.003602504944951,4.003746748193905,0.0019268818360719281,2.117157108614265,3.2891335063656157,2.25156559059414,2.341717621190398,-49.9759139770491
2026-04-14T11:45:46.001,4.003387451373783,4.005262613610185,4.003602504944951,4.003746748193905,0.0019268818360719281,2.117157108614265,3.2891335063656157,2.25156559059414,2.341717621190398,-49.9759139770491
2026-04-14T11:45:46.110,4.0037336351712725,4.005514383644723,4.003366470537571,4.003964424369599,0.0023949099823012856,2.3335219820452835,3.446489777951811,2.104044085982082,2.477765230999296,-49.970063625221236
2026-04-14T11:45:46.234,4.0037336351712725,4.005514383644723,4.003366470537571,4.003964424369599,0.0023949099823012856,2.3335219820452835,3.446489777951811,2.104044085982082,2.477765230999296,-49.970063625221236
2026-04-14T11:45:46.329,4.0037336351712725,4.005514383644723,4.003366470537571,4.003964424369599,0.0023949099823012856,2.3335219820452835,3.446489777951811,2.104044085982082,2.477765230999296,-49.970063625221236
2026-04-14T11:45:46.437,4.003122568316613,4.005637646057465,4.003953933951494,4.004137516268344,-0.007667695161629896,1.9516051978829552,3.523528785915886,2.4712087196837595,2.585947667714805,-50.09584618952038
2026-04-14T11:45:46.562,4.003122568316613,4.005637646057465,4.003953933951494,4.004137516268344,-0.007667695161629896,1.9516051978829552,3.523528785915886,2.4712087196837595,2.585947667714805,-50.09584618952038
2026-04-14T11:45:46.656,4.003122568316613,4.005637646057465,4.003953933951494,4.004137516268344,-0.007667695161629896,1.9516051978829552,3.523528785915886,2.4712087196837595,2.585947667714805,-50.09584618952038
2026-04-14T11:45:46.766,4.00299930590387,4.005236387564921,4.0037519934029575,4.003644466617374,-0.0026289240554159643,1.8745661899188804,3.272742228075387,2.3449958768484436,2.277791635858506,-50.0328615506927
2026-04-14T11:45:46.874,4.00299930590387,4.005236387564921,4.0037519934029575,4.003644466617374,-0.0026289240554159643,1.8745661899188804,3.272742228075387,2.3449958768484436,2.277791635858506,-50.0328615506927
2026-04-14T11:45:47.000,4.00299930590387,4.005236387564921,4.0037519934029575,4.003644466617374,-0.0026289240554159643,1.8745661899188804,3.272742228075387,2.3449958768484436,2.277791635858506,-50.0328615506927
2026-04-14T11:45:47.094,4.003856897584015,4.004968881903224,4.0034399034643116,4.003605127549477,0.006592226229868819,2.4105609900093583,3.1055511895150545,2.1499396651947222,2.253204718423163,-49.91759717212664
2026-04-14T11:45:47.201,4.003856897584015,4.004968881903224,4.0034399034643116,4.003605127549477,0.006592226229868819,2.4105609900093583,3.1055511895150545,2.1499396651947222,2.253204718423163,-49.91759717212664
2026-04-14T11:45:47.324,4.003856897584015,4.004968881903224,4.0034399034643116,4.003605127549477,0.006592226229868819,2.4105609900093583,3.1055511895150545,2.1499396651947222,2.253204718423163,-49.91759717212664
2026-04-14T11:45:47.433,4.0032773019836725,4.005081653897861,4.003515958995578,4.004077196364236,-0.001259692776553483,2.0483137397953044,3.176033686163038,2.1974743722363854,2.5482477276472792,-50.01574615970692
2026-04-14T11:45:47.529,4.0032773019836725,4.005081653897861,4.003515958995578,4.004077196364236,-0.001259692776553483,2.0483137397953044,3.176033686163038,2.1974743722363854,2.5482477276472792,-50.01574615970692
2026-04-14T11:45:47.638,4.0032773019836725,4.005081653897861,4.003515958995578,4.004077196364236,-0.001259692776553483,2.0483137397953044,3.176033686163038,2.1974743722363854,2.5482477276472792,-50.01574615970692
2026-04-14T11:45:47.748,4.004058838132551,4.005149841615548,4.00352907201821,4.003460884300523,0.010585402541315037,2.536773832844119,3.2186510097176324,2.2056700113814998,2.163052687826905,-49.86768246823356
2026-04-14T11:45:47.872,4.004058838132551,4.005149841615548,4.00352907201821,4.003460884300523,0.010585402541315037,2.536773832844119,3.2186510097176324,2.2056700113814998,2.163052687826905,-49.86768246823356
2026-04-14T11:45:47.966,4.004058838132551,4.005149841615548,4.00352907201821,4.003460884300523,0.010585402541315037,2.536773832844119,3.2186510097176324,2.2056700113814998,2.163052687826905,-49.86768246823356
2026-04-14T11:45:48.090,4.003355980119466,4.004916429812695,4.003479242532208,4.00368380568527,0.00908671666881465,2.0974875746659905,3.072768632934597,2.1745265826300653,2.302378553293849,-49.88641604163982
2026-04-14T11:45:48.184,4.003355980119466,4.004916429812695,4.003479242532208,4.00368380568527,0.00908671666881465,2.0974875746659905,3.072768632934597,2.1745265826300653,2.302378553293849,-49.88641604163982
2026-04-14T11:45:48.309,4.003355980119466,4.004916429812695,4.003479242532208,4.00368380568527,0.00908671666881465,2.0974875746659905,3.072768632934597,2.1745265826300653,2.302378553293849,-49.88641604163982
2026-04-14T11:45:48.431,4.0034189226281,4.0055301192718815,4.00375723861201,4.003408432209994,-0.0005078603288871749,2.1368266425625393,3.4563245449259483,2.3482741325064893,2.130270131246448,-50.00634825411109
2026-04-14T11:45:48.524,4.0034189226281,4.0055301192718815,4.00375723861201,4.003408432209994,-0.0005078603288871749,2.1368266425625393,3.4563245449259483,2.3482741325064893,2.130270131246448,-50.00634825411109
2026-04-14T11:45:48.635,4.0034189226281,4.0055301192718815,4.00375723861201,4.003408432209994,-0.0005078603288871749,2.1368266425625393,3.4563245449259483,2.3482741325064893,2.130270131246448,-50.00634825411109
2026-04-14T11:45:48.746,4.003085851853243,4.005349159559557,4.003712654335061,4.003817558516118,0.012422661966406876,1.928657408276635,3.3432247247233704,2.3204089594131005,2.3859740725740153,-49.844716725419914
2026-04-14T11:45:48.855,4.003085851853243,4.005349159559557,4.003712654335061,4.003817558516118,0.012422661966406876,1.928657408276635,3.3432247247233704,2.3204089594131005,2.3859740725740153,-49.844716725419914
2026-04-14T11:45:48.963,4.003085851853243,4.005349159559557,4.003712654335061,4.003817558516118,0.012422661966406876,1.928657408276635,3.3432247247233704,2.3204089594131005,2.3859740725740153,-49.844716725419914
2026-04-14T11:45:49.060,4.00308060664419,4.004940033253433,4.003862142793068,4.003888368838332,0.015275642049273064,1.9253791526185893,3.087520783395803,2.413839245667404,2.4302305239576327,-49.809054474384084
2026-04-14T11:45:49.177,4.00308060664419,4.004940033253433,4.003862142793068,4.003888368838332,0.015275642049273064,1.9253791526185893,3.087520783395803,2.413839245667404,2.4302305239576327,-49.809054474384084
2026-04-14T11:45:49.290,4.00308060664419,4.004940033253433,4.003862142793068,4.003888368838332,0.015275642049273064,1.9253791526185893,3.087520783395803,2.413839245667404,2.4302305239576327,-49.809054474384084
2026-04-14T11:45:49.393,4.002954721626921,4.005168199847233,4.003867388002121,4.003723144753167,0.009918213481796593,1.8467010168254916,3.2301249045207925,2.41711750132545,2.326965470729192,-49.87602233147754
2026-04-14T11:45:49.508,4.002954721626921,4.005168199847233,4.003867388002121,4.003723144753167,0.009918213481796593,1.8467010168254916,3.2301249045207925,2.41711750132545,2.326965470729192,-49.87602233147754
2026-04-14T11:45:49.632,4.002954721626921,4.005168199847233,4.003867388002121,4.003723144753167,0.009918213481796593,1.8467010168254916,3.2301249045207925,2.41711750132545,2.326965470729192,-49.87602233147754
2026-04-14T11:45:49.726,4.003731012566746,4.00539112123198,4.004027366878234,4.003783464657275,0.004575721982816801,2.3318828542162606,3.3694507699877363,2.5171042988964,2.364665410796718,-49.942803475214795
2026-04-14T11:45:49.835,4.003731012566746,4.00539112123198,4.004027366878234,4.003783464657275,0.004575721982816801,2.3318828542162606,3.3694507699877363,2.5171042988964,2.364665410796718,-49.942803475214795
2026-04-14T11:45:49.945,4.003731012566746,4.00539112123198,4.004027366878234,4.003783464657275,0.004575721982816801,2.3318828542162606,3.3694507699877363,2.5171042988964,2.364665410796718,-49.942803475214795
2026-04-14T11:45:50.054,4.00277113931007,4.004863977722167,4.003974914787705,4.003502845972946,0.0013343781190368908,1.7319620687938908,3.0399860763541398,2.4843217423153874,2.189278733091271,-49.983320273512035
2026-04-14T11:45:50.162,4.00277113931007,4.004863977722167,4.003974914787705,4.003502845972946,0.0013343781190368908,1.7319620687938908,3.0399860763541398,2.4843217423153874,2.189278733091271,-49.983320273512035
2026-04-14T11:45:50.286,4.00277113931007,4.004863977722167,4.003974914787705,4.003502845972946,0.0013343781190368908,1.7319620687938908,3.0399860763541398,2.4843217423153874,2.189278733091271,-49.983320273512035
2026-04-14T11:45:50.381,4.003434658255259,4.005422592486298,4.004032612087286,4.003969669578652,0.009674241363017458,2.1466614095366765,3.3891203039360107,2.5203825545538905,2.4810434866573416,-49.87907198296228
2026-04-14T11:45:50.490,4.003434658255259,4.005422592486298,4.004032612087286,4.003969669578652,0.009674241363017458,2.1466614095366765,3.3891203039360107,2.5203825545538905,2.4810434866573416,-49.87907198296228
2026-04-14T11:45:50.600,4.003434658255259,4.005422592486298,4.004032612087286,4.003969669578652,0.009674241363017458,2.1466614095366765,3.3891203039360107,2.5203825545538905,2.4810434866573416,-49.87907198296228
2026-04-14T11:45:50.709,4.003182888220721,4.005398989045561,4.003641844012847,4.003571033690633,0.006651974503855546,1.9893051379504811,3.37436815347536,2.276152508029483,2.2318960566458657,-49.916850318701805
2026-04-14T11:45:50.818,4.003182888220721,4.005398989045561,4.003641844012847,4.003571033690633,0.006651974503855546,1.9893051379504811,3.37436815347536,2.276152508029483,2.2318960566458657,-49.916850318701805
2026-04-14T11:45:50.926,4.003182888220721,4.005398989045561,4.003641844012847,4.003571033690633,0.006651974503855546,1.9893051379504811,3.37436815347536,2.276152508029483,2.2318960566458657,-49.916850318701805
2026-04-14T11:45:51.052,4.00334548970136,4.005464554158721,4.00376510642559,4.003964424369599,0.006866072485641316,2.090931063349899,3.4153463492003766,2.353191515993558,2.477765230999296,-49.91417409392948
2026-04-14T11:45:51.142,4.00334548970136,4.005464554158721,4.00376510642559,4.003964424369599,0.006866072485641316,2.090931063349899,3.4153463492003766,2.353191515993558,2.477765230999296,-49.91417409392948
2026-04-14T11:45:51.254,4.00334548970136,4.005464554158721,4.00376510642559,4.003964424369599,0.006866072485641316,2.090931063349899,3.4153463492003766,2.353191515993558,2.477765230999296,-49.91417409392948
2026-04-14T11:45:51.363,4.003321886260622,4.004879713349325,4.003849029770436,4.004016876460128,0.004819694101595934,2.076178912888693,3.049820843328277,2.4056436065222897,2.5105477875797533,-49.93975382373005
2026-04-14T11:45:51.473,4.003321886260622,4.004879713349325,4.003849029770436,4.004016876460128,0.004819694101595934,2.076178912888693,3.049820843328277,2.4056436065222897,2.5105477875797533,-49.93975382373005
2026-04-14T11:45:51.580,4.003321886260622,4.004879713349325,4.003849029770436,4.004016876460128,0.004819694101595934,2.076178912888693,3.049820843328277,2.4056436065222897,2.5105477875797533,-49.93975382373005
2026-04-14T11:45:51.689,4.004001140832969,4.004816770840691,4.003712654335061,4.0038359167478035,0.006602184275533274,2.500713020605616,3.010481775431728,2.3204089594131005,2.3974479673771754,-49.91747269655583
2026-04-14T11:45:51.799,4.004001140832969,4.004816770840691,4.003712654335061,4.0038359167478035,0.006602184275533274,2.500713020605616,3.010481775431728,2.3204089594131005,2.3974479673771754,-49.91747269655583
2026-04-14T11:45:51.922,4.004001140832969,4.004816770840691,4.003712654335061,4.0038359167478035,0.006602184275533274,2.500713020605616,3.010481775431728,2.3204089594131005,2.3974479673771754,-49.91747269655583
2026-04-14T11:45:52.016,4.003943443533387,4.0052442553785,4.003849029770436,4.003841161956856,0.0049043374897437975,2.464652208367113,3.2776596115624557,2.4056436065222897,2.400726223035221,-49.9386957813782
2026-04-14T11:45:52.124,4.003943443533387,4.0052442553785,4.003849029770436,4.003841161956856,0.0049043374897437975,2.464652208367113,3.2776596115624557,2.4056436065222897,2.400726223035221,-49.9386957813782
2026-04-14T11:45:52.231,4.003943443533387,4.0052442553785,4.003849029770436,4.003841161956856,0.0049043374897437975,2.464652208367113,3.2776596115624557,2.4056436065222897,2.400726223035221,-49.9386957813782
2026-04-14T11:45:52.341,4.0032169820795644,4.005288839655449,4.003799200284433,4.003925085301702,0.007458576202676353,2.0106137997277784,3.3055247846558444,2.374500177770855,2.453178313563953,-49.90676779746654
2026-04-14T11:45:52.450,4.0032169820795644,4.005288839655449,4.003799200284433,4.003925085301702,0.007458576202676353,2.0106137997277784,3.3055247846558444,2.374500177770855,2.453178313563953,-49.90676779746654
2026-04-14T11:45:52.574,4.0032169820795644,4.005288839655449,4.003799200284433,4.003925085301702,0.007458576202676353,2.0106137997277784,3.3055247846558444,2.374500177770855,2.453178313563953,-49.90676779746654
2026-04-14T11:45:52.682,4.003405809605468,4.004966259298698,4.003935575719808,4.004069328550656,0.011855053363532975,2.128631003417425,3.1039120616860316,2.4597348248800444,2.5433303441602106,-49.85181183295584
2026-04-14T11:45:52.805,4.003405809605468,4.004966259298698,4.003935575719808,4.004069328550656,0.011855053363532975,2.128631003417425,3.1039120616860316,2.4597348248800444,2.5433303441602106,-49.85181183295584
2026-04-14T11:45:52.899,4.003405809605468,4.004966259298698,4.003935575719808,4.004069328550656,0.011855053363532975,2.128631003417425,3.1039120616860316,2.4597348248800444,2.5433303441602106,-49.85181183295584
2026-04-14T11:45:53.008,4.003025531949135,4.005370140395769,4.003568411086107,4.003237962915777,0.015609236579032286,1.890957468209109,3.3563377473555533,2.230256928816843,2.0237268223605165,-49.804884542762096
2026-04-14T11:45:53.111,4.003025531949135,4.005370140395769,4.003568411086107,4.003237962915777,0.015609236579032286,1.890957468209109,3.3563377473555533,2.230256928816843,2.0237268223605165,-49.804884542762096
2026-04-14T11:45:53.225,4.003025531949135,4.005370140395769,4.003568411086107,4.003237962915777,0.015609236579032286,1.890957468209109,3.3563377473555533,2.230256928816843,2.0237268223605165,-49.804884542762096
2026-04-14T11:45:53.326,4.003458261695997,4.005262613610185,4.0036916734988495,4.003612995363056,0.012323081509762333,2.1614135599978823,3.2891335063656157,2.3072959367809176,2.2581221019102315,-49.84596148112797
2026-04-14T11:45:53.442,4.003458261695997,4.005262613610185,4.0036916734988495,4.003612995363056,0.012323081509762333,2.1614135599978823,3.2891335063656157,2.3072959367809176,2.2581221019102315,-49.84596148112797
2026-04-14T11:45:53.543,4.003458261695997,4.005262613610185,4.0036916734988495,4.003612995363056,0.012323081509762333,2.1614135599978823,3.2891335063656157,2.3072959367809176,2.2581221019102315,-49.84596148112797
2026-04-14T11:45:53.660,4.003696918707902,4.005412102068192,4.003804445493486,4.004344702025932,0.005691023097235695,2.3105741924389633,3.3825637926199192,2.377778433428901,2.715438766207612,-49.92886221128455
2026-04-14T11:45:53.784,4.003696918707902,4.005412102068192,4.003804445493486,4.004344702025932,0.005691023097235695,2.3105741924389633,3.3825637926199192,2.377778433428901,2.715438766207612,-49.92886221128455
2026-04-14T11:45:53.877,4.003696918707902,4.005412102068192,4.003804445493486,4.004344702025932,0.005691023097235695,2.3105741924389633,3.3825637926199192,2.377778433428901,2.715438766207612,-49.92886221128455
2026-04-14T11:45:53.987,4.003390073978309,4.005506515831144,4.003927707906229,4.003814935911592,0.009206213216788103,2.1187962364432877,3.4415723944647425,2.4548174413929758,2.3843349447449924,-49.88492233479015
2026-04-14T11:45:54.095,4.003390073978309,4.005506515831144,4.003927707906229,4.003814935911592,0.009206213216788103,2.1187962364432877,3.4415723944647425,2.4548174413929758,2.3843349447449924,-49.88492233479015
2026-04-14T11:45:54.202,4.003390073978309,4.005506515831144,4.003927707906229,4.003814935911592,0.009206213216788103,2.1187962364432877,3.4415723944647425,2.4548174413929758,2.3843349447449924,-49.88492233479015
2026-04-14T11:45:54.311,4.003243208124829,4.00562715563936,4.0034818651367345,4.003809690702539,-0.004670323416629118,2.027005078018007,3.5169722745997944,2.176165710459088,2.3810566890869467,-50.05837904270787
2026-04-14T11:45:54.421,4.003243208124829,4.00562715563936,4.0034818651367345,4.003809690702539,-0.004670323416629118,2.027005078018007,3.5169722745997944,2.176165710459088,2.3810566890869467,-50.05837904270787
2026-04-14T11:45:54.530,4.003243208124829,4.00562715563936,4.0034818651367345,4.003809690702539,-0.004670323416629118,2.027005078018007,3.5169722745997944,2.176165710459088,2.3810566890869467,-50.05837904270787
2026-04-14T11:45:54.639,4.0035238268091575,4.005396366441033,4.0034818651367345,4.0036680700581115,-0.00036346866675258596,2.202391755723454,3.372729025645782,2.176165710459088,2.292543786319712,-50.00454335833441
2026-04-14T11:45:54.749,4.0035238268091575,4.005396366441033,4.0034818651367345,4.0036680700581115,-0.00036346866675258596,2.202391755723454,3.372729025645782,2.176165710459088,2.292543786319712,-50.00454335833441
2026-04-14T11:45:54.873,4.0035238268091575,4.005396366441033,4.0034818651367345,4.0036680700581115,-0.00036346866675258596,2.202391755723454,3.372729025645782,2.176165710459088,2.292543786319712,-50.00454335833441
2026-04-14T11:45:54.967,4.003143549152824,4.005176067660813,4.00375723861201,4.003746748193905,0.008016226759885801,1.9647182205151381,3.235042288007861,2.3482741325064893,2.341717621190398,-49.899797165501425
2026-04-14T11:45:55.075,4.003143549152824,4.005176067660813,4.00375723861201,4.003746748193905,0.008016226759885801,1.9647182205151381,3.235042288007861,2.3482741325064893,2.341717621190398,-49.899797165501425
2026-04-14T11:45:55.199,4.003143549152824,4.005176067660813,4.00375723861201,4.003746748193905,0.008016226759885801,1.9647182205151381,3.235042288007861,2.3482741325064893,2.341717621190398,-49.899797165501425
2026-04-14T11:45:55.307,4.003539562436316,4.005375385604822,4.003657579640006,4.0035238268091575,-0.0030421829504908224,2.2122265226975912,3.359616003013599,2.2859872750036203,2.202391755723454,-50.03802728688114
2026-04-14T11:45:55.406,4.003539562436316,4.005375385604822,4.003657579640006,4.0035238268091575,-0.0030421829504908224,2.2122265226975912,3.359616003013599,2.2859872750036203,2.202391755723454,-50.03802728688114
2026-04-14T11:45:55.516,4.003539562436316,4.005375385604822,4.003657579640006,4.0035238268091575,-0.0030421829504908224,2.2122265226975912,3.359616003013599,2.2859872750036203,2.202391755723454,-50.03802728688114
2026-04-14T11:45:55.624,4.003369093142098,4.005501270622091,4.003940820928861,4.0040404799008655,0.0014837488040037072,2.105683213811105,3.4382941388066968,2.46301308053809,2.525299938040959,-49.981453139949956
2026-04-14T11:45:55.742,4.003369093142098,4.005501270622091,4.003940820928861,4.0040404799008655,0.0014837488040037072,2.105683213811105,3.4382941388066968,2.46301308053809,2.525299938040959,-49.981453139949956
2026-04-14T11:45:55.841,4.003369093142098,4.005501270622091,4.003940820928861,4.0040404799008655,0.0014837488040037072,2.105683213811105,3.4382941388066968,2.46301308053809,2.525299938040959,-49.981453139949956
2026-04-14T11:45:55.962,4.003772974239169,4.004940033253433,4.0037336351712725,4.003670692662638,-0.005332533453315336,2.3581088994806265,3.087520783395803,2.3335219820452835,2.2941829141487347,-50.066656668166445
2026-04-14T11:45:56.085,4.003772974239169,4.004940033253433,4.0037336351712725,4.003670692662638,-0.005332533453315336,2.3581088994806265,3.087520783395803,2.3335219820452835,2.2941829141487347,-50.066656668166445
2026-04-14T11:45:56.178,4.003772974239169,4.004940033253433,4.0037336351712725,4.003670692662638,-0.005332533453315336,2.3581088994806265,3.087520783395803,2.3335219820452835,2.2941829141487347,-50.066656668166445
2026-04-14T11:45:56.280,4.003702163916955,4.005194425892498,4.004281759517299,4.003678560476217,-0.0008862660641364425,2.313852448097009,3.246516182811021,2.676099698311618,2.2991002976358033,-50.011078325801705
2026-04-14T11:45:56.395,4.003702163916955,4.005194425892498,4.004281759517299,4.003678560476217,-0.0008862660641364425,2.313852448097009,3.246516182811021,2.676099698311618,2.2991002976358033,-50.011078325801705
2026-04-14T11:45:56.504,4.003702163916955,4.005194425892498,4.004281759517299,4.003678560476217,-0.0008862660641364425,2.313852448097009,3.246516182811021,2.676099698311618,2.2991002976358033,-50.011078325801705
2026-04-14T11:45:56.613,4.003054380598925,4.005123615570284,4.0039381983243345,4.003723144753167,-0.0006671890595184454,1.9089878743283606,3.2022597314274037,2.4613739527090672,2.326965470729192,-50.008339863243975
2026-04-14T11:45:56.717,4.003054380598925,4.005123615570284,4.0039381983243345,4.003723144753167,-0.0006671890595184454,1.9089878743283606,3.2022597314274037,2.4613739527090672,2.326965470729192,-50.008339863243975
2026-04-14T11:45:56.829,4.003054380598925,4.005123615570284,4.0039381983243345,4.003723144753167,-0.0006671890595184454,1.9089878743283606,3.2022597314274037,2.4613739527090672,2.326965470729192,-50.008339863243975
2026-04-14T11:45:56.940,4.003429413046206,4.004753828332056,4.004161119709082,4.0040824415732885,-0.000607440785531719,2.1433831538786308,2.9711427075351793,2.600699818176011,2.551525983305325,-50.00759300981915
2026-04-14T11:45:57.049,4.003429413046206,4.004753828332056,4.004161119709082,4.0040824415732885,-0.000607440785531719,2.1433831538786308,2.9711427075351793,2.600699818176011,2.551525983305325,-50.00759300981915
2026-04-14T11:45:57.158,4.003429413046206,4.004753828332056,4.004161119709082,4.0040824415732885,-0.000607440785531719,2.1433831538786308,2.9711427075351793,2.600699818176011,2.551525983305325,-50.00759300981915
2026-04-14T11:45:57.268,4.003214359475038,4.0050160887847,4.003898859256438,4.003951311346967,-0.007493429362501944,2.0089746718987556,3.135055490437466,2.436787035273724,2.4695695918541816,-50.09366786703128
2026-04-14T11:45:57.391,4.003214359475038,4.0050160887847,4.003898859256438,4.003951311346967,-0.007493429362501944,2.0089746718987556,3.135055490437466,2.436787035273724,2.4695695918541816,-50.09366786703128
2026-04-14T11:45:57.485,4.003214359475038,4.0050160887847,4.003898859256438,4.003951311346967,-0.007493429362501944,2.0089746718987556,3.135055490437466,2.436787035273724,2.4695695918541816,-50.09366786703128
2026-04-14T11:45:57.593,4.003143549152824,4.005105257338599,4.0040404799008655,4.003990650414863,-0.00404296653976849,1.9647182205151381,3.1907858366242436,2.525299938040959,2.4941565092895246,-50.0505370817471
2026-04-14T11:45:57.703,4.003143549152824,4.005105257338599,4.0040404799008655,4.003990650414863,-0.00404296653976849,1.9647182205151381,3.1907858366242436,2.525299938040959,2.4941565092895246,-50.0505370817471
2026-04-14T11:45:57.812,4.003143549152824,4.005105257338599,4.0040404799008655,4.003990650414863,-0.00404296653976849,1.9647182205151381,3.1907858366242436,2.525299938040959,2.4941565092895246,-50.0505370817471
2026-04-14T11:45:57.921,4.003612995363056,4.0052442553785,4.003770351634643,4.003738880380325,0.002474574347616921,2.2581221019102315,3.2776596115624557,2.3564697716516037,2.3368002377033292,-49.969067820654786
2026-04-14T11:45:58.029,4.003612995363056,4.0052442553785,4.003770351634643,4.003738880380325,0.002474574347616921,2.2581221019102315,3.2776596115624557,2.3564697716516037,2.3368002377033292,-49.969067820654786
2026-04-14T11:45:58.140,4.003612995363056,4.0052442553785,4.003770351634643,4.003738880380325,0.002474574347616921,2.2581221019102315,3.2776596115624557,2.3564697716516037,2.3368002377033292,-49.969067820654786
2026-04-14T11:45:58.249,4.00334548970136,4.005372763000295,4.00394868874244,4.004127025850238,0.0025641967585970107,2.090931063349899,3.357976875184576,2.4679304640251587,2.5793911563987137,-49.967947540517535
2026-04-14T11:45:58.361,4.00334548970136,4.005372763000295,4.00394868874244,4.004127025850238,0.0025641967585970107,2.090931063349899,3.357976875184576,2.4679304640251587,2.5793911563987137,-49.967947540517535
2026-04-14T11:45:58.466,4.00334548970136,4.005372763000295,4.00394868874244,4.004127025850238,0.0025641967585970107,2.090931063349899,3.357976875184576,2.4679304640251587,2.5793911563987137,-49.967947540517535
2026-04-14T11:45:58.576,4.003243208124829,4.005110502547652,4.003820181120646,4.004037857296339,-0.002594070895590374,2.027005078018007,3.1940640922822894,2.3876132004035933,2.5236608102119362,-50.03242588619487
2026-04-14T11:45:58.685,4.003243208124829,4.005110502547652,4.003820181120646,4.004037857296339,-0.002594070895590374,2.027005078018007,3.1940640922822894,2.3876132004035933,2.5236608102119362,-50.03242588619487
2026-04-14T11:45:58.824,4.003243208124829,4.005110502547652,4.003820181120646,4.004037857296339,-0.002594070895590374,2.027005078018007,3.1940640922822894,2.3876132004035933,2.5236608102119362,-50.03242588619487
2026-04-14T11:45:58.917,4.003447771277891,4.005564213130725,4.003712654335061,4.004200458776978,0.004799778010267025,2.154857048681791,3.4776332067032456,2.3204089594131005,2.625286735611354,-49.94000277487166
2026-04-14T11:45:59.012,4.003447771277891,4.005564213130725,4.003712654335061,4.004200458776978,0.004799778010267025,2.154857048681791,3.4776332067032456,2.3204089594131005,2.625286735611354,-49.94000277487166
2026-04-14T11:45:59.122,4.003447771277891,4.005564213130725,4.003712654335061,4.004200458776978,0.004799778010267025,2.154857048681791,3.4776332067032456,2.3204089594131005,2.625286735611354,-49.94000277487166
2026-04-14T11:45:59.246,4.003521204204631,4.005275726632817,4.003778219448222,4.003689050894323,-0.011297402806323527,2.200752627894431,3.29732914551073,2.3613871551386723,2.3056568089518947,-50.14121753507904
2026-04-14T11:45:59.354,4.003521204204631,4.005275726632817,4.003778219448222,4.003689050894323,-0.011297402806323527,2.200752627894431,3.29732914551073,2.3613871551386723,2.3056568089518947,-50.14121753507904
2026-04-14T11:45:59.463,4.003521204204631,4.005275726632817,4.003778219448222,4.003689050894323,-0.011297402806323527,2.200752627894431,3.29732914551073,2.3613871551386723,2.3056568089518947,-50.14121753507904
2026-04-14T11:45:59.572,4.003062248412505,4.005333423932399,4.003890991442859,4.0038123133070656,-0.010749710294778536,1.9139052578154292,3.333389957749233,2.4318696517866556,2.3826958169159695,-50.134371378684726
2026-04-14T11:45:59.680,4.003062248412505,4.005333423932399,4.003890991442859,4.0038123133070656,-0.010749710294778536,1.9139052578154292,3.333389957749233,2.4318696517866556,2.3826958169159695,-50.134371378684726
2026-04-14T11:45:59.790,4.003062248412505,4.005333423932399,4.003890991442859,4.0038123133070656,-0.010749710294778536,1.9139052578154292,3.333389957749233,2.4318696517866556,2.3826958169159695,-50.134371378684726
2026-04-14T11:45:59.889,4.003778219448222,4.005173445056286,4.003303528028937,4.003434658255259,-0.009659304294520778,2.3613871551386723,3.233403160178838,2.064705018085533,2.1466614095366765,-50.12074130368151
2026-04-14T11:46:00.008,4.003778219448222,4.005173445056286,4.003303528028937,4.003434658255259,-0.009659304294520778,2.3613871551386723,3.233403160178838,2.064705018085533,2.1466614095366765,-50.12074130368151
2026-04-14T11:46:00.116,4.003778219448222,4.005173445056286,4.003303528028937,4.003434658255259,-0.009659304294520778,2.3613871551386723,3.233403160178838,2.064705018085533,2.1466614095366765,-50.12074130368151
2026-04-14T11:46:00.215,4.003334999283254,4.005273104028291,4.003707409126008,4.004224062217716,-0.013403529464355636,2.0843745520338075,3.295690017681707,2.317130703755055,2.64003888607256,-50.16754411830444
2026-04-14T11:46:00.346,4.003334999283254,4.005273104028291,4.003707409126008,4.004224062217716,-0.013403529464355636,2.0843745520338075,3.295690017681707,2.317130703755055,2.64003888607256,-50.16754411830444
2026-04-14T11:46:00.440,4.003334999283254,4.005273104028291,4.003707409126008,4.004224062217716,-0.013403529464355636,2.0843745520338075,3.295690017681707,2.317130703755055,2.64003888607256,-50.16754411830444
2026-04-14T11:46:00.549,4.0027344228467,4.0047879221909,4.0038359167478035,4.003796577679907,-0.018611587346865292,1.7090142791875707,2.9924513693124766,2.3974479673771754,2.3728610499418323,-50.232644841835814
2026-04-14T11:46:00.656,4.0027344228467,4.0047879221909,4.0038359167478035,4.003796577679907,-0.018611587346865292,1.7090142791875707,2.9924513693124766,2.3974479673771754,2.3728610499418323,-50.232644841835814
2026-04-14T11:46:00.765,4.0027344228467,4.0047879221909,4.0038359167478035,4.003796577679907,-0.018611587346865292,1.7090142791875707,2.9924513693124766,2.3974479673771754,2.3728610499418323,-50.232644841835814
2026-04-14T11:46:00.875,4.003560543272528,4.005076408688808,4.003615617967583,4.004203081381505,-0.0054370929327921085,2.225339545329774,3.172755430504992,2.2597612297392544,2.626925863440377,-50.067963661659896
2026-04-14T11:46:00.985,4.003560543272528,4.005076408688808,4.003615617967583,4.004203081381505,-0.0054370929327921085,2.225339545329774,3.172755430504992,2.2597612297392544,2.626925863440377,-50.067963661659896
2026-04-14T11:46:01.094,4.003560543272528,4.005076408688808,4.003615617967583,4.004203081381505,-0.0054370929327921085,2.225339545329774,3.172755430504992,2.2597612297392544,2.626925863440377,-50.067963661659896
2026-04-14T11:46:01.202,4.003293037610831,4.005092144315967,4.003602504944951,4.003825426329698,-0.003131805361470912,2.0581485067694416,3.1825901974791293,2.25156559059414,2.390891456061084,-50.03914756701838
2026-04-14T11:46:01.311,4.003293037610831,4.005092144315967,4.003602504944951,4.003825426329698,-0.003131805361470912,2.0581485067694416,3.1825901974791293,2.25156559059414,2.390891456061084,-50.03914756701838
2026-04-14T11:46:01.421,4.003293037610831,4.005092144315967,4.003602504944951,4.003825426329698,-0.003131805361470912,2.0581485067694416,3.1825901974791293,2.25156559059414,2.390891456061084,-50.03914756701838
2026-04-14T11:46:01.532,4.002818346191546,4.005060673061649,4.00345563909147,4.003487110345787,0.0025343226216036473,1.7614663697163024,3.162920663530855,2.1597744321688594,2.179443966117134,-49.96832096722996
2026-04-14T11:46:01.640,4.002818346191546,4.005060673061649,4.00345563909147,4.003487110345787,0.0025343226216036473,1.7614663697163024,3.162920663530855,2.1597744321688594,2.179443966117134,-49.96832096722996
2026-04-14T11:46:01.749,4.002818346191546,4.005060673061649,4.00345563909147,4.003487110345787,0.0025343226216036473,1.7614663697163024,3.162920663530855,2.1597744321688594,2.179443966117134,-49.96832096722996
2026-04-14T11:46:01.858,4.00353693983179,4.004921675021748,4.003594637131371,4.004001140832969,-0.0011103220915866666,2.2105873948685684,3.076046888592643,2.2466482071070715,2.500713020605616,-50.013879026144835
2026-04-14T11:46:01.967,4.00353693983179,4.004921675021748,4.003594637131371,4.004001140832969,-0.0011103220915866666,2.2105873948685684,3.076046888592643,2.2466482071070715,2.500713020605616,-50.013879026144835
2026-04-14T11:46:02.091,4.00353693983179,4.004921675021748,4.003594637131371,4.004001140832969,-0.0011103220915866666,2.2105873948685684,3.076046888592643,2.2466482071070715,2.500713020605616,-50.013879026144835
2026-04-14T11:46:02.185,4.003531694622737,4.004921675021748,4.003689050894323,4.003426790441679,-0.0022953295256567417,2.2073091392105226,3.076046888592643,2.3056568089518947,2.141744026049608,-50.028691619070706
2026-04-14T11:46:02.294,4.003531694622737,4.004921675021748,4.003689050894323,4.003426790441679,-0.0022953295256567417,2.2073091392105226,3.076046888592643,2.3056568089518947,2.141744026049608,-50.028691619070706
2026-04-14T11:46:02.416,4.003531694622737,4.004921675021748,4.003689050894323,4.003426790441679,-0.0022953295256567417,2.2073091392105226,3.076046888592643,2.3056568089518947,2.141744026049608,-50.028691619070706
2026-04-14T11:46:02.523,4.003432035650733,4.005433082904403,4.003492355554841,4.004158497104555,-0.0019567559730652917,2.1450222817082087,3.395676815252102,2.1827222217757347,2.599060690346988,-50.02445944966332
2026-04-14T11:46:02.635,4.003432035650733,4.005433082904403,4.003492355554841,4.004158497104555,-0.0019567559730652917,2.1450222817082087,3.395676815252102,2.1827222217757347,2.599060690346988,-50.02445944966332
2026-04-14T11:46:02.744,4.003432035650733,4.005433082904403,4.003492355554841,4.004158497104555,-0.0019567559730652917,2.1450222817082087,3.395676815252102,2.1827222217757347,2.599060690346988,-50.02445944966332
2026-04-14T11:46:02.854,4.003825426329698,4.005215406728709,4.00368380568527,4.004077196364236,0.0007368953791696264,2.390891456061084,3.259629205443204,2.302378553293849,2.5482477276472792,-49.99078880776038
2026-04-14T11:46:02.962,4.003825426329698,4.005215406728709,4.00368380568527,4.004077196364236,0.0007368953791696264,2.390891456061084,3.259629205443204,2.302378553293849,2.5482477276472792,-49.99078880776038
2026-04-14T11:46:03.073,4.003825426329698,4.005215406728709,4.00368380568527,4.004077196364236,0.0007368953791696264,2.390891456061084,3.259629205443204,2.302378553293849,2.5482477276472792,-49.99078880776038
2026-04-14T11:46:03.179,4.003473997323155,4.005197048497024,4.003633976199268,4.0039985182284425,0.004212253316064216,2.1712483269720195,3.248155310640044,2.2712351245424145,2.499073892776593,-49.9473468335492
2026-04-14T11:46:03.280,4.003473997323155,4.005197048497024,4.003633976199268,4.0039985182284425,0.004212253316064216,2.1712483269720195,3.248155310640044,2.2712351245424145,2.499073892776593,-49.9473468335492
2026-04-14T11:46:03.397,4.003473997323155,4.005197048497024,4.003633976199268,4.0039985182284425,0.004212253316064216,2.1712483269720195,3.248155310640044,2.2712351245424145,2.499073892776593,-49.9473468335492
2026-04-14T11:46:03.507,4.003251075938408,4.0051813128698655,4.003940820928861,4.003946066137914,-9.95804566445441e-06,2.0319224615050757,3.238320543665907,2.46301308053809,2.466291336196136,-50.00012447557081
2026-04-14T11:46:03.614,4.003251075938408,4.0051813128698655,4.003940820928861,4.003946066137914,-9.95804566445441e-06,2.0319224615050757,3.238320543665907,2.46301308053809,2.466291336196136,-50.00012447557081
2026-04-14T11:46:03.723,4.003251075938408,4.0051813128698655,4.003940820928861,4.003946066137914,-9.95804566445441e-06,2.0319224615050757,3.238320543665907,2.46301308053809,2.466291336196136,-50.00012447557081
2026-04-14T11:46:03.825,4.003633976199268,4.004963636694171,4.003715276939587,4.004381418489302,-0.005845372805034739,2.2712351245424145,3.1022729338570088,2.3220480872421234,2.738386555813932,-50.073067160062934
2026-04-14T11:46:03.956,4.003633976199268,4.004963636694171,4.003715276939587,4.004381418489302,-0.005845372805034739,2.2712351245424145,3.1022729338570088,2.3220480872421234,2.738386555813932,-50.073067160062934
2026-04-14T11:46:04.051,4.003633976199268,4.004963636694171,4.003715276939587,4.004381418489302,-0.005845372805034739,2.2712351245424145,3.1022729338570088,2.3220480872421234,2.738386555813932,-50.073067160062934
2026-04-14T11:46:04.162,4.004035234691813,4.005194425892498,4.003544807645369,4.00376510642559,0.006099302969478326,2.5220216823829134,3.246516182811021,2.215504778355637,2.353191515993558,-49.92375871288152
2026-04-14T11:46:04.271,4.004035234691813,4.005194425892498,4.003544807645369,4.00376510642559,0.006099302969478326,2.5220216823829134,3.246516182811021,2.215504778355637,2.353191515993558,-49.92375871288152
2026-04-14T11:46:04.381,4.004035234691813,4.005194425892498,4.003544807645369,4.00376510642559,0.006099302969478326,2.5220216823829134,3.246516182811021,2.215504778355637,2.353191515993558,-49.92375871288152
2026-04-14T11:46:04.489,4.003694296103376,4.005060673061649,4.003788709866328,4.003395319187362,-0.0032662389779410466,2.3089350646099405,3.162920663530855,2.3679436664547637,2.1220744921013335,-50.04082798722427
2026-04-14T11:46:04.600,4.003694296103376,4.005060673061649,4.003788709866328,4.003395319187362,-0.0032662389779410466,2.3089350646099405,3.162920663530855,2.3679436664547637,2.1220744921013335,-50.04082798722427
2026-04-14T11:46:04.709,4.003694296103376,4.005060673061649,4.003788709866328,4.003395319187362,-0.0032662389779410466,2.3089350646099405,3.162920663530855,2.3679436664547637,2.1220744921013335,-50.04082798722427
2026-04-14T11:46:04.817,4.003476619927682,4.004688263218895,4.003741502984852,4.00327205677462,-0.0005925037170350374,2.1728874548010424,2.9301645118096076,2.338439365532352,2.0450354841372587,-50.00740629646294
2026-04-14T11:46:04.925,4.003476619927682,4.004688263218895,4.003741502984852,4.00327205677462,-0.0005925037170350374,2.1728874548010424,2.9301645118096076,2.338439365532352,2.0450354841372587,-50.00740629646294
2026-04-14T11:46:05.035,4.003476619927682,4.004688263218895,4.003741502984852,4.00327205677462,-0.0005925037170350374,2.1728874548010424,2.9301645118096076,2.338439365532352,2.0450354841372587,-50.00740629646294
2026-04-14T11:46:05.143,4.003534317227263,4.004932165439854,4.003731012566746,4.003825426329698,0.005671107005906786,2.2089482670395455,3.0826033999087343,2.3318828542162606,2.390891456061084,-49.92911116242617
2026-04-14T11:46:05.251,4.003534317227263,4.004932165439854,4.003731012566746,4.003825426329698,0.005671107005906786,2.2089482670395455,3.0826033999087343,2.3318828542162606,2.390891456061084,-49.92911116242617
2026-04-14T11:46:05.362,4.003534317227263,4.004932165439854,4.003731012566746,4.003825426329698,0.005671107005906786,2.2089482670395455,3.0826033999087343,2.3318828542162606,2.390891456061084,-49.92911116242617
2026-04-14T11:46:05.472,4.0034215452326265,4.004981994925856,4.003484487741261,4.003862142793068,0.003664560804519223,2.138465770391562,3.113746828660169,2.177804838288111,2.413839245667404,-49.95419298994351
2026-04-14T11:46:05.582,4.0034215452326265,4.004981994925856,4.003484487741261,4.003862142793068,0.003664560804519223,2.138465770391562,3.113746828660169,2.177804838288111,2.413839245667404,-49.95419298994351
2026-04-14T11:46:05.686,4.0034215452326265,4.004981994925856,4.003484487741261,4.003862142793068,0.003664560804519223,2.138465770391562,3.113746828660169,2.177804838288111,2.413839245667404,-49.95419298994351
2026-04-14T11:46:05.798,4.003702163916955,4.004963636694171,4.003209114265985,4.004095554595921,0.004321791818373214,2.313852448097009,3.1022729338570088,2.00569641624071,2.5597216224504393,-49.94597760227034
2026-04-14T11:46:05.908,4.003702163916955,4.004963636694171,4.003209114265985,4.004095554595921,0.004321791818373214,2.313852448097009,3.1022729338570088,2.00569641624071,2.5597216224504393,-49.94597760227034
2026-04-14T11:46:06.016,4.003702163916955,4.004963636694171,4.003209114265985,4.004095554595921,0.004321791818373214,2.313852448097009,3.1022729338570088,2.00569641624071,2.5597216224504393,-49.94597760227034
2026-04-14T11:46:06.126,4.003508091181999,4.004989862739436,4.003565788481581,4.0039985182284425,0.0008364758358141704,2.192556988749317,3.1186642121472374,2.228617800988375,2.499073892776593,-49.989544052052324
2026-04-14T11:46:06.237,4.003508091181999,4.004989862739436,4.003565788481581,4.0039985182284425,0.0008364758358141704,2.192556988749317,3.1186642121472374,2.228617800988375,2.499073892776593,-49.989544052052324
2026-04-14T11:46:06.347,4.003508091181999,4.004989862739436,4.003565788481581,4.0039985182284425,0.0008364758358141704,2.192556988749317,3.1186642121472374,2.228617800988375,2.499073892776593,-49.989544052052324
2026-04-14T11:46:06.457,4.0033192636560955,4.004565000806153,4.004035234691813,4.003293037610831,-0.007861877052086757,2.0745397850596703,2.8531255038455328,2.5220216823829134,2.0581485067694416,-50.09827346315109
2026-04-14T11:46:06.565,4.0033192636560955,4.004565000806153,4.004035234691813,4.003293037610831,-0.007861877052086757,2.0745397850596703,2.8531255038455328,2.5220216823829134,2.0581485067694416,-50.09827346315109
2026-04-14T11:46:06.669,4.0033192636560955,4.004565000806153,4.004035234691813,4.003293037610831,-0.007861877052086757,2.0745397850596703,2.8531255038455328,2.5220216823829134,2.0581485067694416,-50.09827346315109
2026-04-14T11:46:06.784,4.003366470537571,4.0054881575994585,4.00369954131243,4.0036680700581115,-0.003032224904826368,2.104044085982082,3.4300984996615824,2.3122133202685413,2.292543786319712,-50.03790281131033
2026-04-14T11:46:06.893,4.003366470537571,4.0054881575994585,4.00369954131243,4.0036680700581115,-0.003032224904826368,2.104044085982082,3.4300984996615824,2.3122133202685413,2.292543786319712,-50.03790281131033
2026-04-14T11:46:07.004,4.003366470537571,4.0054881575994585,4.00369954131243,4.0036680700581115,-0.003032224904826368,2.104044085982082,3.4300984996615824,2.3122133202685413,2.292543786319712,-50.03790281131033
2026-04-14T11:46:07.113,4.003437280859785,4.005357027373137,4.004032612087286,4.0038752558157,-0.01512129234147402,2.1483005373656994,3.348142108210439,2.5203825545538905,2.4220348848125184,-50.18901615426843
2026-04-14T11:46:07.221,4.003437280859785,4.005357027373137,4.004032612087286,4.0038752558157,-0.01512129234147402,2.1483005373656994,3.348142108210439,2.5203825545538905,2.4220348848125184,-50.18901615426843
2026-04-14T11:46:07.334,4.003437280859785,4.005357027373137,4.004032612087286,4.0038752558157,-0.01512129234147402,2.1483005373656994,3.348142108210439,2.5203825545538905,2.4220348848125184,-50.18901615426843
2026-04-14T11:46:07.437,4.003290415006305,4.005328178723346,4.003434658255259,4.003560543272528,-0.01279110965599169,2.0565093789404187,3.3301117020911875,2.1466614095366765,2.225339545329774,-50.159888870699895
2026-04-14T11:46:07.552,4.003290415006305,4.005328178723346,4.003434658255259,4.003560543272528,-0.01279110965599169,2.0565093789404187,3.3301117020911875,2.1466614095366765,2.225339545329774,-50.159888870699895
2026-04-14T11:46:07.661,4.003290415006305,4.005328178723346,4.003434658255259,4.003560543272528,-0.01279110965599169,2.0565093789404187,3.3301117020911875,2.1466614095366765,2.225339545329774,-50.159888870699895
2026-04-14T11:46:07.769,4.003269434170093,4.005679607729888,4.0036497118264265,4.003657579640006,-0.00409773579092299,2.043396356308236,3.549754831180252,2.2810698915165517,2.2859872750036203,-50.05122169738654
2026-04-14T11:46:07.876,4.003269434170093,4.005679607729888,4.0036497118264265,4.003657579640006,-0.00409773579092299,2.043396356308236,3.549754831180252,2.2810698915165517,2.2859872750036203,-50.05122169738654
2026-04-14T11:46:07.985,4.003269434170093,4.005679607729888,4.0036497118264265,4.003657579640006,-0.00409773579092299,2.043396356308236,3.549754831180252,2.2810698915165517,2.2859872750036203,-50.05122169738654
2026-04-14T11:46:08.094,4.003329754074201,4.005267858819238,4.003618240572109,4.003447771277891,-0.011929738706016383,2.0810962963757618,3.2924117620236615,2.2614003575682773,2.154857048681791,-50.14912173382521
2026-04-14T11:46:08.217,4.003329754074201,4.005267858819238,4.003618240572109,4.003447771277891,-0.011929738706016383,2.0810962963757618,3.2924117620236615,2.2614003575682773,2.154857048681791,-50.14912173382521
2026-04-14T11:46:08.310,4.003329754074201,4.005267858819238,4.003618240572109,4.003447771277891,-0.011929738706016383,2.0810962963757618,3.2924117620236615,2.2614003575682773,2.154857048681791,-50.14912173382521
2026-04-14T11:46:08.420,4.003392696582836,4.005218029333236,4.00372052214864,4.003510713786525,-0.021325154790429117,2.1204353642723106,3.261268333272227,2.325326342900169,2.1941961165783397,-50.266564434880365
2026-04-14T11:46:08.530,4.003392696582836,4.005218029333236,4.00372052214864,4.003510713786525,-0.021325154790429117,2.1204353642723106,3.261268333272227,2.325326342900169,2.1941961165783397,-50.266564434880365
2026-04-14T11:46:08.639,4.003392696582836,4.005218029333236,4.00372052214864,4.003510713786525,-0.021325154790429117,2.1204353642723106,3.261268333272227,2.325326342900169,2.1941961165783397,-50.266564434880365
2026-04-14T11:46:08.748,4.003633976199268,4.005079031293334,4.004006386042022,4.003744125589378,-0.0023052875713211957,2.2712351245424145,3.174394558334015,2.503991276263662,2.340078493361375,-50.02881609464151
2026-04-14T11:46:08.857,4.003633976199268,4.005079031293334,4.004006386042022,4.003744125589378,-0.0023052875713211957,2.2712351245424145,3.174394558334015,2.503991276263662,2.340078493361375,-50.02881609464151
2026-04-14T11:46:08.967,4.003633976199268,4.005079031293334,4.004006386042022,4.003744125589378,-0.0023052875713211957,2.2712351245424145,3.174394558334015,2.503991276263662,2.340078493361375,-50.02881609464151
2026-04-14T11:46:09.076,4.0029232503726035,4.005039692225438,4.003599882340424,4.004032612087286,-0.0032712180007732736,1.8270314828772172,3.149807640898672,2.249926462765117,2.5203825545538905,-50.04089022500967
2026-04-14T11:46:09.187,4.0029232503726035,4.005039692225438,4.003599882340424,4.004032612087286,-0.0032712180007732736,1.8270314828772172,3.149807640898672,2.249926462765117,2.5203825545538905,-50.04089022500967
2026-04-14T11:46:09.295,4.0029232503726035,4.005039692225438,4.003599882340424,4.004032612087286,-0.0032712180007732736,1.8270314828772172,3.149807640898672,2.249926462765117,2.5203825545538905,-50.04089022500967
2026-04-14T11:46:09.403,4.002957344231447,4.005540609689987,4.003589391922318,4.00414013887287,0.0029525605395107324,1.8483401446545145,3.46288105624204,2.2433699514490257,2.587586795543828,-49.96309299325611
2026-04-14T11:46:09.512,4.002957344231447,4.005540609689987,4.003589391922318,4.00414013887287,0.0029525605395107324,1.8483401446545145,3.46288105624204,2.2433699514490257,2.587586795543828,-49.96309299325611
2026-04-14T11:46:09.637,4.002957344231447,4.005540609689987,4.003589391922318,4.00414013887287,0.0029525605395107324,1.8483401446545145,3.46288105624204,2.2433699514490257,2.587586795543828,-49.96309299325611
2026-04-14T11:46:09.731,4.003033399762714,4.005291462259976,4.004053592923498,4.004195213567925,0.008150660376355935,1.8958748516961776,3.3071639124848673,2.5334955771860734,2.6220084799533083,-49.89811674529555
2026-04-14T11:46:09.842,4.003033399762714,4.005291462259976,4.004053592923498,4.004195213567925,0.008150660376355935,1.8958748516961776,3.3071639124848673,2.5334955771860734,2.6220084799533083,-49.89811674529555
2026-04-14T11:46:09.965,4.003033399762714,4.005291462259976,4.004053592923498,4.004195213567925,0.008150660376355935,1.8958748516961776,3.3071639124848673,2.5334955771860734,2.6220084799533083,-49.89811674529555
2026-04-14T11:46:10.061,4.003355980119466,4.005110502547652,4.003964424369599,4.003392696582836,0.005402239772966518,2.0974875746659905,3.1940640922822894,2.477765230999296,2.1204353642723106,-49.93247200283792
2026-04-14T11:46:10.180,4.003355980119466,4.005110502547652,4.003964424369599,4.003392696582836,0.005402239772966518,2.0974875746659905,3.1940640922822894,2.477765230999296,2.1204353642723106,-49.93247200283792
2026-04-14T11:46:10.290,4.003355980119466,4.005110502547652,4.003964424369599,4.003392696582836,0.005402239772966518,2.0974875746659905,3.1940640922822894,2.477765230999296,2.1204353642723106,-49.93247200283792
2026-04-14T11:46:10.398,4.003185510825247,4.005228519751341,4.003772974239169,4.003932953115282,-0.0029077493340206877,1.990944265779504,3.2678248445883185,2.3581088994806265,2.4580956970510215,-50.03634686667526
2026-04-14T11:46:10.508,4.003185510825247,4.005228519751341,4.003772974239169,4.003932953115282,-0.0029077493340206877,1.990944265779504,3.2678248445883185,2.3581088994806265,2.4580956970510215,-50.03634686667526
2026-04-14T11:46:10.631,4.003185510825247,4.005228519751341,4.003772974239169,4.003932953115282,-0.0029077493340206877,1.990944265779504,3.2678248445883185,2.3581088994806265,2.4580956970510215,-50.03634686667526
2026-04-14T11:46:10.724,4.003148794361877,4.005068540875229,4.003704786521482,4.003982782601284,-0.004341707909702123,1.9679964761731839,3.1678380470179235,2.315491575926032,2.489239125802456,-50.05427134887128
2026-04-14T11:46:10.834,4.003148794361877,4.005068540875229,4.003704786521482,4.003982782601284,-0.004341707909702123,1.9679964761731839,3.1678380470179235,2.315491575926032,2.489239125802456,-50.05427134887128
2026-04-14T11:46:10.944,4.003148794361877,4.005068540875229,4.003704786521482,4.003982782601284,-0.004341707909702123,1.9679964761731839,3.1678380470179235,2.315491575926032,2.489239125802456,-50.05427134887128
2026-04-14T11:46:11.055,4.003067493621558,4.005094766920493,4.003780842052748,4.003214359475038,-0.005810519645209148,1.917183513473475,3.184229325308152,2.363026282967695,2.0089746718987556,-50.07263149556511
2026-04-14T11:46:11.165,4.003067493621558,4.005094766920493,4.003780842052748,4.003214359475038,-0.005810519645209148,1.917183513473475,3.184229325308152,2.363026282967695,2.0089746718987556,-50.07263149556511
2026-04-14T11:46:11.274,4.003067493621558,4.005094766920493,4.003780842052748,4.003214359475038,-0.005810519645209148,1.917183513473475,3.184229325308152,2.363026282967695,2.0089746718987556,-50.07263149556511
2026-04-14T11:46:11.382,4.003678560476217,4.005002975762068,4.003489732950314,4.003654957035479,-0.004276980612883169,2.2991002976358033,3.1268598512923518,2.1810830939461567,2.2843481471745974,-50.05346225766104
2026-04-14T11:46:11.490,4.003678560476217,4.005002975762068,4.003489732950314,4.003654957035479,-0.004276980612883169,2.2991002976358033,3.1268598512923518,2.1810830939461567,2.2843481471745974,-50.05346225766104
2026-04-14T11:46:11.599,4.003678560476217,4.005002975762068,4.003489732950314,4.003654957035479,-0.004276980612883169,2.2991002976358033,3.1268598512923518,2.1810830939461567,2.2843481471745974,-50.05346225766104
2026-04-14T11:46:11.709,4.003172397802615,4.004908561999116,4.003906727070017,4.003550052854422,-0.0021957490690121973,1.9827486266343897,3.0678512494475285,2.441704418760793,2.2187830340136827,-50.027446863362655
2026-04-14T11:46:11.818,4.003172397802615,4.004908561999116,4.003906727070017,4.003550052854422,-0.0021957490690121973,1.9827486266343897,3.0678512494475285,2.441704418760793,2.2187830340136827,-50.027446863362655
2026-04-14T11:46:11.927,4.003172397802615,4.004908561999116,4.003906727070017,4.003550052854422,-0.0021957490690121973,1.9827486266343897,3.0678512494475285,2.441704418760793,2.2187830340136827,-50.027446863362655
2026-04-14T11:46:12.036,4.0027344228467,4.004790544795426,4.00327205677462,4.003534317227263,0.0007368953791696264,1.7090142791875707,2.9940904971414994,2.0450354841372587,2.2089482670395455,-49.99078880776038
2026-04-14T11:46:12.144,4.0027344228467,4.004790544795426,4.00327205677462,4.003534317227263,0.0007368953791696264,1.7090142791875707,2.9940904971414994,2.0450354841372587,2.2089482670395455,-49.99078880776038
2026-04-14T11:46:12.254,4.0027344228467,4.004790544795426,4.00327205677462,4.003534317227263,0.0007368953791696264,1.7090142791875707,2.9940904971414994,2.0450354841372587,2.2089482670395455,-49.99078880776038
2026-04-14T11:46:12.364,4.003602504944951,4.004900694185537,4.003460884300523,4.003662824849059,0.0023052875713211957,2.25156559059414,3.06293386596046,2.163052687826905,2.289265530661666,-49.97118390535849
2026-04-14T11:46:12.474,4.003602504944951,4.004900694185537,4.003460884300523,4.003662824849059,0.0023052875713211957,2.25156559059414,3.06293386596046,2.163052687826905,2.289265530661666,-49.97118390535849
2026-04-14T11:46:12.582,4.003602504944951,4.004900694185537,4.003460884300523,4.003662824849059,0.0023052875713211957,2.25156559059414,3.06293386596046,2.163052687826905,2.289265530661666,-49.97118390535849
2026-04-14T11:46:12.691,4.003083229248716,4.00528097184187,4.003363847933045,4.003862142793068,0.003037203927658595,1.9270182804476121,3.300607401168776,2.102404958153059,2.413839245667404,-49.96203495090427
2026-04-14T11:46:12.800,4.003083229248716,4.00528097184187,4.003363847933045,4.003862142793068,0.003037203927658595,1.9270182804476121,3.300607401168776,2.102404958153059,2.413839245667404,-49.96203495090427
2026-04-14T11:46:12.910,4.003083229248716,4.00528097184187,4.003363847933045,4.003862142793068,0.003037203927658595,1.9270182804476121,3.300607401168776,2.102404958153059,2.413839245667404,-49.96203495090427
2026-04-14T11:46:13.021,4.0031907560343,4.005076408688808,4.003563165877054,4.003544807645369,0.0006970631965118087,1.9942225214375497,3.172755430504992,2.226978673158797,2.215504778355637,-49.9912867100436
2026-04-14T11:46:13.131,4.0031907560343,4.005076408688808,4.003563165877054,4.003544807645369,0.0006970631965118087,1.9942225214375497,3.172755430504992,2.226978673158797,2.215504778355637,-49.9912867100436
2026-04-14T11:46:13.253,4.0031907560343,4.005076408688808,4.003563165877054,4.003544807645369,0.0006970631965118087,1.9942225214375497,3.172755430504992,2.226978673158797,2.215504778355637,-49.9912867100436
2026-04-14T11:46:13.346,4.003311395842516,4.005002975762068,4.0034818651367345,4.0034399034643116,-0.00240486802796574,2.0696224015726017,3.1268598512923518,2.176165710459088,2.1499396651947222,-50.030060850349564
2026-04-14T11:46:13.455,4.003311395842516,4.005002975762068,4.0034818651367345,4.0034399034643116,-0.00240486802796574,2.0696224015726017,3.1268598512923518,2.176165710459088,2.1499396651947222,-50.030060850349564
2026-04-14T11:46:13.560,4.003311395842516,4.005002975762068,4.0034818651367345,4.0034399034643116,-0.00240486802796574,2.0696224015726017,3.1268598512923518,2.176165710459088,2.1499396651947222,-50.030060850349564
2026-04-14T11:46:13.673,4.0029652120450265,4.005092144315967,4.0036680700581115,4.003731012566746,-0.015225851820950792,1.853257528141583,3.1825901974791293,2.292543786319712,2.3318828542162606,-50.19032314776189
2026-04-14T11:46:13.782,4.0029652120450265,4.005092144315967,4.0036680700581115,4.003731012566746,-0.015225851820950792,1.853257528141583,3.1825901974791293,2.292543786319712,2.3318828542162606,-50.19032314776189
2026-04-14T11:46:13.891,4.0029652120450265,4.005092144315967,4.0036680700581115,4.003731012566746,-0.015225851820950792,1.853257528141583,3.1825901974791293,2.292543786319712,2.3318828542162606,-50.19032314776189
2026-04-14T11:46:14.000,4.002784252332702,4.005165577242707,4.003550052854422,4.00394868874244,-0.011038493619047712,1.7401577079390051,3.2284857766917696,2.2187830340136827,2.4679304640251587,-50.1379811702381
2026-04-14T11:46:14.111,4.002784252332702,4.005165577242707,4.003550052854422,4.00394868874244,-0.011038493619047712,1.7401577079390051,3.2284857766917696,2.2187830340136827,2.4679304640251587,-50.1379811702381
2026-04-14T11:46:14.216,4.002784252332702,4.005165577242707,4.003550052854422,4.00394868874244,-0.011038493619047712,1.7401577079390051,3.2284857766917696,2.2187830340136827,2.4679304640251587,-50.1379811702381
2026-04-14T11:46:14.330,4.002689838569751,4.00497937232133,4.0036497118264265,4.004121780641185,-0.0004929232603904933,1.6811491060941819,3.112107700831146,2.2810698915165517,2.576112900740668,-50.00616154075488
2026-04-14T11:46:14.439,4.002689838569751,4.00497937232133,4.0036497118264265,4.004121780641185,-0.0004929232603904933,1.6811491060941819,3.112107700831146,2.2810698915165517,2.576112900740668,-50.00616154075488
2026-04-14T11:46:14.549,4.002689838569751,4.00497937232133,4.0036497118264265,4.004121780641185,-0.0004929232603904933,1.6811491060941819,3.112107700831146,2.2810698915165517,2.576112900740668,-50.00616154075488
2026-04-14T11:46:14.659,4.002750158473859,4.005467176763247,4.0039985182284425,4.0037336351712725,-0.00703535926193704,1.7188490461617079,3.4169854770293995,2.499073892776593,2.3335219820452835,-50.08794199077421
2026-04-14T11:46:14.767,4.002750158473859,4.005467176763247,4.0039985182284425,4.0037336351712725,-0.00703535926193704,1.7188490461617079,3.4169854770293995,2.499073892776593,2.3335219820452835,-50.08794199077421
2026-04-14T11:46:14.875,4.002750158473859,4.005467176763247,4.0039985182284425,4.0037336351712725,-0.00703535926193704,1.7188490461617079,3.4169854770293995,2.499073892776593,2.3335219820452835,-50.08794199077421
2026-04-14T11:46:14.983,4.0031514169664035,4.00539112123198,4.003872633211174,4.004053592923498,-0.004894379444079342,1.9696356040022067,3.3694507699877363,2.4203957569834955,2.5334955771860734,-50.061179743050985
2026-04-14T11:46:15.091,4.0031514169664035,4.00539112123198,4.003872633211174,4.004053592923498,-0.004894379444079342,1.9696356040022067,3.3694507699877363,2.4203957569834955,2.5334955771860734,-50.061179743050985
2026-04-14T11:46:15.213,4.0031514169664035,4.00539112123198,4.003872633211174,4.004053592923498,-0.004894379444079342,1.9696356040022067,3.3694507699877363,2.4203957569834955,2.5334955771860734,-50.061179743050985
2026-04-14T11:46:15.322,4.002994060694817,4.005147219011022,4.003576278899686,4.003746748193905,-0.012676592130850465,1.8712879342608346,3.2170118818886095,2.2351743123039114,2.341717621190398,-50.15845740163562
2026-04-14T11:46:15.431,4.002994060694817,4.005147219011022,4.003576278899686,4.003746748193905,-0.012676592130850465,1.8712879342608346,3.2170118818886095,2.2351743123039114,2.341717621190398,-50.15845740163562
2026-04-14T11:46:15.541,4.002994060694817,4.005147219011022,4.003576278899686,4.003746748193905,-0.012676592130850465,1.8712879342608346,3.2170118818886095,2.2351743123039114,2.341717621190398,-50.15845740163562
2026-04-14T11:46:15.649,4.002857685259443,4.005357027373137,4.003772974239169,4.003222227288617,-0.01580341846948915,1.7860532871516455,3.348142108210439,2.3581088994806265,2.013892055385824,-50.19754273086862
2026-04-14T11:46:15.749,4.002857685259443,4.005357027373137,4.003772974239169,4.003222227288617,-0.01580341846948915,1.7860532871516455,3.348142108210439,2.3581088994806265,2.013892055385824,-50.19754273086862
2026-04-14T11:46:15.859,4.002857685259443,4.005357027373137,4.003772974239169,4.003222227288617,-0.01580341846948915,1.7860532871516455,3.348142108210439,2.3581088994806265,2.013892055385824,-50.19754273086862
2026-04-14T11:46:15.976,4.003384828769256,4.005060673061649,4.003397941791889,4.003329754074201,-0.014080676569538535,2.115517980785242,3.162920663530855,2.1237136199303563,2.0810962963757618,-50.17600845711924
2026-04-14T11:46:16.085,4.003384828769256,4.005060673061649,4.003397941791889,4.003329754074201,-0.014080676569538535,2.115517980785242,3.162920663530855,2.1237136199303563,2.0810962963757618,-50.17600845711924
2026-04-14T11:46:16.208,4.003384828769256,4.005060673061649,4.003397941791889,4.003329754074201,-0.014080676569538535,2.115517980785242,3.162920663530855,2.1237136199303563,2.0810962963757618,-50.17600845711924
2026-04-14T11:46:16.303,4.003390073978309,4.005029201807332,4.003859520188541,4.003615617967583,-0.010590381564147265,2.1187962364432877,3.1432511295825805,2.412200117838381,2.2597612297392544,-50.13237976955184
2026-04-14T11:46:16.412,4.003390073978309,4.005029201807332,4.003859520188541,4.003615617967583,-0.010590381564147265,2.1187962364432877,3.1432511295825805,2.412200117838381,2.2597612297392544,-50.13237976955184
2026-04-14T11:46:16.521,4.003390073978309,4.005029201807332,4.003859520188541,4.003615617967583,-0.010590381564147265,2.1187962364432877,3.1432511295825805,2.412200117838381,2.2597612297392544,-50.13237976955184
2026-04-14T11:46:16.630,4.002700328987856,4.005071163479756,4.003767729030116,4.0030071737174495,-0.009470101426896143,1.6877056174102734,3.1694771748475015,2.354830643822581,1.879483573405949,-50.118376267836204
2026-04-14T11:46:16.739,4.002700328987856,4.005071163479756,4.003767729030116,4.0030071737174495,-0.009470101426896143,1.6877056174102734,3.1694771748475015,2.354830643822581,1.879483573405949,-50.118376267836204
2026-04-14T11:46:16.849,4.002700328987856,4.005071163479756,4.003767729030116,4.0030071737174495,-0.009470101426896143,1.6877056174102734,3.1694771748475015,2.354830643822581,1.879483573405949,-50.118376267836204
2026-04-14T11:46:16.952,4.003114700503033,4.005029201807332,4.004134893663817,4.003783464657275,-0.013722186925618177,1.9466878143958866,3.1432511295825805,2.5843085398857824,2.364665410796718,-50.17152733657023
2026-04-14T11:46:17.065,4.003114700503033,4.005029201807332,4.004134893663817,4.003783464657275,-0.013722186925618177,1.9466878143958866,3.1432511295825805,2.5843085398857824,2.364665410796718,-50.17152733657023
2026-04-14T11:46:17.173,4.003114700503033,4.005029201807332,4.004134893663817,4.003783464657275,-0.013722186925618177,1.9466878143958866,3.1432511295825805,2.5843085398857824,2.364665410796718,-50.17152733657023
2026-04-14T11:46:17.280,4.0032169820795644,4.005218029333236,4.0039198400926495,4.0035238268091575,-0.021494441566724844,2.0106137997277784,3.261268333272227,2.449900057905907,2.202391755723454,-50.268680519584066
2026-04-14T11:46:17.390,4.0032169820795644,4.005218029333236,4.0039198400926495,4.0035238268091575,-0.021494441566724844,2.0106137997277784,3.261268333272227,2.449900057905907,2.202391755723454,-50.268680519584066
2026-04-14T11:46:17.500,4.0032169820795644,4.005218029333236,4.0039198400926495,4.0035238268091575,-0.021494441566724844,2.0106137997277784,3.261268333272227,2.449900057905907,2.202391755723454,-50.268680519584066
2026-04-14T11:46:17.609,4.002915382559024,4.00535440476861,4.004071951155183,4.003639221408321,-0.013064955911764186,1.8221140993901486,3.346502980381416,2.5449694719892335,2.2745133802004602,-50.16331194889705
2026-04-14T11:46:17.718,4.002915382559024,4.00535440476861,4.004071951155183,4.003639221408321,-0.013064955911764186,1.8221140993901486,3.346502980381416,2.5449694719892335,2.2745133802004602,-50.16331194889705
2026-04-14T11:46:17.826,4.002915382559024,4.00535440476861,4.004071951155183,4.003639221408321,-0.013064955911764186,1.8221140993901486,3.346502980381416,2.5449694719892335,2.2745133802004602,-50.16331194889705
2026-04-14T11:46:17.936,4.0030491353898725,4.005393743836507,4.003565788481581,4.003662824849059,-0.018218244543119343,1.9057096186703149,3.371089897816759,2.228617800988375,2.289265530661666,-50.22772805678899
2026-04-14T11:46:18.045,4.0030491353898725,4.005393743836507,4.003565788481581,4.003662824849059,-0.018218244543119343,1.9057096186703149,3.371089897816759,2.228617800988375,2.289265530661666,-50.22772805678899
2026-04-14T11:46:18.154,4.0030491353898725,4.005393743836507,4.003565788481581,4.003662824849059,-0.018218244543119343,1.9057096186703149,3.371089897816759,2.228617800988375,2.289265530661666,-50.22772805678899
2026-04-14T11:46:18.263,4.002959966835974,4.005189180683445,4.003862142793068,4.004061460737077,-0.0194729582968406,1.8499792724835373,3.2432379271529754,2.413839245667404,2.538412960673142,-50.243411978710505
2026-04-14T11:46:18.373,4.002959966835974,4.005189180683445,4.003862142793068,4.004061460737077,-0.0194729582968406,1.8499792724835373,3.2432379271529754,2.413839245667404,2.538412960673142,-50.243411978710505
2026-04-14T11:46:18.483,4.002959966835974,4.005189180683445,4.003862142793068,4.004061460737077,-0.0194729582968406,1.8499792724835373,3.2432379271529754,2.413839245667404,2.538412960673142,-50.243411978710505
2026-04-14T11:46:18.591,4.002836704423232,4.004845619490482,4.003589391922318,4.003988027810337,-0.02163883322885943,1.7729402645200176,3.0285121815509797,2.2433699514490257,2.4925173814605017,-50.270485415360746
2026-04-14T11:46:18.715,4.002836704423232,4.004845619490482,4.003589391922318,4.003988027810337,-0.02163883322885943,1.7729402645200176,3.0285121815509797,2.2433699514490257,2.4925173814605017,-50.270485415360746
2026-04-14T11:46:18.819,4.002836704423232,4.004845619490482,4.003589391922318,4.003988027810337,-0.02163883322885943,1.7729402645200176,3.0285121815509797,2.2433699514490257,2.4925173814605017,-50.270485415360746
2026-04-14T11:46:18.919,4.003201246452406,4.0054881575994585,4.004462719229622,4.003694296103376,-0.018750999986167655,2.000779032753641,3.4300984996615824,2.789199518513641,2.3089350646099405,-50.23438749982709
2026-04-14T11:46:19.042,4.003201246452406,4.0054881575994585,4.004462719229622,4.003694296103376,-0.018750999986167655,2.000779032753641,3.4300984996615824,2.789199518513641,2.3089350646099405,-50.23438749982709
2026-04-14T11:46:19.151,4.003201246452406,4.0054881575994585,4.004462719229622,4.003694296103376,-0.018750999986167655,2.000779032753641,3.4300984996615824,2.789199518513641,2.3089350646099405,-50.23438749982709
2026-04-14T11:46:19.253,4.00280785577344,4.005606174803148,4.00380182288896,4.00330877323799,-0.019692035301458594,1.754909858400211,3.5038592519676115,2.376139305599878,2.067983273743579,-50.246150441268234
2026-04-14T11:46:19.367,4.00280785577344,4.005606174803148,4.00380182288896,4.00330877323799,-0.019692035301458594,1.754909858400211,3.5038592519676115,2.376139305599878,2.067983273743579,-50.246150441268234
2026-04-14T11:46:19.476,4.00280785577344,4.005606174803148,4.00380182288896,4.00330877323799,-0.019692035301458594,1.754909858400211,3.5038592519676115,2.376139305599878,2.067983273743579,-50.246150441268234
2026-04-14T11:46:19.585,4.003445148673364,4.005309820491661,4.003786087261801,4.003783464657275,-0.01706311124604263,2.153217920852768,3.3186378072880274,2.366304538625741,2.364665410796718,-50.213288890575534
2026-04-14T11:46:19.694,4.003445148673364,4.005309820491661,4.003786087261801,4.003783464657275,-0.01706311124604263,2.153217920852768,3.3186378072880274,2.366304538625741,2.364665410796718,-50.213288890575534
2026-04-14T11:46:19.801,4.003445148673364,4.005309820491661,4.003786087261801,4.003783464657275,-0.01706311124604263,2.153217920852768,3.3186378072880274,2.366304538625741,2.364665410796718,-50.213288890575534
2026-04-14T11:46:19.913,4.002312183517944,4.00493478804438,4.003623485781162,4.003796577679907,-0.02441712796924221,1.4451146987148888,3.084242527737757,2.264678613226323,2.3728610499418323,-50.305214099615526
2026-04-14T11:46:20.021,4.002312183517944,4.00493478804438,4.003623485781162,4.003796577679907,-0.02441712796924221,1.4451146987148888,3.084242527737757,2.264678613226323,2.3728610499418323,-50.305214099615526
2026-04-14T11:46:20.130,4.002312183517944,4.00493478804438,4.003623485781162,4.003796577679907,-0.02441712796924221,1.4451146987148888,3.084242527737757,2.264678613226323,2.3728610499418323,-50.305214099615526
2026-04-14T11:46:20.240,4.0033795835602035,4.00532555611882,4.003951311346967,4.003586769317792,-0.020872063712696443,2.1122397251271963,3.3284725742627197,2.4695695918541816,2.241730823620003,-50.260900796408706
2026-04-14T11:46:20.342,4.0033795835602035,4.00532555611882,4.003951311346967,4.003586769317792,-0.020872063712696443,2.1122397251271963,3.3284725742627197,2.4695695918541816,2.241730823620003,-50.260900796408706
2026-04-14T11:46:20.459,4.0033795835602035,4.00532555611882,4.003951311346967,4.003586769317792,-0.020872063712696443,2.1122397251271963,3.3284725742627197,2.4695695918541816,2.241730823620003,-50.260900796408706
2026-04-14T11:46:20.567,4.00315403957093,4.005081653897861,4.003961801765072,4.003237962915777,-0.014050802432545173,1.9712747318312296,3.176033686163038,2.476126103170273,2.0237268223605165,-50.175635030406816
2026-04-14T11:46:20.669,4.00315403957093,4.005081653897861,4.003961801765072,4.003237962915777,-0.014050802432545173,1.9712747318312296,3.176033686163038,2.476126103170273,2.0237268223605165,-50.175635030406816
2026-04-14T11:46:20.785,4.00315403957093,4.005081653897861,4.003961801765072,4.003237962915777,-0.014050802432545173,1.9712747318312296,3.176033686163038,2.476126103170273,2.0237268223605165,-50.175635030406816
2026-04-14T11:46:20.896,4.003135681339245,4.004992485343962,4.004210949195084,4.003453016486944,-0.013687333765792587,1.9598008370280695,3.1203033399762603,2.6318432469274455,2.1581353043398366,-50.17109167207241
2026-04-14T11:46:21.004,4.003135681339245,4.004992485343962,4.004210949195084,4.003453016486944,-0.013687333765792587,1.9598008370280695,3.1203033399762603,2.6318432469274455,2.1581353043398366,-50.17109167207241
2026-04-14T11:46:21.112,4.003135681339245,4.004992485343962,4.004210949195084,4.003453016486944,-0.013687333765792587,1.9598008370280695,3.1203033399762603,2.6318432469274455,2.1581353043398366,-50.17109167207241
2026-04-14T11:46:21.221,4.003182888220721,4.005616665221254,4.003843784561383,4.003783464657275,-0.015564425373542242,1.9893051379504811,3.510415763283703,2.402365350864244,2.364665410796718,-50.194555317169275
2026-04-14T11:46:21.330,4.003182888220721,4.005616665221254,4.003843784561383,4.003783464657275,-0.015564425373542242,1.9893051379504811,3.510415763283703,2.402365350864244,2.364665410796718,-50.194555317169275
2026-04-14T11:46:21.438,4.003182888220721,4.005616665221254,4.003843784561383,4.003783464657275,-0.015564425373542242,1.9893051379504811,3.510415763283703,2.402365350864244,2.364665410796718,-50.194555317169275
2026-04-14T11:46:21.546,4.003038644971767,4.005309820491661,4.003644466617374,4.003759861216538,-0.02030445510982254,1.8991531073542234,3.3186378072880274,2.277791635858506,2.3499132603360673,-50.253805688872774
2026-04-14T11:46:21.656,4.003038644971767,4.005309820491661,4.003644466617374,4.003759861216538,-0.02030445510982254,1.8991531073542234,3.3186378072880274,2.277791635858506,2.3499132603360673,-50.253805688872774
2026-04-14T11:46:21.764,4.003038644971767,4.005309820491661,4.003644466617374,4.003759861216538,-0.02030445510982254,1.8991531073542234,3.3186378072880274,2.277791635858506,2.3499132603360673,-50.253805688872774
2026-04-14T11:46:21.873,4.003471374718629,4.0053019526780815,4.003867388002121,4.00368380568527,-0.015375222505917609,2.1696091991429967,3.3137204238009588,2.41711750132545,2.302378553293849,-50.19219028132397
2026-04-14T11:46:21.982,4.003471374718629,4.0053019526780815,4.003867388002121,4.00368380568527,-0.015375222505917609,2.1696091991429967,3.3137204238009588,2.41711750132545,2.302378553293849,-50.19219028132397
2026-04-14T11:46:22.091,4.003471374718629,4.0053019526780815,4.003867388002121,4.00368380568527,-0.015375222505917609,2.1696091991429967,3.3137204238009588,2.41711750132545,2.302378553293849,-50.19219028132397
2026-04-14T11:46:22.200,4.003358602723992,4.005690098147994,4.00394868874244,4.003534317227263,-0.024521687448718982,2.0991267024950133,3.5563113424963433,2.4679304640251587,2.2089482670395455,-50.30652109310899
2026-04-14T11:46:22.325,4.003358602723992,4.005690098147994,4.00394868874244,4.003534317227263,-0.024521687448718982,2.0991267024950133,3.5563113424963433,2.4679304640251587,2.2089482670395455,-50.30652109310899
2026-04-14T11:46:22.434,4.003358602723992,4.005690098147994,4.00394868874244,4.003534317227263,-0.024521687448718982,2.0991267024950133,3.5563113424963433,2.4679304640251587,2.2089482670395455,-50.30652109310899
2026-04-14T11:46:22.528,4.002705574196909,4.005092144315967,4.004092931991394,4.003211736870512,-0.01720750290817722,1.690983873068319,3.1825901974791293,2.5580824946214165,2.0073355440697327,-50.21509378635221
2026-04-14T11:46:22.651,4.002705574196909,4.005092144315967,4.004092931991394,4.003211736870512,-0.01720750290817722,1.690983873068319,3.1825901974791293,2.5580824946214165,2.0073355440697327,-50.21509378635221
2026-04-14T11:46:22.760,4.002705574196909,4.005092144315967,4.004092931991394,4.003211736870512,-0.01720750290817722,1.690983873068319,3.1825901974791293,2.5580824946214165,2.0073355440697327,-50.21509378635221
2026-04-14T11:46:22.869,4.00280785577344,4.005168199847233,4.003641844012847,4.00372052214864,-0.010854269774255305,1.754909858400211,3.2301249045207925,2.276152508029483,2.325326342900169,-50.13567837217819
2026-04-14T11:46:22.979,4.00280785577344,4.005168199847233,4.003641844012847,4.00372052214864,-0.010854269774255305,1.754909858400211,3.2301249045207925,2.276152508029483,2.325326342900169,-50.13567837217819
2026-04-14T11:46:23.087,4.00280785577344,4.005168199847233,4.003641844012847,4.00372052214864,-0.010854269774255305,1.754909858400211,3.2301249045207925,2.276152508029483,2.325326342900169,-50.13567837217819
2026-04-14T11:46:23.196,4.003589391922318,4.005291462259976,4.003387451373783,4.004237175240348,-0.011680787564405024,2.2433699514490257,3.3071639124848673,2.117157108614265,2.648234525217674,-50.14600984455506
2026-04-14T11:46:23.305,4.003589391922318,4.005291462259976,4.003387451373783,4.004237175240348,-0.011680787564405024,2.2433699514490257,3.3071639124848673,2.117157108614265,2.648234525217674,-50.14600984455506
2026-04-14T11:46:23.415,4.003589391922318,4.005291462259976,4.003387451373783,4.004237175240348,-0.011680787564405024,2.2433699514490257,3.3071639124848673,2.117157108614265,2.648234525217674,-50.14600984455506
2026-04-14T11:46:23.523,4.002944231208815,4.00558257136241,4.003741502984852,4.003508091181999,-0.007891751189080119,1.8401445055094001,3.4891071015064057,2.338439365532352,2.192556988749317,-50.098646889863495
2026-04-14T11:46:23.622,4.002944231208815,4.00558257136241,4.003741502984852,4.003508091181999,-0.007891751189080119,1.8401445055094001,3.4891071015064057,2.338439365532352,2.192556988749317,-50.098646889863495
2026-04-14T11:46:23.741,4.002944231208815,4.00558257136241,4.003741502984852,4.003508091181999,-0.007891751189080119,1.8401445055094001,3.4891071015064057,2.338439365532352,2.192556988749317,-50.098646889863495
2026-04-14T11:46:23.851,4.003112077898507,4.0052835944463965,4.003828048934224,4.003830671538751,0.0039035539004661285,1.9450486865668637,3.3022465289977987,2.3925305838901068,2.3941697117191296,-49.95120557624417
2026-04-14T11:46:23.961,4.003112077898507,4.0052835944463965,4.003828048934224,4.003830671538751,0.0039035539004661285,1.9450486865668637,3.3022465289977987,2.3925305838901068,2.3941697117191296,-49.95120557624417
2026-04-14T11:46:24.071,4.003112077898507,4.0052835944463965,4.003828048934224,4.003830671538751,0.0039035539004661285,1.9450486865668637,3.3022465289977987,2.3925305838901068,2.3941697117191296,-49.95120557624417
2026-04-14T11:46:24.180,4.003269434170093,4.005092144315967,4.003849029770436,4.003788709866328,0.0007468534248340808,2.043396356308236,3.1825901974791293,2.4056436065222897,2.3679436664547637,-49.990664332189574
2026-04-14T11:46:24.289,4.003269434170093,4.005092144315967,4.003849029770436,4.003788709866328,0.0007468534248340808,2.043396356308236,3.1825901974791293,2.4056436065222897,2.3679436664547637,-49.990664332189574
2026-04-14T11:46:24.399,4.003269434170093,4.005092144315967,4.003849029770436,4.003788709866328,0.0007468534248340808,2.043396356308236,3.1825901974791293,2.4056436065222897,2.3679436664547637,-49.990664332189574
2026-04-14T11:46:24.509,4.0032773019836725,4.005417347277245,4.003712654335061,4.00383853935233,-0.016346131958201914,2.0483137397953044,3.385842048277965,2.3204089594131005,2.3990870952061982,-50.20432664947753
2026-04-14T11:46:24.619,4.0032773019836725,4.005417347277245,4.003712654335061,4.00383853935233,-0.016346131958201914,2.0483137397953044,3.385842048277965,2.3204089594131005,2.3990870952061982,-50.20432664947753
2026-04-14T11:46:24.727,4.0032773019836725,4.005417347277245,4.003712654335061,4.00383853935233,-0.016346131958201914,2.0483137397953044,3.385842048277965,2.3204089594131005,2.3990870952061982,-50.20432664947753
2026-04-14T11:46:24.836,4.0031094552939805,4.005225897146815,4.004045725109918,4.003494978159367,-0.02118076312829453,1.9434095587378408,3.2661857167592956,2.528578193699005,2.1843613496042025,-50.26475953910368
2026-04-14T11:46:24.944,4.0031094552939805,4.005225897146815,4.004045725109918,4.003494978159367,-0.02118076312829453,1.9434095587378408,3.2661857167592956,2.528578193699005,2.1843613496042025,-50.26475953910368
2026-04-14T11:46:25.052,4.0031094552939805,4.005225897146815,4.004045725109918,4.003494978159367,-0.02118076312829453,1.9434095587378408,3.2661857167592956,2.528578193699005,2.1843613496042025,-50.26475953910368
2026-04-14T11:46:25.164,4.0032353403112495,4.005191803287971,4.003631353594741,4.003846407165909,-0.01812862213213925,2.0220876945309385,3.2448770549819983,2.2695959967133916,2.404004478693267,-50.22660777665175
2026-04-14T11:46:25.275,4.0032353403112495,4.005191803287971,4.003631353594741,4.003846407165909,-0.01812862213213925,2.0220876945309385,3.2448770549819983,2.2695959967133916,2.404004478693267,-50.22660777665175
2026-04-14T11:46:25.383,4.0032353403112495,4.005191803287971,4.003631353594741,4.003846407165909,-0.01812862213213925,2.0220876945309385,3.2448770549819983,2.2695959967133916,2.404004478693267,-50.22660777665175
2026-04-14T11:46:25.492,4.003489732950314,4.005136728592916,4.004174232731714,4.003633976199268,-0.0173319784789829,2.1810830939461567,3.210455370572518,2.6088954573211254,2.2712351245424145,-50.216649730987285
2026-04-14T11:46:25.600,4.003489732950314,4.005136728592916,4.004174232731714,4.003633976199268,-0.0173319784789829,2.1810830939461567,3.210455370572518,2.6088954573211254,2.2712351245424145,-50.216649730987285
2026-04-14T11:46:25.710,4.003489732950314,4.005136728592916,4.004174232731714,4.003633976199268,-0.0173319784789829,2.1810830939461567,3.210455370572518,2.6088954573211254,2.2712351245424145,-50.216649730987285
2026-04-14T11:46:25.819,4.003400564396415,4.004874468140272,4.003689050894323,4.003508091181999,-0.0121338786421377,2.125352747759379,3.0465425876702312,2.3056568089518947,2.192556988749317,-50.15167348302673
2026-04-14T11:46:25.926,4.003400564396415,4.004874468140272,4.003689050894323,4.003508091181999,-0.0121338786421377,2.125352747759379,3.0465425876702312,2.3056568089518947,2.192556988749317,-50.15167348302673
2026-04-14T11:46:26.038,4.003400564396415,4.004874468140272,4.003689050894323,4.003508091181999,-0.0121338786421377,2.125352747759379,3.0465425876702312,2.3056568089518947,2.192556988749317,-50.15167348302673
2026-04-14T11:46:26.149,4.003243208124829,4.005404234254613,4.003786087261801,4.004229307426769,-0.006781429097493454,2.027005078018007,3.3776464091328506,2.366304538625741,2.6433171417306056,-50.08476786371867
2026-04-14T11:46:26.257,4.003243208124829,4.005404234254613,4.003786087261801,4.004229307426769,-0.006781429097493454,2.027005078018007,3.3776464091328506,2.366304538625741,2.6433171417306056,-50.08476786371867
2026-04-14T11:46:26.366,4.003243208124829,4.005404234254613,4.003786087261801,4.004229307426769,-0.006781429097493454,2.027005078018007,3.3776464091328506,2.366304538625741,2.6433171417306056,-50.08476786371867
2026-04-14T11:46:26.473,4.002881288700181,4.005233764960394,4.003686428289797,4.003374338351151,-0.0019219028132397011,1.8008054376128513,3.271103100246364,2.304017681122872,2.1089614694691505,-50.0240237851655
2026-04-14T11:46:26.584,4.002881288700181,4.005233764960394,4.003686428289797,4.003374338351151,-0.0019219028132397011,1.8008054376128513,3.271103100246364,2.304017681122872,2.1089614694691505,-50.0240237851655
2026-04-14T11:46:26.707,4.002881288700181,4.005233764960394,4.003686428289797,4.003374338351151,-0.0019219028132397011,1.8008054376128513,3.271103100246364,2.304017681122872,2.1089614694691505,-50.0240237851655
2026-04-14T11:46:26.802,4.003484487741261,4.005522251458302,4.003555298063475,4.003096342271348,-0.010326493354039222,2.177804838288111,3.4514071614388797,2.2220612896717284,1.9352139195927265,-50.129081166925495
2026-04-14T11:46:26.911,4.003484487741261,4.005522251458302,4.003555298063475,4.003096342271348,-0.010326493354039222,2.177804838288111,3.4514071614388797,2.2220612896717284,1.9352139195927265,-50.129081166925495
2026-04-14T11:46:27.013,4.003484487741261,4.005522251458302,4.003555298063475,4.003096342271348,-0.010326493354039222,2.177804838288111,3.4514071614388797,2.2220612896717284,1.9352139195927265,-50.129081166925495
2026-04-14T11:46:27.128,4.003746748193905,4.005687475543468,4.003901481860964,4.003673315267164,-0.004869484329918207,2.341717621190398,3.5546722146673204,2.438426163102747,2.2958220419777575,-50.060868554123985
2026-04-14T11:46:27.238,4.003746748193905,4.005687475543468,4.003901481860964,4.003673315267164,-0.004869484329918207,2.341717621190398,3.5546722146673204,2.438426163102747,2.2958220419777575,-50.060868554123985
2026-04-14T11:46:27.346,4.003746748193905,4.005687475543468,4.003901481860964,4.003673315267164,-0.004869484329918207,2.341717621190398,3.5546722146673204,2.438426163102747,2.2958220419777575,-50.060868554123985
2026-04-14T11:46:27.455,4.003135681339245,4.005679607729888,4.003770351634643,4.00352907201821,0.009126548851472467,1.9598008370280695,3.549754831180252,2.3564697716516037,2.2056700113814998,-49.8859181393566
2026-04-14T11:46:27.563,4.003135681339245,4.005679607729888,4.003770351634643,4.00352907201821,0.009126548851472467,1.9598008370280695,3.549754831180252,2.3564697716516037,2.2056700113814998,-49.8859181393566
2026-04-14T11:46:27.673,4.003135681339245,4.005679607729888,4.003770351634643,4.00352907201821,0.009126548851472467,1.9598008370280695,3.549754831180252,2.3564697716516037,2.2056700113814998,-49.8859181393566
2026-04-14T11:46:27.780,4.0030438901808205,4.005611420012201,4.003571033690633,4.003222227288617,-0.0010256787034388043,1.9024313630128242,3.5071375076256572,2.2318960566458657,2.013892055385824,-50.012820983792984
2026-04-14T11:46:27.890,4.0030438901808205,4.005611420012201,4.003571033690633,4.003222227288617,-0.0010256787034388043,1.9024313630128242,3.5071375076256572,2.2318960566458657,2.013892055385824,-50.012820983792984
2026-04-14T11:46:27.999,4.0030438901808205,4.005611420012201,4.003571033690633,4.003222227288617,-0.0010256787034388043,1.9024313630128242,3.5071375076256572,2.2318960566458657,2.013892055385824,-50.012820983792984
2026-04-14T11:46:28.108,4.0033612253285185,4.005197048497024,4.003977537392231,4.003468752114102,-0.004466183480507803,2.100765830324036,3.248155310640044,2.4859608701444103,2.167970071313974,-50.05582729350635
2026-04-14T11:46:28.219,4.0033612253285185,4.005197048497024,4.003977537392231,4.003468752114102,-0.004466183480507803,2.100765830324036,3.248155310640044,2.4859608701444103,2.167970071313974,-50.05582729350635
2026-04-14T11:46:28.327,4.0033612253285185,4.005197048497024,4.003977537392231,4.003468752114102,-0.004466183480507803,2.100765830324036,3.248155310640044,2.4859608701444103,2.167970071313974,-50.05582729350635
2026-04-14T11:46:28.438,4.00330877323799,4.005433082904403,4.003770351634643,4.003355980119466,-0.00831994715265166,2.067983273743579,3.395676815252102,2.3564697716516037,2.0974875746659905,-50.10399933940815
2026-04-14T11:46:28.546,4.00330877323799,4.005433082904403,4.003770351634643,4.003355980119466,-0.00831994715265166,2.067983273743579,3.395676815252102,2.3564697716516037,2.0974875746659905,-50.10399933940815
2026-04-14T11:46:28.655,4.00330877323799,4.005433082904403,4.003770351634643,4.003355980119466,-0.00831994715265166,2.067983273743579,3.395676815252102,2.3564697716516037,2.0974875746659905,-50.10399933940815
2026-04-14T11:46:28.764,4.0032956602153575,4.005215406728709,4.003859520188541,4.003274679379146,-0.010182101691904635,2.0597876345984645,3.259629205443204,2.412200117838381,2.0466746119662815,-50.127276271148816
2026-04-14T11:46:28.873,4.0032956602153575,4.005215406728709,4.003859520188541,4.003274679379146,-0.010182101691904635,2.0597876345984645,3.259629205443204,2.412200117838381,2.0466746119662815,-50.127276271148816
2026-04-14T11:46:28.983,4.0032956602153575,4.005215406728709,4.003859520188541,4.003274679379146,-0.010182101691904635,2.0597876345984645,3.259629205443204,2.412200117838381,2.0466746119662815,-50.127276271148816
2026-04-14T11:46:29.093,4.003890991442859,4.005160332033654,4.003479242532208,4.0040221216691805,-0.014274858459995397,2.4318696517866556,3.225207521033724,2.1745265826300653,2.513826043237799,-50.17843573074994
2026-04-14T11:46:29.204,4.003890991442859,4.005160332033654,4.003479242532208,4.0040221216691805,-0.014274858459995397,2.4318696517866556,3.225207521033724,2.1745265826300653,2.513826043237799,-50.17843573074994
2026-04-14T11:46:29.311,4.003890991442859,4.005160332033654,4.003479242532208,4.0040221216691805,-0.014274858459995397,2.4318696517866556,3.225207521033724,2.1745265826300653,2.513826043237799,-50.17843573074994
2026-04-14T11:46:29.421,4.003196001243353,4.005532741876409,4.003817558516118,4.003408432209994,-0.011635976358914979,1.9975007770955955,3.4579636727555263,2.3859740725740153,2.130270131246448,-50.14544970448643
2026-04-14T11:46:29.530,4.003196001243353,4.005532741876409,4.003817558516118,4.003408432209994,-0.011635976358914979,1.9975007770955955,3.4579636727555263,2.3859740725740153,2.130270131246448,-50.14544970448643
2026-04-14T11:46:29.653,4.003196001243353,4.005532741876409,4.003817558516118,4.003408432209994,-0.011635976358914979,1.9975007770955955,3.4579636727555263,2.3859740725740153,2.130270131246448,-50.14544970448643
2026-04-14T11:46:29.747,4.003209114265985,4.005322933514293,4.00399327301939,4.003571033690633,-0.01845723763906625,2.00569641624071,3.3268334464331417,2.4957956371185475,2.2318960566458657,-50.23071547048833
2026-04-14T11:46:29.856,4.003209114265985,4.005322933514293,4.00399327301939,4.003571033690633,-0.01845723763906625,2.00569641624071,3.3268334464331417,2.4957956371185475,2.2318960566458657,-50.23071547048833
2026-04-14T11:46:29.967,4.003209114265985,4.005322933514293,4.00399327301939,4.003571033690633,-0.01845723763906625,2.00569641624071,3.3268334464331417,2.4957956371185475,2.2318960566458657,-50.23071547048833
2026-04-14T11:46:30.076,4.003219604684091,4.0051393511974425,4.003681183080744,4.003521204204631,-0.017232398022338356,2.0122529275568013,3.212094498401541,2.300739425464826,2.200752627894431,-50.215404975279235
2026-04-14T11:46:30.186,4.003219604684091,4.0051393511974425,4.003681183080744,4.003521204204631,-0.017232398022338356,2.0122529275568013,3.212094498401541,2.300739425464826,2.200752627894431,-50.215404975279235
2026-04-14T11:46:30.295,4.003219604684091,4.0051393511974425,4.003681183080744,4.003521204204631,-0.017232398022338356,2.0122529275568013,3.212094498401541,2.300739425464826,2.200752627894431,-50.215404975279235
2026-04-14T11:46:30.405,4.003416300023574,4.005448818531562,4.004289627330877,4.003502845972946,-0.013393571418691182,2.1351875147335164,3.4055115822262394,2.6810170817981316,2.189278733091271,-50.167419642733634
2026-04-14T11:46:30.513,4.003416300023574,4.005448818531562,4.004289627330877,4.003502845972946,-0.013393571418691182,2.1351875147335164,3.4055115822262394,2.6810170817981316,2.189278733091271,-50.167419642733634
2026-04-14T11:46:30.638,4.003416300023574,4.005448818531562,4.004289627330877,4.003502845972946,-0.013393571418691182,2.1351875147335164,3.4055115822262394,2.6810170817981316,2.189278733091271,-50.167419642733634
2026-04-14T11:46:30.745,4.00315403957093,4.005359649977663,4.004182100545293,4.003791332470854,-0.0028031898545439163,1.9712747318312296,3.349781236039462,2.613812840808194,2.3695827942837866,-50.035039873181795
2026-04-14T11:46:30.870,4.00315403957093,4.005359649977663,4.004182100545293,4.003791332470854,-0.0028031898545439163,1.9712747318312296,3.349781236039462,2.613812840808194,2.3695827942837866,-50.035039873181795
2026-04-14T11:46:30.965,4.00315403957093,4.005359649977663,4.004182100545293,4.003791332470854,-0.0028031898545439163,1.9712747318312296,3.349781236039462,2.613812840808194,2.3695827942837866,-50.035039873181795
2026-04-14T11:46:31.072,4.003085851853243,4.005380630813875,4.00399327301939,4.003828048934224,-0.0024347421649591034,1.928657408276635,3.362894258671645,2.4957956371185475,2.3925305838901068,-50.030434277061985
2026-04-14T11:46:31.182,4.003085851853243,4.005380630813875,4.00399327301939,4.003828048934224,-0.0024347421649591034,1.928657408276635,3.362894258671645,2.4957956371185475,2.3925305838901068,-50.030434277061985
2026-04-14T11:46:31.290,4.003085851853243,4.005380630813875,4.00399327301939,4.003828048934224,-0.0024347421649591034,1.928657408276635,3.362894258671645,2.4957956371185475,2.3925305838901068,-50.030434277061985
2026-04-14T11:46:31.400,4.003633976199268,4.005197048497024,4.004171610127187,4.00380182288896,-0.013214326596731002,2.2712351245424145,3.248155310640044,2.6072563294921025,2.376139305599878,-50.16517908245913
2026-04-14T11:46:31.509,4.003633976199268,4.005197048497024,4.004171610127187,4.00380182288896,-0.013214326596731002,2.2712351245424145,3.248155310640044,2.6072563294921025,2.376139305599878,-50.16517908245913
2026-04-14T11:46:31.618,4.003633976199268,4.005197048497024,4.004171610127187,4.00380182288896,-0.013214326596731002,2.2712351245424145,3.248155310640044,2.6072563294921025,2.376139305599878,-50.16517908245913
2026-04-14T11:46:31.728,4.003245830729355,4.005501270622091,4.003974914787705,4.003636598803794,-0.009400395107244964,2.02864420584703,3.4382941388066968,2.4843217423153874,2.2728742523714374,-50.11750493884056
2026-04-14T11:46:31.836,4.003245830729355,4.005501270622091,4.003974914787705,4.003636598803794,-0.009400395107244964,2.02864420584703,3.4382941388066968,2.4843217423153874,2.2728742523714374,-50.11750493884056
2026-04-14T11:46:31.946,4.003245830729355,4.005501270622091,4.003974914787705,4.003636598803794,-0.009400395107244964,2.02864420584703,3.4382941388066968,2.4843217423153874,2.2728742523714374,-50.11750493884056
2026-04-14T11:46:32.044,4.0035238268091575,4.005417347277245,4.003665447453585,4.003731012566746,-0.005322575407650882,2.202391755723454,3.385842048277965,2.290904658490689,2.3318828542162606,-50.06653219259564
2026-04-14T11:46:32.162,4.0035238268091575,4.005417347277245,4.003665447453585,4.003731012566746,-0.005322575407650882,2.202391755723454,3.385842048277965,2.290904658490689,2.3318828542162606,-50.06653219259564
2026-04-14T11:46:32.271,4.0035238268091575,4.005417347277245,4.003665447453585,4.003731012566746,-0.005322575407650882,2.202391755723454,3.385842048277965,2.290904658490689,2.3318828542162606,-50.06653219259564
2026-04-14T11:46:32.380,4.003432035650733,4.0056979659615735,4.003702163916955,4.003476619927682,-0.01350310992100018,2.1450222817082087,3.561228725983412,2.313852448097009,2.1728874548010424,-50.168788874012506
2026-04-14T11:46:32.488,4.003432035650733,4.0056979659615735,4.003702163916955,4.003476619927682,-0.01350310992100018,2.1450222817082087,3.561228725983412,2.313852448097009,2.1728874548010424,-50.168788874012506
2026-04-14T11:46:32.598,4.003432035650733,4.0056979659615735,4.003702163916955,4.003476619927682,-0.01350310992100018,2.1450222817082087,3.561228725983412,2.313852448097009,2.1728874548010424,-50.168788874012506
2026-04-14T11:46:32.700,4.003245830729355,4.005265236214712,4.003468752114102,4.003623485781162,-0.0016480565574672047,2.02864420584703,3.2907726341951937,2.167970071313974,2.264678613226323,-50.020600706968345
2026-04-14T11:46:32.818,4.003245830729355,4.005265236214712,4.003468752114102,4.003623485781162,-0.0016480565574672047,2.02864420584703,3.2907726341951937,2.167970071313974,2.264678613226323,-50.020600706968345
2026-04-14T11:46:32.929,4.003245830729355,4.005265236214712,4.003468752114102,4.003623485781162,-0.0016480565574672047,2.02864420584703,3.2907726341951937,2.167970071313974,2.264678613226323,-50.020600706968345
2026-04-14T11:46:33.038,4.003513336391052,4.0049295428353275,4.003841161956856,4.00399327301939,-0.0029525605395107324,2.1958352444073626,3.0809642720797115,2.400726223035221,2.4957956371185475,-50.03690700674388
2026-04-14T11:46:33.146,4.003513336391052,4.0049295428353275,4.003841161956856,4.00399327301939,-0.0029525605395107324,2.1958352444073626,3.0809642720797115,2.400726223035221,2.4957956371185475,-50.03690700674388
2026-04-14T11:46:33.259,4.003513336391052,4.0049295428353275,4.003841161956856,4.00399327301939,-0.0029525605395107324,2.1958352444073626,3.0809642720797115,2.400726223035221,2.4957956371185475,-50.03690700674388
2026-04-14T11:46:33.367,4.003484487741261,4.005414724672718,4.004019499064654,4.003510713786525,-0.013712228879953723,2.177804838288111,3.384202920448942,2.512186915408776,2.1941961165783397,-50.17140286099943
2026-04-14T11:46:33.477,4.003484487741261,4.005414724672718,4.004019499064654,4.003510713786525,-0.013712228879953723,2.177804838288111,3.384202920448942,2.512186915408776,2.1941961165783397,-50.17140286099943
2026-04-14T11:46:33.586,4.003484487741261,4.005414724672718,4.004019499064654,4.003510713786525,-0.013712228879953723,2.177804838288111,3.384202920448942,2.512186915408776,2.1941961165783397,-50.17140286099943
2026-04-14T11:46:33.694,4.003164529989037,4.005110502547652,4.003466129509576,4.003744125589378,-0.0030272458819941405,1.9778312431478762,3.1940640922822894,2.166330943484951,2.340078493361375,-50.037840573524925
2026-04-14T11:46:33.804,4.003164529989037,4.005110502547652,4.003466129509576,4.003744125589378,-0.0030272458819941405,1.9778312431478762,3.1940640922822894,2.166330943484951,2.340078493361375,-50.037840573524925
2026-04-14T11:46:33.912,4.003164529989037,4.005110502547652,4.003466129509576,4.003744125589378,-0.0030272458819941405,1.9778312431478762,3.1940640922822894,2.166330943484951,2.340078493361375,-50.037840573524925
2026-04-14T11:46:34.021,4.003269434170093,4.005223274542288,4.003702163916955,4.003841161956856,-0.0080709960110403,2.043396356308236,3.2645465889302727,2.313852448097009,2.400726223035221,-50.100887450137996
2026-04-14T11:46:34.130,4.003269434170093,4.005223274542288,4.003702163916955,4.003841161956856,-0.0080709960110403,2.043396356308236,3.2645465889302727,2.313852448097009,2.400726223035221,-50.100887450137996
2026-04-14T11:46:34.239,4.003269434170093,4.005223274542288,4.003702163916955,4.003841161956856,-0.0080709960110403,2.043396356308236,3.2645465889302727,2.313852448097009,2.400726223035221,-50.100887450137996
2026-04-14T11:46:34.348,4.002967834649553,4.0051577094291275,4.00399327301939,4.003555298063475,-0.0030770361103164127,1.854896655970606,3.223568393204701,2.4957956371185475,2.2220612896717284,-50.03846295137896
2026-04-14T11:46:34.458,4.002967834649553,4.0051577094291275,4.00399327301939,4.003555298063475,-0.0030770361103164127,1.854896655970606,3.223568393204701,2.4957956371185475,2.2220612896717284,-50.03846295137896
2026-04-14T11:46:34.566,4.002967834649553,4.0051577094291275,4.00399327301939,4.003555298063475,-0.0030770361103164127,1.854896655970606,3.223568393204701,2.4957956371185475,2.2220612896717284,-50.03846295137896
2026-04-14T11:46:34.676,4.003104210084929,4.005120992965757,4.003508091181999,4.003767729030116,-0.008628646568249746,1.9401313030803502,3.200620603598381,2.192556988749317,2.354830643822581,-50.10785808210312
2026-04-14T11:46:34.785,4.003104210084929,4.005120992965757,4.003508091181999,4.003767729030116,-0.008628646568249746,1.9401313030803502,3.200620603598381,2.192556988749317,2.354830643822581,-50.10785808210312
2026-04-14T11:46:34.894,4.003104210084929,4.005120992965757,4.003508091181999,4.003767729030116,-0.008628646568249746,1.9401313030803502,3.200620603598381,2.192556988749317,2.354830643822581,-50.10785808210312
2026-04-14T11:46:35.004,4.003494978159367,4.005246877983026,4.003353357514939,4.003746748193905,-0.007727443435616621,2.1843613496042025,3.2792987393914785,2.0958484468369676,2.341717621190398,-50.0965930429452
2026-04-14T11:46:35.111,4.003494978159367,4.005246877983026,4.003353357514939,4.003746748193905,-0.007727443435616621,2.1843613496042025,3.2792987393914785,2.0958484468369676,2.341717621190398,-50.0965930429452
2026-04-14T11:46:35.223,4.003494978159367,4.005246877983026,4.003353357514939,4.003746748193905,-0.007727443435616621,2.1843613496042025,3.2792987393914785,2.0958484468369676,2.341717621190398,-50.0965930429452
2026-04-14T11:46:35.333,4.002839327027758,4.004892826371957,4.004087686782342,4.003172397802615,-0.0038637217178083107,1.7745793923484854,3.0580164824733913,2.554804238963926,1.9827486266343897,-50.0482965214726
2026-04-14T11:46:35.456,4.002839327027758,4.004892826371957,4.004087686782342,4.003172397802615,-0.0038637217178083107,1.7745793923484854,3.0580164824733913,2.554804238963926,1.9827486266343897,-50.0482965214726
2026-04-14T11:46:35.551,4.002839327027758,4.004892826371957,4.004087686782342,4.003172397802615,-0.0038637217178083107,1.7745793923484854,3.0580164824733913,2.554804238963926,1.9827486266343897,-50.0482965214726
2026-04-14T11:46:35.660,4.003384828769256,4.005037069620911,4.004003763437495,4.003426790441679,-0.010909039025409807,2.115517980785242,3.148168513069649,2.502352148434639,2.141744026049608,-50.13636298781762
2026-04-14T11:46:35.768,4.003384828769256,4.005037069620911,4.004003763437495,4.003426790441679,-0.010909039025409807,2.115517980785242,3.148168513069649,2.502352148434639,2.141744026049608,-50.13636298781762
2026-04-14T11:46:35.877,4.003384828769256,4.005037069620911,4.004003763437495,4.003426790441679,-0.010909039025409807,2.115517980785242,3.148168513069649,2.502352148434639,2.141744026049608,-50.13636298781762
2026-04-14T11:46:35.983,4.0034635069050495,4.005430460299877,4.003694296103376,4.003799200284433,-0.006437876522069776,2.164691815655928,3.3940376874230793,2.3089350646099405,2.374500177770855,-50.08047345652587
2026-04-14T11:46:36.092,4.0034635069050495,4.005430460299877,4.003694296103376,4.003799200284433,-0.006437876522069776,2.164691815655928,3.3940376874230793,2.3089350646099405,2.374500177770855,-50.08047345652587
2026-04-14T11:46:36.204,4.0034635069050495,4.005430460299877,4.003694296103376,4.003799200284433,-0.006437876522069776,2.164691815655928,3.3940376874230793,2.3089350646099405,2.374500177770855,-50.08047345652587
2026-04-14T11:46:36.312,4.003314018447043,4.0053675177912424,4.00399327301939,4.00372838996222,-0.006726659846338953,2.0712615294016246,3.3546986195265305,2.4957956371185475,2.3302437263872378,-50.08408324807924
2026-04-14T11:46:36.420,4.003314018447043,4.0053675177912424,4.00399327301939,4.00372838996222,-0.006726659846338953,2.0712615294016246,3.3546986195265305,2.4957956371185475,2.3302437263872378,-50.08408324807924
2026-04-14T11:46:36.530,4.003314018447043,4.0053675177912424,4.00399327301939,4.00372838996222,-0.006726659846338953,2.0712615294016246,3.3546986195265305,2.4957956371185475,2.3302437263872378,-50.08408324807924
2026-04-14T11:46:36.653,4.003652334430953,4.00550913843567,4.0037519934029575,4.003605127549477,0.0018970076990785653,2.2827090193455746,3.4432115222937654,2.3449958768484436,2.253204718423163,-49.97628740376152
2026-04-14T11:46:36.764,4.003652334430953,4.00550913843567,4.0037519934029575,4.003605127549477,0.0018970076990785653,2.2827090193455746,3.4432115222937654,2.3449958768484436,2.253204718423163,-49.97628740376152
2026-04-14T11:46:36.873,4.003652334430953,4.00550913843567,4.0037519934029575,4.003605127549477,0.0018970076990785653,2.2827090193455746,3.4432115222937654,2.3449958768484436,2.253204718423163,-49.97628740376152
2026-04-14T11:46:36.983,4.003306150633463,4.0054697993677735,4.003799200284433,4.003245830729355,0.0033110501834310913,2.066344145914556,3.4186246048584223,2.374500177770855,2.02864420584703,-49.95861187270711
2026-04-14T11:46:37.092,4.003306150633463,4.0054697993677735,4.003799200284433,4.003245830729355,0.0033110501834310913,2.066344145914556,3.4186246048584223,2.374500177770855,2.02864420584703,-49.95861187270711
2026-04-14T11:46:37.201,4.003306150633463,4.0054697993677735,4.003799200284433,4.003245830729355,0.0033110501834310913,2.066344145914556,3.4186246048584223,2.374500177770855,2.02864420584703,-49.95861187270711
2026-04-14T11:46:37.310,4.002944231208815,4.005498648017564,4.004347324630459,4.003759861216538,0.0011999445025667563,1.8401445055094001,3.436655010977674,2.7170778940366347,2.3499132603360673,-49.98500069371792
2026-04-14T11:46:37.419,4.002944231208815,4.005498648017564,4.004347324630459,4.003759861216538,0.0011999445025667563,1.8401445055094001,3.436655010977674,2.7170778940366347,2.3499132603360673,-49.98500069371792
2026-04-14T11:46:37.543,4.002944231208815,4.005498648017564,4.004347324630459,4.003759861216538,0.0011999445025667563,1.8401445055094001,3.436655010977674,2.7170778940366347,2.3499132603360673,-49.98500069371792
2026-04-14T11:46:37.650,4.003395319187362,4.0051157477567045,4.003623485781162,4.004161119709082,0.01254215851438033,2.1220744921013335,3.197342347940335,2.264678613226323,2.600699818176011,-49.84322301857025
2026-04-14T11:46:37.760,4.003395319187362,4.0051157477567045,4.003623485781162,4.004161119709082,0.01254215851438033,2.1220744921013335,3.197342347940335,2.264678613226323,2.600699818176011,-49.84322301857025
2026-04-14T11:46:37.870,4.003395319187362,4.0051157477567045,4.003623485781162,4.004161119709082,0.01254215851438033,2.1220744921013335,3.197342347940335,2.264678613226323,2.600699818176011,-49.84322301857025
2026-04-14T11:46:37.979,4.003321886260622,4.005648136475571,4.003654957035479,4.00414800668645,0.00011949654797345293,2.076178912888693,3.5300852972319774,2.2843481471745974,2.592504179031452,-49.99850629315033
2026-04-14T11:46:38.088,4.003321886260622,4.005648136475571,4.003654957035479,4.00414800668645,0.00011949654797345293,2.076178912888693,3.5300852972319774,2.2843481471745974,2.592504179031452,-49.99850629315033
2026-04-14T11:46:38.196,4.003321886260622,4.005648136475571,4.003654957035479,4.00414800668645,0.00011949654797345293,2.076178912888693,3.5300852972319774,2.2843481471745974,2.592504179031452,-49.99850629315033
2026-04-14T11:46:38.305,4.003424167837153,4.005579948757884,4.003749370798431,4.00391197227907,-0.005676086028739014,2.140104898220585,3.487467973677383,2.3433567490194207,2.4449826744188385,-50.07095107535924
2026-04-14T11:46:38.413,4.003424167837153,4.005579948757884,4.003749370798431,4.00391197227907,-0.005676086028739014,2.140104898220585,3.487467973677383,2.3433567490194207,2.4449826744188385,-50.07095107535924
2026-04-14T11:46:38.516,4.003424167837153,4.005579948757884,4.003749370798431,4.00391197227907,-0.005676086028739014,2.140104898220585,3.487467973677383,2.3433567490194207,2.4449826744188385,-50.07095107535924
2026-04-14T11:46:38.632,4.002868175677548,4.005771398888314,4.003723144753167,4.004053592923498,-0.001628140466138296,1.792609798467737,3.607124305196052,2.326965470729192,2.5334955771860734,-50.02035175582673
2026-04-14T11:46:38.741,4.002868175677548,4.005771398888314,4.003723144753167,4.004053592923498,-0.001628140466138296,1.792609798467737,3.607124305196052,2.326965470729192,2.5334955771860734,-50.02035175582673
2026-04-14T11:46:38.852,4.002868175677548,4.005771398888314,4.003723144753167,4.004053592923498,-0.001628140466138296,1.792609798467737,3.607124305196052,2.326965470729192,2.5334955771860734,-50.02035175582673
2026-04-14T11:46:38.960,4.003311395842516,4.005123615570284,4.003707409126008,4.003809690702539,0.0009460143381231689,2.0696224015726017,3.2022597314274037,2.317130703755055,2.3810566890869467,-49.98817482077346
2026-04-14T11:46:39.068,4.003311395842516,4.005123615570284,4.003707409126008,4.003809690702539,0.0009460143381231689,2.0696224015726017,3.2022597314274037,2.317130703755055,2.3810566890869467,-49.98817482077346
2026-04-14T11:46:39.177,4.003311395842516,4.005123615570284,4.003707409126008,4.003809690702539,0.0009460143381231689,2.0696224015726017,3.2022597314274037,2.317130703755055,2.3810566890869467,-49.98817482077346
2026-04-14T11:46:39.287,4.003001928508397,4.005231142355868,4.003901481860964,4.003652334430953,-0.003037203927658595,1.8762053177479032,3.2694639724173413,2.438426163102747,2.2827090193455746,-50.03796504909573
2026-04-14T11:46:39.395,4.003001928508397,4.005231142355868,4.003901481860964,4.003652334430953,-0.003037203927658595,1.8762053177479032,3.2694639724173413,2.438426163102747,2.2827090193455746,-50.03796504909573
2026-04-14T11:46:39.504,4.003001928508397,4.005231142355868,4.003901481860964,4.003652334430953,-0.003037203927658595,1.8762053177479032,3.2694639724173413,2.438426163102747,2.2827090193455746,-50.03796504909573
2026-04-14T11:46:39.612,4.003494978159367,4.005404234254613,4.003906727070017,4.003652334430953,0.0013144620277079821,2.1843613496042025,3.3776464091328506,2.441704418760793,2.2827090193455746,-49.98356922465365
2026-04-14T11:46:39.723,4.003494978159367,4.005404234254613,4.003906727070017,4.003652334430953,0.0013144620277079821,2.1843613496042025,3.3776464091328506,2.441704418760793,2.2827090193455746,-49.98356922465365
2026-04-14T11:46:39.833,4.003494978159367,4.005404234254613,4.003906727070017,4.003652334430953,0.0013144620277079821,2.1843613496042025,3.3776464091328506,2.441704418760793,2.2827090193455746,-49.98356922465365
2026-04-14T11:46:39.941,4.003770351634643,4.005286217050923,4.003101587480401,4.003397941791889,0.010640171792469537,2.3564697716516037,3.3038856568268216,1.9384921752507722,2.1237136199303563,-49.86699785259413
2026-04-14T11:46:40.052,4.003770351634643,4.005286217050923,4.003101587480401,4.003397941791889,0.010640171792469537,2.3564697716516037,3.3038856568268216,1.9384921752507722,2.1237136199303563,-49.86699785259413
2026-04-14T11:46:40.159,4.003770351634643,4.005286217050923,4.003101587480401,4.003397941791889,0.010640171792469537,2.3564697716516037,3.3038856568268216,1.9384921752507722,2.1237136199303563,-49.86699785259413
2026-04-14T11:46:40.268,4.00327205677462,4.00562715563936,4.0038359167478035,4.0040824415732885,0.013348760213201137,2.0450354841372587,3.5169722745997944,2.3974479673771754,2.551525983305325,-49.83314049733499
2026-04-14T11:46:40.379,4.00327205677462,4.00562715563936,4.0038359167478035,4.0040824415732885,0.013348760213201137,2.0450354841372587,3.5169722745997944,2.3974479673771754,2.551525983305325,-49.83314049733499
2026-04-14T11:46:40.504,4.00327205677462,4.00562715563936,4.0038359167478035,4.0040824415732885,0.013348760213201137,2.0450354841372587,3.5169722745997944,2.3974479673771754,2.551525983305325,-49.83314049733499
2026-04-14T11:46:40.599,4.003358602723992,4.00543570550893,4.003883123629279,4.003211736870512,0.007493429362501944,2.0991267024950133,3.397315943081125,2.426952268299587,2.0073355440697327,-49.90633213296873
2026-04-14T11:46:40.709,4.003358602723992,4.00543570550893,4.003883123629279,4.003211736870512,0.007493429362501944,2.0991267024950133,3.397315943081125,2.426952268299587,2.0073355440697327,-49.90633213296873
2026-04-14T11:46:40.818,4.003358602723992,4.00543570550893,4.003883123629279,4.003211736870512,0.007493429362501944,2.0991267024950133,3.397315943081125,2.426952268299587,2.0073355440697327,-49.90633213296873
2026-04-14T11:46:40.925,4.00353693983179,4.005498648017564,4.0035474302498955,4.003867388002121,0.010610297655476175,2.2105873948685684,3.436655010977674,2.21714390618466,2.41711750132545,-49.867371279306546
2026-04-14T11:46:41.036,4.00353693983179,4.005498648017564,4.0035474302498955,4.003867388002121,0.010610297655476175,2.2105873948685684,3.436655010977674,2.21714390618466,2.41711750132545,-49.867371279306546
2026-04-14T11:46:41.145,4.00353693983179,4.005498648017564,4.0035474302498955,4.003867388002121,0.010610297655476175,2.2105873948685684,3.436655010977674,2.21714390618466,2.41711750132545,-49.867371279306546
2026-04-14T11:46:41.255,4.003329754074201,4.005236387564921,4.00369954131243,4.003492355554841,0.010450968924844904,2.0810962963757618,3.272742228075387,2.3122133202685413,2.1827222217757347,-49.86936288843944
2026-04-14T11:46:41.368,4.003329754074201,4.005236387564921,4.00369954131243,4.003492355554841,0.010450968924844904,2.0810962963757618,3.272742228075387,2.3122133202685413,2.1827222217757347,-49.86936288843944
2026-04-14T11:46:41.470,4.003329754074201,4.005236387564921,4.00369954131243,4.003492355554841,0.010450968924844904,2.0810962963757618,3.272742228075387,2.3122133202685413,2.1827222217757347,-49.86936288843944
2026-04-14T11:46:41.586,4.0036916734988495,4.005414724672718,4.003833294143277,4.003631353594741,0.00388363780913722,2.3072959367809176,3.384202920448942,2.3958088395481525,2.2695959967133916,-49.951454527385785
2026-04-14T11:46:41.694,4.0036916734988495,4.005414724672718,4.003833294143277,4.003631353594741,0.00388363780913722,2.3072959367809176,3.384202920448942,2.3958088395481525,2.2695959967133916,-49.951454527385785
2026-04-14T11:46:41.802,4.0036916734988495,4.005414724672718,4.003833294143277,4.003631353594741,0.00388363780913722,2.3072959367809176,3.384202920448942,2.3958088395481525,2.2695959967133916,-49.951454527385785
2026-04-14T11:46:41.909,4.00322747249767,4.005726814611365,4.0036497118264265,4.003712654335061,0.0009559723837876235,2.01717031104387,3.5792591321032186,2.2810698915165517,2.3204089594131005,-49.98805034520266
2026-04-14T11:46:42.019,4.00322747249767,4.005726814611365,4.0036497118264265,4.003712654335061,0.0009559723837876235,2.01717031104387,3.5792591321032186,2.2810698915165517,2.3204089594131005,-49.98805034520266
2026-04-14T11:46:42.128,4.00322747249767,4.005726814611365,4.0036497118264265,4.003712654335061,0.0009559723837876235,2.01717031104387,3.5792591321032186,2.2810698915165517,2.3204089594131005,-49.98805034520266
2026-04-14T11:46:42.237,4.003618240572109,4.005380630813875,4.0039198400926495,4.00375723861201,0.007617904933307623,2.2614003575682773,3.362894258671645,2.449900057905907,2.3482741325064893,-49.904776188333656
2026-04-14T11:46:42.345,4.003618240572109,4.005380630813875,4.0039198400926495,4.00375723861201,0.007617904933307623,2.2614003575682773,3.362894258671645,2.449900057905907,2.3482741325064893,-49.904776188333656
2026-04-14T11:46:42.451,4.003618240572109,4.005380630813875,4.0039198400926495,4.00375723861201,0.007617904933307623,2.2614003575682773,3.362894258671645,2.449900057905907,2.3482741325064893,-49.904776188333656
2026-04-14T11:46:42.563,4.003704786521482,4.005220651937762,4.003557920668001,4.003384828769256,0.009923192504628819,2.315491575926032,3.26290746110125,2.2237004175007513,2.115517980785242,-49.87596009369214
2026-04-14T11:46:42.672,4.003704786521482,4.005220651937762,4.003557920668001,4.003384828769256,0.009923192504628819,2.315491575926032,3.26290746110125,2.2237004175007513,2.115517980785242,-49.87596009369214
2026-04-14T11:46:42.782,4.003704786521482,4.005220651937762,4.003557920668001,4.003384828769256,0.009923192504628819,2.315491575926032,3.26290746110125,2.2237004175007513,2.115517980785242,-49.87596009369214
2026-04-14T11:46:42.890,4.003594637131371,4.005537987085461,4.00357365629516,4.003557920668001,0.007264394312219492,2.2466482071070715,3.461241928413017,2.2335351844748885,2.2237004175007513,-49.90919507109726
2026-04-14T11:46:42.999,4.003594637131371,4.005537987085461,4.00357365629516,4.003557920668001,0.007264394312219492,2.2466482071070715,3.461241928413017,2.2335351844748885,2.2237004175007513,-49.90919507109726
2026-04-14T11:46:43.108,4.003594637131371,4.005537987085461,4.00357365629516,4.003557920668001,0.007264394312219492,2.2466482071070715,3.461241928413017,2.2335351844748885,2.2237004175007513,-49.90919507109726
2026-04-14T11:46:43.217,4.003237962915777,4.005341291745978,4.004187345754346,4.003696918707902,0.00014439166213458895,2.0237268223605165,3.338307341236302,2.6170910964662397,2.3105741924389633,-49.99819510422332
2026-04-14T11:46:43.326,4.003237962915777,4.005341291745978,4.004187345754346,4.003696918707902,0.00014439166213458895,2.0237268223605165,3.338307341236302,2.6170910964662397,2.3105741924389633,-49.99819510422332
2026-04-14T11:46:43.435,4.003237962915777,4.005341291745978,4.004187345754346,4.003696918707902,0.00014439166213458895,2.0237268223605165,3.338307341236302,2.6170910964662397,2.3105741924389633,-49.99819510422332
2026-04-14T11:46:43.544,4.0032353403112495,4.005270481423764,4.003657579640006,4.003560543272528,0.006398044339411958,2.0220876945309385,3.2940508898526843,2.2859872750036203,2.225339545329774,-49.92002444575735
2026-04-14T11:46:43.653,4.0032353403112495,4.005270481423764,4.003657579640006,4.003560543272528,0.006398044339411958,2.0220876945309385,3.2940508898526843,2.2859872750036203,2.225339545329774,-49.92002444575735
2026-04-14T11:46:43.776,4.0032353403112495,4.005270481423764,4.003657579640006,4.003560543272528,0.006398044339411958,2.0220876945309385,3.2940508898526843,2.2859872750036203,2.225339545329774,-49.92002444575735
2026-04-14T11:46:43.872,4.003185510825247,4.005398989045561,4.003906727070017,4.003521204204631,0.005571526549262243,1.990944265779504,3.37436815347536,2.441704418760793,2.200752627894431,-49.930355918134225
2026-04-14T11:46:43.996,4.003185510825247,4.005398989045561,4.003906727070017,4.003521204204631,0.005571526549262243,1.990944265779504,3.37436815347536,2.441704418760793,2.200752627894431,-49.930355918134225
2026-04-14T11:46:44.091,4.003185510825247,4.005398989045561,4.003906727070017,4.003521204204631,0.005571526549262243,1.990944265779504,3.37436815347536,2.441704418760793,2.200752627894431,-49.930355918134225
2026-04-14T11:46:44.213,4.002949476417868,4.005178690265339,4.0035474302498955,4.003788709866328,-0.0005974827398672646,1.8434227611674459,3.236681415836884,2.21714390618466,2.3679436664547637,-50.007468534248346
2026-04-14T11:46:44.324,4.002949476417868,4.005178690265339,4.0035474302498955,4.003788709866328,-0.0005974827398672646,1.8434227611674459,3.236681415836884,2.21714390618466,2.3679436664547637,-50.007468534248346
2026-04-14T11:46:44.433,4.002949476417868,4.005178690265339,4.0035474302498955,4.003788709866328,-0.0005974827398672646,1.8434227611674459,3.236681415836884,2.21714390618466,2.3679436664547637,-50.007468534248346
2026-04-14T11:46:44.542,4.003206491661459,4.005543232294514,4.00368380568527,4.003925085301702,0.0011053430687544396,2.004057288411687,3.4645201840710627,2.302378553293849,2.453178313563953,-49.986183211640565
2026-04-14T11:46:44.651,4.003206491661459,4.005543232294514,4.00368380568527,4.003925085301702,0.0011053430687544396,2.004057288411687,3.4645201840710627,2.302378553293849,2.453178313563953,-49.986183211640565
2026-04-14T11:46:44.760,4.003206491661459,4.005543232294514,4.00368380568527,4.003925085301702,0.0011053430687544396,2.004057288411687,3.4645201840710627,2.302378553293849,2.453178313563953,-49.986183211640565
2026-04-14T11:46:44.869,4.00280785577344,4.005160332033654,4.003953933951494,4.003130436130192,0.007817065846596711,1.754909858400211,3.225207521033724,2.4712087196837595,1.9565225813700238,-49.90228667691754
2026-04-14T11:46:44.979,4.00280785577344,4.005160332033654,4.003953933951494,4.003130436130192,0.007817065846596711,1.754909858400211,3.225207521033724,2.4712087196837595,1.9565225813700238,-49.90228667691754
2026-04-14T11:46:45.088,4.00280785577344,4.005160332033654,4.003953933951494,4.003130436130192,0.007817065846596711,1.754909858400211,3.225207521033724,2.4712087196837595,1.9565225813700238,-49.90228667691754
2026-04-14T11:46:45.197,4.003266811565567,4.006080866222433,4.003744125589378,4.003453016486944,0.01216873180196329,2.041757228479213,3.8005413890207507,2.340078493361375,2.1581353043398366,-49.84789085247546
2026-04-14T11:46:45.306,4.003266811565567,4.006080866222433,4.003744125589378,4.003453016486944,0.01216873180196329,2.041757228479213,3.8005413890207507,2.340078493361375,2.1581353043398366,-49.84789085247546
2026-04-14T11:46:45.415,4.003266811565567,4.006080866222433,4.003744125589378,4.003453016486944,0.01216873180196329,2.041757228479213,3.8005413890207507,2.340078493361375,2.1581353043398366,-49.84789085247546
2026-04-14T11:46:45.524,4.002865553073022,4.005026579202806,4.003584146713266,4.003088474457769,0.0166548313738,1.790970670638714,3.1416120017535576,2.24009169579098,1.9302965361056579,-49.7918146078275
2026-04-14T11:46:45.631,4.002865553073022,4.005026579202806,4.003584146713266,4.003088474457769,0.0166548313738,1.790970670638714,3.1416120017535576,2.24009169579098,1.9302965361056579,-49.7918146078275
2026-04-14T11:46:45.740,4.002865553073022,4.005026579202806,4.003584146713266,4.003088474457769,0.0166548313738,1.790970670638714,3.1416120017535576,2.24009169579098,1.9302965361056579,-49.7918146078275
2026-04-14T11:46:45.850,4.003374338351151,4.005225897146815,4.003723144753167,4.003670692662638,0.011411920331464754,2.1089614694691505,3.2661857167592956,2.326965470729192,2.2941829141487347,-49.85735099585669
2026-04-14T11:46:45.973,4.003374338351151,4.005225897146815,4.003723144753167,4.003670692662638,0.011411920331464754,2.1089614694691505,3.2661857167592956,2.326965470729192,2.2941829141487347,-49.85735099585669
2026-04-14T11:46:46.067,4.003374338351151,4.005225897146815,4.003723144753167,4.003670692662638,0.011411920331464754,2.1089614694691505,3.2661857167592956,2.326965470729192,2.2941829141487347,-49.85735099585669
2026-04-14T11:46:46.177,4.003017664135555,4.005336046536925,4.003654957035479,4.003405809605468,0.009330688787593782,1.8860400847220404,3.335029085578256,2.2843481471745974,2.128631003417425,-49.883366390155075
2026-04-14T11:46:46.286,4.003017664135555,4.005336046536925,4.003654957035479,4.003405809605468,0.009330688787593782,1.8860400847220404,3.335029085578256,2.2843481471745974,2.128631003417425,-49.883366390155075
2026-04-14T11:46:46.394,4.003017664135555,4.005336046536925,4.003654957035479,4.003405809605468,0.009330688787593782,1.8860400847220404,3.335029085578256,2.2843481471745974,2.128631003417425,-49.883366390155075
2026-04-14T11:46:46.503,4.002978325067659,4.005448818531562,4.004006386042022,4.003654957035479,0.012975333500784095,1.8614531672866974,3.4055115822262394,2.503991276263662,2.2843481471745974,-49.8378083312402
2026-04-14T11:46:46.612,4.002978325067659,4.005448818531562,4.004006386042022,4.003654957035479,0.012975333500784095,1.8614531672866974,3.4055115822262394,2.503991276263662,2.2843481471745974,-49.8378083312402
2026-04-14T11:46:46.720,4.002978325067659,4.005448818531562,4.004006386042022,4.003654957035479,0.012975333500784095,1.8614531672866974,3.4055115822262394,2.503991276263662,2.2843481471745974,-49.8378083312402
2026-04-14T11:46:46.829,4.0032956602153575,4.005351782164084,4.003922462697176,4.0032169820795644,0.02164381225169166,2.0597876345984645,3.3448638525523933,2.45153918573493,2.0106137997277784,-49.729452346853854
2026-04-14T11:46:46.938,4.0032956602153575,4.005351782164084,4.003922462697176,4.0032169820795644,0.02164381225169166,2.0597876345984645,3.3448638525523933,2.45153918573493,2.0106137997277784,-49.729452346853854
2026-04-14T11:46:47.047,4.0032956602153575,4.005351782164084,4.003922462697176,4.0032169820795644,0.02164381225169166,2.0597876345984645,3.3448638525523933,2.45153918573493,2.0106137997277784,-49.729452346853854
2026-04-14T11:46:47.156,4.0034399034643116,4.005595684385042,4.00398540520581,4.003508091181999,0.0042421274530575785,2.1499396651947222,3.49730274065152,2.490878253631479,2.192556988749317,-49.94697340683678
2026-04-14T11:46:47.266,4.0034399034643116,4.005595684385042,4.00398540520581,4.003508091181999,0.0042421274530575785,2.1499396651947222,3.49730274065152,2.490878253631479,2.192556988749317,-49.94697340683678
2026-04-14T11:46:47.373,4.0034399034643116,4.005595684385042,4.00398540520581,4.003508091181999,0.0042421274530575785,2.1499396651947222,3.49730274065152,2.490878253631479,2.192556988749317,-49.94697340683678
2026-04-14T11:46:47.482,4.0034189226281,4.005836964001475,4.003704786521482,4.003329754074201,-0.0023749938909723768,2.1368266425625393,3.648102500921624,2.315491575926032,2.0810962963757618,-50.02968742363716
2026-04-14T11:46:47.606,4.0034189226281,4.005836964001475,4.003704786521482,4.003329754074201,-0.0023749938909723768,2.1368266425625393,3.648102500921624,2.315491575926032,2.0810962963757618,-50.02968742363716
2026-04-14T11:46:47.715,4.0034189226281,4.005836964001475,4.003704786521482,4.003329754074201,-0.0023749938909723768,2.1368266425625393,3.648102500921624,2.315491575926032,2.0810962963757618,-50.02968742363716
2026-04-14T11:46:47.824,4.003403187000941,4.005519628853776,4.003762483821063,4.003104210084929,-0.0031517214527998208,2.126991875588402,3.449768033609857,2.351552388164535,1.9401313030803502,-50.03939651816
2026-04-14T11:46:47.933,4.003403187000941,4.005519628853776,4.003762483821063,4.003104210084929,-0.0031517214527998208,2.126991875588402,3.449768033609857,2.351552388164535,1.9401313030803502,-50.03939651816
2026-04-14T11:46:48.028,4.003403187000941,4.005519628853776,4.003762483821063,4.003104210084929,-0.0031517214527998208,2.126991875588402,3.449768033609857,2.351552388164535,1.9401313030803502,-50.03939651816
2026-04-14T11:46:48.152,4.0031750204071415,4.0052416327739735,4.0038359167478035,4.003434658255259,0.00010953850230899851,1.9843877544634125,3.276020483733433,2.3974479673771754,2.1466614095366765,-49.998630768721135
2026-04-14T11:46:48.246,4.0031750204071415,4.0052416327739735,4.0038359167478035,4.003434658255259,0.00010953850230899851,1.9843877544634125,3.276020483733433,2.3974479673771754,2.1466614095366765,-49.998630768721135
2026-04-14T11:46:48.372,4.0031750204071415,4.0052416327739735,4.0038359167478035,4.003434658255259,0.00010953850230899851,1.9843877544634125,3.276020483733433,2.3974479673771754,2.1466614095366765,-49.998630768721135
2026-04-14T11:46:48.480,4.003400564396415,4.005249500587553,4.003508091181999,4.003633976199268,0.003355861388921136,2.125352747759379,3.2809378672205014,2.192556988749317,2.2712351245424145,-49.95805173263849
2026-04-14T11:46:48.575,4.003400564396415,4.005249500587553,4.003508091181999,4.003633976199268,0.003355861388921136,2.125352747759379,3.2809378672205014,2.192556988749317,2.2712351245424145,-49.95805173263849
2026-04-14T11:46:48.686,4.003400564396415,4.005249500587553,4.003508091181999,4.003633976199268,0.003355861388921136,2.125352747759379,3.2809378672205014,2.192556988749317,2.2712351245424145,-49.95805173263849
2026-04-14T11:46:48.806,4.003513336391052,4.005585193966937,4.00369954131243,4.003521204204631,0.0007617904933307623,2.1958352444073626,3.4907462293354286,2.3122133202685413,2.200752627894431,-49.99047761883337
2026-04-14T11:46:48.918,4.003513336391052,4.005585193966937,4.00369954131243,4.003521204204631,0.0007617904933307623,2.1958352444073626,3.4907462293354286,2.3122133202685413,2.200752627894431,-49.99047761883337
2026-04-14T11:46:49.025,4.003513336391052,4.005585193966937,4.00369954131243,4.003521204204631,0.0007617904933307623,2.1958352444073626,3.4907462293354286,2.3122133202685413,2.200752627894431,-49.99047761883337
2026-04-14T11:46:49.134,4.0031750204071415,4.005881548278424,4.003849029770436,4.002994060694817,0.010525654267328311,1.9843877544634125,3.6759676740150127,2.4056436065222897,1.8712879342608346,-49.8684293216584
2026-04-14T11:46:49.243,4.0031750204071415,4.005881548278424,4.003849029770436,4.002994060694817,0.010525654267328311,1.9843877544634125,3.6759676740150127,2.4056436065222897,1.8712879342608346,-49.8684293216584
2026-04-14T11:46:49.351,4.0031750204071415,4.005881548278424,4.003849029770436,4.002994060694817,0.010525654267328311,1.9843877544634125,3.6759676740150127,2.4056436065222897,1.8712879342608346,-49.8684293216584
2026-04-14T11:46:49.461,4.003434658255259,4.005401611650086,4.003618240572109,4.00334548970136,0.0016629936259638866,2.1466614095366765,3.3760072813038278,2.2614003575682773,2.090931063349899,-49.979212579675455
2026-04-14T11:46:49.570,4.003434658255259,4.005401611650086,4.003618240572109,4.00334548970136,0.0016629936259638866,2.1466614095366765,3.3760072813038278,2.2614003575682773,2.090931063349899,-49.979212579675455
2026-04-14T11:46:49.678,4.003434658255259,4.005401611650086,4.003618240572109,4.00334548970136,0.0016629936259638866,2.1466614095366765,3.3760072813038278,2.2614003575682773,2.090931063349899,-49.979212579675455
2026-04-14T11:46:49.788,4.003232717706723,4.005579948757884,4.003489732950314,4.003639221408321,0.003833847580814948,2.0204485667019156,3.487467973677383,2.1810830939461567,2.2745133802004602,-49.952076905239814
2026-04-14T11:46:49.895,4.003232717706723,4.005579948757884,4.003489732950314,4.003639221408321,0.003833847580814948,2.0204485667019156,3.487467973677383,2.1810830939461567,2.2745133802004602,-49.952076905239814
2026-04-14T11:46:50.005,4.003232717706723,4.005579948757884,4.003489732950314,4.003639221408321,0.003833847580814948,2.0204485667019156,3.487467973677383,2.1810830939461567,2.2745133802004602,-49.952076905239814
2026-04-14T11:46:50.113,4.0034399034643116,4.005412102068192,4.003623485781162,4.003245830729355,-0.00037840573524926756,2.1499396651947222,3.3825637926199192,2.264678613226323,2.02864420584703,-50.00473007169062
2026-04-14T11:46:50.222,4.0034399034643116,4.005412102068192,4.003623485781162,4.003245830729355,-0.00037840573524926756,2.1499396651947222,3.3825637926199192,2.264678613226323,2.02864420584703,-50.00473007169062
2026-04-14T11:46:50.331,4.0034399034643116,4.005412102068192,4.003623485781162,4.003245830729355,-0.00037840573524926756,2.1499396651947222,3.3825637926199192,2.264678613226323,2.02864420584703,-50.00473007169062
2026-04-14T11:46:50.441,4.0031907560343,4.005480289785879,4.003972292183178,4.003188133429774,0.005526715343772198,1.9942225214375497,3.425181116174514,2.4826826144863645,1.9925833936085269,-49.93091605820285
2026-04-14T11:46:50.549,4.0031907560343,4.005480289785879,4.003972292183178,4.003188133429774,0.005526715343772198,1.9942225214375497,3.425181116174514,2.4826826144863645,1.9925833936085269,-49.93091605820285
2026-04-14T11:46:50.658,4.0031907560343,4.005480289785879,4.003972292183178,4.003188133429774,0.005526715343772198,1.9942225214375497,3.425181116174514,2.4826826144863645,1.9925833936085269,-49.93091605820285
2026-04-14T11:46:50.767,4.003502845972946,4.005336046536925,4.003639221408321,4.003411054814521,0.000557650557209447,2.189278733091271,3.335029085578256,2.2745133802004602,2.1319092590754707,-49.99302936803488
2026-04-14T11:46:50.876,4.003502845972946,4.005336046536925,4.003639221408321,4.003411054814521,0.000557650557209447,2.189278733091271,3.335029085578256,2.2745133802004602,2.1319092590754707,-49.99302936803488
2026-04-14T11:46:50.985,4.003502845972946,4.005336046536925,4.003639221408321,4.003411054814521,0.000557650557209447,2.189278733091271,3.335029085578256,2.2745133802004602,2.1319092590754707,-49.99302936803488
2026-04-14T11:46:51.096,4.003046512785346,4.005223274542288,4.00375723861201,4.003397941791889,0.00548688316111438,1.904070490841292,3.2645465889302727,2.3482741325064893,2.1237136199303563,-49.93141396048607
2026-04-14T11:46:51.205,4.003046512785346,4.005223274542288,4.00375723861201,4.003397941791889,0.00548688316111438,1.904070490841292,3.2645465889302727,2.3482741325064893,2.1237136199303563,-49.93141396048607
2026-04-14T11:46:51.313,4.003046512785346,4.005223274542288,4.00375723861201,4.003397941791889,0.00548688316111438,1.904070490841292,3.2645465889302727,2.3482741325064893,2.1237136199303563,-49.93141396048607
2026-04-14T11:46:51.421,4.003788709866328,4.005637646057465,4.003788709866328,4.003704786521482,0.002524364575939193,2.3679436664547637,3.523528785915886,2.3679436664547637,2.315491575926032,-49.96844544280076
2026-04-14T11:46:51.532,4.003788709866328,4.005637646057465,4.003788709866328,4.003704786521482,0.002524364575939193,2.3679436664547637,3.523528785915886,2.3679436664547637,2.315491575926032,-49.96844544280076
2026-04-14T11:46:51.639,4.003788709866328,4.005637646057465,4.003788709866328,4.003704786521482,0.002524364575939193,2.3679436664547637,3.523528785915886,2.3679436664547637,2.315491575926032,-49.96844544280076
2026-04-14T11:46:51.748,4.00357365629516,4.0054461959270355,4.003796577679907,4.003513336391052,0.0007916646303241257,2.2335351844748885,3.4038724543972165,2.3728610499418323,2.1958352444073626,-49.990104192120945
2026-04-14T11:46:51.858,4.00357365629516,4.0054461959270355,4.003796577679907,4.003513336391052,0.0007916646303241257,2.2335351844748885,3.4038724543972165,2.3728610499418323,2.1958352444073626,-49.990104192120945
2026-04-14T11:46:51.983,4.00357365629516,4.0054461959270355,4.003796577679907,4.003513336391052,0.0007916646303241257,2.2335351844748885,3.4038724543972165,2.3728610499418323,2.1958352444073626,-49.990104192120945
2026-04-14T11:46:52.077,4.003628730990215,4.004974127112277,4.003531694622737,4.003783464657275,-0.0029774556536718683,2.2679568688843688,3.1088294451731002,2.2073091392105226,2.364665410796718,-50.037218195670896
2026-04-14T11:46:52.186,4.003628730990215,4.004974127112277,4.003531694622737,4.003783464657275,-0.0029774556536718683,2.2679568688843688,3.1088294451731002,2.2073091392105226,2.364665410796718,-50.037218195670896
2026-04-14T11:46:52.295,4.003628730990215,4.004974127112277,4.003531694622737,4.003783464657275,-0.0029774556536718683,2.2679568688843688,3.1088294451731002,2.2073091392105226,2.364665410796718,-50.037218195670896
2026-04-14T11:46:52.404,4.003316641051569,4.005173445056286,4.003290415006305,4.003675937871691,0.0037740993068282216,2.0729006572306474,3.233403160178838,2.0565093789404187,2.2974611698067804,-49.95282375866465
2026-04-14T11:46:52.512,4.003316641051569,4.005173445056286,4.003290415006305,4.003675937871691,0.0037740993068282216,2.0729006572306474,3.233403160178838,2.0565093789404187,2.2974611698067804,-49.95282375866465
2026-04-14T11:46:52.622,4.003316641051569,4.005173445056286,4.003290415006305,4.003675937871691,0.0037740993068282216,2.0729006572306474,3.233403160178838,2.0565093789404187,2.2974611698067804,-49.95282375866465
2026-04-14T11:46:52.732,4.00357365629516,4.005047560039017,4.0035238268091575,4.003633976199268,-0.003993176311446218,2.2335351844748885,3.1547250243857405,2.202391755723454,2.2712351245424145,-50.04991470389307
2026-04-14T11:46:52.842,4.00357365629516,4.005047560039017,4.0035238268091575,4.003633976199268,-0.003993176311446218,2.2335351844748885,3.1547250243857405,2.202391755723454,2.2712351245424145,-50.04991470389307
2026-04-14T11:46:52.950,4.00357365629516,4.005047560039017,4.0035238268091575,4.003633976199268,-0.003993176311446218,2.2335351844748885,3.1547250243857405,2.202391755723454,2.2712351245424145,-50.04991470389307
2026-04-14T11:46:53.074,4.003224849893144,4.005047560039017,4.003618240572109,4.0034189226281,-0.0008862660641364425,2.015531183214847,3.1547250243857405,2.2614003575682773,2.1368266425625393,-50.011078325801705
2026-04-14T11:46:53.184,4.003224849893144,4.005047560039017,4.003618240572109,4.0034189226281,-0.0008862660641364425,2.015531183214847,3.1547250243857405,2.2614003575682773,2.1368266425625393,-50.011078325801705
2026-04-14T11:46:53.291,4.003224849893144,4.005047560039017,4.003618240572109,4.0034189226281,-0.0008862660641364425,2.015531183214847,3.1547250243857405,2.2614003575682773,2.1368266425625393,-50.011078325801705
2026-04-14T11:46:53.400,4.00311732310756,4.005071163479756,4.003290415006305,4.003626108385689,0.002623945032583737,1.9483269422249094,3.1694771748475015,2.0565093789404187,2.266317741055901,-49.967200687092706
2026-04-14T11:46:53.509,4.00311732310756,4.005071163479756,4.003290415006305,4.003626108385689,0.002623945032583737,1.9483269422249094,3.1694771748475015,2.0565093789404187,2.266317741055901,-49.967200687092706
2026-04-14T11:46:53.617,4.00311732310756,4.005071163479756,4.003290415006305,4.003626108385689,0.002623945032583737,1.9483269422249094,3.1694771748475015,2.0565093789404187,2.266317741055901,-49.967200687092706
2026-04-14T11:46:53.726,4.002978325067659,4.005047560039017,4.00353693983179,4.003489732950314,-0.00885270259569997,1.8614531672866974,3.1547250243857405,2.2105873948685684,2.1810830939461567,-50.11065878244625
2026-04-14T11:46:53.836,4.002978325067659,4.005047560039017,4.00353693983179,4.003489732950314,-0.00885270259569997,1.8614531672866974,3.1547250243857405,2.2105873948685684,2.1810830939461567,-50.11065878244625
2026-04-14T11:46:53.945,4.002978325067659,4.005047560039017,4.00353693983179,4.003489732950314,-0.00885270259569997,1.8614531672866974,3.1547250243857405,2.2105873948685684,2.1810830939461567,-50.11065878244625
2026-04-14T11:46:54.054,4.003796577679907,4.004932165439854,4.00361037275853,4.00361037275853,-0.011088283847369986,2.3728610499418323,3.0826033999087343,2.2564829740812087,2.2564829740812087,-50.13860354809212
2026-04-14T11:46:54.163,4.003796577679907,4.004932165439854,4.00361037275853,4.00361037275853,-0.011088283847369986,2.3728610499418323,3.0826033999087343,2.2564829740812087,2.2564829740812087,-50.13860354809212
2026-04-14T11:46:54.272,4.003796577679907,4.004932165439854,4.00361037275853,4.00361037275853,-0.011088283847369986,2.3728610499418323,3.0826033999087343,2.2564829740812087,2.2564829740812087,-50.13860354809212
2026-04-14T11:46:54.380,4.003484487741261,4.005105257338599,4.003473997323155,4.003064871017031,-0.0047599458276092075,2.177804838288111,3.1907858366242436,2.1712483269720195,1.915544385644452,-50.05949932284511
2026-04-14T11:46:54.490,4.003484487741261,4.005105257338599,4.003473997323155,4.003064871017031,-0.0047599458276092075,2.177804838288111,3.1907858366242436,2.1712483269720195,1.915544385644452,-50.05949932284511
2026-04-14T11:46:54.599,4.003484487741261,4.005105257338599,4.003473997323155,4.003064871017031,-0.0047599458276092075,2.177804838288111,3.1907858366242436,2.1712483269720195,1.915544385644452,-50.05949932284511
2026-04-14T11:46:54.708,4.003479242532208,4.004740715309424,4.003704786521482,4.004224062217716,0.009943108595957728,2.1745265826300653,2.962947068390065,2.315491575926032,2.64003888607256,-49.87571114255053
2026-04-14T11:46:54.814,4.003479242532208,4.004740715309424,4.003704786521482,4.004224062217716,0.009943108595957728,2.1745265826300653,2.962947068390065,2.315491575926032,2.64003888607256,-49.87571114255053
2026-04-14T11:46:54.922,4.003479242532208,4.004740715309424,4.003704786521482,4.004224062217716,0.009943108595957728,2.1745265826300653,2.962947068390065,2.315491575926032,2.64003888607256,-49.87571114255053
2026-04-14T11:46:55.032,4.003940820928861,4.005152464220075,4.003804445493486,4.003641844012847,0.014698075400734709,2.46301308053809,3.2202901375466553,2.377778433428901,2.276152508029483,-49.816274057490816
2026-04-14T11:46:55.140,4.003940820928861,4.005152464220075,4.003804445493486,4.003641844012847,0.014698075400734709,2.46301308053809,3.2202901375466553,2.377778433428901,2.276152508029483,-49.816274057490816
2026-04-14T11:46:55.248,4.003940820928861,4.005152464220075,4.003804445493486,4.003641844012847,0.014698075400734709,2.46301308053809,3.2202901375466553,2.377778433428901,2.276152508029483,-49.816274057490816
2026-04-14T11:46:55.360,4.003460884300523,4.005094766920493,4.003644466617374,4.003458261695997,0.010346409445368132,2.163052687826905,3.184229325308152,2.277791635858506,2.1614135599978823,-49.8706698819329
2026-04-14T11:46:55.469,4.003460884300523,4.005094766920493,4.003644466617374,4.003458261695997,0.010346409445368132,2.163052687826905,3.184229325308152,2.277791635858506,2.1614135599978823,-49.8706698819329
2026-04-14T11:46:55.578,4.003460884300523,4.005094766920493,4.003644466617374,4.003458261695997,0.010346409445368132,2.163052687826905,3.184229325308152,2.277791635858506,2.1614135599978823,-49.8706698819329
2026-04-14T11:46:55.686,4.003293037610831,4.004738092704898,4.003822803725171,4.003864765397594,0.01649550264316873,2.0581485067694416,2.961307940561042,2.389252328232061,2.415478373496427,-49.79380621696039
2026-04-14T11:46:55.795,4.003293037610831,4.004738092704898,4.003822803725171,4.003864765397594,0.01649550264316873,2.0581485067694416,2.961307940561042,2.389252328232061,2.415478373496427,-49.79380621696039
2026-04-14T11:46:55.904,4.003293037610831,4.004738092704898,4.003822803725171,4.003864765397594,0.01649550264316873,2.0581485067694416,2.961307940561042,2.389252328232061,2.415478373496427,-49.79380621696039
2026-04-14T11:46:56.013,4.003358602723992,4.004819393445217,4.003694296103376,4.003717899544114,0.002997371745000777,2.0991267024950133,3.012120903260751,2.3089350646099405,2.3236872150711463,-49.96253285318749
2026-04-14T11:46:56.123,4.003358602723992,4.004819393445217,4.003694296103376,4.003717899544114,0.002997371745000777,2.0991267024950133,3.012120903260751,2.3089350646099405,2.3236872150711463,-49.96253285318749
2026-04-14T11:46:56.245,4.003358602723992,4.004819393445217,4.003694296103376,4.003717899544114,0.002997371745000777,2.0991267024950133,3.012120903260751,2.3089350646099405,2.3236872150711463,-49.96253285318749
2026-04-14T11:46:56.355,4.003542185040843,4.005183935474392,4.003298282819885,4.003770351634643,0.003624728621861405,2.213865650526614,3.2399596714949297,2.0614267624280425,2.3564697716516037,-49.954690892226736
2026-04-14T11:46:56.450,4.003542185040843,4.005183935474392,4.003298282819885,4.003770351634643,0.003624728621861405,2.213865650526614,3.2399596714949297,2.0614267624280425,2.3564697716516037,-49.954690892226736
2026-04-14T11:46:56.573,4.003542185040843,4.005183935474392,4.003298282819885,4.003770351634643,0.003624728621861405,2.213865650526614,3.2399596714949297,2.0614267624280425,2.3564697716516037,-49.954690892226736
2026-04-14T11:46:56.682,4.003450393882417,4.0048770907448,4.004077196364236,4.003725767357693,-0.001558434146487115,2.1564961765108137,3.048181715499809,2.5482477276472792,2.328604598558215,-50.01948042683109
2026-04-14T11:46:56.792,4.003450393882417,4.0048770907448,4.004077196364236,4.003725767357693,-0.001558434146487115,2.1564961765108137,3.048181715499809,2.5482477276472792,2.328604598558215,-50.01948042683109
2026-04-14T11:46:56.899,4.003450393882417,4.0048770907448,4.004077196364236,4.003725767357693,-0.001558434146487115,2.1564961765108137,3.048181715499809,2.5482477276472792,2.328604598558215,-50.01948042683109
2026-04-14T11:46:57.010,4.003458261695997,4.004745960518477,4.00352907201821,4.003358602723992,-0.0035151901195524067,2.1614135599978823,2.9662253240481107,2.2056700113814998,2.0991267024950133,-50.043939876494406
2026-04-14T11:46:57.121,4.003458261695997,4.004745960518477,4.00352907201821,4.003358602723992,-0.0035151901195524067,2.1614135599978823,2.9662253240481107,2.2056700113814998,2.0991267024950133,-50.043939876494406
2026-04-14T11:46:57.230,4.003458261695997,4.004745960518477,4.00352907201821,4.003358602723992,-0.0035151901195524067,2.1614135599978823,2.9662253240481107,2.2056700113814998,2.0991267024950133,-50.043939876494406
2026-04-14T11:46:57.339,4.003953933951494,4.005443573322509,4.003623485781162,4.003555298063475,-0.001867133562085202,2.4712087196837595,3.4022333265681937,2.264678613226323,2.2220612896717284,-50.02333916952606
2026-04-14T11:46:57.447,4.003953933951494,4.005443573322509,4.003623485781162,4.003555298063475,-0.001867133562085202,2.4712087196837595,3.4022333265681937,2.264678613226323,2.2220612896717284,-50.02333916952606
2026-04-14T11:46:57.556,4.003953933951494,4.005443573322509,4.003623485781162,4.003555298063475,-0.001867133562085202,2.4712087196837595,3.4022333265681937,2.264678613226323,2.2220612896717284,-50.02333916952606
2026-04-14T11:46:57.664,4.003565788481581,4.00490593939459,4.003796577679907,4.002650499501854,-0.002160895909186607,2.228617800988375,3.0662121216185056,2.3728610499418323,1.6565621886588389,-50.027011198864834
2026-04-14T11:46:57.773,4.003565788481581,4.00490593939459,4.003796577679907,4.002650499501854,-0.002160895909186607,2.228617800988375,3.0662121216185056,2.3728610499418323,1.6565621886588389,-50.027011198864834
2026-04-14T11:46:57.882,4.003565788481581,4.00490593939459,4.003796577679907,4.002650499501854,-0.002160895909186607,2.228617800988375,3.0662121216185056,2.3728610499418323,1.6565621886588389,-50.027011198864834
2026-04-14T11:46:57.992,4.002663612524486,4.004976749716803,4.003471374718629,4.003534317227263,-0.006816282257319044,1.6647578278039532,3.110468573002123,2.1696091991429967,2.2089482670395455,-50.085203528216496
2026-04-14T11:46:58.101,4.002663612524486,4.004976749716803,4.003471374718629,4.003534317227263,-0.006816282257319044,1.6647578278039532,3.110468573002123,2.1696091991429967,2.2089482670395455,-50.085203528216496
2026-04-14T11:46:58.211,4.002663612524486,4.004976749716803,4.003471374718629,4.003534317227263,-0.006816282257319044,1.6647578278039532,3.110468573002123,2.1696091991429967,2.2089482670395455,-50.085203528216496
2026-04-14T11:46:58.321,4.002967834649553,4.005236387564921,4.003822803725171,4.00372838996222,-0.018536902004381885,1.854896655970606,3.272742228075387,2.389252328232061,2.3302437263872378,-50.23171127505477
2026-04-14T11:46:58.430,4.002967834649553,4.005236387564921,4.003822803725171,4.00372838996222,-0.018536902004381885,1.854896655970606,3.272742228075387,2.389252328232061,2.3302437263872378,-50.23171127505477
2026-04-14T11:46:58.552,4.002967834649553,4.005236387564921,4.003822803725171,4.00372838996222,-0.018536902004381885,1.854896655970606,3.272742228075387,2.389252328232061,2.3302437263872378,-50.23171127505477
2026-04-14T11:46:58.646,4.00280785577344,4.005496025413038,4.003841161956856,4.003489732950314,-0.00557650557209447,1.754909858400211,3.435015883148651,2.400726223035221,2.1810830939461567,-50.06970631965119
2026-04-14T11:46:58.754,4.00280785577344,4.005496025413038,4.003841161956856,4.003489732950314,-0.00557650557209447,1.754909858400211,3.435015883148651,2.400726223035221,2.1810830939461567,-50.06970631965119
2026-04-14T11:46:58.862,4.00280785577344,4.005496025413038,4.003841161956856,4.003489732950314,-0.00557650557209447,1.754909858400211,3.435015883148651,2.400726223035221,2.1810830939461567,-50.06970631965119
2026-04-14T11:46:58.970,4.003180265616194,4.005412102068192,4.003977537392231,4.003654957035479,-0.009893318367635457,1.9876660101214583,3.3825637926199192,2.4859608701444103,2.2843481471745974,-50.12366647959544
2026-04-14T11:46:59.080,4.003180265616194,4.005412102068192,4.003977537392231,4.003654957035479,-0.009893318367635457,1.9876660101214583,3.3825637926199192,2.4859608701444103,2.2843481471745974,-50.12366647959544
2026-04-14T11:46:59.189,4.003180265616194,4.005412102068192,4.003977537392231,4.003654957035479,-0.009893318367635457,1.9876660101214583,3.3825637926199192,2.4859608701444103,2.2843481471745974,-50.12366647959544
2026-04-14T11:46:59.298,4.003159284779983,4.005454063740615,4.003489732950314,4.003405809605468,0.0010157206577743499,1.9745529874892753,3.408789837884285,2.1810830939461567,2.128631003417425,-49.987303491777816
2026-04-14T11:46:59.408,4.003159284779983,4.005454063740615,4.003489732950314,4.003405809605468,0.0010157206577743499,1.9745529874892753,3.408789837884285,2.1810830939461567,2.128631003417425,-49.987303491777816
2026-04-14T11:46:59.515,4.003159284779983,4.005454063740615,4.003489732950314,4.003405809605468,0.0010157206577743499,1.9745529874892753,3.408789837884285,2.1810830939461567,2.128631003417425,-49.987303491777816
2026-04-14T11:46:59.624,4.003135681339245,4.00493478804438,4.003644466617374,4.003662824849059,-0.003644644713190314,1.9598008370280695,3.084242527737757,2.277791635858506,2.289265530661666,-50.04555805891487
2026-04-14T11:46:59.733,4.003135681339245,4.00493478804438,4.003644466617374,4.003662824849059,-0.003644644713190314,1.9598008370280695,3.084242527737757,2.277791635858506,2.289265530661666,-50.04555805891487
2026-04-14T11:46:59.841,4.003135681339245,4.00493478804438,4.003644466617374,4.003662824849059,-0.003644644713190314,1.9598008370280695,3.084242527737757,2.277791635858506,2.289265530661666,-50.04555805891487
2026-04-14T11:46:59.951,4.003492355554841,4.0052416327739735,4.003605127549477,4.003723144753167,0.00459563807414571,2.1827222217757347,3.276020483733433,2.253204718423163,2.326965470729192,-49.94255452407318
2026-04-14T11:47:00.060,4.003492355554841,4.0052416327739735,4.003605127549477,4.003723144753167,0.00459563807414571,2.1827222217757347,3.276020483733433,2.253204718423163,2.326965470729192,-49.94255452407318
2026-04-14T11:47:00.184,4.003492355554841,4.0052416327739735,4.003605127549477,4.003723144753167,0.00459563807414571,2.1827222217757347,3.276020483733433,2.253204718423163,2.326965470729192,-49.94255452407318
2026-04-14T11:47:00.294,4.0034215452326265,4.0055720809443045,4.003746748193905,4.003397941791889,0.015703838012844605,2.138465770391562,3.482550590190314,2.341717621190398,2.1237136199303563,-49.80370202483944
2026-04-14T11:47:00.388,4.0034215452326265,4.0055720809443045,4.003746748193905,4.003397941791889,0.015703838012844605,2.138465770391562,3.482550590190314,2.341717621190398,2.1237136199303563,-49.80370202483944
2026-04-14T11:47:00.511,4.0034215452326265,4.0055720809443045,4.003746748193905,4.003397941791889,0.015703838012844605,2.138465770391562,3.482550590190314,2.341717621190398,2.1237136199303563,-49.80370202483944
2026-04-14T11:47:00.621,4.003555298063475,4.005556345317146,4.003515958995578,4.004048347714445,0.00456078491432012,2.2220612896717284,3.472715823216177,2.1974743722363854,2.5302173215280277,-49.942990188570995
2026-04-14T11:47:00.716,4.003555298063475,4.005556345317146,4.003515958995578,4.004048347714445,0.00456078491432012,2.2220612896717284,3.472715823216177,2.1974743722363854,2.5302173215280277,-49.942990188570995
2026-04-14T11:47:00.839,4.003555298063475,4.005556345317146,4.003515958995578,4.004048347714445,0.00456078491432012,2.2220612896717284,3.472715823216177,2.1974743722363854,2.5302173215280277,-49.942990188570995
2026-04-14T11:47:00.946,4.0031933786388265,4.005018711389226,4.0037939550753805,4.003605127549477,-0.0016928677629572495,1.9958616492665726,3.136694618266489,2.3712219221128095,2.253204718423163,-50.02116084703696
2026-04-14T11:47:01.056,4.0031933786388265,4.005018711389226,4.0037939550753805,4.003605127549477,-0.0016928677629572495,1.9958616492665726,3.136694618266489,2.3712219221128095,2.253204718423163,-50.02116084703696
2026-04-14T11:47:01.166,4.0031933786388265,4.005018711389226,4.0037939550753805,4.003605127549477,-0.0016928677629572495,1.9958616492665726,3.136694618266489,2.3712219221128095,2.253204718423163,-50.02116084703696
2026-04-14T11:47:01.262,4.003203869056932,4.005320310909767,4.003654957035479,4.003290415006305,0.007060254376098177,2.002418160582664,3.325194318604119,2.2843481471745974,2.0565093789404187,-49.911746820298774
2026-04-14T11:47:01.386,4.003203869056932,4.005320310909767,4.003654957035479,4.003290415006305,0.007060254376098177,2.002418160582664,3.325194318604119,2.2843481471745974,2.0565093789404187,-49.911746820298774
2026-04-14T11:47:01.495,4.003203869056932,4.005320310909767,4.003654957035479,4.003290415006305,0.007060254376098177,2.002418160582664,3.325194318604119,2.2843481471745974,2.0565093789404187,-49.911746820298774
2026-04-14T11:47:01.605,4.003159284779983,4.005747795447576,4.003754616007484,4.003531694622737,0.010789542477436354,1.9745529874892753,3.5923721547348464,2.3466350046774664,2.2073091392105226,-49.865130719032045
2026-04-14T11:47:01.713,4.003159284779983,4.005747795447576,4.003754616007484,4.003531694622737,0.010789542477436354,1.9745529874892753,3.5923721547348464,2.3466350046774664,2.2073091392105226,-49.865130719032045
2026-04-14T11:47:01.822,4.003159284779983,4.005747795447576,4.003754616007484,4.003531694622737,0.010789542477436354,1.9745529874892753,3.5923721547348464,2.3466350046774664,2.2073091392105226,-49.865130719032045
2026-04-14T11:47:01.932,4.003182888220721,4.005246877983026,4.003704786521482,4.003188133429774,0.0012248396167278924,1.9893051379504811,3.2792987393914785,2.315491575926032,1.9925833936085269,-49.9846895047909
2026-04-14T11:47:02.041,4.003182888220721,4.005246877983026,4.003704786521482,4.003188133429774,0.0012248396167278924,1.9893051379504811,3.2792987393914785,2.315491575926032,1.9925833936085269,-49.9846895047909
2026-04-14T11:47:02.150,4.003182888220721,4.005246877983026,4.003704786521482,4.003188133429774,0.0012248396167278924,1.9893051379504811,3.2792987393914785,2.315491575926032,1.9925833936085269,-49.9846895047909
2026-04-14T11:47:02.257,4.003106832689454,4.005246877983026,4.00372838996222,4.003746748193905,0.007483471316837489,1.941770430908818,3.2792987393914785,2.3302437263872378,2.341717621190398,-49.90645660853953
2026-04-14T11:47:02.366,4.003106832689454,4.005246877983026,4.00372838996222,4.003746748193905,0.007483471316837489,1.941770430908818,3.2792987393914785,2.3302437263872378,2.341717621190398,-49.90645660853953
2026-04-14T11:47:02.476,4.003106832689454,4.005246877983026,4.00372838996222,4.003746748193905,0.007483471316837489,1.941770430908818,3.2792987393914785,2.3302437263872378,2.341717621190398,-49.90645660853953
2026-04-14T11:47:02.585,4.003114700503033,4.00505280524807,4.004145384081923,4.003576278899686,0.011556311993599343,1.9466878143958866,3.1580032800437863,2.590865051201874,2.2351743123039114,-49.855546100080005
2026-04-14T11:47:02.692,4.003114700503033,4.00505280524807,4.004145384081923,4.003576278899686,0.011556311993599343,1.9466878143958866,3.1580032800437863,2.590865051201874,2.2351743123039114,-49.855546100080005
2026-04-14T11:47:02.800,4.003114700503033,4.00505280524807,4.004145384081923,4.003576278899686,0.011556311993599343,1.9466878143958866,3.1580032800437863,2.590865051201874,2.2351743123039114,-49.855546100080005
2026-04-14T11:47:02.908,4.003342867096833,4.00561928782578,4.004116535432132,4.003922462697176,0.014110550706531898,2.089291935520876,3.512054891112726,2.5728346450826223,2.45153918573493,-49.82361811616835
2026-04-14T11:47:03.018,4.003342867096833,4.00561928782578,4.004116535432132,4.003922462697176,0.014110550706531898,2.089291935520876,3.512054891112726,2.5728346450826223,2.45153918573493,-49.82361811616835
2026-04-14T11:47:03.127,4.003342867096833,4.00561928782578,4.004116535432132,4.003922462697176,0.014110550706531898,2.089291935520876,3.512054891112726,2.5728346450826223,2.45153918573493,-49.82361811616835
2026-04-14T11:47:03.235,4.003767729030116,4.0054461959270355,4.003746748193905,4.003686428289797,0.002594070895590374,2.354830643822581,3.4038724543972165,2.341717621190398,2.304017681122872,-49.96757411380512
2026-04-14T11:47:03.345,4.003767729030116,4.0054461959270355,4.003746748193905,4.003686428289797,0.002594070895590374,2.354830643822581,3.4038724543972165,2.341717621190398,2.304017681122872,-49.96757411380512
2026-04-14T11:47:03.455,4.003767729030116,4.0054461959270355,4.003746748193905,4.003686428289797,0.002594070895590374,2.354830643822581,3.4038724543972165,2.341717621190398,2.304017681122872,-49.96757411380512
2026-04-14T11:47:03.564,4.003539562436316,4.005404234254613,4.004092931991394,4.003951311346967,0.0003933428037459492,2.2122265226975912,3.3776464091328506,2.5580824946214165,2.4695695918541816,-49.995083214953176
2026-04-14T11:47:03.673,4.003539562436316,4.005404234254613,4.004092931991394,4.003951311346967,0.0003933428037459492,2.2122265226975912,3.3776464091328506,2.5580824946214165,2.4695695918541816,-49.995083214953176
2026-04-14T11:47:03.781,4.003539562436316,4.005404234254613,4.004092931991394,4.003951311346967,0.0003933428037459492,2.2122265226975912,3.3776464091328506,2.5580824946214165,2.4695695918541816,-49.995083214953176
2026-04-14T11:47:03.891,4.003243208124829,4.005829096187895,4.003731012566746,4.004053592923498,0.010336451399703678,2.027005078018007,3.6431851174345553,2.3318828542162606,2.5334955771860734,-49.870794357503705
2026-04-14T11:47:03.998,4.003243208124829,4.005829096187895,4.003731012566746,4.004053592923498,0.010336451399703678,2.027005078018007,3.6431851174345553,2.3318828542162606,2.5334955771860734,-49.870794357503705
2026-04-14T11:47:04.107,4.003243208124829,4.005829096187895,4.003731012566746,4.004053592923498,0.010336451399703678,2.027005078018007,3.6431851174345553,2.3318828542162606,2.5334955771860734,-49.870794357503705
2026-04-14T11:47:04.216,4.003334999283254,4.0053858760229275,4.003694296103376,4.003746748193905,0.005417176841463199,2.0843745520338075,3.3661725143296906,2.3089350646099405,2.341717621190398,-49.93228528948171
2026-04-14T11:47:04.325,4.003334999283254,4.0053858760229275,4.003694296103376,4.003746748193905,0.005417176841463199,2.0843745520338075,3.3661725143296906,2.3089350646099405,2.341717621190398,-49.93228528948171
2026-04-14T11:47:04.448,4.003334999283254,4.0053858760229275,4.003694296103376,4.003746748193905,0.005417176841463199,2.0843745520338075,3.3661725143296906,2.3089350646099405,2.341717621190398,-49.93228528948171
2026-04-14T11:47:04.557,4.002975702463132,4.005624533034833,4.003788709866328,4.004155874500029,0.003988197288613991,1.8598140394576745,3.5153331467707716,2.3679436664547637,2.5974215625179653,-49.95014753389233
2026-04-14T11:47:04.666,4.002975702463132,4.005624533034833,4.003788709866328,4.004155874500029,0.003988197288613991,1.8598140394576745,3.5153331467707716,2.3679436664547637,2.5974215625179653,-49.95014753389233
2026-04-14T11:47:04.776,4.002975702463132,4.005624533034833,4.003788709866328,4.004155874500029,0.003988197288613991,1.8598140394576745,3.5153331467707716,2.3679436664547637,2.5974215625179653,-49.95014753389233
2026-04-14T11:47:04.884,4.003106832689454,4.00513410598839,4.003964424369599,4.00417685533624,-0.00274344158055719,1.941770430908818,3.208816242743495,2.477765230999296,2.6105345851501482,-50.03429301975697
2026-04-14T11:47:04.994,4.003106832689454,4.00513410598839,4.003964424369599,4.00417685533624,-0.00274344158055719,1.941770430908818,3.208816242743495,2.477765230999296,2.6105345851501482,-50.03429301975697
2026-04-14T11:47:05.104,4.003106832689454,4.00513410598839,4.003964424369599,4.00417685533624,-0.00274344158055719,1.941770430908818,3.208816242743495,2.477765230999296,2.6105345851501482,-50.03429301975697
2026-04-14T11:47:05.213,4.0032353403112495,4.005050182643544,4.003581524108739,4.003353357514939,0.008275135947161616,2.0220876945309385,3.1563641522147634,2.238452567961957,2.0958484468369676,-49.89656080066048
2026-04-14T11:47:05.323,4.0032353403112495,4.005050182643544,4.003581524108739,4.003353357514939,0.008275135947161616,2.0220876945309385,3.1563641522147634,2.238452567961957,2.0958484468369676,-49.89656080066048
2026-04-14T11:47:05.430,4.0032353403112495,4.005050182643544,4.003581524108739,4.003353357514939,0.008275135947161616,2.0220876945309385,3.1563641522147634,2.238452567961957,2.0958484468369676,-49.89656080066048
2026-04-14T11:47:05.540,4.0025744439705875,4.005220651937762,4.003678560476217,4.003636598803794,0.003495274028223498,1.6090274816171757,3.26290746110125,2.2991002976358033,2.2728742523714374,-49.9563090746472
2026-04-14T11:47:05.648,4.0025744439705875,4.005220651937762,4.003678560476217,4.003636598803794,0.003495274028223498,1.6090274816171757,3.26290746110125,2.2991002976358033,2.2728742523714374,-49.9563090746472
2026-04-14T11:47:05.772,4.0025744439705875,4.005220651937762,4.003678560476217,4.003636598803794,0.003495274028223498,1.6090274816171757,3.26290746110125,2.2991002976358033,2.2728742523714374,-49.9563090746472
2026-04-14T11:47:05.868,4.003051757994399,4.005388498627454,4.003762483821063,4.00353693983179,0.013020144706274142,1.9073487464993377,3.3678116421587134,2.351552388164535,2.2105873948685684,-49.837248191171575
2026-04-14T11:47:05.977,4.003051757994399,4.005388498627454,4.003762483821063,4.00353693983179,0.013020144706274142,1.9073487464993377,3.3678116421587134,2.351552388164535,2.2105873948685684,-49.837248191171575
2026-04-14T11:47:06.084,4.003051757994399,4.005388498627454,4.003762483821063,4.00353693983179,0.013020144706274142,1.9073487464993377,3.3678116421587134,2.351552388164535,2.2105873948685684,-49.837248191171575
2026-04-14T11:47:06.192,4.003138303943771,4.005128860779337,4.003578901504213,4.003450393882417,0.01695855176656586,1.9614399648570924,3.2055379870854495,2.2368134401329343,2.1564961765108137,-49.788018102917924
2026-04-14T11:47:06.301,4.003138303943771,4.005128860779337,4.003578901504213,4.003450393882417,0.01695855176656586,1.9614399648570924,3.2055379870854495,2.2368134401329343,2.1564961765108137,-49.788018102917924
2026-04-14T11:47:06.411,4.003138303943771,4.005128860779337,4.003578901504213,4.003450393882417,0.01695855176656586,1.9614399648570924,3.2055379870854495,2.2368134401329343,2.1564961765108137,-49.788018102917924
2026-04-14T11:47:06.520,4.002765894101017,4.0053675177912424,4.004003763437495,4.003510713786525,0.012816004770152826,1.728683813135845,3.3546986195265305,2.502352148434639,2.1941961165783397,-49.83979994037309
2026-04-14T11:47:06.629,4.002765894101017,4.0053675177912424,4.004003763437495,4.003510713786525,0.012816004770152826,1.728683813135845,3.3546986195265305,2.502352148434639,2.1941961165783397,-49.83979994037309
2026-04-14T11:47:06.738,4.002765894101017,4.0053675177912424,4.004003763437495,4.003510713786525,0.012816004770152826,1.728683813135845,3.3546986195265305,2.502352148434639,2.1941961165783397,-49.83979994037309
2026-04-14T11:47:06.847,4.003054380598925,4.004816770840691,4.003814935911592,4.003552675458948,0.018531922981549657,1.9089878743283606,3.010481775431728,2.3843349447449924,2.2204221618427056,-49.76835096273063
2026-04-14T11:47:06.955,4.003054380598925,4.004816770840691,4.003814935911592,4.003552675458948,0.018531922981549657,1.9089878743283606,3.010481775431728,2.3843349447449924,2.2204221618427056,-49.76835096273063
2026-04-14T11:47:07.065,4.003054380598925,4.004816770840691,4.003814935911592,4.003552675458948,0.018531922981549657,1.9089878743283606,3.010481775431728,2.3843349447449924,2.2204221618427056,-49.76835096273063
2026-04-14T11:47:07.174,4.0034818651367345,4.0053439143505045,4.003893614047386,4.0038542749794885,0.020428930680628222,2.176165710459088,3.3399464690653247,2.4335087796162336,2.4089218621803354,-49.74463836649215
2026-04-14T11:47:07.283,4.0034818651367345,4.0053439143505045,4.003893614047386,4.0038542749794885,0.020428930680628222,2.176165710459088,3.3399464690653247,2.4335087796162336,2.4089218621803354,-49.74463836649215
2026-04-14T11:47:07.392,4.0034818651367345,4.0053439143505045,4.003893614047386,4.0038542749794885,0.020428930680628222,2.176165710459088,3.3399464690653247,2.4335087796162336,2.4089218621803354,-49.74463836649215
2026-04-14T11:47:07.502,4.003374338351151,4.005653381684625,4.003636598803794,4.003584146713266,0.024900093183968252,2.1089614694691505,3.5333635528905782,2.2728742523714374,2.24009169579098,-49.6887488352004
2026-04-14T11:47:07.612,4.003374338351151,4.005653381684625,4.003636598803794,4.003584146713266,0.024900093183968252,2.1089614694691505,3.5333635528905782,2.2728742523714374,2.24009169579098,-49.6887488352004
2026-04-14T11:47:07.722,4.003374338351151,4.005653381684625,4.003636598803794,4.003584146713266,0.024900093183968252,2.1089614694691505,3.5333635528905782,2.2728742523714374,2.24009169579098,-49.6887488352004
2026-04-14T11:47:07.831,4.003182888220721,4.005330801327872,4.003342867096833,4.003287792401778,0.028758835878944337,1.9893051379504811,3.3317508299202103,2.089291935520876,2.054870251111396,-49.6405145515132
2026-04-14T11:47:07.939,4.003182888220721,4.005330801327872,4.003342867096833,4.003287792401778,0.028758835878944337,1.9893051379504811,3.3317508299202103,2.089291935520876,2.054870251111396,-49.6405145515132
2026-04-14T11:47:08.049,4.003182888220721,4.005330801327872,4.003342867096833,4.003287792401778,0.028758835878944337,1.9893051379504811,3.3317508299202103,2.089291935520876,2.054870251111396,-49.6405145515132
2026-04-14T11:47:08.158,4.003332376678728,4.005448818531562,4.003644466617374,4.003316641051569,0.021673686388685023,2.0827354242047846,3.4055115822262394,2.277791635858506,2.0729006572306474,-49.72907892014144
2026-04-14T11:47:08.267,4.003332376678728,4.005448818531562,4.003644466617374,4.003316641051569,0.021673686388685023,2.0827354242047846,3.4055115822262394,2.277791635858506,2.0729006572306474,-49.72907892014144
2026-04-14T11:47:08.376,4.003332376678728,4.005448818531562,4.003644466617374,4.003316641051569,0.021673686388685023,2.0827354242047846,3.4055115822262394,2.277791635858506,2.0729006572306474,-49.72907892014144
2026-04-14T11:47:08.484,4.002986192881238,4.005724192006838,4.0038123133070656,4.003890991442859,0.030108151066477906,1.866370550773766,3.5776200042736406,2.3826958169159695,2.4318696517866556,-49.62364811166903
2026-04-14T11:47:08.594,4.002986192881238,4.005724192006838,4.0038123133070656,4.003890991442859,0.030108151066477906,1.866370550773766,3.5776200042736406,2.3826958169159695,2.4318696517866556,-49.62364811166903
2026-04-14T11:47:08.707,4.002986192881238,4.005724192006838,4.0038123133070656,4.003890991442859,0.030108151066477906,1.866370550773766,3.5776200042736406,2.3826958169159695,2.4318696517866556,-49.62364811166903
2026-04-14T11:47:08.815,4.003473997323155,4.005359649977663,4.00350022336842,4.0038123133070656,0.025183897485405202,2.1712483269720195,3.349781236039462,2.187639605262248,2.3826958169159695,-49.685201281432434
2026-04-14T11:47:08.924,4.003473997323155,4.005359649977663,4.00350022336842,4.0038123133070656,0.025183897485405202,2.1712483269720195,3.349781236039462,2.187639605262248,2.3826958169159695,-49.685201281432434
2026-04-14T11:47:09.033,4.003473997323155,4.005359649977663,4.00350022336842,4.0038123133070656,0.025183897485405202,2.1712483269720195,3.349781236039462,2.187639605262248,2.3826958169159695,-49.685201281432434
2026-04-14T11:47:09.144,4.003266811565567,4.005063295666176,4.00352907201821,4.00394868874244,0.025268540873553066,2.041757228479213,3.1645597913598777,2.2056700113814998,2.4679304640251587,-49.68414323908058
2026-04-14T11:47:09.252,4.003266811565567,4.005063295666176,4.00352907201821,4.00394868874244,0.025268540873553066,2.041757228479213,3.1645597913598777,2.2056700113814998,2.4679304640251587,-49.68414323908058
2026-04-14T11:47:09.359,4.003266811565567,4.005063295666176,4.00352907201821,4.00394868874244,0.025268540873553066,2.041757228479213,3.1645597913598777,2.2056700113814998,2.4679304640251587,-49.68414323908058
2026-04-14T11:47:09.470,4.0028026105643875,4.005784511910946,4.003772974239169,4.004087686782342,0.03064588553235845,1.7516316027421652,3.6153199443411665,2.3581088994806265,2.554804238963926,-49.616926430845524
2026-04-14T11:47:09.579,4.0028026105643875,4.005784511910946,4.003772974239169,4.004087686782342,0.03064588553235845,1.7516316027421652,3.6153199443411665,2.3581088994806265,2.554804238963926,-49.616926430845524
2026-04-14T11:47:09.690,4.0028026105643875,4.005784511910946,4.003772974239169,4.004087686782342,0.03064588553235845,1.7516316027421652,3.6153199443411665,2.3581088994806265,2.554804238963926,-49.616926430845524
2026-04-14T11:47:09.800,4.002973079858606,4.0054461959270355,4.00369954131243,4.003788709866328,0.023525882882273544,1.8581749116286517,3.4038724543972165,2.3122133202685413,2.3679436664547637,-49.70592646397158
2026-04-14T11:47:09.908,4.002973079858606,4.0054461959270355,4.00369954131243,4.003788709866328,0.023525882882273544,1.8581749116286517,3.4038724543972165,2.3122133202685413,2.3679436664547637,-49.70592646397158
2026-04-14T11:47:10.017,4.002973079858606,4.0054461959270355,4.00369954131243,4.003788709866328,0.023525882882273544,1.8581749116286517,3.4038724543972165,2.3122133202685413,2.3679436664547637,-49.70592646397158
2026-04-14T11:47:10.127,4.003618240572109,4.005414724672718,4.003822803725171,4.003914594883597,0.02093181198668317,2.2614003575682773,3.384202920448942,2.389252328232061,2.4466218022478614,-49.73835235016646
2026-04-14T11:47:10.236,4.003618240572109,4.005414724672718,4.003822803725171,4.003914594883597,0.02093181198668317,2.2614003575682773,3.384202920448942,2.389252328232061,2.4466218022478614,-49.73835235016646
2026-04-14T11:47:10.346,4.003618240572109,4.005414724672718,4.003822803725171,4.003914594883597,0.02093181198668317,2.2614003575682773,3.384202920448942,2.389252328232061,2.4466218022478614,-49.73835235016646
2026-04-14T11:47:10.454,4.003400564396415,4.005448818531562,4.003487110345787,4.003689050894323,0.030307311979766997,2.125352747759379,3.4055115822262394,2.179443966117134,2.3056568089518947,-49.62115860025291
2026-04-14T11:47:10.563,4.003400564396415,4.005448818531562,4.003487110345787,4.003689050894323,0.030307311979766997,2.125352747759379,3.4055115822262394,2.179443966117134,2.3056568089518947,-49.62115860025291
2026-04-14T11:47:10.670,4.003400564396415,4.005448818531562,4.003487110345787,4.003689050894323,0.030307311979766997,2.125352747759379,3.4055115822262394,2.179443966117134,2.3056568089518947,-49.62115860025291
2026-04-14T11:47:10.778,4.002731800242174,4.005110502547652,4.003437280859785,4.003453016486944,0.02377981304671713,1.7073751513585478,3.1940640922822894,2.1483005373656994,2.1581353043398366,-49.702752336916035
2026-04-14T11:47:10.888,4.002731800242174,4.005110502547652,4.003437280859785,4.003453016486944,0.02377981304671713,1.7073751513585478,3.1940640922822894,2.1483005373656994,2.1581353043398366,-49.702752336916035
2026-04-14T11:47:11.011,4.002731800242174,4.005110502547652,4.003437280859785,4.003453016486944,0.02377981304671713,1.7073751513585478,3.1940640922822894,2.1483005373656994,2.1581353043398366,-49.702752336916035
2026-04-14T11:47:11.107,4.003586769317792,4.005060673061649,4.003901481860964,4.003390073978309,0.004680281462293573,2.241730823620003,3.162920663530855,2.438426163102747,2.1187962364432877,-49.94149648172133
2026-04-14T11:47:11.230,4.003586769317792,4.005060673061649,4.003901481860964,4.003390073978309,0.004680281462293573,2.241730823620003,3.162920663530855,2.438426163102747,2.1187962364432877,-49.94149648172133
2026-04-14T11:47:11.341,4.003586769317792,4.005060673061649,4.003901481860964,4.003390073978309,0.004680281462293573,2.241730823620003,3.162920663530855,2.438426163102747,2.1187962364432877,-49.94149648172133
2026-04-14T11:47:11.465,4.0034399034643116,4.005412102068192,4.003851652374962,4.003447771277891,0.014867362177030434,2.1499396651947222,3.3825637926199192,2.4072827343513126,2.154857048681791,-49.81415797278712
2026-04-14T11:47:11.573,4.0034399034643116,4.005412102068192,4.003851652374962,4.003447771277891,0.014867362177030434,2.1499396651947222,3.3825637926199192,2.4072827343513126,2.154857048681791,-49.81415797278712
2026-04-14T11:47:11.683,4.0034399034643116,4.005412102068192,4.003851652374962,4.003447771277891,0.014867362177030434,2.1499396651947222,3.3825637926199192,2.4072827343513126,2.154857048681791,-49.81415797278712
2026-04-14T11:47:11.791,4.0026583673154335,4.005254745796606,4.003552675458948,4.003589391922318,0.016913740561075818,1.6614795721459075,3.284216122878547,2.2204221618427056,2.2433699514490257,-49.78857824298655
2026-04-14T11:47:11.899,4.0026583673154335,4.005254745796606,4.003552675458948,4.003589391922318,0.016913740561075818,1.6614795721459075,3.284216122878547,2.2204221618427056,2.2433699514490257,-49.78857824298655
2026-04-14T11:47:12.008,4.0026583673154335,4.005254745796606,4.003552675458948,4.003589391922318,0.016913740561075818,1.6614795721459075,3.284216122878547,2.2204221618427056,2.2433699514490257,-49.78857824298655
2026-04-14T11:47:12.117,4.003001928508397,4.005202293706077,4.00375723861201,4.004307985562562,0.010057626121098954,1.8762053177479032,3.2514335662980898,2.3482741325064893,2.6924909766012917,-49.874279673486264
2026-04-14T11:47:12.227,4.003001928508397,4.005202293706077,4.00375723861201,4.004307985562562,0.010057626121098954,1.8762053177479032,3.2514335662980898,2.3482741325064893,2.6924909766012917,-49.874279673486264
2026-04-14T11:47:12.337,4.003001928508397,4.005202293706077,4.00375723861201,4.004307985562562,0.010057626121098954,1.8762053177479032,3.2514335662980898,2.3482741325064893,2.6924909766012917,-49.874279673486264
2026-04-14T11:47:12.445,4.0031907560343,4.005147219011022,4.003783464657275,4.003557920668001,0.022460371996176922,1.9942225214375497,3.2170118818886095,2.364665410796718,2.2237004175007513,-49.719245350047785
2026-04-14T11:47:12.553,4.0031907560343,4.005147219011022,4.003783464657275,4.003557920668001,0.022460371996176922,1.9942225214375497,3.2170118818886095,2.364665410796718,2.2237004175007513,-49.719245350047785
2026-04-14T11:47:12.661,4.0031907560343,4.005147219011022,4.003783464657275,4.003557920668001,0.022460371996176922,1.9942225214375497,3.2170118818886095,2.364665410796718,2.2237004175007513,-49.719245350047785
2026-04-14T11:47:12.771,4.003395319187362,4.005110502547652,4.0038778784202265,4.003392696582836,0.019741825529780866,2.1220744921013335,3.1940640922822894,2.4236740126415413,2.1204353642723106,-49.753227180877744
2026-04-14T11:47:12.880,4.003395319187362,4.005110502547652,4.0038778784202265,4.003392696582836,0.019741825529780866,2.1220744921013335,3.1940640922822894,2.4236740126415413,2.1204353642723106,-49.753227180877744
2026-04-14T11:47:12.990,4.003395319187362,4.005110502547652,4.0038778784202265,4.003392696582836,0.019741825529780866,2.1220744921013335,3.1940640922822894,2.4236740126415413,2.1204353642723106,-49.753227180877744
2026-04-14T11:47:13.101,4.003114700503033,4.004795790004479,4.003447771277891,4.003636598803794,0.029988654518504458,1.9466878143958866,2.997368752799545,2.154857048681791,2.2728742523714374,-49.62514181851869
2026-04-14T11:47:13.209,4.003114700503033,4.004795790004479,4.003447771277891,4.003636598803794,0.029988654518504458,1.9466878143958866,2.997368752799545,2.154857048681791,2.2728742523714374,-49.62514181851869
2026-04-14T11:47:13.318,4.003114700503033,4.004795790004479,4.003447771277891,4.003636598803794,0.029988654518504458,1.9466878143958866,2.997368752799545,2.154857048681791,2.2728742523714374,-49.62514181851869
2026-04-14T11:47:13.426,4.003311395842516,4.005278349237344,4.003867388002121,4.003083229248716,0.022669490955130465,2.0696224015726017,3.298968273339753,2.41711750132545,1.9270182804476121,-49.71663136306087
2026-04-14T11:47:13.534,4.003311395842516,4.005278349237344,4.003867388002121,4.003083229248716,0.022669490955130465,2.0696224015726017,3.298968273339753,2.41711750132545,1.9270182804476121,-49.71663136306087
2026-04-14T11:47:13.658,4.003311395842516,4.005278349237344,4.003867388002121,4.003083229248716,0.022669490955130465,2.0696224015726017,3.298968273339753,2.41711750132545,1.9270182804476121,-49.71663136306087
2026-04-14T11:47:13.754,4.002794742750808,4.005204916310604,4.003615617967583,4.003704786521482,0.023162414215520954,1.7467142192550966,3.2530726941276678,2.2597612297392544,2.315491575926032,-49.71046982230599
2026-04-14T11:47:13.862,4.002794742750808,4.005204916310604,4.003615617967583,4.003704786521482,0.023162414215520954,1.7467142192550966,3.2530726941276678,2.2597612297392544,2.315491575926032,-49.71046982230599
2026-04-14T11:47:13.972,4.002794742750808,4.005204916310604,4.003615617967583,4.003704786521482,0.023162414215520954,1.7467142192550966,3.2530726941276678,2.2597612297392544,2.315491575926032,-49.71046982230599
2026-04-14T11:47:14.080,4.003009796321976,4.005346536955031,4.003450393882417,4.003623485781162,0.040514308785832766,1.8811227012349718,3.3415855968943475,2.1564961765108137,2.264678613226323,-49.49357114017709
2026-04-14T11:47:14.189,4.003009796321976,4.005346536955031,4.003450393882417,4.003623485781162,0.040514308785832766,1.8811227012349718,3.3415855968943475,2.1564961765108137,2.264678613226323,-49.49357114017709
2026-04-14T11:47:14.300,4.003009796321976,4.005346536955031,4.003450393882417,4.003623485781162,0.040514308785832766,1.8811227012349718,3.3415855968943475,2.1564961765108137,2.264678613226323,-49.49357114017709
2026-04-14T11:47:14.410,4.003112077898507,4.005065918270702,4.003754616007484,4.003494978159367,0.04161965185458721,1.9450486865668637,3.1661989191889006,2.3466350046774664,2.1843613496042025,-49.47975435181766
2026-04-14T11:47:14.519,4.003112077898507,4.005065918270702,4.003754616007484,4.003494978159367,0.04161965185458721,1.9450486865668637,3.1661989191889006,2.3466350046774664,2.1843613496042025,-49.47975435181766
2026-04-14T11:47:14.627,4.003112077898507,4.005065918270702,4.003754616007484,4.003494978159367,0.04161965185458721,1.9450486865668637,3.1661989191889006,2.3466350046774664,2.1843613496042025,-49.47975435181766
2026-04-14T11:47:14.736,4.0033376218877805,4.005548477503567,4.003780842052748,4.0033612253285185,0.030630948463861767,2.0860136798628304,3.4677984397291084,2.363026282967695,2.100765830324036,-49.61711314420173
2026-04-14T11:47:14.845,4.0033376218877805,4.005548477503567,4.003780842052748,4.0033612253285185,0.030630948463861767,2.0860136798628304,3.4677984397291084,2.363026282967695,2.100765830324036,-49.61711314420173
2026-04-14T11:47:14.956,4.0033376218877805,4.005548477503567,4.003780842052748,4.0033612253285185,0.030630948463861767,2.0860136798628304,3.4677984397291084,2.363026282967695,2.100765830324036,-49.61711314420173
2026-04-14T11:47:15.065,4.002938985999762,4.005789757119999,4.003453016486944,4.003689050894323,0.026348988828146368,1.8368662498513544,3.6185981999992123,2.1581353043398366,2.3056568089518947,-49.67063763964817
2026-04-14T11:47:15.173,4.002938985999762,4.005789757119999,4.003453016486944,4.003689050894323,0.026348988828146368,1.8368662498513544,3.6185981999992123,2.1581353043398366,2.3056568089518947,-49.67063763964817
2026-04-14T11:47:15.283,4.002938985999762,4.005789757119999,4.003453016486944,4.003689050894323,0.026348988828146368,1.8368662498513544,3.6185981999992123,2.1581353043398366,2.3056568089518947,-49.67063763964817
2026-04-14T11:47:15.394,4.003177643011668,4.005372763000295,4.00399327301939,4.003502845972946,0.030874920582640894,1.9860268822924354,3.357976875184576,2.4957956371185475,2.189278733091271,-49.61406349271699
2026-04-14T11:47:15.504,4.003177643011668,4.005372763000295,4.00399327301939,4.003502845972946,0.030874920582640894,1.9860268822924354,3.357976875184576,2.4957956371185475,2.189278733091271,-49.61406349271699
2026-04-14T11:47:15.614,4.003177643011668,4.005372763000295,4.00399327301939,4.003502845972946,0.030874920582640894,1.9860268822924354,3.357976875184576,2.4957956371185475,2.189278733091271,-49.61406349271699
2026-04-14T11:47:15.724,4.0029888154857645,4.005595684385042,4.00338220616473,4.003405809605468,0.02859452812548084,1.8680096786027889,3.49730274065152,2.113878852956219,2.128631003417425,-49.64256839843149
2026-04-14T11:47:15.833,4.0029888154857645,4.005595684385042,4.00338220616473,4.003405809605468,0.02859452812548084,1.8680096786027889,3.49730274065152,2.113878852956219,2.128631003417425,-49.64256839843149
2026-04-14T11:47:15.942,4.0029888154857645,4.005595684385042,4.00338220616473,4.003405809605468,0.02859452812548084,1.8680096786027889,3.49730274065152,2.113878852956219,2.128631003417425,-49.64256839843149
2026-04-14T11:47:16.052,4.0033612253285185,4.005296707469029,4.003075361435137,4.003355980119466,0.010540591335824993,2.100765830324036,3.310442168142913,1.9221008969605435,2.0974875746659905,-49.86824260830219
2026-04-14T11:47:16.161,4.0033612253285185,4.005296707469029,4.003075361435137,4.003355980119466,0.010540591335824993,2.100765830324036,3.310442168142913,1.9221008969605435,2.0974875746659905,-49.86824260830219
2026-04-14T11:47:16.271,4.0033612253285185,4.005296707469029,4.003075361435137,4.003355980119466,0.010540591335824993,2.100765830324036,3.310442168142913,1.9221008969605435,2.0974875746659905,-49.86824260830219
2026-04-14T11:47:16.380,4.002894401722813,4.005438328113456,4.003788709866328,4.003371715746625,0.016928677629572498,1.8090010767579656,3.398955070910148,2.3679436664547637,2.1073223416406828,-49.788391529630346
2026-04-14T11:47:16.489,4.002894401722813,4.005438328113456,4.003788709866328,4.003371715746625,0.016928677629572498,1.8090010767579656,3.398955070910148,2.3679436664547637,2.1073223416406828,-49.788391529630346
2026-04-14T11:47:16.596,4.002894401722813,4.005438328113456,4.003788709866328,4.003371715746625,0.016928677629572498,1.8090010767579656,3.398955070910148,2.3679436664547637,2.1073223416406828,-49.788391529630346
2026-04-14T11:47:16.708,4.002957344231447,4.005561590526199,4.003237962915777,4.003140926548298,0.01572873312700574,1.8483401446545145,3.4759940788742227,2.0237268223605165,1.9630790926861152,-49.803390835912424
2026-04-14T11:47:16.817,4.002957344231447,4.005561590526199,4.003237962915777,4.003140926548298,0.01572873312700574,1.8483401446545145,3.4759940788742227,2.0237268223605165,1.9630790926861152,-49.803390835912424
2026-04-14T11:47:16.926,4.002957344231447,4.005561590526199,4.003237962915777,4.003140926548298,0.01572873312700574,1.8483401446545145,3.4759940788742227,2.0237268223605165,1.9630790926861152,-49.803390835912424
2026-04-14T11:47:17.036,4.003224849893144,4.005805492747157,4.0035238268091575,4.003424167837153,0.02204711310110206,2.015531183214847,3.6284329669733495,2.202391755723454,2.140104898220585,-49.72441108623622
2026-04-14T11:47:17.146,4.003224849893144,4.005805492747157,4.0035238268091575,4.003424167837153,0.02204711310110206,2.015531183214847,3.6284329669733495,2.202391755723454,2.140104898220585,-49.72441108623622
2026-04-14T11:47:17.255,4.003224849893144,4.005805492747157,4.0035238268091575,4.003424167837153,0.02204711310110206,2.015531183214847,3.6284329669733495,2.202391755723454,2.140104898220585,-49.72441108623622
2026-04-14T11:47:17.365,4.003012418926502,4.005107879943125,4.00334548970136,4.003479242532208,0.01526568400360861,1.8827618290639947,3.1924249644532665,2.090931063349899,2.1745265826300653,-49.80917894995489
2026-04-14T11:47:17.474,4.003012418926502,4.005107879943125,4.00334548970136,4.003479242532208,0.01526568400360861,1.8827618290639947,3.1924249644532665,2.090931063349899,2.1745265826300653,-49.80917894995489
2026-04-14T11:47:17.586,4.003012418926502,4.005107879943125,4.00334548970136,4.003479242532208,0.01526568400360861,1.8827618290639947,3.1924249644532665,2.090931063349899,2.1745265826300653,-49.80917894995489
2026-04-14T11:47:17.695,4.003161907384509,4.005047560039017,4.003974914787705,4.003237962915777,0.018855559465644423,1.9761921153182982,3.1547250243857405,2.4843217423153874,2.0237268223605165,-49.76430550667945
2026-04-14T11:47:17.805,4.003161907384509,4.005047560039017,4.003974914787705,4.003237962915777,0.018855559465644423,1.9761921153182982,3.1547250243857405,2.4843217423153874,2.0237268223605165,-49.76430550667945
2026-04-14T11:47:17.915,4.003161907384509,4.005047560039017,4.003974914787705,4.003237962915777,0.018855559465644423,1.9761921153182982,3.1547250243857405,2.4843217423153874,2.0237268223605165,-49.76430550667945
2026-04-14T11:47:18.023,4.003070116226084,4.0056560042891505,4.00353693983179,4.00315403957093,0.017471391118285263,1.9188226413024978,3.535002680719046,2.2105873948685684,1.9712747318312296,-49.781607611021435
2026-04-14T11:47:18.131,4.003070116226084,4.0056560042891505,4.00353693983179,4.00315403957093,0.017471391118285263,1.9188226413024978,3.535002680719046,2.2105873948685684,1.9712747318312296,-49.781607611021435
2026-04-14T11:47:18.242,4.003070116226084,4.0056560042891505,4.00353693983179,4.00315403957093,0.017471391118285263,1.9188226413024978,3.535002680719046,2.2105873948685684,1.9712747318312296,-49.781607611021435
2026-04-14T11:47:18.351,4.002818346191546,4.005454063740615,4.003578901504213,4.003846407165909,0.014648285172412437,1.7614663697163024,3.408789837884285,2.2368134401329343,2.404004478693267,-49.816896435344844
2026-04-14T11:47:18.461,4.002818346191546,4.005454063740615,4.003578901504213,4.003846407165909,0.014648285172412437,1.7614663697163024,3.408789837884285,2.2368134401329343,2.404004478693267,-49.816896435344844
2026-04-14T11:47:18.571,4.002818346191546,4.005454063740615,4.003578901504213,4.003846407165909,0.014648285172412437,1.7614663697163024,3.408789837884285,2.2368134401329343,2.404004478693267,-49.816896435344844
2026-04-14T11:47:18.681,4.003397941791889,4.005149841615548,4.00361037275853,4.003497600763893,0.02078742032454858,2.1237136199303563,3.2186510097176324,2.2564829740812087,2.1860004774332253,-49.740157245943145
2026-04-14T11:47:18.790,4.003397941791889,4.005149841615548,4.00361037275853,4.003497600763893,0.02078742032454858,2.1237136199303563,3.2186510097176324,2.2564829740812087,2.1860004774332253,-49.740157245943145
2026-04-14T11:47:18.899,4.003397941791889,4.005149841615548,4.00361037275853,4.003497600763893,0.02078742032454858,2.1237136199303563,3.2186510097176324,2.2564829740812087,2.1860004774332253,-49.740157245943145
2026-04-14T11:47:19.009,4.002883911304707,4.005393743836507,4.003542185040843,4.003594637131371,0.0127014872450116,1.8024445654418741,3.371089897816759,2.213865650526614,2.2466482071070715,-49.841231409437356
2026-04-14T11:47:19.117,4.002883911304707,4.005393743836507,4.003542185040843,4.003594637131371,0.0127014872450116,1.8024445654418741,3.371089897816759,2.213865650526614,2.2466482071070715,-49.841231409437356
2026-04-14T11:47:19.225,4.002883911304707,4.005393743836507,4.003542185040843,4.003594637131371,0.0127014872450116,1.8024445654418741,3.371089897816759,2.213865650526614,2.2466482071070715,-49.841231409437356
2026-04-14T11:47:19.335,4.003146171757351,4.00513410598839,4.003943443533387,4.003759861216538,0.029829325787873187,1.966357348344161,3.208816242743495,2.464652208367113,2.3499132603360673,-49.627133427651586
2026-04-14T11:47:19.445,4.003146171757351,4.00513410598839,4.003943443533387,4.003759861216538,0.029829325787873187,1.966357348344161,3.208816242743495,2.464652208367113,2.3499132603360673,-49.627133427651586
2026-04-14T11:47:19.555,4.003146171757351,4.00513410598839,4.003943443533387,4.003759861216538,0.029829325787873187,1.966357348344161,3.208816242743495,2.464652208367113,2.3499132603360673,-49.627133427651586
2026-04-14T11:47:19.663,4.00303602236724,4.005286217050923,4.003424167837153,4.003416300023574,0.030775340125996354,1.8975139795252005,3.3038856568268216,2.140104898220585,2.1351875147335164,-49.615308248425045
2026-04-14T11:47:19.772,4.00303602236724,4.005286217050923,4.003424167837153,4.003416300023574,0.030775340125996354,1.8975139795252005,3.3038856568268216,2.140104898220585,2.1351875147335164,-49.615308248425045
2026-04-14T11:47:19.880,4.00303602236724,4.005286217050923,4.003424167837153,4.003416300023574,0.030775340125996354,1.8975139795252005,3.3038856568268216,2.140104898220585,2.1351875147335164,-49.615308248425045
2026-04-14T11:47:19.988,4.0033376218877805,4.005784511910946,4.003707409126008,4.003489732950314,0.023874414480529446,2.0860136798628304,3.6153199443411665,2.317130703755055,2.1810830939461567,-49.70156981899338
2026-04-14T11:47:20.097,4.0033376218877805,4.005784511910946,4.003707409126008,4.003489732950314,0.023874414480529446,2.0860136798628304,3.6153199443411665,2.317130703755055,2.1810830939461567,-49.70156981899338
2026-04-14T11:47:20.207,4.0033376218877805,4.005784511910946,4.003707409126008,4.003489732950314,0.023874414480529446,2.0860136798628304,3.6153199443411665,2.317130703755055,2.1810830939461567,-49.70156981899338
2026-04-14T11:47:20.315,4.002839327027758,4.005640268661992,4.0035054685774725,4.003565788481581,0.01583827162931474,1.7745793923484854,3.525167913744909,2.190917860920294,2.228617800988375,-49.802021604633566
2026-04-14T11:47:20.425,4.002839327027758,4.005640268661992,4.0035054685774725,4.003565788481581,0.01583827162931474,1.7745793923484854,3.525167913744909,2.190917860920294,2.228617800988375,-49.802021604633566
2026-04-14T11:47:20.534,4.002839327027758,4.005640268661992,4.0035054685774725,4.003565788481581,0.01583827162931474,1.7745793923484854,3.525167913744909,2.190917860920294,2.228617800988375,-49.802021604633566
2026-04-14T11:47:20.643,4.0032773019836725,4.005404234254613,4.003620863176636,4.003736257775799,0.016590104076981048,2.0483137397953044,3.3776464091328506,2.2630394853973,2.3351611098743064,-49.79262369903773
2026-04-14T11:47:20.754,4.0032773019836725,4.005404234254613,4.003620863176636,4.003736257775799,0.016590104076981048,2.0483137397953044,3.3776464091328506,2.2630394853973,2.3351611098743064,-49.79262369903773
2026-04-14T11:47:20.863,4.0032773019836725,4.005404234254613,4.003620863176636,4.003736257775799,0.016590104076981048,2.0483137397953044,3.3776464091328506,2.2630394853973,2.3351611098743064,-49.79262369903773
2026-04-14T11:47:20.973,4.003497600763893,4.005482912390406,4.003489732950314,4.003510713786525,0.017715363237064394,2.1860004774332253,3.4268202440035367,2.1810830939461567,2.1941961165783397,-49.7785579595367
2026-04-14T11:47:21.082,4.003497600763893,4.005482912390406,4.003489732950314,4.003510713786525,0.017715363237064394,2.1860004774332253,3.4268202440035367,2.1810830939461567,2.1941961165783397,-49.7785579595367
2026-04-14T11:47:21.192,4.003497600763893,4.005482912390406,4.003489732950314,4.003510713786525,0.017715363237064394,2.1860004774332253,3.4268202440035367,2.1810830939461567,2.1941961165783397,-49.7785579595367
2026-04-14T11:47:21.300,4.003167152593562,4.005456686345141,4.003515958995578,4.0036077501540035,0.008787975298881017,1.979470370976344,3.410428965713308,2.1974743722363854,2.254843846252186,-49.890150308763985
2026-04-14T11:47:21.409,4.003167152593562,4.005456686345141,4.003515958995578,4.0036077501540035,0.008787975298881017,1.979470370976344,3.410428965713308,2.1974743722363854,2.254843846252186,-49.890150308763985
2026-04-14T11:47:21.518,4.003167152593562,4.005456686345141,4.003515958995578,4.0036077501540035,0.008787975298881017,1.979470370976344,3.410428965713308,2.1974743722363854,2.254843846252186,-49.890150308763985
2026-04-14T11:47:21.626,4.003426790441679,4.005383253418401,4.003631353594741,4.004011631251075,0.008061037965375845,2.141744026049608,3.3645333865006677,2.2695959967133916,2.5072695319217075,-49.899237025432804
2026-04-14T11:47:21.735,4.003426790441679,4.005383253418401,4.003631353594741,4.004011631251075,0.008061037965375845,2.141744026049608,3.3645333865006677,2.2695959967133916,2.5072695319217075,-49.899237025432804
2026-04-14T11:47:21.845,4.003426790441679,4.005383253418401,4.003631353594741,4.004011631251075,0.008061037965375845,2.141744026049608,3.3645333865006677,2.2695959967133916,2.5072695319217075,-49.899237025432804
2026-04-14T11:47:21.956,4.002954721626921,4.005648136475571,4.003778219448222,4.003240585520302,0.019836426963593185,1.8467010168254916,3.5300852972319774,2.3613871551386723,2.0253659501889842,-49.752044662955086
2026-04-14T11:47:22.063,4.002954721626921,4.005648136475571,4.003778219448222,4.003240585520302,0.019836426963593185,1.8467010168254916,3.5300852972319774,2.3613871551386723,2.0253659501889842,-49.752044662955086
2026-04-14T11:47:22.171,4.002954721626921,4.005648136475571,4.003778219448222,4.003240585520302,0.019836426963593185,1.8467010168254916,3.5300852972319774,2.3613871551386723,2.0253659501889842,-49.752044662955086
2026-04-14T11:47:22.294,4.003531694622737,4.005173445056286,4.003489732950314,4.003681183080744,0.009390437061580508,2.2073091392105226,3.233403160178838,2.1810830939461567,2.300739425464826,-49.882619536730246
2026-04-14T11:47:22.388,4.003531694622737,4.005173445056286,4.003489732950314,4.003681183080744,0.009390437061580508,2.2073091392105226,3.233403160178838,2.1810830939461567,2.300739425464826,-49.882619536730246
2026-04-14T11:47:22.498,4.003531694622737,4.005173445056286,4.003489732950314,4.003681183080744,0.009390437061580508,2.2073091392105226,3.233403160178838,2.1810830939461567,2.300739425464826,-49.882619536730246
2026-04-14T11:47:22.608,4.003287792401778,4.004955768880592,4.003696918707902,4.004061460737077,0.010625234723972856,2.054870251111396,3.09735555036994,2.3105741924389633,2.538412960673142,-49.86718456595034
2026-04-14T11:47:22.718,4.003287792401778,4.004955768880592,4.003696918707902,4.004061460737077,0.010625234723972856,2.054870251111396,3.09735555036994,2.3105741924389633,2.538412960673142,-49.86718456595034
2026-04-14T11:47:22.827,4.003287792401778,4.004955768880592,4.003696918707902,4.004061460737077,0.010625234723972856,2.054870251111396,3.09735555036994,2.3105741924389633,2.538412960673142,-49.86718456595034
2026-04-14T11:47:22.937,4.003148794361877,4.00539112123198,4.003384828769256,4.003521204204631,0.008728227024894291,1.9679964761731839,3.3694507699877363,2.115517980785242,2.200752627894431,-49.89089716218882
2026-04-14T11:47:23.047,4.003148794361877,4.00539112123198,4.003384828769256,4.003521204204631,0.008728227024894291,1.9679964761731839,3.3694507699877363,2.115517980785242,2.200752627894431,-49.89089716218882
2026-04-14T11:47:23.157,4.003148794361877,4.00539112123198,4.003384828769256,4.003521204204631,0.008728227024894291,1.9679964761731839,3.3694507699877363,2.115517980785242,2.200752627894431,-49.89089716218882
2026-04-14T11:47:23.265,4.00372838996222,4.005000353157541,4.003977537392231,4.0031750204071415,0.017531139392271987,2.3302437263872378,3.125220723463329,2.4859608701444103,1.9843877544634125,-49.7808607575966
2026-04-14T11:47:23.374,4.00372838996222,4.005000353157541,4.003977537392231,4.0031750204071415,0.017531139392271987,2.3302437263872378,3.125220723463329,2.4859608701444103,1.9843877544634125,-49.7808607575966
2026-04-14T11:47:23.482,4.00372838996222,4.005000353157541,4.003977537392231,4.0031750204071415,0.017531139392271987,2.3302437263872378,3.125220723463329,2.4859608701444103,1.9843877544634125,-49.7808607575966
2026-04-14T11:47:23.592,4.003230095102197,4.0054461959270355,4.004150629290976,4.003809690702539,0.0075233034994953065,2.0188094388728928,3.4038724543972165,2.5941433068599196,2.3810566890869467,-49.90595870625631
2026-04-14T11:47:23.701,4.003230095102197,4.0054461959270355,4.004150629290976,4.003809690702539,0.0075233034994953065,2.0188094388728928,3.4038724543972165,2.5941433068599196,2.3810566890869467,-49.90595870625631
2026-04-14T11:47:23.824,4.003230095102197,4.0054461959270355,4.004150629290976,4.003809690702539,0.0075233034994953065,2.0188094388728928,3.4038724543972165,2.5941433068599196,2.3810566890869467,-49.90595870625631
2026-04-14T11:47:23.934,4.003303528028937,4.004908561999116,4.004155874500029,4.003906727070017,0.004217232338896443,2.064705018085533,3.0678512494475285,2.5974215625179653,2.441704418760793,-49.9472845957638
2026-04-14T11:47:24.042,4.003303528028937,4.004908561999116,4.004155874500029,4.003906727070017,0.004217232338896443,2.064705018085533,3.0678512494475285,2.5974215625179653,2.441704418760793,-49.9472845957638
2026-04-14T11:47:24.151,4.003303528028937,4.004908561999116,4.004155874500029,4.003906727070017,0.004217232338896443,2.064705018085533,3.0678512494475285,2.5974215625179653,2.441704418760793,-49.9472845957638
2026-04-14T11:47:24.260,4.003458261695997,4.005194425892498,4.003856897584015,4.0038778784202265,0.01572873312700574,2.1614135599978823,3.246516182811021,2.4105609900093583,2.4236740126415413,-49.803390835912424
2026-04-14T11:47:24.372,4.003458261695997,4.005194425892498,4.003856897584015,4.0038778784202265,0.01572873312700574,2.1614135599978823,3.246516182811021,2.4105609900093583,2.4236740126415413,-49.803390835912424
2026-04-14T11:47:24.482,4.003458261695997,4.005194425892498,4.003856897584015,4.0038778784202265,0.01572873312700574,2.1614135599978823,3.246516182811021,2.4105609900093583,2.4236740126415413,-49.803390835912424
2026-04-14T11:47:24.591,4.0032353403112495,4.005485534994932,4.0033612253285185,4.003059625807978,0.014175278003350852,2.0220876945309385,3.4284593718325596,2.100765830324036,1.9122661299864063,-49.82280902495811
2026-04-14T11:47:24.714,4.0032353403112495,4.005485534994932,4.0033612253285185,4.003059625807978,0.014175278003350852,2.0220876945309385,3.4284593718325596,2.100765830324036,1.9122661299864063,-49.82280902495811
2026-04-14T11:47:24.822,4.0032353403112495,4.005485534994932,4.0033612253285185,4.003059625807978,0.014175278003350852,2.0220876945309385,3.4284593718325596,2.100765830324036,1.9122661299864063,-49.82280902495811
2026-04-14T11:47:24.931,4.003046512785346,4.005270481423764,4.003940820928861,4.0033192636560955,0.01845723763906625,1.904070490841292,3.2940508898526843,2.46301308053809,2.0745397850596703,-49.76928452951167
2026-04-14T11:47:25.040,4.003046512785346,4.005270481423764,4.003940820928861,4.0033192636560955,0.01845723763906625,1.904070490841292,3.2940508898526843,2.46301308053809,2.0745397850596703,-49.76928452951167
2026-04-14T11:47:25.150,4.003046512785346,4.005270481423764,4.003940820928861,4.0033192636560955,0.01845723763906625,1.904070490841292,3.2940508898526843,2.46301308053809,2.0745397850596703,-49.76928452951167
2026-04-14T11:47:25.259,4.00327205677462,4.005152464220075,4.00395655655602,4.003605127549477,0.01561919462469674,2.0450354841372587,3.2202901375466553,2.4728478475122273,2.253204718423163,-49.80476006719129
2026-04-14T11:47:25.368,4.00327205677462,4.005152464220075,4.00395655655602,4.003605127549477,0.01561919462469674,2.0450354841372587,3.2202901375466553,2.4728478475122273,2.253204718423163,-49.80476006719129
2026-04-14T11:47:25.478,4.00327205677462,4.005152464220075,4.00395655655602,4.003605127549477,0.01561919462469674,2.0450354841372587,3.2202901375466553,2.4728478475122273,2.253204718423163,-49.80476006719129
2026-04-14T11:47:25.587,4.003717899544114,4.0053386691414525,4.003951311346967,4.003578901504213,0.013762019108275994,2.3236872150711463,3.336668213407834,2.4695695918541816,2.2368134401329343,-49.82797476114655
2026-04-14T11:47:25.695,4.003717899544114,4.0053386691414525,4.003951311346967,4.003578901504213,0.013762019108275994,2.3236872150711463,3.336668213407834,2.4695695918541816,2.2368134401329343,-49.82797476114655
2026-04-14T11:47:25.804,4.003717899544114,4.0053386691414525,4.003951311346967,4.003578901504213,0.013762019108275994,2.3236872150711463,3.336668213407834,2.4695695918541816,2.2368134401329343,-49.82797476114655
2026-04-14T11:47:25.913,4.003468752114102,4.004890203767431,4.003578901504213,4.004111290223079,0.02246535101900915,2.167970071313974,3.0563773546443684,2.2368134401329343,2.5695563894245765,-49.719183112262385
2026-04-14T11:47:26.022,4.003468752114102,4.004890203767431,4.003578901504213,4.004111290223079,0.02246535101900915,2.167970071313974,3.0563773546443684,2.2368134401329343,2.5695563894245765,-49.719183112262385
2026-04-14T11:47:26.131,4.003468752114102,4.004890203767431,4.003578901504213,4.004111290223079,0.02246535101900915,2.167970071313974,3.0563773546443684,2.2368134401329343,2.5695563894245765,-49.719183112262385
2026-04-14T11:47:26.241,4.003363847933045,4.004976749716803,4.00383853935233,4.003513336391052,-0.0005277764202160837,2.102404958153059,3.110468573002123,2.3990870952061982,2.1958352444073626,-50.0065972052527
2026-04-14T11:47:26.350,4.003363847933045,4.004976749716803,4.00383853935233,4.003513336391052,-0.0005277764202160837,2.102404958153059,3.110468573002123,2.3990870952061982,2.1958352444073626,-50.0065972052527
2026-04-14T11:47:26.458,4.003363847933045,4.004976749716803,4.00383853935233,4.003513336391052,-0.0005277764202160837,2.102404958153059,3.110468573002123,2.3990870952061982,2.1958352444073626,-50.0065972052527
2026-04-14T11:47:26.567,4.003146171757351,4.005223274542288,4.003901481860964,4.0031330587347185,0.006039554695491599,1.966357348344161,3.2645465889302727,2.438426163102747,1.9581617091990466,-49.92450556630635
2026-04-14T11:47:26.675,4.003146171757351,4.005223274542288,4.003901481860964,4.0031330587347185,0.006039554695491599,1.966357348344161,3.2645465889302727,2.438426163102747,1.9581617091990466,-49.92450556630635
2026-04-14T11:47:26.784,4.003146171757351,4.005223274542288,4.003901481860964,4.0031330587347185,0.006039554695491599,1.966357348344161,3.2645465889302727,2.438426163102747,1.9581617091990466,-49.92450556630635
2026-04-14T11:47:26.892,4.003230095102197,4.0052416327739735,4.0038752558157,4.00391197227907,0.004550826868655666,2.0188094388728928,3.276020483733433,2.4220348848125184,2.4449826744188385,-49.9431146641418
2026-04-14T11:47:27.001,4.003230095102197,4.0052416327739735,4.0038752558157,4.00391197227907,0.004550826868655666,2.0188094388728928,3.276020483733433,2.4220348848125184,2.4449826744188385,-49.9431146641418
2026-04-14T11:47:27.109,4.003230095102197,4.0052416327739735,4.0038752558157,4.00391197227907,0.004550826868655666,2.0188094388728928,3.276020483733433,2.4220348848125184,2.4449826744188385,-49.9431146641418
2026-04-14T11:47:27.218,4.00326418896104,4.005233764960394,4.003940820928861,4.003967046974125,0.010889122934080897,2.04011810065019,3.271103100246364,2.46301308053809,2.4794043588283188,-49.86388596332399
2026-04-14T11:47:27.328,4.00326418896104,4.005233764960394,4.003940820928861,4.003967046974125,0.010889122934080897,2.04011810065019,3.271103100246364,2.46301308053809,2.4794043588283188,-49.86388596332399
2026-04-14T11:47:27.437,4.00326418896104,4.005233764960394,4.003940820928861,4.003967046974125,0.010889122934080897,2.04011810065019,3.271103100246364,2.46301308053809,2.4794043588283188,-49.86388596332399
2026-04-14T11:47:27.546,4.003256321147461,4.005383253418401,4.004192590963399,4.004019499064654,0.00480973605593148,2.0352007171631215,3.3645333865006677,2.6203693521242855,2.512186915408776,-49.93987829930086
2026-04-14T11:47:27.654,4.003256321147461,4.005383253418401,4.004192590963399,4.004019499064654,0.00480973605593148,2.0352007171631215,3.3645333865006677,2.6203693521242855,2.512186915408776,-49.93987829930086
2026-04-14T11:47:27.763,4.003256321147461,4.005383253418401,4.004192590963399,4.004019499064654,0.00480973605593148,2.0352007171631215,3.3645333865006677,2.6203693521242855,2.512186915408776,-49.93987829930086
2026-04-14T11:47:27.873,4.003479242532208,4.004874468140272,4.0038752558157,4.004129648454764,0.008394632495135067,2.1745265826300653,3.0465425876702312,2.4220348848125184,2.5810302842277366,-49.895067093810816
2026-04-14T11:47:27.981,4.003479242532208,4.004874468140272,4.0038752558157,4.004129648454764,0.008394632495135067,2.1745265826300653,3.0465425876702312,2.4220348848125184,2.5810302842277366,-49.895067093810816
2026-04-14T11:47:28.105,4.003479242532208,4.004874468140272,4.0038752558157,4.004129648454764,0.008394632495135067,2.1745265826300653,3.0465425876702312,2.4220348848125184,2.5810302842277366,-49.895067093810816
2026-04-14T11:47:28.214,4.003397941791889,4.005611420012201,4.003909349674544,4.004069328550656,0.0014190215071847535,2.1237136199303563,3.5071375076256572,2.4433435465898157,2.5433303441602106,-49.98226223116019
2026-04-14T11:47:28.322,4.003397941791889,4.005611420012201,4.003909349674544,4.004069328550656,0.0014190215071847535,2.1237136199303563,3.5071375076256572,2.4433435465898157,2.5433303441602106,-49.98226223116019
2026-04-14T11:47:28.433,4.003397941791889,4.005611420012201,4.003909349674544,4.004069328550656,0.0014190215071847535,2.1237136199303563,3.5071375076256572,2.4433435465898157,2.5433303441602106,-49.98226223116019
2026-04-14T11:47:28.541,4.002773761914597,4.005084276502387,4.004116535432132,4.003846407165909,0.004366603023863259,1.7336011966229137,3.1776728139920607,2.5728346450826223,2.404004478693267,-49.94541746220171
2026-04-14T11:47:28.650,4.002773761914597,4.005084276502387,4.004116535432132,4.003846407165909,0.004366603023863259,1.7336011966229137,3.1776728139920607,2.5728346450826223,2.404004478693267,-49.94541746220171
2026-04-14T11:47:28.760,4.002773761914597,4.005084276502387,4.004116535432132,4.003846407165909,0.004366603023863259,1.7336011966229137,3.1776728139920607,2.5728346450826223,2.404004478693267,-49.94541746220171
2026-04-14T11:47:28.869,4.003180265616194,4.005401611650086,4.003770351634643,4.004006386042022,0.00823032474167157,1.9876660101214583,3.3760072813038278,2.3564697716516037,2.503991276263662,-49.8971209407291
2026-04-14T11:47:28.976,4.003180265616194,4.005401611650086,4.003770351634643,4.004006386042022,0.00823032474167157,1.9876660101214583,3.3760072813038278,2.3564697716516037,2.503991276263662,-49.8971209407291
2026-04-14T11:47:29.084,4.003180265616194,4.005401611650086,4.003770351634643,4.004006386042022,0.00823032474167157,1.9876660101214583,3.3760072813038278,2.3564697716516037,2.503991276263662,-49.8971209407291
2026-04-14T11:47:29.194,4.0032773019836725,4.005236387564921,4.003531694622737,4.0041847231498195,-0.000970909452284305,2.0483137397953044,3.272742228075387,2.2073091392105226,2.615451968637217,-50.01213636815356
2026-04-14T11:47:29.303,4.0032773019836725,4.005236387564921,4.003531694622737,4.0041847231498195,-0.000970909452284305,2.0483137397953044,3.272742228075387,2.2073091392105226,2.615451968637217,-50.01213636815356
2026-04-14T11:47:29.413,4.0032773019836725,4.005236387564921,4.003531694622737,4.0041847231498195,-0.000970909452284305,2.0483137397953044,3.272742228075387,2.2073091392105226,2.615451968637217,-50.01213636815356
2026-04-14T11:47:29.521,4.003961801765072,4.005409479463665,4.003778219448222,4.004061460737077,0.002773315717550553,2.476126103170273,3.3809246647908964,2.3613871551386723,2.538412960673142,-49.96533355353062
2026-04-14T11:47:29.631,4.003961801765072,4.005409479463665,4.003778219448222,4.004061460737077,0.002773315717550553,2.476126103170273,3.3809246647908964,2.3613871551386723,2.538412960673142,-49.96533355353062
2026-04-14T11:47:29.740,4.003961801765072,4.005409479463665,4.003778219448222,4.004061460737077,0.002773315717550553,2.476126103170273,3.3809246647908964,2.3613871551386723,2.538412960673142,-49.96533355353062
2026-04-14T11:47:29.849,4.0027370454512265,4.005246877983026,4.003778219448222,4.003867388002121,-0.009260982467942602,1.7106534070165935,3.2792987393914785,2.3613871551386723,2.41711750132545,-50.11576228084928
2026-04-14T11:47:29.958,4.0027370454512265,4.005246877983026,4.003778219448222,4.003867388002121,-0.009260982467942602,1.7106534070165935,3.2792987393914785,2.3613871551386723,2.41711750132545,-50.11576228084928
2026-04-14T11:47:30.067,4.0027370454512265,4.005246877983026,4.003778219448222,4.003867388002121,-0.009260982467942602,1.7106534070165935,3.2792987393914785,2.3613871551386723,2.41711750132545,-50.11576228084928
2026-04-14T11:47:30.178,4.003652334430953,4.005480289785879,4.003917217488123,4.00391197227907,-0.00498898087789166,2.2827090193455746,3.425181116174514,2.4482609300768843,2.4449826744188385,-50.06236226097365
2026-04-14T11:47:30.286,4.003652334430953,4.005480289785879,4.003917217488123,4.00391197227907,-0.00498898087789166,2.2827090193455746,3.425181116174514,2.4482609300768843,2.4449826744188385,-50.06236226097365
2026-04-14T11:47:30.395,4.003652334430953,4.005480289785879,4.003917217488123,4.00391197227907,-0.00498898087789166,2.2827090193455746,3.425181116174514,2.4482609300768843,2.4449826744188385,-50.06236226097365
2026-04-14T11:47:30.504,4.0031750204071415,4.005637646057465,4.004142761477397,4.0038359167478035,-0.009026968394827922,1.9843877544634125,3.523528785915886,2.589225923372851,2.3974479673771754,-50.11283710493535
2026-04-14T11:47:30.613,4.0031750204071415,4.005637646057465,4.004142761477397,4.0038359167478035,-0.009026968394827922,1.9843877544634125,3.523528785915886,2.589225923372851,2.3974479673771754,-50.11283710493535
2026-04-14T11:47:30.724,4.0031750204071415,4.005637646057465,4.004142761477397,4.0038359167478035,-0.009026968394827922,1.9843877544634125,3.523528785915886,2.589225923372851,2.3974479673771754,-50.11283710493535
2026-04-14T11:47:30.832,4.003502845972946,4.005031824411859,4.003817558516118,4.003678560476217,-0.007822044869428939,2.189278733091271,3.1448902574116033,2.3859740725740153,2.2991002976358033,-50.097775560867866
2026-04-14T11:47:30.941,4.003502845972946,4.005031824411859,4.003817558516118,4.003678560476217,-0.007822044869428939,2.189278733091271,3.1448902574116033,2.3859740725740153,2.2991002976358033,-50.097775560867866
2026-04-14T11:47:31.051,4.003502845972946,4.005031824411859,4.003817558516118,4.003678560476217,-0.007822044869428939,2.189278733091271,3.1448902574116033,2.3859740725740153,2.2991002976358033,-50.097775560867866
2026-04-14T11:47:31.160,4.003214359475038,4.005220651937762,4.003704786521482,4.003665447453585,-0.00042321694073931237,2.0089746718987556,3.26290746110125,2.315491575926032,2.290904658490689,-50.005290211759245
2026-04-14T11:47:31.268,4.003214359475038,4.005220651937762,4.003704786521482,4.003665447453585,-0.00042321694073931237,2.0089746718987556,3.26290746110125,2.315491575926032,2.290904658490689,-50.005290211759245
2026-04-14T11:47:31.378,4.003214359475038,4.005220651937762,4.003704786521482,4.003665447453585,-0.00042321694073931237,2.0089746718987556,3.26290746110125,2.315491575926032,2.290904658490689,-50.005290211759245
2026-04-14T11:47:31.488,4.002836704423232,4.005378008209348,4.003925085301702,4.003883123629279,0.005954911307343737,1.7729402645200176,3.361255130842622,2.453178313563953,2.426952268299587,-49.9255636086582
2026-04-14T11:47:31.596,4.002836704423232,4.005378008209348,4.003925085301702,4.003883123629279,0.005954911307343737,1.7729402645200176,3.361255130842622,2.453178313563953,2.426952268299587,-49.9255636086582
2026-04-14T11:47:31.719,4.002836704423232,4.005378008209348,4.003925085301702,4.003883123629279,0.005954911307343737,1.7729402645200176,3.361255130842622,2.453178313563953,2.426952268299587,-49.9255636086582
2026-04-14T11:47:31.814,4.002912759954498,4.005328178723346,4.003788709866328,4.003376960955677,0.008628646568249746,1.8204749715611257,3.3301117020911875,2.3679436664547637,2.1106005972981734,-49.89214191789688
2026-04-14T11:47:31.923,4.002912759954498,4.005328178723346,4.003788709866328,4.003376960955677,0.008628646568249746,1.8204749715611257,3.3301117020911875,2.3679436664547637,2.1106005972981734,-49.89214191789688
2026-04-14T11:47:32.031,4.002912759954498,4.005328178723346,4.003788709866328,4.003376960955677,0.008628646568249746,1.8204749715611257,3.3301117020911875,2.3679436664547637,2.1106005972981734,-49.89214191789688
2026-04-14T11:47:32.140,4.002975702463132,4.005100012129546,4.003946066137914,4.003828048934224,0.0005227973973838566,1.8598140394576745,3.187507580966198,2.466291336196136,2.3925305838901068,-49.993465032532704
2026-04-14T11:47:32.247,4.002975702463132,4.005100012129546,4.003946066137914,4.003828048934224,0.0005227973973838566,1.8598140394576745,3.187507580966198,2.466291336196136,2.3925305838901068,-49.993465032532704
2026-04-14T11:47:32.372,4.002975702463132,4.005100012129546,4.003946066137914,4.003828048934224,0.0005227973973838566,1.8598140394576745,3.187507580966198,2.466291336196136,2.3925305838901068,-49.993465032532704
2026-04-14T11:47:32.479,4.003253698542935,4.005540609689987,4.004014253855601,4.003862142793068,0.007334100631870673,2.0335615893340986,3.46288105624204,2.5089086597507304,2.413839245667404,-49.908323742101615
2026-04-14T11:47:32.590,4.003253698542935,4.005540609689987,4.004014253855601,4.003862142793068,0.007334100631870673,2.0335615893340986,3.46288105624204,2.5089086597507304,2.413839245667404,-49.908323742101615
2026-04-14T11:47:32.697,4.003253698542935,4.005540609689987,4.004014253855601,4.003862142793068,0.007334100631870673,2.0335615893340986,3.46288105624204,2.5089086597507304,2.413839245667404,-49.908323742101615
2026-04-14T11:47:32.806,4.003245830729355,4.00497937232133,4.004009008646548,4.003736257775799,0.011670829518740567,2.02864420584703,3.112107700831146,2.5056304040926847,2.3351611098743064,-49.85411463101575
2026-04-14T11:47:32.914,4.003245830729355,4.00497937232133,4.004009008646548,4.003736257775799,0.011670829518740567,2.02864420584703,3.112107700831146,2.5056304040926847,2.3351611098743064,-49.85411463101575
2026-04-14T11:47:33.023,4.003245830729355,4.00497937232133,4.004009008646548,4.003736257775799,0.011670829518740567,2.02864420584703,3.112107700831146,2.5056304040926847,2.3351611098743064,-49.85411463101575
2026-04-14T11:47:33.131,4.002894401722813,4.004989862739436,4.003953933951494,4.003542185040843,0.004018071425607355,1.8090010767579656,3.1186642121472374,2.4712087196837595,2.213865650526614,-49.949774107179906
2026-04-14T11:47:33.240,4.002894401722813,4.004989862739436,4.003953933951494,4.003542185040843,0.004018071425607355,1.8090010767579656,3.1186642121472374,2.4712087196837595,2.213865650526614,-49.949774107179906
2026-04-14T11:47:33.349,4.002894401722813,4.004989862739436,4.003953933951494,4.003542185040843,0.004018071425607355,1.8090010767579656,3.1186642121472374,2.4712087196837595,2.213865650526614,-49.949774107179906
2026-04-14T11:47:33.459,4.003196001243353,4.005026579202806,4.004001140832969,4.003893614047386,0.005203078859677429,1.9975007770955955,3.1416120017535576,2.500713020605616,2.4335087796162336,-49.934961514254034
2026-04-14T11:47:33.569,4.003196001243353,4.005026579202806,4.004001140832969,4.003893614047386,0.005203078859677429,1.9975007770955955,3.1416120017535576,2.500713020605616,2.4335087796162336,-49.934961514254034
2026-04-14T11:47:33.678,4.003196001243353,4.005026579202806,4.004001140832969,4.003893614047386,0.005203078859677429,1.9975007770955955,3.1416120017535576,2.500713020605616,2.4335087796162336,-49.934961514254034
2026-04-14T11:47:33.787,4.003159284779983,4.00535440476861,4.003759861216538,4.003605127549477,0.014394355007968849,1.9745529874892753,3.346502980381416,2.3499132603360673,2.253204718423163,-49.82007056240039
2026-04-14T11:47:33.897,4.003159284779983,4.00535440476861,4.003759861216538,4.003605127549477,0.014394355007968849,1.9745529874892753,3.346502980381416,2.3499132603360673,2.253204718423163,-49.82007056240039
2026-04-14T11:47:34.007,4.003159284779983,4.00535440476861,4.003759861216538,4.003605127549477,0.014394355007968849,1.9745529874892753,3.346502980381416,2.3499132603360673,2.253204718423163,-49.82007056240039
2026-04-14T11:47:34.115,4.003046512785346,4.005160332033654,4.003935575719808,4.003744125589378,-0.00034853159825590436,1.904070490841292,3.225207521033724,2.4597348248800444,2.340078493361375,-50.0043566449782
2026-04-14T11:47:34.223,4.003046512785346,4.005160332033654,4.003935575719808,4.003744125589378,-0.00034853159825590436,1.904070490841292,3.225207521033724,2.4597348248800444,2.340078493361375,-50.0043566449782
2026-04-14T11:47:34.333,4.003046512785346,4.005160332033654,4.003935575719808,4.003744125589378,-0.00034853159825590436,1.904070490841292,3.225207521033724,2.4597348248800444,2.340078493361375,-50.0043566449782
2026-04-14T11:47:34.443,4.003222227288617,4.005406856859139,4.0037336351712725,4.003927707906229,-0.006348254111089686,2.013892055385824,3.3792855369618735,2.3335219820452835,2.4548174413929758,-50.07935317638862
2026-04-14T11:47:34.551,4.003222227288617,4.005406856859139,4.0037336351712725,4.003927707906229,-0.006348254111089686,2.013892055385824,3.3792855369618735,2.3335219820452835,2.4548174413929758,-50.07935317638862
2026-04-14T11:47:34.660,4.003222227288617,4.005406856859139,4.0037336351712725,4.003927707906229,-0.006348254111089686,2.013892055385824,3.3792855369618735,2.3335219820452835,2.4548174413929758,-50.07935317638862
2026-04-14T11:47:34.769,4.003321886260622,4.005603552198622,4.004127025850238,4.003772974239169,-0.005193120814012975,2.076178912888693,3.5022201241385886,2.5793911563987137,2.3581088994806265,-50.064914010175166
2026-04-14T11:47:34.879,4.003321886260622,4.005603552198622,4.004127025850238,4.003772974239169,-0.005193120814012975,2.076178912888693,3.5022201241385886,2.5793911563987137,2.3581088994806265,-50.064914010175166
2026-04-14T11:47:34.987,4.003321886260622,4.005603552198622,4.004127025850238,4.003772974239169,-0.005193120814012975,2.076178912888693,3.5022201241385886,2.5793911563987137,2.3581088994806265,-50.064914010175166
2026-04-14T11:47:35.096,4.002742290660279,4.005047560039017,4.003780842052748,4.0037100317305345,0.011406941308632528,1.7139316626746393,3.1547250243857405,2.363026282967695,2.3187698315840777,-49.85741323364209
2026-04-14T11:47:35.204,4.002742290660279,4.005047560039017,4.003780842052748,4.0037100317305345,0.011406941308632528,1.7139316626746393,3.1547250243857405,2.363026282967695,2.3187698315840777,-49.85741323364209
2026-04-14T11:47:35.313,4.002742290660279,4.005047560039017,4.003780842052748,4.0037100317305345,0.011406941308632528,1.7139316626746393,3.1547250243857405,2.363026282967695,2.3187698315840777,-49.85741323364209
2026-04-14T11:47:35.423,4.003602504944951,4.005514383644723,4.00414800668645,4.003717899544114,0.005656169937410104,2.25156559059414,3.446489777951811,2.592504179031452,2.3236872150711463,-49.929297875782375
2026-04-14T11:47:35.533,4.003602504944951,4.005514383644723,4.00414800668645,4.003717899544114,0.005656169937410104,2.25156559059414,3.446489777951811,2.592504179031452,2.3236872150711463,-49.929297875782375
2026-04-14T11:47:35.641,4.003602504944951,4.005514383644723,4.00414800668645,4.003717899544114,0.005656169937410104,2.25156559059414,3.446489777951811,2.592504179031452,2.3236872150711463,-49.929297875782375
2026-04-14T11:47:35.751,4.003390073978309,4.00513410598839,4.003951311346967,4.00338220616473,0.003405651617243408,2.1187962364432877,3.208816242743495,2.4695695918541816,2.113878852956219,-49.95742935478445
2026-04-14T11:47:35.860,4.003390073978309,4.00513410598839,4.003951311346967,4.00338220616473,0.003405651617243408,2.1187962364432877,3.208816242743495,2.4695695918541816,2.113878852956219,-49.95742935478445
2026-04-14T11:47:35.970,4.003390073978309,4.00513410598839,4.003951311346967,4.00338220616473,0.003405651617243408,2.1187962364432877,3.208816242743495,2.4695695918541816,2.113878852956219,-49.95742935478445
2026-04-14T11:47:36.078,4.002944231208815,4.005708456379679,4.003615617967583,4.003453016486944,-0.0028778751970273244,1.8401445055094001,3.5677852372995034,2.2597612297392544,2.1581353043398366,-50.035973439962845
2026-04-14T11:47:36.187,4.002944231208815,4.005708456379679,4.003615617967583,4.003453016486944,-0.0028778751970273244,1.8401445055094001,3.5677852372995034,2.2597612297392544,2.1581353043398366,-50.035973439962845
2026-04-14T11:47:36.296,4.002944231208815,4.005708456379679,4.003615617967583,4.003453016486944,-0.0028778751970273244,1.8401445055094001,3.5677852372995034,2.2597612297392544,2.1581353043398366,-50.035973439962845
2026-04-14T11:47:36.406,4.003198623847879,4.005204916310604,4.004077196364236,4.003324508865148,0.00783698193792562,1.9991399049246183,3.2530726941276678,2.5482477276472792,2.077818040717716,-49.902037725775926
2026-04-14T11:47:36.516,4.003198623847879,4.005204916310604,4.004077196364236,4.003324508865148,0.00783698193792562,1.9991399049246183,3.2530726941276678,2.5482477276472792,2.077818040717716,-49.902037725775926
2026-04-14T11:47:36.623,4.003198623847879,4.005204916310604,4.004077196364236,4.003324508865148,0.00783698193792562,1.9991399049246183,3.2530726941276678,2.5482477276472792,2.077818040717716,-49.902037725775926
2026-04-14T11:47:36.732,4.003348112305886,4.005294084864502,4.003290415006305,4.00391197227907,-0.00696565294228586,2.092570191178922,3.30880304031389,2.0565093789404187,2.4449826744188385,-50.087070661778576
2026-04-14T11:47:36.841,4.003348112305886,4.005294084864502,4.003290415006305,4.00391197227907,-0.00696565294228586,2.092570191178922,3.30880304031389,2.0565093789404187,2.4449826744188385,-50.087070661778576
2026-04-14T11:47:36.965,4.003348112305886,4.005294084864502,4.003290415006305,4.00391197227907,-0.00696565294228586,2.092570191178922,3.30880304031389,2.0565093789404187,2.4449826744188385,-50.087070661778576
2026-04-14T11:47:37.060,4.003513336391052,4.0052416327739735,4.00368380568527,4.004189968358872,0.0014887278268359342,2.1958352444073626,3.276020483733433,2.302378553293849,2.6187302242952626,-49.98139090216455
2026-04-14T11:47:37.184,4.003513336391052,4.0052416327739735,4.00368380568527,4.004189968358872,0.0014887278268359342,2.1958352444073626,3.276020483733433,2.302378553293849,2.6187302242952626,-49.98139090216455
2026-04-14T11:47:37.291,4.003513336391052,4.0052416327739735,4.00368380568527,4.004189968358872,0.0014887278268359342,2.1958352444073626,3.276020483733433,2.302378553293849,2.6187302242952626,-49.98139090216455
2026-04-14T11:47:37.401,4.002823591400599,4.005346536955031,4.004014253855601,4.003707409126008,6.472729681895367e-05,1.7647446253743482,3.3415855968943475,2.5089086597507304,2.317130703755055,-49.999190908789764
2026-04-14T11:47:37.509,4.002823591400599,4.005346536955031,4.004014253855601,4.003707409126008,6.472729681895367e-05,1.7647446253743482,3.3415855968943475,2.5089086597507304,2.317130703755055,-49.999190908789764
2026-04-14T11:47:37.617,4.002823591400599,4.005346536955031,4.004014253855601,4.003707409126008,6.472729681895367e-05,1.7647446253743482,3.3415855968943475,2.5089086597507304,2.317130703755055,-49.999190908789764
2026-04-14T11:47:37.726,4.002721309824068,4.005178690265339,4.003804445493486,4.003796577679907,0.0015484761008226606,1.7008186400424563,3.236681415836884,2.377778433428901,2.3728610499418323,-49.98064404873971
2026-04-14T11:47:37.834,4.002721309824068,4.005178690265339,4.003804445493486,4.003796577679907,0.0015484761008226606,1.7008186400424563,3.236681415836884,2.377778433428901,2.3728610499418323,-49.98064404873971
2026-04-14T11:47:37.944,4.002721309824068,4.005178690265339,4.003804445493486,4.003796577679907,0.0015484761008226606,1.7008186400424563,3.236681415836884,2.377778433428901,2.3728610499418323,-49.98064404873971
2026-04-14T11:47:38.052,4.0034215452326265,4.005422592486298,4.003809690702539,4.003353357514939,0.010231891920226905,2.138465770391562,3.3891203039360107,2.3810566890869467,2.0958484468369676,-49.87210135099716
2026-04-14T11:47:38.162,4.0034215452326265,4.005422592486298,4.003809690702539,4.003353357514939,0.010231891920226905,2.138465770391562,3.3891203039360107,2.3810566890869467,2.0958484468369676,-49.87210135099716
2026-04-14T11:47:38.272,4.0034215452326265,4.005422592486298,4.003809690702539,4.003353357514939,0.010231891920226905,2.138465770391562,3.3891203039360107,2.3810566890869467,2.0958484468369676,-49.87210135099716
2026-04-14T11:47:38.382,4.003285169797252,4.005265236214712,4.003623485781162,4.003369093142098,-0.0019219028132397011,2.053231123282373,3.2907726341951937,2.264678613226323,2.105683213811105,-50.0240237851655
2026-04-14T11:47:38.490,4.003285169797252,4.005265236214712,4.003623485781162,4.003369093142098,-0.0019219028132397011,2.053231123282373,3.2907726341951937,2.264678613226323,2.105683213811105,-50.0240237851655
2026-04-14T11:47:38.600,4.003285169797252,4.005265236214712,4.003623485781162,4.003369093142098,-0.0019219028132397011,2.053231123282373,3.2907726341951937,2.264678613226323,2.105683213811105,-50.0240237851655
2026-04-14T11:47:38.711,4.003384828769256,4.005113125152178,4.003479242532208,4.004127025850238,0.020533490160104993,2.115517980785242,3.1957032201113122,2.1745265826300653,2.5793911563987137,-49.74333137299869
2026-04-14T11:47:38.818,4.003384828769256,4.005113125152178,4.003479242532208,4.004127025850238,0.020533490160104993,2.115517980785242,3.1957032201113122,2.1745265826300653,2.5793911563987137,-49.74333137299869
2026-04-14T11:47:38.929,4.003384828769256,4.005113125152178,4.003479242532208,4.004127025850238,0.020533490160104993,2.115517980785242,3.1957032201113122,2.1745265826300653,2.5793911563987137,-49.74333137299869
2026-04-14T11:47:39.038,4.003125190921139,4.005079031293334,4.004119158036659,4.0032169820795644,0.015290579117769744,1.953244325711978,3.174394558334015,2.574473772911645,2.0106137997277784,-49.808867761027884
2026-04-14T11:47:39.146,4.003125190921139,4.005079031293334,4.004119158036659,4.0032169820795644,0.015290579117769744,1.953244325711978,3.174394558334015,2.574473772911645,2.0106137997277784,-49.808867761027884
2026-04-14T11:47:39.257,4.003125190921139,4.005079031293334,4.004119158036659,4.0032169820795644,0.015290579117769744,1.953244325711978,3.174394558334015,2.574473772911645,2.0106137997277784,-49.808867761027884
2026-04-14T11:47:39.368,4.00285244005039,4.0051813128698655,4.0034635069050495,4.003807068098013,0.006786408120325681,1.7827750314935997,3.238320543665907,2.164691815655928,2.379417561257924,-49.91516989849593
2026-04-14T11:47:39.476,4.00285244005039,4.0051813128698655,4.0034635069050495,4.003807068098013,0.006786408120325681,1.7827750314935997,3.238320543665907,2.164691815655928,2.379417561257924,-49.91516989849593
2026-04-14T11:47:39.586,4.00285244005039,4.0051813128698655,4.0034635069050495,4.003807068098013,0.006786408120325681,1.7827750314935997,3.238320543665907,2.164691815655928,2.379417561257924,-49.91516989849593
2026-04-14T11:47:39.695,4.003098964875875,4.005328178723346,4.003557920668001,4.004111290223079,0.013702270834289267,1.9368530474217494,3.3301117020911875,2.2237004175007513,2.5695563894245765,-49.828721614571386
2026-04-14T11:47:39.804,4.003098964875875,4.005328178723346,4.003557920668001,4.004111290223079,0.013702270834289267,1.9368530474217494,3.3301117020911875,2.2237004175007513,2.5695563894245765,-49.828721614571386
2026-04-14T11:47:39.913,4.003098964875875,4.005328178723346,4.003557920668001,4.004111290223079,0.013702270834289267,1.9368530474217494,3.3301117020911875,2.2237004175007513,2.5695563894245765,-49.828721614571386
2026-04-14T11:47:40.021,4.003306150633463,4.00490593939459,4.003471374718629,4.003807068098013,0.009236087353781465,2.066344145914556,3.0662121216185056,2.1696091991429967,2.379417561257924,-49.88454890807773
2026-04-14T11:47:40.130,4.003306150633463,4.00490593939459,4.003471374718629,4.003807068098013,0.009236087353781465,2.066344145914556,3.0662121216185056,2.1696091991429967,2.379417561257924,-49.88454890807773
2026-04-14T11:47:40.240,4.003306150633463,4.00490593939459,4.003471374718629,4.003807068098013,0.009236087353781465,2.066344145914556,3.0662121216185056,2.1696091991429967,2.379417561257924,-49.88454890807773
2026-04-14T11:47:40.349,4.003196001243353,4.00532555611882,4.003712654335061,4.00357365629516,0.010844311728590851,1.9975007770955955,3.3284725742627197,2.3204089594131005,2.2335351844748885,-49.86444610339261
2026-04-14T11:47:40.458,4.003196001243353,4.00532555611882,4.003712654335061,4.00357365629516,0.010844311728590851,1.9975007770955955,3.3284725742627197,2.3204089594131005,2.2335351844748885,-49.86444610339261
2026-04-14T11:47:40.567,4.003196001243353,4.00532555611882,4.003712654335061,4.00357365629516,0.010844311728590851,1.9975007770955955,3.3284725742627197,2.3204089594131005,2.2335351844748885,-49.86444610339261
2026-04-14T11:47:40.676,4.003214359475038,4.005703211170626,4.004116535432132,4.0036077501540035,0.01861656636969752,2.0089746718987556,3.5645069816414576,2.5728346450826223,2.254843846252186,-49.76729292037878
2026-04-14T11:47:40.786,4.003214359475038,4.005703211170626,4.004116535432132,4.0036077501540035,0.01861656636969752,2.0089746718987556,3.5645069816414576,2.5728346450826223,2.254843846252186,-49.76729292037878
2026-04-14T11:47:40.895,4.003214359475038,4.005703211170626,4.004116535432132,4.0036077501540035,0.01861656636969752,2.0089746718987556,3.5645069816414576,2.5728346450826223,2.254843846252186,-49.76729292037878
2026-04-14T11:47:41.004,4.003274679379146,4.005262613610185,4.003492355554841,4.003599882340424,0.01830786695409943,2.0466746119662815,3.2891335063656157,2.1827222217757347,2.249926462765117,-49.77115166307376
2026-04-14T11:47:41.112,4.003274679379146,4.005262613610185,4.003492355554841,4.003599882340424,0.01830786695409943,2.0466746119662815,3.2891335063656157,2.1827222217757347,2.249926462765117,-49.77115166307376
2026-04-14T11:47:41.222,4.003274679379146,4.005262613610185,4.003492355554841,4.003599882340424,0.01830786695409943,2.0466746119662815,3.2891335063656157,2.1827222217757347,2.249926462765117,-49.77115166307376
2026-04-14T11:47:41.330,4.003594637131371,4.004947901067013,4.003631353594741,4.0034635069050495,-0.0008613709499753064,2.2466482071070715,3.0924381668828715,2.2695959967133916,2.164691815655928,-50.01076713687469
2026-04-14T11:47:41.438,4.003594637131371,4.004947901067013,4.003631353594741,4.0034635069050495,-0.0008613709499753064,2.2466482071070715,3.0924381668828715,2.2695959967133916,2.164691815655928,-50.01076713687469
2026-04-14T11:47:41.546,4.003594637131371,4.004947901067013,4.003631353594741,4.0034635069050495,-0.0008613709499753064,2.2466482071070715,3.0924381668828715,2.2695959967133916,2.164691815655928,-50.01076713687469
2026-04-14T11:47:41.656,4.003584146713266,4.005265236214712,4.003581524108739,4.003209114265985,0.0064876667503920476,2.24009169579098,3.2907726341951937,2.238452567961957,2.00569641624071,-49.9189041656201
2026-04-14T11:47:41.764,4.003584146713266,4.005265236214712,4.003581524108739,4.003209114265985,0.0064876667503920476,2.24009169579098,3.2907726341951937,2.238452567961957,2.00569641624071,-49.9189041656201
2026-04-14T11:47:41.874,4.003584146713266,4.005265236214712,4.003581524108739,4.003209114265985,0.0064876667503920476,2.24009169579098,3.2907726341951937,2.238452567961957,2.00569641624071,-49.9189041656201
2026-04-14T11:47:41.996,4.003395319187362,4.005480289785879,4.0039198400926495,4.0038123133070656,0.0006472729681895366,2.1220744921013335,3.425181116174514,2.449900057905907,2.3826958169159695,-49.99190908789763
2026-04-14T11:47:42.092,4.003395319187362,4.005480289785879,4.0039198400926495,4.0038123133070656,0.0006472729681895366,2.1220744921013335,3.425181116174514,2.449900057905907,2.3826958169159695,-49.99190908789763
2026-04-14T11:47:42.201,4.003395319187362,4.005480289785879,4.0039198400926495,4.0038123133070656,0.0006472729681895366,2.1220744921013335,3.425181116174514,2.449900057905907,2.3826958169159695,-49.99190908789763
2026-04-14T11:47:42.310,4.003114700503033,4.005430460299877,4.003576278899686,4.003119945712086,0.01038624162802595,1.9466878143958866,3.3940376874230793,2.2351743123039114,1.9499660700539323,-49.870171979649676
2026-04-14T11:47:42.434,4.003114700503033,4.005430460299877,4.003576278899686,4.003119945712086,0.01038624162802595,1.9466878143958866,3.3940376874230793,2.2351743123039114,1.9499660700539323,-49.870171979649676
2026-04-14T11:47:42.528,4.003114700503033,4.005430460299877,4.003576278899686,4.003119945712086,0.01038624162802595,1.9466878143958866,3.3940376874230793,2.2351743123039114,1.9499660700539323,-49.870171979649676
2026-04-14T11:47:42.653,4.003028154553661,4.005406856859139,4.003473997323155,4.0033612253285185,0.008653541682410882,1.892596596038132,3.3792855369618735,2.1712483269720195,2.100765830324036,-49.891830728969865
2026-04-14T11:47:42.762,4.003028154553661,4.005406856859139,4.003473997323155,4.0033612253285185,0.008653541682410882,1.892596596038132,3.3792855369618735,2.1712483269720195,2.100765830324036,-49.891830728969865
2026-04-14T11:47:42.871,4.003028154553661,4.005406856859139,4.003473997323155,4.0033612253285185,0.008653541682410882,1.892596596038132,3.3792855369618735,2.1712483269720195,2.100765830324036,-49.891830728969865
2026-04-14T11:47:42.980,4.0032956602153575,4.005679607729888,4.003552675458948,4.0033376218877805,0.010132311463582361,2.0597876345984645,3.549754831180252,2.2204221618427056,2.0860136798628304,-49.87334610670522
2026-04-14T11:47:43.089,4.0032956602153575,4.005679607729888,4.003552675458948,4.0033376218877805,0.010132311463582361,2.0597876345984645,3.549754831180252,2.2204221618427056,2.0860136798628304,-49.87334610670522
2026-04-14T11:47:43.198,4.0032956602153575,4.005679607729888,4.003552675458948,4.0033376218877805,0.010132311463582361,2.0597876345984645,3.549754831180252,2.2204221618427056,2.0860136798628304,-49.87334610670522
2026-04-14T11:47:43.294,4.003334999283254,4.005021333993753,4.003615617967583,4.003605127549477,0.012233459098782243,2.0843745520338075,3.138333746095512,2.2597612297392544,2.253204718423163,-49.84708176126522
2026-04-14T11:47:43.403,4.003334999283254,4.005021333993753,4.003615617967583,4.003605127549477,0.012233459098782243,2.0843745520338075,3.138333746095512,2.2597612297392544,2.253204718423163,-49.84708176126522
2026-04-14T11:47:43.513,4.003334999283254,4.005021333993753,4.003615617967583,4.003605127549477,0.012233459098782243,2.0843745520338075,3.138333746095512,2.2597612297392544,2.253204718423163,-49.84708176126522
2026-04-14T11:47:43.622,4.003497600763893,4.005543232294514,4.003563165877054,4.00338220616473,0.021150888991301166,2.1860004774332253,3.4645201840710627,2.226978673158797,2.113878852956219,-49.735613887608736
2026-04-14T11:47:43.731,4.003497600763893,4.005543232294514,4.003563165877054,4.00338220616473,0.021150888991301166,2.1860004774332253,3.4645201840710627,2.226978673158797,2.113878852956219,-49.735613887608736
2026-04-14T11:47:43.841,4.003497600763893,4.005543232294514,4.003563165877054,4.00338220616473,0.021150888991301166,2.1860004774332253,3.4645201840710627,2.226978673158797,2.113878852956219,-49.735613887608736
2026-04-14T11:47:43.964,4.003363847933045,4.0051157477567045,4.003707409126008,4.0037336351712725,0.016271446615718506,2.102404958153059,3.197342347940335,2.317130703755055,2.3335219820452835,-49.79660691730352
2026-04-14T11:47:44.073,4.003363847933045,4.0051157477567045,4.003707409126008,4.0037336351712725,0.016271446615718506,2.102404958153059,3.197342347940335,2.317130703755055,2.3335219820452835,-49.79660691730352
2026-04-14T11:47:44.181,4.003363847933045,4.0051157477567045,4.003707409126008,4.0037336351712725,0.016271446615718506,2.102404958153059,3.197342347940335,2.317130703755055,2.3335219820452835,-49.79660691730352
2026-04-14T11:47:44.291,4.003148794361877,4.005537987085461,4.003473997323155,4.003353357514939,0.016545292871491,1.9679964761731839,3.461241928413017,2.1712483269720195,2.0958484468369676,-49.79318383910636
2026-04-14T11:47:44.400,4.003148794361877,4.005537987085461,4.003473997323155,4.003353357514939,0.016545292871491,1.9679964761731839,3.461241928413017,2.1712483269720195,2.0958484468369676,-49.79318383910636
2026-04-14T11:47:44.510,4.003148794361877,4.005537987085461,4.003473997323155,4.003353357514939,0.016545292871491,1.9679964761731839,3.461241928413017,2.1712483269720195,2.0958484468369676,-49.79318383910636
2026-04-14T11:47:44.619,4.003557920668001,4.005291462259976,4.003437280859785,4.003843784561383,0.01567894289868347,2.2237004175007513,3.3071639124848673,2.1483005373656994,2.402365350864244,-49.80401321376646
2026-04-14T11:47:44.716,4.003557920668001,4.005291462259976,4.003437280859785,4.003843784561383,0.01567894289868347,2.2237004175007513,3.3071639124848673,2.1483005373656994,2.402365350864244,-49.80401321376646
2026-04-14T11:47:44.839,4.003557920668001,4.005291462259976,4.003437280859785,4.003843784561383,0.01567894289868347,2.2237004175007513,3.3071639124848673,2.1483005373656994,2.402365350864244,-49.80401321376646
2026-04-14T11:47:44.949,4.003353357514939,4.0057005885661,4.003670692662638,4.003736257775799,0.010167164623407953,2.0958484468369676,3.5628678538124348,2.2941829141487347,2.3351611098743064,-49.8729104422074
2026-04-14T11:47:45.058,4.003353357514939,4.0057005885661,4.003670692662638,4.003736257775799,0.010167164623407953,2.0958484468369676,3.5628678538124348,2.2941829141487347,2.3351611098743064,-49.8729104422074
2026-04-14T11:47:45.166,4.003353357514939,4.0057005885661,4.003670692662638,4.003736257775799,0.010167164623407953,2.0958484468369676,3.5628678538124348,2.2941829141487347,2.3351611098743064,-49.8729104422074
2026-04-14T11:47:45.276,4.003112077898507,4.005231142355868,4.003644466617374,4.00383853935233,0.007169792878407175,1.9450486865668637,3.2694639724173413,2.277791635858506,2.3990870952061982,-49.91037758901991
2026-04-14T11:47:45.384,4.003112077898507,4.005231142355868,4.003644466617374,4.00383853935233,0.007169792878407175,1.9450486865668637,3.2694639724173413,2.277791635858506,2.3990870952061982,-49.91037758901991
2026-04-14T11:47:45.493,4.003112077898507,4.005231142355868,4.003644466617374,4.00383853935233,0.007169792878407175,1.9450486865668637,3.2694639724173413,2.277791635858506,2.3990870952061982,-49.91037758901991
2026-04-14T11:47:45.601,4.002920627768077,4.005624533034833,4.003670692662638,4.003426790441679,0.011297402806323527,1.8253923550481943,3.5153331467707716,2.2941829141487347,2.141744026049608,-49.85878246492096
2026-04-14T11:47:45.709,4.002920627768077,4.005624533034833,4.003670692662638,4.003426790441679,0.011297402806323527,1.8253923550481943,3.5153331467707716,2.2941829141487347,2.141744026049608,-49.85878246492096
2026-04-14T11:47:45.817,4.002920627768077,4.005624533034833,4.003670692662638,4.003426790441679,0.011297402806323527,1.8253923550481943,3.5153331467707716,2.2941829141487347,2.141744026049608,-49.85878246492096
2026-04-14T11:47:45.927,4.0035474302498955,4.005236387564921,4.003974914787705,4.003290415006305,0.003096952201645321,2.21714390618466,3.272742228075387,2.4843217423153874,2.0565093789404187,-49.96128809747943
2026-04-14T11:47:46.035,4.0035474302498955,4.005236387564921,4.003974914787705,4.003290415006305,0.003096952201645321,2.21714390618466,3.272742228075387,2.4843217423153874,2.0565093789404187,-49.96128809747943
2026-04-14T11:47:46.144,4.0035474302498955,4.005236387564921,4.003974914787705,4.003290415006305,0.003096952201645321,2.21714390618466,3.272742228075387,2.4843217423153874,2.0565093789404187,-49.96128809747943
2026-04-14T11:47:46.254,4.003112077898507,4.0051577094291275,4.003660202244532,4.003893614047386,0.00997298273295109,1.9450486865668637,3.223568393204701,2.287626402832643,2.4335087796162336,-49.875337715838114
2026-04-14T11:47:46.363,4.003112077898507,4.0051577094291275,4.003660202244532,4.003893614047386,0.00997298273295109,1.9450486865668637,3.223568393204701,2.287626402832643,2.4335087796162336,-49.875337715838114
2026-04-14T11:47:46.471,4.003112077898507,4.0051577094291275,4.003660202244532,4.003893614047386,0.00997298273295109,1.9450486865668637,3.223568393204701,2.287626402832643,2.4335087796162336,-49.875337715838114
2026-04-14T11:47:46.579,4.003085851853243,4.005561590526199,4.0034818651367345,4.003898859256438,0.00724945724372281,1.928657408276635,3.4759940788742227,2.176165710459088,2.436787035273724,-49.909381784453466
2026-04-14T11:47:46.690,4.003085851853243,4.005561590526199,4.0034818651367345,4.003898859256438,0.00724945724372281,1.928657408276635,3.4759940788742227,2.176165710459088,2.436787035273724,-49.909381784453466
2026-04-14T11:47:46.799,4.003085851853243,4.005561590526199,4.0034818651367345,4.003898859256438,0.00724945724372281,1.928657408276635,3.4759940788742227,2.176165710459088,2.436787035273724,-49.909381784453466
2026-04-14T11:47:46.908,4.003088474457769,4.005328178723346,4.003586769317792,4.003849029770436,0.009026968394827922,1.9302965361056579,3.3301117020911875,2.241730823620003,2.4056436065222897,-49.88716289506465
2026-04-14T11:47:47.017,4.003088474457769,4.005328178723346,4.003586769317792,4.003849029770436,0.009026968394827922,1.9302965361056579,3.3301117020911875,2.241730823620003,2.4056436065222897,-49.88716289506465
2026-04-14T11:47:47.126,4.003088474457769,4.005328178723346,4.003586769317792,4.003849029770436,0.009026968394827922,1.9302965361056579,3.3301117020911875,2.241730823620003,2.4056436065222897,-49.88716289506465
2026-04-14T11:47:47.236,4.002994060694817,4.005312443096187,4.00398540520581,4.0037100317305345,0.014847446085701524,1.8712879342608346,3.3202769351170502,2.490878253631479,2.3187698315840777,-49.814406923928736
2026-04-14T11:47:47.347,4.002994060694817,4.005312443096187,4.00398540520581,4.0037100317305345,0.014847446085701524,1.8712879342608346,3.3202769351170502,2.490878253631479,2.3187698315840777,-49.814406923928736
2026-04-14T11:47:47.455,4.002994060694817,4.005312443096187,4.00398540520581,4.0037100317305345,0.014847446085701524,1.8712879342608346,3.3202769351170502,2.490878253631479,2.3187698315840777,-49.814406923928736
2026-04-14T11:47:47.565,4.0031750204071415,4.005894661301056,4.003350734910413,4.003279924588199,0.01721248193100945,1.9843877544634125,3.684163313160127,2.0942093190079447,2.0499528676243273,-49.78484397586238
2026-04-14T11:47:47.675,4.0031750204071415,4.005894661301056,4.003350734910413,4.003279924588199,0.01721248193100945,1.9843877544634125,3.684163313160127,2.0942093190079447,2.0499528676243273,-49.78484397586238
2026-04-14T11:47:47.785,4.0031750204071415,4.005894661301056,4.003350734910413,4.003279924588199,0.01721248193100945,1.9843877544634125,3.684163313160127,2.0942093190079447,2.0499528676243273,-49.78484397586238
2026-04-14T11:47:47.895,4.0031933786388265,4.005309820491661,4.00352907201821,4.003770351634643,0.014329627711149895,1.9958616492665726,3.3186378072880274,2.2056700113814998,2.3564697716516037,-49.820879653610625
2026-04-14T11:47:48.004,4.0031933786388265,4.005309820491661,4.00352907201821,4.003770351634643,0.014329627711149895,1.9958616492665726,3.3186378072880274,2.2056700113814998,2.3564697716516037,-49.820879653610625
2026-04-14T11:47:48.113,4.0031933786388265,4.005309820491661,4.00352907201821,4.003770351634643,0.014329627711149895,1.9958616492665726,3.3186378072880274,2.2056700113814998,2.3564697716516037,-49.820879653610625
2026-04-14T11:47:48.222,4.003290415006305,4.005315065700714,4.003778219448222,4.003791332470854,0.009186297125459193,2.0565093789404187,3.321916062946073,2.3613871551386723,2.3695827942837866,-49.88517128593176
2026-04-14T11:47:48.331,4.003290415006305,4.005315065700714,4.003778219448222,4.003791332470854,0.009186297125459193,2.0565093789404187,3.321916062946073,2.3613871551386723,2.3695827942837866,-49.88517128593176
2026-04-14T11:47:48.440,4.003290415006305,4.005315065700714,4.003778219448222,4.003791332470854,0.009186297125459193,2.0565093789404187,3.321916062946073,2.3613871551386723,2.3695827942837866,-49.88517128593176
2026-04-14T11:47:48.550,4.00322747249767,4.005569458339778,4.003413677419047,4.003969669578652,0.011088283847369986,2.01717031104387,3.4809114623612913,2.1335483869044936,2.4810434866573416,-49.86139645190787
2026-04-14T11:47:48.655,4.00322747249767,4.005569458339778,4.003413677419047,4.003969669578652,0.011088283847369986,2.01717031104387,3.4809114623612913,2.1335483869044936,2.4810434866573416,-49.86139645190787
2026-04-14T11:47:48.765,4.00322747249767,4.005569458339778,4.003413677419047,4.003969669578652,0.011088283847369986,2.01717031104387,3.4809114623612913,2.1335483869044936,2.4810434866573416,-49.86139645190787
2026-04-14T11:47:48.875,4.002860307863969,4.005186558078918,4.003020286740082,4.0037519934029575,0.009813654002319821,1.7876924149806683,3.2415987993239526,1.8876792125510633,2.3449958768484436,-49.877329324971
2026-04-14T11:47:48.985,4.002860307863969,4.005186558078918,4.003020286740082,4.0037519934029575,0.009813654002319821,1.7876924149806683,3.2415987993239526,1.8876792125510633,2.3449958768484436,-49.877329324971
2026-04-14T11:47:49.096,4.002860307863969,4.005186558078918,4.003020286740082,4.0037519934029575,0.009813654002319821,1.7876924149806683,3.2415987993239526,1.8876792125510633,2.3449958768484436,-49.877329324971
2026-04-14T11:47:49.204,4.002836704423232,4.005506515831144,4.00375723861201,4.003856897584015,0.016849013264256862,1.7729402645200176,3.4415723944647425,2.3482741325064893,2.4105609900093583,-49.78938733419679
2026-04-14T11:47:49.314,4.002836704423232,4.005506515831144,4.00375723861201,4.003856897584015,0.016849013264256862,1.7729402645200176,3.4415723944647425,2.3482741325064893,2.4105609900093583,-49.78938733419679
2026-04-14T11:47:49.422,4.002836704423232,4.005506515831144,4.00375723861201,4.003856897584015,0.016849013264256862,1.7729402645200176,3.4415723944647425,2.3482741325064893,2.4105609900093583,-49.78938733419679
2026-04-14T11:47:49.531,4.003022909344608,4.0053439143505045,4.003715276939587,4.003429413046206,0.025537408106493336,1.8893183403800862,3.3399464690653247,2.3220480872421234,2.1433831538786308,-49.68078239866883
2026-04-14T11:47:49.640,4.003022909344608,4.0053439143505045,4.003715276939587,4.003429413046206,0.025537408106493336,1.8893183403800862,3.3399464690653247,2.3220480872421234,2.1433831538786308,-49.68078239866883
2026-04-14T11:47:49.751,4.003022909344608,4.0053439143505045,4.003715276939587,4.003429413046206,0.025537408106493336,1.8893183403800862,3.3399464690653247,2.3220480872421234,2.1433831538786308,-49.68078239866883
2026-04-14T11:47:49.860,4.003434658255259,4.005239010169447,4.00372838996222,4.003565788481581,0.0066818486408489084,2.1466614095366765,3.27438135590441,2.3302437263872378,2.228617800988375,-49.91647689198938
2026-04-14T11:47:49.969,4.003434658255259,4.005239010169447,4.00372838996222,4.003565788481581,0.0066818486408489084,2.1466614095366765,3.27438135590441,2.3302437263872378,2.228617800988375,-49.91647689198938
2026-04-14T11:47:50.077,4.003434658255259,4.005239010169447,4.00372838996222,4.003565788481581,0.0066818486408489084,2.1466614095366765,3.27438135590441,2.3302437263872378,2.228617800988375,-49.91647689198938
2026-04-14T11:47:50.185,4.0034399034643116,4.005228519751341,4.003636598803794,4.0033192636560955,0.012850857929978416,2.1499396651947222,3.2678248445883185,2.2728742523714374,2.0745397850596703,-49.83936427587527
2026-04-14T11:47:50.296,4.0034399034643116,4.005228519751341,4.003636598803794,4.0033192636560955,0.012850857929978416,2.1499396651947222,3.2678248445883185,2.2728742523714374,2.0745397850596703,-49.83936427587527
2026-04-14T11:47:50.404,4.0034399034643116,4.005228519751341,4.003636598803794,4.0033192636560955,0.012850857929978416,2.1499396651947222,3.2678248445883185,2.2728742523714374,2.0745397850596703,-49.83936427587527
2026-04-14T11:47:50.513,4.0028209687960725,4.005349159559557,4.003387451373783,4.00372052214864,0.011406941308632528,1.7631054975453253,3.3432247247233704,2.117157108614265,2.325326342900169,-49.85741323364209
2026-04-14T11:47:50.636,4.0028209687960725,4.005349159559557,4.003387451373783,4.00372052214864,0.011406941308632528,1.7631054975453253,3.3432247247233704,2.117157108614265,2.325326342900169,-49.85741323364209
2026-04-14T11:47:50.744,4.0028209687960725,4.005349159559557,4.003387451373783,4.00372052214864,0.011406941308632528,1.7631054975453253,3.3432247247233704,2.117157108614265,2.325326342900169,-49.85741323364209
2026-04-14T11:47:50.854,4.003164529989037,4.005417347277245,4.003639221408321,4.004074573759709,0.009768842796829776,1.9778312431478762,3.385842048277965,2.2745133802004602,2.5466085998182564,-49.87788946503963
2026-04-14T11:47:50.964,4.003164529989037,4.005417347277245,4.003639221408321,4.004074573759709,0.009768842796829776,1.9778312431478762,3.385842048277965,2.2745133802004602,2.5466085998182564,-49.87788946503963
2026-04-14T11:47:51.072,4.003164529989037,4.005417347277245,4.003639221408321,4.004074573759709,0.009768842796829776,1.9778312431478762,3.385842048277965,2.2745133802004602,2.5466085998182564,-49.87788946503963
2026-04-14T11:47:51.180,4.003020286740082,4.004968881903224,4.003675937871691,4.003413677419047,0.012367892715252377,1.8876792125510633,3.1055511895150545,2.2974611698067804,2.1335483869044936,-49.84540134105935
2026-04-14T11:47:51.290,4.003020286740082,4.004968881903224,4.003675937871691,4.003413677419047,0.012367892715252377,1.8876792125510633,3.1055511895150545,2.2974611698067804,2.1335483869044936,-49.84540134105935
2026-04-14T11:47:51.398,4.003020286740082,4.004968881903224,4.003675937871691,4.003413677419047,0.012367892715252377,1.8876792125510633,3.1055511895150545,2.2974611698067804,2.1335483869044936,-49.84540134105935
2026-04-14T11:47:51.506,4.003689050894323,4.0051996711015505,4.003468752114102,4.003731012566746,0.022076987238095425,2.3056568089518947,3.249794438469067,2.167970071313974,2.3318828542162606,-49.72403765952381
2026-04-14T11:47:51.616,4.003689050894323,4.0051996711015505,4.003468752114102,4.003731012566746,0.022076987238095425,2.3056568089518947,3.249794438469067,2.167970071313974,2.3318828542162606,-49.72403765952381
2026-04-14T11:47:51.724,4.003689050894323,4.0051996711015505,4.003468752114102,4.003731012566746,0.022076987238095425,2.3056568089518947,3.249794438469067,2.167970071313974,2.3318828542162606,-49.72403765952381
2026-04-14T11:47:51.833,4.003636598803794,4.005359649977663,4.003657579640006,4.00352907201821,0.016385964140859733,2.2728742523714374,3.349781236039462,2.2859872750036203,2.2056700113814998,-49.795175448239256
2026-04-14T11:47:51.942,4.003636598803794,4.005359649977663,4.003657579640006,4.00352907201821,0.016385964140859733,2.2728742523714374,3.349781236039462,2.2859872750036203,2.2056700113814998,-49.795175448239256
2026-04-14T11:47:52.052,4.003636598803794,4.005359649977663,4.003657579640006,4.00352907201821,0.016385964140859733,2.2728742523714374,3.349781236039462,2.2859872750036203,2.2056700113814998,-49.795175448239256
2026-04-14T11:47:52.162,4.002855062654916,4.005388498627454,4.0038778784202265,4.0035054685774725,0.023725043795562634,1.7844141593226226,3.3678116421587134,2.4236740126415413,2.190917860920294,-49.70343695255547
2026-04-14T11:47:52.269,4.002855062654916,4.005388498627454,4.0038778784202265,4.0035054685774725,0.023725043795562634,1.7844141593226226,3.3678116421587134,2.4236740126415413,2.190917860920294,-49.70343695255547
2026-04-14T11:47:52.378,4.002855062654916,4.005388498627454,4.0038778784202265,4.0035054685774725,0.023725043795562634,1.7844141593226226,3.3678116421587134,2.4236740126415413,2.190917860920294,-49.70343695255547
2026-04-14T11:47:52.486,4.003083229248716,4.005422592486298,4.003571033690633,4.003754616007484,0.008563919271430792,1.9270182804476121,3.3891203039360107,2.2318960566458657,2.3466350046774664,-49.892951009107115
2026-04-14T11:47:52.596,4.003083229248716,4.005422592486298,4.003571033690633,4.003754616007484,0.008563919271430792,1.9270182804476121,3.3891203039360107,2.2318960566458657,2.3466350046774664,-49.892951009107115
2026-04-14T11:47:52.706,4.003083229248716,4.005422592486298,4.003571033690633,4.003754616007484,0.008563919271430792,1.9270182804476121,3.3891203039360107,2.2318960566458657,2.3466350046774664,-49.892951009107115
2026-04-14T11:47:52.813,4.003568411086107,4.00497937232133,4.003510713786525,4.003885746233806,0.01979161575810314,2.230256928816843,3.112107700831146,2.1941961165783397,2.42859139612861,-49.75260480302371
2026-04-14T11:47:52.922,4.003568411086107,4.00497937232133,4.003510713786525,4.003885746233806,0.01979161575810314,2.230256928816843,3.112107700831146,2.1941961165783397,2.42859139612861,-49.75260480302371
2026-04-14T11:47:53.028,4.003568411086107,4.00497937232133,4.003510713786525,4.003885746233806,0.01979161575810314,2.230256928816843,3.112107700831146,2.1941961165783397,2.42859139612861,-49.75260480302371
2026-04-14T11:47:53.137,4.002548217925323,4.00517082245176,4.003738880380325,4.003615617967583,0.029560458554932913,1.592636203326947,3.2317640323498154,2.3368002377033292,2.2597612297392544,-49.630494268063345
2026-04-14T11:47:53.260,4.002548217925323,4.00517082245176,4.003738880380325,4.003615617967583,0.029560458554932913,1.592636203326947,3.2317640323498154,2.3368002377033292,2.2597612297392544,-49.630494268063345
2026-04-14T11:47:53.372,4.002548217925323,4.00517082245176,4.003738880380325,4.003615617967583,0.029560458554932913,1.592636203326947,3.2317640323498154,2.3368002377033292,2.2597612297392544,-49.630494268063345
2026-04-14T11:47:53.465,4.002938985999762,4.004656791964578,4.0036470892219,4.003479242532208,0.02317735128401764,1.8368662498513544,2.910494977861333,2.279430763687529,2.1745265826300653,-49.71028310894978
2026-04-14T11:47:53.575,4.002938985999762,4.004656791964578,4.0036470892219,4.003479242532208,0.02317735128401764,1.8368662498513544,2.910494977861333,2.279430763687529,2.1745265826300653,-49.71028310894978
2026-04-14T11:47:53.684,4.002938985999762,4.004656791964578,4.0036470892219,4.003479242532208,0.02317735128401764,1.8368662498513544,2.910494977861333,2.279430763687529,2.1745265826300653,-49.71028310894978
2026-04-14T11:47:53.808,4.002928495581656,4.005406856859139,4.003557920668001,4.003828048934224,0.021718497594175067,1.830309738535263,3.3792855369618735,2.2237004175007513,2.3925305838901068,-49.72851878007281
2026-04-14T11:47:53.916,4.002928495581656,4.005406856859139,4.003557920668001,4.003828048934224,0.021718497594175067,1.830309738535263,3.3792855369618735,2.2237004175007513,2.3925305838901068,-49.72851878007281
2026-04-14T11:47:54.025,4.002928495581656,4.005406856859139,4.003557920668001,4.003828048934224,0.021718497594175067,1.830309738535263,3.3792855369618735,2.2237004175007513,2.3925305838901068,-49.72851878007281
2026-04-14T11:47:54.133,4.002954721626921,4.005718946797785,4.00369954131243,4.003830671538751,0.030551284098546128,1.8467010168254916,3.574341748615595,2.3122133202685413,2.3941697117191296,-49.618108948768175
2026-04-14T11:47:54.243,4.002954721626921,4.005718946797785,4.00369954131243,4.003830671538751,0.030551284098546128,1.8467010168254916,3.574341748615595,2.3122133202685413,2.3941697117191296,-49.618108948768175
2026-04-14T11:47:54.352,4.002954721626921,4.005718946797785,4.00369954131243,4.003830671538751,0.030551284098546128,1.8467010168254916,3.574341748615595,2.3122133202685413,2.3941697117191296,-49.618108948768175
2026-04-14T11:47:54.460,4.0029232503726035,4.0054724219723,4.003355980119466,4.003898859256438,0.031009354199111036,1.8270314828772172,3.420263732687445,2.0974875746659905,2.436787035273724,-49.612383072511115
2026-04-14T11:47:54.569,4.0029232503726035,4.0054724219723,4.003355980119466,4.003898859256438,0.031009354199111036,1.8270314828772172,3.420263732687445,2.0974875746659905,2.436787035273724,-49.612383072511115
2026-04-14T11:47:54.678,4.0029232503726035,4.0054724219723,4.003355980119466,4.003898859256438,0.031009354199111036,1.8270314828772172,3.420263732687445,2.0974875746659905,2.436787035273724,-49.612383072511115
2026-04-14T11:47:54.786,4.002805233168914,4.005671739916309,4.003791332470854,4.003293037610831,0.029600290737590733,1.753270730571188,3.544837447693183,2.3695827942837866,2.0581485067694416,-49.629996365780116
2026-04-14T11:47:54.894,4.002805233168914,4.005671739916309,4.003791332470854,4.003293037610831,0.029600290737590733,1.753270730571188,3.544837447693183,2.3695827942837866,2.0581485067694416,-49.629996365780116
2026-04-14T11:47:55.002,4.002805233168914,4.005671739916309,4.003791332470854,4.003293037610831,0.029600290737590733,1.753270730571188,3.544837447693183,2.3695827942837866,2.0581485067694416,-49.629996365780116
2026-04-14T11:47:55.112,4.003437280859785,4.005433082904403,4.0041847231498195,4.003403187000941,0.02735973046308849,2.1483005373656994,3.395676815252102,2.615451968637217,2.126991875588402,-49.65800336921139
2026-04-14T11:47:55.222,4.003437280859785,4.005433082904403,4.0041847231498195,4.003403187000941,0.02735973046308849,2.1483005373656994,3.395676815252102,2.615451968637217,2.126991875588402,-49.65800336921139
2026-04-14T11:47:55.332,4.003437280859785,4.005433082904403,4.0041847231498195,4.003403187000941,0.02735973046308849,2.1483005373656994,3.395676815252102,2.615451968637217,2.126991875588402,-49.65800336921139
2026-04-14T11:47:55.442,4.002716064615016,4.005524874062829,4.003641844012847,4.003770351634643,0.02283877773142619,1.6975403843849657,3.4530462892679026,2.276152508029483,2.3564697716516037,-49.714515278357176
2026-04-14T11:47:55.551,4.002716064615016,4.005524874062829,4.003641844012847,4.003770351634643,0.02283877773142619,1.6975403843849657,3.4530462892679026,2.276152508029483,2.3564697716516037,-49.714515278357176
2026-04-14T11:47:55.662,4.002716064615016,4.005524874062829,4.003641844012847,4.003770351634643,0.02283877773142619,1.6975403843849657,3.4530462892679026,2.276152508029483,2.3564697716516037,-49.714515278357176
2026-04-14T11:47:55.771,4.003447771277891,4.00535440476861,4.003502845972946,4.003453016486944,0.025552345174990016,2.154857048681791,3.346502980381416,2.189278733091271,2.1581353043398366,-49.680595685312625
2026-04-14T11:47:55.880,4.003447771277891,4.00535440476861,4.003502845972946,4.003453016486944,0.025552345174990016,2.154857048681791,3.346502980381416,2.189278733091271,2.1581353043398366,-49.680595685312625
2026-04-14T11:47:55.989,4.003447771277891,4.00535440476861,4.003502845972946,4.003453016486944,0.025552345174990016,2.154857048681791,3.346502980381416,2.189278733091271,2.1581353043398366,-49.680595685312625
2026-04-14T11:47:56.098,4.003127813525666,4.005482912390406,4.003599882340424,4.003172397802615,0.007727443435616621,1.954883453541001,3.4268202440035367,2.249926462765117,1.9827486266343897,-49.90340695705479
2026-04-14T11:47:56.207,4.003127813525666,4.005482912390406,4.003599882340424,4.003172397802615,0.007727443435616621,1.954883453541001,3.4268202440035367,2.249926462765117,1.9827486266343897,-49.90340695705479
2026-04-14T11:47:56.315,4.003127813525666,4.005482912390406,4.003599882340424,4.003172397802615,0.007727443435616621,1.954883453541001,3.4268202440035367,2.249926462765117,1.9827486266343897,-49.90340695705479
2026-04-14T11:47:56.426,4.002561330947955,4.005312443096187,4.003736257775799,4.0036680700581115,0.01266663408518601,1.6008318424720613,3.3202769351170502,2.3351611098743064,2.292543786319712,-49.84166707393518
2026-04-14T11:47:56.534,4.002561330947955,4.005312443096187,4.003736257775799,4.0036680700581115,0.01266663408518601,1.6008318424720613,3.3202769351170502,2.3351611098743064,2.292543786319712,-49.84166707393518
2026-04-14T11:47:56.644,4.002561330947955,4.005312443096187,4.003736257775799,4.0036680700581115,0.01266663408518601,1.6008318424720613,3.3202769351170502,2.3351611098743064,2.292543786319712,-49.84166707393518
2026-04-14T11:47:56.752,4.003146171757351,4.005506515831144,4.00357365629516,4.003786087261801,0.01068498299795958,1.966357348344161,3.4415723944647425,2.2335351844748885,2.366304538625741,-49.86643771252551
2026-04-14T11:47:56.859,4.003146171757351,4.005506515831144,4.00357365629516,4.003786087261801,0.01068498299795958,1.966357348344161,3.4415723944647425,2.2335351844748885,2.366304538625741,-49.86643771252551
2026-04-14T11:47:56.968,4.003146171757351,4.005506515831144,4.00357365629516,4.003786087261801,0.01068498299795958,1.966357348344161,3.4415723944647425,2.2335351844748885,2.366304538625741,-49.86643771252551
2026-04-14T11:47:57.078,4.003555298063475,4.005304575282608,4.003982782601284,4.003702163916955,0.01872112584917429,2.2220612896717284,3.3153595516299816,2.489239125802456,2.313852448097009,-49.76598592688532
2026-04-14T11:47:57.187,4.003555298063475,4.005304575282608,4.003982782601284,4.003702163916955,0.01872112584917429,2.2220612896717284,3.3153595516299816,2.489239125802456,2.313852448097009,-49.76598592688532
2026-04-14T11:47:57.295,4.003555298063475,4.005304575282608,4.003982782601284,4.003702163916955,0.01872112584917429,2.2220612896717284,3.3153595516299816,2.489239125802456,2.313852448097009,-49.76598592688532
2026-04-14T11:47:57.404,4.003424167837153,4.005357027373137,4.003712654335061,4.0038359167478035,0.014832509017204844,2.140104898220585,3.348142108210439,2.3204089594131005,2.3974479673771754,-49.814593637284936
2026-04-14T11:47:57.526,4.003424167837153,4.005357027373137,4.003712654335061,4.0038359167478035,0.014832509017204844,2.140104898220585,3.348142108210439,2.3204089594131005,2.3974479673771754,-49.814593637284936
2026-04-14T11:47:57.636,4.003424167837153,4.005357027373137,4.003712654335061,4.0038359167478035,0.014832509017204844,2.140104898220585,3.348142108210439,2.3204089594131005,2.3974479673771754,-49.814593637284936
2026-04-14T11:47:57.744,4.002537727507217,4.005309820491661,4.003772974239169,4.003964424369599,0.014439166213458893,1.5860796920108555,3.3186378072880274,2.3581088994806265,2.477765230999296,-49.81951042233177
2026-04-14T11:47:57.853,4.002537727507217,4.005309820491661,4.003772974239169,4.003964424369599,0.014439166213458893,1.5860796920108555,3.3186378072880274,2.3581088994806265,2.477765230999296,-49.81951042233177
2026-04-14T11:47:57.962,4.002537727507217,4.005309820491661,4.003772974239169,4.003964424369599,0.014439166213458893,1.5860796920108555,3.3186378072880274,2.3581088994806265,2.477765230999296,-49.81951042233177
2026-04-14T11:47:58.072,4.00266098991996,4.0051996711015505,4.003689050894323,4.003639221408321,0.003659581781686996,1.6631186999749303,3.249794438469067,2.3056568089518947,2.2745133802004602,-49.95425522772891
2026-04-14T11:47:58.179,4.00266098991996,4.0051996711015505,4.003689050894323,4.003639221408321,0.003659581781686996,1.6631186999749303,3.249794438469067,2.3056568089518947,2.2745133802004602,-49.95425522772891
2026-04-14T11:47:58.289,4.00266098991996,4.0051996711015505,4.003689050894323,4.003639221408321,0.003659581781686996,1.6631186999749303,3.249794438469067,2.3056568089518947,2.2745133802004602,-49.95425522772891
2026-04-14T11:47:58.399,4.003041267576293,4.005068540875229,4.004037857296339,4.003623485781162,0.013612648423309177,1.9007922351832462,3.1678380470179235,2.5236608102119362,2.264678613226323,-49.829841894708636
2026-04-14T11:47:58.506,4.003041267576293,4.005068540875229,4.004037857296339,4.003623485781162,0.013612648423309177,1.9007922351832462,3.1678380470179235,2.5236608102119362,2.264678613226323,-49.829841894708636
2026-04-14T11:47:58.615,4.003041267576293,4.005068540875229,4.004037857296339,4.003623485781162,0.013612648423309177,1.9007922351832462,3.1678380470179235,2.5236608102119362,2.264678613226323,-49.829841894708636
2026-04-14T11:47:58.724,4.003201246452406,4.00535440476861,4.003473997323155,4.003329754074201,0.010431052833515995,2.000779032753641,3.346502980381416,2.1712483269720195,2.0810962963757618,-49.869611839581054
2026-04-14T11:47:58.835,4.003201246452406,4.00535440476861,4.003473997323155,4.003329754074201,0.010431052833515995,2.000779032753641,3.346502980381416,2.1712483269720195,2.0810962963757618,-49.869611839581054
2026-04-14T11:47:58.944,4.003201246452406,4.00535440476861,4.003473997323155,4.003329754074201,0.010431052833515995,2.000779032753641,3.346502980381416,2.1712483269720195,2.0810962963757618,-49.869611839581054
2026-04-14T11:47:59.055,4.0034399034643116,4.004790544795426,4.003413677419047,4.003363847933045,0.007568114704985351,2.1499396651947222,2.9940904971414994,2.1335483869044936,2.102404958153059,-49.90539856618768
2026-04-14T11:47:59.163,4.0034399034643116,4.004790544795426,4.003413677419047,4.003363847933045,0.007568114704985351,2.1499396651947222,2.9940904971414994,2.1335483869044936,2.102404958153059,-49.90539856618768
2026-04-14T11:47:59.272,4.0034399034643116,4.004790544795426,4.003413677419047,4.003363847933045,0.007568114704985351,2.1499396651947222,2.9940904971414994,2.1335483869044936,2.102404958153059,-49.90539856618768
2026-04-14T11:47:59.381,4.003266811565567,4.005178690265339,4.003707409126008,4.003626108385689,0.016789264990270135,2.041757228479213,3.236681415836884,2.317130703755055,2.266317741055901,-49.79013418762162
2026-04-14T11:47:59.490,4.003266811565567,4.005178690265339,4.003707409126008,4.003626108385689,0.016789264990270135,2.041757228479213,3.236681415836884,2.317130703755055,2.266317741055901,-49.79013418762162
2026-04-14T11:47:59.600,4.003266811565567,4.005178690265339,4.003707409126008,4.003626108385689,0.016789264990270135,2.041757228479213,3.236681415836884,2.317130703755055,2.266317741055901,-49.79013418762162
2026-04-14T11:47:59.708,4.003098964875875,4.00505280524807,4.003964424369599,4.003615617967583,0.006871051508473543,1.9368530474217494,3.1580032800437863,2.477765230999296,2.2597612297392544,-49.91411185614408
2026-04-14T11:47:59.817,4.003098964875875,4.00505280524807,4.003964424369599,4.003615617967583,0.006871051508473543,1.9368530474217494,3.1580032800437863,2.477765230999296,2.2597612297392544,-49.91411185614408
2026-04-14T11:47:59.927,4.003098964875875,4.00505280524807,4.003964424369599,4.003615617967583,0.006871051508473543,1.9368530474217494,3.1580032800437863,2.477765230999296,2.2597612297392544,-49.91411185614408
2026-04-14T11:48:00.037,4.003327131469675,4.005480289785879,4.003599882340424,4.003618240572109,0.01011737439508568,2.079457168546739,3.425181116174514,2.249926462765117,2.2614003575682773,-49.87353282006143
2026-04-14T11:48:00.146,4.003327131469675,4.005480289785879,4.003599882340424,4.003618240572109,0.01011737439508568,2.079457168546739,3.425181116174514,2.249926462765117,2.2614003575682773,-49.87353282006143
2026-04-14T11:48:00.255,4.003327131469675,4.005480289785879,4.003599882340424,4.003618240572109,0.01011737439508568,2.079457168546739,3.425181116174514,2.249926462765117,2.2614003575682773,-49.87353282006143
2026-04-14T11:48:00.363,4.003164529989037,4.005346536955031,4.003744125589378,4.003639221408321,0.008384674449470613,1.9778312431478762,3.3415855968943475,2.340078493361375,2.2745133802004602,-49.895191569381616
2026-04-14T11:48:00.474,4.003164529989037,4.005346536955031,4.003744125589378,4.003639221408321,0.008384674449470613,1.9778312431478762,3.3415855968943475,2.340078493361375,2.2745133802004602,-49.895191569381616
2026-04-14T11:48:00.582,4.003164529989037,4.005346536955031,4.003744125589378,4.003639221408321,0.008384674449470613,1.9778312431478762,3.3415855968943475,2.340078493361375,2.2745133802004602,-49.895191569381616
2026-04-14T11:48:00.692,4.0032353403112495,4.005315065700714,4.0034635069050495,4.003576278899686,0.0029426024938462784,2.0220876945309385,3.321916062946073,2.164691815655928,2.2351743123039114,-49.96321746882692
2026-04-14T11:48:00.801,4.0032353403112495,4.005315065700714,4.0034635069050495,4.003576278899686,0.0029426024938462784,2.0220876945309385,3.321916062946073,2.164691815655928,2.2351743123039114,-49.96321746882692
2026-04-14T11:48:00.911,4.0032353403112495,4.005315065700714,4.0034635069050495,4.003576278899686,0.0029426024938462784,2.0220876945309385,3.321916062946073,2.164691815655928,2.2351743123039114,-49.96321746882692
2026-04-14T11:48:01.020,4.003287792401778,4.0053439143505045,4.003411054814521,4.003618240572109,0.006517540887385411,2.054870251111396,3.3399464690653247,2.1319092590754707,2.2614003575682773,-49.918530738907684
2026-04-14T11:48:01.128,4.003287792401778,4.0053439143505045,4.003411054814521,4.003618240572109,0.006517540887385411,2.054870251111396,3.3399464690653247,2.1319092590754707,2.2614003575682773,-49.918530738907684
2026-04-14T11:48:01.236,4.003287792401778,4.0053439143505045,4.003411054814521,4.003618240572109,0.006517540887385411,2.054870251111396,3.3399464690653247,2.1319092590754707,2.2614003575682773,-49.918530738907684
2026-04-14T11:48:01.345,4.003366470537571,4.00535440476861,4.00345563909147,4.003612995363056,0.0018322804022596114,2.104044085982082,3.346502980381416,2.1597744321688594,2.2581221019102315,-49.977096494971754
2026-04-14T11:48:01.454,4.003366470537571,4.00535440476861,4.00345563909147,4.003612995363056,0.0018322804022596114,2.104044085982082,3.346502980381416,2.1597744321688594,2.2581221019102315,-49.977096494971754
2026-04-14T11:48:01.562,4.003366470537571,4.00535440476861,4.00345563909147,4.003612995363056,0.0018322804022596114,2.104044085982082,3.346502980381416,2.1597744321688594,2.2581221019102315,-49.977096494971754
2026-04-14T11:48:01.670,4.00326418896104,4.005160332033654,4.003843784561383,4.003544807645369,-0.0034454837999012256,2.04011810065019,3.225207521033724,2.402365350864244,2.215504778355637,-50.04306854749877
2026-04-14T11:48:01.780,4.00326418896104,4.005160332033654,4.003843784561383,4.003544807645369,-0.0034454837999012256,2.04011810065019,3.225207521033724,2.402365350864244,2.215504778355637,-50.04306854749877
2026-04-14T11:48:01.889,4.00326418896104,4.005160332033654,4.003843784561383,4.003544807645369,-0.0034454837999012256,2.04011810065019,3.225207521033724,2.402365350864244,2.215504778355637,-50.04306854749877
2026-04-14T11:48:01.997,4.002849817445863,4.005278349237344,4.003416300023574,4.003675937871691,-0.0032114697267865474,1.7811359036645769,3.298968273339753,2.1351875147335164,2.2974611698067804,-50.04014337158483
2026-04-14T11:48:02.107,4.002849817445863,4.005278349237344,4.003416300023574,4.003675937871691,-0.0032114697267865474,1.7811359036645769,3.298968273339753,2.1351875147335164,2.2974611698067804,-50.04014337158483
2026-04-14T11:48:02.229,4.002849817445863,4.005278349237344,4.003416300023574,4.003675937871691,-0.0032114697267865474,1.7811359036645769,3.298968273339753,2.1351875147335164,2.2974611698067804,-50.04014337158483
2026-04-14T11:48:02.338,4.002986192881238,4.005018711389226,4.003822803725171,4.004284382121824,-0.009918213481796593,1.866370550773766,3.136694618266489,2.389252328232061,2.677738826140086,-50.12397766852246
2026-04-14T11:48:02.448,4.002986192881238,4.005018711389226,4.003822803725171,4.004284382121824,-0.009918213481796593,1.866370550773766,3.136694618266489,2.389252328232061,2.677738826140086,-50.12397766852246
2026-04-14T11:48:02.558,4.002986192881238,4.005018711389226,4.003822803725171,4.004284382121824,-0.009918213481796593,1.866370550773766,3.136694618266489,2.389252328232061,2.677738826140086,-50.12397766852246
2026-04-14T11:48:02.666,4.003188133429774,4.0053439143505045,4.003143549152824,4.003531694622737,-0.013204368551066548,1.9925833936085269,3.3399464690653247,1.9647182205151381,2.2073091392105226,-50.16505460688834
2026-04-14T11:48:02.776,4.003188133429774,4.0053439143505045,4.003143549152824,4.003531694622737,-0.013204368551066548,1.9925833936085269,3.3399464690653247,1.9647182205151381,2.2073091392105226,-50.16505460688834
2026-04-14T11:48:02.886,4.003188133429774,4.0053439143505045,4.003143549152824,4.003531694622737,-0.013204368551066548,1.9925833936085269,3.3399464690653247,1.9647182205151381,2.2073091392105226,-50.16505460688834
2026-04-14T11:48:02.982,4.0035054685774725,4.005197048497024,4.003487110345787,4.003922462697176,0.006567331115707683,2.190917860920294,3.248155310640044,2.179443966117134,2.45153918573493,-49.917908361053655
2026-04-14T11:48:03.091,4.0035054685774725,4.005197048497024,4.003487110345787,4.003922462697176,0.006567331115707683,2.190917860920294,3.248155310640044,2.179443966117134,2.45153918573493,-49.917908361053655
2026-04-14T11:48:03.200,4.0035054685774725,4.005197048497024,4.003487110345787,4.003922462697176,0.006567331115707683,2.190917860920294,3.248155310640044,2.179443966117134,2.45153918573493,-49.917908361053655
2026-04-14T11:48:03.325,4.003342867096833,4.00490593939459,4.003723144753167,4.003502845972946,-0.006761513006164544,2.089291935520876,3.0662121216185056,2.326965470729192,2.189278733091271,-50.08451891257706
2026-04-14T11:48:03.419,4.003342867096833,4.00490593939459,4.003723144753167,4.003502845972946,-0.006761513006164544,2.089291935520876,3.0662121216185056,2.326965470729192,2.189278733091271,-50.08451891257706
2026-04-14T11:48:03.530,4.003342867096833,4.00490593939459,4.003723144753167,4.003502845972946,-0.006761513006164544,2.089291935520876,3.0662121216185056,2.326965470729192,2.189278733091271,-50.08451891257706
2026-04-14T11:48:03.639,4.003652334430953,4.005273104028291,4.003775596843695,4.00375723861201,0.01189986456902302,2.2827090193455746,3.295690017681707,2.3597480273096494,2.3482741325064893,-49.85125169288721
2026-04-14T11:48:03.763,4.003652334430953,4.005273104028291,4.003775596843695,4.00375723861201,0.01189986456902302,2.2827090193455746,3.295690017681707,2.3597480273096494,2.3482741325064893,-49.85125169288721
2026-04-14T11:48:03.872,4.003652334430953,4.005273104028291,4.003775596843695,4.00375723861201,0.01189986456902302,2.2827090193455746,3.295690017681707,2.3597480273096494,2.3482741325064893,-49.85125169288721
2026-04-14T11:48:03.996,4.003274679379146,4.005165577242707,4.004158497104555,4.00376510642559,0.00363468666752586,2.0466746119662815,3.2284857766917696,2.599060690346988,2.353191515993558,-49.95456641665593
2026-04-14T11:48:04.105,4.003274679379146,4.005165577242707,4.004158497104555,4.00376510642559,0.00363468666752586,2.0466746119662815,3.2284857766917696,2.599060690346988,2.353191515993558,-49.95456641665593
2026-04-14T11:48:04.214,4.003274679379146,4.005165577242707,4.004158497104555,4.00376510642559,0.00363468666752586,2.0466746119662815,3.2284857766917696,2.599060690346988,2.353191515993558,-49.95456641665593
2026-04-14T11:48:04.325,4.003434658255259,4.004963636694171,4.0039801599967575,4.00326418896104,-0.0014837488040037072,2.1466614095366765,3.1022729338570088,2.487599997973433,2.04011810065019,-50.01854686005005
2026-04-14T11:48:04.419,4.003434658255259,4.004963636694171,4.0039801599967575,4.00326418896104,-0.0014837488040037072,2.1466614095366765,3.1022729338570088,2.487599997973433,2.04011810065019,-50.01854686005005
2026-04-14T11:48:04.541,4.003434658255259,4.004963636694171,4.0039801599967575,4.00326418896104,-0.0014837488040037072,2.1466614095366765,3.1022729338570088,2.487599997973433,2.04011810065019,-50.01854686005005
2026-04-14T11:48:04.652,4.003287792401778,4.004795790004479,4.003657579640006,4.003182888220721,0.006791387143157908,2.054870251111396,2.997368752799545,2.2859872750036203,1.9893051379504811,-49.915107660710525
2026-04-14T11:48:04.760,4.003287792401778,4.004795790004479,4.003657579640006,4.003182888220721,0.006791387143157908,2.054870251111396,2.997368752799545,2.2859872750036203,1.9893051379504811,-49.915107660710525
2026-04-14T11:48:04.869,4.003287792401778,4.004795790004479,4.003657579640006,4.003182888220721,0.006791387143157908,2.054870251111396,2.997368752799545,2.2859872750036203,1.9893051379504811,-49.915107660710525
2026-04-14T11:48:04.980,4.0030491353898725,4.005168199847233,4.003025531949135,4.004045725109918,-0.0004481120549004484,1.9057096186703149,3.2301249045207925,1.890957468209109,2.528578193699005,-50.00560140068625
2026-04-14T11:48:05.087,4.0030491353898725,4.005168199847233,4.003025531949135,4.004045725109918,-0.0004481120549004484,1.9057096186703149,3.2301249045207925,1.890957468209109,2.528578193699005,-50.00560140068625
2026-04-14T11:48:05.195,4.0030491353898725,4.005168199847233,4.003025531949135,4.004045725109918,-0.0004481120549004484,1.9057096186703149,3.2301249045207925,1.890957468209109,2.528578193699005,-50.00560140068625
2026-04-14T11:48:05.304,4.002994060694817,4.0052442553785,4.003592014526845,4.003429413046206,0.0029475815166785054,1.8712879342608346,3.2776596115624557,2.2450090792780486,2.1433831538786308,-49.96315523104152
2026-04-14T11:48:05.414,4.002994060694817,4.0052442553785,4.003592014526845,4.003429413046206,0.0029475815166785054,1.8712879342608346,3.2776596115624557,2.2450090792780486,2.1433831538786308,-49.96315523104152
2026-04-14T11:48:05.524,4.002994060694817,4.0052442553785,4.003592014526845,4.003429413046206,0.0029475815166785054,1.8712879342608346,3.2776596115624557,2.2450090792780486,2.1433831538786308,-49.96315523104152
2026-04-14T11:48:05.648,4.003256321147461,4.004850864699534,4.003628730990215,4.003639221408321,0.005218015928174111,2.0352007171631215,3.0317904372090254,2.2679568688843688,2.2745133802004602,-49.93477480089783
2026-04-14T11:48:05.742,4.003256321147461,4.004850864699534,4.003628730990215,4.003639221408321,0.005218015928174111,2.0352007171631215,3.0317904372090254,2.2679568688843688,2.2745133802004602,-49.93477480089783
2026-04-14T11:48:05.850,4.003256321147461,4.004850864699534,4.003628730990215,4.003639221408321,0.005218015928174111,2.0352007171631215,3.0317904372090254,2.2679568688843688,2.2745133802004602,-49.93477480089783
2026-04-14T11:48:05.958,4.003526449413684,4.005050182643544,4.003652334430953,4.003584146713266,0.0052927012706575184,2.204030883552477,3.1563641522147634,2.2827090193455746,2.24009169579098,-49.933841234116784
2026-04-14T11:48:06.068,4.003526449413684,4.005050182643544,4.003652334430953,4.003584146713266,0.0052927012706575184,2.204030883552477,3.1563641522147634,2.2827090193455746,2.24009169579098,-49.933841234116784
2026-04-14T11:48:06.179,4.003526449413684,4.005050182643544,4.003652334430953,4.003584146713266,0.0052927012706575184,2.204030883552477,3.1563641522147634,2.2827090193455746,2.24009169579098,-49.933841234116784
2026-04-14T11:48:06.288,4.00326418896104,4.005309820491661,4.0036497118264265,4.003775596843695,0.004361624001031032,2.04011810065019,3.3186378072880274,2.2810698915165517,2.3597480273096494,-49.94547969998711
2026-04-14T11:48:06.397,4.00326418896104,4.005309820491661,4.0036497118264265,4.003775596843695,0.004361624001031032,2.04011810065019,3.3186378072880274,2.2810698915165517,2.3597480273096494,-49.94547969998711
2026-04-14T11:48:06.505,4.00326418896104,4.005309820491661,4.0036497118264265,4.003775596843695,0.004361624001031032,2.04011810065019,3.3186378072880274,2.2810698915165517,2.3597480273096494,-49.94547969998711
2026-04-14T11:48:06.614,4.003306150633463,4.00516295463818,4.003654957035479,4.003222227288617,-0.0008613709499753064,2.066344145914556,3.2268466488627467,2.2843481471745974,2.013892055385824,-50.01076713687469
2026-04-14T11:48:06.721,4.003306150633463,4.00516295463818,4.003654957035479,4.003222227288617,-0.0008613709499753064,2.066344145914556,3.2268466488627467,2.2843481471745974,2.013892055385824,-50.01076713687469
2026-04-14T11:48:06.832,4.003306150633463,4.00516295463818,4.003654957035479,4.003222227288617,-0.0008613709499753064,2.066344145914556,3.2268466488627467,2.2843481471745974,2.013892055385824,-50.01076713687469
2026-04-14T11:48:06.941,4.00303602236724,4.005349159559557,4.003725767357693,4.0034215452326265,0.001971693041561973,1.8975139795252005,3.3432247247233704,2.328604598558215,2.138465770391562,-49.975353836980474
2026-04-14T11:48:07.050,4.00303602236724,4.005349159559557,4.003725767357693,4.0034215452326265,0.001971693041561973,1.8975139795252005,3.3432247247233704,2.328604598558215,2.138465770391562,-49.975353836980474
2026-04-14T11:48:07.161,4.00303602236724,4.005349159559557,4.003725767357693,4.0034215452326265,0.001971693041561973,1.8975139795252005,3.3432247247233704,2.328604598558215,2.138465770391562,-49.975353836980474
2026-04-14T11:48:07.270,4.003780842052748,4.005084276502387,4.003510713786525,4.003303528028937,0.003644644713190314,2.363026282967695,3.1776728139920607,2.1941961165783397,2.064705018085533,-49.95444194108512
2026-04-14T11:48:07.380,4.003780842052748,4.005084276502387,4.003510713786525,4.003303528028937,0.003644644713190314,2.363026282967695,3.1776728139920607,2.1941961165783397,2.064705018085533,-49.95444194108512
2026-04-14T11:48:07.488,4.003780842052748,4.005084276502387,4.003510713786525,4.003303528028937,0.003644644713190314,2.363026282967695,3.1776728139920607,2.1941961165783397,2.064705018085533,-49.95444194108512
2026-04-14T11:48:07.595,4.003403187000941,4.005459308949669,4.003508091181999,4.003633976199268,0.005755750394054649,2.126991875588402,3.412068093542886,2.192556988749317,2.2712351245424145,-49.92805312007432
2026-04-14T11:48:07.704,4.003403187000941,4.005459308949669,4.003508091181999,4.003633976199268,0.005755750394054649,2.126991875588402,3.412068093542886,2.192556988749317,2.2712351245424145,-49.92805312007432
2026-04-14T11:48:07.812,4.003403187000941,4.005459308949669,4.003508091181999,4.003633976199268,0.005755750394054649,2.126991875588402,3.412068093542886,2.192556988749317,2.2712351245424145,-49.92805312007432
2026-04-14T11:48:07.921,4.003466129509576,4.005383253418401,4.003618240572109,4.003662824849059,0.009569681883540689,2.166330943484951,3.3645333865006677,2.2614003575682773,2.289265530661666,-49.880378976455745
2026-04-14T11:48:08.031,4.003466129509576,4.005383253418401,4.003618240572109,4.003662824849059,0.009569681883540689,2.166330943484951,3.3645333865006677,2.2614003575682773,2.289265530661666,-49.880378976455745
2026-04-14T11:48:08.140,4.003466129509576,4.005383253418401,4.003618240572109,4.003662824849059,0.009569681883540689,2.166330943484951,3.3645333865006677,2.2614003575682773,2.289265530661666,-49.880378976455745
2026-04-14T11:48:08.249,4.003618240572109,4.005252123192079,4.003387451373783,4.003652334430953,0.009928171527461047,2.2614003575682773,3.2825769950495243,2.117157108614265,2.2827090193455746,-49.875897855906736
2026-04-14T11:48:08.358,4.003618240572109,4.005252123192079,4.003387451373783,4.003652334430953,0.009928171527461047,2.2614003575682773,3.2825769950495243,2.117157108614265,2.2827090193455746,-49.875897855906736
2026-04-14T11:48:08.467,4.003618240572109,4.005252123192079,4.003387451373783,4.003652334430953,0.009928171527461047,2.2614003575682773,3.2825769950495243,2.117157108614265,2.2827090193455746,-49.875897855906736
2026-04-14T11:48:08.575,4.003266811565567,4.004937410648908,4.003466129509576,4.003592014526845,0.00833488422114834,2.041757228479213,3.085881655567335,2.166330943484951,2.2450090792780486,-49.895813947235645
2026-04-14T11:48:08.685,4.003266811565567,4.004937410648908,4.003466129509576,4.003592014526845,0.00833488422114834,2.041757228479213,3.085881655567335,2.166330943484951,2.2450090792780486,-49.895813947235645
2026-04-14T11:48:08.797,4.003266811565567,4.004937410648908,4.003466129509576,4.003592014526845,0.00833488422114834,2.041757228479213,3.085881655567335,2.166330943484951,2.2450090792780486,-49.895813947235645
2026-04-14T11:48:08.904,4.0026767255471185,4.00539112123198,4.003515958995578,4.003922462697176,0.009788758888158684,1.6729534669490675,3.3694507699877363,2.1974743722363854,2.45153918573493,-49.877640513898015
2026-04-14T11:48:09.013,4.0026767255471185,4.00539112123198,4.003515958995578,4.003922462697176,0.009788758888158684,1.6729534669490675,3.3694507699877363,2.1974743722363854,2.45153918573493,-49.877640513898015
2026-04-14T11:48:09.137,4.0026767255471185,4.00539112123198,4.003515958995578,4.003922462697176,0.009788758888158684,1.6729534669490675,3.3694507699877363,2.1974743722363854,2.45153918573493,-49.877640513898015
2026-04-14T11:48:09.231,4.003508091181999,4.00486135511764,4.004116535432132,4.003880501024753,0.009046884486156832,2.192556988749317,3.038346948525117,2.5728346450826223,2.425313140470564,-49.88691394392304
2026-04-14T11:48:09.354,4.003508091181999,4.00486135511764,4.004116535432132,4.003880501024753,0.009046884486156832,2.192556988749317,3.038346948525117,2.5728346450826223,2.425313140470564,-49.88691394392304
2026-04-14T11:48:09.464,4.003508091181999,4.00486135511764,4.004116535432132,4.003880501024753,0.009046884486156832,2.192556988749317,3.038346948525117,2.5728346450826223,2.425313140470564,-49.88691394392304
2026-04-14T11:48:09.573,4.003290415006305,4.004947901067013,4.003715276939587,4.003571033690633,0.013796872268101584,2.0565093789404187,3.0924381668828715,2.3220480872421234,2.2318960566458657,-49.827539096648735
2026-04-14T11:48:09.682,4.003290415006305,4.004947901067013,4.003715276939587,4.003571033690633,0.013796872268101584,2.0565093789404187,3.0924381668828715,2.3220480872421234,2.2318960566458657,-49.827539096648735
2026-04-14T11:48:09.791,4.003290415006305,4.004947901067013,4.003715276939587,4.003571033690633,0.013796872268101584,2.0565093789404187,3.0924381668828715,2.3220480872421234,2.2318960566458657,-49.827539096648735
2026-04-14T11:48:09.899,4.003778219448222,4.005220651937762,4.003568411086107,4.003662824849059,0.005377344658805381,2.3613871551386723,3.26290746110125,2.230256928816843,2.289265530661666,-49.93278319176493
2026-04-14T11:48:10.008,4.003778219448222,4.005220651937762,4.003568411086107,4.003662824849059,0.005377344658805381,2.3613871551386723,3.26290746110125,2.230256928816843,2.289265530661666,-49.93278319176493
2026-04-14T11:48:10.117,4.003778219448222,4.005220651937762,4.003568411086107,4.003662824849059,0.005377344658805381,2.3613871551386723,3.26290746110125,2.230256928816843,2.289265530661666,-49.93278319176493
2026-04-14T11:48:10.226,4.003749370798431,4.005393743836507,4.003946066137914,4.00361037275853,-0.0008364758358141704,2.3433567490194207,3.371089897816759,2.466291336196136,2.2564829740812087,-50.010455947947676
2026-04-14T11:48:10.336,4.003749370798431,4.005393743836507,4.003946066137914,4.00361037275853,-0.0008364758358141704,2.3433567490194207,3.371089897816759,2.466291336196136,2.2564829740812087,-50.010455947947676
2026-04-14T11:48:10.444,4.003749370798431,4.005393743836507,4.003946066137914,4.00361037275853,-0.0008364758358141704,2.3433567490194207,3.371089897816759,2.466291336196136,2.2564829740812087,-50.010455947947676
2026-04-14T11:48:10.554,4.003429413046206,4.005118370361231,4.0040221216691805,4.0036497118264265,0.008648562659578656,2.1433831538786308,3.198981475769358,2.513826043237799,2.2810698915165517,-49.89189296675527
2026-04-14T11:48:10.661,4.003429413046206,4.005118370361231,4.0040221216691805,4.0036497118264265,0.008648562659578656,2.1433831538786308,3.198981475769358,2.513826043237799,2.2810698915165517,-49.89189296675527
2026-04-14T11:48:10.771,4.003429413046206,4.005118370361231,4.0040221216691805,4.0036497118264265,0.008648562659578656,2.1433831538786308,3.198981475769358,2.513826043237799,2.2810698915165517,-49.89189296675527
2026-04-14T11:48:10.881,4.003466129509576,4.005682230334415,4.003791332470854,4.003665447453585,0.007886772166247892,2.166330943484951,3.5513939590092747,2.3695827942837866,2.290904658490689,-49.901415347921905
2026-04-14T11:48:10.992,4.003466129509576,4.005682230334415,4.003791332470854,4.003665447453585,0.007886772166247892,2.166330943484951,3.5513939590092747,2.3695827942837866,2.290904658490689,-49.901415347921905
2026-04-14T11:48:11.101,4.003466129509576,4.005682230334415,4.003791332470854,4.003665447453585,0.007886772166247892,2.166330943484951,3.5513939590092747,2.3695827942837866,2.290904658490689,-49.901415347921905
2026-04-14T11:48:11.210,4.0031750204071415,4.004961014089645,4.0031933786388265,4.003686428289797,0.006890967599802451,1.9843877544634125,3.100633806027986,1.9958616492665726,2.304017681122872,-49.91386290500247
2026-04-14T11:48:11.319,4.0031750204071415,4.004961014089645,4.0031933786388265,4.003686428289797,0.006890967599802451,1.9843877544634125,3.100633806027986,1.9958616492665726,2.304017681122872,-49.91386290500247
2026-04-14T11:48:11.428,4.0031750204071415,4.004961014089645,4.0031933786388265,4.003686428289797,0.006890967599802451,1.9843877544634125,3.100633806027986,1.9958616492665726,2.304017681122872,-49.91386290500247
2026-04-14T11:48:11.537,4.003075361435137,4.005068540875229,4.003565788481581,4.003849029770436,0.008090912102369207,1.9221008969605435,3.1678380470179235,2.228617800988375,2.4056436065222897,-49.89886359872038
2026-04-14T11:48:11.647,4.003075361435137,4.005068540875229,4.003565788481581,4.003849029770436,0.008090912102369207,1.9221008969605435,3.1678380470179235,2.228617800988375,2.4056436065222897,-49.89886359872038
2026-04-14T11:48:11.756,4.003075361435137,4.005068540875229,4.003565788481581,4.003849029770436,0.008090912102369207,1.9221008969605435,3.1678380470179235,2.228617800988375,2.4056436065222897,-49.89886359872038
2026-04-14T11:48:11.865,4.0031933786388265,4.0051157477567045,4.003390073978309,4.003594637131371,0.012492368286058058,1.9958616492665726,3.197342347940335,2.1187962364432877,2.2466482071070715,-49.84384539642427
2026-04-14T11:48:11.975,4.0031933786388265,4.0051157477567045,4.003390073978309,4.003594637131371,0.012492368286058058,1.9958616492665726,3.197342347940335,2.1187962364432877,2.2466482071070715,-49.84384539642427
2026-04-14T11:48:12.083,4.0031933786388265,4.0051157477567045,4.003390073978309,4.003594637131371,0.012492368286058058,1.9958616492665726,3.197342347940335,2.1187962364432877,2.2466482071070715,-49.84384539642427
2026-04-14T11:48:12.192,4.00326418896104,4.0051157477567045,4.004237175240348,4.003791332470854,0.015524593190884426,2.04011810065019,3.197342347940335,2.648234525217674,2.3695827942837866,-49.80594258511395
2026-04-14T11:48:12.302,4.00326418896104,4.0051157477567045,4.004237175240348,4.003791332470854,0.015524593190884426,2.04011810065019,3.197342347940335,2.648234525217674,2.3695827942837866,-49.80594258511395
2026-04-14T11:48:12.410,4.00326418896104,4.0051157477567045,4.004237175240348,4.003791332470854,0.015524593190884426,2.04011810065019,3.197342347940335,2.648234525217674,2.3695827942837866,-49.80594258511395
2026-04-14T11:48:12.519,4.003563165877054,4.005026579202806,4.003943443533387,4.0035238268091575,0.01797925144717244,2.226978673158797,3.1416120017535576,2.464652208367113,2.202391755723454,-49.77525935691035
2026-04-14T11:48:12.629,4.003563165877054,4.005026579202806,4.003943443533387,4.0035238268091575,0.01797925144717244,2.226978673158797,3.1416120017535576,2.464652208367113,2.202391755723454,-49.77525935691035
2026-04-14T11:48:12.737,4.003563165877054,4.005026579202806,4.003943443533387,4.0035238268091575,0.01797925144717244,2.226978673158797,3.1416120017535576,2.464652208367113,2.202391755723454,-49.77525935691035
2026-04-14T11:48:12.848,4.002716064615016,4.005173445056286,4.003754616007484,4.003358602723992,0.02083721055287085,1.6975403843849657,3.233403160178838,2.3466350046774664,2.0991267024950133,-49.739534868089116
2026-04-14T11:48:12.955,4.002716064615016,4.005173445056286,4.003754616007484,4.003358602723992,0.02083721055287085,1.6975403843849657,3.233403160178838,2.3466350046774664,2.0991267024950133,-49.739534868089116
2026-04-14T11:48:13.064,4.002716064615016,4.005173445056286,4.003754616007484,4.003358602723992,0.02083721055287085,1.6975403843849657,3.233403160178838,2.3466350046774664,2.0991267024950133,-49.739534868089116
2026-04-14T11:48:13.173,4.003355980119466,4.005265236214712,4.003560543272528,4.003817558516118,0.027743115221169984,2.0974875746659905,3.2907726341951937,2.225339545329774,2.3859740725740153,-49.653211059735376
2026-04-14T11:48:13.282,4.003355980119466,4.005265236214712,4.003560543272528,4.003817558516118,0.027743115221169984,2.0974875746659905,3.2907726341951937,2.225339545329774,2.3859740725740153,-49.653211059735376
2026-04-14T11:48:13.391,4.003355980119466,4.005265236214712,4.003560543272528,4.003817558516118,0.027743115221169984,2.0974875746659905,3.2907726341951937,2.225339545329774,2.3859740725740153,-49.653211059735376
2026-04-14T11:48:13.501,4.003017664135555,4.005084276502387,4.004011631251075,4.003767729030116,0.01576358628683133,1.8860400847220404,3.1776728139920607,2.5072695319217075,2.354830643822581,-49.80295517141461
2026-04-14T11:48:13.610,4.003017664135555,4.005084276502387,4.004011631251075,4.003767729030116,0.01576358628683133,1.8860400847220404,3.1776728139920607,2.5072695319217075,2.354830643822581,-49.80295517141461
2026-04-14T11:48:13.718,4.003017664135555,4.005084276502387,4.004011631251075,4.003767729030116,0.01576358628683133,1.8860400847220404,3.1776728139920607,2.5072695319217075,2.354830643822581,-49.80295517141461
2026-04-14T11:48:13.827,4.003256321147461,4.005611420012201,4.003689050894323,4.003681183080744,0.003983218265781764,2.0352007171631215,3.5071375076256572,2.3056568089518947,2.300739425464826,-49.95020977167773
2026-04-14T11:48:13.935,4.003256321147461,4.005611420012201,4.003689050894323,4.003681183080744,0.003983218265781764,2.0352007171631215,3.5071375076256572,2.3056568089518947,2.300739425464826,-49.95020977167773
2026-04-14T11:48:14.045,4.003256321147461,4.005611420012201,4.003689050894323,4.003681183080744,0.003983218265781764,2.0352007171631215,3.5071375076256572,2.3056568089518947,2.300739425464826,-49.95020977167773
2026-04-14T11:48:14.154,4.003348112305886,4.005359649977663,4.003707409126008,4.003890991442859,0.015310495209098657,2.092570191178922,3.349781236039462,2.317130703755055,2.4318696517866556,-49.80861880988627
2026-04-14T11:48:14.263,4.003348112305886,4.005359649977663,4.003707409126008,4.003890991442859,0.015310495209098657,2.092570191178922,3.349781236039462,2.317130703755055,2.4318696517866556,-49.80861880988627
2026-04-14T11:48:14.386,4.003348112305886,4.005359649977663,4.003707409126008,4.003890991442859,0.015310495209098657,2.092570191178922,3.349781236039462,2.317130703755055,2.4318696517866556,-49.80861880988627
2026-04-14T11:48:14.496,4.00297045725408,4.005517006249249,4.003749370798431,4.003670692662638,0.004550826868655666,1.856535783800184,3.448128905780834,2.3433567490194207,2.2941829141487347,-49.9431146641418
2026-04-14T11:48:14.592,4.00297045725408,4.005517006249249,4.003749370798431,4.003670692662638,0.004550826868655666,1.856535783800184,3.448128905780834,2.3433567490194207,2.2941829141487347,-49.9431146641418
2026-04-14T11:48:14.715,4.00297045725408,4.005517006249249,4.003749370798431,4.003670692662638,0.004550826868655666,1.856535783800184,3.448128905780834,2.3433567490194207,2.2941829141487347,-49.9431146641418
2026-04-14T11:48:14.823,4.003531694622737,4.005233764960394,4.003597259735898,4.003678560476217,0.0035898754620358147,2.2073091392105226,3.271103100246364,2.2482873349360943,2.2991002976358033,-49.95512655672456
2026-04-14T11:48:14.931,4.003531694622737,4.005233764960394,4.003597259735898,4.003678560476217,0.0035898754620358147,2.2073091392105226,3.271103100246364,2.2482873349360943,2.2991002976358033,-49.95512655672456
2026-04-14T11:48:15.041,4.003531694622737,4.005233764960394,4.003597259735898,4.003678560476217,0.0035898754620358147,2.2073091392105226,3.271103100246364,2.2482873349360943,2.2991002976358033,-49.95512655672456
2026-04-14T11:48:15.150,4.003324508865148,4.005273104028291,4.003809690702539,4.003497600763893,0.006263610722941824,2.077818040717716,3.295690017681707,2.3810566890869467,2.1860004774332253,-49.92170486596323
2026-04-14T11:48:15.257,4.003324508865148,4.005273104028291,4.003809690702539,4.003497600763893,0.006263610722941824,2.077818040717716,3.295690017681707,2.3810566890869467,2.1860004774332253,-49.92170486596323
2026-04-14T11:48:15.365,4.003324508865148,4.005273104028291,4.003809690702539,4.003497600763893,0.006263610722941824,2.077818040717716,3.295690017681707,2.3810566890869467,2.1860004774332253,-49.92170486596323
2026-04-14T11:48:15.474,4.003694296103376,4.005349159559557,4.003539562436316,4.003780842052748,0.002016504247052018,2.3089350646099405,3.3432247247233704,2.2122265226975912,2.363026282967695,-49.97479369691185
2026-04-14T11:48:15.584,4.003694296103376,4.005349159559557,4.003539562436316,4.003780842052748,0.002016504247052018,2.3089350646099405,3.3432247247233704,2.2122265226975912,2.363026282967695,-49.97479369691185
2026-04-14T11:48:15.685,4.003694296103376,4.005349159559557,4.003539562436316,4.003780842052748,0.002016504247052018,2.3089350646099405,3.3432247247233704,2.2122265226975912,2.363026282967695,-49.97479369691185
2026-04-14T11:48:15.800,4.0033795835602035,4.00558257136241,4.003198623847879,4.003620863176636,-0.0026388821010804187,2.1122397251271963,3.4891071015064057,1.9991399049246183,2.2630394853973,-50.0329860262635
2026-04-14T11:48:15.904,4.0033795835602035,4.00558257136241,4.003198623847879,4.003620863176636,-0.0026388821010804187,2.1122397251271963,3.4891071015064057,1.9991399049246183,2.2630394853973,-50.0329860262635
2026-04-14T11:48:16.018,4.0033795835602035,4.00558257136241,4.003198623847879,4.003620863176636,-0.0026388821010804187,2.1122397251271963,3.4891071015064057,1.9991399049246183,2.2630394853973,-50.0329860262635
2026-04-14T11:48:16.128,4.0036497118264265,4.0056140426167275,4.003660202244532,4.003466129509576,0.0013642522560302541,2.2810698915165517,3.50877663545468,2.287626402832643,2.166330943484951,-49.98294684679962
2026-04-14T11:48:16.238,4.0036497118264265,4.0056140426167275,4.003660202244532,4.003466129509576,0.0013642522560302541,2.2810698915165517,3.50877663545468,2.287626402832643,2.166330943484951,-49.98294684679962
2026-04-14T11:48:16.346,4.0036497118264265,4.0056140426167275,4.003660202244532,4.003466129509576,0.0013642522560302541,2.2810698915165517,3.50877663545468,2.287626402832643,2.166330943484951,-49.98294684679962
2026-04-14T11:48:16.454,4.002860307863969,4.005695343357047,4.003392696582836,4.00375723861201,0.003888616831969447,1.7876924149806683,3.559589598154389,2.1204353642723106,2.3482741325064893,-49.951392289600385
2026-04-14T11:48:16.562,4.002860307863969,4.005695343357047,4.003392696582836,4.00375723861201,0.003888616831969447,1.7876924149806683,3.559589598154389,2.1204353642723106,2.3482741325064893,-49.951392289600385
2026-04-14T11:48:16.671,4.002860307863969,4.005695343357047,4.003392696582836,4.00375723861201,0.003888616831969447,1.7876924149806683,3.559589598154389,2.1204353642723106,2.3482741325064893,-49.951392289600385
2026-04-14T11:48:16.779,4.003059625807978,4.005330801327872,4.00376510642559,4.003723144753167,0.004197316247567534,1.9122661299864063,3.3317508299202103,2.353191515993558,2.326965470729192,-49.947533546905404
2026-04-14T11:48:16.890,4.003059625807978,4.005330801327872,4.00376510642559,4.003723144753167,0.004197316247567534,1.9122661299864063,3.3317508299202103,2.353191515993558,2.326965470729192,-49.947533546905404
2026-04-14T11:48:16.998,4.003059625807978,4.005330801327872,4.00376510642559,4.003723144753167,0.004197316247567534,1.9122661299864063,3.3317508299202103,2.353191515993558,2.326965470729192,-49.947533546905404
2026-04-14T11:48:17.107,4.003453016486944,4.005246877983026,4.003856897584015,4.003849029770436,-0.005327554430483109,2.1581353043398366,3.2792987393914785,2.4105609900093583,2.4056436065222897,-50.06659443038104
2026-04-14T11:48:17.217,4.003453016486944,4.005246877983026,4.003856897584015,4.003849029770436,-0.005327554430483109,2.1581353043398366,3.2792987393914785,2.4105609900093583,2.4056436065222897,-50.06659443038104
2026-04-14T11:48:17.325,4.003453016486944,4.005246877983026,4.003856897584015,4.003849029770436,-0.005327554430483109,2.1581353043398366,3.2792987393914785,2.4105609900093583,2.4056436065222897,-50.06659443038104
2026-04-14T11:48:17.435,4.003159284779983,4.0053386691414525,4.003914594883597,4.003395319187362,-0.018516985913052977,1.9745529874892753,3.336668213407834,2.4466218022478614,2.1220744921013335,-50.23146232391317
2026-04-14T11:48:17.556,4.003159284779983,4.0053386691414525,4.003914594883597,4.003395319187362,-0.018516985913052977,1.9745529874892753,3.336668213407834,2.4466218022478614,2.1220744921013335,-50.23146232391317
2026-04-14T11:48:17.664,4.003159284779983,4.0053386691414525,4.003914594883597,4.003395319187362,-0.018516985913052977,1.9745529874892753,3.336668213407834,2.4466218022478614,2.1220744921013335,-50.23146232391317
2026-04-14T11:48:17.776,4.003182888220721,4.005396366441033,4.003686428289797,4.004119158036659,-0.014653264195244665,1.9893051379504811,3.372729025645782,2.304017681122872,2.574473772911645,-50.183165802440556
2026-04-14T11:48:17.884,4.003182888220721,4.005396366441033,4.003686428289797,4.004119158036659,-0.014653264195244665,1.9893051379504811,3.372729025645782,2.304017681122872,2.574473772911645,-50.183165802440556
2026-04-14T11:48:17.993,4.003182888220721,4.005396366441033,4.003686428289797,4.004119158036659,-0.014653264195244665,1.9893051379504811,3.372729025645782,2.304017681122872,2.574473772911645,-50.183165802440556
2026-04-14T11:48:18.101,4.0035474302498955,4.005679607729888,4.0037100317305345,4.00394868874244,-0.00908671666881465,2.21714390618466,3.549754831180252,2.3187698315840777,2.4679304640251587,-50.11358395836019
2026-04-14T11:48:18.211,4.0035474302498955,4.005679607729888,4.0037100317305345,4.00394868874244,-0.00908671666881465,2.21714390618466,3.549754831180252,2.3187698315840777,2.4679304640251587,-50.11358395836019
2026-04-14T11:48:18.321,4.0035474302498955,4.005679607729888,4.0037100317305345,4.00394868874244,-0.00908671666881465,2.21714390618466,3.549754831180252,2.3187698315840777,2.4679304640251587,-50.11358395836019
2026-04-14T11:48:18.429,4.003589391922318,4.004856109908587,4.004113912827606,4.003489732950314,-0.011212759418175665,2.2433699514490257,3.035068692867071,2.5711955172535994,2.1810830939461567,-50.1401594927272
2026-04-14T11:48:18.539,4.003589391922318,4.004856109908587,4.004113912827606,4.003489732950314,-0.011212759418175665,2.2433699514490257,3.035068692867071,2.5711955172535994,2.1810830939461567,-50.1401594927272
2026-04-14T11:48:18.648,4.003589391922318,4.004856109908587,4.004113912827606,4.003489732950314,-0.011212759418175665,2.2433699514490257,3.035068692867071,2.5711955172535994,2.1810830939461567,-50.1401594927272
2026-04-14T11:48:18.757,4.002897024327339,4.005299330073555,4.003909349674544,4.003185510825247,-0.008414548586463975,1.8106402045869885,3.312081295971936,2.4433435465898157,1.990944265779504,-50.105181857330805
2026-04-14T11:48:18.865,4.002897024327339,4.005299330073555,4.003909349674544,4.003185510825247,-0.008414548586463975,1.8106402045869885,3.312081295971936,2.4433435465898157,1.990944265779504,-50.105181857330805
2026-04-14T11:48:18.973,4.002897024327339,4.005299330073555,4.003909349674544,4.003185510825247,-0.008414548586463975,1.8106402045869885,3.312081295971936,2.4433435465898157,1.990944265779504,-50.105181857330805
2026-04-14T11:48:19.096,4.003571033690633,4.00513410598839,4.003796577679907,4.003778219448222,-0.002160895909186607,2.2318960566458657,3.208816242743495,2.3728610499418323,2.3613871551386723,-50.027011198864834
2026-04-14T11:48:19.190,4.003571033690633,4.00513410598839,4.003796577679907,4.003778219448222,-0.002160895909186607,2.2318960566458657,3.208816242743495,2.3728610499418323,2.3613871551386723,-50.027011198864834
2026-04-14T11:48:19.298,4.003571033690633,4.00513410598839,4.003796577679907,4.003778219448222,-0.002160895909186607,2.2318960566458657,3.208816242743495,2.3728610499418323,2.3613871551386723,-50.027011198864834
2026-04-14T11:48:19.408,4.003502845972946,4.005002975762068,4.003560543272528,4.003741502984852,-0.0016331194889705233,2.189278733091271,3.1268598512923518,2.225339545329774,2.338439365532352,-50.02041399361213
2026-04-14T11:48:19.517,4.003502845972946,4.005002975762068,4.003560543272528,4.003741502984852,-0.0016331194889705233,2.189278733091271,3.1268598512923518,2.225339545329774,2.338439365532352,-50.02041399361213
2026-04-14T11:48:19.627,4.003502845972946,4.005002975762068,4.003560543272528,4.003741502984852,-0.0016331194889705233,2.189278733091271,3.1268598512923518,2.225339545329774,2.338439365532352,-50.02041399361213
2026-04-14T11:48:19.735,4.0031750204071415,4.00505280524807,4.003612995363056,4.003731012566746,-0.0037492041926670853,1.9843877544634125,3.1580032800437863,2.2581221019102315,2.3318828542162606,-50.04686505240834
2026-04-14T11:48:19.843,4.0031750204071415,4.00505280524807,4.003612995363056,4.003731012566746,-0.0037492041926670853,1.9843877544634125,3.1580032800437863,2.2581221019102315,2.3318828542162606,-50.04686505240834
2026-04-14T11:48:19.954,4.0031750204071415,4.00505280524807,4.003612995363056,4.003731012566746,-0.0037492041926670853,1.9843877544634125,3.1580032800437863,2.2581221019102315,2.3318828542162606,-50.04686505240834
2026-04-14T11:48:20.064,4.0031514169664035,4.005076408688808,4.004061460737077,4.003932953115282,-0.0038438056264794023,1.9696356040022067,3.172755430504992,2.538412960673142,2.4580956970510215,-50.048047570330986
2026-04-14T11:48:20.173,4.0031514169664035,4.005076408688808,4.004061460737077,4.003932953115282,-0.0038438056264794023,1.9696356040022067,3.172755430504992,2.538412960673142,2.4580956970510215,-50.048047570330986
2026-04-14T11:48:20.281,4.0031514169664035,4.005076408688808,4.004061460737077,4.003932953115282,-0.0038438056264794023,1.9696356040022067,3.172755430504992,2.538412960673142,2.4580956970510215,-50.048047570330986
2026-04-14T11:48:20.389,4.0034635069050495,4.005304575282608,4.004163742313608,4.003473997323155,-0.006218799517451779,2.164691815655928,3.3153595516299816,2.602338946005034,2.1712483269720195,-50.07773499396815
2026-04-14T11:48:20.499,4.0034635069050495,4.005304575282608,4.004163742313608,4.003473997323155,-0.006218799517451779,2.164691815655928,3.3153595516299816,2.602338946005034,2.1712483269720195,-50.07773499396815
2026-04-14T11:48:20.608,4.0034635069050495,4.005304575282608,4.004163742313608,4.003473997323155,-0.006218799517451779,2.164691815655928,3.3153595516299816,2.602338946005034,2.1712483269720195,-50.07773499396815
2026-04-14T11:48:20.717,4.003487110345787,4.005333423932399,4.004129648454764,4.003660202244532,-0.005347470521812018,2.179443966117134,3.333389957749233,2.5810302842277366,2.287626402832643,-50.06684338152265
2026-04-14T11:48:20.826,4.003487110345787,4.005333423932399,4.004129648454764,4.003660202244532,-0.005347470521812018,2.179443966117134,3.333389957749233,2.5810302842277366,2.287626402832643,-50.06684338152265
2026-04-14T11:48:20.936,4.003487110345787,4.005333423932399,4.004129648454764,4.003660202244532,-0.005347470521812018,2.179443966117134,3.333389957749233,2.5810302842277366,2.287626402832643,-50.06684338152265
2026-04-14T11:48:21.045,4.003332376678728,4.005328178723346,4.00391197227907,4.003508091181999,-0.006432897499237549,2.0827354242047846,3.3301117020911875,2.4449826744188385,2.192556988749317,-50.08041121874047
2026-04-14T11:48:21.154,4.003332376678728,4.005328178723346,4.00391197227907,4.003508091181999,-0.006432897499237549,2.0827354242047846,3.3301117020911875,2.4449826744188385,2.192556988749317,-50.08041121874047
2026-04-14T11:48:21.278,4.003332376678728,4.005328178723346,4.00391197227907,4.003508091181999,-0.006432897499237549,2.0827354242047846,3.3301117020911875,2.4449826744188385,2.192556988749317,-50.08041121874047
2026-04-14T11:48:21.388,4.003290415006305,4.005123615570284,4.004045725109918,4.003689050894323,-0.013264116825053273,2.0565093789404187,3.2022597314274037,2.528578193699005,2.3056568089518947,-50.16580146031316
2026-04-14T11:48:21.498,4.003290415006305,4.005123615570284,4.004045725109918,4.003689050894323,-0.013264116825053273,2.0565093789404187,3.2022597314274037,2.528578193699005,2.3056568089518947,-50.16580146031316
2026-04-14T11:48:21.620,4.003290415006305,4.005123615570284,4.004045725109918,4.003689050894323,-0.013264116825053273,2.0565093789404187,3.2022597314274037,2.528578193699005,2.3056568089518947,-50.16580146031316
2026-04-14T11:48:21.716,4.00330877323799,4.004850864699534,4.003770351634643,4.003830671538751,-0.012392787829413514,2.067983273743579,3.0317904372090254,2.3564697716516037,2.3941697117191296,-50.15490984786767
2026-04-14T11:48:21.838,4.00330877323799,4.004850864699534,4.003770351634643,4.003830671538751,-0.012392787829413514,2.067983273743579,3.0317904372090254,2.3564697716516037,2.3941697117191296,-50.15490984786767
2026-04-14T11:48:21.948,4.00330877323799,4.004850864699534,4.003770351634643,4.003830671538751,-0.012392787829413514,2.067983273743579,3.0317904372090254,2.3564697716516037,2.3941697117191296,-50.15490984786767
2026-04-14T11:48:22.059,4.00357365629516,4.005120992965757,4.003589391922318,4.003411054814521,-0.008987136212170104,2.2335351844748885,3.200620603598381,2.2433699514490257,2.1319092590754707,-50.11233920265212
2026-04-14T11:48:22.167,4.00357365629516,4.005120992965757,4.003589391922318,4.003411054814521,-0.008987136212170104,2.2335351844748885,3.200620603598381,2.2433699514490257,2.1319092590754707,-50.11233920265212
2026-04-14T11:48:22.262,4.00357365629516,4.005120992965757,4.003589391922318,4.003411054814521,-0.008987136212170104,2.2335351844748885,3.200620603598381,2.2433699514490257,2.1319092590754707,-50.11233920265212
2026-04-14T11:48:22.387,4.003041267576293,4.005475044576826,4.0034635069050495,4.003114700503033,-0.010436031856348222,1.9007922351832462,3.421902860516468,2.164691815655928,1.9466878143958866,-50.13045039820435
2026-04-14T11:48:22.495,4.003041267576293,4.005475044576826,4.0034635069050495,4.003114700503033,-0.010436031856348222,1.9007922351832462,3.421902860516468,2.164691815655928,1.9466878143958866,-50.13045039820435
2026-04-14T11:48:22.602,4.003041267576293,4.005475044576826,4.0034635069050495,4.003114700503033,-0.010436031856348222,1.9007922351832462,3.421902860516468,2.164691815655928,1.9466878143958866,-50.13045039820435
2026-04-14T11:48:22.713,4.003403187000941,4.005375385604822,4.003780842052748,4.003744125589378,-0.014812592925875936,2.126991875588402,3.359616003013599,2.363026282967695,2.340078493361375,-50.18515741157344
2026-04-14T11:48:22.822,4.003403187000941,4.005375385604822,4.003780842052748,4.003744125589378,-0.014812592925875936,2.126991875588402,3.359616003013599,2.363026282967695,2.340078493361375,-50.18515741157344
2026-04-14T11:48:22.930,4.003403187000941,4.005375385604822,4.003780842052748,4.003744125589378,-0.014812592925875936,2.126991875588402,3.359616003013599,2.363026282967695,2.340078493361375,-50.18515741157344
2026-04-14T11:48:23.039,4.003261566356514,4.00539112123198,4.00417685533624,4.003982782601284,-0.007976394577227982,2.038478972821167,3.3694507699877363,2.6105345851501482,2.489239125802456,-50.09970493221535
2026-04-14T11:48:23.149,4.003261566356514,4.00539112123198,4.00417685533624,4.003982782601284,-0.007976394577227982,2.038478972821167,3.3694507699877363,2.6105345851501482,2.489239125802456,-50.09970493221535
2026-04-14T11:48:23.260,4.003261566356514,4.00539112123198,4.00417685533624,4.003982782601284,-0.007976394577227982,2.038478972821167,3.3694507699877363,2.6105345851501482,2.489239125802456,-50.09970493221535
2026-04-14T11:48:23.369,4.003626108385689,4.005336046536925,4.003898859256438,4.003982782601284,-0.015444928825568789,2.266317741055901,3.335029085578256,2.436787035273724,2.489239125802456,-50.19306161031961
2026-04-14T11:48:23.478,4.003626108385689,4.005336046536925,4.003898859256438,4.003982782601284,-0.015444928825568789,2.266317741055901,3.335029085578256,2.436787035273724,2.489239125802456,-50.19306161031961
2026-04-14T11:48:23.587,4.003626108385689,4.005336046536925,4.003898859256438,4.003982782601284,-0.015444928825568789,2.266317741055901,3.335029085578256,2.436787035273724,2.489239125802456,-50.19306161031961
2026-04-14T11:48:23.697,4.003432035650733,4.005215406728709,4.003843784561383,4.003641844012847,-0.011929738706016383,2.1450222817082087,3.259629205443204,2.402365350864244,2.276152508029483,-50.14912173382521
2026-04-14T11:48:23.806,4.003432035650733,4.005215406728709,4.003843784561383,4.003641844012847,-0.011929738706016383,2.1450222817082087,3.259629205443204,2.402365350864244,2.276152508029483,-50.14912173382521
2026-04-14T11:48:23.915,4.003432035650733,4.005215406728709,4.003843784561383,4.003641844012847,-0.011929738706016383,2.1450222817082087,3.259629205443204,2.402365350864244,2.276152508029483,-50.14912173382521
2026-04-14T11:48:24.023,4.003885746233806,4.005802870142631,4.003731012566746,4.003429413046206,-0.0007020422193440359,2.42859139612861,3.6267938391443266,2.3318828542162606,2.1433831538786308,-50.0087755277418
2026-04-14T11:48:24.133,4.003885746233806,4.005802870142631,4.003731012566746,4.003429413046206,-0.0007020422193440359,2.42859139612861,3.6267938391443266,2.3318828542162606,2.1433831538786308,-50.0087755277418
2026-04-14T11:48:24.241,4.003885746233806,4.005802870142631,4.003731012566746,4.003429413046206,-0.0007020422193440359,2.42859139612861,3.6267938391443266,2.3318828542162606,2.1433831538786308,-50.0087755277418
2026-04-14T11:48:24.349,4.0035238268091575,4.005383253418401,4.004150629290976,4.003804445493486,-0.006955694896621406,2.202391755723454,3.3645333865006677,2.5941433068599196,2.377778433428901,-50.08694618620777
2026-04-14T11:48:24.459,4.0035238268091575,4.005383253418401,4.004150629290976,4.003804445493486,-0.006955694896621406,2.202391755723454,3.3645333865006677,2.5941433068599196,2.377778433428901,-50.08694618620777
2026-04-14T11:48:24.569,4.0035238268091575,4.005383253418401,4.004150629290976,4.003804445493486,-0.006955694896621406,2.202391755723454,3.3645333865006677,2.5941433068599196,2.377778433428901,-50.08694618620777
2026-04-14T11:48:24.678,4.003167152593562,4.005204916310604,4.0041847231498195,4.003589391922318,-0.010202017783233543,1.979470370976344,3.2530726941276678,2.615451968637217,2.2433699514490257,-50.127525222290416
2026-04-14T11:48:24.786,4.003167152593562,4.005204916310604,4.0041847231498195,4.003589391922318,-0.010202017783233543,1.979470370976344,3.2530726941276678,2.615451968637217,2.2433699514490257,-50.127525222290416
2026-04-14T11:48:24.895,4.003167152593562,4.005204916310604,4.0041847231498195,4.003589391922318,-0.010202017783233543,1.979470370976344,3.2530726941276678,2.615451968637217,2.2433699514490257,-50.127525222290416
2026-04-14T11:48:25.002,4.003311395842516,4.005225897146815,4.003859520188541,4.0037519934029575,-0.007289289426380628,2.0696224015726017,3.2661857167592956,2.412200117838381,2.3449958768484436,-50.091116117829756
2026-04-14T11:48:25.108,4.003311395842516,4.005225897146815,4.003859520188541,4.0037519934029575,-0.007289289426380628,2.0696224015726017,3.2661857167592956,2.412200117838381,2.3449958768484436,-50.091116117829756
2026-04-14T11:48:25.218,4.003311395842516,4.005225897146815,4.003859520188541,4.0037519934029575,-0.007289289426380628,2.0696224015726017,3.2661857167592956,2.412200117838381,2.3449958768484436,-50.091116117829756
2026-04-14T11:48:25.329,4.003612995363056,4.00517082245176,4.003759861216538,4.004171610127187,-0.009470101426896143,2.2581221019102315,3.2317640323498154,2.3499132603360673,2.6072563294921025,-50.118376267836204
2026-04-14T11:48:25.439,4.003612995363056,4.00517082245176,4.003759861216538,4.004171610127187,-0.009470101426896143,2.2581221019102315,3.2317640323498154,2.3499132603360673,2.6072563294921025,-50.118376267836204
2026-04-14T11:48:25.548,4.003612995363056,4.00517082245176,4.003759861216538,4.004171610127187,-0.009470101426896143,2.2581221019102315,3.2317640323498154,2.3499132603360673,2.6072563294921025,-50.118376267836204
2026-04-14T11:48:25.656,4.003497600763893,4.005587816571463,4.003830671538751,4.003494978159367,-0.015863166743475876,2.1860004774332253,3.4923853571644514,2.3941697117191296,2.1843613496042025,-50.19828958429344
2026-04-14T11:48:25.765,4.003497600763893,4.005587816571463,4.003830671538751,4.003494978159367,-0.015863166743475876,2.1860004774332253,3.4923853571644514,2.3941697117191296,2.1843613496042025,-50.19828958429344
2026-04-14T11:48:25.874,4.003497600763893,4.005587816571463,4.003830671538751,4.003494978159367,-0.015863166743475876,2.1860004774332253,3.4923853571644514,2.3941697117191296,2.1843613496042025,-50.19828958429344
2026-04-14T11:48:25.982,4.003628730990215,4.005372763000295,4.003780842052748,4.003555298063475,-0.0194729582968406,2.2679568688843688,3.357976875184576,2.363026282967695,2.2220612896717284,-50.243411978710505
2026-04-14T11:48:26.107,4.003628730990215,4.005372763000295,4.003780842052748,4.003555298063475,-0.0194729582968406,2.2679568688843688,3.357976875184576,2.363026282967695,2.2220612896717284,-50.243411978710505
2026-04-14T11:48:26.216,4.003628730990215,4.005372763000295,4.003780842052748,4.003555298063475,-0.0194729582968406,2.2679568688843688,3.357976875184576,2.363026282967695,2.2220612896717284,-50.243411978710505
2026-04-14T11:48:26.326,4.003324508865148,4.005351782164084,4.0038752558157,4.0038542749794885,-0.014966942633674978,2.077818040717716,3.3448638525523933,2.4220348848125184,2.4089218621803354,-50.18708678292094
2026-04-14T11:48:26.449,4.003324508865148,4.005351782164084,4.0038752558157,4.0038542749794885,-0.014966942633674978,2.077818040717716,3.3448638525523933,2.4220348848125184,2.4089218621803354,-50.18708678292094
2026-04-14T11:48:26.550,4.003324508865148,4.005351782164084,4.0038752558157,4.0038542749794885,-0.014966942633674978,2.077818040717716,3.3448638525523933,2.4220348848125184,2.4089218621803354,-50.18708678292094
2026-04-14T11:48:26.666,4.003164529989037,4.005068540875229,4.003825426329698,4.003578901504213,-0.021325154790429117,1.9778312431478762,3.1678380470179235,2.390891456061084,2.2368134401329343,-50.266564434880365
2026-04-14T11:48:26.766,4.003164529989037,4.005068540875229,4.003825426329698,4.003578901504213,-0.021325154790429117,1.9778312431478762,3.1678380470179235,2.390891456061084,2.2368134401329343,-50.266564434880365
2026-04-14T11:48:26.877,4.003164529989037,4.005068540875229,4.003825426329698,4.003578901504213,-0.021325154790429117,1.9778312431478762,3.1678380470179235,2.390891456061084,2.2368134401329343,-50.266564434880365
2026-04-14T11:48:26.988,4.0039985182284425,4.005076408688808,4.003696918707902,4.004061460737077,-0.017959335355843528,2.499073892776593,3.172755430504992,2.3105741924389633,2.538412960673142,-50.224491691948046
2026-04-14T11:48:27.101,4.0039985182284425,4.005076408688808,4.003696918707902,4.004061460737077,-0.017959335355843528,2.499073892776593,3.172755430504992,2.3105741924389633,2.538412960673142,-50.224491691948046
2026-04-14T11:48:27.209,4.0039985182284425,4.005076408688808,4.003696918707902,4.004061460737077,-0.017959335355843528,2.499073892776593,3.172755430504992,2.3105741924389633,2.538412960673142,-50.224491691948046
2026-04-14T11:48:27.319,4.003694296103376,4.0052835944463965,4.004266023890139,4.003571033690633,-0.03132801166037358,2.3089350646099405,3.3022465289977987,2.6662649313369258,2.2318960566458657,-50.391600145754666
2026-04-14T11:48:27.426,4.003694296103376,4.0052835944463965,4.004266023890139,4.003571033690633,-0.03132801166037358,2.3089350646099405,3.3022465289977987,2.6662649313369258,2.2318960566458657,-50.391600145754666
2026-04-14T11:48:27.530,4.003694296103376,4.0052835944463965,4.004266023890139,4.003571033690633,-0.03132801166037358,2.3089350646099405,3.3022465289977987,2.6662649313369258,2.2318960566458657,-50.391600145754666
2026-04-14T11:48:27.643,4.003681183080744,4.004662037173631,4.003906727070017,4.003828048934224,-0.03213461335919438,2.300739425464826,2.913773233519379,2.441704418760793,2.3925305838901068,-50.401682666989934
2026-04-14T11:48:27.750,4.003681183080744,4.004662037173631,4.003906727070017,4.003828048934224,-0.03213461335919438,2.300739425464826,2.913773233519379,2.441704418760793,2.3925305838901068,-50.401682666989934
2026-04-14T11:48:27.859,4.003681183080744,4.004662037173631,4.003906727070017,4.003828048934224,-0.03213461335919438,2.300739425464826,2.913773233519379,2.441704418760793,2.3925305838901068,-50.401682666989934
2026-04-14T11:48:27.967,4.00338220616473,4.005535364480934,4.004100799804974,4.003872633211174,-0.018427363502072885,2.113878852956219,3.459602800583994,2.562999878108485,2.4203957569834955,-50.23034204377591
2026-04-14T11:48:28.079,4.00338220616473,4.005535364480934,4.004100799804974,4.003872633211174,-0.018427363502072885,2.113878852956219,3.459602800583994,2.562999878108485,2.4203957569834955,-50.23034204377591
2026-04-14T11:48:28.189,4.00338220616473,4.005535364480934,4.004100799804974,4.003872633211174,-0.018427363502072885,2.113878852956219,3.459602800583994,2.562999878108485,2.4203957569834955,-50.23034204377591
2026-04-14T11:48:28.299,4.0039381983243345,4.005556345317146,4.0035238268091575,4.0034399034643116,-0.017376789684472944,2.4613739527090672,3.472715823216177,2.202391755723454,2.1499396651947222,-50.217209871055914
2026-04-14T11:48:28.408,4.0039381983243345,4.005556345317146,4.0035238268091575,4.0034399034643116,-0.017376789684472944,2.4613739527090672,3.472715823216177,2.202391755723454,2.1499396651947222,-50.217209871055914
2026-04-14T11:48:28.517,4.0039381983243345,4.005556345317146,4.0035238268091575,4.0034399034643116,-0.017376789684472944,2.4613739527090672,3.472715823216177,2.202391755723454,2.1499396651947222,-50.217209871055914
2026-04-14T11:48:28.626,4.003820181120646,4.005189180683445,4.004003763437495,4.0035474302498955,-0.017068090268874857,2.3876132004035933,3.2432379271529754,2.502352148434639,2.21714390618466,-50.21335112836094
2026-04-14T11:48:28.735,4.003820181120646,4.005189180683445,4.004003763437495,4.0035474302498955,-0.017068090268874857,2.3876132004035933,3.2432379271529754,2.502352148434639,2.21714390618466,-50.21335112836094
2026-04-14T11:48:28.842,4.003820181120646,4.005189180683445,4.004003763437495,4.0035474302498955,-0.017068090268874857,2.3876132004035933,3.2432379271529754,2.502352148434639,2.21714390618466,-50.21335112836094
2026-04-14T11:48:28.954,4.003450393882417,4.005357027373137,4.004189968358872,4.003429413046206,-0.009400395107244964,2.1564961765108137,3.348142108210439,2.6187302242952626,2.1433831538786308,-50.11750493884056
2026-04-14T11:48:29.061,4.003450393882417,4.005357027373137,4.004189968358872,4.003429413046206,-0.009400395107244964,2.1564961765108137,3.348142108210439,2.6187302242952626,2.1433831538786308,-50.11750493884056
2026-04-14T11:48:29.170,4.003450393882417,4.005357027373137,4.004189968358872,4.003429413046206,-0.009400395107244964,2.1564961765108137,3.348142108210439,2.6187302242952626,2.1433831538786308,-50.11750493884056
2026-04-14T11:48:29.280,4.00352907201821,4.005063295666176,4.003953933951494,4.003366470537571,-0.014568620807096802,2.2056700113814998,3.1645597913598777,2.4712087196837595,2.104044085982082,-50.18210776008871
2026-04-14T11:48:29.388,4.00352907201821,4.005063295666176,4.003953933951494,4.003366470537571,-0.014568620807096802,2.2056700113814998,3.1645597913598777,2.4712087196837595,2.104044085982082,-50.18210776008871
2026-04-14T11:48:29.512,4.00352907201821,4.005063295666176,4.003953933951494,4.003366470537571,-0.014568620807096802,2.2056700113814998,3.1645597913598777,2.4712087196837595,2.104044085982082,-50.18210776008871
2026-04-14T11:48:29.621,4.0035054685774725,4.005160332033654,4.003594637131371,4.003531694622737,-0.0070104641477759045,2.190917860920294,3.225207521033724,2.2466482071070715,2.2073091392105226,-50.0876308018472
2026-04-14T11:48:29.729,4.0035054685774725,4.005160332033654,4.003594637131371,4.003531694622737,-0.0070104641477759045,2.190917860920294,3.225207521033724,2.2466482071070715,2.2073091392105226,-50.0876308018472
2026-04-14T11:48:29.839,4.0035054685774725,4.005160332033654,4.003594637131371,4.003531694622737,-0.0070104641477759045,2.190917860920294,3.225207521033724,2.2466482071070715,2.2073091392105226,-50.0876308018472
2026-04-14T11:48:29.947,4.003230095102197,4.005307197887134,4.003796577679907,4.00369954131243,-0.007876814120583438,2.0188094388728928,3.3169986794590045,2.3728610499418323,2.3122133202685413,-50.098460176507295
2026-04-14T11:48:30.053,4.003230095102197,4.005307197887134,4.003796577679907,4.00369954131243,-0.007876814120583438,2.0188094388728928,3.3169986794590045,2.3728610499418323,2.3122133202685413,-50.098460176507295
2026-04-14T11:48:30.163,4.003230095102197,4.005307197887134,4.003796577679907,4.00369954131243,-0.007876814120583438,2.0188094388728928,3.3169986794590045,2.3728610499418323,2.3122133202685413,-50.098460176507295
2026-04-14T11:48:30.270,4.00353693983179,4.005537987085461,4.004195213567925,4.003754616007484,-0.005222994951006338,2.2105873948685684,3.461241928413017,2.6220084799533083,2.3466350046774664,-50.06528743688759
2026-04-14T11:48:30.380,4.00353693983179,4.005537987085461,4.004195213567925,4.003754616007484,-0.005222994951006338,2.2105873948685684,3.461241928413017,2.6220084799533083,2.3466350046774664,-50.06528743688759
2026-04-14T11:48:30.490,4.00353693983179,4.005537987085461,4.004195213567925,4.003754616007484,-0.005222994951006338,2.2105873948685684,3.461241928413017,2.6220084799533083,2.3466350046774664,-50.06528743688759
2026-04-14T11:48:30.600,4.00383853935233,4.00517082245176,4.004216194404137,4.003138303943771,-0.01115301114418894,2.3990870952061982,3.2317640323498154,2.6351215025854913,1.9614399648570924,-50.139412639302364
2026-04-14T11:48:30.709,4.00383853935233,4.00517082245176,4.004216194404137,4.003138303943771,-0.01115301114418894,2.3990870952061982,3.2317640323498154,2.6351215025854913,1.9614399648570924,-50.139412639302364
2026-04-14T11:48:30.817,4.00383853935233,4.00517082245176,4.004216194404137,4.003138303943771,-0.01115301114418894,2.3990870952061982,3.2317640323498154,2.6351215025854913,1.9614399648570924,-50.139412639302364
2026-04-14T11:48:30.926,4.003864765397594,4.005094766920493,4.004433870579831,4.003251075938408,-0.014653264195244665,2.415478373496427,3.184229325308152,2.7711691123943893,2.0319224615050757,-50.183165802440556
2026-04-14T11:48:31.036,4.003864765397594,4.005094766920493,4.004433870579831,4.003251075938408,-0.014653264195244665,2.415478373496427,3.184229325308152,2.7711691123943893,2.0319224615050757,-50.183165802440556
2026-04-14T11:48:31.147,4.003864765397594,4.005094766920493,4.004433870579831,4.003251075938408,-0.014653264195244665,2.415478373496427,3.184229325308152,2.7711691123943893,2.0319224615050757,-50.183165802440556
2026-04-14T11:48:31.255,4.003392696582836,4.0051393511974425,4.004098177200447,4.003017664135555,-0.008260198878664932,2.1204353642723106,3.212094498401541,2.561360750279462,1.8860400847220404,-50.103252485983305
2026-04-14T11:48:31.364,4.003392696582836,4.0051393511974425,4.004098177200447,4.003017664135555,-0.008260198878664932,2.1204353642723106,3.212094498401541,2.561360750279462,1.8860400847220404,-50.103252485983305
2026-04-14T11:48:31.472,4.003392696582836,4.0051393511974425,4.004098177200447,4.003017664135555,-0.008260198878664932,2.1204353642723106,3.212094498401541,2.561360750279462,1.8860400847220404,-50.103252485983305
2026-04-14T11:48:31.580,4.003468752114102,4.005191803287971,4.004328966398774,4.003274679379146,-0.019682077255794142,2.167970071313974,3.2448770549819983,2.7056039992334746,2.0466746119662815,-50.24602596569743
2026-04-14T11:48:31.688,4.003468752114102,4.005191803287971,4.004328966398774,4.003274679379146,-0.019682077255794142,2.167970071313974,3.2448770549819983,2.7056039992334746,2.0466746119662815,-50.24602596569743
2026-04-14T11:48:31.799,4.003468752114102,4.005191803287971,4.004328966398774,4.003274679379146,-0.019682077255794142,2.167970071313974,3.2448770549819983,2.7056039992334746,2.0466746119662815,-50.24602596569743
2026-04-14T11:48:31.906,4.003494978159367,4.005039692225438,4.003631353594741,4.003641844012847,-0.015056565044655067,2.1843613496042025,3.149807640898672,2.2695959967133916,2.276152508029483,-50.18820706305819
2026-04-14T11:48:32.013,4.003494978159367,4.005039692225438,4.003631353594741,4.003641844012847,-0.015056565044655067,2.1843613496042025,3.149807640898672,2.2695959967133916,2.276152508029483,-50.18820706305819
2026-04-14T11:48:32.122,4.003494978159367,4.005039692225438,4.003631353594741,4.003641844012847,-0.015056565044655067,2.1843613496042025,3.149807640898672,2.2695959967133916,2.276152508029483,-50.18820706305819
2026-04-14T11:48:32.246,4.003898859256438,4.005291462259976,4.004061460737077,4.003901481860964,-0.01060033960981172,2.436787035273724,3.3071639124848673,2.538412960673142,2.438426163102747,-50.13250424512265
2026-04-14T11:48:32.356,4.003898859256438,4.005291462259976,4.004061460737077,4.003901481860964,-0.01060033960981172,2.436787035273724,3.3071639124848673,2.538412960673142,2.438426163102747,-50.13250424512265
2026-04-14T11:48:32.450,4.003898859256438,4.005291462259976,4.004061460737077,4.003901481860964,-0.01060033960981172,2.436787035273724,3.3071639124848673,2.538412960673142,2.438426163102747,-50.13250424512265
2026-04-14T11:48:32.560,4.003675937871691,4.005118370361231,4.003990650414863,4.00353693983179,-0.013408508487187863,2.2974611698067804,3.198981475769358,2.4941565092895246,2.2105873948685684,-50.16760635608984
2026-04-14T11:48:32.683,4.003675937871691,4.005118370361231,4.003990650414863,4.00353693983179,-0.013408508487187863,2.2974611698067804,3.198981475769358,2.4941565092895246,2.2105873948685684,-50.16760635608984
2026-04-14T11:48:32.785,4.003675937871691,4.005118370361231,4.003990650414863,4.00353693983179,-0.013408508487187863,2.2974611698067804,3.198981475769358,2.4941565092895246,2.2105873948685684,-50.16760635608984
2026-04-14T11:48:32.899,4.00372052214864,4.004945278462486,4.004119158036659,4.0040640833416035,-0.019019867219107922,2.325326342900169,3.0907990390538487,2.574473772911645,2.540052088502165,-50.23774834023885
2026-04-14T11:48:32.999,4.00372052214864,4.004945278462486,4.004119158036659,4.0040640833416035,-0.019019867219107922,2.325326342900169,3.0907990390538487,2.574473772911645,2.540052088502165,-50.23774834023885
2026-04-14T11:48:33.116,4.00372052214864,4.004945278462486,4.004119158036659,4.0040640833416035,-0.019019867219107922,2.325326342900169,3.0907990390538487,2.574473772911645,2.540052088502165,-50.23774834023885
2026-04-14T11:48:33.226,4.004171610127187,4.005039692225438,4.003387451373783,4.003689050894323,-0.017122859520029357,2.6072563294921025,3.149807640898672,2.117157108614265,2.3056568089518947,-50.21403574400036
2026-04-14T11:48:33.334,4.004171610127187,4.005039692225438,4.003387451373783,4.003689050894323,-0.017122859520029357,2.6072563294921025,3.149807640898672,2.117157108614265,2.3056568089518947,-50.21403574400036
2026-04-14T11:48:33.446,4.004171610127187,4.005039692225438,4.003387451373783,4.003689050894323,-0.017122859520029357,2.6072563294921025,3.149807640898672,2.117157108614265,2.3056568089518947,-50.21403574400036
2026-04-14T11:48:33.553,4.002907514745445,4.005398989045561,4.0042922499354034,4.003636598803794,-0.013886494679081674,1.81719671590308,3.37436815347536,2.6826562096271545,2.2728742523714374,-50.17358118348852
2026-04-14T11:48:33.664,4.002907514745445,4.005398989045561,4.0042922499354034,4.003636598803794,-0.013886494679081674,1.81719671590308,3.37436815347536,2.6826562096271545,2.2728742523714374,-50.17358118348852
2026-04-14T11:48:33.767,4.002907514745445,4.005398989045561,4.0042922499354034,4.003636598803794,-0.013886494679081674,1.81719671590308,3.37436815347536,2.6826562096271545,2.2728742523714374,-50.17358118348852
2026-04-14T11:48:33.895,4.003476619927682,4.005220651937762,4.0044128897436195,4.003856897584015,-0.015390159574414291,2.1728874548010424,3.26290746110125,2.7580560897622064,2.4105609900093583,-50.192376994680174
2026-04-14T11:48:33.989,4.003476619927682,4.005220651937762,4.0044128897436195,4.003856897584015,-0.015390159574414291,2.1728874548010424,3.26290746110125,2.7580560897622064,2.4105609900093583,-50.192376994680174
2026-04-14T11:48:34.095,4.003476619927682,4.005220651937762,4.0044128897436195,4.003856897584015,-0.015390159574414291,2.1728874548010424,3.26290746110125,2.7580560897622064,2.4105609900093583,-50.192376994680174
2026-04-14T11:48:34.206,4.003738880380325,4.00516295463818,4.003723144753167,4.003334999283254,-0.0068461563943124065,2.3368002377033292,3.2268466488627467,2.326965470729192,2.0843745520338075,-50.085576954928904
2026-04-14T11:48:34.315,4.003738880380325,4.00516295463818,4.003723144753167,4.003334999283254,-0.0068461563943124065,2.3368002377033292,3.2268466488627467,2.326965470729192,2.0843745520338075,-50.085576954928904
2026-04-14T11:48:34.423,4.003738880380325,4.00516295463818,4.003723144753167,4.003334999283254,-0.0068461563943124065,2.3368002377033292,3.2268466488627467,2.326965470729192,2.0843745520338075,-50.085576954928904
2026-04-14T11:48:34.534,4.003736257775799,4.005149841615548,4.0041060450140264,4.003652334430953,-0.012696508222179373,2.3351611098743064,3.2186510097176324,2.566278133766531,2.2827090193455746,-50.15870635277724
2026-04-14T11:48:34.642,4.003736257775799,4.005149841615548,4.0041060450140264,4.003652334430953,-0.012696508222179373,2.3351611098743064,3.2186510097176324,2.566278133766531,2.2827090193455746,-50.15870635277724
2026-04-14T11:48:34.751,4.003736257775799,4.005149841615548,4.0041060450140264,4.003652334430953,-0.012696508222179373,2.3351611098743064,3.2186510097176324,2.566278133766531,2.2827090193455746,-50.15870635277724
2026-04-14T11:48:34.860,4.003807068098013,4.005267858819238,4.003880501024753,4.002868175677548,-0.009081737645982423,2.379417561257924,3.2924117620236615,2.425313140470564,1.792609798467737,-50.11352172057478
2026-04-14T11:48:34.969,4.003807068098013,4.005267858819238,4.003880501024753,4.002868175677548,-0.009081737645982423,2.379417561257924,3.2924117620236615,2.425313140470564,1.792609798467737,-50.11352172057478
2026-04-14T11:48:35.079,4.003807068098013,4.005267858819238,4.003880501024753,4.002868175677548,-0.009081737645982423,2.379417561257924,3.2924117620236615,2.425313140470564,1.792609798467737,-50.11352172057478
2026-04-14T11:48:35.188,4.002849817445863,4.00489807158101,4.004001140832969,4.003786087261801,-0.0068212612801512714,1.7811359036645769,3.061294738131437,2.500713020605616,2.366304538625741,-50.085265766001896
2026-04-14T11:48:35.297,4.002849817445863,4.00489807158101,4.004001140832969,4.003786087261801,-0.0068212612801512714,1.7811359036645769,3.061294738131437,2.500713020605616,2.366304538625741,-50.085265766001896
2026-04-14T11:48:35.406,4.002849817445863,4.00489807158101,4.004001140832969,4.003786087261801,-0.0068212612801512714,1.7811359036645769,3.061294738131437,2.500713020605616,2.366304538625741,-50.085265766001896
2026-04-14T11:48:35.514,4.003731012566746,4.00539112123198,4.004111290223079,4.00330877323799,-0.012890690112636233,2.3318828542162606,3.3694507699877363,2.5695563894245765,2.067983273743579,-50.16113362640795
2026-04-14T11:48:35.623,4.003731012566746,4.00539112123198,4.004111290223079,4.00330877323799,-0.012890690112636233,2.3318828542162606,3.3694507699877363,2.5695563894245765,2.067983273743579,-50.16113362640795
2026-04-14T11:48:35.732,4.003731012566746,4.00539112123198,4.004111290223079,4.00330877323799,-0.012890690112636233,2.3318828542162606,3.3694507699877363,2.5695563894245765,2.067983273743579,-50.16113362640795
2026-04-14T11:48:35.841,4.0027344228467,4.005202293706077,4.004108667618553,4.003106832689454,0.0016480565574672047,1.7090142791875707,3.2514335662980898,2.5679172615955537,1.941770430908818,-49.97939929303166
2026-04-14T11:48:35.951,4.0027344228467,4.005202293706077,4.004108667618553,4.003106832689454,0.0016480565574672047,1.7090142791875707,3.2514335662980898,2.5679172615955537,1.941770430908818,-49.97939929303166
2026-04-14T11:48:36.062,4.0027344228467,4.005202293706077,4.004108667618553,4.003106832689454,0.0016480565574672047,1.7090142791875707,3.2514335662980898,2.5679172615955537,1.941770430908818,-49.97939929303166
2026-04-14T11:48:36.170,4.003350734910413,4.005349159559557,4.003586769317792,4.003248453333882,0.006945736850956951,2.0942093190079447,3.3432247247233704,2.241730823620003,2.030283333676053,-49.91317828936304
2026-04-14T11:48:36.284,4.003350734910413,4.005349159559557,4.003586769317792,4.003248453333882,0.006945736850956951,2.0942093190079447,3.3432247247233704,2.241730823620003,2.030283333676053,-49.91317828936304
2026-04-14T11:48:36.388,4.003350734910413,4.005349159559557,4.003586769317792,4.003248453333882,0.006945736850956951,2.0942093190079447,3.3432247247233704,2.241730823620003,2.030283333676053,-49.91317828936304
2026-04-14T11:48:36.506,4.003555298063475,4.005039692225438,4.003927707906229,4.003560543272528,-0.0006970631965118087,2.2220612896717284,3.149807640898672,2.4548174413929758,2.225339545329774,-50.0087132899564
2026-04-14T11:48:36.611,4.003555298063475,4.005039692225438,4.003927707906229,4.003560543272528,-0.0006970631965118087,2.2220612896717284,3.149807640898672,2.4548174413929758,2.225339545329774,-50.0087132899564
2026-04-14T11:48:36.728,4.003555298063475,4.005039692225438,4.003927707906229,4.003560543272528,-0.0006970631965118087,2.2220612896717284,3.149807640898672,2.4548174413929758,2.225339545329774,-50.0087132899564
2026-04-14T11:48:36.835,4.003243208124829,4.005105257338599,4.003783464657275,4.003772974239169,-0.008912450869686698,2.027005078018007,3.1907858366242436,2.364665410796718,2.3581088994806265,-50.11140563587109
2026-04-14T11:48:36.944,4.003243208124829,4.005105257338599,4.003783464657275,4.003772974239169,-0.008912450869686698,2.027005078018007,3.1907858366242436,2.364665410796718,2.3581088994806265,-50.11140563587109
2026-04-14T11:48:37.054,4.003243208124829,4.005105257338599,4.003783464657275,4.003772974239169,-0.008912450869686698,2.027005078018007,3.1907858366242436,2.364665410796718,2.3581088994806265,-50.11140563587109
2026-04-14T11:48:37.165,4.003148794361877,4.005005598366594,4.00406670594613,4.003898859256438,-0.019926049374573273,1.9679964761731839,3.1284989791213746,2.5416912163311878,2.436787035273724,-50.24907561718217
2026-04-14T11:48:37.273,4.003148794361877,4.005005598366594,4.00406670594613,4.003898859256438,-0.019926049374573273,1.9679964761731839,3.1284989791213746,2.5416912163311878,2.436787035273724,-50.24907561718217
2026-04-14T11:48:37.382,4.003148794361877,4.005005598366594,4.00406670594613,4.003898859256438,-0.019926049374573273,1.9679964761731839,3.1284989791213746,2.5416912163311878,2.436787035273724,-50.24907561718217
2026-04-14T11:48:37.491,4.003494978159367,4.00497937232133,4.004342079421406,4.003841161956856,-0.01254215851438033,2.1843613496042025,3.112107700831146,2.713799638378589,2.400726223035221,-50.15677698142975
2026-04-14T11:48:37.601,4.003494978159367,4.00497937232133,4.004342079421406,4.003841161956856,-0.01254215851438033,2.1843613496042025,3.112107700831146,2.713799638378589,2.400726223035221,-50.15677698142975
2026-04-14T11:48:37.711,4.003494978159367,4.00497937232133,4.004342079421406,4.003841161956856,-0.01254215851438033,2.1843613496042025,3.112107700831146,2.713799638378589,2.400726223035221,-50.15677698142975
2026-04-14T11:48:37.819,4.003392696582836,4.005136728592916,4.004276514308245,4.003130436130192,-0.014235026277337578,2.1204353642723106,3.210455370572518,2.6728214426530172,1.9565225813700238,-50.177937828466725
2026-04-14T11:48:37.928,4.003392696582836,4.005136728592916,4.004276514308245,4.003130436130192,-0.014235026277337578,2.1204353642723106,3.210455370572518,2.6728214426530172,1.9565225813700238,-50.177937828466725
2026-04-14T11:48:38.038,4.003392696582836,4.005136728592916,4.004276514308245,4.003130436130192,-0.014235026277337578,2.1204353642723106,3.210455370572518,2.6728214426530172,1.9565225813700238,-50.177937828466725
2026-04-14T11:48:38.148,4.003696918707902,4.005257368401132,4.003859520188541,4.003557920668001,-0.008394632495135067,2.3105741924389633,3.28585525070757,2.412200117838381,2.2237004175007513,-50.10493290618919
2026-04-14T11:48:38.256,4.003696918707902,4.005257368401132,4.003859520188541,4.003557920668001,-0.008394632495135067,2.3105741924389633,3.28585525070757,2.412200117838381,2.2237004175007513,-50.10493290618919
2026-04-14T11:48:38.365,4.003696918707902,4.005257368401132,4.003859520188541,4.003557920668001,-0.008394632495135067,2.3105741924389633,3.28585525070757,2.412200117838381,2.2237004175007513,-50.10493290618919
2026-04-14T11:48:38.475,4.003387451373783,4.005433082904403,4.0045387747608885,4.003563165877054,-0.01590797794896592,2.117157108614265,3.395676815252102,2.836734225555304,2.226978673158797,-50.19884972436207
2026-04-14T11:48:38.583,4.003387451373783,4.005433082904403,4.0045387747608885,4.003563165877054,-0.01590797794896592,2.117157108614265,3.395676815252102,2.836734225555304,2.226978673158797,-50.19884972436207
2026-04-14T11:48:38.692,4.003387451373783,4.005433082904403,4.0045387747608885,4.003563165877054,-0.01590797794896592,2.117157108614265,3.395676815252102,2.836734225555304,2.226978673158797,-50.19884972436207
2026-04-14T11:48:38.801,4.003314018447043,4.005587816571463,4.00414800668645,4.003177643011668,-0.00776727561827444,2.0712615294016246,3.4923853571644514,2.592504179031452,1.9860268822924354,-50.09709094522843
2026-04-14T11:48:38.912,4.003314018447043,4.005587816571463,4.00414800668645,4.003177643011668,-0.00776727561827444,2.0712615294016246,3.4923853571644514,2.592504179031452,1.9860268822924354,-50.09709094522843
2026-04-14T11:48:39.021,4.003314018447043,4.005587816571463,4.00414800668645,4.003177643011668,-0.00776727561827444,2.0712615294016246,3.4923853571644514,2.592504179031452,1.9860268822924354,-50.09709094522843
2026-04-14T11:48:39.130,4.00368380568527,4.004900694185537,4.003715276939587,4.003940820928861,-0.01710294342870045,2.302378553293849,3.06293386596046,2.3220480872421234,2.46301308053809,-50.21378679285876
2026-04-14T11:48:39.240,4.00368380568527,4.004900694185537,4.003715276939587,4.003940820928861,-0.01710294342870045,2.302378553293849,3.06293386596046,2.3220480872421234,2.46301308053809,-50.21378679285876
2026-04-14T11:48:39.349,4.00368380568527,4.004900694185537,4.003715276939587,4.003940820928861,-0.01710294342870045,2.302378553293849,3.06293386596046,2.3220480872421234,2.46301308053809,-50.21378679285876
2026-04-14T11:48:39.457,4.003340244492307,4.005278349237344,4.004119158036659,4.003358602723992,-0.012278270304272287,2.0876528076918532,3.298968273339753,2.574473772911645,2.0991267024950133,-50.153478378803406
2026-04-14T11:48:39.567,4.003340244492307,4.005278349237344,4.004119158036659,4.003358602723992,-0.012278270304272287,2.0876528076918532,3.298968273339753,2.574473772911645,2.0991267024950133,-50.153478378803406
2026-04-14T11:48:39.676,4.003340244492307,4.005278349237344,4.004119158036659,4.003358602723992,-0.012278270304272287,2.0876528076918532,3.298968273339753,2.574473772911645,2.0991267024950133,-50.153478378803406
2026-04-14T11:48:39.786,4.003526449413684,4.005443573322509,4.004420757557199,4.003269434170093,-0.0233715331744745,2.204030883552477,3.4022333265681937,2.762973473249275,2.043396356308236,-50.29214416468093
2026-04-14T11:48:39.895,4.003526449413684,4.005443573322509,4.004420757557199,4.003269434170093,-0.0233715331744745,2.204030883552477,3.4022333265681937,2.762973473249275,2.043396356308236,-50.29214416468093
2026-04-14T11:48:40.004,4.003526449413684,4.005443573322509,4.004420757557199,4.003269434170093,-0.0233715331744745,2.204030883552477,3.4022333265681937,2.762973473249275,2.043396356308236,-50.29214416468093
2026-04-14T11:48:40.113,4.003321886260622,4.004989862739436,4.003670692662638,4.0034399034643116,-0.013712228879953723,2.076178912888693,3.1186642121472374,2.2941829141487347,2.1499396651947222,-50.17140286099943
2026-04-14T11:48:40.221,4.003321886260622,4.004989862739436,4.003670692662638,4.0034399034643116,-0.013712228879953723,2.076178912888693,3.1186642121472374,2.2941829141487347,2.1499396651947222,-50.17140286099943
2026-04-14T11:48:40.332,4.003321886260622,4.004989862739436,4.003670692662638,4.0034399034643116,-0.013712228879953723,2.076178912888693,3.1186642121472374,2.2941829141487347,2.1499396651947222,-50.17140286099943
2026-04-14T11:48:40.440,4.003046512785346,4.005178690265339,4.0037939550753805,4.003615617967583,-0.013702270834289267,1.904070490841292,3.236681415836884,2.3712219221128095,2.2597612297392544,-50.17127838542862
2026-04-14T11:48:40.549,4.003046512785346,4.005178690265339,4.0037939550753805,4.003615617967583,-0.013702270834289267,1.904070490841292,3.236681415836884,2.3712219221128095,2.2597612297392544,-50.17127838542862
2026-04-14T11:48:40.659,4.003046512785346,4.005178690265339,4.0037939550753805,4.003615617967583,-0.013702270834289267,1.904070490841292,3.236681415836884,2.3712219221128095,2.2597612297392544,-50.17127838542862
2026-04-14T11:48:40.767,4.003442526068838,4.0051577094291275,4.003930330510755,4.003717899544114,-0.012990270569280777,2.151578793023745,3.223568393204701,2.4564565692219986,2.3236872150711463,-50.16237838211601
2026-04-14T11:48:40.876,4.003442526068838,4.0051577094291275,4.003930330510755,4.003717899544114,-0.012990270569280777,2.151578793023745,3.223568393204701,2.4564565692219986,2.3236872150711463,-50.16237838211601
2026-04-14T11:48:40.984,4.003442526068838,4.0051577094291275,4.003930330510755,4.003717899544114,-0.012990270569280777,2.151578793023745,3.223568393204701,2.4564565692219986,2.3236872150711463,-50.16237838211601
2026-04-14T11:48:41.094,4.003542185040843,4.005430460299877,4.003904104465491,4.004134893663817,-0.022664511932298237,2.213865650526614,3.3940376874230793,2.44006529093177,2.5843085398857824,-50.28330639915373
2026-04-14T11:48:41.203,4.003542185040843,4.005430460299877,4.003904104465491,4.004134893663817,-0.022664511932298237,2.213865650526614,3.3940376874230793,2.44006529093177,2.5843085398857824,-50.28330639915373
2026-04-14T11:48:41.312,4.003542185040843,4.005430460299877,4.003904104465491,4.004134893663817,-0.022664511932298237,2.213865650526614,3.3940376874230793,2.44006529093177,2.5843085398857824,-50.28330639915373
2026-04-14T11:48:41.422,4.003893614047386,4.005165577242707,4.004182100545293,4.003390073978309,-0.018083810926649208,2.4335087796162336,3.2284857766917696,2.613812840808194,2.1187962364432877,-50.22604763658312
2026-04-14T11:48:41.530,4.003893614047386,4.005165577242707,4.004182100545293,4.003390073978309,-0.018083810926649208,2.4335087796162336,3.2284857766917696,2.613812840808194,2.1187962364432877,-50.22604763658312
2026-04-14T11:48:41.638,4.003893614047386,4.005165577242707,4.004182100545293,4.003390073978309,-0.018083810926649208,2.4335087796162336,3.2284857766917696,2.613812840808194,2.1187962364432877,-50.22604763658312
2026-04-14T11:48:41.748,4.003723144753167,4.005564213130725,4.00352907201821,4.00350022336842,-0.012696508222179373,2.326965470729192,3.4776332067032456,2.2056700113814998,2.187639605262248,-50.15870635277724
2026-04-14T11:48:41.871,4.003723144753167,4.005564213130725,4.00352907201821,4.00350022336842,-0.012696508222179373,2.326965470729192,3.4776332067032456,2.2056700113814998,2.187639605262248,-50.15870635277724
2026-04-14T11:48:41.981,4.003723144753167,4.005564213130725,4.00352907201821,4.00350022336842,-0.012696508222179373,2.326965470729192,3.4776332067032456,2.2056700113814998,2.187639605262248,-50.15870635277724
2026-04-14T11:48:42.076,4.003620863176636,4.004932165439854,4.00368380568527,4.003502845972946,-0.011869990432029657,2.2630394853973,3.0826033999087343,2.302378553293849,2.189278733091271,-50.14837488040037
2026-04-14T11:48:42.185,4.003620863176636,4.004932165439854,4.00368380568527,4.003502845972946,-0.011869990432029657,2.2630394853973,3.0826033999087343,2.302378553293849,2.189278733091271,-50.14837488040037
2026-04-14T11:48:42.296,4.003620863176636,4.004932165439854,4.00368380568527,4.003502845972946,-0.011869990432029657,2.2630394853973,3.0826033999087343,2.302378553293849,2.189278733091271,-50.14837488040037
2026-04-14T11:48:42.405,4.003736257775799,4.005577326153357,4.003851652374962,4.003371715746625,-0.0042421274530575785,2.3351611098743064,3.48582884584836,2.4072827343513126,2.1073223416406828,-50.05302659316322
2026-04-14T11:48:42.515,4.003736257775799,4.005577326153357,4.003851652374962,4.003371715746625,-0.0042421274530575785,2.3351611098743064,3.48582884584836,2.4072827343513126,2.1073223416406828,-50.05302659316322
2026-04-14T11:48:42.622,4.003736257775799,4.005577326153357,4.003851652374962,4.003371715746625,-0.0042421274530575785,2.3351611098743064,3.48582884584836,2.4072827343513126,2.1073223416406828,-50.05302659316322
2026-04-14T11:48:42.746,4.00352907201821,4.00543570550893,4.003943443533387,4.003681183080744,-0.010794521500268581,2.2056700113814998,3.397315943081125,2.464652208367113,2.300739425464826,-50.134931518753355
2026-04-14T11:48:42.841,4.00352907201821,4.00543570550893,4.003943443533387,4.003681183080744,-0.010794521500268581,2.2056700113814998,3.397315943081125,2.464652208367113,2.300739425464826,-50.134931518753355
2026-04-14T11:48:42.964,4.00352907201821,4.00543570550893,4.003943443533387,4.003681183080744,-0.010794521500268581,2.2056700113814998,3.397315943081125,2.464652208367113,2.300739425464826,-50.134931518753355
2026-04-14T11:48:43.060,4.003639221408321,4.005393743836507,4.0036916734988495,4.003450393882417,-0.015205935729621884,2.2745133802004602,3.371089897816759,2.3072959367809176,2.1564961765108137,-50.19007419662027
2026-04-14T11:48:43.169,4.003639221408321,4.005393743836507,4.0036916734988495,4.003450393882417,-0.015205935729621884,2.2745133802004602,3.371089897816759,2.3072959367809176,2.1564961765108137,-50.19007419662027
2026-04-14T11:48:43.293,4.003639221408321,4.005393743836507,4.0036916734988495,4.003450393882417,-0.015205935729621884,2.2745133802004602,3.371089897816759,2.3072959367809176,2.1564961765108137,-50.19007419662027
2026-04-14T11:48:43.402,4.003432035650733,4.005351782164084,4.003542185040843,4.00368380568527,4.979022832227205e-05,2.1450222817082087,3.3448638525523933,2.213865650526614,2.302378553293849,-49.99937762214597
2026-04-14T11:48:43.511,4.003432035650733,4.005351782164084,4.003542185040843,4.00368380568527,4.979022832227205e-05,2.1450222817082087,3.3448638525523933,2.213865650526614,2.302378553293849,-49.99937762214597
2026-04-14T11:48:43.620,4.003432035650733,4.005351782164084,4.003542185040843,4.00368380568527,4.979022832227205e-05,2.1450222817082087,3.3448638525523933,2.213865650526614,2.302378553293849,-49.99937762214597
2026-04-14T11:48:43.716,4.00269770638333,4.00573730502947,4.0041060450140264,4.004037857296339,-0.009823612047984275,1.6860664895812505,3.585815643418755,2.566278133766531,2.5236608102119362,-50.122795150599806
2026-04-14T11:48:43.825,4.00269770638333,4.00573730502947,4.0041060450140264,4.004037857296339,-0.009823612047984275,1.6860664895812505,3.585815643418755,2.566278133766531,2.5236608102119362,-50.122795150599806
2026-04-14T11:48:43.949,4.00269770638333,4.00573730502947,4.0041060450140264,4.004037857296339,-0.009823612047984275,1.6860664895812505,3.585815643418755,2.566278133766531,2.5236608102119362,-50.122795150599806
2026-04-14T11:48:44.058,4.0033612253285185,4.0054881575994585,4.003804445493486,4.002907514745445,-0.016047390588268283,2.100765830324036,3.4300984996615824,2.377778433428901,1.81719671590308,-50.20059238235335
2026-04-14T11:48:44.153,4.0033612253285185,4.0054881575994585,4.003804445493486,4.002907514745445,-0.016047390588268283,2.100765830324036,3.4300984996615824,2.377778433428901,1.81719671590308,-50.20059238235335
2026-04-14T11:48:44.278,4.0033612253285185,4.0054881575994585,4.003804445493486,4.002907514745445,-0.016047390588268283,2.100765830324036,3.4300984996615824,2.377778433428901,1.81719671590308,-50.20059238235335
2026-04-14T11:48:44.387,4.003471374718629,4.005357027373137,4.003904104465491,4.00357365629516,-0.02052353211444054,2.1696091991429967,3.348142108210439,2.44006529093177,2.2335351844748885,-50.256544151430504
2026-04-14T11:48:44.494,4.003471374718629,4.005357027373137,4.003904104465491,4.00357365629516,-0.02052353211444054,2.1696091991429967,3.348142108210439,2.44006529093177,2.2335351844748885,-50.256544151430504
2026-04-14T11:48:44.603,4.003471374718629,4.005357027373137,4.003904104465491,4.00357365629516,-0.02052353211444054,2.1696091991429967,3.348142108210439,2.44006529093177,2.2335351844748885,-50.256544151430504
2026-04-14T11:48:44.714,4.003712654335061,4.005110502547652,4.003557920668001,4.003946066137914,-0.018945181876624514,2.3204089594131005,3.1940640922822894,2.2237004175007513,2.466291336196136,-50.23681477345781
2026-04-14T11:48:44.823,4.003712654335061,4.005110502547652,4.003557920668001,4.003946066137914,-0.018945181876624514,2.3204089594131005,3.1940640922822894,2.2237004175007513,2.466291336196136,-50.23681477345781
2026-04-14T11:48:44.933,4.003712654335061,4.005110502547652,4.003557920668001,4.003946066137914,-0.018945181876624514,2.3204089594131005,3.1940640922822894,2.2237004175007513,2.466291336196136,-50.23681477345781
2026-04-14T11:48:45.041,4.003340244492307,4.004945278462486,4.003681183080744,4.003678560476217,-0.013961180021565083,2.0876528076918532,3.0907990390538487,2.300739425464826,2.2991002976358033,-50.17451475026956
2026-04-14T11:48:45.137,4.003340244492307,4.004945278462486,4.003681183080744,4.003678560476217,-0.013961180021565083,2.0876528076918532,3.0907990390538487,2.300739425464826,2.2991002976358033,-50.17451475026956
2026-04-14T11:48:45.262,4.003340244492307,4.004945278462486,4.003681183080744,4.003678560476217,-0.013961180021565083,2.0876528076918532,3.0907990390538487,2.300739425464826,2.2991002976358033,-50.17451475026956
2026-04-14T11:48:45.356,4.003395319187362,4.005480289785879,4.0036497118264265,4.003510713786525,-0.004665344393796891,2.1220744921013335,3.425181116174514,2.2810698915165517,2.1941961165783397,-50.05831680492246
2026-04-14T11:48:45.479,4.003395319187362,4.005480289785879,4.0036497118264265,4.003510713786525,-0.004665344393796891,2.1220744921013335,3.425181116174514,2.2810698915165517,2.1941961165783397,-50.05831680492246
2026-04-14T11:48:45.586,4.003395319187362,4.005480289785879,4.0036497118264265,4.003510713786525,-0.004665344393796891,2.1220744921013335,3.425181116174514,2.2810698915165517,2.1941961165783397,-50.05831680492246
2026-04-14T11:48:45.696,4.003098964875875,4.005443573322509,4.003416300023574,4.003355980119466,-0.011805263135210704,1.9368530474217494,3.4022333265681937,2.1351875147335164,2.0974875746659905,-50.14756578919013
2026-04-14T11:48:45.805,4.003098964875875,4.005443573322509,4.003416300023574,4.003355980119466,-0.011805263135210704,1.9368530474217494,3.4022333265681937,2.1351875147335164,2.0974875746659905,-50.14756578919013
2026-04-14T11:48:45.916,4.003098964875875,4.005443573322509,4.003416300023574,4.003355980119466,-0.011805263135210704,1.9368530474217494,3.4022333265681937,2.1351875147335164,2.0974875746659905,-50.14756578919013
2026-04-14T11:48:46.024,4.003678560476217,4.00531768830524,4.004056215528024,4.003961801765072,-0.001916923790407474,2.2991002976358033,3.323555190775096,2.5351347050150963,2.476126103170273,-50.02396154738009
2026-04-14T11:48:46.133,4.003678560476217,4.00531768830524,4.004056215528024,4.003961801765072,-0.001916923790407474,2.2991002976358033,3.323555190775096,2.5351347050150963,2.476126103170273,-50.02396154738009
2026-04-14T11:48:46.243,4.003678560476217,4.00531768830524,4.004056215528024,4.003961801765072,-0.001916923790407474,2.2991002976358033,3.323555190775096,2.5351347050150963,2.476126103170273,-50.02396154738009
2026-04-14T11:48:46.353,4.003400564396415,4.005081653897861,4.0037519934029575,4.003922462697176,-0.012029319162660927,2.125352747759379,3.176033686163038,2.3449958768484436,2.45153918573493,-50.15036648953326
2026-04-14T11:48:46.461,4.003400564396415,4.005081653897861,4.0037519934029575,4.003922462697176,-0.012029319162660927,2.125352747759379,3.176033686163038,2.3449958768484436,2.45153918573493,-50.15036648953326
2026-04-14T11:48:46.570,4.003400564396415,4.005081653897861,4.0037519934029575,4.003922462697176,-0.012029319162660927,2.125352747759379,3.176033686163038,2.3449958768484436,2.45153918573493,-50.15036648953326
2026-04-14T11:48:46.679,4.003324508865148,4.005624533034833,4.003788709866328,4.003799200284433,-0.016146971044912823,2.077818040717716,3.5153331467707716,2.3679436664547637,2.374500177770855,-50.201837138061414
2026-04-14T11:48:46.788,4.003324508865148,4.005624533034833,4.003788709866328,4.003799200284433,-0.016146971044912823,2.077818040717716,3.5153331467707716,2.3679436664547637,2.374500177770855,-50.201837138061414
2026-04-14T11:48:46.896,4.003324508865148,4.005624533034833,4.003788709866328,4.003799200284433,-0.016146971044912823,2.077818040717716,3.5153331467707716,2.3679436664547637,2.374500177770855,-50.201837138061414
2026-04-14T11:48:47.005,4.003408432209994,4.0054278376953505,4.003870010606647,4.003544807645369,-0.01526568400360861,2.130270131246448,3.3923985595940565,2.4187566291544726,2.215504778355637,-50.19082105004511
2026-04-14T11:48:47.113,4.003408432209994,4.0054278376953505,4.003870010606647,4.003544807645369,-0.01526568400360861,2.130270131246448,3.3923985595940565,2.4187566291544726,2.215504778355637,-50.19082105004511
2026-04-14T11:48:47.223,4.003408432209994,4.0054278376953505,4.003870010606647,4.003544807645369,-0.01526568400360861,2.130270131246448,3.3923985595940565,2.4187566291544726,2.215504778355637,-50.19082105004511
2026-04-14T11:48:47.332,4.003374338351151,4.0054278376953505,4.004048347714445,4.00352907201821,-0.019975839602895548,2.1089614694691505,3.3923985595940565,2.5302173215280277,2.2056700113814998,-50.24969799503619
2026-04-14T11:48:47.442,4.003374338351151,4.0054278376953505,4.004048347714445,4.00352907201821,-0.019975839602895548,2.1089614694691505,3.3923985595940565,2.5302173215280277,2.2056700113814998,-50.24969799503619
2026-04-14T11:48:47.552,4.003374338351151,4.0054278376953505,4.004048347714445,4.00352907201821,-0.019975839602895548,2.1089614694691505,3.3923985595940565,2.5302173215280277,2.2056700113814998,-50.24969799503619
2026-04-14T11:48:47.662,4.003707409126008,4.005372763000295,4.003814935911592,4.00361037275853,-0.014020928295551809,2.317130703755055,3.357976875184576,2.3843349447449924,2.2564829740812087,-50.1752616036944
2026-04-14T11:48:47.771,4.003707409126008,4.005372763000295,4.003814935911592,4.00361037275853,-0.014020928295551809,2.317130703755055,3.357976875184576,2.3843349447449924,2.2564829740812087,-50.1752616036944
2026-04-14T11:48:47.879,4.003707409126008,4.005372763000295,4.003814935911592,4.00361037275853,-0.014020928295551809,2.317130703755055,3.357976875184576,2.3843349447449924,2.2564829740812087,-50.1752616036944
2026-04-14T11:48:47.989,4.002967834649553,4.005309820491661,4.004009008646548,4.003311395842516,-0.020418972634963766,1.854896655970606,3.3186378072880274,2.5056304040926847,2.0696224015726017,-50.255237157937046
2026-04-14T11:48:48.098,4.002967834649553,4.005309820491661,4.004009008646548,4.003311395842516,-0.020418972634963766,1.854896655970606,3.3186378072880274,2.5056304040926847,2.0696224015726017,-50.255237157937046
2026-04-14T11:48:48.207,4.002967834649553,4.005309820491661,4.004009008646548,4.003311395842516,-0.020418972634963766,1.854896655970606,3.3186378072880274,2.5056304040926847,2.0696224015726017,-50.255237157937046
2026-04-14T11:48:48.315,4.003248453333882,4.004780054377321,4.004210949195084,4.003363847933045,-0.01569387996718015,2.030283333676053,2.987533985825408,2.6318432469274455,2.102404958153059,-50.19617349958975
2026-04-14T11:48:48.427,4.003248453333882,4.004780054377321,4.004210949195084,4.003363847933045,-0.01569387996718015,2.030283333676053,2.987533985825408,2.6318432469274455,2.102404958153059,-50.19617349958975
2026-04-14T11:48:48.533,4.003248453333882,4.004780054377321,4.004210949195084,4.003363847933045,-0.01569387996718015,2.030283333676053,2.987533985825408,2.6318432469274455,2.102404958153059,-50.19617349958975
2026-04-14T11:48:48.643,4.003327131469675,4.005291462259976,4.003925085301702,4.003788709866328,-0.010122353417917907,2.079457168546739,3.3071639124848673,2.453178313563953,2.3679436664547637,-50.12652941772397
2026-04-14T11:48:48.752,4.003327131469675,4.005291462259976,4.003925085301702,4.003788709866328,-0.010122353417917907,2.079457168546739,3.3071639124848673,2.453178313563953,2.3679436664547637,-50.12652941772397
2026-04-14T11:48:48.862,4.003327131469675,4.005291462259976,4.003925085301702,4.003788709866328,-0.010122353417917907,2.079457168546739,3.3071639124848673,2.453178313563953,2.3679436664547637,-50.12652941772397
2026-04-14T11:48:48.970,4.003306150633463,4.0054697993677735,4.003594637131371,4.003731012566746,-0.008957262075176742,2.066344145914556,3.4186246048584223,2.2466482071070715,2.3318828542162606,-50.1119657759397
2026-04-14T11:48:49.079,4.003306150633463,4.0054697993677735,4.003594637131371,4.003731012566746,-0.008957262075176742,2.066344145914556,3.4186246048584223,2.2466482071070715,2.3318828542162606,-50.1119657759397
2026-04-14T11:48:49.190,4.003306150633463,4.0054697993677735,4.003594637131371,4.003731012566746,-0.008957262075176742,2.066344145914556,3.4186246048584223,2.2466482071070715,2.3318828542162606,-50.1119657759397
2026-04-14T11:48:49.299,4.00322747249767,4.005194425892498,4.003901481860964,4.00391197227907,-0.015400117620078745,2.01717031104387,3.246516182811021,2.438426163102747,2.4449826744188385,-50.19250147025098
2026-04-14T11:48:49.407,4.00322747249767,4.005194425892498,4.003901481860964,4.00391197227907,-0.015400117620078745,2.01717031104387,3.246516182811021,2.438426163102747,2.4449826744188385,-50.19250147025098
2026-04-14T11:48:49.517,4.00322747249767,4.005194425892498,4.003901481860964,4.00391197227907,-0.015400117620078745,2.01717031104387,3.246516182811021,2.438426163102747,2.4449826744188385,-50.19250147025098
2026-04-14T11:48:49.627,4.002918005163551,4.005197048497024,4.003967046974125,4.003329754074201,-0.01305499786609973,1.8237532272191714,3.248155310640044,2.4794043588283188,2.0810962963757618,-50.163187473326246
2026-04-14T11:48:49.736,4.002918005163551,4.005197048497024,4.003967046974125,4.003329754074201,-0.01305499786609973,1.8237532272191714,3.248155310640044,2.4794043588283188,2.0810962963757618,-50.163187473326246
2026-04-14T11:48:49.844,4.002918005163551,4.005197048497024,4.003967046974125,4.003329754074201,-0.01305499786609973,1.8237532272191714,3.248155310640044,2.4794043588283188,2.0810962963757618,-50.163187473326246
2026-04-14T11:48:49.952,4.0030307771581874,4.005304575282608,4.003872633211174,4.003403187000941,-0.014971921656507205,1.8942357238671548,3.3153595516299816,2.4203957569834955,2.126991875588402,-50.18714902070634
2026-04-14T11:48:50.077,4.0030307771581874,4.005304575282608,4.003872633211174,4.003403187000941,-0.014971921656507205,1.8942357238671548,3.3153595516299816,2.4203957569834955,2.126991875588402,-50.18714902070634
2026-04-14T11:48:50.171,4.0030307771581874,4.005304575282608,4.003872633211174,4.003403187000941,-0.014971921656507205,1.8942357238671548,3.3153595516299816,2.4203957569834955,2.126991875588402,-50.18714902070634
2026-04-14T11:48:50.280,4.003780842052748,4.004984617530383,4.00368380568527,4.003466129509576,-0.01873606291767097,2.363026282967695,3.1153859564891917,2.302378553293849,2.166330943484951,-50.234200786470886
2026-04-14T11:48:50.388,4.003780842052748,4.004984617530383,4.00368380568527,4.003466129509576,-0.01873606291767097,2.363026282967695,3.1153859564891917,2.302378553293849,2.166330943484951,-50.234200786470886
2026-04-14T11:48:50.498,4.003780842052748,4.004984617530383,4.00368380568527,4.003466129509576,-0.01873606291767097,2.363026282967695,3.1153859564891917,2.302378553293849,2.166330943484951,-50.234200786470886
2026-04-14T11:48:50.607,4.00353693983179,4.005451441136088,4.00452303913373,4.003384828769256,-0.022554973429989238,2.2105873948685684,3.4071507100552623,2.826899458581167,2.115517980785242,-50.281937167874865
2026-04-14T11:48:50.717,4.00353693983179,4.005451441136088,4.00452303913373,4.003384828769256,-0.022554973429989238,2.2105873948685684,3.4071507100552623,2.826899458581167,2.115517980785242,-50.281937167874865
2026-04-14T11:48:50.825,4.00353693983179,4.005451441136088,4.00452303913373,4.003384828769256,-0.022554973429989238,2.2105873948685684,3.4071507100552623,2.826899458581167,2.115517980785242,-50.281937167874865
2026-04-14T11:48:50.950,4.003203869056932,4.005220651937762,4.003738880380325,4.0036916734988495,-0.01646064948334314,2.002418160582664,3.26290746110125,2.3368002377033292,2.3072959367809176,-50.20575811854179
2026-04-14T11:48:51.057,4.003203869056932,4.005220651937762,4.003738880380325,4.0036916734988495,-0.01646064948334314,2.002418160582664,3.26290746110125,2.3368002377033292,2.3072959367809176,-50.20575811854179
2026-04-14T11:48:51.166,4.003203869056932,4.005220651937762,4.003738880380325,4.0036916734988495,-0.01646064948334314,2.002418160582664,3.26290746110125,2.3368002377033292,2.3072959367809176,-50.20575811854179
2026-04-14T11:48:51.277,4.003201246452406,4.00528097184187,4.004116535432132,4.003925085301702,-0.015947810131623736,2.000779032753641,3.300607401168776,2.5728346450826223,2.453178313563953,-50.1993476266453
2026-04-14T11:48:51.383,4.003201246452406,4.00528097184187,4.004116535432132,4.003925085301702,-0.015947810131623736,2.000779032753641,3.300607401168776,2.5728346450826223,2.453178313563953,-50.1993476266453
2026-04-14T11:48:51.492,4.003201246452406,4.00528097184187,4.004116535432132,4.003925085301702,-0.015947810131623736,2.000779032753641,3.300607401168776,2.5728346450826223,2.453178313563953,-50.1993476266453
2026-04-14T11:48:51.601,4.003426790441679,4.004955768880592,4.003715276939587,4.003201246452406,-0.010719836157785172,2.141744026049608,3.09735555036994,2.3220480872421234,2.000779032753641,-50.13399795197232
2026-04-14T11:48:51.709,4.003426790441679,4.004955768880592,4.003715276939587,4.003201246452406,-0.010719836157785172,2.141744026049608,3.09735555036994,2.3220480872421234,2.000779032753641,-50.13399795197232
2026-04-14T11:48:51.817,4.003426790441679,4.004955768880592,4.003715276939587,4.003201246452406,-0.010719836157785172,2.141744026049608,3.09735555036994,2.3220480872421234,2.000779032753641,-50.13399795197232
2026-04-14T11:48:51.928,4.0032169820795644,4.005094766920493,4.003487110345787,4.0033612253285185,-0.02304789669037973,2.0106137997277784,3.184229325308152,2.179443966117134,2.100765830324036,-50.28809870862975
2026-04-14T11:48:52.038,4.0032169820795644,4.005094766920493,4.003487110345787,4.0033612253285185,-0.02304789669037973,2.0106137997277784,3.184229325308152,2.179443966117134,2.100765830324036,-50.28809870862975
2026-04-14T11:48:52.148,4.0032169820795644,4.005094766920493,4.003487110345787,4.0033612253285185,-0.02304789669037973,2.0106137997277784,3.184229325308152,2.179443966117134,2.100765830324036,-50.28809870862975
2026-04-14T11:48:52.256,4.003539562436316,4.004890203767431,4.003429413046206,4.003686428289797,-0.01599262133711378,2.2122265226975912,3.0563773546443684,2.1433831538786308,2.304017681122872,-50.19990776671393
2026-04-14T11:48:52.364,4.003539562436316,4.004890203767431,4.003429413046206,4.003686428289797,-0.01599262133711378,2.2122265226975912,3.0563773546443684,2.1433831538786308,2.304017681122872,-50.19990776671393
2026-04-14T11:48:52.472,4.003539562436316,4.004890203767431,4.003429413046206,4.003686428289797,-0.01599262133711378,2.2122265226975912,3.0563773546443684,2.1433831538786308,2.304017681122872,-50.19990776671393
2026-04-14T11:48:52.581,4.003788709866328,4.005044937434491,4.00369954131243,4.003589391922318,-0.020588259411259493,2.3679436664547637,3.1530858965567177,2.3122133202685413,2.2433699514490257,-50.25735324264075
2026-04-14T11:48:52.691,4.003788709866328,4.005044937434491,4.00369954131243,4.003589391922318,-0.020588259411259493,2.3679436664547637,3.1530858965567177,2.3122133202685413,2.2433699514490257,-50.25735324264075
2026-04-14T11:48:52.800,4.003788709866328,4.005044937434491,4.00369954131243,4.003589391922318,-0.020588259411259493,2.3679436664547637,3.1530858965567177,2.3122133202685413,2.2433699514490257,-50.25735324264075
2026-04-14T11:48:52.909,4.003972292183178,4.004664659778157,4.003849029770436,4.003694296103376,-0.015380201528749837,2.4826826144863645,2.9154123613484018,2.4056436065222897,2.3089350646099405,-50.192252519109374
2026-04-14T11:48:53.018,4.003972292183178,4.004664659778157,4.003849029770436,4.003694296103376,-0.015380201528749837,2.4826826144863645,2.9154123613484018,2.4056436065222897,2.3089350646099405,-50.192252519109374
2026-04-14T11:48:53.126,4.003972292183178,4.004664659778157,4.003849029770436,4.003694296103376,-0.015380201528749837,2.4826826144863645,2.9154123613484018,2.4056436065222897,2.3089350646099405,-50.192252519109374
2026-04-14T11:48:53.236,4.003615617967583,4.005147219011022,4.003468752114102,4.004003763437495,-0.007742380504113304,2.2597612297392544,3.2170118818886095,2.167970071313974,2.502352148434639,-50.096779756301416
2026-04-14T11:48:53.345,4.003615617967583,4.005147219011022,4.003468752114102,4.004003763437495,-0.007742380504113304,2.2597612297392544,3.2170118818886095,2.167970071313974,2.502352148434639,-50.096779756301416
2026-04-14T11:48:53.455,4.003615617967583,4.005147219011022,4.003468752114102,4.004003763437495,-0.007742380504113304,2.2597612297392544,3.2170118818886095,2.167970071313974,2.502352148434639,-50.096779756301416
2026-04-14T11:48:53.563,4.003473997323155,4.0052599910056585,4.003856897584015,4.003995895623916,-0.0027334835348927352,2.1712483269720195,3.287494378536593,2.4105609900093583,2.4974347649475703,-50.034168544186166
2026-04-14T11:48:53.672,4.003473997323155,4.0052599910056585,4.003856897584015,4.003995895623916,-0.0027334835348927352,2.1712483269720195,3.287494378536593,2.4105609900093583,2.4974347649475703,-50.034168544186166
2026-04-14T11:48:53.780,4.003473997323155,4.0052599910056585,4.003856897584015,4.003995895623916,-0.0027334835348927352,2.1712483269720195,3.287494378536593,2.4105609900093583,2.4974347649475703,-50.034168544186166
2026-04-14T11:48:53.888,4.003807068098013,4.0054697993677735,4.003914594883597,4.003471374718629,-0.008972199143673422,2.379417561257924,3.4186246048584223,2.4466218022478614,2.1696091991429967,-50.112152489295916
2026-04-14T11:48:54.012,4.003807068098013,4.0054697993677735,4.003914594883597,4.003471374718629,-0.008972199143673422,2.379417561257924,3.4186246048584223,2.4466218022478614,2.1696091991429967,-50.112152489295916
2026-04-14T11:48:54.123,4.003807068098013,4.0054697993677735,4.003914594883597,4.003471374718629,-0.008972199143673422,2.379417561257924,3.4186246048584223,2.4466218022478614,2.1696091991429967,-50.112152489295916
2026-04-14T11:48:54.232,4.003578901504213,4.005653381684625,4.003867388002121,4.003468752114102,-0.0006671890595184454,2.2368134401329343,3.5333635528905782,2.41711750132545,2.167970071313974,-50.008339863243975
2026-04-14T11:48:54.341,4.003578901504213,4.005653381684625,4.003867388002121,4.003468752114102,-0.0006671890595184454,2.2368134401329343,3.5333635528905782,2.41711750132545,2.167970071313974,-50.008339863243975
2026-04-14T11:48:54.451,4.003578901504213,4.005653381684625,4.003867388002121,4.003468752114102,-0.0006671890595184454,2.2368134401329343,3.5333635528905782,2.41711750132545,2.167970071313974,-50.008339863243975
2026-04-14T11:48:54.574,4.00368380568527,4.005291462259976,4.004014253855601,4.003675937871691,0.004013092402775128,2.302378553293849,3.3071639124848673,2.5089086597507304,2.2974611698067804,-49.94983634496531
2026-04-14T11:48:54.683,4.00368380568527,4.005291462259976,4.004014253855601,4.003675937871691,0.004013092402775128,2.302378553293849,3.3071639124848673,2.5089086597507304,2.2974611698067804,-49.94983634496531
2026-04-14T11:48:54.792,4.00368380568527,4.005291462259976,4.004014253855601,4.003675937871691,0.004013092402775128,2.302378553293849,3.3071639124848673,2.5089086597507304,2.2974611698067804,-49.94983634496531
2026-04-14T11:48:54.903,4.003492355554841,4.005349159559557,4.004360437653091,4.003552675458948,0.008389653472302841,2.1827222217757347,3.3432247247233704,2.725273533181749,2.2204221618427056,-49.895129331596216
2026-04-14T11:48:54.998,4.003492355554841,4.005349159559557,4.004360437653091,4.003552675458948,0.008389653472302841,2.1827222217757347,3.3432247247233704,2.725273533181749,2.2204221618427056,-49.895129331596216
2026-04-14T11:48:55.107,4.003492355554841,4.005349159559557,4.004360437653091,4.003552675458948,0.008389653472302841,2.1827222217757347,3.3432247247233704,2.725273533181749,2.2204221618427056,-49.895129331596216
2026-04-14T11:48:55.229,4.003083229248716,4.005577326153357,4.004460096625095,4.003565788481581,0.005432113909959881,1.9270182804476121,3.48582884584836,2.787560390684618,2.228617800988375,-49.9320985761255
2026-04-14T11:48:55.341,4.003083229248716,4.005577326153357,4.004460096625095,4.003565788481581,0.005432113909959881,1.9270182804476121,3.48582884584836,2.787560390684618,2.228617800988375,-49.9320985761255
2026-04-14T11:48:55.449,4.003083229248716,4.005577326153357,4.004460096625095,4.003565788481581,0.005432113909959881,1.9270182804476121,3.48582884584836,2.787560390684618,2.228617800988375,-49.9320985761255
2026-04-14T11:48:55.556,4.003628730990215,4.005341291745978,4.004643678941946,4.003636598803794,0.011123137007195576,2.2679568688843688,3.338307341236302,2.902299338716219,2.2728742523714374,-49.86096078741006
2026-04-14T11:48:55.665,4.003628730990215,4.005341291745978,4.004643678941946,4.003636598803794,0.011123137007195576,2.2679568688843688,3.338307341236302,2.902299338716219,2.2728742523714374,-49.86096078741006
2026-04-14T11:48:55.776,4.003628730990215,4.005341291745978,4.004643678941946,4.003636598803794,0.011123137007195576,2.2679568688843688,3.338307341236302,2.902299338716219,2.2728742523714374,-49.86096078741006
2026-04-14T11:48:55.872,4.003584146713266,4.004989862739436,4.003870010606647,4.004142761477397,0.00416744211057417,2.24009169579098,3.1186642121472374,2.4187566291544726,2.589225923372851,-49.947906973617826
2026-04-14T11:48:55.994,4.003584146713266,4.004989862739436,4.003870010606647,4.004142761477397,0.00416744211057417,2.24009169579098,3.1186642121472374,2.4187566291544726,2.589225923372851,-49.947906973617826
2026-04-14T11:48:56.105,4.003584146713266,4.004989862739436,4.003870010606647,4.004142761477397,0.00416744211057417,2.24009169579098,3.1186642121472374,2.4187566291544726,2.589225923372851,-49.947906973617826
2026-04-14T11:48:56.213,4.0038962366519115,4.0055117610401965,4.004006386042022,4.003626108385689,-0.0056262958004167415,2.4351479074447013,3.4448506501227882,2.503991276263662,2.266317741055901,-50.070328697505204
2026-04-14T11:48:56.322,4.0038962366519115,4.0055117610401965,4.004006386042022,4.003626108385689,-0.0056262958004167415,2.4351479074447013,3.4448506501227882,2.503991276263662,2.266317741055901,-50.070328697505204
2026-04-14T11:48:56.431,4.0038962366519115,4.0055117610401965,4.004006386042022,4.003626108385689,-0.0056262958004167415,2.4351479074447013,3.4448506501227882,2.503991276263662,2.266317741055901,-50.070328697505204
2026-04-14T11:48:56.539,4.003988027810337,4.005092144315967,4.0041034224095,4.00372052214864,0.007334100631870673,2.4925173814605017,3.1825901974791293,2.564639005937508,2.325326342900169,-49.908323742101615
2026-04-14T11:48:56.648,4.003988027810337,4.005092144315967,4.0041034224095,4.00372052214864,0.007334100631870673,2.4925173814605017,3.1825901974791293,2.564639005937508,2.325326342900169,-49.908323742101615
2026-04-14T11:48:56.758,4.003988027810337,4.005092144315967,4.0041034224095,4.00372052214864,0.007334100631870673,2.4925173814605017,3.1825901974791293,2.564639005937508,2.325326342900169,-49.908323742101615
2026-04-14T11:48:56.868,4.003702163916955,4.005178690265339,4.00369954131243,4.003744125589378,0.006761513006164544,2.313852448097009,3.236681415836884,2.3122133202685413,2.340078493361375,-49.91548108742294
2026-04-14T11:48:56.978,4.003702163916955,4.005178690265339,4.00369954131243,4.003744125589378,0.006761513006164544,2.313852448097009,3.236681415836884,2.3122133202685413,2.340078493361375,-49.91548108742294
2026-04-14T11:48:57.088,4.003702163916955,4.005178690265339,4.00369954131243,4.003744125589378,0.006761513006164544,2.313852448097009,3.236681415836884,2.3122133202685413,2.340078493361375,-49.91548108742294
2026-04-14T11:48:57.197,4.003424167837153,4.005005598366594,4.004203081381505,4.003890991442859,-0.008170576467684843,2.140104898220585,3.1284989791213746,2.626925863440377,2.4318696517866556,-50.10213220584606
2026-04-14T11:48:57.307,4.003424167837153,4.005005598366594,4.004203081381505,4.003890991442859,-0.008170576467684843,2.140104898220585,3.1284989791213746,2.626925863440377,2.4318696517866556,-50.10213220584606
2026-04-14T11:48:57.415,4.003424167837153,4.005005598366594,4.004203081381505,4.003890991442859,-0.008170576467684843,2.140104898220585,3.1284989791213746,2.626925863440377,2.4318696517866556,-50.10213220584606
2026-04-14T11:48:57.523,4.003450393882417,4.004858732513114,4.004281759517299,4.0036470892219,0.00824526181016825,2.1564961765108137,3.036707820696094,2.676099698311618,2.279430763687529,-49.896934227372896
2026-04-14T11:48:57.633,4.003450393882417,4.004858732513114,4.004281759517299,4.0036470892219,0.00824526181016825,2.1564961765108137,3.036707820696094,2.676099698311618,2.279430763687529,-49.896934227372896
2026-04-14T11:48:57.744,4.003450393882417,4.004858732513114,4.004281759517299,4.0036470892219,0.00824526181016825,2.1564961765108137,3.036707820696094,2.676099698311618,2.279430763687529,-49.896934227372896
2026-04-14T11:48:57.854,4.002642631688276,4.005141973801969,4.003494978159367,4.003914594883597,-0.0023202246398178776,1.6516448051723254,3.213733626230564,2.1843613496042025,2.4466218022478614,-50.02900280799773
2026-04-14T11:48:57.964,4.002642631688276,4.005141973801969,4.003494978159367,4.003914594883597,-0.0023202246398178776,1.6516448051723254,3.213733626230564,2.1843613496042025,2.4466218022478614,-50.02900280799773
2026-04-14T11:48:58.059,4.002642631688276,4.005141973801969,4.003494978159367,4.003914594883597,-0.0023202246398178776,1.6516448051723254,3.213733626230564,2.1843613496042025,2.4466218022478614,-50.02900280799773
2026-04-14T11:48:58.169,4.003321886260622,4.005236387564921,4.003696918707902,4.003602504944951,0.010057626121098954,2.076178912888693,3.272742228075387,2.3105741924389633,2.25156559059414,-49.874279673486264
2026-04-14T11:48:58.279,4.003321886260622,4.005236387564921,4.003696918707902,4.003602504944951,0.010057626121098954,2.076178912888693,3.272742228075387,2.3105741924389633,2.25156559059414,-49.874279673486264
2026-04-14T11:48:58.389,4.003321886260622,4.005236387564921,4.003696918707902,4.003602504944951,0.010057626121098954,2.076178912888693,3.272742228075387,2.3105741924389633,2.25156559059414,-49.874279673486264
2026-04-14T11:48:58.498,4.003780842052748,4.005194425892498,4.003369093142098,4.003626108385689,0.010182101691904635,2.363026282967695,3.246516182811021,2.105683213811105,2.266317741055901,-49.87272372885119
2026-04-14T11:48:58.608,4.003780842052748,4.005194425892498,4.003369093142098,4.003626108385689,0.010182101691904635,2.363026282967695,3.246516182811021,2.105683213811105,2.266317741055901,-49.87272372885119
2026-04-14T11:48:58.718,4.003780842052748,4.005194425892498,4.003369093142098,4.003626108385689,0.010182101691904635,2.363026282967695,3.246516182811021,2.105683213811105,2.266317741055901,-49.87272372885119
2026-04-14T11:48:58.829,4.00352907201821,4.005278349237344,4.004011631251075,4.003767729030116,0.009499975563889507,2.2056700113814998,3.298968273339753,2.5072695319217075,2.354830643822581,-49.88125030545138
2026-04-14T11:48:58.938,4.00352907201821,4.005278349237344,4.004011631251075,4.003767729030116,0.009499975563889507,2.2056700113814998,3.298968273339753,2.5072695319217075,2.354830643822581,-49.88125030545138
2026-04-14T11:48:59.047,4.00352907201821,4.005278349237344,4.004011631251075,4.003767729030116,0.009499975563889507,2.2056700113814998,3.298968273339753,2.5072695319217075,2.354830643822581,-49.88125030545138
2026-04-14T11:48:59.158,4.003508091181999,4.005191803287971,4.003521204204631,4.003961801765072,0.013059976888931958,2.192556988749317,3.2448770549819983,2.200752627894431,2.476126103170273,-49.83675028888835
2026-04-14T11:48:59.267,4.003508091181999,4.005191803287971,4.003521204204631,4.003961801765072,0.013059976888931958,2.192556988749317,3.2448770549819983,2.200752627894431,2.476126103170273,-49.83675028888835
2026-04-14T11:48:59.377,4.003508091181999,4.005191803287971,4.003521204204631,4.003961801765072,0.013059976888931958,2.192556988749317,3.2448770549819983,2.200752627894431,2.476126103170273,-49.83675028888835
2026-04-14T11:48:59.487,4.003376960955677,4.004987240134909,4.0041060450140264,4.0038778784202265,0.013423445555684544,2.1106005972981734,3.1170250843182146,2.566278133766531,2.4236740126415413,-49.83220693055394
2026-04-14T11:48:59.597,4.003376960955677,4.004987240134909,4.0041060450140264,4.0038778784202265,0.013423445555684544,2.1106005972981734,3.1170250843182146,2.566278133766531,2.4236740126415413,-49.83220693055394
2026-04-14T11:48:59.706,4.003376960955677,4.004987240134909,4.0041060450140264,4.0038778784202265,0.013423445555684544,2.1106005972981734,3.1170250843182146,2.566278133766531,2.4236740126415413,-49.83220693055394
2026-04-14T11:48:59.816,4.003266811565567,4.005183935474392,4.003400564396415,4.003584146713266,0.010002856869944454,2.041757228479213,3.2399596714949297,2.125352747759379,2.24009169579098,-49.87496428912569
2026-04-14T11:48:59.924,4.003266811565567,4.005183935474392,4.003400564396415,4.003584146713266,0.010002856869944454,2.041757228479213,3.2399596714949297,2.125352747759379,2.24009169579098,-49.87496428912569
2026-04-14T11:49:00.035,4.003266811565567,4.005183935474392,4.003400564396415,4.003584146713266,0.010002856869944454,2.041757228479213,3.2399596714949297,2.125352747759379,2.24009169579098,-49.87496428912569
2026-04-14T11:49:00.145,4.003458261695997,4.004955768880592,4.004279136912771,4.00369954131243,0.0050985193802006576,2.1614135599978823,3.09735555036994,2.67446057048204,2.3122133202685413,-49.93626850774749
2026-04-14T11:49:00.254,4.003458261695997,4.004955768880592,4.004279136912771,4.00369954131243,0.0050985193802006576,2.1614135599978823,3.09735555036994,2.67446057048204,2.3122133202685413,-49.93626850774749
2026-04-14T11:49:00.366,4.003458261695997,4.004955768880592,4.004279136912771,4.00369954131243,0.0050985193802006576,2.1614135599978823,3.09735555036994,2.67446057048204,2.3122133202685413,-49.93626850774749
2026-04-14T11:49:00.475,4.003358602723992,4.00528097184187,4.003445148673364,4.003628730990215,0.003823889535150494,2.0991267024950133,3.300607401168776,2.153217920852768,2.2679568688843688,-49.95220138081062
2026-04-14T11:49:00.587,4.003358602723992,4.00528097184187,4.003445148673364,4.003628730990215,0.003823889535150494,2.0991267024950133,3.300607401168776,2.153217920852768,2.2679568688843688,-49.95220138081062
2026-04-14T11:49:00.696,4.003358602723992,4.00528097184187,4.003445148673364,4.003628730990215,0.003823889535150494,2.0991267024950133,3.300607401168776,2.153217920852768,2.2679568688843688,-49.95220138081062
2026-04-14T11:49:00.804,4.004019499064654,4.004871845535746,4.003904104465491,4.003717899544114,0.006816282257319044,2.512186915408776,3.0449034598412084,2.44006529093177,2.3236872150711463,-49.91479647178351
2026-04-14T11:49:00.913,4.004019499064654,4.004871845535746,4.003904104465491,4.003717899544114,0.006816282257319044,2.512186915408776,3.0449034598412084,2.44006529093177,2.3236872150711463,-49.91479647178351
2026-04-14T11:49:01.021,4.004019499064654,4.004871845535746,4.003904104465491,4.003717899544114,0.006816282257319044,2.512186915408776,3.0449034598412084,2.44006529093177,2.3236872150711463,-49.91479647178351
2026-04-14T11:49:01.131,4.0032956602153575,4.005304575282608,4.003778219448222,4.003518581600105,0.005681065051571241,2.0597876345984645,3.3153595516299816,2.3613871551386723,2.1991135000654083,-49.92898668685536
2026-04-14T11:49:01.240,4.0032956602153575,4.005304575282608,4.003778219448222,4.003518581600105,0.005681065051571241,2.0597876345984645,3.3153595516299816,2.3613871551386723,2.1991135000654083,-49.92898668685536
2026-04-14T11:49:01.349,4.0032956602153575,4.005304575282608,4.003778219448222,4.003518581600105,0.005681065051571241,2.0597876345984645,3.3153595516299816,2.3613871551386723,2.1991135000654083,-49.92898668685536
2026-04-14T11:49:01.459,4.003741502984852,4.005092144315967,4.004006386042022,4.003321886260622,0.01590797794896592,2.338439365532352,3.1825901974791293,2.503991276263662,2.076178912888693,-49.80115027563793
2026-04-14T11:49:01.568,4.003741502984852,4.005092144315967,4.004006386042022,4.003321886260622,0.01590797794896592,2.338439365532352,3.1825901974791293,2.503991276263662,2.076178912888693,-49.80115027563793
2026-04-14T11:49:01.676,4.003741502984852,4.005092144315967,4.004006386042022,4.003321886260622,0.01590797794896592,2.338439365532352,3.1825901974791293,2.503991276263662,2.076178912888693,-49.80115027563793
2026-04-14T11:49:01.786,4.003778219448222,4.005081653897861,4.003843784561383,4.003363847933045,0.015161124524131838,2.3613871551386723,3.176033686163038,2.402365350864244,2.102404958153059,-49.81048594344835
2026-04-14T11:49:01.895,4.003778219448222,4.005081653897861,4.003843784561383,4.003363847933045,0.015161124524131838,2.3613871551386723,3.176033686163038,2.402365350864244,2.102404958153059,-49.81048594344835
2026-04-14T11:49:02.005,4.003778219448222,4.005081653897861,4.003843784561383,4.003363847933045,0.015161124524131838,2.3613871551386723,3.176033686163038,2.402365350864244,2.102404958153059,-49.81048594344835
2026-04-14T11:49:02.114,4.003403187000941,4.005409479463665,4.003453016486944,4.003964424369599,0.010162185600575725,2.126991875588402,3.3809246647908964,2.1581353043398366,2.477765230999296,-49.872972679992806
2026-04-14T11:49:02.223,4.003403187000941,4.005409479463665,4.003453016486944,4.003964424369599,0.010162185600575725,2.126991875588402,3.3809246647908964,2.1581353043398366,2.477765230999296,-49.872972679992806
2026-04-14T11:49:02.332,4.003403187000941,4.005409479463665,4.003453016486944,4.003964424369599,0.010162185600575725,2.126991875588402,3.3809246647908964,2.1581353043398366,2.477765230999296,-49.872972679992806
2026-04-14T11:49:02.440,4.003432035650733,4.005186558078918,4.003746748193905,4.003977537392231,0.007045317307601495,2.1450222817082087,3.2415987993239526,2.341717621190398,2.4859608701444103,-49.91193353365498
2026-04-14T11:49:02.550,4.003432035650733,4.005186558078918,4.003746748193905,4.003977537392231,0.007045317307601495,2.1450222817082087,3.2415987993239526,2.341717621190398,2.4859608701444103,-49.91193353365498
2026-04-14T11:49:02.658,4.003432035650733,4.005186558078918,4.003746748193905,4.003977537392231,0.007045317307601495,2.1450222817082087,3.2415987993239526,2.341717621190398,2.4859608701444103,-49.91193353365498
2026-04-14T11:49:02.767,4.003550052854422,4.005359649977663,4.003856897584015,4.003744125589378,0.022774050434607233,2.2187830340136827,3.349781236039462,2.4105609900093583,2.340078493361375,-49.71532436956741
2026-04-14T11:49:02.875,4.003550052854422,4.005359649977663,4.003856897584015,4.003744125589378,0.022774050434607233,2.2187830340136827,3.349781236039462,2.4105609900093583,2.340078493361375,-49.71532436956741
2026-04-14T11:49:02.985,4.003550052854422,4.005359649977663,4.003856897584015,4.003744125589378,0.022774050434607233,2.2187830340136827,3.349781236039462,2.4105609900093583,2.340078493361375,-49.71532436956741
2026-04-14T11:49:03.095,4.0036470892219,4.005598306989569,4.0037939550753805,4.00372838996222,0.01567396387585124,2.279430763687529,3.498941868480543,2.3712219221128095,2.3302437263872378,-49.80407545155186
2026-04-14T11:49:03.205,4.0036470892219,4.005598306989569,4.0037939550753805,4.00372838996222,0.01567396387585124,2.279430763687529,3.498941868480543,2.3712219221128095,2.3302437263872378,-49.80407545155186
2026-04-14T11:49:03.314,4.0036470892219,4.005598306989569,4.0037939550753805,4.00372838996222,0.01567396387585124,2.279430763687529,3.498941868480543,2.3712219221128095,2.3302437263872378,-49.80407545155186
2026-04-14T11:49:03.422,4.003592014526845,4.005454063740615,4.0042214396131905,4.003468752114102,0.02313751910135982,2.2450090792780486,3.408789837884285,2.638399758244092,2.167970071313974,-49.710781011233
2026-04-14T11:49:03.533,4.003592014526845,4.005454063740615,4.0042214396131905,4.003468752114102,0.02313751910135982,2.2450090792780486,3.408789837884285,2.638399758244092,2.167970071313974,-49.710781011233
2026-04-14T11:49:03.641,4.003592014526845,4.005454063740615,4.0042214396131905,4.003468752114102,0.02313751910135982,2.2450090792780486,3.408789837884285,2.638399758244092,2.167970071313974,-49.710781011233
2026-04-14T11:49:03.749,4.0033192636560955,4.0050160887847,4.0039801599967575,4.003820181120646,0.024880177092639344,2.0745397850596703,3.135055490437466,2.487599997973433,2.3876132004035933,-49.68899778634201
2026-04-14T11:49:03.858,4.0033192636560955,4.0050160887847,4.0039801599967575,4.003820181120646,0.024880177092639344,2.0745397850596703,3.135055490437466,2.487599997973433,2.3876132004035933,-49.68899778634201
2026-04-14T11:49:03.967,4.0033192636560955,4.0050160887847,4.0039801599967575,4.003820181120646,0.024880177092639344,2.0745397850596703,3.135055490437466,2.487599997973433,2.3876132004035933,-49.68899778634201
2026-04-14T11:49:04.077,4.003311395842516,4.004945278462486,4.003906727070017,4.003437280859785,0.02989405308469214,2.0696224015726017,3.0907990390538487,2.441704418760793,2.1483005373656994,-49.62632433644135
2026-04-14T11:49:04.185,4.003311395842516,4.004945278462486,4.003906727070017,4.003437280859785,0.02989405308469214,2.0696224015726017,3.0907990390538487,2.441704418760793,2.1483005373656994,-49.62632433644135
2026-04-14T11:49:04.306,4.003311395842516,4.004945278462486,4.003906727070017,4.003437280859785,0.02989405308469214,2.0696224015726017,3.0907990390538487,2.441704418760793,2.1483005373656994,-49.62632433644135
2026-04-14T11:49:04.418,4.003508091181999,4.005425215090824,4.003770351634643,4.003510713786525,0.019786636735270913,2.192556988749317,3.3907594317650336,2.3564697716516037,2.1941961165783397,-49.752667040809115
2026-04-14T11:49:04.514,4.003508091181999,4.005425215090824,4.003770351634643,4.003510713786525,0.019786636735270913,2.192556988749317,3.3907594317650336,2.3564697716516037,2.1941961165783397,-49.752667040809115
2026-04-14T11:49:04.625,4.003508091181999,4.005425215090824,4.003770351634643,4.003510713786525,0.019786636735270913,2.192556988749317,3.3907594317650336,2.3564697716516037,2.1941961165783397,-49.752667040809115
2026-04-14T11:49:04.736,4.0033795835602035,4.005039692225438,4.003167152593562,4.003746748193905,0.025004652663445023,2.1122397251271963,3.149807640898672,1.979470370976344,2.341717621190398,-49.687441841706935
2026-04-14T11:49:04.842,4.0033795835602035,4.005039692225438,4.003167152593562,4.003746748193905,0.025004652663445023,2.1122397251271963,3.149807640898672,1.979470370976344,2.341717621190398,-49.687441841706935
2026-04-14T11:49:04.965,4.0033795835602035,4.005039692225438,4.003167152593562,4.003746748193905,0.025004652663445023,2.1122397251271963,3.149807640898672,1.979470370976344,2.341717621190398,-49.687441841706935
2026-04-14T11:49:05.069,4.003932953115282,4.004974127112277,4.003849029770436,4.003694296103376,0.032926277989518506,2.4580956970510215,3.1088294451731002,2.4056436065222897,2.3089350646099405,-49.58842152513102
2026-04-14T11:49:05.181,4.003932953115282,4.004974127112277,4.003849029770436,4.003694296103376,0.032926277989518506,2.4580956970510215,3.1088294451731002,2.4056436065222897,2.3089350646099405,-49.58842152513102
2026-04-14T11:49:05.290,4.003932953115282,4.004974127112277,4.003849029770436,4.003694296103376,0.032926277989518506,2.4580956970510215,3.1088294451731002,2.4056436065222897,2.3089350646099405,-49.58842152513102
2026-04-14T11:49:05.400,4.0031750204071415,4.005155086824601,4.003416300023574,4.003689050894323,0.03892600050235229,1.9843877544634125,3.221929265375678,2.1351875147335164,2.3056568089518947,-49.5134249937206
2026-04-14T11:49:05.508,4.0031750204071415,4.005155086824601,4.003416300023574,4.003689050894323,0.03892600050235229,1.9843877544634125,3.221929265375678,2.1351875147335164,2.3056568089518947,-49.5134249937206
2026-04-14T11:49:05.617,4.0031750204071415,4.005155086824601,4.003416300023574,4.003689050894323,0.03892600050235229,1.9843877544634125,3.221929265375678,2.1351875147335164,2.3056568089518947,-49.5134249937206
2026-04-14T11:49:05.726,4.003426790441679,4.005155086824601,4.003904104465491,4.003799200284433,0.03589377559752592,2.141744026049608,3.221929265375678,2.44006529093177,2.374500177770855,-49.55132780503092
2026-04-14T11:49:05.833,4.003426790441679,4.005155086824601,4.003904104465491,4.003799200284433,0.03589377559752592,2.141744026049608,3.221929265375678,2.44006529093177,2.374500177770855,-49.55132780503092
2026-04-14T11:49:05.943,4.003426790441679,4.005155086824601,4.003904104465491,4.003799200284433,0.03589377559752592,2.141744026049608,3.221929265375678,2.44006529093177,2.374500177770855,-49.55132780503092
2026-04-14T11:49:06.052,4.00334548970136,4.005341291745978,4.003594637131371,4.003502845972946,0.03598837703133824,2.090931063349899,3.338307341236302,2.2466482071070715,2.189278733091271,-49.55014528710827
2026-04-14T11:49:06.163,4.00334548970136,4.005341291745978,4.003594637131371,4.003502845972946,0.03598837703133824,2.090931063349899,3.338307341236302,2.2466482071070715,2.189278733091271,-49.55014528710827
2026-04-14T11:49:06.269,4.00334548970136,4.005341291745978,4.003594637131371,4.003502845972946,0.03598837703133824,2.090931063349899,3.338307341236302,2.2466482071070715,2.189278733091271,-49.55014528710827
2026-04-14T11:49:06.374,4.003298282819885,4.005448818531562,4.00357365629516,4.003856897584015,0.02976459849105423,2.0614267624280425,3.4055115822262394,2.2335351844748885,2.4105609900093583,-49.62794251886182
2026-04-14T11:49:06.484,4.003298282819885,4.005448818531562,4.00357365629516,4.003856897584015,0.02976459849105423,2.0614267624280425,3.4055115822262394,2.2335351844748885,2.4105609900093583,-49.62794251886182
2026-04-14T11:49:06.601,4.003298282819885,4.005448818531562,4.00357365629516,4.003856897584015,0.02976459849105423,2.0614267624280425,3.4055115822262394,2.2335351844748885,2.4105609900093583,-49.62794251886182
2026-04-14T11:49:06.712,4.003484487741261,4.004735470100371,4.003825426329698,4.003432035650733,0.01024184996589136,2.177804838288111,2.959668812732019,2.390891456061084,2.1450222817082087,-49.87197687542636
2026-04-14T11:49:06.820,4.003484487741261,4.004735470100371,4.003825426329698,4.003432035650733,0.01024184996589136,2.177804838288111,2.959668812732019,2.390891456061084,2.1450222817082087,-49.87197687542636
2026-04-14T11:49:06.930,4.003484487741261,4.004735470100371,4.003825426329698,4.003432035650733,0.01024184996589136,2.177804838288111,2.959668812732019,2.390891456061084,2.1450222817082087,-49.87197687542636
2026-04-14T11:49:07.039,4.003846407165909,4.0045571329925735,4.004260778681086,4.003623485781162,0.018820706305818835,2.404004478693267,2.848208120358464,2.66298667567888,2.264678613226323,-49.76474117117726
2026-04-14T11:49:07.148,4.003846407165909,4.0045571329925735,4.004260778681086,4.003623485781162,0.018820706305818835,2.404004478693267,2.848208120358464,2.66298667567888,2.264678613226323,-49.76474117117726
2026-04-14T11:49:07.258,4.003846407165909,4.0045571329925735,4.004260778681086,4.003623485781162,0.018820706305818835,2.404004478693267,2.848208120358464,2.66298667567888,2.264678613226323,-49.76474117117726
2026-04-14T11:49:07.367,4.003311395842516,4.004963636694171,4.004444360997937,4.003702163916955,0.023899309594690585,2.0696224015726017,3.1022729338570088,2.777725623710481,2.313852448097009,-49.70125863006637
2026-04-14T11:49:07.477,4.003311395842516,4.004963636694171,4.004444360997937,4.003702163916955,0.023899309594690585,2.0696224015726017,3.1022729338570088,2.777725623710481,2.313852448097009,-49.70125863006637
2026-04-14T11:49:07.586,4.003311395842516,4.004963636694171,4.004444360997937,4.003702163916955,0.023899309594690585,2.0696224015726017,3.1022729338570088,2.777725623710481,2.313852448097009,-49.70125863006637
2026-04-14T11:49:07.697,4.003772974239169,4.005031824411859,4.004192590963399,4.003982782601284,0.034370194610864394,2.3581088994806265,3.1448902574116033,2.6203693521242855,2.489239125802456,-49.570372567364196
2026-04-14T11:49:07.821,4.003772974239169,4.005031824411859,4.004192590963399,4.003982782601284,0.034370194610864394,2.3581088994806265,3.1448902574116033,2.6203693521242855,2.489239125802456,-49.570372567364196
2026-04-14T11:49:07.916,4.003772974239169,4.005031824411859,4.004192590963399,4.003982782601284,0.034370194610864394,2.3581088994806265,3.1448902574116033,2.6203693521242855,2.489239125802456,-49.570372567364196
2026-04-14T11:49:08.024,4.0033376218877805,4.005152464220075,4.003767729030116,4.003489732950314,0.023545798973602452,2.0860136798628304,3.2202901375466553,2.354830643822581,2.1810830939461567,-49.70567751282997
2026-04-14T11:49:08.132,4.0033376218877805,4.005152464220075,4.003767729030116,4.003489732950314,0.023545798973602452,2.0860136798628304,3.2202901375466553,2.354830643822581,2.1810830939461567,-49.70567751282997
2026-04-14T11:49:08.243,4.0033376218877805,4.005152464220075,4.003767729030116,4.003489732950314,0.023545798973602452,2.0860136798628304,3.2202901375466553,2.354830643822581,2.1810830939461567,-49.70567751282997
2026-04-14T11:49:08.351,4.003098964875875,4.005155086824601,4.00394868874244,4.003767729030116,0.03768622381712771,1.9368530474217494,3.221929265375678,2.4679304640251587,2.354830643822581,-49.528922202285905
2026-04-14T11:49:08.461,4.003098964875875,4.005155086824601,4.00394868874244,4.003767729030116,0.03768622381712771,1.9368530474217494,3.221929265375678,2.4679304640251587,2.354830643822581,-49.528922202285905
2026-04-14T11:49:08.571,4.003098964875875,4.005155086824601,4.00394868874244,4.003767729030116,0.03768622381712771,1.9368530474217494,3.221929265375678,2.4679304640251587,2.354830643822581,-49.528922202285905
2026-04-14T11:49:08.679,4.003644466617374,4.005228519751341,4.003618240572109,4.003859520188541,0.03351380268372132,2.277791635858506,3.2678248445883185,2.2614003575682773,2.412200117838381,-49.58107746645348
2026-04-14T11:49:08.787,4.003644466617374,4.005228519751341,4.003618240572109,4.003859520188541,0.03351380268372132,2.277791635858506,3.2678248445883185,2.2614003575682773,2.412200117838381,-49.58107746645348
2026-04-14T11:49:08.895,4.003644466617374,4.005228519751341,4.003618240572109,4.003859520188541,0.03351380268372132,2.277791635858506,3.2678248445883185,2.2614003575682773,2.412200117838381,-49.58107746645348
2026-04-14T11:49:09.005,4.003411054814521,4.0054461959270355,4.003442526068838,4.004142761477397,0.03710865716858936,2.1319092590754707,3.4038724543972165,2.151578793023745,2.589225923372851,-49.53614178539264
2026-04-14T11:49:09.114,4.003411054814521,4.0054461959270355,4.003442526068838,4.004142761477397,0.03710865716858936,2.1319092590754707,3.4038724543972165,2.151578793023745,2.589225923372851,-49.53614178539264
2026-04-14T11:49:09.222,4.003411054814521,4.0054461959270355,4.003442526068838,4.004142761477397,0.03710865716858936,2.1319092590754707,3.4038724543972165,2.151578793023745,2.589225923372851,-49.53614178539264
2026-04-14T11:49:09.332,4.003618240572109,4.004968881903224,4.003893614047386,4.003820181120646,0.02994384331301441,2.2614003575682773,3.1055511895150545,2.4335087796162336,2.3876132004035933,-49.62570195858732
2026-04-14T11:49:09.440,4.003618240572109,4.004968881903224,4.003893614047386,4.003820181120646,0.02994384331301441,2.2614003575682773,3.1055511895150545,2.4335087796162336,2.3876132004035933,-49.62570195858732
2026-04-14T11:49:09.548,4.003618240572109,4.004968881903224,4.003893614047386,4.003820181120646,0.02994384331301441,2.2614003575682773,3.1055511895150545,2.4335087796162336,2.3876132004035933,-49.62570195858732
2026-04-14T11:49:09.657,4.003631353594741,4.0049951079484885,4.003473997323155,4.003791332470854,0.01646064948334314,2.2695959967133916,3.121942467805283,2.1712483269720195,2.3695827942837866,-49.79424188145821
2026-04-14T11:49:09.767,4.003631353594741,4.0049951079484885,4.003473997323155,4.003791332470854,0.01646064948334314,2.2695959967133916,3.121942467805283,2.1712483269720195,2.3695827942837866,-49.79424188145821
2026-04-14T11:49:09.877,4.003631353594741,4.0049951079484885,4.003473997323155,4.003791332470854,0.01646064948334314,2.2695959967133916,3.121942467805283,2.1712483269720195,2.3695827942837866,-49.79424188145821
2026-04-14T11:49:09.987,4.003571033690633,4.005018711389226,4.003581524108739,4.003961801765072,0.005840393782202512,2.2318960566458657,3.136694618266489,2.238452567961957,2.476126103170273,-49.92699507772247
2026-04-14T11:49:10.097,4.003571033690633,4.005018711389226,4.003581524108739,4.003961801765072,0.005840393782202512,2.2318960566458657,3.136694618266489,2.238452567961957,2.476126103170273,-49.92699507772247
2026-04-14T11:49:10.208,4.003571033690633,4.005018711389226,4.003581524108739,4.003961801765072,0.005840393782202512,2.2318960566458657,3.136694618266489,2.238452567961957,2.476126103170273,-49.92699507772247
2026-04-14T11:49:10.316,4.003534317227263,4.004609585083103,4.003489732950314,4.00414013887287,0.004321791818373214,2.2089482670395455,2.8809906769394766,2.1810830939461567,2.587586795543828,-49.94597760227034
2026-04-14T11:49:10.426,4.003534317227263,4.004609585083103,4.003489732950314,4.00414013887287,0.004321791818373214,2.2089482670395455,2.8809906769394766,2.1810830939461567,2.587586795543828,-49.94597760227034
2026-04-14T11:49:10.534,4.003534317227263,4.004609585083103,4.003489732950314,4.00414013887287,0.004321791818373214,2.2089482670395455,2.8809906769394766,2.1810830939461567,2.587586795543828,-49.94597760227034
2026-04-14T11:49:10.643,4.003578901504213,4.004848242095008,4.003754616007484,4.0036077501540035,0.0033658194345855905,2.2368134401329343,3.0301513093800025,2.3466350046774664,2.254843846252186,-49.95792725706768
2026-04-14T11:49:10.750,4.003578901504213,4.004848242095008,4.003754616007484,4.0036077501540035,0.0033658194345855905,2.2368134401329343,3.0301513093800025,2.3466350046774664,2.254843846252186,-49.95792725706768
2026-04-14T11:49:10.859,4.003578901504213,4.004848242095008,4.003754616007484,4.0036077501540035,0.0033658194345855905,2.2368134401329343,3.0301513093800025,2.3466350046774664,2.254843846252186,-49.95792725706768
2026-04-14T11:49:10.970,4.003628730990215,4.005412102068192,4.004100799804974,4.003731012566746,0.010226912897394679,2.2679568688843688,3.3825637926199192,2.562999878108485,2.3318828542162606,-49.87216358878256
2026-04-14T11:49:11.078,4.003628730990215,4.005412102068192,4.004100799804974,4.003731012566746,0.010226912897394679,2.2679568688843688,3.3825637926199192,2.562999878108485,2.3318828542162606,-49.87216358878256
2026-04-14T11:49:11.188,4.003628730990215,4.005412102068192,4.004100799804974,4.003731012566746,0.010226912897394679,2.2679568688843688,3.3825637926199192,2.562999878108485,2.3318828542162606,-49.87216358878256
2026-04-14T11:49:11.296,4.003400564396415,4.004958391485118,4.004069328550656,4.003885746233806,0.010047668075434498,2.125352747759379,3.098994678198963,2.5433303441602106,2.42859139612861,-49.874404149057064
2026-04-14T11:49:11.404,4.003400564396415,4.004958391485118,4.004069328550656,4.003885746233806,0.010047668075434498,2.125352747759379,3.098994678198963,2.5433303441602106,2.42859139612861,-49.874404149057064
2026-04-14T11:49:11.514,4.003400564396415,4.004958391485118,4.004069328550656,4.003885746233806,0.010047668075434498,2.125352747759379,3.098994678198963,2.5433303441602106,2.42859139612861,-49.874404149057064
2026-04-14T11:49:11.622,4.0033192636560955,4.004874468140272,4.004365682862144,4.003859520188541,0.012009403071332019,2.0745397850596703,3.0465425876702312,2.7285517888397948,2.412200117838381,-49.84988246160835
2026-04-14T11:49:11.746,4.0033192636560955,4.004874468140272,4.004365682862144,4.003859520188541,0.012009403071332019,2.0745397850596703,3.0465425876702312,2.7285517888397948,2.412200117838381,-49.84988246160835
2026-04-14T11:49:11.855,4.0033192636560955,4.004874468140272,4.004365682862144,4.003859520188541,0.012009403071332019,2.0745397850596703,3.0465425876702312,2.7285517888397948,2.412200117838381,-49.84988246160835
2026-04-14T11:49:11.950,4.003062248412505,4.004961014089645,4.004129648454764,4.00350022336842,0.004431330320682212,1.9139052578154292,3.100633806027986,2.5810302842277366,2.187639605262248,-49.944608370991475
2026-04-14T11:49:12.074,4.003062248412505,4.004961014089645,4.004129648454764,4.00350022336842,0.004431330320682212,1.9139052578154292,3.100633806027986,2.5810302842277366,2.187639605262248,-49.944608370991475
2026-04-14T11:49:12.184,4.003062248412505,4.004961014089645,4.004129648454764,4.00350022336842,0.004431330320682212,1.9139052578154292,3.100633806027986,2.5810302842277366,2.187639605262248,-49.944608370991475
2026-04-14T11:49:12.278,4.003416300023574,4.005233764960394,4.004502058297518,4.003859520188541,0.0035052320738879522,2.1351875147335164,3.271103100246364,2.813786435948984,2.412200117838381,-49.9561845990764
2026-04-14T11:49:12.388,4.003416300023574,4.005233764960394,4.004502058297518,4.003859520188541,0.0035052320738879522,2.1351875147335164,3.271103100246364,2.813786435948984,2.412200117838381,-49.9561845990764
2026-04-14T11:49:12.512,4.003416300023574,4.005233764960394,4.004502058297518,4.003859520188541,0.0035052320738879522,2.1351875147335164,3.271103100246364,2.813786435948984,2.412200117838381,-49.9561845990764
2026-04-14T11:49:12.621,4.003901481860964,4.005566835735252,4.003725767357693,4.003977537392231,0.005173204722684066,2.438426163102747,3.4792723345322685,2.328604598558215,2.4859608701444103,-49.93533494096645
2026-04-14T11:49:12.729,4.003901481860964,4.005566835735252,4.003725767357693,4.003977537392231,0.005173204722684066,2.438426163102747,3.4792723345322685,2.328604598558215,2.4859608701444103,-49.93533494096645
2026-04-14T11:49:12.838,4.003901481860964,4.005566835735252,4.003725767357693,4.003977537392231,0.005173204722684066,2.438426163102747,3.4792723345322685,2.328604598558215,2.4859608701444103,-49.93533494096645
2026-04-14T11:49:12.947,4.003736257775799,4.004968881903224,4.003783464657275,4.003702163916955,0.008155639399188161,2.3351611098743064,3.1055511895150545,2.364665410796718,2.313852448097009,-49.898054507510146
2026-04-14T11:49:13.056,4.003736257775799,4.004968881903224,4.003783464657275,4.003702163916955,0.008155639399188161,2.3351611098743064,3.1055511895150545,2.364665410796718,2.313852448097009,-49.898054507510146
2026-04-14T11:49:13.167,4.003736257775799,4.004968881903224,4.003783464657275,4.003702163916955,0.008155639399188161,2.3351611098743064,3.1055511895150545,2.364665410796718,2.313852448097009,-49.898054507510146
2026-04-14T11:49:13.276,4.003376960955677,4.0048272612587965,4.0038962366519115,4.003675937871691,0.0028031898545439163,2.1106005972981734,3.0170382867478196,2.4351479074447013,2.2974611698067804,-49.964960126818205
2026-04-14T11:49:13.385,4.003376960955677,4.0048272612587965,4.0038962366519115,4.003675937871691,0.0028031898545439163,2.1106005972981734,3.0170382867478196,2.4351479074447013,2.2974611698067804,-49.964960126818205
2026-04-14T11:49:13.494,4.003376960955677,4.0048272612587965,4.0038962366519115,4.003675937871691,0.0028031898545439163,2.1106005972981734,3.0170382867478196,2.4351479074447013,2.2974611698067804,-49.964960126818205
2026-04-14T11:49:13.603,4.00353693983179,4.0050737860842816,4.004095554595921,4.003515958995578,0.01453376764727121,2.2105873948685684,3.1711163026759692,2.5597216224504393,2.1974743722363854,-49.81832790440911
2026-04-14T11:49:13.713,4.00353693983179,4.0050737860842816,4.004095554595921,4.003515958995578,0.01453376764727121,2.2105873948685684,3.1711163026759692,2.5597216224504393,2.1974743722363854,-49.81832790440911
2026-04-14T11:49:13.822,4.00353693983179,4.0050737860842816,4.004095554595921,4.003515958995578,0.01453376764727121,2.2105873948685684,3.1711163026759692,2.5597216224504393,2.1974743722363854,-49.81832790440911
2026-04-14T11:49:13.932,4.0035474302498955,4.00517082245176,4.003497600763893,4.003531694622737,0.013338802167536681,2.21714390618466,3.2317640323498154,2.1860004774332253,2.2073091392105226,-49.833264972905795
2026-04-14T11:49:14.040,4.0035474302498955,4.00517082245176,4.003497600763893,4.003531694622737,0.013338802167536681,2.21714390618466,3.2317640323498154,2.1860004774332253,2.2073091392105226,-49.833264972905795
2026-04-14T11:49:14.150,4.0035474302498955,4.00517082245176,4.003497600763893,4.003531694622737,0.013338802167536681,2.21714390618466,3.2317640323498154,2.1860004774332253,2.2073091392105226,-49.833264972905795
2026-04-14T11:49:14.260,4.003922462697176,4.005084276502387,4.004205703986031,4.004087686782342,0.007050296330433722,2.45153918573493,3.1776728139920607,2.6285649912694,2.554804238963926,-49.91187129586958
2026-04-14T11:49:14.368,4.003922462697176,4.005084276502387,4.004205703986031,4.004087686782342,0.007050296330433722,2.45153918573493,3.1776728139920607,2.6285649912694,2.554804238963926,-49.91187129586958
2026-04-14T11:49:14.480,4.003922462697176,4.005084276502387,4.004205703986031,4.004087686782342,0.007050296330433722,2.45153918573493,3.1776728139920607,2.6285649912694,2.554804238963926,-49.91187129586958
2026-04-14T11:49:14.590,4.003856897584015,4.004919052417222,4.004006386042022,4.003712654335061,0.012143836687802154,2.4105609900093583,3.07440776076362,2.503991276263662,2.3204089594131005,-49.84820204140247
2026-04-14T11:49:14.685,4.003856897584015,4.004919052417222,4.004006386042022,4.003712654335061,0.012143836687802154,2.4105609900093583,3.07440776076362,2.503991276263662,2.3204089594131005,-49.84820204140247
2026-04-14T11:49:14.794,4.003856897584015,4.004919052417222,4.004006386042022,4.003712654335061,0.012143836687802154,2.4105609900093583,3.07440776076362,2.503991276263662,2.3204089594131005,-49.84820204140247
2026-04-14T11:49:14.919,4.003473997323155,4.005047560039017,4.004457474020569,4.003822803725171,0.0248353658871493,2.1712483269720195,3.1547250243857405,2.785921262855595,2.389252328232061,-49.68955792641063
2026-04-14T11:49:15.043,4.003473997323155,4.005047560039017,4.004457474020569,4.003822803725171,0.0248353658871493,2.1712483269720195,3.1547250243857405,2.785921262855595,2.389252328232061,-49.68955792641063
2026-04-14T11:49:15.150,4.003473997323155,4.005047560039017,4.004457474020569,4.003822803725171,0.0248353658871493,2.1712483269720195,3.1547250243857405,2.785921262855595,2.389252328232061,-49.68955792641063
2026-04-14T11:49:15.260,4.003628730990215,4.004989862739436,4.003783464657275,4.003786087261801,0.011660871473076113,2.2679568688843688,3.1186642121472374,2.364665410796718,2.366304538625741,-49.85423910658655
2026-04-14T11:49:15.371,4.003628730990215,4.004989862739436,4.003783464657275,4.003786087261801,0.011660871473076113,2.2679568688843688,3.1186642121472374,2.364665410796718,2.366304538625741,-49.85423910658655
2026-04-14T11:49:15.480,4.003628730990215,4.004989862739436,4.003783464657275,4.003786087261801,0.011660871473076113,2.2679568688843688,3.1186642121472374,2.364665410796718,2.366304538625741,-49.85423910658655
2026-04-14T11:49:15.575,4.003453016486944,4.005375385604822,4.0038778784202265,4.003849029770436,0.015703838012844605,2.1581353043398366,3.359616003013599,2.4236740126415413,2.4056436065222897,-49.80370202483944
2026-04-14T11:49:15.697,4.003453016486944,4.005375385604822,4.0038778784202265,4.003849029770436,0.015703838012844605,2.1581353043398366,3.359616003013599,2.4236740126415413,2.4056436065222897,-49.80370202483944
2026-04-14T11:49:15.799,4.003453016486944,4.005375385604822,4.0038778784202265,4.003849029770436,0.015703838012844605,2.1581353043398366,3.359616003013599,2.4236740126415413,2.4056436065222897,-49.80370202483944
2026-04-14T11:49:15.910,4.003172397802615,4.0047669413546885,4.003717899544114,4.003964424369599,0.012840899884313962,1.9827486266343897,2.9793383466802936,2.3236872150711463,2.477765230999296,-49.839488751446076
2026-04-14T11:49:16.023,4.003172397802615,4.0047669413546885,4.003717899544114,4.003964424369599,0.012840899884313962,1.9827486266343897,2.9793383466802936,2.3236872150711463,2.477765230999296,-49.839488751446076
2026-04-14T11:49:16.125,4.003172397802615,4.0047669413546885,4.003717899544114,4.003964424369599,0.012840899884313962,1.9827486266343897,2.9793383466802936,2.3236872150711463,2.477765230999296,-49.839488751446076
2026-04-14T11:49:16.235,4.003306150633463,4.005092144315967,4.003872633211174,4.003767729030116,0.02037914045230595,2.066344145914556,3.1825901974791293,2.4203957569834955,2.354830643822581,-49.745260744346176
2026-04-14T11:49:16.350,4.003306150633463,4.005092144315967,4.003872633211174,4.003767729030116,0.02037914045230595,2.066344145914556,3.1825901974791293,2.4203957569834955,2.354830643822581,-49.745260744346176
2026-04-14T11:49:16.451,4.003306150633463,4.005092144315967,4.003872633211174,4.003767729030116,0.02037914045230595,2.066344145914556,3.1825901974791293,2.4203957569834955,2.354830643822581,-49.745260744346176
2026-04-14T11:49:16.561,4.003405809605468,4.005690098147994,4.003849029770436,4.00380182288896,0.01474786562905698,2.128631003417425,3.5563113424963433,2.4056436065222897,2.376139305599878,-49.81565167963679
2026-04-14T11:49:16.673,4.003405809605468,4.005690098147994,4.003849029770436,4.00380182288896,0.01474786562905698,2.128631003417425,3.5563113424963433,2.4056436065222897,2.376139305599878,-49.81565167963679
2026-04-14T11:49:16.784,4.003405809605468,4.005690098147994,4.003849029770436,4.00380182288896,0.01474786562905698,2.128631003417425,3.5563113424963433,2.4056436065222897,2.376139305599878,-49.81565167963679
2026-04-14T11:49:16.889,4.002810478377967,4.00490593939459,4.004260778681086,4.0036470892219,0.010824395637261943,1.7565489862292338,3.0662121216185056,2.66298667567888,2.279430763687529,-49.864695054534224
2026-04-14T11:49:17.003,4.002810478377967,4.00490593939459,4.004260778681086,4.0036470892219,0.010824395637261943,1.7565489862292338,3.0662121216185056,2.66298667567888,2.279430763687529,-49.864695054534224
2026-04-14T11:49:17.110,4.002810478377967,4.00490593939459,4.004260778681086,4.0036470892219,0.010824395637261943,1.7565489862292338,3.0662121216185056,2.66298667567888,2.279430763687529,-49.864695054534224
2026-04-14T11:49:17.219,4.002936363395236,4.0051996711015505,4.003972292183178,4.003594637131371,0.014742886606224755,1.8352271220223315,3.249794438469067,2.4826826144863645,2.2466482071070715,-49.81571391742219
2026-04-14T11:49:17.328,4.002936363395236,4.0051996711015505,4.003972292183178,4.003594637131371,0.014742886606224755,1.8352271220223315,3.249794438469067,2.4826826144863645,2.2466482071070715,-49.81571391742219
2026-04-14T11:49:17.438,4.002936363395236,4.0051996711015505,4.003972292183178,4.003594637131371,0.014742886606224755,1.8352271220223315,3.249794438469067,2.4826826144863645,2.2466482071070715,-49.81571391742219
2026-04-14T11:49:17.547,4.003075361435137,4.005412102068192,4.003453016486944,4.004108667618553,0.0214496303612348,1.9221008969605435,3.3825637926199192,2.1581353043398366,2.5679172615955537,-49.73187962048456
2026-04-14T11:49:17.657,4.003075361435137,4.005412102068192,4.003453016486944,4.004108667618553,0.0214496303612348,1.9221008969605435,3.3825637926199192,2.1581353043398366,2.5679172615955537,-49.73187962048456
