timestamp_iso,P1_mA,P2_mA,P3_mA,P4_mA,DP_mA,P1_eng,P2_eng,P3_eng,P4_eng,DP_eng
2026-04-15T15:21:23.654,4.003487110345787,4.004095554595921,4.0032169820795644,4.002920627768077,4.256686115819011,2.179443966117134,2.5597216224504393,2.0106137997277784,1.8253923550481943,3.208576447737632
2026-04-15T15:21:23.747,4.003487110345787,4.004095554595921,4.0032169820795644,4.002920627768077,4.256686115819011,2.179443966117134,2.5597216224504393,2.0106137997277784,1.8253923550481943,3.208576447737632
2026-04-15T15:21:23.870,4.003487110345787,4.004095554595921,4.0032169820795644,4.002920627768077,4.256686115819011,2.179443966117134,2.5597216224504393,2.0106137997277784,1.8253923550481943,3.208576447737632
2026-04-15T15:21:23.954,4.0033192636560955,4.004079818968762,4.003062248412505,4.003376960955677,4.026237023052207,2.0745397850596703,2.549886855476302,1.9139052578154292,2.1106005972981734,0.3279627881525915
2026-04-15T15:21:24.072,4.0033192636560955,4.004079818968762,4.003062248412505,4.003376960955677,4.026237023052207,2.0745397850596703,2.549886855476302,1.9139052578154292,2.1106005972981734,0.3279627881525915
2026-04-15T15:21:24.175,4.0033192636560955,4.004079818968762,4.003062248412505,4.003376960955677,4.026237023052207,2.0745397850596703,2.549886855476302,1.9139052578154292,2.1106005972981734,0.3279627881525915
2026-04-15T15:21:24.293,4.00330090542441,4.004163742313608,4.003395319187362,4.0027370454512265,0.09788758888158686,2.06306589025651,2.602338946005034,2.1220744921013335,1.7106534070165935,-48.77640513898017
2026-04-15T15:21:24.389,4.00330090542441,4.004163742313608,4.003395319187362,4.0027370454512265,0.09788758888158686,2.06306589025651,2.602338946005034,2.1220744921013335,1.7106534070165935,-48.77640513898017
2026-04-15T15:21:24.512,4.00330090542441,4.004163742313608,4.003395319187362,4.0027370454512265,0.09788758888158686,2.06306589025651,2.602338946005034,2.1220744921013335,1.7106534070165935,-48.77640513898017
2026-04-15T15:21:24.622,4.00330877323799,4.004179477940767,4.003429413046206,4.002868175677548,0.08151158278639158,2.067983273743579,2.612173712979171,2.1433831538786308,1.792609798467737,-48.9811052151701
2026-04-15T15:21:24.747,4.00330877323799,4.004179477940767,4.003429413046206,4.002868175677548,0.08151158278639158,2.067983273743579,2.612173712979171,2.1433831538786308,1.792609798467737,-48.9811052151701
2026-04-15T15:21:24.826,4.00330877323799,4.004179477940767,4.003429413046206,4.002868175677548,0.08151158278639158,2.067983273743579,2.612173712979171,2.1433831538786308,1.792609798467737,-48.9811052151701
2026-04-15T15:21:24.935,4.003329754074201,4.0042083265905575,4.003429413046206,4.002975702463132,0.07703046223738709,2.0810962963757618,2.6302041190984227,2.1433831538786308,1.8598140394576745,-49.03711922203266
2026-04-15T15:21:25.059,4.003329754074201,4.0042083265905575,4.003429413046206,4.002975702463132,0.07703046223738709,2.0810962963757618,2.6302041190984227,2.1433831538786308,1.8598140394576745,-49.03711922203266
2026-04-15T15:21:25.169,4.003329754074201,4.0042083265905575,4.003429413046206,4.002975702463132,0.07703046223738709,2.0810962963757618,2.6302041190984227,2.1433831538786308,1.8598140394576745,-49.03711922203266
2026-04-15T15:21:25.278,4.003245830729355,4.004121780641185,4.00330090542441,4.002949476417868,0.08007762421071014,2.02864420584703,2.576112900740668,2.06306589025651,1.8434227611674459,-48.999029697366126
2026-04-15T15:21:25.386,4.003245830729355,4.004121780641185,4.00330090542441,4.002949476417868,0.08007762421071014,2.02864420584703,2.576112900740668,2.06306589025651,1.8434227611674459,-48.999029697366126
2026-04-15T15:21:25.488,4.003245830729355,4.004121780641185,4.00330090542441,4.002949476417868,0.08007762421071014,2.02864420584703,2.576112900740668,2.06306589025651,1.8434227611674459,-48.999029697366126
2026-04-15T15:21:25.605,4.003450393882417,4.003872633211174,4.003437280859785,4.003041267576293,0.07912663084975474,2.1564961765108137,2.4203957569834955,2.1483005373656994,1.9007922351832462,-49.01091711437807
2026-04-15T15:21:25.715,4.003450393882417,4.003872633211174,4.003437280859785,4.003041267576293,0.07912663084975474,2.1564961765108137,2.4203957569834955,2.1483005373656994,1.9007922351832462,-49.01091711437807
2026-04-15T15:21:25.813,4.003450393882417,4.003872633211174,4.003437280859785,4.003041267576293,0.07912663084975474,2.1564961765108137,2.4203957569834955,2.1483005373656994,1.9007922351832462,-49.01091711437807
2026-04-15T15:21:25.932,4.003355980119466,4.004132271059291,4.0033192636560955,4.002870798282075,0.0788627426396467,2.0974875746659905,2.5826694120567595,2.0745397850596703,1.7942489262967598,-49.01421571700442
2026-04-15T15:21:26.056,4.003355980119466,4.004132271059291,4.0033192636560955,4.002870798282075,0.0788627426396467,2.0974875746659905,2.5826694120567595,2.0745397850596703,1.7942489262967598,-49.01421571700442
2026-04-15T15:21:26.150,4.003355980119466,4.004132271059291,4.0033192636560955,4.002870798282075,0.0788627426396467,2.0974875746659905,2.5826694120567595,2.0745397850596703,1.7942489262967598,-49.01421571700442
2026-04-15T15:21:26.258,4.003334999283254,4.004276514308245,4.003070116226084,4.003051757994399,0.07547700711373219,2.0843745520338075,2.6728214426530172,1.9188226413024978,1.9073487464993377,-49.05653741107835
2026-04-15T15:21:26.367,4.003334999283254,4.004276514308245,4.003070116226084,4.003051757994399,0.07547700711373219,2.0843745520338075,2.6728214426530172,1.9188226413024978,1.9073487464993377,-49.05653741107835
2026-04-15T15:21:26.491,4.003334999283254,4.004276514308245,4.003070116226084,4.003051757994399,0.07547700711373219,2.0843745520338075,2.6728214426530172,1.9188226413024978,1.9073487464993377,-49.05653741107835
2026-04-15T15:21:26.586,4.003374338351151,4.004113912827606,4.003636598803794,4.003009796321976,0.07487454535103272,2.1089614694691505,2.5711955172535994,2.2728742523714374,1.8811227012349718,-49.06406818311209
2026-04-15T15:21:26.697,4.003374338351151,4.004113912827606,4.003636598803794,4.003009796321976,0.07487454535103272,2.1089614694691505,2.5711955172535994,2.2728742523714374,1.8811227012349718,-49.06406818311209
2026-04-15T15:21:26.805,4.003374338351151,4.004113912827606,4.003636598803794,4.003009796321976,0.07487454535103272,2.1089614694691505,2.5711955172535994,2.2728742523714374,1.8811227012349718,-49.06406818311209
2026-04-15T15:21:26.912,4.003211736870512,4.004231930031295,4.003196001243353,4.0028629304684955,0.07906688257576801,2.0073355440697327,2.6449562695596285,1.9975007770955955,1.7893315428096912,-49.011663967802896
2026-04-15T15:21:27.023,4.003211736870512,4.004231930031295,4.003196001243353,4.0028629304684955,0.07906688257576801,2.0073355440697327,2.6449562695596285,1.9975007770955955,1.7893315428096912,-49.011663967802896
2026-04-15T15:21:27.128,4.003211736870512,4.004231930031295,4.003196001243353,4.0028629304684955,0.07906688257576801,2.0073355440697327,2.6449562695596285,1.9975007770955955,1.7893315428096912,-49.011663967802896
2026-04-15T15:21:27.239,4.0033192636560955,4.003943443533387,4.003057003203452,4.003096342271348,0.07738895188130744,2.0745397850596703,2.464652208367113,1.9106270021573835,1.9352139195927265,-49.032638101483656
2026-04-15T15:21:27.348,4.0033192636560955,4.003943443533387,4.003057003203452,4.003096342271348,0.07738895188130744,2.0745397850596703,2.464652208367113,1.9106270021573835,1.9352139195927265,-49.032638101483656
2026-04-15T15:21:27.453,4.0033192636560955,4.003943443533387,4.003057003203452,4.003096342271348,0.07738895188130744,2.0745397850596703,2.464652208367113,1.9106270021573835,1.9352139195927265,-49.032638101483656
2026-04-15T15:21:27.564,4.00322747249767,4.004218817008663,4.003447771277891,4.002776384519124,0.07956478485899073,2.01717031104387,2.636760630414514,2.154857048681791,1.7352403244524917,-49.005440189262615
2026-04-15T15:21:27.674,4.00322747249767,4.004218817008663,4.003447771277891,4.002776384519124,0.07956478485899073,2.01717031104387,2.636760630414514,2.154857048681791,1.7352403244524917,-49.005440189262615
2026-04-15T15:21:27.786,4.00322747249767,4.004218817008663,4.003447771277891,4.002776384519124,0.07956478485899073,2.01717031104387,2.636760630414514,2.154857048681791,1.7352403244524917,-49.005440189262615
2026-04-15T15:21:27.910,4.003405809605468,4.004305362958036,4.003243208124829,4.002868175677548,0.07716987487668946,2.128631003417425,2.690851848772269,2.027005078018007,1.792609798467737,-49.035376564041385
2026-04-15T15:21:28.004,4.003405809605468,4.004305362958036,4.003243208124829,4.002868175677548,0.07716987487668946,2.128631003417425,2.690851848772269,2.027005078018007,1.792609798467737,-49.035376564041385
2026-04-15T15:21:28.114,4.003405809605468,4.004305362958036,4.003243208124829,4.002868175677548,0.07716987487668946,2.128631003417425,2.690851848772269,2.027005078018007,1.792609798467737,-49.035376564041385
2026-04-15T15:21:28.223,4.003890991442859,4.004305362958036,4.003248453333882,4.0028209687960725,0.07607946887643169,2.4318696517866556,2.690851848772269,2.030283333676053,1.7631054975453253,-49.0490066390446
2026-04-15T15:21:28.332,4.003890991442859,4.004305362958036,4.003248453333882,4.0028209687960725,0.07607946887643169,2.4318696517866556,2.690851848772269,2.030283333676053,1.7631054975453253,-49.0490066390446
2026-04-15T15:21:28.456,4.003890991442859,4.004305362958036,4.003248453333882,4.0028209687960725,0.07607946887643169,2.4318696517866556,2.690851848772269,2.030283333676053,1.7631054975453253,-49.0490066390446
2026-04-15T15:21:28.550,4.003340244492307,4.004197836172452,4.003432035650733,4.002897024327339,0.07710016855703827,2.0876528076918532,2.623647607782331,2.1450222817082087,1.8106402045869885,-49.03624789303702
2026-04-15T15:21:28.659,4.003340244492307,4.004197836172452,4.003432035650733,4.002897024327339,0.07710016855703827,2.0876528076918532,2.623647607782331,2.1450222817082087,1.8106402045869885,-49.03624789303702
2026-04-15T15:21:28.768,4.003340244492307,4.004197836172452,4.003432035650733,4.002897024327339,0.07710016855703827,2.0876528076918532,2.623647607782331,2.1450222817082087,1.8106402045869885,-49.03624789303702
2026-04-15T15:21:28.875,4.003350734910413,4.0044128897436195,4.003140926548298,4.003033399762714,0.08053569431127505,2.0942093190079447,2.7580560897622064,1.9630790926861152,1.8958748516961776,-48.993303821109066
2026-04-15T15:21:28.983,4.003350734910413,4.0044128897436195,4.003140926548298,4.003033399762714,0.08053569431127505,2.0942093190079447,2.7580560897622064,1.9630790926861152,1.8958748516961776,-48.993303821109066
2026-04-15T15:21:29.108,4.003350734910413,4.0044128897436195,4.003140926548298,4.003033399762714,0.08053569431127505,2.0942093190079447,2.7580560897622064,1.9630790926861152,1.8958748516961776,-48.993303821109066
2026-04-15T15:21:29.202,4.003269434170093,4.004129648454764,4.0034635069050495,4.002902269536392,0.08080456154421531,2.043396356308236,2.5810302842277366,2.164691815655928,1.8139184602450342,-48.98994298069731
2026-04-15T15:21:29.311,4.003269434170093,4.004129648454764,4.0034635069050495,4.002902269536392,0.08080456154421531,2.043396356308236,2.5810302842277366,2.164691815655928,1.8139184602450342,-48.98994298069731
2026-04-15T15:21:29.421,4.003269434170093,4.004129648454764,4.0034635069050495,4.002902269536392,0.08080456154421531,2.043396356308236,2.5810302842277366,2.164691815655928,1.8139184602450342,-48.98994298069731
2026-04-15T15:21:29.529,4.003306150633463,4.0043315890033,4.003694296103376,4.002823591400599,0.07907684062143247,2.066344145914556,2.7072431270624975,2.3089350646099405,1.7647446253743482,-49.01153949223209
2026-04-15T15:21:29.639,4.003306150633463,4.0043315890033,4.003694296103376,4.002823591400599,0.07907684062143247,2.066344145914556,2.7072431270624975,2.3089350646099405,1.7647446253743482,-49.01153949223209
2026-04-15T15:21:29.777,4.003306150633463,4.0043315890033,4.003694296103376,4.002823591400599,0.07907684062143247,2.066344145914556,2.7072431270624975,2.3089350646099405,1.7647446253743482,-49.01153949223209
2026-04-15T15:21:29.871,4.0032773019836725,4.004423380161725,4.003597259735898,4.002834081818705,0.07557658757037675,2.0483137397953044,2.764612601078298,2.2482873349360943,1.7713011366904396,-49.055292655370295
2026-04-15T15:21:29.982,4.0032773019836725,4.004423380161725,4.003597259735898,4.002834081818705,0.07557658757037675,2.0483137397953044,2.764612601078298,2.2482873349360943,1.7713011366904396,-49.055292655370295
2026-04-15T15:21:30.090,4.0032773019836725,4.004423380161725,4.003597259735898,4.002834081818705,0.07557658757037675,2.0483137397953044,2.764612601078298,2.2482873349360943,1.7713011366904396,-49.055292655370295
2026-04-15T15:21:30.186,4.00326418896104,4.0042686464946655,4.003521204204631,4.002996683299344,0.07764288204575104,2.04011810065019,2.6679040591659486,2.200752627894431,1.8729270620898575,-49.02946397442811
2026-04-15T15:21:30.295,4.00326418896104,4.0042686464946655,4.003521204204631,4.002996683299344,0.07764288204575104,2.04011810065019,2.6679040591659486,2.200752627894431,1.8729270620898575,-49.02946397442811
2026-04-15T15:21:30.405,4.00326418896104,4.0042686464946655,4.003521204204631,4.002996683299344,0.07764288204575104,2.04011810065019,2.6679040591659486,2.200752627894431,1.8729270620898575,-49.02946397442811
2026-04-15T15:21:30.530,4.003245830729355,4.004168987522661,4.003563165877054,4.002826214005125,0.07193194285718643,2.02864420584703,2.6056172016630796,2.226978673158797,1.766383753203371,-49.10085071428517
2026-04-15T15:21:30.624,4.003245830729355,4.004168987522661,4.003563165877054,4.002826214005125,0.07193194285718643,2.02864420584703,2.6056172016630796,2.226978673158797,1.766383753203371,-49.10085071428517
2026-04-15T15:21:30.733,4.003245830729355,4.004168987522661,4.003563165877054,4.002826214005125,0.07193194285718643,2.02864420584703,2.6056172016630796,2.226978673158797,1.766383753203371,-49.10085071428517
2026-04-15T15:21:30.842,4.00327205677462,4.004155874500029,4.003654957035479,4.002608537829431,0.07521311890362416,2.0450354841372587,2.5974215625179653,2.2843481471745974,1.630336143394473,-49.0598360137047
2026-04-15T15:21:30.954,4.00327205677462,4.004155874500029,4.003654957035479,4.002608537829431,0.07521311890362416,2.0450354841372587,2.5974215625179653,2.2843481471745974,1.630336143394473,-49.0598360137047
2026-04-15T15:21:31.062,4.00327205677462,4.004155874500029,4.003654957035479,4.002608537829431,0.07521311890362416,2.0450354841372587,2.5974215625179653,2.2843481471745974,1.630336143394473,-49.0598360137047
2026-04-15T15:21:31.172,4.003581524108739,4.004266023890139,4.003767729030116,4.0030438901808205,0.07694083982640701,2.238452567961957,2.6662649313369258,2.354830643822581,1.9024313630128242,-49.03823950216991
2026-04-15T15:21:31.282,4.003581524108739,4.004266023890139,4.003767729030116,4.0030438901808205,0.07694083982640701,2.238452567961957,2.6662649313369258,2.354830643822581,1.9024313630128242,-49.03823950216991
2026-04-15T15:21:31.407,4.003581524108739,4.004266023890139,4.003767729030116,4.0030438901808205,0.07694083982640701,2.238452567961957,2.6662649313369258,2.354830643822581,1.9024313630128242,-49.03823950216991
2026-04-15T15:21:31.500,4.003484487741261,4.004342079421406,4.00330090542441,4.002991438090291,0.07302234885744419,2.177804838288111,2.713799638378589,2.06306589025651,1.8696488064318117,-49.087220639281945
2026-04-15T15:21:31.609,4.003484487741261,4.004342079421406,4.00330090542441,4.002991438090291,0.07302234885744419,2.177804838288111,2.713799638378589,2.06306589025651,1.8696488064318117,-49.087220639281945
2026-04-15T15:21:31.719,4.003484487741261,4.004342079421406,4.00330090542441,4.002991438090291,0.07302234885744419,2.177804838288111,2.713799638378589,2.06306589025651,1.8696488064318117,-49.087220639281945
2026-04-15T15:21:31.827,4.003127813525666,4.004108667618553,4.003725767357693,4.0030438901808205,0.07462559420942134,1.954883453541001,2.5679172615955537,2.328604598558215,1.9024313630128242,-49.067180072382236
2026-04-15T15:21:31.937,4.003127813525666,4.004108667618553,4.003725767357693,4.0030438901808205,0.07462559420942134,1.954883453541001,2.5679172615955537,2.328604598558215,1.9024313630128242,-49.067180072382236
2026-04-15T15:21:32.046,4.003127813525666,4.004108667618553,4.003725767357693,4.0030438901808205,0.07462559420942134,1.954883453541001,2.5679172615955537,2.328604598558215,1.9024313630128242,-49.067180072382236
2026-04-15T15:21:32.156,4.003138303943771,4.004163742313608,4.003531694622737,4.0031094552939805,0.07908679866709693,1.9614399648570924,2.602338946005034,2.2073091392105226,1.9434095587378408,-49.01141501666129
2026-04-15T15:21:32.280,4.003138303943771,4.004163742313608,4.003531694622737,4.0031094552939805,0.07908679866709693,1.9614399648570924,2.602338946005034,2.2073091392105226,1.9434095587378408,-49.01141501666129
2026-04-15T15:21:32.374,4.003138303943771,4.004163742313608,4.003531694622737,4.0031094552939805,0.07908679866709693,1.9614399648570924,2.602338946005034,2.2073091392105226,1.9434095587378408,-49.01141501666129
2026-04-15T15:21:32.482,4.00307273883061,4.004079818968762,4.003972292183178,4.002983570276712,0.07722464412784395,1.9204617691315207,2.549886855476302,2.4826826144863645,1.8647314229447431,-49.03469194840195
2026-04-15T15:21:32.607,4.00307273883061,4.004079818968762,4.003972292183178,4.002983570276712,0.07722464412784395,1.9204617691315207,2.549886855476302,2.4826826144863645,1.8647314229447431,-49.03469194840195
2026-04-15T15:21:32.730,4.00307273883061,4.004079818968762,4.003972292183178,4.002983570276712,0.07722464412784395,1.9204617691315207,2.549886855476302,2.4826826144863645,1.8647314229447431,-49.03469194840195
2026-04-15T15:21:32.840,4.003290415006305,4.004260778681086,4.003678560476217,4.002747535869332,0.07641306340619092,2.0565093789404187,2.66298667567888,2.2991002976358033,1.717209918332685,-49.04483670742261
2026-04-15T15:21:32.950,4.003290415006305,4.004260778681086,4.003678560476217,4.002747535869332,0.07641306340619092,2.0565093789404187,2.66298667567888,2.2991002976358033,1.717209918332685,-49.04483670742261
2026-04-15T15:21:33.046,4.003290415006305,4.004260778681086,4.003678560476217,4.002747535869332,0.07641306340619092,2.0565093789404187,2.66298667567888,2.2991002976358033,1.717209918332685,-49.04483670742261
2026-04-15T15:21:33.156,4.003230095102197,4.004357815048564,4.0038123133070656,4.002910137349972,0.07896730211912346,2.0188094388728928,2.723634405352726,2.3826958169159695,1.818835843732658,-49.012908723510954
2026-04-15T15:21:33.283,4.003230095102197,4.004357815048564,4.0038123133070656,4.002910137349972,0.07896730211912346,2.0188094388728928,2.723634405352726,2.3826958169159695,1.818835843732658,-49.012908723510954
2026-04-15T15:21:33.379,4.003230095102197,4.004357815048564,4.0038123133070656,4.002910137349972,0.07896730211912346,2.0188094388728928,2.723634405352726,2.3826958169159695,1.818835843732658,-49.012908723510954
2026-04-15T15:21:33.490,4.003311395842516,4.004349947234985,4.003366470537571,4.0028209687960725,0.07921625326073484,2.0696224015726017,2.7187170218656576,2.104044085982082,1.7631054975453253,-49.00979683424082
2026-04-15T15:21:33.600,4.003311395842516,4.004349947234985,4.003366470537571,4.0028209687960725,0.07921625326073484,2.0696224015726017,2.7187170218656576,2.104044085982082,1.7631054975453253,-49.00979683424082
2026-04-15T15:21:33.710,4.003311395842516,4.004349947234985,4.003366470537571,4.0028209687960725,0.07921625326073484,2.0696224015726017,2.7187170218656576,2.104044085982082,1.7631054975453253,-49.00979683424082
2026-04-15T15:21:33.818,4.003321886260622,4.004061460737077,4.003445148673364,4.003001928508397,0.0755666295247123,2.076178912888693,2.538412960673142,2.153217920852768,1.8762053177479032,-49.055417130941095
2026-04-15T15:21:33.928,4.003321886260622,4.004061460737077,4.003445148673364,4.003001928508397,0.0755666295247123,2.076178912888693,2.538412960673142,2.153217920852768,1.8762053177479032,-49.055417130941095
2026-04-15T15:21:34.039,4.003321886260622,4.004061460737077,4.003445148673364,4.003001928508397,0.0755666295247123,2.076178912888693,2.538412960673142,2.153217920852768,1.8762053177479032,-49.055417130941095
2026-04-15T15:21:34.148,4.003017664135555,4.004001140832969,4.00376510642559,4.002744913264806,0.08128752675894135,1.8860400847220404,2.500713020605616,2.353191515993558,1.7155707905036621,-48.98390591551323
2026-04-15T15:21:34.258,4.003017664135555,4.004001140832969,4.00376510642559,4.002744913264806,0.08128752675894135,1.8860400847220404,2.500713020605616,2.353191515993558,1.7155707905036621,-48.98390591551323
2026-04-15T15:21:34.383,4.003017664135555,4.004001140832969,4.00376510642559,4.002744913264806,0.08128752675894135,1.8860400847220404,2.500713020605616,2.353191515993558,1.7155707905036621,-48.98390591551323
2026-04-15T15:21:34.479,4.003201246452406,4.004237175240348,4.003466129509576,4.002710819405962,0.07476998587155594,2.000779032753641,2.648234525217674,2.166330943484951,1.6942621287263648,-49.06537517660555
2026-04-15T15:21:34.589,4.003201246452406,4.004237175240348,4.003466129509576,4.002710819405962,0.07476998587155594,2.000779032753641,2.648234525217674,2.166330943484951,1.6942621287263648,-49.06537517660555
2026-04-15T15:21:34.698,4.003201246452406,4.004237175240348,4.003466129509576,4.002710819405962,0.07476998587155594,2.000779032753641,2.648234525217674,2.166330943484951,1.6942621287263648,-49.06537517660555
2026-04-15T15:21:34.802,4.003332376678728,4.00414013887287,4.003644466617374,4.003230095102197,0.0782602808769472,2.0827354242047846,2.587586795543828,2.277791635858506,2.0188094388728928,-49.02174648903816
2026-04-15T15:21:34.905,4.003332376678728,4.00414013887287,4.003644466617374,4.003230095102197,0.0782602808769472,2.0827354242047846,2.587586795543828,2.277791635858506,2.0188094388728928,-49.02174648903816
2026-04-15T15:21:35.016,4.003332376678728,4.00414013887287,4.003644466617374,4.003230095102197,0.0782602808769472,2.0827354242047846,2.587586795543828,2.277791635858506,2.0188094388728928,-49.02174648903816
2026-04-15T15:21:35.126,4.0033192636560955,4.004050970318971,4.003387451373783,4.003122568316613,0.08235303764503797,2.0745397850596703,2.5318564493570506,2.117157108614265,1.9516051978829552,-48.97058702943703
2026-04-15T15:21:35.237,4.0033192636560955,4.004050970318971,4.003387451373783,4.003122568316613,0.08235303764503797,2.0745397850596703,2.5318564493570506,2.117157108614265,1.9516051978829552,-48.97058702943703
2026-04-15T15:21:35.353,4.0033192636560955,4.004050970318971,4.003387451373783,4.003122568316613,0.08235303764503797,2.0745397850596703,2.5318564493570506,2.117157108614265,1.9516051978829552,-48.97058702943703
2026-04-15T15:21:35.463,4.003565788481581,4.004200458776978,4.003602504944951,4.002870798282075,0.07446128645595784,2.228617800988375,2.625286735611354,2.25156559059414,1.7942489262967598,-49.06923391930052
2026-04-15T15:21:35.574,4.003565788481581,4.004200458776978,4.003602504944951,4.002870798282075,0.07446128645595784,2.228617800988375,2.625286735611354,2.25156559059414,1.7942489262967598,-49.06923391930052
2026-04-15T15:21:35.680,4.003565788481581,4.004200458776978,4.003602504944951,4.002870798282075,0.07446128645595784,2.228617800988375,2.625286735611354,2.25156559059414,1.7942489262967598,-49.06923391930052
2026-04-15T15:21:35.784,4.00330090542441,4.004092931991394,4.003738880380325,4.002857685259443,0.07552181831922225,2.06306589025651,2.5580824946214165,2.3368002377033292,1.7860532871516455,-49.05597727100972
2026-04-15T15:21:35.902,4.00330090542441,4.004092931991394,4.003738880380325,4.002857685259443,0.07552181831922225,2.06306589025651,2.5580824946214165,2.3368002377033292,1.7860532871516455,-49.05597727100972
2026-04-15T15:21:36.011,4.00330090542441,4.004092931991394,4.003738880380325,4.002857685259443,0.07552181831922225,2.06306589025651,2.5580824946214165,2.3368002377033292,1.7860532871516455,-49.05597727100972
2026-04-15T15:21:36.119,4.003287792401778,4.004129648454764,4.003636598803794,4.0027186872195415,0.07286799914964515,2.054870251111396,2.5810302842277366,2.2728742523714374,1.6991795122134334,-49.08915001062943
2026-04-15T15:21:36.229,4.003287792401778,4.004129648454764,4.003636598803794,4.0027186872195415,0.07286799914964515,2.054870251111396,2.5810302842277366,2.2728742523714374,1.6991795122134334,-49.08915001062943
2026-04-15T15:21:36.340,4.003287792401778,4.004129648454764,4.003636598803794,4.0027186872195415,0.07286799914964515,2.054870251111396,2.5810302842277366,2.2728742523714374,1.6991795122134334,-49.08915001062943
2026-04-15T15:21:36.449,4.0032353403112495,4.004171610127187,4.00345563909147,4.0030071737174495,0.07138425034564144,2.0220876945309385,2.6072563294921025,2.1597744321688594,1.879483573405949,-49.10769687067948
2026-04-15T15:21:36.558,4.0032353403112495,4.004171610127187,4.00345563909147,4.0030071737174495,0.07138425034564144,2.0220876945309385,2.6072563294921025,2.1597744321688594,1.879483573405949,-49.10769687067948
2026-04-15T15:21:36.665,4.0032353403112495,4.004171610127187,4.00345563909147,4.0030071737174495,0.07138425034564144,2.0220876945309385,2.6072563294921025,2.1597744321688594,1.879483573405949,-49.10769687067948
2026-04-15T15:21:36.775,4.0033192636560955,4.004090309386868,4.003867388002121,4.002823591400599,0.07216097790746888,2.0745397850596703,2.5564433667923936,2.41711750132545,1.7647446253743482,-49.097987776156636
2026-04-15T15:21:36.881,4.0033192636560955,4.004090309386868,4.003867388002121,4.002823591400599,0.07216097790746888,2.0745397850596703,2.5564433667923936,2.41711750132545,1.7647446253743482,-49.097987776156636
2026-04-15T15:21:36.988,4.0033192636560955,4.004090309386868,4.003867388002121,4.002823591400599,0.07216097790746888,2.0745397850596703,2.5564433667923936,2.41711750132545,1.7647446253743482,-49.097987776156636
2026-04-15T15:21:37.099,4.00327205677462,4.0040640833416035,4.003565788481581,4.002936363395236,0.07369451693979485,2.0450354841372587,2.540052088502165,2.228617800988375,1.8352271220223315,-49.07881853825257
2026-04-15T15:21:37.203,4.00327205677462,4.0040640833416035,4.003565788481581,4.002936363395236,0.07369451693979485,2.0450354841372587,2.540052088502165,2.228617800988375,1.8352271220223315,-49.07881853825257
2026-04-15T15:21:37.316,4.00327205677462,4.0040640833416035,4.003565788481581,4.002936363395236,0.07369451693979485,2.0450354841372587,2.540052088502165,2.228617800988375,1.8352271220223315,-49.07881853825257
2026-04-15T15:21:37.426,4.003327131469675,4.004229307426769,4.003526449413684,4.002742290660279,0.07433183186231994,2.079457168546739,2.6433171417306056,2.204030883552477,1.7139316626746393,-49.070852101721
2026-04-15T15:21:37.536,4.003327131469675,4.004229307426769,4.003526449413684,4.002742290660279,0.07433183186231994,2.079457168546739,2.6433171417306056,2.204030883552477,1.7139316626746393,-49.070852101721
2026-04-15T15:21:37.644,4.003327131469675,4.004229307426769,4.003526449413684,4.002742290660279,0.07433183186231994,2.079457168546739,2.6433171417306056,2.204030883552477,1.7139316626746393,-49.070852101721
2026-04-15T15:21:37.753,4.003206491661459,4.0042214396131905,4.003778219448222,4.002944231208815,0.07237507588925465,2.004057288411687,2.638399758244092,2.3613871551386723,1.8401445055094001,-49.09531155138432
2026-04-15T15:21:37.863,4.003206491661459,4.0042214396131905,4.003778219448222,4.002944231208815,0.07237507588925465,2.004057288411687,2.638399758244092,2.3613871551386723,1.8401445055094001,-49.09531155138432
2026-04-15T15:21:37.971,4.003206491661459,4.0042214396131905,4.003778219448222,4.002944231208815,0.07237507588925465,2.004057288411687,2.638399758244092,2.3613871551386723,1.8401445055094001,-49.09531155138432
2026-04-15T15:21:38.080,4.003146171757351,4.003982782601284,4.003594637131371,4.002886533909233,0.07542223786257769,1.966357348344161,2.489239125802456,2.2466482071070715,1.804083693270897,-49.05722202671778
2026-04-15T15:21:38.190,4.003146171757351,4.003982782601284,4.003594637131371,4.002886533909233,0.07542223786257769,1.966357348344161,2.489239125802456,2.2466482071070715,1.804083693270897,-49.05722202671778
2026-04-15T15:21:38.315,4.003146171757351,4.003982782601284,4.003594637131371,4.002886533909233,0.07542223786257769,1.966357348344161,2.489239125802456,2.2466482071070715,1.804083693270897,-49.05722202671778
2026-04-15T15:21:38.408,4.003172397802615,4.004381418489302,4.0038778784202265,4.003188133429774,0.0728978732866385,1.9827486266343897,2.738386555813932,2.4236740126415413,1.9925833936085269,-49.088776583917024
2026-04-15T15:21:38.517,4.003172397802615,4.004381418489302,4.0038778784202265,4.003188133429774,0.0728978732866385,1.9827486266343897,2.738386555813932,2.4236740126415413,1.9925833936085269,-49.088776583917024
2026-04-15T15:21:38.625,4.003172397802615,4.004381418489302,4.0038778784202265,4.003188133429774,0.0728978732866385,1.9827486266343897,2.738386555813932,2.4236740126415413,1.9925833936085269,-49.088776583917024
2026-04-15T15:21:38.734,4.003411054814521,4.0041847231498195,4.003636598803794,4.002870798282075,0.07228545347827456,2.1319092590754707,2.615451968637217,2.2728742523714374,1.7942489262967598,-49.09643183152157
2026-04-15T15:21:38.844,4.003411054814521,4.0041847231498195,4.003636598803794,4.002870798282075,0.07228545347827456,2.1319092590754707,2.615451968637217,2.2728742523714374,1.7942489262967598,-49.09643183152157
2026-04-15T15:21:38.953,4.003411054814521,4.0041847231498195,4.003636598803794,4.002870798282075,0.07228545347827456,2.1319092590754707,2.615451968637217,2.2728742523714374,1.7942489262967598,-49.09643183152157
2026-04-15T15:21:39.063,4.00326418896104,4.003870010606647,4.003872633211174,4.002886533909233,0.07248461439156365,2.04011810065019,2.4187566291544726,2.4203957569834955,1.804083693270897,-49.093942320105455
2026-04-15T15:21:39.174,4.00326418896104,4.003870010606647,4.003872633211174,4.002886533909233,0.07248461439156365,2.04011810065019,2.4187566291544726,2.4203957569834955,1.804083693270897,-49.093942320105455
2026-04-15T15:21:39.283,4.00326418896104,4.003870010606647,4.003872633211174,4.002886533909233,0.07248461439156365,2.04011810065019,2.4187566291544726,2.4203957569834955,1.804083693270897,-49.093942320105455
2026-04-15T15:21:39.394,4.003251075938408,4.0038359167478035,4.003880501024753,4.002952099022394,0.07323146781639772,2.0319224615050757,2.3974479673771754,2.425313140470564,1.8450618889964687,-49.08460665229503
2026-04-15T15:21:39.503,4.003251075938408,4.0038359167478035,4.003880501024753,4.002952099022394,0.07323146781639772,2.0319224615050757,2.3974479673771754,2.425313140470564,1.8450618889964687,-49.08460665229503
2026-04-15T15:21:39.611,4.003251075938408,4.0038359167478035,4.003880501024753,4.002952099022394,0.07323146781639772,2.0319224615050757,2.3974479673771754,2.425313140470564,1.8450618889964687,-49.08460665229503
2026-04-15T15:21:39.719,4.003675937871691,4.003759861216538,4.00372838996222,4.002899646931866,0.0751284755154763,2.2974611698067804,2.3499132603360673,2.3302437263872378,1.8122793324160114,-49.06089405605655
2026-04-15T15:21:39.843,4.003675937871691,4.003759861216538,4.00372838996222,4.002899646931866,0.0751284755154763,2.2974611698067804,2.3499132603360673,2.3302437263872378,1.8122793324160114,-49.06089405605655
2026-04-15T15:21:39.938,4.003675937871691,4.003759861216538,4.00372838996222,4.002899646931866,0.0751284755154763,2.2974611698067804,2.3499132603360673,2.3302437263872378,1.8122793324160114,-49.06089405605655
2026-04-15T15:21:40.048,4.003285169797252,4.004092931991394,4.003515958995578,4.002729177637647,0.07746363722379085,2.053231123282373,2.5580824946214165,2.1974743722363854,1.705736023529525,-49.03170453470261
2026-04-15T15:21:40.155,4.003285169797252,4.004092931991394,4.003515958995578,4.002729177637647,0.07746363722379085,2.053231123282373,2.5580824946214165,2.1974743722363854,1.705736023529525,-49.03170453470261
2026-04-15T15:21:40.265,4.003285169797252,4.004092931991394,4.003515958995578,4.002729177637647,0.07746363722379085,2.053231123282373,2.5580824946214165,2.1974743722363854,1.705736023529525,-49.03170453470261
2026-04-15T15:21:40.373,4.00334548970136,4.004095554595921,4.003484487741261,4.0029625894405,0.0761939864015729,2.090931063349899,2.5597216224504393,2.177804838288111,1.8516184003125602,-49.04757516998034
2026-04-15T15:21:40.487,4.00334548970136,4.004095554595921,4.003484487741261,4.0029625894405,0.0761939864015729,2.090931063349899,2.5597216224504393,2.177804838288111,1.8516184003125602,-49.04757516998034
2026-04-15T15:21:40.591,4.00334548970136,4.004095554595921,4.003484487741261,4.0029625894405,0.0761939864015729,2.090931063349899,2.5597216224504393,2.177804838288111,1.8516184003125602,-49.04757516998034
2026-04-15T15:21:40.702,4.0037939550753805,4.003856897584015,4.003531694622737,4.002826214005125,0.07391359394441285,2.3712219221128095,2.4105609900093583,2.2073091392105226,1.766383753203371,-49.07608007569484
2026-04-15T15:21:40.812,4.0037939550753805,4.003856897584015,4.003531694622737,4.002826214005125,0.07391359394441285,2.3712219221128095,2.4105609900093583,2.2073091392105226,1.766383753203371,-49.07608007569484
2026-04-15T15:21:40.931,4.0037939550753805,4.003856897584015,4.003531694622737,4.002826214005125,0.07391359394441285,2.3712219221128095,2.4105609900093583,2.2073091392105226,1.766383753203371,-49.07608007569484
2026-04-15T15:21:41.034,4.003466129509576,4.003930330510755,4.0036680700581115,4.003067493621558,0.07695079787207146,2.166330943484951,2.4564565692219986,2.292543786319712,1.917183513473475,-49.03811502659911
2026-04-15T15:21:41.145,4.003466129509576,4.003930330510755,4.0036680700581115,4.003067493621558,0.07695079787207146,2.166330943484951,2.4564565692219986,2.292543786319712,1.917183513473475,-49.03811502659911
2026-04-15T15:21:41.248,4.003466129509576,4.003930330510755,4.0036680700581115,4.003067493621558,0.07695079787207146,2.166330943484951,2.4564565692219986,2.292543786319712,1.917183513473475,-49.03811502659911
2026-04-15T15:21:41.360,4.003253698542935,4.003953933951494,4.00372838996222,4.0029888154857645,0.07913160987258697,2.0335615893340986,2.4712087196837595,2.3302437263872378,1.8680096786027889,-49.01085487659266
2026-04-15T15:21:41.467,4.003253698542935,4.003953933951494,4.00372838996222,4.0029888154857645,0.07913160987258697,2.0335615893340986,2.4712087196837595,2.3302437263872378,1.8680096786027889,-49.01085487659266
2026-04-15T15:21:41.592,4.003253698542935,4.003953933951494,4.00372838996222,4.0029888154857645,0.07913160987258697,2.0335615893340986,2.4712087196837595,2.3302437263872378,1.8680096786027889,-49.01085487659266
2026-04-15T15:21:41.686,4.003628730990215,4.004127025850238,4.003814935911592,4.003077984039663,0.07745865820095862,2.2679568688843688,2.5793911563987137,2.3843349447449924,1.9237400247895664,-49.03176677248802
2026-04-15T15:21:41.795,4.003628730990215,4.004127025850238,4.003814935911592,4.003077984039663,0.07745865820095862,2.2679568688843688,2.5793911563987137,2.3843349447449924,1.9237400247895664,-49.03176677248802
2026-04-15T15:21:41.905,4.003628730990215,4.004127025850238,4.003814935911592,4.003077984039663,0.07745865820095862,2.2679568688843688,2.5793911563987137,2.3843349447449924,1.9237400247895664,-49.03176677248802
2026-04-15T15:21:42.013,4.003534317227263,4.004032612087286,4.003822803725171,4.002986192881238,0.07480981805421376,2.2089482670395455,2.5203825545538905,2.389252328232061,1.866370550773766,-49.06487727432233
2026-04-15T15:21:42.123,4.003534317227263,4.004032612087286,4.003822803725171,4.002986192881238,0.07480981805421376,2.2089482670395455,2.5203825545538905,2.389252328232061,1.866370550773766,-49.06487727432233
2026-04-15T15:21:42.233,4.003534317227263,4.004032612087286,4.003822803725171,4.002986192881238,0.07480981805421376,2.2089482670395455,2.5203825545538905,2.389252328232061,1.866370550773766,-49.06487727432233
2026-04-15T15:21:42.342,4.003321886260622,4.004090309386868,4.003914594883597,4.0029652120450265,0.07838475644775289,2.076178912888693,2.5564433667923936,2.4466218022478614,1.853257528141583,-49.020190544403086
2026-04-15T15:21:42.453,4.003321886260622,4.004090309386868,4.003914594883597,4.0029652120450265,0.07838475644775289,2.076178912888693,2.5564433667923936,2.4466218022478614,1.853257528141583,-49.020190544403086
2026-04-15T15:21:42.561,4.003321886260622,4.004090309386868,4.003914594883597,4.0029652120450265,0.07838475644775289,2.076178912888693,2.5564433667923936,2.4466218022478614,1.853257528141583,-49.020190544403086
2026-04-15T15:21:42.670,4.00361037275853,4.0043709280711965,4.003445148673364,4.002857685259443,0.07312192931408873,2.2564829740812087,2.7318300444978405,2.153217920852768,1.7860532871516455,-49.08597588357389
2026-04-15T15:21:42.779,4.00361037275853,4.0043709280711965,4.003445148673364,4.002857685259443,0.07312192931408873,2.2564829740812087,2.7318300444978405,2.153217920852768,1.7860532871516455,-49.08597588357389
2026-04-15T15:21:42.890,4.00361037275853,4.0043709280711965,4.003445148673364,4.002857685259443,0.07312192931408873,2.2564829740812087,2.7318300444978405,2.153217920852768,1.7860532871516455,-49.08597588357389
2026-04-15T15:21:42.999,4.003628730990215,4.004168987522661,4.003560543272528,4.0029468538133415,0.07325138390772663,2.2679568688843688,2.6056172016630796,2.225339545329774,1.841783633338423,-49.08435770115342
2026-04-15T15:21:43.110,4.003628730990215,4.004168987522661,4.003560543272528,4.0029468538133415,0.07325138390772663,2.2679568688843688,2.6056172016630796,2.225339545329774,1.841783633338423,-49.08435770115342
2026-04-15T15:21:43.231,4.003628730990215,4.004168987522661,4.003560543272528,4.0029468538133415,0.07325138390772663,2.2679568688843688,2.6056172016630796,2.225339545329774,1.841783633338423,-49.08435770115342
2026-04-15T15:21:43.341,4.00353693983179,4.0044784548567804,4.003935575719808,4.003020286740082,0.07113529920403007,2.2105873948685684,2.799034285487778,2.4597348248800444,1.8876792125510633,-49.11080875994963
2026-04-15T15:21:43.464,4.00353693983179,4.0044784548567804,4.003935575719808,4.003020286740082,0.07113529920403007,2.2105873948685684,2.799034285487778,2.4597348248800444,1.8876792125510633,-49.11080875994963
2026-04-15T15:21:43.559,4.00353693983179,4.0044784548567804,4.003935575719808,4.003020286740082,0.07113529920403007,2.2105873948685684,2.799034285487778,2.4597348248800444,1.8876792125510633,-49.11080875994963
2026-04-15T15:21:43.669,4.003447771277891,4.004260778681086,4.0037100317305345,4.0025324822981645,0.07168299171557507,2.154857048681791,2.66298667567888,2.3187698315840777,1.5828014363528098,-49.10396260355531
2026-04-15T15:21:43.778,4.003447771277891,4.004260778681086,4.0037100317305345,4.0025324822981645,0.07168299171557507,2.154857048681791,2.66298667567888,2.3187698315840777,1.5828014363528098,-49.10396260355531
2026-04-15T15:21:43.877,4.003447771277891,4.004260778681086,4.0037100317305345,4.0025324822981645,0.07168299171557507,2.154857048681791,2.66298667567888,2.3187698315840777,1.5828014363528098,-49.10396260355531
2026-04-15T15:21:43.988,4.00352907201821,4.004229307426769,4.003626108385689,4.0028629304684955,0.07176763510372293,2.2056700113814998,2.6433171417306056,2.266317741055901,1.7893315428096912,-49.10290456120347
2026-04-15T15:21:44.098,4.00352907201821,4.004229307426769,4.003626108385689,4.0028629304684955,0.07176763510372293,2.2056700113814998,2.6433171417306056,2.266317741055901,1.7893315428096912,-49.10290456120347
2026-04-15T15:21:44.202,4.00352907201821,4.004229307426769,4.003626108385689,4.0028629304684955,0.07176763510372293,2.2056700113814998,2.6433171417306056,2.266317741055901,1.7893315428096912,-49.10290456120347
2026-04-15T15:21:44.323,4.003334999283254,4.0041244032457115,4.003487110345787,4.002902269536392,0.0702440541170614,2.0843745520338075,2.577752028569691,2.179443966117134,1.8139184602450342,-49.12194932353673
2026-04-15T15:21:44.434,4.003334999283254,4.0041244032457115,4.003487110345787,4.002902269536392,0.0702440541170614,2.0843745520338075,2.577752028569691,2.179443966117134,1.8139184602450342,-49.12194932353673
2026-04-15T15:21:44.543,4.003334999283254,4.0041244032457115,4.003487110345787,4.002902269536392,0.0702440541170614,2.0843745520338075,2.577752028569691,2.179443966117134,1.8139184602450342,-49.12194932353673
2026-04-15T15:21:44.640,4.003767729030116,4.004108667618553,4.003841161956856,4.003001928508397,0.0704282779618538,2.354830643822581,2.5679172615955537,2.400726223035221,1.8762053177479032,-49.11964652547683
2026-04-15T15:21:44.751,4.003767729030116,4.004108667618553,4.003841161956856,4.003001928508397,0.0704282779618538,2.354830643822581,2.5679172615955537,2.400726223035221,1.8762053177479032,-49.11964652547683
2026-04-15T15:21:44.862,4.003767729030116,4.004108667618553,4.003841161956856,4.003001928508397,0.0704282779618538,2.354830643822581,2.5679172615955537,2.400726223035221,1.8762053177479032,-49.11964652547683
2026-04-15T15:21:44.966,4.00330090542441,4.00414013887287,4.003552675458948,4.002886533909233,0.07268875432768497,2.06306589025651,2.587586795543828,2.2204221618427056,1.804083693270897,-49.09139057090394
2026-04-15T15:21:45.076,4.00330090542441,4.00414013887287,4.003552675458948,4.002886533909233,0.07268875432768497,2.06306589025651,2.587586795543828,2.2204221618427056,1.804083693270897,-49.09139057090394
2026-04-15T15:21:45.186,4.00330090542441,4.00414013887287,4.003552675458948,4.002886533909233,0.07268875432768497,2.06306589025651,2.587586795543828,2.2204221618427056,1.804083693270897,-49.09139057090394
2026-04-15T15:21:45.297,4.0036916734988495,4.004092931991394,4.0034635069050495,4.0028209687960725,0.07651264386283546,2.3072959367809176,2.5580824946214165,2.164691815655928,1.7631054975453253,-49.04359195171455
2026-04-15T15:21:45.405,4.0036916734988495,4.004092931991394,4.0034635069050495,4.0028209687960725,0.07651264386283546,2.3072959367809176,2.5580824946214165,2.164691815655928,1.7631054975453253,-49.04359195171455
2026-04-15T15:21:45.530,4.0036916734988495,4.004092931991394,4.0034635069050495,4.0028209687960725,0.07651264386283546,2.3072959367809176,2.5580824946214165,2.164691815655928,1.7631054975453253,-49.04359195171455
2026-04-15T15:21:45.624,4.003581524108739,4.003959179160546,4.003843784561383,4.002967834649553,0.07419241922301759,2.238452567961957,2.47448697534125,2.402365350864244,1.854896655970606,-49.07259475971228
2026-04-15T15:21:45.733,4.003581524108739,4.003959179160546,4.003843784561383,4.002967834649553,0.07419241922301759,2.238452567961957,2.47448697534125,2.402365350864244,1.854896655970606,-49.07259475971228
2026-04-15T15:21:45.856,4.003581524108739,4.003959179160546,4.003843784561383,4.002967834649553,0.07419241922301759,2.238452567961957,2.47448697534125,2.402365350864244,1.854896655970606,-49.07259475971228
2026-04-15T15:21:45.962,4.003707409126008,4.004318475980668,4.00376510642559,4.0030438901808205,0.07488450339669717,2.317130703755055,2.699047487917383,2.353191515993558,1.9024313630128242,-49.063943707541284
2026-04-15T15:21:46.073,4.003707409126008,4.004318475980668,4.00376510642559,4.0030438901808205,0.07488450339669717,2.317130703755055,2.699047487917383,2.353191515993558,1.9024313630128242,-49.063943707541284
2026-04-15T15:21:46.177,4.003707409126008,4.004318475980668,4.00376510642559,4.0030438901808205,0.07488450339669717,2.317130703755055,2.699047487917383,2.353191515993558,1.9024313630128242,-49.063943707541284
2026-04-15T15:21:46.280,4.003442526068838,4.00444173839341,4.003746748193905,4.0029652120450265,0.07340573361552569,2.151578793023745,2.776086495881458,2.341717621190398,1.853257528141583,-49.08242832980593
2026-04-15T15:21:46.389,4.003442526068838,4.00444173839341,4.003746748193905,4.0029652120450265,0.07340573361552569,2.151578793023745,2.776086495881458,2.341717621190398,1.853257528141583,-49.08242832980593
2026-04-15T15:21:46.499,4.003442526068838,4.00444173839341,4.003746748193905,4.0029652120450265,0.07340573361552569,2.151578793023745,2.776086495881458,2.341717621190398,1.853257528141583,-49.08242832980593
2026-04-15T15:21:46.608,4.0038752558157,4.004132271059291,4.003555298063475,4.003083229248716,0.07557160854754452,2.4220348848125184,2.5826694120567595,2.2220612896717284,1.9270182804476121,-49.055354893155695
2026-04-15T15:21:46.719,4.0038752558157,4.004132271059291,4.003555298063475,4.003083229248716,0.07557160854754452,2.4220348848125184,2.5826694120567595,2.2220612896717284,1.9270182804476121,-49.055354893155695
2026-04-15T15:21:46.829,4.0038752558157,4.004132271059291,4.003555298063475,4.003083229248716,0.07557160854754452,2.4220348848125184,2.5826694120567595,2.2220612896717284,1.9270182804476121,-49.055354893155695
2026-04-15T15:21:46.938,4.003411054814521,4.004239797844875,4.003841161956856,4.002849817445863,0.07952993169916514,2.1319092590754707,2.649873653046697,2.400726223035221,1.7811359036645769,-49.005875853760436
2026-04-15T15:21:47.047,4.003411054814521,4.004239797844875,4.003841161956856,4.002849817445863,0.07952993169916514,2.1319092590754707,2.649873653046697,2.400726223035221,1.7811359036645769,-49.005875853760436
2026-04-15T15:21:47.156,4.003411054814521,4.004239797844875,4.003841161956856,4.002849817445863,0.07952993169916514,2.1319092590754707,2.649873653046697,2.400726223035221,1.7811359036645769,-49.005875853760436
2026-04-15T15:21:47.266,4.003324508865148,4.003982782601284,4.003788709866328,4.002928495581656,0.07772254641106667,2.077818040717716,2.489239125802456,2.3679436664547637,1.830309738535263,-49.02846816986167
2026-04-15T15:21:47.374,4.003324508865148,4.003982782601284,4.003788709866328,4.002928495581656,0.07772254641106667,2.077818040717716,2.489239125802456,2.3679436664547637,1.830309738535263,-49.02846816986167
2026-04-15T15:21:47.484,4.003324508865148,4.003982782601284,4.003788709866328,4.002928495581656,0.07772254641106667,2.077818040717716,2.489239125802456,2.3679436664547637,1.830309738535263,-49.02846816986167
2026-04-15T15:21:47.595,4.003788709866328,4.004239797844875,4.003539562436316,4.002912759954498,0.07759807084026098,2.3679436664547637,2.649873653046697,2.2122265226975912,1.8204749715611257,-49.03002411449674
2026-04-15T15:21:47.702,4.003788709866328,4.004239797844875,4.003539562436316,4.002912759954498,0.07759807084026098,2.3679436664547637,2.649873653046697,2.2122265226975912,1.8204749715611257,-49.03002411449674
2026-04-15T15:21:47.826,4.003788709866328,4.004239797844875,4.003539562436316,4.002912759954498,0.07759807084026098,2.3679436664547637,2.649873653046697,2.2122265226975912,1.8204749715611257,-49.03002411449674
2026-04-15T15:21:47.919,4.003772974239169,4.004024744273707,4.003662824849059,4.002920627768077,0.07995812766273669,2.3581088994806265,2.515465171066822,2.289265530661666,1.8253923550481943,-49.00052340421579
2026-04-15T15:21:48.031,4.003772974239169,4.004024744273707,4.003662824849059,4.002920627768077,0.07995812766273669,2.3581088994806265,2.515465171066822,2.289265530661666,1.8253923550481943,-49.00052340421579
2026-04-15T15:21:48.142,4.003772974239169,4.004024744273707,4.003662824849059,4.002920627768077,0.07995812766273669,2.3581088994806265,2.515465171066822,2.289265530661666,1.8253923550481943,-49.00052340421579
2026-04-15T15:21:48.253,4.0037336351712725,4.004245043053928,4.003497600763893,4.0029232503726035,0.0783349662194306,2.3335219820452835,2.653151908704743,2.1860004774332253,1.8270314828772172,-49.020812922257115
2026-04-15T15:21:48.363,4.0037336351712725,4.004245043053928,4.003497600763893,4.0029232503726035,0.0783349662194306,2.3335219820452835,2.653151908704743,2.1860004774332253,1.8270314828772172,-49.020812922257115
2026-04-15T15:21:48.474,4.0037336351712725,4.004245043053928,4.003497600763893,4.0029232503726035,0.0783349662194306,2.3335219820452835,2.653151908704743,2.1860004774332253,1.8270314828772172,-49.020812922257115
2026-04-15T15:21:48.587,4.003201246452406,4.004205703986031,4.003518581600105,4.0027790071236495,0.07949009951650733,2.000779032753641,2.6285649912694,2.1991135000654083,1.7368794522809594,-49.00637375604366
2026-04-15T15:21:48.697,4.003201246452406,4.004205703986031,4.003518581600105,4.0027790071236495,0.07949009951650733,2.000779032753641,2.6285649912694,2.1991135000654083,1.7368794522809594,-49.00637375604366
2026-04-15T15:21:48.805,4.003201246452406,4.004205703986031,4.003518581600105,4.0027790071236495,0.07949009951650733,2.000779032753641,2.6285649912694,2.1991135000654083,1.7368794522809594,-49.00637375604366
2026-04-15T15:21:48.914,4.0034215452326265,4.004273891703718,4.003662824849059,4.00280785577344,0.07669188868479564,2.138465770391562,2.6711823148239944,2.289265530661666,1.754909858400211,-49.04135139144005
2026-04-15T15:21:49.023,4.0034215452326265,4.004273891703718,4.003662824849059,4.00280785577344,0.07669188868479564,2.138465770391562,2.6711823148239944,2.289265530661666,1.754909858400211,-49.04135139144005
2026-04-15T15:21:49.133,4.0034215452326265,4.004273891703718,4.003662824849059,4.00280785577344,0.07669188868479564,2.138465770391562,2.6711823148239944,2.289265530661666,1.754909858400211,-49.04135139144005
2026-04-15T15:21:49.242,4.003403187000941,4.004003763437495,4.003560543272528,4.002855062654916,0.07372937009962045,2.126991875588402,2.502352148434639,2.225339545329774,1.7844141593226226,-49.07838287375475
2026-04-15T15:21:49.351,4.003403187000941,4.004003763437495,4.003560543272528,4.002855062654916,0.07372937009962045,2.126991875588402,2.502352148434639,2.225339545329774,1.7844141593226226,-49.07838287375475
2026-04-15T15:21:49.461,4.003403187000941,4.004003763437495,4.003560543272528,4.002855062654916,0.07372937009962045,2.126991875588402,2.502352148434639,2.225339545329774,1.7844141593226226,-49.07838287375475
2026-04-15T15:21:49.568,4.00376510642559,4.004315853376141,4.003539562436316,4.002855062654916,0.07438162209064221,2.353191515993558,2.6974083600883603,2.2122265226975912,1.7844141593226226,-49.07022972386697
2026-04-15T15:21:49.677,4.00376510642559,4.004315853376141,4.003539562436316,4.002855062654916,0.07438162209064221,2.353191515993558,2.6974083600883603,2.2122265226975912,1.7844141593226226,-49.07022972386697
2026-04-15T15:21:49.786,4.00376510642559,4.004315853376141,4.003539562436316,4.002855062654916,0.07438162209064221,2.353191515993558,2.6974083600883603,2.2122265226975912,1.7844141593226226,-49.07022972386697
2026-04-15T15:21:49.896,4.003555298063475,4.004549265178995,4.003602504944951,4.003054380598925,0.07603465767094164,2.2220612896717284,2.8432907368719507,2.25156559059414,1.9089878743283606,-49.04956677911323
2026-04-15T15:21:50.006,4.003555298063475,4.004549265178995,4.003602504944951,4.003054380598925,0.07603465767094164,2.2220612896717284,2.8432907368719507,2.25156559059414,1.9089878743283606,-49.04956677911323
2026-04-15T15:21:50.115,4.003555298063475,4.004549265178995,4.003602504944951,4.003054380598925,0.07603465767094164,2.2220612896717284,2.8432907368719507,2.25156559059414,1.9089878743283606,-49.04956677911323
2026-04-15T15:21:50.240,4.003321886260622,4.004465341834148,4.003770351634643,4.0030491353898725,0.07224064227278451,2.076178912888693,2.7908386463426638,2.3564697716516037,1.9057096186703149,-49.09699197159019
2026-04-15T15:21:50.335,4.003321886260622,4.004465341834148,4.003770351634643,4.0030491353898725,0.07224064227278451,2.076178912888693,2.7908386463426638,2.3564697716516037,1.9057096186703149,-49.09699197159019
2026-04-15T15:21:50.444,4.003321886260622,4.004465341834148,4.003770351634643,4.0030491353898725,0.07224064227278451,2.076178912888693,2.7908386463426638,2.3564697716516037,1.9057096186703149,-49.09699197159019
2026-04-15T15:21:50.551,4.003371715746625,4.004237175240348,4.003628730990215,4.002897024327339,0.07295762156062524,2.1073223416406828,2.648234525217674,2.2679568688843688,1.8106402045869885,-49.08802973049218
2026-04-15T15:21:50.661,4.003371715746625,4.004237175240348,4.003628730990215,4.002897024327339,0.07295762156062524,2.1073223416406828,2.648234525217674,2.2679568688843688,1.8106402045869885,-49.08802973049218
2026-04-15T15:21:50.770,4.003371715746625,4.004237175240348,4.003628730990215,4.002897024327339,0.07295762156062524,2.1073223416406828,2.648234525217674,2.2679568688843688,1.8106402045869885,-49.08802973049218
2026-04-15T15:21:50.879,4.003321886260622,4.004276514308245,4.003660202244532,4.002705574196909,0.073500335049338,2.076178912888693,2.6728214426530172,2.287626402832643,1.690983873068319,-49.08124581188327
2026-04-15T15:21:50.988,4.003321886260622,4.004276514308245,4.003660202244532,4.002705574196909,0.073500335049338,2.076178912888693,2.6728214426530172,2.287626402832643,1.690983873068319,-49.08124581188327
2026-04-15T15:21:51.097,4.003321886260622,4.004276514308245,4.003660202244532,4.002705574196909,0.073500335049338,2.076178912888693,2.6728214426530172,2.287626402832643,1.690983873068319,-49.08124581188327
2026-04-15T15:21:51.206,4.003612995363056,4.004014253855601,4.00376510642559,4.0030071737174495,0.07043823600751827,2.2581221019102315,2.5089086597507304,2.353191515993558,1.879483573405949,-49.119522049906024
2026-04-15T15:21:51.311,4.003612995363056,4.004014253855601,4.00376510642559,4.0030071737174495,0.07043823600751827,2.2581221019102315,2.5089086597507304,2.353191515993558,1.879483573405949,-49.119522049906024
2026-04-15T15:21:51.422,4.003612995363056,4.004014253855601,4.00376510642559,4.0030071737174495,0.07043823600751827,2.2581221019102315,2.5089086597507304,2.353191515993558,1.879483573405949,-49.119522049906024
2026-04-15T15:21:51.533,4.003101587480401,4.004410267139093,4.003447771277891,4.002687215965224,0.07275846064733615,1.9384921752507722,2.7564169619331835,2.154857048681791,1.679509978265159,-49.0905192419083
2026-04-15T15:21:51.643,4.003101587480401,4.004410267139093,4.003447771277891,4.002687215965224,0.07275846064733615,1.9384921752507722,2.7564169619331835,2.154857048681791,1.679509978265159,-49.0905192419083
2026-04-15T15:21:51.752,4.003101587480401,4.004410267139093,4.003447771277891,4.002687215965224,0.07275846064733615,1.9384921752507722,2.7564169619331835,2.154857048681791,1.679509978265159,-49.0905192419083
2026-04-15T15:21:51.861,4.003696918707902,4.004297495144456,4.003736257775799,4.00308060664419,0.0717825721722196,2.3105741924389633,2.6859344652852,2.3351611098743064,1.9253791526185893,-49.10271784784725
2026-04-15T15:21:51.968,4.003696918707902,4.004297495144456,4.003736257775799,4.00308060664419,0.0717825721722196,2.3105741924389633,2.6859344652852,2.3351611098743064,1.9253791526185893,-49.10271784784725
2026-04-15T15:21:52.077,4.003696918707902,4.004297495144456,4.003736257775799,4.00308060664419,0.0717825721722196,2.3105741924389633,2.6859344652852,2.3351611098743064,1.9253791526185893,-49.10271784784725
2026-04-15T15:21:52.185,4.003348112305886,4.003988027810337,4.003712654335061,4.002781629728176,0.07157345321326607,2.092570191178922,2.4925173814605017,2.3204089594131005,1.7385185801099823,-49.105331834834175
2026-04-15T15:21:52.295,4.003348112305886,4.003988027810337,4.003712654335061,4.002781629728176,0.07157345321326607,2.092570191178922,2.4925173814605017,2.3204089594131005,1.7385185801099823,-49.105331834834175
2026-04-15T15:21:52.406,4.003348112305886,4.003988027810337,4.003712654335061,4.002781629728176,0.07157345321326607,2.092570191178922,2.4925173814605017,2.3204089594131005,1.7385185801099823,-49.105331834834175
2026-04-15T15:21:52.514,4.00368380568527,4.0039198400926495,4.003820181120646,4.00288915651376,0.0707718305372775,2.302378553293849,2.449900057905907,2.3876132004035933,1.8057228210999199,-49.11535211828404
2026-04-15T15:21:52.628,4.00368380568527,4.0039198400926495,4.003820181120646,4.00288915651376,0.0707718305372775,2.302378553293849,2.449900057905907,2.3876132004035933,1.8057228210999199,-49.11535211828404
2026-04-15T15:21:52.732,4.00368380568527,4.0039198400926495,4.003820181120646,4.00288915651376,0.0707718305372775,2.302378553293849,2.449900057905907,2.3876132004035933,1.8057228210999199,-49.11535211828404
2026-04-15T15:21:52.842,4.003602504944951,4.003922462697176,4.003746748193905,4.002710819405962,0.07170290780690397,2.25156559059414,2.45153918573493,2.341717621190398,1.6942621287263648,-49.1037136524137
2026-04-15T15:21:52.967,4.003602504944951,4.003922462697176,4.003746748193905,4.002710819405962,0.07170290780690397,2.25156559059414,2.45153918573493,2.341717621190398,1.6942621287263648,-49.1037136524137
2026-04-15T15:21:53.062,4.003602504944951,4.003922462697176,4.003746748193905,4.002710819405962,0.07170290780690397,2.25156559059414,2.45153918573493,2.341717621190398,1.6942621287263648,-49.1037136524137
2026-04-15T15:21:53.170,4.003329754074201,4.0041034224095,4.003799200284433,4.002928495581656,0.07411773388053418,2.0810962963757618,2.564639005937508,2.374500177770855,1.830309738535263,-49.07352832649332
2026-04-15T15:21:53.280,4.003329754074201,4.0041034224095,4.003799200284433,4.002928495581656,0.07411773388053418,2.0810962963757618,2.564639005937508,2.374500177770855,1.830309738535263,-49.07352832649332
2026-04-15T15:21:53.390,4.003329754074201,4.0041034224095,4.003799200284433,4.002928495581656,0.07411773388053418,2.0810962963757618,2.564639005937508,2.374500177770855,1.830309738535263,-49.07352832649332
2026-04-15T15:21:53.501,4.003502845972946,4.00406670594613,4.003772974239169,4.002967834649553,0.0728231879441551,2.189278733091271,2.5416912163311878,2.3581088994806265,1.854896655970606,-49.08971015069806
2026-04-15T15:21:53.609,4.003502845972946,4.00406670594613,4.003772974239169,4.002967834649553,0.0728231879441551,2.189278733091271,2.5416912163311878,2.3581088994806265,1.854896655970606,-49.08971015069806
2026-04-15T15:21:53.717,4.003502845972946,4.00406670594613,4.003772974239169,4.002967834649553,0.0728231879441551,2.189278733091271,2.5416912163311878,2.3581088994806265,1.854896655970606,-49.08971015069806
2026-04-15T15:21:53.826,4.003169775198089,4.004200458776978,4.003738880380325,4.003077984039663,0.07395342612707068,1.9811094988053668,2.625286735611354,2.3368002377033292,1.9237400247895664,-49.07558217341161
2026-04-15T15:21:53.950,4.003169775198089,4.004200458776978,4.003738880380325,4.003077984039663,0.07395342612707068,1.9811094988053668,2.625286735611354,2.3368002377033292,1.9237400247895664,-49.07558217341161
2026-04-15T15:21:54.058,4.003169775198089,4.004200458776978,4.003738880380325,4.003077984039663,0.07395342612707068,1.9811094988053668,2.625286735611354,2.3368002377033292,1.9237400247895664,-49.07558217341161
2026-04-15T15:21:54.168,4.0031907560343,4.003951311346967,4.0037519934029575,4.002912759954498,0.07363974768864036,1.9942225214375497,2.4695695918541816,2.3449958768484436,1.8204749715611257,-49.079503153892
2026-04-15T15:21:54.277,4.0031907560343,4.003951311346967,4.0037519934029575,4.002912759954498,0.07363974768864036,1.9942225214375497,2.4695695918541816,2.3449958768484436,1.8204749715611257,-49.079503153892
2026-04-15T15:21:54.386,4.0031907560343,4.003951311346967,4.0037519934029575,4.002912759954498,0.07363974768864036,1.9942225214375497,2.4695695918541816,2.3449958768484436,1.8204749715611257,-49.079503153892
2026-04-15T15:21:54.488,4.003715276939587,4.004328966398774,4.00372052214864,4.002907514745445,0.07470525857473698,2.3220480872421234,2.7056039992334746,2.325326342900169,1.81719671590308,-49.066184267815785
2026-04-15T15:21:54.598,4.003715276939587,4.004328966398774,4.00372052214864,4.002907514745445,0.07470525857473698,2.3220480872421234,2.7056039992334746,2.325326342900169,1.81719671590308,-49.066184267815785
2026-04-15T15:21:54.702,4.003715276939587,4.004328966398774,4.00372052214864,4.002907514745445,0.07470525857473698,2.3220480872421234,2.7056039992334746,2.325326342900169,1.81719671590308,-49.066184267815785
2026-04-15T15:21:54.813,4.003177643011668,4.004318475980668,4.003870010606647,4.003188133429774,0.07422229336001095,1.9860268822924354,2.699047487917383,2.4187566291544726,1.9925833936085269,-49.07222133299987
2026-04-15T15:21:54.924,4.003177643011668,4.004318475980668,4.003870010606647,4.003188133429774,0.07422229336001095,1.9860268822924354,2.699047487917383,2.4187566291544726,1.9925833936085269,-49.07222133299987
2026-04-15T15:21:55.034,4.003177643011668,4.004318475980668,4.003870010606647,4.003188133429774,0.07422229336001095,1.9860268822924354,2.699047487917383,2.4187566291544726,1.9925833936085269,-49.07222133299987
2026-04-15T15:21:55.152,4.003306150633463,4.0043315890033,4.003510713786525,4.003156662175456,0.07226553738694565,2.066344145914556,2.7072431270624975,2.1941961165783397,1.9729138596602525,-49.09668078266318
2026-04-15T15:21:55.256,4.003306150633463,4.0043315890033,4.003510713786525,4.003156662175456,0.07226553738694565,2.066344145914556,2.7072431270624975,2.1941961165783397,1.9729138596602525,-49.09668078266318
2026-04-15T15:21:55.369,4.003306150633463,4.0043315890033,4.003510713786525,4.003156662175456,0.07226553738694565,2.066344145914556,2.7072431270624975,2.1941961165783397,1.9729138596602525,-49.09668078266318
2026-04-15T15:21:55.477,4.00327205677462,4.0043315890033,4.003636598803794,4.00311732310756,0.07648774874867433,2.0450354841372587,2.7072431270624975,2.2728742523714374,1.9483269422249094,-49.04390314064157
2026-04-15T15:21:55.581,4.00327205677462,4.0043315890033,4.003636598803794,4.00311732310756,0.07648774874867433,2.0450354841372587,2.7072431270624975,2.2728742523714374,1.9483269422249094,-49.04390314064157
2026-04-15T15:21:55.696,4.00327205677462,4.0043315890033,4.003636598803794,4.00311732310756,0.07648774874867433,2.0450354841372587,2.7072431270624975,2.2728742523714374,1.9483269422249094,-49.04390314064157
2026-04-15T15:21:55.806,4.003639221408321,4.004355192444039,4.003817558516118,4.003143549152824,0.07736903578997853,2.2745133802004602,2.7219952775242584,2.3859740725740153,1.9647182205151381,-49.03288705262527
2026-04-15T15:21:55.930,4.003639221408321,4.004355192444039,4.003817558516118,4.003143549152824,0.07736903578997853,2.2745133802004602,2.7219952775242584,2.3859740725740153,1.9647182205151381,-49.03288705262527
2026-04-15T15:21:56.023,4.003639221408321,4.004355192444039,4.003817558516118,4.003143549152824,0.07736903578997853,2.2745133802004602,2.7219952775242584,2.3859740725740153,1.9647182205151381,-49.03288705262527
2026-04-15T15:21:56.133,4.003314018447043,4.003988027810337,4.0039381983243345,4.003138303943771,0.07645289558884874,2.0712615294016246,2.4925173814605017,2.4613739527090672,1.9614399648570924,-49.04433880513939
2026-04-15T15:21:56.243,4.003314018447043,4.003988027810337,4.0039381983243345,4.003138303943771,0.07645289558884874,2.0712615294016246,2.4925173814605017,2.4613739527090672,1.9614399648570924,-49.04433880513939
2026-04-15T15:21:56.349,4.003314018447043,4.003988027810337,4.0039381983243345,4.003138303943771,0.07645289558884874,2.0712615294016246,2.4925173814605017,2.4613739527090672,1.9614399648570924,-49.04433880513939
2026-04-15T15:21:56.459,4.003586769317792,4.004203081381505,4.0038962366519115,4.002957344231447,0.07723958119634063,2.241730823620003,2.626925863440377,2.4351479074447013,1.8483401446545145,-49.03450523504574
2026-04-15T15:21:56.564,4.003586769317792,4.004203081381505,4.0038962366519115,4.002957344231447,0.07723958119634063,2.241730823620003,2.626925863440377,2.4351479074447013,1.8483401446545145,-49.03450523504574
2026-04-15T15:21:56.679,4.003586769317792,4.004203081381505,4.0038962366519115,4.002957344231447,0.07723958119634063,2.241730823620003,2.626925863440377,2.4351479074447013,1.8483401446545145,-49.03450523504574
2026-04-15T15:21:56.786,4.003397941791889,4.004205703986031,4.0036077501540035,4.003203869056932,0.07740388894980413,2.1237136199303563,2.6285649912694,2.254843846252186,2.002418160582664,-49.03245138812745
2026-04-15T15:21:56.897,4.003397941791889,4.004205703986031,4.0036077501540035,4.003203869056932,0.07740388894980413,2.1237136199303563,2.6285649912694,2.254843846252186,2.002418160582664,-49.03245138812745
2026-04-15T15:21:57.007,4.003397941791889,4.004205703986031,4.0036077501540035,4.003203869056932,0.07740388894980413,2.1237136199303563,2.6285649912694,2.254843846252186,2.002418160582664,-49.03245138812745
2026-04-15T15:21:57.117,4.003796577679907,4.004488945274886,4.003644466617374,4.002834081818705,0.0745807830039313,2.3728610499418323,2.8055907968038696,2.277791635858506,1.7713011366904396,-49.06774021245086
2026-04-15T15:21:57.228,4.003796577679907,4.004488945274886,4.003644466617374,4.002834081818705,0.0745807830039313,2.3728610499418323,2.8055907968038696,2.277791635858506,1.7713011366904396,-49.06774021245086
2026-04-15T15:21:57.337,4.003796577679907,4.004488945274886,4.003644466617374,4.002834081818705,0.0745807830039313,2.3728610499418323,2.8055907968038696,2.277791635858506,1.7713011366904396,-49.06774021245086
2026-04-15T15:21:57.446,4.003293037610831,4.004231930031295,4.003681183080744,4.0030491353898725,0.07387376176175503,2.0581485067694416,2.6449562695596285,2.300739425464826,1.9057096186703149,-49.07657797797806
2026-04-15T15:21:57.557,4.003293037610831,4.004231930031295,4.003681183080744,4.0030491353898725,0.07387376176175503,2.0581485067694416,2.6449562695596285,2.300739425464826,1.9057096186703149,-49.07657797797806
2026-04-15T15:21:57.667,4.003293037610831,4.004231930031295,4.003681183080744,4.0030491353898725,0.07387376176175503,2.0581485067694416,2.6449562695596285,2.300739425464826,1.9057096186703149,-49.07657797797806
2026-04-15T15:21:57.779,4.003258943751987,4.004276514308245,4.003602504944951,4.003198623847879,0.0757508533695047,2.0368398449921443,2.6728214426530172,2.25156559059414,1.9991399049246183,-49.053114332881194
2026-04-15T15:21:57.903,4.003258943751987,4.004276514308245,4.003602504944951,4.003198623847879,0.0757508533695047,2.0368398449921443,2.6728214426530172,2.25156559059414,1.9991399049246183,-49.053114332881194
2026-04-15T15:21:58.012,4.003258943751987,4.004276514308245,4.003602504944951,4.003198623847879,0.0757508533695047,2.0368398449921443,2.6728214426530172,2.25156559059414,1.9991399049246183,-49.053114332881194
2026-04-15T15:21:58.122,4.003353357514939,4.00414800668645,4.0034215452326265,4.003169775198089,0.0746355522550858,2.0958484468369676,2.592504179031452,2.138465770391562,1.9811094988053668,-49.06705559681143
2026-04-15T15:21:58.230,4.003353357514939,4.00414800668645,4.0034215452326265,4.003169775198089,0.0746355522550858,2.0958484468369676,2.592504179031452,2.138465770391562,1.9811094988053668,-49.06705559681143
2026-04-15T15:21:58.339,4.003353357514939,4.00414800668645,4.0034215452326265,4.003169775198089,0.0746355522550858,2.0958484468369676,2.592504179031452,2.138465770391562,1.9811094988053668,-49.06705559681143
2026-04-15T15:21:58.448,4.003324508865148,4.004575491224259,4.003723144753167,4.003224849893144,0.0755118602735578,2.077818040717716,2.8596820151616242,2.326965470729192,2.015531183214847,-49.056101746580524
2026-04-15T15:21:58.558,4.003324508865148,4.004575491224259,4.003723144753167,4.003224849893144,0.0755118602735578,2.077818040717716,2.8596820151616242,2.326965470729192,2.015531183214847,-49.056101746580524
2026-04-15T15:21:58.666,4.003324508865148,4.004575491224259,4.003723144753167,4.003224849893144,0.0755118602735578,2.077818040717716,2.8596820151616242,2.326965470729192,2.015531183214847,-49.056101746580524
2026-04-15T15:21:58.774,4.003203869056932,4.004504680902045,4.003432035650733,4.00308060664419,0.07555169245621561,2.002418160582664,2.815425563778007,2.1450222817082087,1.9253791526185893,-49.05560384429731
2026-04-15T15:21:58.883,4.003203869056932,4.004504680902045,4.003432035650733,4.00308060664419,0.07555169245621561,2.002418160582664,2.815425563778007,2.1450222817082087,1.9253791526185893,-49.05560384429731
2026-04-15T15:21:58.993,4.003203869056932,4.004504680902045,4.003432035650733,4.00308060664419,0.07555169245621561,2.002418160582664,2.815425563778007,2.1450222817082087,1.9253791526185893,-49.05560384429731
2026-04-15T15:21:59.102,4.00326418896104,4.004651546755525,4.003539562436316,4.003106832689454,0.07481977609987822,2.04011810065019,2.9072167222032874,2.2122265226975912,1.941770430908818,-49.06475279875152
2026-04-15T15:21:59.225,4.00326418896104,4.004651546755525,4.003539562436316,4.003106832689454,0.07481977609987822,2.04011810065019,2.9072167222032874,2.2122265226975912,1.941770430908818,-49.06475279875152
2026-04-15T15:21:59.320,4.00326418896104,4.004651546755525,4.003539562436316,4.003106832689454,0.07481977609987822,2.04011810065019,2.9072167222032874,2.2122265226975912,1.941770430908818,-49.06475279875152
2026-04-15T15:21:59.430,4.003274679379146,4.004360437653091,4.00369954131243,4.00307273883061,0.07722464412784395,2.0466746119662815,2.725273533181749,2.3122133202685413,1.9204617691315207,-49.03469194840195
2026-04-15T15:21:59.533,4.003274679379146,4.004360437653091,4.00369954131243,4.00307273883061,0.07722464412784395,2.0466746119662815,2.725273533181749,2.3122133202685413,1.9204617691315207,-49.03469194840195
2026-04-15T15:21:59.644,4.003274679379146,4.004360437653091,4.00369954131243,4.00307273883061,0.07722464412784395,2.0466746119662815,2.725273533181749,2.3122133202685413,1.9204617691315207,-49.03469194840195
2026-04-15T15:21:59.748,4.003243208124829,4.004420757557199,4.003581524108739,4.003093719666822,0.07504383212732843,2.027005078018007,2.762973473249275,2.238452567961957,1.9335747917637036,-49.0619520984084
2026-04-15T15:21:59.859,4.003243208124829,4.004420757557199,4.003581524108739,4.003093719666822,0.07504383212732843,2.027005078018007,2.762973473249275,2.238452567961957,1.9335747917637036,-49.0619520984084
2026-04-15T15:21:59.969,4.003243208124829,4.004420757557199,4.003581524108739,4.003093719666822,0.07504383212732843,2.027005078018007,2.762973473249275,2.238452567961957,1.9335747917637036,-49.0619520984084
2026-04-15T15:22:00.080,4.003143549152824,4.004287004726351,4.003290415006305,4.002975702463132,0.07399823733256071,1.9647182205151381,2.6793779539691087,2.0565093789404187,1.8598140394576745,-49.07502203334299
2026-04-15T15:22:00.197,4.003143549152824,4.004287004726351,4.003290415006305,4.002975702463132,0.07399823733256071,1.9647182205151381,2.6793779539691087,2.0565093789404187,1.8598140394576745,-49.07502203334299
2026-04-15T15:22:00.306,4.003143549152824,4.004287004726351,4.003290415006305,4.002975702463132,0.07399823733256071,1.9647182205151381,2.6793779539691087,2.0565093789404187,1.8598140394576745,-49.07502203334299
2026-04-15T15:22:00.417,4.003122568316613,4.004349947234985,4.003597259735898,4.0029625894405,0.0746156361637569,1.9516051978829552,2.7187170218656576,2.2482873349360943,1.8516184003125602,-49.067304547953036
2026-04-15T15:22:00.529,4.003122568316613,4.004349947234985,4.003597259735898,4.0029625894405,0.0746156361637569,1.9516051978829552,2.7187170218656576,2.2482873349360943,1.8516184003125602,-49.067304547953036
2026-04-15T15:22:00.636,4.003122568316613,4.004349947234985,4.003597259735898,4.0029625894405,0.0746156361637569,1.9516051978829552,2.7187170218656576,2.2482873349360943,1.8516184003125602,-49.067304547953036
2026-04-15T15:22:00.747,4.003316641051569,4.004502058297518,4.003453016486944,4.003046512785346,0.0711601943181912,2.0729006572306474,2.813786435948984,2.1581353043398366,1.904070490841292,-49.11049757102261
2026-04-15T15:22:00.857,4.003316641051569,4.004502058297518,4.003453016486944,4.003046512785346,0.0711601943181912,2.0729006572306474,2.813786435948984,2.1581353043398366,1.904070490841292,-49.11049757102261
2026-04-15T15:22:00.951,4.003316641051569,4.004502058297518,4.003453016486944,4.003046512785346,0.0711601943181912,2.0729006572306474,2.813786435948984,2.1581353043398366,1.904070490841292,-49.11049757102261
2026-04-15T15:22:01.062,4.0035054685774725,4.004381418489302,4.00345563909147,4.003012418926502,0.07301239081177974,2.190917860920294,2.738386555813932,2.1597744321688594,1.8827618290639947,-49.08734511485275
2026-04-15T15:22:01.171,4.0035054685774725,4.004381418489302,4.00345563909147,4.003012418926502,0.07301239081177974,2.190917860920294,2.738386555813932,2.1597744321688594,1.8827618290639947,-49.08734511485275
2026-04-15T15:22:01.279,4.0035054685774725,4.004381418489302,4.00345563909147,4.003012418926502,0.07301239081177974,2.190917860920294,2.738386555813932,2.1597744321688594,1.8827618290639947,-49.08734511485275
2026-04-15T15:22:01.390,4.003342867096833,4.004171610127187,4.003568411086107,4.002918005163551,0.07315678247391431,2.089291935520876,2.6072563294921025,2.230256928816843,1.8237532272191714,-49.08554021907607
2026-04-15T15:22:01.500,4.003342867096833,4.004171610127187,4.003568411086107,4.002918005163551,0.07315678247391431,2.089291935520876,2.6072563294921025,2.230256928816843,1.8237532272191714,-49.08554021907607
2026-04-15T15:22:01.610,4.003342867096833,4.004171610127187,4.003568411086107,4.002918005163551,0.07315678247391431,2.089291935520876,2.6072563294921025,2.230256928816843,1.8237532272191714,-49.08554021907607
2026-04-15T15:22:01.720,4.003395319187362,4.004318475980668,4.0034215452326265,4.0031330587347185,0.07513345453830853,2.1220744921013335,2.699047487917383,2.138465770391562,1.9581617091990466,-49.06083181827115
2026-04-15T15:22:01.829,4.003395319187362,4.004318475980668,4.0034215452326265,4.0031330587347185,0.07513345453830853,2.1220744921013335,2.699047487917383,2.138465770391562,1.9581617091990466,-49.06083181827115
2026-04-15T15:22:01.939,4.003395319187362,4.004318475980668,4.0034215452326265,4.0031330587347185,0.07513345453830853,2.1220744921013335,2.699047487917383,2.138465770391562,1.9581617091990466,-49.06083181827115
2026-04-15T15:22:02.049,4.00315403957093,4.004357815048564,4.003348112305886,4.0029625894405,0.07561641975303457,1.9712747318312296,2.723634405352726,2.092570191178922,1.8516184003125602,-49.054794753087066
2026-04-15T15:22:02.156,4.00315403957093,4.004357815048564,4.003348112305886,4.0029625894405,0.07561641975303457,1.9712747318312296,2.723634405352726,2.092570191178922,1.8516184003125602,-49.054794753087066
2026-04-15T15:22:02.265,4.00315403957093,4.004357815048564,4.003348112305886,4.0029625894405,0.07561641975303457,1.9712747318312296,2.723634405352726,2.092570191178922,1.8516184003125602,-49.054794753087066
2026-04-15T15:22:02.374,4.003644466617374,4.004108667618553,4.003689050894323,4.0032353403112495,0.07354514625482805,2.277791635858506,2.5679172615955537,2.3056568089518947,2.0220876945309385,-49.08068567181465
2026-04-15T15:22:02.482,4.003644466617374,4.004108667618553,4.003689050894323,4.0032353403112495,0.07354514625482805,2.277791635858506,2.5679172615955537,2.3056568089518947,2.0220876945309385,-49.08068567181465
2026-04-15T15:22:02.606,4.003644466617374,4.004108667618553,4.003689050894323,4.0032353403112495,0.07354514625482805,2.277791635858506,2.5679172615955537,2.3056568089518947,2.0220876945309385,-49.08068567181465
2026-04-15T15:22:02.729,4.0033376218877805,4.003925085301702,4.003592014526845,4.003306150633463,0.07386380371609058,2.0860136798628304,2.453178313563953,2.2450090792780486,2.066344145914556,-49.07670245354887
2026-04-15T15:22:02.824,4.0033376218877805,4.003925085301702,4.003592014526845,4.003306150633463,0.07386380371609058,2.0860136798628304,2.453178313563953,2.2450090792780486,2.066344145914556,-49.07670245354887
2026-04-15T15:22:02.935,4.0033376218877805,4.003925085301702,4.003592014526845,4.003306150633463,0.07386380371609058,2.0860136798628304,2.453178313563953,2.2450090792780486,2.066344145914556,-49.07670245354887
2026-04-15T15:22:03.044,4.00311732310756,4.004003763437495,4.003489732950314,4.003083229248716,0.07349037700367354,1.9483269422249094,2.502352148434639,2.1810830939461567,1.9270182804476121,-49.08137028745408
2026-04-15T15:22:03.152,4.00311732310756,4.004003763437495,4.003489732950314,4.003083229248716,0.07349037700367354,1.9483269422249094,2.502352148434639,2.1810830939461567,1.9270182804476121,-49.08137028745408
2026-04-15T15:22:03.262,4.00311732310756,4.004003763437495,4.003489732950314,4.003083229248716,0.07349037700367354,1.9483269422249094,2.502352148434639,2.1810830939461567,1.9270182804476121,-49.08137028745408
2026-04-15T15:22:03.370,4.003484487741261,4.00452303913373,4.003675937871691,4.0033192636560955,0.07492931460218721,2.177804838288111,2.826899458581167,2.2974611698067804,2.0745397850596703,-49.06338356747266
2026-04-15T15:22:03.478,4.003484487741261,4.00452303913373,4.003675937871691,4.0033192636560955,0.07492931460218721,2.177804838288111,2.826899458581167,2.2974611698067804,2.0745397850596703,-49.06338356747266
2026-04-15T15:22:03.588,4.003484487741261,4.00452303913373,4.003675937871691,4.0033192636560955,0.07492931460218721,2.177804838288111,2.826899458581167,2.2974611698067804,2.0745397850596703,-49.06338356747266
2026-04-15T15:22:03.696,4.003201246452406,4.003925085301702,4.003371715746625,4.002870798282075,0.06990548056446996,2.000779032753641,2.453178313563953,2.1073223416406828,1.7942489262967598,-49.12618149294413
2026-04-15T15:22:03.805,4.003201246452406,4.003925085301702,4.003371715746625,4.002870798282075,0.06990548056446996,2.000779032753641,2.453178313563953,2.1073223416406828,1.7942489262967598,-49.12618149294413
2026-04-15T15:22:03.915,4.003201246452406,4.003925085301702,4.003371715746625,4.002870798282075,0.06990548056446996,2.000779032753641,2.453178313563953,2.1073223416406828,1.7942489262967598,-49.12618149294413
2026-04-15T15:22:04.023,4.003209114265985,4.0044784548567804,4.003660202244532,4.003059625807978,0.07148383080228599,2.00569641624071,2.799034285487778,2.287626402832643,1.9122661299864063,-49.106452114971425
2026-04-15T15:22:04.132,4.003209114265985,4.0044784548567804,4.003660202244532,4.003059625807978,0.07148383080228599,2.00569641624071,2.799034285487778,2.287626402832643,1.9122661299864063,-49.106452114971425
2026-04-15T15:22:04.242,4.003209114265985,4.0044784548567804,4.003660202244532,4.003059625807978,0.07148383080228599,2.00569641624071,2.799034285487778,2.287626402832643,1.9122661299864063,-49.106452114971425
2026-04-15T15:22:04.349,4.0032956602153575,4.0043709280711965,4.003744125589378,4.003085851853243,0.07107555093004335,2.0597876345984645,2.7318300444978405,2.340078493361375,1.928657408276635,-49.111555613374456
2026-04-15T15:22:04.457,4.0032956602153575,4.0043709280711965,4.003744125589378,4.003085851853243,0.07107555093004335,2.0597876345984645,2.7318300444978405,2.340078493361375,1.928657408276635,-49.111555613374456
2026-04-15T15:22:04.565,4.0032956602153575,4.0043709280711965,4.003744125589378,4.003085851853243,0.07107555093004335,2.0597876345984645,2.7318300444978405,2.340078493361375,1.928657408276635,-49.111555613374456
2026-04-15T15:22:04.673,4.0029888154857645,4.004546642574468,4.003652334430953,4.00297045725408,0.07468534248340807,1.8680096786027889,2.8416516090423727,2.2827090193455746,1.856535783800184,-49.0664332189574
2026-04-15T15:22:04.782,4.0029888154857645,4.004546642574468,4.003652334430953,4.00297045725408,0.07468534248340807,1.8680096786027889,2.8416516090423727,2.2827090193455746,1.856535783800184,-49.0664332189574
2026-04-15T15:22:04.892,4.0029888154857645,4.004546642574468,4.003652334430953,4.00297045725408,0.07468534248340807,1.8680096786027889,2.8416516090423727,2.2827090193455746,1.856535783800184,-49.0664332189574
2026-04-15T15:22:05.001,4.003468752114102,4.004488945274886,4.003565788481581,4.002980947672185,0.07629356685821746,2.167970071313974,2.8055907968038696,2.228617800988375,1.8630922951157203,-49.04633041427228
2026-04-15T15:22:05.110,4.003468752114102,4.004488945274886,4.003565788481581,4.002980947672185,0.07629356685821746,2.167970071313974,2.8055907968038696,2.228617800988375,1.8630922951157203,-49.04633041427228
2026-04-15T15:22:05.218,4.003468752114102,4.004488945274886,4.003565788481581,4.002980947672185,0.07629356685821746,2.167970071313974,2.8055907968038696,2.228617800988375,1.8630922951157203,-49.04633041427228
2026-04-15T15:22:05.328,4.003177643011668,4.003888368838332,4.003334999283254,4.003051757994399,0.07313686638258542,1.9860268822924354,2.4302305239576327,2.0843745520338075,1.9073487464993377,-49.08578917021768
2026-04-15T15:22:05.436,4.003177643011668,4.003888368838332,4.003334999283254,4.003051757994399,0.07313686638258542,1.9860268822924354,2.4302305239576327,2.0843745520338075,1.9073487464993377,-49.08578917021768
2026-04-15T15:22:05.545,4.003177643011668,4.003888368838332,4.003334999283254,4.003051757994399,0.07313686638258542,1.9860268822924354,2.4302305239576327,2.0843745520338075,1.9073487464993377,-49.08578917021768
2026-04-15T15:22:05.669,4.003164529989037,4.004289627330877,4.003584146713266,4.002954721626921,0.07332606925021004,1.9778312431478762,2.6810170817981316,2.24009169579098,1.8467010168254916,-49.08342413437237
2026-04-15T15:22:05.763,4.003164529989037,4.004289627330877,4.003584146713266,4.002954721626921,0.07332606925021004,1.9778312431478762,2.6810170817981316,2.24009169579098,1.8467010168254916,-49.08342413437237
2026-04-15T15:22:05.887,4.003164529989037,4.004289627330877,4.003584146713266,4.002954721626921,0.07332606925021004,1.9778312431478762,2.6810170817981316,2.24009169579098,1.8467010168254916,-49.08342413437237
2026-04-15T15:22:05.994,4.003348112305886,4.004300117748983,4.0036470892219,4.003022909344608,0.07465048932358248,2.092570191178922,2.687573593114223,2.279430763687529,1.8893183403800862,-49.066868883455214
2026-04-15T15:22:06.096,4.003348112305886,4.004300117748983,4.0036470892219,4.003022909344608,0.07465048932358248,2.092570191178922,2.687573593114223,2.279430763687529,1.8893183403800862,-49.066868883455214
2026-04-15T15:22:06.207,4.003348112305886,4.004300117748983,4.0036470892219,4.003022909344608,0.07465048932358248,2.092570191178922,2.687573593114223,2.279430763687529,1.8893183403800862,-49.066868883455214
2026-04-15T15:22:06.319,4.003232717706723,4.004273891703718,4.003817558516118,4.003156662175456,0.07011957854625572,2.0204485667019156,2.6711823148239944,2.3859740725740153,1.9729138596602525,-49.123505268171805
2026-04-15T15:22:06.428,4.003232717706723,4.004273891703718,4.003817558516118,4.003156662175456,0.07011957854625572,2.0204485667019156,2.6711823148239944,2.3859740725740153,1.9729138596602525,-49.123505268171805
2026-04-15T15:22:06.537,4.003232717706723,4.004273891703718,4.003817558516118,4.003156662175456,0.07011957854625572,2.0204485667019156,2.6711823148239944,2.3859740725740153,1.9729138596602525,-49.123505268171805
2026-04-15T15:22:06.662,4.003513336391052,4.004203081381505,4.003712654335061,4.002996683299344,0.07127471184333245,2.1958352444073626,2.626925863440377,2.3204089594131005,1.8729270620898575,-49.10906610195834
2026-04-15T15:22:06.758,4.003513336391052,4.004203081381505,4.003712654335061,4.002996683299344,0.07127471184333245,2.1958352444073626,2.626925863440377,2.3204089594131005,1.8729270620898575,-49.10906610195834
2026-04-15T15:22:06.867,4.003513336391052,4.004203081381505,4.003712654335061,4.002996683299344,0.07127471184333245,2.1958352444073626,2.626925863440377,2.3204089594131005,1.8729270620898575,-49.10906610195834
2026-04-15T15:22:06.976,4.003059625807978,4.0044548514160425,4.003825426329698,4.003101587480401,0.07545211199957105,1.9122661299864063,2.7842821350265723,2.390891456061084,1.9384921752507722,-49.05684860000536
2026-04-15T15:22:07.085,4.003059625807978,4.0044548514160425,4.003825426329698,4.003101587480401,0.07545211199957105,1.9122661299864063,2.7842821350265723,2.390891456061084,1.9384921752507722,-49.05684860000536
2026-04-15T15:22:07.195,4.003059625807978,4.0044548514160425,4.003825426329698,4.003101587480401,0.07545211199957105,1.9122661299864063,2.7842821350265723,2.390891456061084,1.9384921752507722,-49.05684860000536
2026-04-15T15:22:07.303,4.003064871017031,4.004297495144456,4.003772974239169,4.003206491661459,0.07446128645595784,1.915544385644452,2.6859344652852,2.3581088994806265,2.004057288411687,-49.06923391930052
2026-04-15T15:22:07.412,4.003064871017031,4.004297495144456,4.003772974239169,4.003206491661459,0.07446128645595784,1.915544385644452,2.6859344652852,2.3581088994806265,2.004057288411687,-49.06923391930052
2026-04-15T15:22:07.520,4.003064871017031,4.004297495144456,4.003772974239169,4.003206491661459,0.07446128645595784,1.915544385644452,2.6859344652852,2.3581088994806265,2.004057288411687,-49.06923391930052
2026-04-15T15:22:07.625,4.003211736870512,4.00414013887287,4.003723144753167,4.003125190921139,0.07575583239233692,2.0073355440697327,2.587586795543828,2.326965470729192,1.953244325711978,-49.05305209509579
2026-04-15T15:22:07.739,4.003211736870512,4.00414013887287,4.003723144753167,4.003125190921139,0.07575583239233692,2.0073355440697327,2.587586795543828,2.326965470729192,1.953244325711978,-49.05305209509579
2026-04-15T15:22:07.846,4.003211736870512,4.00414013887287,4.003723144753167,4.003125190921139,0.07575583239233692,2.0073355440697327,2.587586795543828,2.326965470729192,1.953244325711978,-49.05305209509579
2026-04-15T15:22:07.957,4.00334548970136,4.004210949195084,4.003384828769256,4.003237962915777,0.07364970573430482,2.090931063349899,2.6318432469274455,2.115517980785242,2.0237268223605165,-49.07937867832119
2026-04-15T15:22:08.061,4.00334548970136,4.004210949195084,4.003384828769256,4.003237962915777,0.07364970573430482,2.090931063349899,2.6318432469274455,2.115517980785242,2.0237268223605165,-49.07937867832119
2026-04-15T15:22:08.171,4.00334548970136,4.004210949195084,4.003384828769256,4.003237962915777,0.07364970573430482,2.090931063349899,2.6318432469274455,2.115517980785242,2.0237268223605165,-49.07937867832119
2026-04-15T15:22:08.282,4.003618240572109,4.0043525698395115,4.003269434170093,4.003177643011668,0.07359493648315032,2.2614003575682773,2.7203561496946804,2.043396356308236,1.9860268822924354,-49.08006329396062
2026-04-15T15:22:08.398,4.003618240572109,4.0043525698395115,4.003269434170093,4.003177643011668,0.07359493648315032,2.2614003575682773,2.7203561496946804,2.043396356308236,1.9860268822924354,-49.08006329396062
2026-04-15T15:22:08.505,4.003618240572109,4.0043525698395115,4.003269434170093,4.003177643011668,0.07359493648315032,2.2614003575682773,2.7203561496946804,2.043396356308236,1.9860268822924354,-49.08006329396062
2026-04-15T15:22:08.608,4.003148794361877,4.004179477940767,4.003256321147461,4.003104210084929,0.07135437620864808,1.9679964761731839,2.612173712979171,2.0352007171631215,1.9401313030803502,-49.1080702973919
2026-04-15T15:22:08.718,4.003148794361877,4.004179477940767,4.003256321147461,4.003104210084929,0.07135437620864808,1.9679964761731839,2.612173712979171,2.0352007171631215,1.9401313030803502,-49.1080702973919
2026-04-15T15:22:08.829,4.003148794361877,4.004179477940767,4.003256321147461,4.003104210084929,0.07135437620864808,1.9679964761731839,2.612173712979171,2.0352007171631215,1.9401313030803502,-49.1080702973919
2026-04-15T15:22:08.940,4.0032956602153575,4.00444173839341,4.0034635069050495,4.003222227288617,0.07234022272942905,2.0597876345984645,2.776086495881458,2.164691815655928,2.013892055385824,-49.095747215882135
2026-04-15T15:22:09.051,4.0032956602153575,4.00444173839341,4.0034635069050495,4.003222227288617,0.07234022272942905,2.0597876345984645,2.776086495881458,2.164691815655928,2.013892055385824,-49.095747215882135
2026-04-15T15:22:09.154,4.0032956602153575,4.00444173839341,4.0034635069050495,4.003222227288617,0.07234022272942905,2.0597876345984645,2.776086495881458,2.164691815655928,2.013892055385824,-49.095747215882135
2026-04-15T15:22:09.265,4.003188133429774,4.004428625370778,4.0034189226281,4.003033399762714,0.07565127291286015,1.9925833936085269,2.7678908567363436,2.1368266425625393,1.8958748516961776,-49.05435908858925
2026-04-15T15:22:09.376,4.003188133429774,4.004428625370778,4.0034189226281,4.003033399762714,0.07565127291286015,1.9925833936085269,2.7678908567363436,2.1368266425625393,1.8958748516961776,-49.05435908858925
2026-04-15T15:22:09.486,4.003188133429774,4.004428625370778,4.0034189226281,4.003033399762714,0.07565127291286015,1.9925833936085269,2.7678908567363436,2.1368266425625393,1.8958748516961776,-49.05435908858925
2026-04-15T15:22:09.595,4.003324508865148,4.004297495144456,4.003510713786525,4.003085851853243,0.07259913191670486,2.077818040717716,2.6859344652852,2.1941961165783397,1.928657408276635,-49.09251085104119
2026-04-15T15:22:09.701,4.003324508865148,4.004297495144456,4.003510713786525,4.003085851853243,0.07259913191670486,2.077818040717716,2.6859344652852,2.1941961165783397,1.928657408276635,-49.09251085104119
2026-04-15T15:22:09.812,4.003324508865148,4.004297495144456,4.003510713786525,4.003085851853243,0.07259913191670486,2.077818040717716,2.6859344652852,2.1941961165783397,1.928657408276635,-49.09251085104119
2026-04-15T15:22:09.923,4.003363847933045,4.004525661738256,4.003411054814521,4.00315403957093,0.07215101986180443,2.102404958153059,2.8285385864101897,2.1319092590754707,1.9712747318312296,-49.09811225172744
2026-04-15T15:22:10.033,4.003363847933045,4.004525661738256,4.003411054814521,4.00315403957093,0.07215101986180443,2.102404958153059,2.8285385864101897,2.1319092590754707,1.9712747318312296,-49.09811225172744
2026-04-15T15:22:10.143,4.003363847933045,4.004525661738256,4.003411054814521,4.00315403957093,0.07215101986180443,2.102404958153059,2.8285385864101897,2.1319092590754707,1.9712747318312296,-49.09811225172744
2026-04-15T15:22:10.248,4.003686428289797,4.0043945315119345,4.003353357514939,4.002975702463132,0.07470525857473698,2.304017681122872,2.7465821949590463,2.0958484468369676,1.8598140394576745,-49.066184267815785
2026-04-15T15:22:10.359,4.003686428289797,4.0043945315119345,4.003353357514939,4.002975702463132,0.07470525857473698,2.304017681122872,2.7465821949590463,2.0958484468369676,1.8598140394576745,-49.066184267815785
2026-04-15T15:22:10.469,4.003686428289797,4.0043945315119345,4.003353357514939,4.002975702463132,0.07470525857473698,2.304017681122872,2.7465821949590463,2.0958484468369676,1.8598140394576745,-49.066184267815785
2026-04-15T15:22:10.577,4.0033612253285185,4.004271269099192,4.003342867096833,4.0029232503726035,0.07329121609038446,2.100765830324036,2.6695431869949715,2.089291935520876,1.8270314828772172,-49.08385979887019
2026-04-15T15:22:10.687,4.0033612253285185,4.004271269099192,4.003342867096833,4.0029232503726035,0.07329121609038446,2.100765830324036,2.6695431869949715,2.089291935520876,1.8270314828772172,-49.08385979887019
2026-04-15T15:22:10.795,4.0033612253285185,4.004271269099192,4.003342867096833,4.0029232503726035,0.07329121609038446,2.100765830324036,2.6695431869949715,2.089291935520876,1.8270314828772172,-49.08385979887019
2026-04-15T15:22:10.920,4.003408432209994,4.0042502882629805,4.003552675458948,4.00299930590387,0.073609873551647,2.130270131246448,2.6564301643627886,2.2204221618427056,1.8745661899188804,-49.07987658060441
2026-04-15T15:22:11.015,4.003408432209994,4.0042502882629805,4.003552675458948,4.00299930590387,0.073609873551647,2.130270131246448,2.6564301643627886,2.2204221618427056,1.8745661899188804,-49.07987658060441
2026-04-15T15:22:11.123,4.003408432209994,4.0042502882629805,4.003552675458948,4.00299930590387,0.073609873551647,2.130270131246448,2.6564301643627886,2.2204221618427056,1.8745661899188804,-49.07987658060441
2026-04-15T15:22:11.232,4.003531694622737,4.004111290223079,4.0038359167478035,4.002928495581656,0.07164813855574947,2.2073091392105226,2.5695563894245765,2.3974479673771754,1.830309738535263,-49.10439826805313
2026-04-15T15:22:11.342,4.003531694622737,4.004111290223079,4.0038359167478035,4.002928495581656,0.07164813855574947,2.2073091392105226,2.5695563894245765,2.3974479673771754,1.830309738535263,-49.10439826805313
2026-04-15T15:22:11.466,4.003531694622737,4.004111290223079,4.0038359167478035,4.002928495581656,0.07164813855574947,2.2073091392105226,2.5695563894245765,2.3974479673771754,1.830309738535263,-49.10439826805313
2026-04-15T15:22:11.575,4.0033795835602035,4.004452228811516,4.003589391922318,4.002818346191546,0.0773242245844885,2.1122397251271963,2.7826430071975494,2.2433699514490257,1.7614663697163024,-49.0334471926939
2026-04-15T15:22:11.685,4.0033795835602035,4.004452228811516,4.003589391922318,4.002818346191546,0.0773242245844885,2.1122397251271963,2.7826430071975494,2.2433699514490257,1.7614663697163024,-49.0334471926939
2026-04-15T15:22:11.781,4.0033795835602035,4.004452228811516,4.003589391922318,4.002818346191546,0.0773242245844885,2.1122397251271963,2.7826430071975494,2.2433699514490257,1.7614663697163024,-49.0334471926939
2026-04-15T15:22:11.890,4.003484487741261,4.004300117748983,4.003445148673364,4.00299930590387,0.07721468608217949,2.177804838288111,2.687573593114223,2.153217920852768,1.8745661899188804,-49.03481642397276
2026-04-15T15:22:12.000,4.003484487741261,4.004300117748983,4.003445148673364,4.00299930590387,0.07721468608217949,2.177804838288111,2.687573593114223,2.153217920852768,1.8745661899188804,-49.03481642397276
2026-04-15T15:22:12.109,4.003484487741261,4.004300117748983,4.003445148673364,4.00299930590387,0.07721468608217949,2.177804838288111,2.687573593114223,2.153217920852768,1.8745661899188804,-49.03481642397276
2026-04-15T15:22:12.218,4.003098964875875,4.004134893663817,4.0035238268091575,4.002742290660279,0.07662218236514445,1.9368530474217494,2.5843085398857824,2.202391755723454,1.7139316626746393,-49.042222720435696
2026-04-15T15:22:12.326,4.003098964875875,4.004134893663817,4.0035238268091575,4.002742290660279,0.07662218236514445,1.9368530474217494,2.5843085398857824,2.202391755723454,1.7139316626746393,-49.042222720435696
2026-04-15T15:22:12.450,4.003098964875875,4.004134893663817,4.0035238268091575,4.002742290660279,0.07662218236514445,1.9368530474217494,2.5843085398857824,2.202391755723454,1.7139316626746393,-49.042222720435696
2026-04-15T15:22:12.558,4.0031750204071415,4.004197836172452,4.003633976199268,4.003085851853243,0.07564629389002793,1.9843877544634125,2.623647607782331,2.2712351245424145,1.928657408276635,-49.05442132637465
2026-04-15T15:22:12.668,4.0031750204071415,4.004197836172452,4.003633976199268,4.003085851853243,0.07564629389002793,1.9843877544634125,2.623647607782331,2.2712351245424145,1.928657408276635,-49.05442132637465
2026-04-15T15:22:12.777,4.0031750204071415,4.004197836172452,4.003633976199268,4.003085851853243,0.07564629389002793,1.9843877544634125,2.623647607782331,2.2712351245424145,1.928657408276635,-49.05442132637465
2026-04-15T15:22:12.887,4.003245830729355,4.004187345754346,4.003589391922318,4.0029652120450265,0.07684623839259468,2.02864420584703,2.6170910964662397,2.2433699514490257,1.853257528141583,-49.039422020092566
2026-04-15T15:22:12.995,4.003245830729355,4.004187345754346,4.003589391922318,4.0029652120450265,0.07684623839259468,2.02864420584703,2.6170910964662397,2.2433699514490257,1.853257528141583,-49.039422020092566
2026-04-15T15:22:13.104,4.003245830729355,4.004187345754346,4.003589391922318,4.0029652120450265,0.07684623839259468,2.02864420584703,2.6170910964662397,2.2433699514490257,1.853257528141583,-49.039422020092566
2026-04-15T15:22:13.213,4.0034399034643116,4.00452303913373,4.003550052854422,4.0032353403112495,0.07574587434667247,2.1499396651947222,2.826899458581167,2.2187830340136827,2.0220876945309385,-49.053176570666594
2026-04-15T15:22:13.320,4.0034399034643116,4.00452303913373,4.003550052854422,4.0032353403112495,0.07574587434667247,2.1499396651947222,2.826899458581167,2.2187830340136827,2.0220876945309385,-49.053176570666594
2026-04-15T15:22:13.430,4.0034399034643116,4.00452303913373,4.003550052854422,4.0032353403112495,0.07574587434667247,2.1499396651947222,2.826899458581167,2.2187830340136827,2.0220876945309385,-49.053176570666594
2026-04-15T15:22:13.540,4.003077984039663,4.004381418489302,4.003828048934224,4.002857685259443,0.07849927397289412,1.9237400247895664,2.738386555813932,2.3925305838901068,1.7860532871516455,-49.01875907533883
2026-04-15T15:22:13.649,4.003077984039663,4.004381418489302,4.003828048934224,4.002857685259443,0.07849927397289412,1.9237400247895664,2.738386555813932,2.3925305838901068,1.7860532871516455,-49.01875907533883
2026-04-15T15:22:13.757,4.003077984039663,4.004381418489302,4.003828048934224,4.002857685259443,0.07849927397289412,1.9237400247895664,2.738386555813932,2.3925305838901068,1.7860532871516455,-49.01875907533883
2026-04-15T15:22:13.866,4.003245830729355,4.004520416529203,4.0036916734988495,4.0028209687960725,0.07807107800932257,2.02864420584703,2.825260330752144,2.3072959367809176,1.7631054975453253,-49.024111524883466
2026-04-15T15:22:13.975,4.003245830729355,4.004520416529203,4.0036916734988495,4.0028209687960725,0.07807107800932257,2.02864420584703,2.825260330752144,2.3072959367809176,1.7631054975453253,-49.024111524883466
2026-04-15T15:22:14.084,4.003245830729355,4.004520416529203,4.0036916734988495,4.0028209687960725,0.07807107800932257,2.02864420584703,2.825260330752144,2.3072959367809176,1.7631054975453253,-49.024111524883466
2026-04-15T15:22:14.193,4.003479242532208,4.004418134952672,4.003744125589378,4.003125190921139,0.07555667147904783,2.1745265826300653,2.761334345420252,2.340078493361375,1.953244325711978,-49.0555416065119
2026-04-15T15:22:14.302,4.003479242532208,4.004418134952672,4.003744125589378,4.003125190921139,0.07555667147904783,2.1745265826300653,2.761334345420252,2.340078493361375,1.953244325711978,-49.0555416065119
2026-04-15T15:22:14.410,4.003479242532208,4.004418134952672,4.003744125589378,4.003125190921139,0.07555667147904783,2.1745265826300653,2.761334345420252,2.340078493361375,1.953244325711978,-49.0555416065119
2026-04-15T15:22:14.520,4.003243208124829,4.004231930031295,4.003738880380325,4.003041267576293,0.07532763642876537,2.027005078018007,2.6449562695596285,2.3368002377033292,1.9007922351832462,-49.05840454464043
2026-04-15T15:22:14.629,4.003243208124829,4.004231930031295,4.003738880380325,4.003041267576293,0.07532763642876537,2.027005078018007,2.6449562695596285,2.3368002377033292,1.9007922351832462,-49.05840454464043
2026-04-15T15:22:14.738,4.003243208124829,4.004231930031295,4.003738880380325,4.003041267576293,0.07532763642876537,2.027005078018007,2.6449562695596285,2.3368002377033292,1.9007922351832462,-49.05840454464043
2026-04-15T15:22:14.849,4.003287792401778,4.004667282382684,4.003717899544114,4.002823591400599,0.07598486744261937,2.054870251111396,2.9170514891774246,2.3236872150711463,1.7647446253743482,-49.05018915696726
2026-04-15T15:22:14.959,4.003287792401778,4.004667282382684,4.003717899544114,4.002823591400599,0.07598486744261937,2.054870251111396,2.9170514891774246,2.3236872150711463,1.7647446253743482,-49.05018915696726
2026-04-15T15:22:15.070,4.003287792401778,4.004667282382684,4.003717899544114,4.002823591400599,0.07598486744261937,2.054870251111396,2.9170514891774246,2.3236872150711463,1.7647446253743482,-49.05018915696726
2026-04-15T15:22:15.179,4.003201246452406,4.004554510388047,4.00368380568527,4.003083229248716,0.07383890860192945,2.000779032753641,2.8465689925294413,2.302378553293849,1.9270182804476121,-49.07701364247588
2026-04-15T15:22:15.289,4.003201246452406,4.004554510388047,4.00368380568527,4.003083229248716,0.07383890860192945,2.000779032753641,2.8465689925294413,2.302378553293849,1.9270182804476121,-49.07701364247588
2026-04-15T15:22:15.400,4.003201246452406,4.004554510388047,4.00368380568527,4.003083229248716,0.07383890860192945,2.000779032753641,2.8465689925294413,2.302378553293849,1.9270182804476121,-49.07701364247588
2026-04-15T15:22:15.524,4.00327205677462,4.00414013887287,4.003626108385689,4.00303602236724,0.07173776096672957,2.0450354841372587,2.587586795543828,2.266317741055901,1.8975139795252005,-49.10327798791588
2026-04-15T15:22:15.619,4.00327205677462,4.00414013887287,4.003626108385689,4.00303602236724,0.07173776096672957,2.0450354841372587,2.587586795543828,2.266317741055901,1.8975139795252005,-49.10327798791588
2026-04-15T15:22:15.729,4.00327205677462,4.00414013887287,4.003626108385689,4.00303602236724,0.07173776096672957,2.0450354841372587,2.587586795543828,2.266317741055901,1.8975139795252005,-49.10327798791588
2026-04-15T15:22:15.838,4.003251075938408,4.004462719229622,4.003602504944951,4.003138303943771,0.07139420839130589,2.0319224615050757,2.789199518513641,2.25156559059414,1.9614399648570924,-49.107572395108676
2026-04-15T15:22:15.947,4.003251075938408,4.004462719229622,4.003602504944951,4.003138303943771,0.07139420839130589,2.0319224615050757,2.789199518513641,2.25156559059414,1.9614399648570924,-49.107572395108676
2026-04-15T15:22:16.057,4.003251075938408,4.004462719229622,4.003602504944951,4.003138303943771,0.07139420839130589,2.0319224615050757,2.789199518513641,2.25156559059414,1.9614399648570924,-49.107572395108676
2026-04-15T15:22:16.166,4.0031907560343,4.004129648454764,4.003413677419047,4.0031094552939805,0.07385882469325836,1.9942225214375497,2.5810302842277366,2.1335483869044936,1.9434095587378408,-49.07676469133427
2026-04-15T15:22:16.276,4.0031907560343,4.004129648454764,4.003413677419047,4.0031094552939805,0.07385882469325836,1.9942225214375497,2.5810302842277366,2.1335483869044936,1.9434095587378408,-49.07676469133427
2026-04-15T15:22:16.387,4.0031907560343,4.004129648454764,4.003413677419047,4.0031094552939805,0.07385882469325836,1.9942225214375497,2.5810302842277366,2.1335483869044936,1.9434095587378408,-49.07676469133427
2026-04-15T15:22:16.495,4.003261566356514,4.0043525698395115,4.003817558516118,4.003353357514939,0.0748347131683749,2.038478972821167,2.7203561496946804,2.3859740725740153,2.0958484468369676,-49.06456608539531
2026-04-15T15:22:16.604,4.003261566356514,4.0043525698395115,4.003817558516118,4.003353357514939,0.0748347131683749,2.038478972821167,2.7203561496946804,2.3859740725740153,2.0958484468369676,-49.06456608539531
2026-04-15T15:22:16.713,4.003261566356514,4.0043525698395115,4.003817558516118,4.003353357514939,0.0748347131683749,2.038478972821167,2.7203561496946804,2.3859740725740153,2.0958484468369676,-49.06456608539531
2026-04-15T15:22:16.822,4.003555298063475,4.00429487253993,4.003544807645369,4.003114700503033,0.0746156361637569,2.2220612896717284,2.6842953374561773,2.215504778355637,1.9466878143958866,-49.067304547953036
2026-04-15T15:22:16.933,4.003555298063475,4.00429487253993,4.003544807645369,4.003114700503033,0.0746156361637569,2.2220612896717284,2.6842953374561773,2.215504778355637,1.9466878143958866,-49.067304547953036
2026-04-15T15:22:17.042,4.003555298063475,4.00429487253993,4.003544807645369,4.003114700503033,0.0746156361637569,2.2220612896717284,2.6842953374561773,2.215504778355637,1.9466878143958866,-49.067304547953036
2026-04-15T15:22:17.152,4.003411054814521,4.004365682862144,4.003814935911592,4.0033795835602035,0.07119006845518457,2.1319092590754707,2.7285517888397948,2.3843349447449924,2.1122397251271963,-49.11012414431019
2026-04-15T15:22:17.261,4.003411054814521,4.004365682862144,4.003814935911592,4.0033795835602035,0.07119006845518457,2.1319092590754707,2.7285517888397948,2.3843349447449924,2.1122397251271963,-49.11012414431019
2026-04-15T15:22:17.371,4.003411054814521,4.004365682862144,4.003814935911592,4.0033795835602035,0.07119006845518457,2.1319092590754707,2.7285517888397948,2.3843349447449924,2.1122397251271963,-49.11012414431019
2026-04-15T15:22:17.480,4.003146171757351,4.004355192444039,4.003767729030116,4.002941608604289,0.07041334089335713,1.966357348344161,2.7219952775242584,2.354830643822581,1.8385053776803773,-49.11983323883304
2026-04-15T15:22:17.576,4.003146171757351,4.004355192444039,4.003767729030116,4.002941608604289,0.07041334089335713,1.966357348344161,2.7219952775242584,2.354830643822581,1.8385053776803773,-49.11983323883304
2026-04-15T15:22:17.686,4.003146171757351,4.004355192444039,4.003767729030116,4.002941608604289,0.07041334089335713,1.966357348344161,2.7219952775242584,2.354830643822581,1.8385053776803773,-49.11983323883304
2026-04-15T15:22:17.810,4.0036680700581115,4.004494190483939,4.003458261695997,4.003201246452406,0.07137429229997698,2.292543786319712,2.8088690524619153,2.1614135599978823,2.000779032753641,-49.10782134625028
2026-04-15T15:22:17.919,4.0036680700581115,4.004494190483939,4.003458261695997,4.003201246452406,0.07137429229997698,2.292543786319712,2.8088690524619153,2.1614135599978823,2.000779032753641,-49.10782134625028
2026-04-15T15:22:18.027,4.0036680700581115,4.004494190483939,4.003458261695997,4.003201246452406,0.07137429229997698,2.292543786319712,2.8088690524619153,2.1614135599978823,2.000779032753641,-49.10782134625028
2026-04-15T15:22:18.135,4.0031330587347185,4.004276514308245,4.003665447453585,4.002957344231447,0.07020920095723582,1.9581617091990466,2.6728214426530172,2.290904658490689,1.8483401446545145,-49.122384988034554
2026-04-15T15:22:18.243,4.0031330587347185,4.004276514308245,4.003665447453585,4.002957344231447,0.07020920095723582,1.9581617091990466,2.6728214426530172,2.290904658490689,1.8483401446545145,-49.122384988034554
2026-04-15T15:22:18.352,4.0031330587347185,4.004276514308245,4.003665447453585,4.002957344231447,0.07020920095723582,1.9581617091990466,2.6728214426530172,2.290904658490689,1.8483401446545145,-49.122384988034554
2026-04-15T15:22:18.461,4.003426790441679,4.004336834212353,4.003964424369599,4.003101587480401,0.07426212554266877,2.141744026049608,2.710521382720543,2.477765230999296,1.9384921752507722,-49.07172343071664
2026-04-15T15:22:18.571,4.003426790441679,4.004336834212353,4.003964424369599,4.003101587480401,0.07426212554266877,2.141744026049608,2.710521382720543,2.477765230999296,1.9384921752507722,-49.07172343071664
2026-04-15T15:22:18.680,4.003426790441679,4.004336834212353,4.003964424369599,4.003101587480401,0.07426212554266877,2.141744026049608,2.710521382720543,2.477765230999296,1.9384921752507722,-49.07172343071664
2026-04-15T15:22:18.791,4.003353357514939,4.0043315890033,4.004071951155183,4.002996683299344,0.0742123353143465,2.0958484468369676,2.7072431270624975,2.5449694719892335,1.8729270620898575,-49.07234580857067
2026-04-15T15:22:18.900,4.003353357514939,4.0043315890033,4.004071951155183,4.002996683299344,0.0742123353143465,2.0958484468369676,2.7072431270624975,2.5449694719892335,1.8729270620898575,-49.07234580857067
2026-04-15T15:22:19.009,4.003353357514939,4.0043315890033,4.004071951155183,4.002996683299344,0.0742123353143465,2.0958484468369676,2.7072431270624975,2.5449694719892335,1.8729270620898575,-49.07234580857067
2026-04-15T15:22:19.119,4.003497600763893,4.004593849455944,4.003599882340424,4.003209114265985,0.07215599888463665,2.1860004774332253,2.8711559099647843,2.249926462765117,2.00569641624071,-49.09805001394204
2026-04-15T15:22:19.229,4.003497600763893,4.004593849455944,4.003599882340424,4.003209114265985,0.07215599888463665,2.1860004774332253,2.8711559099647843,2.249926462765117,2.00569641624071,-49.09805001394204
2026-04-15T15:22:19.337,4.003497600763893,4.004593849455944,4.003599882340424,4.003209114265985,0.07215599888463665,2.1860004774332253,2.8711559099647843,2.249926462765117,2.00569641624071,-49.09805001394204
2026-04-15T15:22:19.445,4.00322747249767,4.0044128897436195,4.003592014526845,4.003085851853243,0.07240495002624801,2.01717031104387,2.7580560897622064,2.2450090792780486,1.928657408276635,-49.0949381246719
2026-04-15T15:22:19.553,4.00322747249767,4.0044128897436195,4.003592014526845,4.003085851853243,0.07240495002624801,2.01717031104387,2.7580560897622064,2.2450090792780486,1.928657408276635,-49.0949381246719
2026-04-15T15:22:19.663,4.00322747249767,4.0044128897436195,4.003592014526845,4.003085851853243,0.07240495002624801,2.01717031104387,2.7580560897622064,2.2450090792780486,1.928657408276635,-49.0949381246719
2026-04-15T15:22:19.772,4.003251075938408,4.004470587043201,4.003974914787705,4.003127813525666,0.07257423680254374,2.0319224615050757,2.7941169020007095,2.4843217423153874,1.954883453541001,-49.092822039968205
2026-04-15T15:22:19.881,4.003251075938408,4.004470587043201,4.003974914787705,4.003127813525666,0.07257423680254374,2.0319224615050757,2.7941169020007095,2.4843217423153874,1.954883453541001,-49.092822039968205
2026-04-15T15:22:19.992,4.003251075938408,4.004470587043201,4.003974914787705,4.003127813525666,0.07257423680254374,2.0319224615050757,2.7941169020007095,2.4843217423153874,1.954883453541001,-49.092822039968205
2026-04-15T15:22:20.099,4.00299930590387,4.00436830546667,4.003515958995578,4.002975702463132,0.06968142453701973,1.8745661899188804,2.7301909166688176,2.1974743722363854,1.8598140394576745,-49.12898219328725
2026-04-15T15:22:20.208,4.00299930590387,4.00436830546667,4.003515958995578,4.002975702463132,0.06968142453701973,1.8745661899188804,2.7301909166688176,2.1974743722363854,1.8598140394576745,-49.12898219328725
2026-04-15T15:22:20.317,4.00299930590387,4.00436830546667,4.003515958995578,4.002975702463132,0.06968142453701973,1.8745661899188804,2.7301909166688176,2.1974743722363854,1.8598140394576745,-49.12898219328725
2026-04-15T15:22:20.427,4.003513336391052,4.004491567879413,4.003943443533387,4.002855062654916,0.07201160722250206,2.1958352444073626,2.8072299246328924,2.464652208367113,1.7844141593226226,-49.09985490971873
2026-04-15T15:22:20.551,4.003513336391052,4.004491567879413,4.003943443533387,4.002855062654916,0.07201160722250206,2.1958352444073626,2.8072299246328924,2.464652208367113,1.7844141593226226,-49.09985490971873
2026-04-15T15:22:20.644,4.003513336391052,4.004491567879413,4.003943443533387,4.002855062654916,0.07201160722250206,2.1958352444073626,2.8072299246328924,2.464652208367113,1.7844141593226226,-49.09985490971873
2026-04-15T15:22:20.755,4.003232717706723,4.0043945315119345,4.0035474302498955,4.003182888220721,0.07062245985231068,2.0204485667019156,2.7465821949590463,2.21714390618466,1.9893051379504811,-49.117219251846116
2026-04-15T15:22:20.865,4.003232717706723,4.0043945315119345,4.0035474302498955,4.003182888220721,0.07062245985231068,2.0204485667019156,2.7465821949590463,2.21714390618466,1.9893051379504811,-49.117219251846116
2026-04-15T15:22:20.975,4.003232717706723,4.0043945315119345,4.0035474302498955,4.003182888220721,0.07062245985231068,2.0204485667019156,2.7465821949590463,2.21714390618466,1.9893051379504811,-49.117219251846116
2026-04-15T15:22:21.084,4.003374338351151,4.004234552635822,4.003696918707902,4.003266811565567,0.0723850339349191,2.1089614694691505,2.6465953973886513,2.3105741924389633,2.041757228479213,-49.09518707581351
2026-04-15T15:22:21.192,4.003374338351151,4.004234552635822,4.003696918707902,4.003266811565567,0.0723850339349191,2.1089614694691505,2.6465953973886513,2.3105741924389633,2.041757228479213,-49.09518707581351
2026-04-15T15:22:21.301,4.003374338351151,4.004234552635822,4.003696918707902,4.003266811565567,0.0723850339349191,2.1089614694691505,2.6465953973886513,2.3105741924389633,2.041757228479213,-49.09518707581351
2026-04-15T15:22:21.409,4.003064871017031,4.004433870579831,4.003715276939587,4.003101587480401,0.07138425034564144,1.915544385644452,2.7711691123943893,2.3220480872421234,1.9384921752507722,-49.10769687067948
2026-04-15T15:22:21.518,4.003064871017031,4.004433870579831,4.003715276939587,4.003101587480401,0.07138425034564144,1.915544385644452,2.7711691123943893,2.3220480872421234,1.9384921752507722,-49.10769687067948
2026-04-15T15:22:21.627,4.003064871017031,4.004433870579831,4.003715276939587,4.003101587480401,0.07138425034564144,1.915544385644452,2.7711691123943893,2.3220480872421234,1.9384921752507722,-49.10769687067948
2026-04-15T15:22:21.736,4.003075361435137,4.00421357179961,4.003746748193905,4.003159284779983,0.07411275485770195,1.9221008969605435,2.6334823747564684,2.341717621190398,1.9745529874892753,-49.073590564278724
2026-04-15T15:22:21.845,4.003075361435137,4.00421357179961,4.003746748193905,4.003159284779983,0.07411275485770195,1.9221008969605435,2.6334823747564684,2.341717621190398,1.9745529874892753,-49.073590564278724
2026-04-15T15:22:21.955,4.003075361435137,4.00421357179961,4.003746748193905,4.003159284779983,0.07411275485770195,1.9221008969605435,2.6334823747564684,2.341717621190398,1.9745529874892753,-49.073590564278724
2026-04-15T15:22:22.063,4.0031094552939805,4.004334211607826,4.003762483821063,4.003185510825247,0.06989054349597328,1.9434095587378408,2.7088822548915203,2.351552388164535,1.990944265779504,-49.126368206300334
2026-04-15T15:22:22.173,4.0031094552939805,4.004334211607826,4.003762483821063,4.003185510825247,0.06989054349597328,1.9434095587378408,2.7088822548915203,2.351552388164535,1.990944265779504,-49.126368206300334
2026-04-15T15:22:22.282,4.0031094552939805,4.004334211607826,4.003762483821063,4.003185510825247,0.06989054349597328,1.9434095587378408,2.7088822548915203,2.351552388164535,1.990944265779504,-49.126368206300334
2026-04-15T15:22:22.392,4.003279924588199,4.004300117748983,4.003723144753167,4.0029888154857645,0.07286799914964515,2.0499528676243273,2.687573593114223,2.326965470729192,1.8680096786027889,-49.08915001062943
2026-04-15T15:22:22.502,4.003279924588199,4.004300117748983,4.003723144753167,4.0029888154857645,0.07286799914964515,2.0499528676243273,2.687573593114223,2.326965470729192,1.8680096786027889,-49.08915001062943
2026-04-15T15:22:22.610,4.003279924588199,4.004300117748983,4.003723144753167,4.0029888154857645,0.07286799914964515,2.0499528676243273,2.687573593114223,2.326965470729192,1.8680096786027889,-49.08915001062943
2026-04-15T15:22:22.721,4.003180265616194,4.004129648454764,4.003702163916955,4.003222227288617,0.07592511916863265,1.9876660101214583,2.5810302842277366,2.313852448097009,2.013892055385824,-49.05093601039209
2026-04-15T15:22:22.830,4.003180265616194,4.004129648454764,4.003702163916955,4.003222227288617,0.07592511916863265,1.9876660101214583,2.5810302842277366,2.313852448097009,2.013892055385824,-49.05093601039209
2026-04-15T15:22:22.939,4.003180265616194,4.004129648454764,4.003702163916955,4.003222227288617,0.07592511916863265,1.9876660101214583,2.5810302842277366,2.313852448097009,2.013892055385824,-49.05093601039209
2026-04-15T15:22:23.048,4.003143549152824,4.0043106081670885,4.003599882340424,4.003332376678728,0.07478492294005262,1.9647182205151381,2.6941301044303145,2.249926462765117,2.0827354242047846,-49.06518846324934
2026-04-15T15:22:23.157,4.003143549152824,4.0043106081670885,4.003599882340424,4.003332376678728,0.07478492294005262,1.9647182205151381,2.6941301044303145,2.249926462765117,2.0827354242047846,-49.06518846324934
2026-04-15T15:22:23.266,4.003143549152824,4.0043106081670885,4.003599882340424,4.003332376678728,0.07478492294005262,1.9647182205151381,2.6941301044303145,2.249926462765117,2.0827354242047846,-49.06518846324934
2026-04-15T15:22:23.374,4.003230095102197,4.004507303506571,4.003712654335061,4.003062248412505,0.07050296330433722,2.0188094388728928,2.8170646916070297,2.3204089594131005,1.9139052578154292,-49.11871295869579
2026-04-15T15:22:23.497,4.003230095102197,4.004507303506571,4.003712654335061,4.003062248412505,0.07050296330433722,2.0188094388728928,2.8170646916070297,2.3204089594131005,1.9139052578154292,-49.11871295869579
2026-04-15T15:22:23.607,4.003230095102197,4.004507303506571,4.003712654335061,4.003062248412505,0.07050296330433722,2.0188094388728928,2.8170646916070297,2.3204089594131005,1.9139052578154292,-49.11871295869579
2026-04-15T15:22:23.716,4.003201246452406,4.00444173839341,4.0037100317305345,4.003054380598925,0.07142906155113149,2.000779032753641,2.776086495881458,2.3187698315840777,1.9089878743283606,-49.107136730610854
2026-04-15T15:22:23.824,4.003201246452406,4.00444173839341,4.0037100317305345,4.003054380598925,0.07142906155113149,2.000779032753641,2.776086495881458,2.3187698315840777,1.9089878743283606,-49.107136730610854
2026-04-15T15:22:23.934,4.003201246452406,4.00444173839341,4.0037100317305345,4.003054380598925,0.07142906155113149,2.000779032753641,2.776086495881458,2.3187698315840777,1.9089878743283606,-49.107136730610854
2026-04-15T15:22:24.041,4.003224849893144,4.00448632267036,4.00352907201821,4.002855062654916,0.07200662819966984,2.015531183214847,2.8039516689748467,2.2056700113814998,1.7844141593226226,-49.09991714750413
2026-04-15T15:22:24.150,4.003224849893144,4.00448632267036,4.00352907201821,4.002855062654916,0.07200662819966984,2.015531183214847,2.8039516689748467,2.2056700113814998,1.7844141593226226,-49.09991714750413
2026-04-15T15:22:24.258,4.003224849893144,4.00448632267036,4.00352907201821,4.002855062654916,0.07200662819966984,2.015531183214847,2.8039516689748467,2.2056700113814998,1.7844141593226226,-49.09991714750413
2026-04-15T15:22:24.367,4.0032353403112495,4.004423380161725,4.003930330510755,4.002731800242174,0.07459074104959576,2.0220876945309385,2.764612601078298,2.4564565692219986,1.7073751513585478,-49.06761573688006
2026-04-15T15:22:24.477,4.0032353403112495,4.004423380161725,4.003930330510755,4.002731800242174,0.07459074104959576,2.0220876945309385,2.764612601078298,2.4564565692219986,1.7073751513585478,-49.06761573688006
2026-04-15T15:22:24.585,4.0032353403112495,4.004423380161725,4.003930330510755,4.002731800242174,0.07459074104959576,2.0220876945309385,2.764612601078298,2.4564565692219986,1.7073751513585478,-49.06761573688006
2026-04-15T15:22:24.694,4.003497600763893,4.004402399325514,4.003843784561383,4.003224849893144,0.07258917387104041,2.1860004774332253,2.751499578446115,2.402365350864244,2.015531183214847,-49.092635326612
2026-04-15T15:22:24.803,4.003497600763893,4.004402399325514,4.003843784561383,4.003224849893144,0.07258917387104041,2.1860004774332253,2.751499578446115,2.402365350864244,2.015531183214847,-49.092635326612
2026-04-15T15:22:24.913,4.003497600763893,4.004402399325514,4.003843784561383,4.003224849893144,0.07258917387104041,2.1860004774332253,2.751499578446115,2.402365350864244,2.015531183214847,-49.092635326612
2026-04-15T15:22:25.021,4.00311732310756,4.004245043053928,4.003581524108739,4.0031933786388265,0.07031873945954481,1.9483269422249094,2.653151908704743,2.238452567961957,1.9958616492665726,-49.121015756755696
2026-04-15T15:22:25.130,4.00311732310756,4.004245043053928,4.003581524108739,4.0031933786388265,0.07031873945954481,1.9483269422249094,2.653151908704743,2.238452567961957,1.9958616492665726,-49.121015756755696
2026-04-15T15:22:25.239,4.00311732310756,4.004245043053928,4.003581524108739,4.0031933786388265,0.07031873945954481,1.9483269422249094,2.653151908704743,2.238452567961957,1.9958616492665726,-49.121015756755696
2026-04-15T15:22:25.348,4.003342867096833,4.00440502193004,4.003731012566746,4.003206491661459,0.07076685151444527,2.089291935520876,2.753138706275138,2.3318828542162606,2.004057288411687,-49.11541435606944
2026-04-15T15:22:25.457,4.003342867096833,4.00440502193004,4.003731012566746,4.003206491661459,0.07076685151444527,2.089291935520876,2.753138706275138,2.3318828542162606,2.004057288411687,-49.11541435606944
2026-04-15T15:22:25.565,4.003342867096833,4.00440502193004,4.003731012566746,4.003206491661459,0.07076685151444527,2.089291935520876,2.753138706275138,2.3318828542162606,2.004057288411687,-49.11541435606944
2026-04-15T15:22:25.674,4.003041267576293,4.004289627330877,4.003809690702539,4.003143549152824,0.07067722910346518,1.9007922351832462,2.6810170817981316,2.3810566890869467,1.9647182205151381,-49.11653463620669
2026-04-15T15:22:25.784,4.003041267576293,4.004289627330877,4.003809690702539,4.003143549152824,0.07067722910346518,1.9007922351832462,2.6810170817981316,2.3810566890869467,1.9647182205151381,-49.11653463620669
2026-04-15T15:22:25.895,4.003041267576293,4.004289627330877,4.003809690702539,4.003143549152824,0.07067722910346518,1.9007922351832462,2.6810170817981316,2.3810566890869467,1.9647182205151381,-49.11653463620669
2026-04-15T15:22:26.005,4.003054380598925,4.004326343794247,4.003804445493486,4.00311732310756,0.07001004004394673,1.9089878743283606,2.7039648714044517,2.377778433428901,1.9483269422249094,-49.12487449945067
2026-04-15T15:22:26.129,4.003054380598925,4.004326343794247,4.003804445493486,4.00311732310756,0.07001004004394673,1.9089878743283606,2.7039648714044517,2.377778433428901,1.9483269422249094,-49.12487449945067
2026-04-15T15:22:26.224,4.003054380598925,4.004326343794247,4.003804445493486,4.00311732310756,0.07001004004394673,1.9089878743283606,2.7039648714044517,2.377778433428901,1.9483269422249094,-49.12487449945067
2026-04-15T15:22:26.334,4.003196001243353,4.00425815607656,4.003736257775799,4.003240585520302,0.06665915767785782,1.9975007770955955,2.661347547849857,2.3351611098743064,2.0253659501889842,-49.166760529026774
2026-04-15T15:22:26.444,4.003196001243353,4.00425815607656,4.003736257775799,4.003240585520302,0.06665915767785782,1.9975007770955955,2.661347547849857,2.3351611098743064,2.0253659501889842,-49.166760529026774
2026-04-15T15:22:26.553,4.003196001243353,4.00425815607656,4.003736257775799,4.003240585520302,0.06665915767785782,1.9975007770955955,2.661347547849857,2.3351611098743064,2.0253659501889842,-49.166760529026774
2026-04-15T15:22:26.664,4.00327205677462,4.004111290223079,4.003967046974125,4.003201246452406,0.06918352225379702,2.0450354841372587,2.5695563894245765,2.4794043588283188,2.000779032753641,-49.13520597182754
2026-04-15T15:22:26.774,4.00327205677462,4.004111290223079,4.003967046974125,4.003201246452406,0.06918352225379702,2.0450354841372587,2.5695563894245765,2.4794043588283188,2.000779032753641,-49.13520597182754
2026-04-15T15:22:26.884,4.00327205677462,4.004111290223079,4.003967046974125,4.003201246452406,0.06918352225379702,2.0450354841372587,2.5695563894245765,2.4794043588283188,2.000779032753641,-49.13520597182754
2026-04-15T15:22:26.992,4.0032169820795644,4.004182100545293,4.003694296103376,4.00311732310756,0.06964657137719414,2.0106137997277784,2.613812840808194,2.3089350646099405,1.9483269422249094,-49.12941785778507
2026-04-15T15:22:27.102,4.0032169820795644,4.004182100545293,4.003694296103376,4.00311732310756,0.06964657137719414,2.0106137997277784,2.613812840808194,2.3089350646099405,1.9483269422249094,-49.12941785778507
2026-04-15T15:22:27.211,4.0032169820795644,4.004182100545293,4.003694296103376,4.00311732310756,0.06964657137719414,2.0106137997277784,2.613812840808194,2.3089350646099405,1.9483269422249094,-49.12941785778507
2026-04-15T15:22:27.320,4.003054380598925,4.004460096625095,4.004001140832969,4.003185510825247,0.06896942427201123,1.9089878743283606,2.787560390684618,2.500713020605616,1.990944265779504,-49.13788219659986
2026-04-15T15:22:27.431,4.003054380598925,4.004460096625095,4.004001140832969,4.003185510825247,0.06896942427201123,1.9089878743283606,2.787560390684618,2.500713020605616,1.990944265779504,-49.13788219659986
2026-04-15T15:22:27.542,4.003054380598925,4.004460096625095,4.004001140832969,4.003185510825247,0.06896942427201123,1.9089878743283606,2.787560390684618,2.500713020605616,1.990944265779504,-49.13788219659986
2026-04-15T15:22:27.653,4.003025531949135,4.004530906947309,4.003778219448222,4.003083229248716,0.06979594206216097,1.890957468209109,2.8318168420682355,2.3613871551386723,1.9270182804476121,-49.12755072422299
2026-04-15T15:22:27.763,4.003025531949135,4.004530906947309,4.003778219448222,4.003083229248716,0.06979594206216097,1.890957468209109,2.8318168420682355,2.3613871551386723,1.9270182804476121,-49.12755072422299
2026-04-15T15:22:27.857,4.003025531949135,4.004530906947309,4.003778219448222,4.003083229248716,0.06979594206216097,1.890957468209109,2.8318168420682355,2.3613871551386723,1.9270182804476121,-49.12755072422299
2026-04-15T15:22:27.967,4.0028445722368104,4.0041847231498195,4.003953933951494,4.003258943751987,0.06865574583358093,1.7778576480065311,2.615451968637217,2.4712087196837595,2.0368398449921443,-49.14180317708024
2026-04-15T15:22:28.090,4.0028445722368104,4.0041847231498195,4.003953933951494,4.003258943751987,0.06865574583358093,1.7778576480065311,2.615451968637217,2.4712087196837595,2.0368398449921443,-49.14180317708024
2026-04-15T15:22:28.185,4.0028445722368104,4.0041847231498195,4.003953933951494,4.003258943751987,0.06865574583358093,1.7778576480065311,2.615451968637217,2.4712087196837595,2.0368398449921443,-49.14180317708024
2026-04-15T15:22:28.309,4.003009796321976,4.0044364931843575,4.00372052214864,4.003041267576293,0.06990548056446996,1.8811227012349718,2.772808240223412,2.325326342900169,1.9007922351832462,-49.12618149294413
2026-04-15T15:22:28.418,4.003009796321976,4.0044364931843575,4.00372052214864,4.003041267576293,0.06990548056446996,1.8811227012349718,2.772808240223412,2.325326342900169,1.9007922351832462,-49.12618149294413
2026-04-15T15:22:28.527,4.003009796321976,4.0044364931843575,4.00372052214864,4.003041267576293,0.06990548056446996,1.8811227012349718,2.772808240223412,2.325326342900169,1.9007922351832462,-49.12618149294413
2026-04-15T15:22:28.635,4.003015041531029,4.004376173280249,4.003717899544114,4.003077984039663,0.07180746728638074,1.8844009568930176,2.7351083001558862,2.3236872150711463,1.9237400247895664,-49.10240665892024
2026-04-15T15:22:28.744,4.003015041531029,4.004376173280249,4.003717899544114,4.003077984039663,0.07180746728638074,1.8844009568930176,2.7351083001558862,2.3236872150711463,1.9237400247895664,-49.10240665892024
2026-04-15T15:22:28.853,4.003015041531029,4.004376173280249,4.003717899544114,4.003077984039663,0.07180746728638074,1.8844009568930176,2.7351083001558862,2.3236872150711463,1.9237400247895664,-49.10240665892024
2026-04-15T15:22:28.961,4.003046512785346,4.004344702025932,4.003943443533387,4.003167152593562,0.07001004004394673,1.904070490841292,2.715438766207612,2.464652208367113,1.979470370976344,-49.12487449945067
2026-04-15T15:22:29.071,4.003046512785346,4.004344702025932,4.003943443533387,4.003167152593562,0.07001004004394673,1.904070490841292,2.715438766207612,2.464652208367113,1.979470370976344,-49.12487449945067
2026-04-15T15:22:29.179,4.003046512785346,4.004344702025932,4.003943443533387,4.003167152593562,0.07001004004394673,1.904070490841292,2.715438766207612,2.464652208367113,1.979470370976344,-49.12487449945067
2026-04-15T15:22:29.288,4.002931118186183,4.004179477940767,4.00376510642559,4.002967834649553,0.0694175363269117,1.8319488663642858,2.612173712979171,2.353191515993558,1.854896655970606,-49.1322807959136
2026-04-15T15:22:29.398,4.002931118186183,4.004179477940767,4.00376510642559,4.002967834649553,0.0694175363269117,1.8319488663642858,2.612173712979171,2.353191515993558,1.854896655970606,-49.1322807959136
2026-04-15T15:22:29.507,4.002931118186183,4.004179477940767,4.00376510642559,4.002967834649553,0.0694175363269117,1.8319488663642858,2.612173712979171,2.353191515993558,1.854896655970606,-49.1322807959136
2026-04-15T15:22:29.616,4.003125190921139,4.004281759517299,4.004069328550656,4.003358602723992,0.06916858518530034,1.953244325711978,2.676099698311618,2.5433303441602106,2.0991267024950133,-49.135392685183746
2026-04-15T15:22:29.726,4.003125190921139,4.004281759517299,4.004069328550656,4.003358602723992,0.06916858518530034,1.953244325711978,2.676099698311618,2.5433303441602106,2.0991267024950133,-49.135392685183746
2026-04-15T15:22:29.836,4.003125190921139,4.004281759517299,4.004069328550656,4.003358602723992,0.06916858518530034,1.953244325711978,2.676099698311618,2.5433303441602106,2.0991267024950133,-49.135392685183746
2026-04-15T15:22:29.945,4.003203869056932,4.0044364931843575,4.003681183080744,4.003161907384509,0.06991543861013441,2.002418160582664,2.772808240223412,2.300739425464826,1.9761921153182982,-49.12605701737332
2026-04-15T15:22:30.054,4.003203869056932,4.0044364931843575,4.003681183080744,4.003161907384509,0.06991543861013441,2.002418160582664,2.772808240223412,2.300739425464826,1.9761921153182982,-49.12605701737332
2026-04-15T15:22:30.158,4.003203869056932,4.0044364931843575,4.003681183080744,4.003161907384509,0.06991543861013441,2.002418160582664,2.772808240223412,2.300739425464826,1.9761921153182982,-49.12605701737332
2026-04-15T15:22:30.268,4.003453016486944,4.00436830546667,4.0041060450140264,4.003088474457769,0.06851135417144634,2.1581353043398366,2.7301909166688176,2.566278133766531,1.9302965361056579,-49.14360807285692
2026-04-15T15:22:30.379,4.003453016486944,4.00436830546667,4.0041060450140264,4.003088474457769,0.06851135417144634,2.1581353043398366,2.7301909166688176,2.566278133766531,1.9302965361056579,-49.14360807285692
2026-04-15T15:22:30.483,4.003453016486944,4.00436830546667,4.0041060450140264,4.003088474457769,0.06851135417144634,2.1581353043398366,2.7301909166688176,2.566278133766531,1.9302965361056579,-49.14360807285692
2026-04-15T15:22:30.594,4.003447771277891,4.004302740353509,4.003927707906229,4.003230095102197,0.07012953659192019,2.154857048681791,2.689212720943246,2.4548174413929758,2.0188094388728928,-49.123380792601
2026-04-15T15:22:30.705,4.003447771277891,4.004302740353509,4.003927707906229,4.003230095102197,0.07012953659192019,2.154857048681791,2.689212720943246,2.4548174413929758,2.0188094388728928,-49.123380792601
2026-04-15T15:22:30.815,4.003447771277891,4.004302740353509,4.003927707906229,4.003230095102197,0.07012953659192019,2.154857048681791,2.689212720943246,2.4548174413929758,2.0188094388728928,-49.123380792601
2026-04-15T15:22:30.926,4.003324508865148,4.004512548715624,4.003594637131371,4.003324508865148,0.06882005358704442,2.077818040717716,2.8203429472650754,2.2466482071070715,2.077818040717716,-49.13974933016195
2026-04-15T15:22:31.030,4.003324508865148,4.004512548715624,4.003594637131371,4.003324508865148,0.06882005358704442,2.077818040717716,2.8203429472650754,2.2466482071070715,2.077818040717716,-49.13974933016195
2026-04-15T15:22:31.141,4.003324508865148,4.004512548715624,4.003594637131371,4.003324508865148,0.06882005358704442,2.077818040717716,2.8203429472650754,2.2466482071070715,2.077818040717716,-49.13974933016195
2026-04-15T15:22:31.252,4.003334999283254,4.004347324630459,4.003715276939587,4.003148794361877,0.0714688937337893,2.0843745520338075,2.7170778940366347,2.3220480872421234,1.9679964761731839,-49.10663882832763
2026-04-15T15:22:31.362,4.003334999283254,4.004347324630459,4.003715276939587,4.003148794361877,0.0714688937337893,2.0843745520338075,2.7170778940366347,2.3220480872421234,1.9679964761731839,-49.10663882832763
2026-04-15T15:22:31.472,4.003334999283254,4.004347324630459,4.003715276939587,4.003148794361877,0.0714688937337893,2.0843745520338075,2.7170778940366347,2.3220480872421234,1.9679964761731839,-49.10663882832763
2026-04-15T15:22:31.577,4.003177643011668,4.004085064177815,4.003925085301702,4.003148794361877,0.07021417998006804,1.9860268822924354,2.553165111134348,2.453178313563953,1.9679964761731839,-49.12232275024915
2026-04-15T15:22:31.688,4.003177643011668,4.004085064177815,4.003925085301702,4.003148794361877,0.07021417998006804,1.9860268822924354,2.553165111134348,2.453178313563953,1.9679964761731839,-49.12232275024915
2026-04-15T15:22:31.799,4.003177643011668,4.004085064177815,4.003925085301702,4.003148794361877,0.07021417998006804,1.9860268822924354,2.553165111134348,2.453178313563953,1.9679964761731839,-49.12232275024915
2026-04-15T15:22:31.908,4.003106832689454,4.004313230771615,4.003565788481581,4.003424167837153,0.06954201189771737,1.941770430908818,2.6957692322593374,2.228617800988375,2.140104898220585,-49.130724851278536
2026-04-15T15:22:32.018,4.003106832689454,4.004313230771615,4.003565788481581,4.003424167837153,0.06954201189771737,1.941770430908818,2.6957692322593374,2.228617800988375,2.140104898220585,-49.130724851278536
2026-04-15T15:22:32.141,4.003106832689454,4.004313230771615,4.003565788481581,4.003424167837153,0.06954201189771737,1.941770430908818,2.6957692322593374,2.228617800988375,2.140104898220585,-49.130724851278536
2026-04-15T15:22:32.234,4.003411054814521,4.004127025850238,4.004001140832969,4.0029625894405,0.07001004004394673,2.1319092590754707,2.5793911563987137,2.500713020605616,1.8516184003125602,-49.12487449945067
2026-04-15T15:22:32.343,4.003411054814521,4.004127025850238,4.004001140832969,4.0029625894405,0.07001004004394673,2.1319092590754707,2.5793911563987137,2.500713020605616,1.8516184003125602,-49.12487449945067
2026-04-15T15:22:32.452,4.003411054814521,4.004127025850238,4.004001140832969,4.0029625894405,0.07001004004394673,2.1319092590754707,2.5793911563987137,2.500713020605616,1.8516184003125602,-49.12487449945067
2026-04-15T15:22:32.561,4.003070116226084,4.004355192444039,4.003846407165909,4.003329754074201,0.07013451561475241,1.9188226413024978,2.7219952775242584,2.404004478693267,2.0810962963757618,-49.12331855481559
2026-04-15T15:22:32.670,4.003070116226084,4.004355192444039,4.003846407165909,4.003329754074201,0.07013451561475241,1.9188226413024978,2.7219952775242584,2.404004478693267,2.0810962963757618,-49.12331855481559
2026-04-15T15:22:32.779,4.003070116226084,4.004355192444039,4.003846407165909,4.003329754074201,0.07013451561475241,1.9188226413024978,2.7219952775242584,2.404004478693267,2.0810962963757618,-49.12331855481559
2026-04-15T15:22:32.889,4.002912759954498,4.004431247975305,4.003885746233806,4.003130436130192,0.0706822081262974,1.8204749715611257,2.7695299845653665,2.42859139612861,1.9565225813700238,-49.11647239842129
2026-04-15T15:22:32.998,4.002912759954498,4.004431247975305,4.003885746233806,4.003130436130192,0.0706822081262974,1.8204749715611257,2.7695299845653665,2.42859139612861,1.9565225813700238,-49.11647239842129
2026-04-15T15:22:33.107,4.002912759954498,4.004431247975305,4.003885746233806,4.003130436130192,0.0706822081262974,1.8204749715611257,2.7695299845653665,2.42859139612861,1.9565225813700238,-49.11647239842129
2026-04-15T15:22:33.218,4.003064871017031,4.004276514308245,4.003696918707902,4.003329754074201,0.0706622920349685,1.915544385644452,2.6728214426530172,2.3105741924389633,2.0810962963757618,-49.116721349562894
2026-04-15T15:22:33.326,4.003064871017031,4.004276514308245,4.003696918707902,4.003329754074201,0.0706622920349685,1.915544385644452,2.6728214426530172,2.3105741924389633,2.0810962963757618,-49.116721349562894
2026-04-15T15:22:33.440,4.003064871017031,4.004276514308245,4.003696918707902,4.003329754074201,0.0706622920349685,1.915544385644452,2.6728214426530172,2.3105741924389633,2.0810962963757618,-49.116721349562894
2026-04-15T15:22:33.560,4.003125190921139,4.0043525698395115,4.003754616007484,4.0030491353898725,0.06955196994338182,1.953244325711978,2.7203561496946804,2.3466350046774664,1.9057096186703149,-49.13060037570773
2026-04-15T15:22:33.669,4.003125190921139,4.0043525698395115,4.003754616007484,4.0030491353898725,0.06955196994338182,1.953244325711978,2.7203561496946804,2.3466350046774664,1.9057096186703149,-49.13060037570773
2026-04-15T15:22:33.765,4.003125190921139,4.0043525698395115,4.003754616007484,4.0030491353898725,0.06955196994338182,1.953244325711978,2.7203561496946804,2.3466350046774664,1.9057096186703149,-49.13060037570773
2026-04-15T15:22:33.883,4.003059625807978,4.00467777280079,4.003518581600105,4.003138303943771,0.07239499198058355,1.9122661299864063,2.923608000493516,2.1991135000654083,1.9614399648570924,-49.095062600242706
2026-04-15T15:22:33.986,4.003059625807978,4.00467777280079,4.003518581600105,4.003138303943771,0.07239499198058355,1.9122661299864063,2.923608000493516,2.1991135000654083,1.9614399648570924,-49.095062600242706
2026-04-15T15:22:34.097,4.003059625807978,4.00467777280079,4.003518581600105,4.003138303943771,0.07239499198058355,1.9122661299864063,2.923608000493516,2.1991135000654083,1.9614399648570924,-49.095062600242706
2026-04-15T15:22:34.208,4.0033795835602035,4.004271269099192,4.004001140832969,4.003185510825247,0.07015941072891355,2.1122397251271963,2.6695431869949715,2.500713020605616,1.990944265779504,-49.12300736588858
2026-04-15T15:22:34.312,4.0033795835602035,4.004271269099192,4.004001140832969,4.003185510825247,0.07015941072891355,2.1122397251271963,2.6695431869949715,2.500713020605616,1.990944265779504,-49.12300736588858
2026-04-15T15:22:34.422,4.0033795835602035,4.004271269099192,4.004001140832969,4.003185510825247,0.07015941072891355,2.1122397251271963,2.6695431869949715,2.500713020605616,1.990944265779504,-49.12300736588858
2026-04-15T15:22:34.534,4.0035054685774725,4.004032612087286,4.004155874500029,4.002949476417868,0.0681030742992037,2.190917860920294,2.5203825545538905,2.5974215625179653,1.8434227611674459,-49.14871157125995
2026-04-15T15:22:34.644,4.0035054685774725,4.004032612087286,4.004155874500029,4.002949476417868,0.0681030742992037,2.190917860920294,2.5203825545538905,2.5974215625179653,1.8434227611674459,-49.14871157125995
2026-04-15T15:22:34.748,4.0035054685774725,4.004032612087286,4.004155874500029,4.002949476417868,0.0681030742992037,2.190917860920294,2.5203825545538905,2.5974215625179653,1.8434227611674459,-49.14871157125995
2026-04-15T15:22:34.858,4.003534317227263,4.004305362958036,4.003817558516118,4.003303528028937,0.06651476601572323,2.2089482670395455,2.690851848772269,2.3859740725740153,2.064705018085533,-49.16856542480346
2026-04-15T15:22:34.967,4.003534317227263,4.004305362958036,4.003817558516118,4.003303528028937,0.06651476601572323,2.2089482670395455,2.690851848772269,2.3859740725740153,2.064705018085533,-49.16856542480346
2026-04-15T15:22:35.077,4.003534317227263,4.004305362958036,4.003817558516118,4.003303528028937,0.06651476601572323,2.2089482670395455,2.690851848772269,2.3859740725740153,2.064705018085533,-49.16856542480346
2026-04-15T15:22:35.186,4.0031750204071415,4.004342079421406,4.00369954131243,4.003287792401778,0.06839683664630512,1.9843877544634125,2.713799638378589,2.3122133202685413,2.054870251111396,-49.145039541921186
2026-04-15T15:22:35.296,4.0031750204071415,4.004342079421406,4.00369954131243,4.003287792401778,0.06839683664630512,1.9843877544634125,2.713799638378589,2.3122133202685413,2.054870251111396,-49.145039541921186
2026-04-15T15:22:35.406,4.0031750204071415,4.004342079421406,4.00369954131243,4.003287792401778,0.06839683664630512,1.9843877544634125,2.713799638378589,2.3122133202685413,2.054870251111396,-49.145039541921186
2026-04-15T15:22:35.516,4.003324508865148,4.004365682862144,4.003405809605468,4.002912759954498,0.07072701933178745,2.077818040717716,2.7285517888397948,2.128631003417425,1.8204749715611257,-49.11591225835266
2026-04-15T15:22:35.626,4.003324508865148,4.004365682862144,4.003405809605468,4.002912759954498,0.07072701933178745,2.077818040717716,2.7285517888397948,2.128631003417425,1.8204749715611257,-49.11591225835266
2026-04-15T15:22:35.737,4.003324508865148,4.004365682862144,4.003405809605468,4.002912759954498,0.07072701933178745,2.077818040717716,2.7285517888397948,2.128631003417425,1.8204749715611257,-49.11591225835266
2026-04-15T15:22:35.845,4.003303528028937,4.004473209647728,4.003303528028937,4.003442526068838,0.06701764732177819,2.064705018085533,2.7957560298297324,2.064705018085533,2.151578793023745,-49.16227940847777
2026-04-15T15:22:35.952,4.003303528028937,4.004473209647728,4.003303528028937,4.003442526068838,0.06701764732177819,2.064705018085533,2.7957560298297324,2.064705018085533,2.151578793023745,-49.16227940847777
2026-04-15T15:22:36.063,4.003303528028937,4.004473209647728,4.003303528028937,4.003442526068838,0.06701764732177819,2.064705018085533,2.7957560298297324,2.064705018085533,2.151578793023745,-49.16227940847777
2026-04-15T15:22:36.173,4.003169775198089,4.004344702025932,4.0036497118264265,4.00338220616473,0.06441361838052335,1.9811094988053668,2.715438766207612,2.2810698915165517,2.113878852956219,-49.19482977024346
2026-04-15T15:22:36.284,4.003169775198089,4.004344702025932,4.0036497118264265,4.00338220616473,0.06441361838052335,1.9811094988053668,2.715438766207612,2.2810698915165517,2.113878852956219,-49.19482977024346
2026-04-15T15:22:36.392,4.003169775198089,4.004344702025932,4.0036497118264265,4.00338220616473,0.06441361838052335,1.9811094988053668,2.715438766207612,2.2810698915165517,2.113878852956219,-49.19482977024346
2026-04-15T15:22:36.499,4.003224849893144,4.00444173839341,4.004129648454764,4.003285169797252,0.06486670945825602,2.015531183214847,2.776086495881458,2.5810302842277366,2.053231123282373,-49.1891661317718
2026-04-15T15:22:36.609,4.003224849893144,4.00444173839341,4.004129648454764,4.003285169797252,0.06486670945825602,2.015531183214847,2.776086495881458,2.5810302842277366,2.053231123282373,-49.1891661317718
2026-04-15T15:22:36.720,4.003224849893144,4.00444173839341,4.004129648454764,4.003285169797252,0.06486670945825602,2.015531183214847,2.776086495881458,2.5810302842277366,2.053231123282373,-49.1891661317718
2026-04-15T15:22:36.831,4.003169775198089,4.0044128897436195,4.003804445493486,4.0032169820795644,0.06388086293747504,1.9811094988053668,2.7580560897622064,2.377778433428901,2.0106137997277784,-49.20148921328156
2026-04-15T15:22:36.942,4.003169775198089,4.0044128897436195,4.003804445493486,4.0032169820795644,0.06388086293747504,1.9811094988053668,2.7580560897622064,2.377778433428901,2.0106137997277784,-49.20148921328156
2026-04-15T15:22:37.045,4.003169775198089,4.0044128897436195,4.003804445493486,4.0032169820795644,0.06388086293747504,1.9811094988053668,2.7580560897622064,2.377778433428901,2.0106137997277784,-49.20148921328156
2026-04-15T15:22:37.163,4.003411054814521,4.004153251895502,4.004137516268344,4.003051757994399,0.06307426123865423,2.1319092590754707,2.5957824346889424,2.585947667714805,1.9073487464993377,-49.21157173451682
2026-04-15T15:22:37.273,4.003411054814521,4.004153251895502,4.004137516268344,4.003051757994399,0.06307426123865423,2.1319092590754707,2.5957824346889424,2.585947667714805,1.9073487464993377,-49.21157173451682
2026-04-15T15:22:37.377,4.003411054814521,4.004153251895502,4.004137516268344,4.003051757994399,0.06307426123865423,2.1319092590754707,2.5957824346889424,2.585947667714805,1.9073487464993377,-49.21157173451682
2026-04-15T15:22:37.492,4.003167152593562,4.004218817008663,4.003749370798431,4.003293037610831,0.06348752013372909,1.979470370976344,2.636760630414514,2.3433567490194207,2.0581485067694416,-49.206405998328385
2026-04-15T15:22:37.592,4.003167152593562,4.004218817008663,4.003749370798431,4.003293037610831,0.06348752013372909,1.979470370976344,2.636760630414514,2.3433567490194207,2.0581485067694416,-49.206405998328385
2026-04-15T15:22:37.703,4.003167152593562,4.004218817008663,4.003749370798431,4.003293037610831,0.06348752013372909,1.979470370976344,2.636760630414514,2.3433567490194207,2.0581485067694416,-49.206405998328385
2026-04-15T15:22:37.821,4.003266811565567,4.004373550675723,4.004090309386868,4.003355980119466,0.06517042985102188,2.041757228479213,2.7334691723268634,2.5564433667923936,2.0974875746659905,-49.185369626862226
2026-04-15T15:22:37.933,4.003266811565567,4.004373550675723,4.004090309386868,4.003355980119466,0.06517042985102188,2.041757228479213,2.7334691723268634,2.5564433667923936,2.0974875746659905,-49.185369626862226
2026-04-15T15:22:38.035,4.003266811565567,4.004373550675723,4.004090309386868,4.003355980119466,0.06517042985102188,2.041757228479213,2.7334691723268634,2.5564433667923936,2.0974875746659905,-49.185369626862226
2026-04-15T15:22:38.139,4.003303528028937,4.004247665658454,4.003762483821063,4.0030910970622955,0.06959180212603965,2.064705018085533,2.6547910365337657,2.351552388164535,1.9319356639346807,-49.1301024734245
2026-04-15T15:22:38.250,4.003303528028937,4.004247665658454,4.003762483821063,4.0030910970622955,0.06959180212603965,2.064705018085533,2.6547910365337657,2.351552388164535,1.9319356639346807,-49.1301024734245
2026-04-15T15:22:38.360,4.003303528028937,4.004247665658454,4.003762483821063,4.0030910970622955,0.06959180212603965,2.064705018085533,2.6547910365337657,2.351552388164535,1.9319356639346807,-49.1301024734245
2026-04-15T15:22:38.471,4.003140926548298,4.004483700065833,4.004260778681086,4.0033795835602035,0.06732634673737627,1.9630790926861152,2.802312541145824,2.66298667567888,2.1122397251271963,-49.1584206657828
2026-04-15T15:22:38.582,4.003140926548298,4.004483700065833,4.004260778681086,4.0033795835602035,0.06732634673737627,1.9630790926861152,2.802312541145824,2.66298667567888,2.1122397251271963,-49.1584206657828
2026-04-15T15:22:38.700,4.003140926548298,4.004483700065833,4.004260778681086,4.0033795835602035,0.06732634673737627,1.9630790926861152,2.802312541145824,2.66298667567888,2.1122397251271963,-49.1584206657828
2026-04-15T15:22:38.809,4.003285169797252,4.004321098585194,4.00402998948276,4.0030071737174495,0.07060752278381399,2.053231123282373,2.700686615746406,2.5187434267248676,1.879483573405949,-49.11740596520232
2026-04-15T15:22:38.919,4.003285169797252,4.004321098585194,4.00402998948276,4.0030071737174495,0.07060752278381399,2.053231123282373,2.700686615746406,2.5187434267248676,1.879483573405949,-49.11740596520232
2026-04-15T15:22:39.014,4.003285169797252,4.004321098585194,4.00402998948276,4.0030071737174495,0.07060752278381399,2.053231123282373,2.700686615746406,2.5187434267248676,1.879483573405949,-49.11740596520232
2026-04-15T15:22:39.123,4.003510713786525,4.004323721189721,4.004168987522661,4.00311732310756,0.06819767573301602,2.1941961165783397,2.702325743575429,2.6056172016630796,1.9483269422249094,-49.1475290533373
2026-04-15T15:22:39.233,4.003510713786525,4.004323721189721,4.004168987522661,4.00311732310756,0.06819767573301602,2.1941961165783397,2.702325743575429,2.6056172016630796,1.9483269422249094,-49.1475290533373
2026-04-15T15:22:39.357,4.003510713786525,4.004323721189721,4.004168987522661,4.00311732310756,0.06819767573301602,2.1941961165783397,2.702325743575429,2.6056172016630796,1.9483269422249094,-49.1475290533373
2026-04-15T15:22:39.451,4.003248453333882,4.004192590963399,4.004326343794247,4.00307273883061,0.06925820759628043,2.030283333676053,2.6203693521242855,2.7039648714044517,1.9204617691315207,-49.134272405046495
2026-04-15T15:22:39.561,4.003248453333882,4.004192590963399,4.004326343794247,4.00307273883061,0.06925820759628043,2.030283333676053,2.6203693521242855,2.7039648714044517,1.9204617691315207,-49.134272405046495
2026-04-15T15:22:39.670,4.003248453333882,4.004192590963399,4.004326343794247,4.00307273883061,0.06925820759628043,2.030283333676053,2.6203693521242855,2.7039648714044517,1.9204617691315207,-49.134272405046495
2026-04-15T15:22:39.793,4.003466129509576,4.004360437653091,4.003696918707902,4.003269434170093,0.06568824822557352,2.166330943484951,2.725273533181749,2.3105741924389633,2.043396356308236,-49.17889689718033
2026-04-15T15:22:39.903,4.003466129509576,4.004360437653091,4.003696918707902,4.003269434170093,0.06568824822557352,2.166330943484951,2.725273533181749,2.3105741924389633,2.043396356308236,-49.17889689718033
2026-04-15T15:22:40.012,4.003466129509576,4.004360437653091,4.003696918707902,4.003269434170093,0.06568824822557352,2.166330943484951,2.725273533181749,2.3105741924389633,2.043396356308236,-49.17889689718033
2026-04-15T15:22:40.122,4.0033376218877805,4.004509926111098,4.0037100317305345,4.00303602236724,0.066947941002127,2.0860136798628304,2.8187038194360525,2.3187698315840777,1.8975139795252005,-49.16315073747341
2026-04-15T15:22:40.230,4.0033376218877805,4.004509926111098,4.0037100317305345,4.00303602236724,0.066947941002127,2.0860136798628304,2.8187038194360525,2.3187698315840777,1.8975139795252005,-49.16315073747341
2026-04-15T15:22:40.340,4.0033376218877805,4.004509926111098,4.0037100317305345,4.00303602236724,0.066947941002127,2.0860136798628304,2.8187038194360525,2.3187698315840777,1.8975139795252005,-49.16315073747341
2026-04-15T15:22:40.449,4.003374338351151,4.004420757557199,4.0040221216691805,4.00338220616473,0.06753048667349758,2.1089614694691505,2.762973473249275,2.513826043237799,2.113878852956219,-49.155868916581284
2026-04-15T15:22:40.558,4.003374338351151,4.004420757557199,4.0040221216691805,4.00338220616473,0.06753048667349758,2.1089614694691505,2.762973473249275,2.513826043237799,2.113878852956219,-49.155868916581284
2026-04-15T15:22:40.667,4.003374338351151,4.004420757557199,4.0040221216691805,4.00338220616473,0.06753048667349758,2.1089614694691505,2.762973473249275,2.513826043237799,2.113878852956219,-49.155868916581284
2026-04-15T15:22:40.776,4.003245830729355,4.004384041093829,4.003681183080744,4.00326418896104,0.06591728327585597,2.02864420584703,2.740025683642955,2.300739425464826,2.04011810065019,-49.1760339590518
2026-04-15T15:22:40.884,4.003245830729355,4.004384041093829,4.003681183080744,4.00326418896104,0.06591728327585597,2.02864420584703,2.740025683642955,2.300739425464826,2.04011810065019,-49.1760339590518
2026-04-15T15:22:40.993,4.003245830729355,4.004384041093829,4.003681183080744,4.00326418896104,0.06591728327585597,2.02864420584703,2.740025683642955,2.300739425464826,2.04011810065019,-49.1760339590518
2026-04-15T15:22:41.103,4.003146171757351,4.004638433732893,4.003736257775799,4.003185510825247,0.06497624796056503,1.966357348344161,2.899021083058173,2.3351611098743064,1.990944265779504,-49.187796900492934
2026-04-15T15:22:41.212,4.003146171757351,4.004638433732893,4.003736257775799,4.003185510825247,0.06497624796056503,1.966357348344161,2.899021083058173,2.3351611098743064,1.990944265779504,-49.187796900492934
2026-04-15T15:22:41.321,4.003146171757351,4.004638433732893,4.003736257775799,4.003185510825247,0.06497624796056503,1.966357348344161,2.899021083058173,2.3351611098743064,1.990944265779504,-49.187796900492934
2026-04-15T15:22:41.431,4.00352907201821,4.004276514308245,4.003626108385689,4.003138303943771,0.06535963271864652,2.2056700113814998,2.6728214426530172,2.266317741055901,1.9614399648570924,-49.183004591016925
2026-04-15T15:22:41.540,4.00352907201821,4.004276514308245,4.003626108385689,4.003138303943771,0.06535963271864652,2.2056700113814998,2.6728214426530172,2.266317741055901,1.9614399648570924,-49.183004591016925
2026-04-15T15:22:41.648,4.00352907201821,4.004276514308245,4.003626108385689,4.003138303943771,0.06535963271864652,2.2056700113814998,2.6728214426530172,2.266317741055901,1.9614399648570924,-49.183004591016925
2026-04-15T15:22:41.757,4.003211736870512,4.004305362958036,4.003544807645369,4.003209114265985,0.0650260381888873,2.0073355440697327,2.690851848772269,2.215504778355637,2.00569641624071,-49.18717452263891
2026-04-15T15:22:41.866,4.003211736870512,4.004305362958036,4.003544807645369,4.003209114265985,0.0650260381888873,2.0073355440697327,2.690851848772269,2.215504778355637,2.00569641624071,-49.18717452263891
2026-04-15T15:22:41.975,4.003211736870512,4.004305362958036,4.003544807645369,4.003209114265985,0.0650260381888873,2.0073355440697327,2.690851848772269,2.215504778355637,2.00569641624071,-49.18717452263891
2026-04-15T15:22:42.084,4.002983570276712,4.004426002766252,4.00369954131243,4.003214359475038,0.0683221513038217,1.8647314229447431,2.7662517289073207,2.3122133202685413,2.0089746718987556,-49.14597310870223
2026-04-15T15:22:42.193,4.002983570276712,4.004426002766252,4.00369954131243,4.003214359475038,0.0683221513038217,1.8647314229447431,2.7662517289073207,2.3122133202685413,2.0089746718987556,-49.14597310870223
2026-04-15T15:22:42.302,4.002983570276712,4.004426002766252,4.00369954131243,4.003214359475038,0.0683221513038217,1.8647314229447431,2.7662517289073207,2.3122133202685413,2.0089746718987556,-49.14597310870223
2026-04-15T15:22:42.411,4.003140926548298,4.004517793924677,4.004009008646548,4.003057003203452,0.06691806686513364,1.9630790926861152,2.823621202923121,2.5056304040926847,1.9106270021573835,-49.16352416418583
2026-04-15T15:22:42.521,4.003140926548298,4.004517793924677,4.004009008646548,4.003057003203452,0.06691806686513364,1.9630790926861152,2.823621202923121,2.5056304040926847,1.9106270021573835,-49.16352416418583
2026-04-15T15:22:42.629,4.003140926548298,4.004517793924677,4.004009008646548,4.003057003203452,0.06691806686513364,1.9630790926861152,2.823621202923121,2.5056304040926847,1.9106270021573835,-49.16352416418583
2026-04-15T15:22:42.738,4.003046512785346,4.004439115788884,4.004218817008663,4.003143549152824,0.06925820759628043,1.904070490841292,2.774447368052435,2.636760630414514,1.9647182205151381,-49.134272405046495
2026-04-15T15:22:42.847,4.003046512785346,4.004439115788884,4.004218817008663,4.003143549152824,0.06925820759628043,1.904070490841292,2.774447368052435,2.636760630414514,1.9647182205151381,-49.134272405046495
2026-04-15T15:22:42.957,4.003046512785346,4.004439115788884,4.004218817008663,4.003143549152824,0.06925820759628043,1.904070490841292,2.774447368052435,2.636760630414514,1.9647182205151381,-49.134272405046495
2026-04-15T15:22:43.067,4.003261566356514,4.004473209647728,4.004197836172452,4.003028154553661,0.06934285098442829,2.038478972821167,2.7957560298297324,2.623647607782331,1.892596596038132,-49.133214362694645
2026-04-15T15:22:43.175,4.003261566356514,4.004473209647728,4.004197836172452,4.003028154553661,0.06934285098442829,2.038478972821167,2.7957560298297324,2.623647607782331,1.892596596038132,-49.133214362694645
2026-04-15T15:22:43.285,4.003261566356514,4.004473209647728,4.004197836172452,4.003028154553661,0.06934285098442829,2.038478972821167,2.7957560298297324,2.623647607782331,1.892596596038132,-49.133214362694645
2026-04-15T15:22:43.396,4.003434658255259,4.004381418489302,4.003597259735898,4.002915382559024,0.06883996967837333,2.1466614095366765,2.738386555813932,2.2482873349360943,1.8221140993901486,-49.13950037902033
2026-04-15T15:22:43.504,4.003434658255259,4.004381418489302,4.003597259735898,4.002915382559024,0.06883996967837333,2.1466614095366765,2.738386555813932,2.2482873349360943,1.8221140993901486,-49.13950037902033
2026-04-15T15:22:43.613,4.003434658255259,4.004381418489302,4.003597259735898,4.002915382559024,0.06883996967837333,2.1466614095366765,2.738386555813932,2.2482873349360943,1.8221140993901486,-49.13950037902033
2026-04-15T15:22:43.721,4.003565788481581,4.0043945315119345,4.003904104465491,4.003384828769256,0.06843168980613071,2.228617800988375,2.7465821949590463,2.44006529093177,2.115517980785242,-49.144603877423364
2026-04-15T15:22:43.831,4.003565788481581,4.0043945315119345,4.003904104465491,4.003384828769256,0.06843168980613071,2.228617800988375,2.7465821949590463,2.44006529093177,2.115517980785242,-49.144603877423364
2026-04-15T15:22:43.942,4.003565788481581,4.0043945315119345,4.003904104465491,4.003384828769256,0.06843168980613071,2.228617800988375,2.7465821949590463,2.44006529093177,2.115517980785242,-49.144603877423364
2026-04-15T15:22:44.053,4.003521204204631,4.00459647206047,4.004142761477397,4.0030491353898725,0.07085149490259313,2.200752627894431,2.872795037793807,2.589225923372851,1.9057096186703149,-49.114356313717586
2026-04-15T15:22:44.162,4.003521204204631,4.00459647206047,4.004142761477397,4.0030491353898725,0.07085149490259313,2.200752627894431,2.872795037793807,2.589225923372851,1.9057096186703149,-49.114356313717586
2026-04-15T15:22:44.271,4.003521204204631,4.00459647206047,4.004142761477397,4.0030491353898725,0.07085149490259313,2.200752627894431,2.872795037793807,2.589225923372851,1.9057096186703149,-49.114356313717586
2026-04-15T15:22:44.380,4.003620863176636,4.004266023890139,4.003681183080744,4.00307273883061,0.06909887886564915,2.2630394853973,2.6662649313369258,2.300739425464826,1.9204617691315207,-49.13626401417939
2026-04-15T15:22:44.489,4.003620863176636,4.004266023890139,4.003681183080744,4.00307273883061,0.06909887886564915,2.2630394853973,2.6662649313369258,2.300739425464826,1.9204617691315207,-49.13626401417939
2026-04-15T15:22:44.599,4.003620863176636,4.004266023890139,4.003681183080744,4.00307273883061,0.06909887886564915,2.2630394853973,2.6662649313369258,2.300739425464826,1.9204617691315207,-49.13626401417939
2026-04-15T15:22:44.707,4.003256321147461,4.004195213567925,4.003694296103376,4.0032353403112495,0.06673882204317345,2.0352007171631215,2.6220084799533083,2.3089350646099405,2.0220876945309385,-49.16576472446033
2026-04-15T15:22:44.817,4.003256321147461,4.004195213567925,4.003694296103376,4.0032353403112495,0.06673882204317345,2.0352007171631215,2.6220084799533083,2.3089350646099405,2.0220876945309385,-49.16576472446033
2026-04-15T15:22:44.925,4.003256321147461,4.004195213567925,4.003694296103376,4.0032353403112495,0.06673882204317345,2.0352007171631215,2.6220084799533083,2.3089350646099405,2.0220876945309385,-49.16576472446033
2026-04-15T15:22:45.033,4.003510713786525,4.004499435692992,4.003754616007484,4.003316641051569,0.07020920095723582,2.1941961165783397,2.812147308119961,2.3466350046774664,2.0729006572306474,-49.122384988034554
2026-04-15T15:22:45.142,4.003510713786525,4.004499435692992,4.003754616007484,4.003316641051569,0.07020920095723582,2.1941961165783397,2.812147308119961,2.3466350046774664,2.0729006572306474,-49.122384988034554
2026-04-15T15:22:45.252,4.003510713786525,4.004499435692992,4.003754616007484,4.003316641051569,0.07020920095723582,2.1941961165783397,2.812147308119961,2.3466350046774664,2.0729006572306474,-49.122384988034554
2026-04-15T15:22:45.360,4.00338220616473,4.004239797844875,4.003518581600105,4.003282547192725,0.070278907276887,2.113878852956219,2.649873653046697,2.1991135000654083,2.05159199545335,-49.12151365903891
2026-04-15T15:22:45.469,4.00338220616473,4.004239797844875,4.003518581600105,4.003282547192725,0.070278907276887,2.113878852956219,2.649873653046697,2.1991135000654083,2.05159199545335,-49.12151365903891
2026-04-15T15:22:45.579,4.00338220616473,4.004239797844875,4.003518581600105,4.003282547192725,0.070278907276887,2.113878852956219,2.649873653046697,2.1991135000654083,2.05159199545335,-49.12151365903891
2026-04-15T15:22:45.689,4.003424167837153,4.0043709280711965,4.003479242532208,4.003253698542935,0.07000008199828228,2.140104898220585,2.7318300444978405,2.1745265826300653,2.0335615893340986,-49.12499897502147
2026-04-15T15:22:45.798,4.003424167837153,4.0043709280711965,4.003479242532208,4.003253698542935,0.07000008199828228,2.140104898220585,2.7318300444978405,2.1745265826300653,2.0335615893340986,-49.12499897502147
2026-04-15T15:22:45.906,4.003424167837153,4.0043709280711965,4.003479242532208,4.003253698542935,0.07000008199828228,2.140104898220585,2.7318300444978405,2.1745265826300653,2.0335615893340986,-49.12499897502147
2026-04-15T15:22:46.032,4.003114700503033,4.004281759517299,4.004043102505392,4.003258943751987,0.06831219325815724,1.9466878143958866,2.676099698311618,2.526939065869982,2.0368398449921443,-49.146097584273036
2026-04-15T15:22:46.126,4.003114700503033,4.004281759517299,4.004043102505392,4.003258943751987,0.06831219325815724,1.9466878143958866,2.676099698311618,2.526939065869982,2.0368398449921443,-49.146097584273036
2026-04-15T15:22:46.234,4.003114700503033,4.004281759517299,4.004043102505392,4.003258943751987,0.06831219325815724,1.9466878143958866,2.676099698311618,2.526939065869982,2.0368398449921443,-49.146097584273036
2026-04-15T15:22:46.342,4.003251075938408,4.004205703986031,4.003736257775799,4.003122568316613,0.0660168637325005,2.0319224615050757,2.6285649912694,2.3351611098743064,1.9516051978829552,-49.17478920334374
2026-04-15T15:22:46.452,4.003251075938408,4.004205703986031,4.003736257775799,4.003122568316613,0.0660168637325005,2.0319224615050757,2.6285649912694,2.3351611098743064,1.9516051978829552,-49.17478920334374
2026-04-15T15:22:46.563,4.003251075938408,4.004205703986031,4.003736257775799,4.003122568316613,0.0660168637325005,2.0319224615050757,2.6285649912694,2.3351611098743064,1.9516051978829552,-49.17478920334374
2026-04-15T15:22:46.670,4.003266811565567,4.004444360997937,4.00375723861201,4.003384828769256,0.06833708837231837,2.041757228479213,2.777725623710481,2.3482741325064893,2.115517980785242,-49.14578639534602
2026-04-15T15:22:46.781,4.003266811565567,4.004444360997937,4.00375723861201,4.003384828769256,0.06833708837231837,2.041757228479213,2.777725623710481,2.3482741325064893,2.115517980785242,-49.14578639534602
2026-04-15T15:22:46.892,4.003266811565567,4.004444360997937,4.00375723861201,4.003384828769256,0.06833708837231837,2.041757228479213,2.777725623710481,2.3482741325064893,2.115517980785242,-49.14578639534602
2026-04-15T15:22:47.001,4.003303528028937,4.004305362958036,4.003969669578652,4.0032169820795644,0.0704631311216794,2.064705018085533,2.690851848772269,2.4810434866573416,2.0106137997277784,-49.11921086097901
2026-04-15T15:22:47.110,4.003303528028937,4.004305362958036,4.003969669578652,4.0032169820795644,0.0704631311216794,2.064705018085533,2.690851848772269,2.4810434866573416,2.0106137997277784,-49.11921086097901
2026-04-15T15:22:47.220,4.003303528028937,4.004305362958036,4.003969669578652,4.0032169820795644,0.0704631311216794,2.064705018085533,2.690851848772269,2.4810434866573416,2.0106137997277784,-49.11921086097901
2026-04-15T15:22:47.329,4.003332376678728,4.004481077461307,4.003888368838332,4.0033612253285185,0.06778441683794117,2.0827354242047846,2.800673413316801,2.4302305239576327,2.100765830324036,-49.15269478952574
2026-04-15T15:22:47.438,4.003332376678728,4.004481077461307,4.003888368838332,4.0033612253285185,0.06778441683794117,2.0827354242047846,2.800673413316801,2.4302305239576327,2.100765830324036,-49.15269478952574
2026-04-15T15:22:47.550,4.003332376678728,4.004481077461307,4.003888368838332,4.0033612253285185,0.06778441683794117,2.0827354242047846,2.800673413316801,2.4302305239576327,2.100765830324036,-49.15269478952574
2026-04-15T15:22:47.660,4.0033192636560955,4.004307985562562,4.004058838132551,4.003224849893144,0.06616125539463509,2.0745397850596703,2.6924909766012917,2.536773832844119,2.015531183214847,-49.17298430756706
2026-04-15T15:22:47.767,4.0033192636560955,4.004307985562562,4.004058838132551,4.003224849893144,0.06616125539463509,2.0745397850596703,2.6924909766012917,2.536773832844119,2.015531183214847,-49.17298430756706
2026-04-15T15:22:47.876,4.0033192636560955,4.004307985562562,4.004058838132551,4.003224849893144,0.06616125539463509,2.0745397850596703,2.6924909766012917,2.536773832844119,2.015531183214847,-49.17298430756706
2026-04-15T15:22:47.987,4.0031907560343,4.004491567879413,4.003618240572109,4.003374338351151,0.07043823600751827,1.9942225214375497,2.8072299246328924,2.2614003575682773,2.1089614694691505,-49.119522049906024
2026-04-15T15:22:48.096,4.0031907560343,4.004491567879413,4.003618240572109,4.003374338351151,0.07043823600751827,1.9942225214375497,2.8072299246328924,2.2614003575682773,2.1089614694691505,-49.119522049906024
2026-04-15T15:22:48.205,4.0031907560343,4.004491567879413,4.003618240572109,4.003374338351151,0.07043823600751827,1.9942225214375497,2.8072299246328924,2.2614003575682773,2.1089614694691505,-49.119522049906024
2026-04-15T15:22:48.315,4.003395319187362,4.0042922499354034,4.003232717706723,4.003203869056932,0.06967146649135528,2.1220744921013335,2.6826562096271545,2.0204485667019156,2.002418160582664,-49.12910666885806
2026-04-15T15:22:48.423,4.003395319187362,4.0042922499354034,4.003232717706723,4.003203869056932,0.06967146649135528,2.1220744921013335,2.6826562096271545,2.0204485667019156,2.002418160582664,-49.12910666885806
2026-04-15T15:22:48.534,4.003395319187362,4.0042922499354034,4.003232717706723,4.003203869056932,0.06967146649135528,2.1220744921013335,2.6826562096271545,2.0204485667019156,2.002418160582664,-49.12910666885806
2026-04-15T15:22:48.642,4.003101587480401,4.004313230771615,4.003599882340424,4.003119945712086,0.06986066935897992,1.9384921752507722,2.6957692322593374,2.249926462765117,1.9499660700539323,-49.12674163301275
2026-04-15T15:22:48.752,4.003101587480401,4.004313230771615,4.003599882340424,4.003119945712086,0.06986066935897992,1.9384921752507722,2.6957692322593374,2.249926462765117,1.9499660700539323,-49.12674163301275
2026-04-15T15:22:48.860,4.003101587480401,4.004313230771615,4.003599882340424,4.003119945712086,0.06986066935897992,1.9384921752507722,2.6957692322593374,2.249926462765117,1.9499660700539323,-49.12674163301275
2026-04-15T15:22:48.969,4.003479242532208,4.0043945315119345,4.003859520188541,4.003206491661459,0.07086643197108981,2.1745265826300653,2.7465821949590463,2.412200117838381,2.004057288411687,-49.11416960036138
2026-04-15T15:22:49.077,4.003479242532208,4.0043945315119345,4.003859520188541,4.003206491661459,0.07086643197108981,2.1745265826300653,2.7465821949590463,2.412200117838381,2.004057288411687,-49.11416960036138
2026-04-15T15:22:49.201,4.003479242532208,4.0043945315119345,4.003859520188541,4.003206491661459,0.07086643197108981,2.1745265826300653,2.7465821949590463,2.412200117838381,2.004057288411687,-49.11416960036138
2026-04-15T15:22:49.311,4.003219604684091,4.004399776720987,4.003964424369599,4.00315403957093,0.06843666882896293,2.0122529275568013,2.749860450617092,2.477765230999296,1.9712747318312296,-49.144541639637964
2026-04-15T15:22:49.418,4.003219604684091,4.004399776720987,4.003964424369599,4.00315403957093,0.06843666882896293,2.0122529275568013,2.749860450617092,2.477765230999296,1.9712747318312296,-49.144541639637964
2026-04-15T15:22:49.528,4.003219604684091,4.004399776720987,4.003964424369599,4.00315403957093,0.06843666882896293,2.0122529275568013,2.749860450617092,2.477765230999296,1.9712747318312296,-49.144541639637964
2026-04-15T15:22:49.637,4.003057003203452,4.004643678941946,4.003925085301702,4.00330090542441,0.07235515979792574,1.9106270021573835,2.902299338716219,2.453178313563953,2.06306589025651,-49.09556050252593
2026-04-15T15:22:49.747,4.003057003203452,4.004643678941946,4.003925085301702,4.00330090542441,0.07235515979792574,1.9106270021573835,2.902299338716219,2.453178313563953,2.06306589025651,-49.09556050252593
2026-04-15T15:22:49.856,4.003057003203452,4.004643678941946,4.003925085301702,4.00330090542441,0.07235515979792574,1.9106270021573835,2.902299338716219,2.453178313563953,2.06306589025651,-49.09556050252593
2026-04-15T15:22:49.964,4.003017664135555,4.00452303913373,4.0037100317305345,4.003408432209994,0.06865574583358093,1.8860400847220404,2.826899458581167,2.3187698315840777,2.130270131246448,-49.14180317708024
2026-04-15T15:22:50.073,4.003017664135555,4.00452303913373,4.0037100317305345,4.003408432209994,0.06865574583358093,1.8860400847220404,2.826899458581167,2.3187698315840777,2.130270131246448,-49.14180317708024
2026-04-15T15:22:50.182,4.003017664135555,4.00452303913373,4.0037100317305345,4.003408432209994,0.06865574583358093,1.8860400847220404,2.826899458581167,2.3187698315840777,2.130270131246448,-49.14180317708024
2026-04-15T15:22:50.291,4.003253698542935,4.00440502193004,4.003849029770436,4.003366470537571,0.07119006845518457,2.0335615893340986,2.753138706275138,2.4056436065222897,2.104044085982082,-49.11012414431019
2026-04-15T15:22:50.400,4.003253698542935,4.00440502193004,4.003849029770436,4.003366470537571,0.07119006845518457,2.0335615893340986,2.753138706275138,2.4056436065222897,2.104044085982082,-49.11012414431019
2026-04-15T15:22:50.508,4.003253698542935,4.00440502193004,4.003849029770436,4.003366470537571,0.07119006845518457,2.0335615893340986,2.753138706275138,2.4056436065222897,2.104044085982082,-49.11012414431019
2026-04-15T15:22:50.618,4.003473997323155,4.004347324630459,4.0038778784202265,4.0033376218877805,0.07087639001675426,2.1712483269720195,2.7170778940366347,2.4236740126415413,2.0860136798628304,-49.11404512479057
2026-04-15T15:22:50.728,4.003473997323155,4.004347324630459,4.0038778784202265,4.0033376218877805,0.07087639001675426,2.1712483269720195,2.7170778940366347,2.4236740126415413,2.0860136798628304,-49.11404512479057
2026-04-15T15:22:50.838,4.003473997323155,4.004347324630459,4.0038778784202265,4.0033376218877805,0.07087639001675426,2.1712483269720195,2.7170778940366347,2.4236740126415413,2.0860136798628304,-49.11404512479057
2026-04-15T15:22:50.946,4.0031514169664035,4.004460096625095,4.004079818968762,4.0031514169664035,0.0742322514056754,1.9696356040022067,2.787560390684618,2.549886855476302,1.9696356040022067,-49.07209685742906
2026-04-15T15:22:51.057,4.0031514169664035,4.004460096625095,4.004079818968762,4.0031514169664035,0.0742322514056754,1.9696356040022067,2.787560390684618,2.549886855476302,1.9696356040022067,-49.07209685742906
2026-04-15T15:22:51.165,4.0031514169664035,4.004460096625095,4.004079818968762,4.0031514169664035,0.0742322514056754,1.9696356040022067,2.787560390684618,2.549886855476302,1.9696356040022067,-49.07209685742906
2026-04-15T15:22:51.276,4.003245830729355,4.004507303506571,4.003762483821063,4.003054380598925,0.07235018077509352,2.02864420584703,2.8170646916070297,2.351552388164535,1.9089878743283606,-49.09562274031133
2026-04-15T15:22:51.378,4.003245830729355,4.004507303506571,4.003762483821063,4.003054380598925,0.07235018077509352,2.02864420584703,2.8170646916070297,2.351552388164535,1.9089878743283606,-49.09562274031133
2026-04-15T15:22:51.489,4.003245830729355,4.004507303506571,4.003762483821063,4.003054380598925,0.07235018077509352,2.02864420584703,2.8170646916070297,2.351552388164535,1.9089878743283606,-49.09562274031133
2026-04-15T15:22:51.593,4.003274679379146,4.004402399325514,4.003932953115282,4.003119945712086,0.07028886532255145,2.0466746119662815,2.751499578446115,2.4580956970510215,1.9499660700539323,-49.121389183468104
2026-04-15T15:22:51.704,4.003274679379146,4.004402399325514,4.003932953115282,4.003119945712086,0.07028886532255145,2.0466746119662815,2.751499578446115,2.4580956970510215,1.9499660700539323,-49.121389183468104
2026-04-15T15:22:51.815,4.003274679379146,4.004402399325514,4.003932953115282,4.003119945712086,0.07028886532255145,2.0466746119662815,2.751499578446115,2.4580956970510215,1.9499660700539323,-49.121389183468104
2026-04-15T15:22:51.926,4.0034635069050495,4.004423380161725,4.003471374718629,4.003051757994399,0.07078676760577417,2.164691815655928,2.764612601078298,2.1696091991429967,1.9073487464993377,-49.11516540492782
2026-04-15T15:22:52.030,4.0034635069050495,4.004423380161725,4.003471374718629,4.003051757994399,0.07078676760577417,2.164691815655928,2.764612601078298,2.1696091991429967,1.9073487464993377,-49.11516540492782
2026-04-15T15:22:52.141,4.0034635069050495,4.004423380161725,4.003471374718629,4.003051757994399,0.07078676760577417,2.164691815655928,2.764612601078298,2.1696091991429967,1.9073487464993377,-49.11516540492782
2026-04-15T15:22:52.251,4.003471374718629,4.004339456816879,4.0038359167478035,4.0029232503726035,0.07288293621814183,2.1696091991429967,2.712160510549566,2.3974479673771754,1.8270314828772172,-49.088963297273224
2026-04-15T15:22:52.369,4.003471374718629,4.004339456816879,4.0038359167478035,4.0029232503726035,0.07288293621814183,2.1696091991429967,2.712160510549566,2.3974479673771754,1.8270314828772172,-49.088963297273224
2026-04-15T15:22:52.478,4.003471374718629,4.004339456816879,4.0038359167478035,4.0029232503726035,0.07288293621814183,2.1696091991429967,2.712160510549566,2.3974479673771754,1.8270314828772172,-49.088963297273224
2026-04-15T15:22:52.588,4.0034215452326265,4.004158497104555,4.003953933951494,4.003106832689454,0.07295762156062524,2.138465770391562,2.599060690346988,2.4712087196837595,1.941770430908818,-49.08802973049218
2026-04-15T15:22:52.687,4.0034215452326265,4.004158497104555,4.003953933951494,4.003106832689454,0.07295762156062524,2.138465770391562,2.599060690346988,2.4712087196837595,1.941770430908818,-49.08802973049218
2026-04-15T15:22:52.807,4.0034215452326265,4.004158497104555,4.003953933951494,4.003106832689454,0.07295762156062524,2.138465770391562,2.599060690346988,2.4712087196837595,1.941770430908818,-49.08802973049218
2026-04-15T15:22:52.916,4.003390073978309,4.004242420449401,4.0040221216691805,4.003054380598925,0.06835202544081508,2.1187962364432877,2.65151278087572,2.513826043237799,1.9089878743283606,-49.14559968198981
2026-04-15T15:22:53.024,4.003390073978309,4.004242420449401,4.0040221216691805,4.003054380598925,0.06835202544081508,2.1187962364432877,2.65151278087572,2.513826043237799,1.9089878743283606,-49.14559968198981
2026-04-15T15:22:53.130,4.003390073978309,4.004242420449401,4.0040221216691805,4.003054380598925,0.06835202544081508,2.1187962364432877,2.65151278087572,2.513826043237799,1.9089878743283606,-49.14559968198981
2026-04-15T15:22:53.234,4.003387451373783,4.0042686464946655,4.004095554595921,4.003279924588199,0.06606665396082277,2.117157108614265,2.6679040591659486,2.5597216224504393,2.0499528676243273,-49.17416682548972
2026-04-15T15:22:53.345,4.003387451373783,4.0042686464946655,4.004095554595921,4.003279924588199,0.06606665396082277,2.117157108614265,2.6679040591659486,2.5597216224504393,2.0499528676243273,-49.17416682548972
2026-04-15T15:22:53.456,4.003387451373783,4.0042686464946655,4.004095554595921,4.003279924588199,0.06606665396082277,2.117157108614265,2.6679040591659486,2.5597216224504393,2.0499528676243273,-49.17416682548972
2026-04-15T15:22:53.566,4.003358602723992,4.004499435692992,4.003943443533387,4.002931118186183,0.06836198348647952,2.0991267024950133,2.812147308119961,2.464652208367113,1.8319488663642858,-49.145475206419
2026-04-15T15:22:53.680,4.003358602723992,4.004499435692992,4.003943443533387,4.002931118186183,0.06836198348647952,2.0991267024950133,2.812147308119961,2.464652208367113,1.8319488663642858,-49.145475206419
2026-04-15T15:22:53.781,4.003358602723992,4.004499435692992,4.003943443533387,4.002931118186183,0.06836198348647952,2.0991267024950133,2.812147308119961,2.464652208367113,1.8319488663642858,-49.145475206419
2026-04-15T15:22:53.898,4.003371715746625,4.004509926111098,4.003849029770436,4.00303602236724,0.06817278061885489,2.1073223416406828,2.8187038194360525,2.4056436065222897,1.8975139795252005,-49.147840242264316
2026-04-15T15:22:54.023,4.003371715746625,4.004509926111098,4.003849029770436,4.00303602236724,0.06817278061885489,2.1073223416406828,2.8187038194360525,2.4056436065222897,1.8975139795252005,-49.147840242264316
2026-04-15T15:22:54.116,4.003371715746625,4.004509926111098,4.003849029770436,4.00303602236724,0.06817278061885489,2.1073223416406828,2.8187038194360525,2.4056436065222897,1.8975139795252005,-49.147840242264316
2026-04-15T15:22:54.225,4.003348112305886,4.004373550675723,4.003867388002121,4.003303528028937,0.07004489320377232,2.092570191178922,2.7334691723268634,2.41711750132545,2.064705018085533,-49.12443883495284
2026-04-15T15:22:54.333,4.003348112305886,4.004373550675723,4.003867388002121,4.003303528028937,0.07004489320377232,2.092570191178922,2.7334691723268634,2.41711750132545,2.064705018085533,-49.12443883495284
2026-04-15T15:22:54.443,4.003348112305886,4.004373550675723,4.003867388002121,4.003303528028937,0.07004489320377232,2.092570191178922,2.7334691723268634,2.41711750132545,2.064705018085533,-49.12443883495284
2026-04-15T15:22:54.553,4.003172397802615,4.0040404799008655,4.003825426329698,4.003397941791889,0.06915862713963589,1.9827486266343897,2.525299938040959,2.390891456061084,2.1237136199303563,-49.135517160754546
2026-04-15T15:22:54.662,4.003172397802615,4.0040404799008655,4.003825426329698,4.003397941791889,0.06915862713963589,1.9827486266343897,2.525299938040959,2.390891456061084,2.1237136199303563,-49.135517160754546
2026-04-15T15:22:54.772,4.003172397802615,4.0040404799008655,4.003825426329698,4.003397941791889,0.06915862713963589,1.9827486266343897,2.525299938040959,2.390891456061084,2.1237136199303563,-49.135517160754546
2026-04-15T15:22:54.882,4.003119945712086,4.004187345754346,4.003901481860964,4.003219604684091,0.06901423547750128,1.9499660700539323,2.6170910964662397,2.438426163102747,2.0122529275568013,-49.13732205653123
2026-04-15T15:22:54.990,4.003119945712086,4.004187345754346,4.003901481860964,4.003219604684091,0.06901423547750128,1.9499660700539323,2.6170910964662397,2.438426163102747,2.0122529275568013,-49.13732205653123
2026-04-15T15:22:55.099,4.003119945712086,4.004187345754346,4.003901481860964,4.003219604684091,0.06901423547750128,1.9499660700539323,2.6170910964662397,2.438426163102747,2.0122529275568013,-49.13732205653123
2026-04-15T15:22:55.210,4.003387451373783,4.0042214396131905,4.0040404799008655,4.003140926548298,0.06649982894722654,2.117157108614265,2.638399758244092,2.525299938040959,1.9630790926861152,-49.16875213815967
2026-04-15T15:22:55.317,4.003387451373783,4.0042214396131905,4.0040404799008655,4.003140926548298,0.06649982894722654,2.117157108614265,2.638399758244092,2.525299938040959,1.9630790926861152,-49.16875213815967
2026-04-15T15:22:55.427,4.003387451373783,4.0042214396131905,4.0040404799008655,4.003140926548298,0.06649982894722654,2.117157108614265,2.638399758244092,2.525299938040959,1.9630790926861152,-49.16875213815967
2026-04-15T15:22:55.537,4.003366470537571,4.0043106081670885,4.004019499064654,4.0036077501540035,0.06565837408858015,2.104044085982082,2.6941301044303145,2.512186915408776,2.254843846252186,-49.17927032389275
2026-04-15T15:22:55.644,4.003366470537571,4.0043106081670885,4.004019499064654,4.0036077501540035,0.06565837408858015,2.104044085982082,2.6941301044303145,2.512186915408776,2.254843846252186,-49.17927032389275
2026-04-15T15:22:55.753,4.003366470537571,4.0043106081670885,4.004019499064654,4.0036077501540035,0.06565837408858015,2.104044085982082,2.6941301044303145,2.512186915408776,2.254843846252186,-49.17927032389275
2026-04-15T15:22:55.861,4.003122568316613,4.004415512348147,4.00395655655602,4.003565788481581,0.06749065449083975,1.9516051978829552,2.7596952175917844,2.4728478475122273,2.228617800988375,-49.156366818864505
2026-04-15T15:22:55.971,4.003122568316613,4.004415512348147,4.00395655655602,4.003565788481581,0.06749065449083975,1.9516051978829552,2.7596952175917844,2.4728478475122273,2.228617800988375,-49.156366818864505
2026-04-15T15:22:56.081,4.003122568316613,4.004415512348147,4.00395655655602,4.003565788481581,0.06749065449083975,1.9516051978829552,2.7596952175917844,2.4728478475122273,2.228617800988375,-49.156366818864505
2026-04-15T15:22:56.190,4.002973079858606,4.004593849455944,4.003969669578652,4.003513336391052,0.06570816431690242,1.8581749116286517,2.8711559099647843,2.4810434866573416,2.1958352444073626,-49.178647946038716
2026-04-15T15:22:56.299,4.002973079858606,4.004593849455944,4.003969669578652,4.003513336391052,0.06570816431690242,1.8581749116286517,2.8711559099647843,2.4810434866573416,2.1958352444073626,-49.178647946038716
2026-04-15T15:22:56.410,4.002973079858606,4.004593849455944,4.003969669578652,4.003513336391052,0.06570816431690242,1.8581749116286517,2.8711559099647843,2.4810434866573416,2.1958352444073626,-49.178647946038716
2026-04-15T15:22:56.520,4.0031094552939805,4.0042922499354034,4.004305362958036,4.003400564396415,0.0687603053130577,1.9434095587378408,2.6826562096271545,2.690851848772269,2.125352747759379,-49.14049618358678
2026-04-15T15:22:56.629,4.0031094552939805,4.0042922499354034,4.004305362958036,4.003400564396415,0.0687603053130577,1.9434095587378408,2.6826562096271545,2.690851848772269,2.125352747759379,-49.14049618358678
2026-04-15T15:22:56.740,4.0031094552939805,4.0042922499354034,4.004305362958036,4.003400564396415,0.0687603053130577,1.9434095587378408,2.6826562096271545,2.690851848772269,2.125352747759379,-49.14049618358678
2026-04-15T15:22:56.850,4.0030071737174495,4.004355192444039,4.003964424369599,4.003605127549477,0.0706622920349685,1.879483573405949,2.7219952775242584,2.477765230999296,2.253204718423163,-49.116721349562894
2026-04-15T15:22:56.960,4.0030071737174495,4.004355192444039,4.003964424369599,4.003605127549477,0.0706622920349685,1.879483573405949,2.7219952775242584,2.477765230999296,2.253204718423163,-49.116721349562894
2026-04-15T15:22:57.069,4.0030071737174495,4.004355192444039,4.003964424369599,4.003605127549477,0.0706622920349685,1.879483573405949,2.7219952775242584,2.477765230999296,2.253204718423163,-49.116721349562894
2026-04-15T15:22:57.174,4.003169775198089,4.004389286302882,4.0036680700581115,4.003432035650733,0.06849641710294967,1.9811094988053668,2.7433039393010006,2.292543786319712,2.1450222817082087,-49.14379478621313
2026-04-15T15:22:57.284,4.003169775198089,4.004389286302882,4.0036680700581115,4.003432035650733,0.06849641710294967,1.9811094988053668,2.7433039393010006,2.292543786319712,2.1450222817082087,-49.14379478621313
2026-04-15T15:22:57.395,4.003169775198089,4.004389286302882,4.0036680700581115,4.003432035650733,0.06849641710294967,1.9811094988053668,2.7433039393010006,2.292543786319712,2.1450222817082087,-49.14379478621313
2026-04-15T15:22:57.499,4.0033376218877805,4.004363060257617,4.004158497104555,4.003064871017031,0.06981585815348987,2.0860136798628304,2.726912661010772,2.599060690346988,1.915544385644452,-49.12730177308138
2026-04-15T15:22:57.609,4.0033376218877805,4.004363060257617,4.004158497104555,4.003064871017031,0.06981585815348987,2.0860136798628304,2.726912661010772,2.599060690346988,1.915544385644452,-49.12730177308138
2026-04-15T15:22:57.720,4.0033376218877805,4.004363060257617,4.004158497104555,4.003064871017031,0.06981585815348987,2.0860136798628304,2.726912661010772,2.599060690346988,1.915544385644452,-49.12730177308138
2026-04-15T15:22:57.831,4.003230095102197,4.004056215528024,4.0041244032457115,4.003489732950314,0.07014945268324908,2.0188094388728928,2.5351347050150963,2.577752028569691,2.1810830939461567,-49.12313184145939
2026-04-15T15:22:57.941,4.003230095102197,4.004056215528024,4.0041244032457115,4.003489732950314,0.07014945268324908,2.0188094388728928,2.5351347050150963,2.577752028569691,2.1810830939461567,-49.12313184145939
2026-04-15T15:22:58.052,4.003230095102197,4.004056215528024,4.0041244032457115,4.003489732950314,0.07014945268324908,2.0188094388728928,2.5351347050150963,2.577752028569691,2.1810830939461567,-49.12313184145939
2026-04-15T15:22:58.162,4.002967834649553,4.0042214396131905,4.004074573759709,4.003075361435137,0.066947941002127,1.854896655970606,2.638399758244092,2.5466085998182564,1.9221008969605435,-49.16315073747341
2026-04-15T15:22:58.267,4.002967834649553,4.0042214396131905,4.004074573759709,4.003075361435137,0.066947941002127,1.854896655970606,2.638399758244092,2.5466085998182564,1.9221008969605435,-49.16315073747341
2026-04-15T15:22:58.380,4.002967834649553,4.0042214396131905,4.004074573759709,4.003075361435137,0.066947941002127,1.854896655970606,2.638399758244092,2.5466085998182564,1.9221008969605435,-49.16315073747341
2026-04-15T15:22:58.490,4.003363847933045,4.004321098585194,4.004027366878234,4.0032353403112495,0.06754542374199425,2.102404958153059,2.700686615746406,2.5171042988964,2.0220876945309385,-49.15568220322507
2026-04-15T15:22:58.599,4.003363847933045,4.004321098585194,4.004027366878234,4.0032353403112495,0.06754542374199425,2.102404958153059,2.700686615746406,2.5171042988964,2.0220876945309385,-49.15568220322507
2026-04-15T15:22:58.710,4.003363847933045,4.004321098585194,4.004027366878234,4.0032353403112495,0.06754542374199425,2.102404958153059,2.700686615746406,2.5171042988964,2.0220876945309385,-49.15568220322507
2026-04-15T15:22:58.821,4.003298282819885,4.004287004726351,4.003935575719808,4.003177643011668,0.06819767573301602,2.0614267624280425,2.6793779539691087,2.4597348248800444,1.9860268822924354,-49.1475290533373
2026-04-15T15:22:58.931,4.003298282819885,4.004287004726351,4.003935575719808,4.003177643011668,0.06819767573301602,2.0614267624280425,2.6793779539691087,2.4597348248800444,1.9860268822924354,-49.1475290533373
2026-04-15T15:22:59.035,4.003298282819885,4.004287004726351,4.003935575719808,4.003177643011668,0.06819767573301602,2.0614267624280425,2.6793779539691087,2.4597348248800444,1.9860268822924354,-49.1475290533373
2026-04-15T15:22:59.139,4.003285169797252,4.004326343794247,4.0038962366519115,4.003245830729355,0.07194687992568312,2.053231123282373,2.7039648714044517,2.4351479074447013,2.02864420584703,-49.10066400092896
2026-04-15T15:22:59.250,4.003285169797252,4.004326343794247,4.0038962366519115,4.003245830729355,0.07194687992568312,2.053231123282373,2.7039648714044517,2.4351479074447013,2.02864420584703,-49.10066400092896
2026-04-15T15:22:59.360,4.003285169797252,4.004326343794247,4.0038962366519115,4.003245830729355,0.07194687992568312,2.053231123282373,2.7039648714044517,2.4351479074447013,2.02864420584703,-49.10066400092896
2026-04-15T15:22:59.474,4.003164529989037,4.0042502882629805,4.004287004726351,4.003366470537571,0.06884494870120555,1.9778312431478762,2.6564301643627886,2.6793779539691087,2.104044085982082,-49.13943814123493
2026-04-15T15:22:59.583,4.003164529989037,4.0042502882629805,4.004287004726351,4.003366470537571,0.06884494870120555,1.9778312431478762,2.6564301643627886,2.6793779539691087,2.104044085982082,-49.13943814123493
2026-04-15T15:22:59.692,4.003164529989037,4.0042502882629805,4.004287004726351,4.003366470537571,0.06884494870120555,1.9778312431478762,2.6564301643627886,2.6793779539691087,2.104044085982082,-49.13943814123493
2026-04-15T15:22:59.802,4.003279924588199,4.0042214396131905,4.004058838132551,4.003098964875875,0.06907398375148802,2.0499528676243273,2.638399758244092,2.536773832844119,1.9368530474217494,-49.136575203106396
2026-04-15T15:22:59.912,4.003279924588199,4.0042214396131905,4.004058838132551,4.003098964875875,0.06907398375148802,2.0499528676243273,2.638399758244092,2.536773832844119,1.9368530474217494,-49.136575203106396
2026-04-15T15:23:00.021,4.003279924588199,4.0042214396131905,4.004058838132551,4.003098964875875,0.06907398375148802,2.0499528676243273,2.638399758244092,2.536773832844119,1.9368530474217494,-49.136575203106396
2026-04-15T15:23:00.132,4.003224849893144,4.004279136912771,4.003888368838332,4.003159284779983,0.06926318661911265,2.015531183214847,2.67446057048204,2.4302305239576327,1.9745529874892753,-49.134210167261095
2026-04-15T15:23:00.242,4.003224849893144,4.004279136912771,4.003888368838332,4.003159284779983,0.06926318661911265,2.015531183214847,2.67446057048204,2.4302305239576327,1.9745529874892753,-49.134210167261095
2026-04-15T15:23:00.351,4.003224849893144,4.004279136912771,4.003888368838332,4.003159284779983,0.06926318661911265,2.015531183214847,2.67446057048204,2.4302305239576327,1.9745529874892753,-49.134210167261095
2026-04-15T15:23:00.461,4.003321886260622,4.00440502193004,4.00383853935233,4.003327131469675,0.06787901827175348,2.076178912888693,2.753138706275138,2.3990870952061982,2.079457168546739,-49.15151227160308
2026-04-15T15:23:00.565,4.003321886260622,4.00440502193004,4.00383853935233,4.003327131469675,0.06787901827175348,2.076178912888693,2.753138706275138,2.3990870952061982,2.079457168546739,-49.15151227160308
2026-04-15T15:23:00.681,4.003321886260622,4.00440502193004,4.00383853935233,4.003327131469675,0.06787901827175348,2.076178912888693,2.753138706275138,2.3990870952061982,2.079457168546739,-49.15151227160308
2026-04-15T15:23:00.786,4.003180265616194,4.004344702025932,4.003746748193905,4.003353357514939,0.06964657137719414,1.9876660101214583,2.715438766207612,2.341717621190398,2.0958484468369676,-49.12941785778507
2026-04-15T15:23:00.901,4.003180265616194,4.004344702025932,4.003746748193905,4.003353357514939,0.06964657137719414,1.9876660101214583,2.715438766207612,2.341717621190398,2.0958484468369676,-49.12941785778507
2026-04-15T15:23:01.010,4.003180265616194,4.004344702025932,4.003746748193905,4.003353357514939,0.06964657137719414,1.9876660101214583,2.715438766207612,2.341717621190398,2.0958484468369676,-49.12941785778507
2026-04-15T15:23:01.119,4.00308060664419,4.004100799804974,4.00391197227907,4.0035054685774725,0.06889473892952783,1.9253791526185893,2.562999878108485,2.4449826744188385,2.190917860920294,-49.1388157633809
2026-04-15T15:23:01.228,4.00308060664419,4.004100799804974,4.00391197227907,4.0035054685774725,0.06889473892952783,1.9253791526185893,2.562999878108485,2.4449826744188385,2.190917860920294,-49.1388157633809
2026-04-15T15:23:01.337,4.00308060664419,4.004100799804974,4.00391197227907,4.0035054685774725,0.06889473892952783,1.9253791526185893,2.562999878108485,2.4449826744188385,2.190917860920294,-49.1388157633809
2026-04-15T15:23:01.446,4.003198623847879,4.004142761477397,4.0038123133070656,4.003484487741261,0.06905406766015912,1.9991399049246183,2.589225923372851,2.3826958169159695,2.177804838288111,-49.13682415424801
2026-04-15T15:23:01.556,4.003198623847879,4.004142761477397,4.0038123133070656,4.003484487741261,0.06905406766015912,1.9991399049246183,2.589225923372851,2.3826958169159695,2.177804838288111,-49.13682415424801
2026-04-15T15:23:01.665,4.003198623847879,4.004142761477397,4.0038123133070656,4.003484487741261,0.06905406766015912,1.9991399049246183,2.589225923372851,2.3826958169159695,2.177804838288111,-49.13682415424801
2026-04-15T15:23:01.773,4.003248453333882,4.004334211607826,4.003870010606647,4.003314018447043,0.06574799649956024,2.030283333676053,2.7088822548915203,2.4187566291544726,2.0712615294016246,-49.178150043755494
2026-04-15T15:23:01.883,4.003248453333882,4.004334211607826,4.003870010606647,4.003314018447043,0.06574799649956024,2.030283333676053,2.7088822548915203,2.4187566291544726,2.0712615294016246,-49.178150043755494
2026-04-15T15:23:01.993,4.003248453333882,4.004334211607826,4.003870010606647,4.003314018447043,0.06574799649956024,2.030283333676053,2.7088822548915203,2.4187566291544726,2.0712615294016246,-49.178150043755494
2026-04-15T15:23:02.101,4.003169775198089,4.004502058297518,4.0038359167478035,4.003416300023574,0.07075689346878081,1.9811094988053668,2.813786435948984,2.3974479673771754,2.1351875147335164,-49.11553883164024
2026-04-15T15:23:02.205,4.003169775198089,4.004502058297518,4.0038359167478035,4.003416300023574,0.07075689346878081,1.9811094988053668,2.813786435948984,2.3974479673771754,2.1351875147335164,-49.11553883164024
2026-04-15T15:23:02.316,4.003169775198089,4.004502058297518,4.0038359167478035,4.003416300023574,0.07075689346878081,1.9811094988053668,2.813786435948984,2.3974479673771754,2.1351875147335164,-49.11553883164024
2026-04-15T15:23:02.427,4.003106832689454,4.003972292183178,4.003959179160546,4.0029468538133415,0.06777445879227671,1.941770430908818,2.4826826144863645,2.47448697534125,1.841783633338423,-49.15281926509654
2026-04-15T15:23:02.531,4.003106832689454,4.003972292183178,4.003959179160546,4.0029468538133415,0.06777445879227671,1.941770430908818,2.4826826144863645,2.47448697534125,1.841783633338423,-49.15281926509654
2026-04-15T15:23:02.652,4.003106832689454,4.003972292183178,4.003959179160546,4.0029468538133415,0.06777445879227671,1.941770430908818,2.4826826144863645,2.47448697534125,1.841783633338423,-49.15281926509654
2026-04-15T15:23:02.763,4.003180265616194,4.0040221216691805,4.004043102505392,4.0031094552939805,0.06706245852726822,1.9876660101214583,2.513826043237799,2.526939065869982,1.9434095587378408,-49.16171926840915
2026-04-15T15:23:02.857,4.003180265616194,4.0040221216691805,4.004043102505392,4.0031094552939805,0.06706245852726822,1.9876660101214583,2.513826043237799,2.526939065869982,1.9434095587378408,-49.16171926840915
2026-04-15T15:23:02.982,4.003180265616194,4.0040221216691805,4.004043102505392,4.0031094552939805,0.06706245852726822,1.9876660101214583,2.513826043237799,2.526939065869982,1.9434095587378408,-49.16171926840915
2026-04-15T15:23:03.078,4.003274679379146,4.004287004726351,4.003943443533387,4.003237962915777,0.06749065449083975,2.0466746119662815,2.6793779539691087,2.464652208367113,2.0237268223605165,-49.156366818864505
2026-04-15T15:23:03.189,4.003274679379146,4.004287004726351,4.003943443533387,4.003237962915777,0.06749065449083975,2.0466746119662815,2.6793779539691087,2.464652208367113,2.0237268223605165,-49.156366818864505
2026-04-15T15:23:03.298,4.003274679379146,4.004287004726351,4.003943443533387,4.003237962915777,0.06749065449083975,2.0466746119662815,2.6793779539691087,2.464652208367113,2.0237268223605165,-49.156366818864505
2026-04-15T15:23:03.411,4.002941608604289,4.004428625370778,4.0039381983243345,4.002876043491128,0.06636539533075642,1.8385053776803773,2.7678908567363436,2.4613739527090672,1.7975271819548055,-49.17043255836555
2026-04-15T15:23:03.520,4.002941608604289,4.004428625370778,4.0039381983243345,4.002876043491128,0.06636539533075642,1.8385053776803773,2.7678908567363436,2.4613739527090672,1.7975271819548055,-49.17043255836555
2026-04-15T15:23:03.631,4.002941608604289,4.004428625370778,4.0039381983243345,4.002876043491128,0.06636539533075642,1.8385053776803773,2.7678908567363436,2.4613739527090672,1.7975271819548055,-49.17043255836555
2026-04-15T15:23:03.741,4.003196001243353,4.004326343794247,4.003849029770436,4.003327131469675,0.06764500419863881,1.9975007770955955,2.7039648714044517,2.4056436065222897,2.079457168546739,-49.15443744751701
2026-04-15T15:23:03.850,4.003196001243353,4.004326343794247,4.003849029770436,4.003327131469675,0.06764500419863881,1.9975007770955955,2.7039648714044517,2.4056436065222897,2.079457168546739,-49.15443744751701
2026-04-15T15:23:03.960,4.003196001243353,4.004326343794247,4.003849029770436,4.003327131469675,0.06764500419863881,1.9975007770955955,2.7039648714044517,2.4056436065222897,2.079457168546739,-49.15443744751701
2026-04-15T15:23:04.068,4.00334548970136,4.004638433732893,4.003974914787705,4.003355980119466,0.06565837408858015,2.090931063349899,2.899021083058173,2.4843217423153874,2.0974875746659905,-49.17927032389275
2026-04-15T15:23:04.177,4.00334548970136,4.004638433732893,4.003974914787705,4.003355980119466,0.06565837408858015,2.090931063349899,2.899021083058173,2.4843217423153874,2.0974875746659905,-49.17927032389275
2026-04-15T15:23:04.286,4.00334548970136,4.004638433732893,4.003974914787705,4.003355980119466,0.06565837408858015,2.090931063349899,2.899021083058173,2.4843217423153874,2.0974875746659905,-49.17927032389275
2026-04-15T15:23:04.395,4.003269434170093,4.004410267139093,4.004011631251075,4.003009796321976,0.06539946490130433,2.043396356308236,2.7564169619331835,2.5072695319217075,1.8811227012349718,-49.182506688733696
2026-04-15T15:23:04.505,4.003269434170093,4.004410267139093,4.004011631251075,4.003009796321976,0.06539946490130433,2.043396356308236,2.7564169619331835,2.5072695319217075,1.8811227012349718,-49.182506688733696
2026-04-15T15:23:04.614,4.003269434170093,4.004410267139093,4.004011631251075,4.003009796321976,0.06539946490130433,2.043396356308236,2.7564169619331835,2.5072695319217075,1.8811227012349718,-49.182506688733696
2026-04-15T15:23:04.723,4.003342867096833,4.004360437653091,4.004092931991394,4.003125190921139,0.06935778805292496,2.089291935520876,2.725273533181749,2.5580824946214165,1.953244325711978,-49.13302764933844
2026-04-15T15:23:04.833,4.003342867096833,4.004360437653091,4.004092931991394,4.003125190921139,0.06935778805292496,2.089291935520876,2.725273533181749,2.5580824946214165,1.953244325711978,-49.13302764933844
2026-04-15T15:23:04.943,4.003342867096833,4.004360437653091,4.004092931991394,4.003125190921139,0.06935778805292496,2.089291935520876,2.725273533181749,2.5580824946214165,1.953244325711978,-49.13302764933844
2026-04-15T15:23:05.053,4.003159284779983,4.004300117748983,4.004035234691813,4.003243208124829,0.0655936467917612,1.9745529874892753,2.687573593114223,2.5220216823829134,2.027005078018007,-49.18007941510298
2026-04-15T15:23:05.162,4.003159284779983,4.004300117748983,4.004035234691813,4.003243208124829,0.0655936467917612,1.9745529874892753,2.687573593114223,2.5220216823829134,2.027005078018007,-49.18007941510298
2026-04-15T15:23:05.271,4.003159284779983,4.004300117748983,4.004035234691813,4.003243208124829,0.0655936467917612,1.9745529874892753,2.687573593114223,2.5220216823829134,2.027005078018007,-49.18007941510298
2026-04-15T15:23:05.380,4.003146171757351,4.004313230771615,4.0043525698395115,4.003266811565567,0.06538950685563988,1.966357348344161,2.6957692322593374,2.7203561496946804,2.041757228479213,-49.1826311643045
2026-04-15T15:23:05.488,4.003146171757351,4.004313230771615,4.0043525698395115,4.003266811565567,0.06538950685563988,1.966357348344161,2.6957692322593374,2.7203561496946804,2.041757228479213,-49.1826311643045
2026-04-15T15:23:05.596,4.003146171757351,4.004313230771615,4.0043525698395115,4.003266811565567,0.06538950685563988,1.966357348344161,2.6957692322593374,2.7203561496946804,2.041757228479213,-49.1826311643045
2026-04-15T15:23:05.706,4.003411054814521,4.004402399325514,4.004242420449401,4.003274679379146,0.06395554827995845,2.1319092590754707,2.751499578446115,2.65151278087572,2.0466746119662815,-49.20055564650052
2026-04-15T15:23:05.815,4.003411054814521,4.004402399325514,4.004242420449401,4.003274679379146,0.06395554827995845,2.1319092590754707,2.751499578446115,2.65151278087572,2.0466746119662815,-49.20055564650052
2026-04-15T15:23:05.923,4.003411054814521,4.004402399325514,4.004242420449401,4.003274679379146,0.06395554827995845,2.1319092590754707,2.751499578446115,2.65151278087572,2.0466746119662815,-49.20055564650052
2026-04-15T15:23:06.032,4.003209114265985,4.004279136912771,4.004061460737077,4.003101587480401,0.0646426534308058,2.00569641624071,2.67446057048204,2.538412960673142,1.9384921752507722,-49.19196683211492
2026-04-15T15:23:06.140,4.003209114265985,4.004279136912771,4.004061460737077,4.003101587480401,0.0646426534308058,2.00569641624071,2.67446057048204,2.538412960673142,1.9384921752507722,-49.19196683211492
2026-04-15T15:23:06.249,4.003209114265985,4.004279136912771,4.004061460737077,4.003101587480401,0.0646426534308058,2.00569641624071,2.67446057048204,2.538412960673142,1.9384921752507722,-49.19196683211492
2026-04-15T15:23:06.358,4.003261566356514,4.004502058297518,4.004119158036659,4.002692461174277,0.0666193254952,2.038478972821167,2.813786435948984,2.574473772911645,1.6827882339232048,-49.16725843131
2026-04-15T15:23:06.468,4.003261566356514,4.004502058297518,4.004119158036659,4.002692461174277,0.0666193254952,2.038478972821167,2.813786435948984,2.574473772911645,1.6827882339232048,-49.16725843131
2026-04-15T15:23:06.591,4.003261566356514,4.004502058297518,4.004119158036659,4.002692461174277,0.0666193254952,2.038478972821167,2.813786435948984,2.574473772911645,1.6827882339232048,-49.16725843131
2026-04-15T15:23:06.686,4.003369093142098,4.004549265178995,4.004334211607826,4.003161907384509,0.06969138258268419,2.105683213811105,2.8432907368719507,2.7088822548915203,1.9761921153182982,-49.12885771771644
2026-04-15T15:23:06.796,4.003369093142098,4.004549265178995,4.004334211607826,4.003161907384509,0.06969138258268419,2.105683213811105,2.8432907368719507,2.7088822548915203,1.9761921153182982,-49.12885771771644
2026-04-15T15:23:06.904,4.003369093142098,4.004549265178995,4.004334211607826,4.003161907384509,0.06969138258268419,2.105683213811105,2.8432907368719507,2.7088822548915203,1.9761921153182982,-49.12885771771644
2026-04-15T15:23:07.029,4.003248453333882,4.004525661738256,4.004252910867507,4.002902269536392,0.07063739692080737,2.030283333676053,2.8285385864101897,2.6580692921918114,1.8139184602450342,-49.11703253848991
2026-04-15T15:23:07.123,4.003248453333882,4.004525661738256,4.004252910867507,4.002902269536392,0.07063739692080737,2.030283333676053,2.8285385864101897,2.6580692921918114,1.8139184602450342,-49.11703253848991
2026-04-15T15:23:07.247,4.003248453333882,4.004525661738256,4.004252910867507,4.002902269536392,0.07063739692080737,2.030283333676053,2.8285385864101897,2.6580692921918114,1.8139184602450342,-49.11703253848991
2026-04-15T15:23:07.356,4.003196001243353,4.004260778681086,4.004349947234985,4.003138303943771,0.06781429097493454,1.9975007770955955,2.66298667567888,2.7187170218656576,1.9614399648570924,-49.15232136281332
2026-04-15T15:23:07.466,4.003196001243353,4.004260778681086,4.004349947234985,4.003138303943771,0.06781429097493454,1.9975007770955955,2.66298667567888,2.7187170218656576,1.9614399648570924,-49.15232136281332
2026-04-15T15:23:07.575,4.003196001243353,4.004260778681086,4.004349947234985,4.003138303943771,0.06781429097493454,1.9975007770955955,2.66298667567888,2.7187170218656576,1.9614399648570924,-49.15232136281332
2026-04-15T15:23:07.683,4.003112077898507,4.004307985562562,4.00414800668645,4.003316641051569,0.07008970440926236,1.9450486865668637,2.6924909766012917,2.592504179031452,2.0729006572306474,-49.12387869488422
2026-04-15T15:23:07.792,4.003112077898507,4.004307985562562,4.00414800668645,4.003316641051569,0.07008970440926236,1.9450486865668637,2.6924909766012917,2.592504179031452,2.0729006572306474,-49.12387869488422
2026-04-15T15:23:07.902,4.003112077898507,4.004307985562562,4.00414800668645,4.003316641051569,0.07008970440926236,1.9450486865668637,2.6924909766012917,2.592504179031452,2.0729006572306474,-49.12387869488422
2026-04-15T15:23:08.013,4.003348112305886,4.004494190483939,4.0041663649181345,4.003243208124829,0.06904908863732687,2.092570191178922,2.8088690524619153,2.6039780738340568,2.027005078018007,-49.13688639203341
2026-04-15T15:23:08.122,4.003348112305886,4.004494190483939,4.0041663649181345,4.003243208124829,0.06904908863732687,2.092570191178922,2.8088690524619153,2.6039780738340568,2.027005078018007,-49.13688639203341
2026-04-15T15:23:08.231,4.003348112305886,4.004494190483939,4.0041663649181345,4.003243208124829,0.06904908863732687,2.092570191178922,2.8088690524619153,2.6039780738340568,2.027005078018007,-49.13688639203341
2026-04-15T15:23:08.341,4.003146171757351,4.004415512348147,4.004174232731714,4.003466129509576,0.07189708969736083,1.966357348344161,2.7596952175917844,2.6088954573211254,2.166330943484951,-49.10128637878299
2026-04-15T15:23:08.450,4.003146171757351,4.004415512348147,4.004174232731714,4.003466129509576,0.07189708969736083,1.966357348344161,2.7596952175917844,2.6088954573211254,2.166330943484951,-49.10128637878299
2026-04-15T15:23:08.558,4.003146171757351,4.004415512348147,4.004174232731714,4.003466129509576,0.07189708969736083,1.966357348344161,2.7596952175917844,2.6088954573211254,2.166330943484951,-49.10128637878299
2026-04-15T15:23:08.668,4.003437280859785,4.004252910867507,4.004024744273707,4.003122568316613,0.07158341125893053,2.1483005373656994,2.6580692921918114,2.515465171066822,1.9516051978829552,-49.10520735926337
2026-04-15T15:23:08.777,4.003437280859785,4.004252910867507,4.004024744273707,4.003122568316613,0.07158341125893053,2.1483005373656994,2.6580692921918114,2.515465171066822,1.9516051978829552,-49.10520735926337
2026-04-15T15:23:08.887,4.003437280859785,4.004252910867507,4.004024744273707,4.003122568316613,0.07158341125893053,2.1483005373656994,2.6580692921918114,2.515465171066822,1.9516051978829552,-49.10520735926337
2026-04-15T15:23:08.996,4.003224849893144,4.004205703986031,4.004234552635822,4.003324508865148,0.07472019564323366,2.015531183214847,2.6285649912694,2.6465953973886513,2.077818040717716,-49.06599755445958
2026-04-15T15:23:09.104,4.003224849893144,4.004205703986031,4.004234552635822,4.003324508865148,0.07472019564323366,2.015531183214847,2.6285649912694,2.6465953973886513,2.077818040717716,-49.06599755445958
2026-04-15T15:23:09.214,4.003224849893144,4.004205703986031,4.004234552635822,4.003324508865148,0.07472019564323366,2.015531183214847,2.6285649912694,2.6465953973886513,2.077818040717716,-49.06599755445958
2026-04-15T15:23:09.324,4.0030307771581874,4.0044364931843575,4.003917217488123,4.002813100982493,0.07284808305831623,1.8942357238671548,2.772808240223412,2.4482609300768843,1.7581881140582567,-49.089398961771046
2026-04-15T15:23:09.434,4.0030307771581874,4.0044364931843575,4.003917217488123,4.002813100982493,0.07284808305831623,1.8942357238671548,2.772808240223412,2.4482609300768843,1.7581881140582567,-49.089398961771046
2026-04-15T15:23:09.543,4.0030307771581874,4.0044364931843575,4.003917217488123,4.002813100982493,0.07284808305831623,1.8942357238671548,2.772808240223412,2.4482609300768843,1.7581881140582567,-49.089398961771046
2026-04-15T15:23:09.653,4.0030438901808205,4.004494190483939,4.004150629290976,4.003363847933045,0.07347046091234465,1.9024313630128242,2.8088690524619153,2.5941433068599196,2.102404958153059,-49.08161923859569
2026-04-15T15:23:09.763,4.0030438901808205,4.004494190483939,4.004150629290976,4.003363847933045,0.07347046091234465,1.9024313630128242,2.8088690524619153,2.5941433068599196,2.102404958153059,-49.08161923859569
2026-04-15T15:23:09.870,4.0030438901808205,4.004494190483939,4.004150629290976,4.003363847933045,0.07347046091234465,1.9024313630128242,2.8088690524619153,2.5941433068599196,2.102404958153059,-49.08161923859569
2026-04-15T15:23:09.980,4.003022909344608,4.004446983602463,4.003969669578652,4.003290415006305,0.07460567811809243,1.8893183403800862,2.7793647515395037,2.4810434866573416,2.0565093789404187,-49.06742902352384
2026-04-15T15:23:10.089,4.003022909344608,4.004446983602463,4.003969669578652,4.003290415006305,0.07460567811809243,1.8893183403800862,2.7793647515395037,2.4810434866573416,2.0565093789404187,-49.06742902352384
2026-04-15T15:23:10.198,4.003022909344608,4.004446983602463,4.003969669578652,4.003290415006305,0.07460567811809243,1.8893183403800862,2.7793647515395037,2.4810434866573416,2.0565093789404187,-49.06742902352384
2026-04-15T15:23:10.307,4.003015041531029,4.004119158036659,4.003778219448222,4.003311395842516,0.07213608279330774,1.8844009568930176,2.574473772911645,2.3613871551386723,2.0696224015726017,-49.09829896508365
2026-04-15T15:23:10.415,4.003015041531029,4.004119158036659,4.003778219448222,4.003311395842516,0.07213608279330774,1.8844009568930176,2.574473772911645,2.3613871551386723,2.0696224015726017,-49.09829896508365
2026-04-15T15:23:10.526,4.003015041531029,4.004119158036659,4.003778219448222,4.003311395842516,0.07213608279330774,1.8844009568930176,2.574473772911645,2.3613871551386723,2.0696224015726017,-49.09829896508365
2026-04-15T15:23:10.635,4.0030491353898725,4.004203081381505,4.003943443533387,4.002870798282075,0.07432685283948771,1.9057096186703149,2.626925863440377,2.464652208367113,1.7942489262967598,-49.0709143395064
2026-04-15T15:23:10.745,4.0030491353898725,4.004203081381505,4.003943443533387,4.002870798282075,0.07432685283948771,1.9057096186703149,2.626925863440377,2.464652208367113,1.7942489262967598,-49.0709143395064
2026-04-15T15:23:10.855,4.0030491353898725,4.004203081381505,4.003943443533387,4.002870798282075,0.07432685283948771,1.9057096186703149,2.626925863440377,2.464652208367113,1.7942489262967598,-49.0709143395064
2026-04-15T15:23:10.963,4.003206491661459,4.0043106081670885,4.004069328550656,4.00330090542441,0.07593009819146487,2.004057288411687,2.6941301044303145,2.5433303441602106,2.06306589025651,-49.05087377260669
2026-04-15T15:23:11.071,4.003206491661459,4.0043106081670885,4.004069328550656,4.00330090542441,0.07593009819146487,2.004057288411687,2.6941301044303145,2.5433303441602106,2.06306589025651,-49.05087377260669
2026-04-15T15:23:11.180,4.003206491661459,4.0043106081670885,4.004069328550656,4.00330090542441,0.07593009819146487,2.004057288411687,2.6941301044303145,2.5433303441602106,2.06306589025651,-49.05087377260669
2026-04-15T15:23:11.289,4.003064871017031,4.004483700065833,4.004276514308245,4.003494978159367,0.07575583239233692,1.915544385644452,2.802312541145824,2.6728214426530172,2.1843613496042025,-49.05305209509579
2026-04-15T15:23:11.400,4.003064871017031,4.004483700065833,4.004276514308245,4.003494978159367,0.07575583239233692,1.915544385644452,2.802312541145824,2.6728214426530172,2.1843613496042025,-49.05305209509579
2026-04-15T15:23:11.509,4.003064871017031,4.004483700065833,4.004276514308245,4.003494978159367,0.07575583239233692,1.915544385644452,2.802312541145824,2.6728214426530172,2.1843613496042025,-49.05305209509579
2026-04-15T15:23:11.618,4.003167152593562,4.004509926111098,4.004224062217716,4.003565788481581,0.07140914545980258,1.979470370976344,2.8187038194360525,2.64003888607256,2.228617800988375,-49.10738568175247
2026-04-15T15:23:11.722,4.003167152593562,4.004509926111098,4.004224062217716,4.003565788481581,0.07140914545980258,1.979470370976344,2.8187038194360525,2.64003888607256,2.228617800988375,-49.10738568175247
2026-04-15T15:23:11.833,4.003167152593562,4.004509926111098,4.004224062217716,4.003565788481581,0.07140914545980258,1.979470370976344,2.8187038194360525,2.64003888607256,2.228617800988375,-49.10738568175247
2026-04-15T15:23:11.937,4.003203869056932,4.004428625370778,4.004100799804974,4.003159284779983,0.07283812501265179,2.002418160582664,2.7678908567363436,2.562999878108485,1.9745529874892753,-49.08952343734185
2026-04-15T15:23:12.052,4.003203869056932,4.004428625370778,4.004100799804974,4.003159284779983,0.07283812501265179,2.002418160582664,2.7678908567363436,2.562999878108485,1.9745529874892753,-49.08952343734185
2026-04-15T15:23:12.175,4.003203869056932,4.004428625370778,4.004100799804974,4.003159284779983,0.07283812501265179,2.002418160582664,2.7678908567363436,2.562999878108485,1.9745529874892753,-49.08952343734185
2026-04-15T15:23:12.270,4.002938985999762,4.004470587043201,4.004129648454764,4.003311395842516,0.07424718847417208,1.8368662498513544,2.7941169020007095,2.5810302842277366,2.0696224015726017,-49.07191014407285
2026-04-15T15:23:12.379,4.002938985999762,4.004470587043201,4.004129648454764,4.003311395842516,0.07424718847417208,1.8368662498513544,2.7941169020007095,2.5810302842277366,2.0696224015726017,-49.07191014407285
2026-04-15T15:23:12.484,4.002938985999762,4.004470587043201,4.004129648454764,4.003311395842516,0.07424718847417208,1.8368662498513544,2.7941169020007095,2.5810302842277366,2.0696224015726017,-49.07191014407285
2026-04-15T15:23:12.595,4.0029048921409185,4.004363060257617,4.0042266848222425,4.003248453333882,0.07529776229177201,1.815557588074057,2.726912661010772,2.6416780139015827,2.030283333676053,-49.05877797135285
2026-04-15T15:23:12.708,4.0029048921409185,4.004363060257617,4.0042266848222425,4.003248453333882,0.07529776229177201,1.815557588074057,2.726912661010772,2.6416780139015827,2.030283333676053,-49.05877797135285
2026-04-15T15:23:12.817,4.0029048921409185,4.004363060257617,4.0042266848222425,4.003248453333882,0.07529776229177201,1.815557588074057,2.726912661010772,2.6416780139015827,2.030283333676053,-49.05877797135285
2026-04-15T15:23:12.920,4.003167152593562,4.004218817008663,4.004171610127187,4.002881288700181,0.07584047578048479,1.979470370976344,2.636760630414514,2.6072563294921025,1.8008054376128513,-49.05199405274394
2026-04-15T15:23:13.030,4.003167152593562,4.004218817008663,4.004171610127187,4.002881288700181,0.07584047578048479,1.979470370976344,2.636760630414514,2.6072563294921025,1.8008054376128513,-49.05199405274394
2026-04-15T15:23:13.146,4.003167152593562,4.004218817008663,4.004171610127187,4.002881288700181,0.07584047578048479,1.979470370976344,2.636760630414514,2.6072563294921025,1.8008054376128513,-49.05199405274394
2026-04-15T15:23:13.252,4.0028026105643875,4.004276514308245,4.004087686782342,4.003258943751987,0.07279331380716174,1.7516316027421652,2.6728214426530172,2.554804238963926,2.0368398449921443,-49.090083577410475
2026-04-15T15:23:13.362,4.0028026105643875,4.004276514308245,4.004087686782342,4.003258943751987,0.07279331380716174,1.7516316027421652,2.6728214426530172,2.554804238963926,2.0368398449921443,-49.090083577410475
2026-04-15T15:23:13.474,4.0028026105643875,4.004276514308245,4.004087686782342,4.003258943751987,0.07279331380716174,1.7516316027421652,2.6728214426530172,2.554804238963926,2.0368398449921443,-49.090083577410475
2026-04-15T15:23:13.584,4.002975702463132,4.004210949195084,4.0041244032457115,4.003274679379146,0.0746355522550858,1.8598140394576745,2.6318432469274455,2.577752028569691,2.0466746119662815,-49.06705559681143
2026-04-15T15:23:13.688,4.002975702463132,4.004210949195084,4.0041244032457115,4.003274679379146,0.0746355522550858,1.8598140394576745,2.6318432469274455,2.577752028569691,2.0466746119662815,-49.06705559681143
2026-04-15T15:23:13.802,4.002975702463132,4.004210949195084,4.0041244032457115,4.003274679379146,0.0746355522550858,1.8598140394576745,2.6318432469274455,2.577752028569691,2.0466746119662815,-49.06705559681143
2026-04-15T15:23:13.912,4.003051757994399,4.004231930031295,4.003904104465491,4.003327131469675,0.07441647525046781,1.9073487464993377,2.6449562695596285,2.44006529093177,2.079457168546739,-49.06979405936915
2026-04-15T15:23:14.021,4.003051757994399,4.004231930031295,4.003904104465491,4.003327131469675,0.07441647525046781,1.9073487464993377,2.6449562695596285,2.44006529093177,2.079457168546739,-49.06979405936915
2026-04-15T15:23:14.130,4.003051757994399,4.004231930031295,4.003904104465491,4.003327131469675,0.07441647525046781,1.9073487464993377,2.6449562695596285,2.44006529093177,2.079457168546739,-49.06979405936915
2026-04-15T15:23:14.239,4.002996683299344,4.004302740353509,4.0038752558157,4.003542185040843,0.0709012851309154,1.8729270620898575,2.689212720943246,2.4220348848125184,2.213865650526614,-49.11373393586356
2026-04-15T15:23:14.349,4.002996683299344,4.004302740353509,4.0038752558157,4.003542185040843,0.0709012851309154,1.8729270620898575,2.689212720943246,2.4220348848125184,2.213865650526614,-49.11373393586356
2026-04-15T15:23:14.458,4.002996683299344,4.004302740353509,4.0038752558157,4.003542185040843,0.0709012851309154,1.8729270620898575,2.689212720943246,2.4220348848125184,2.213865650526614,-49.11373393586356
2026-04-15T15:23:14.567,4.002938985999762,4.004192590963399,4.004035234691813,4.003148794361877,0.07237507588925465,1.8368662498513544,2.6203693521242855,2.5220216823829134,1.9679964761731839,-49.09531155138432
2026-04-15T15:23:14.676,4.002938985999762,4.004192590963399,4.004035234691813,4.003148794361877,0.07237507588925465,1.8368662498513544,2.6203693521242855,2.5220216823829134,1.9679964761731839,-49.09531155138432
2026-04-15T15:23:14.786,4.002938985999762,4.004192590963399,4.004035234691813,4.003148794361877,0.07237507588925465,1.8368662498513544,2.6203693521242855,2.5220216823829134,1.9679964761731839,-49.09531155138432
2026-04-15T15:23:14.897,4.00299930590387,4.0042083265905575,4.003930330510755,4.003400564396415,0.07242984514040915,1.8745661899188804,2.6302041190984227,2.4564565692219986,2.125352747759379,-49.094626935744884
2026-04-15T15:23:15.005,4.00299930590387,4.0042083265905575,4.003930330510755,4.003400564396415,0.07242984514040915,1.8745661899188804,2.6302041190984227,2.4564565692219986,2.125352747759379,-49.094626935744884
2026-04-15T15:23:15.113,4.00299930590387,4.0042083265905575,4.003930330510755,4.003400564396415,0.07242984514040915,1.8745661899188804,2.6302041190984227,2.4564565692219986,2.125352747759379,-49.094626935744884
2026-04-15T15:23:15.221,4.002957344231447,4.0043945315119345,4.004016876460128,4.002805233168914,0.0691984593222937,1.8483401446545145,2.7465821949590463,2.5105477875797533,1.753270730571188,-49.13501925847133
2026-04-15T15:23:15.331,4.002957344231447,4.0043945315119345,4.004016876460128,4.002805233168914,0.0691984593222937,1.8483401446545145,2.7465821949590463,2.5105477875797533,1.753270730571188,-49.13501925847133
2026-04-15T15:23:15.441,4.002957344231447,4.0043945315119345,4.004016876460128,4.002805233168914,0.0691984593222937,1.8483401446545145,2.7465821949590463,2.5105477875797533,1.753270730571188,-49.13501925847133
2026-04-15T15:23:15.549,4.002865553073022,4.004150629290976,4.004071951155183,4.003314018447043,0.07229541152393902,1.790970670638714,2.5941433068599196,2.5449694719892335,2.0712615294016246,-49.09630735595076
2026-04-15T15:23:15.658,4.002865553073022,4.004150629290976,4.004071951155183,4.003314018447043,0.07229541152393902,1.790970670638714,2.5941433068599196,2.5449694719892335,2.0712615294016246,-49.09630735595076
2026-04-15T15:23:15.765,4.002865553073022,4.004150629290976,4.004071951155183,4.003314018447043,0.07229541152393902,1.790970670638714,2.5941433068599196,2.5449694719892335,2.0712615294016246,-49.09630735595076
2026-04-15T15:23:15.876,4.002813100982493,4.004287004726351,4.003641844012847,4.003159284779983,0.07290783133230297,1.7581881140582567,2.6793779539691087,2.276152508029483,1.9745529874892753,-49.08865210834622
2026-04-15T15:23:15.984,4.002813100982493,4.004287004726351,4.003641844012847,4.003159284779983,0.07290783133230297,1.7581881140582567,2.6793779539691087,2.276152508029483,1.9745529874892753,-49.08865210834622
2026-04-15T15:23:16.092,4.002813100982493,4.004287004726351,4.003641844012847,4.003159284779983,0.07290783133230297,1.7581881140582567,2.6793779539691087,2.276152508029483,1.9745529874892753,-49.08865210834622
2026-04-15T15:23:16.203,4.002967834649553,4.004134893663817,4.003796577679907,4.003135681339245,0.07457082495826685,1.854896655970606,2.5843085398857824,2.3728610499418323,1.9598008370280695,-49.067864688021665
2026-04-15T15:23:16.315,4.002967834649553,4.004134893663817,4.003796577679907,4.003135681339245,0.07457082495826685,1.854896655970606,2.5843085398857824,2.3728610499418323,1.9598008370280695,-49.067864688021665
2026-04-15T15:23:16.424,4.002967834649553,4.004134893663817,4.003796577679907,4.003135681339245,0.07457082495826685,1.854896655970606,2.5843085398857824,2.3728610499418323,1.9598008370280695,-49.067864688021665
2026-04-15T15:23:16.534,4.003057003203452,4.004365682862144,4.003770351634643,4.003177643011668,0.07601972060244497,1.9106270021573835,2.7285517888397948,2.3564697716516037,1.9860268822924354,-49.04975349246944
2026-04-15T15:23:16.639,4.003057003203452,4.004365682862144,4.003770351634643,4.003177643011668,0.07601972060244497,1.9106270021573835,2.7285517888397948,2.3564697716516037,1.9860268822924354,-49.04975349246944
2026-04-15T15:23:16.750,4.003057003203452,4.004365682862144,4.003770351634643,4.003177643011668,0.07601972060244497,1.9106270021573835,2.7285517888397948,2.3564697716516037,1.9860268822924354,-49.04975349246944
2026-04-15T15:23:16.860,4.0030910970622955,4.004077196364236,4.004019499064654,4.003098964875875,0.07564629389002793,1.9319356639346807,2.5482477276472792,2.512186915408776,1.9368530474217494,-49.05442132637465
2026-04-15T15:23:16.968,4.0030910970622955,4.004077196364236,4.004019499064654,4.003098964875875,0.07564629389002793,1.9319356639346807,2.5482477276472792,2.512186915408776,1.9368530474217494,-49.05442132637465
2026-04-15T15:23:17.078,4.0030910970622955,4.004077196364236,4.004019499064654,4.003098964875875,0.07564629389002793,1.9319356639346807,2.5482477276472792,2.512186915408776,1.9368530474217494,-49.05442132637465
2026-04-15T15:23:17.202,4.003059625807978,4.004108667618553,4.003731012566746,4.003211736870512,0.07603465767094164,1.9122661299864063,2.5679172615955537,2.3318828542162606,2.0073355440697327,-49.04956677911323
2026-04-15T15:23:17.325,4.003059625807978,4.004108667618553,4.003731012566746,4.003211736870512,0.07603465767094164,1.9122661299864063,2.5679172615955537,2.3318828542162606,2.0073355440697327,-49.04956677911323
2026-04-15T15:23:17.420,4.003059625807978,4.004108667618553,4.003731012566746,4.003211736870512,0.07603465767094164,1.9122661299864063,2.5679172615955537,2.3318828542162606,2.0073355440697327,-49.04956677911323
2026-04-15T15:23:17.530,4.003167152593562,4.004300117748983,4.00398540520581,4.003413677419047,0.07632344099521082,1.979470370976344,2.687573593114223,2.490878253631479,2.1335483869044936,-49.04595698755986
2026-04-15T15:23:17.639,4.003167152593562,4.004300117748983,4.00398540520581,4.003413677419047,0.07632344099521082,1.979470370976344,2.687573593114223,2.490878253631479,2.1335483869044936,-49.04595698755986
2026-04-15T15:23:17.749,4.003167152593562,4.004300117748983,4.00398540520581,4.003413677419047,0.07632344099521082,1.979470370976344,2.687573593114223,2.490878253631479,2.1335483869044936,-49.04595698755986
2026-04-15T15:23:17.857,4.003028154553661,4.004289627330877,4.004108667618553,4.0032773019836725,0.07295762156062524,1.892596596038132,2.6810170817981316,2.5679172615955537,2.0483137397953044,-49.08802973049218
2026-04-15T15:23:17.967,4.003028154553661,4.004289627330877,4.004108667618553,4.0032773019836725,0.07295762156062524,1.892596596038132,2.6810170817981316,2.5679172615955537,2.0483137397953044,-49.08802973049218
2026-04-15T15:23:18.090,4.003028154553661,4.004289627330877,4.004108667618553,4.0032773019836725,0.07295762156062524,1.892596596038132,2.6810170817981316,2.5679172615955537,2.0483137397953044,-49.08802973049218
2026-04-15T15:23:18.199,4.003028154553661,4.004300117748983,4.00394868874244,4.003332376678728,0.07524299304061752,1.892596596038132,2.687573593114223,2.4679304640251587,2.0827354242047846,-49.05946258699228
2026-04-15T15:23:18.309,4.003028154553661,4.004300117748983,4.00394868874244,4.003332376678728,0.07524299304061752,1.892596596038132,2.687573593114223,2.4679304640251587,2.0827354242047846,-49.05946258699228
2026-04-15T15:23:18.418,4.003028154553661,4.004300117748983,4.00394868874244,4.003332376678728,0.07524299304061752,1.892596596038132,2.687573593114223,2.4679304640251587,2.0827354242047846,-49.05946258699228
2026-04-15T15:23:18.527,4.003025531949135,4.00444960620699,4.004182100545293,4.00327205677462,0.07330615315888113,1.890957468209109,2.7810038793685266,2.613812840808194,2.0450354841372587,-49.083673085513986
2026-04-15T15:23:18.635,4.003025531949135,4.00444960620699,4.004182100545293,4.00327205677462,0.07330615315888113,1.890957468209109,2.7810038793685266,2.613812840808194,2.0450354841372587,-49.083673085513986
2026-04-15T15:23:18.744,4.003025531949135,4.00444960620699,4.004182100545293,4.00327205677462,0.07330615315888113,1.890957468209109,2.7810038793685266,2.613812840808194,2.0450354841372587,-49.083673085513986
2026-04-15T15:23:18.851,4.002876043491128,4.004481077461307,4.004355192444039,4.003253698542935,0.07441149622763558,1.7975271819548055,2.800673413316801,2.7219952775242584,2.0335615893340986,-49.06985629715456
2026-04-15T15:23:18.960,4.002876043491128,4.004481077461307,4.004355192444039,4.003253698542935,0.07441149622763558,1.7975271819548055,2.800673413316801,2.7219952775242584,2.0335615893340986,-49.06985629715456
2026-04-15T15:23:19.067,4.002876043491128,4.004481077461307,4.004355192444039,4.003253698542935,0.07441149622763558,1.7975271819548055,2.800673413316801,2.7219952775242584,2.0335615893340986,-49.06985629715456
2026-04-15T15:23:19.175,4.0028209687960725,4.004509926111098,4.003890991442859,4.003321886260622,0.06843168980613071,1.7631054975453253,2.8187038194360525,2.4318696517866556,2.076178912888693,-49.144603877423364
2026-04-15T15:23:19.283,4.0028209687960725,4.004509926111098,4.003890991442859,4.003321886260622,0.06843168980613071,1.7631054975453253,2.8187038194360525,2.4318696517866556,2.076178912888693,-49.144603877423364
2026-04-15T15:23:19.393,4.0028209687960725,4.004509926111098,4.003890991442859,4.003321886260622,0.06843168980613071,1.7631054975453253,2.8187038194360525,2.4318696517866556,2.076178912888693,-49.144603877423364
2026-04-15T15:23:19.502,4.0031514169664035,4.004344702025932,4.004386663698355,4.003434658255259,0.07097099145056658,1.9696356040022067,2.715438766207612,2.7416648114719777,2.1466614095366765,-49.11286260686792
2026-04-15T15:23:19.614,4.0031514169664035,4.004344702025932,4.004386663698355,4.003434658255259,0.07097099145056658,1.9696356040022067,2.715438766207612,2.7416648114719777,2.1466614095366765,-49.11286260686792
2026-04-15T15:23:19.723,4.0031514169664035,4.004344702025932,4.004386663698355,4.003434658255259,0.07097099145056658,1.9696356040022067,2.715438766207612,2.7416648114719777,2.1466614095366765,-49.11286260686792
2026-04-15T15:23:19.833,4.00330877323799,4.004349947234985,4.004134893663817,4.003196001243353,0.0693627670757572,2.067983273743579,2.7187170218656576,2.5843085398857824,1.9975007770955955,-49.13296541155304
2026-04-15T15:23:19.941,4.00330877323799,4.004349947234985,4.004134893663817,4.003196001243353,0.0693627670757572,2.067983273743579,2.7187170218656576,2.5843085398857824,1.9975007770955955,-49.13296541155304
2026-04-15T15:23:20.049,4.00330877323799,4.004349947234985,4.004134893663817,4.003196001243353,0.0693627670757572,2.067983273743579,2.7187170218656576,2.5843085398857824,1.9975007770955955,-49.13296541155304
2026-04-15T15:23:20.158,4.00311732310756,4.004675150196263,4.004119158036659,4.002868175677548,0.06717697605240945,1.9483269422249094,2.9219688726644932,2.574473772911645,1.792609798467737,-49.16028779934488
2026-04-15T15:23:20.268,4.00311732310756,4.004675150196263,4.004119158036659,4.002868175677548,0.06717697605240945,1.9483269422249094,2.9219688726644932,2.574473772911645,1.792609798467737,-49.16028779934488
2026-04-15T15:23:20.378,4.00311732310756,4.004675150196263,4.004119158036659,4.002868175677548,0.06717697605240945,1.9483269422249094,2.9219688726644932,2.574473772911645,1.792609798467737,-49.16028779934488
2026-04-15T15:23:20.487,4.00299930590387,4.004743337913951,4.004266023890139,4.002755403682912,0.07113032018119785,1.8745661899188804,2.964586196219643,2.6662649313369258,1.7221273018197536,-49.11087099773503
2026-04-15T15:23:20.596,4.00299930590387,4.004743337913951,4.004266023890139,4.002755403682912,0.07113032018119785,1.8745661899188804,2.964586196219643,2.6662649313369258,1.7221273018197536,-49.11087099773503
2026-04-15T15:23:20.706,4.00299930590387,4.004743337913951,4.004266023890139,4.002755403682912,0.07113032018119785,1.8745661899188804,2.964586196219643,2.6662649313369258,1.7221273018197536,-49.11087099773503
2026-04-15T15:23:20.815,4.002899646931866,4.0045597555971,4.004224062217716,4.003258943751987,0.06914866909397142,1.8122793324160114,2.849847248187487,2.64003888607256,2.0368398449921443,-49.13564163632535
2026-04-15T15:23:20.924,4.002899646931866,4.0045597555971,4.004224062217716,4.003258943751987,0.06914866909397142,1.8122793324160114,2.849847248187487,2.64003888607256,2.0368398449921443,-49.13564163632535
2026-04-15T15:23:21.032,4.002899646931866,4.0045597555971,4.004224062217716,4.003258943751987,0.06914866909397142,1.8122793324160114,2.849847248187487,2.64003888607256,2.0368398449921443,-49.13564163632535
2026-04-15T15:23:21.142,4.0031907560343,4.004517793924677,4.004300117748983,4.003405809605468,0.06865574583358093,1.9942225214375497,2.823621202923121,2.687573593114223,2.128631003417425,-49.14180317708024
2026-04-15T15:23:21.251,4.0031907560343,4.004517793924677,4.004300117748983,4.003405809605468,0.06865574583358093,1.9942225214375497,2.823621202923121,2.687573593114223,2.128631003417425,-49.14180317708024
2026-04-15T15:23:21.361,4.0031907560343,4.004517793924677,4.004300117748983,4.003405809605468,0.06865574583358093,1.9942225214375497,2.823621202923121,2.687573593114223,2.128631003417425,-49.14180317708024
2026-04-15T15:23:21.470,4.003075361435137,4.004643678941946,4.004027366878234,4.003405809605468,0.06925820759628043,1.9221008969605435,2.902299338716219,2.5171042988964,2.128631003417425,-49.134272405046495
2026-04-15T15:23:21.579,4.003075361435137,4.004643678941946,4.004027366878234,4.003405809605468,0.06925820759628043,1.9221008969605435,2.902299338716219,2.5171042988964,2.128631003417425,-49.134272405046495
2026-04-15T15:23:21.688,4.003075361435137,4.004643678941946,4.004027366878234,4.003405809605468,0.06925820759628043,1.9221008969605435,2.902299338716219,2.5171042988964,2.128631003417425,-49.134272405046495
2026-04-15T15:23:21.795,4.003182888220721,4.00448632267036,4.0041663649181345,4.002836704423232,0.0692731446647771,1.9893051379504811,2.8039516689748467,2.6039780738340568,1.7729402645200176,-49.13408569169029
2026-04-15T15:23:21.904,4.003182888220721,4.00448632267036,4.0041663649181345,4.002836704423232,0.0692731446647771,1.9893051379504811,2.8039516689748467,2.6039780738340568,1.7729402645200176,-49.13408569169029
2026-04-15T15:23:22.030,4.003182888220721,4.00448632267036,4.0041663649181345,4.002836704423232,0.0692731446647771,1.9893051379504811,2.8039516689748467,2.6039780738340568,1.7729402645200176,-49.13408569169029
2026-04-15T15:23:22.139,4.003185510825247,4.004389286302882,4.00395655655602,4.003070116226084,0.06765496224430327,1.990944265779504,2.7433039393010006,2.4728478475122273,1.9188226413024978,-49.154312971946204
2026-04-15T15:23:22.249,4.003185510825247,4.004389286302882,4.00395655655602,4.003070116226084,0.06765496224430327,1.990944265779504,2.7433039393010006,2.4728478475122273,1.9188226413024978,-49.154312971946204
2026-04-15T15:23:22.360,4.003185510825247,4.004389286302882,4.00395655655602,4.003070116226084,0.06765496224430327,1.990944265779504,2.7433039393010006,2.4728478475122273,1.9188226413024978,-49.154312971946204
2026-04-15T15:23:22.470,4.00326418896104,4.004381418489302,4.003909349674544,4.003274679379146,0.0722555793412812,2.04011810065019,2.738386555813932,2.4433435465898157,2.0466746119662815,-49.096805258233985
2026-04-15T15:23:22.593,4.00326418896104,4.004381418489302,4.003909349674544,4.003274679379146,0.0722555793412812,2.04011810065019,2.738386555813932,2.4433435465898157,2.0466746119662815,-49.096805258233985
2026-04-15T15:23:22.687,4.00326418896104,4.004381418489302,4.003909349674544,4.003274679379146,0.0722555793412812,2.04011810065019,2.738386555813932,2.4433435465898157,2.0466746119662815,-49.096805258233985
2026-04-15T15:23:22.795,4.002768516705544,4.004273891703718,4.003932953115282,4.003172397802615,0.07326632097622332,1.730322940964868,2.6711823148239944,2.4580956970510215,1.9827486266343897,-49.08417098779721
2026-04-15T15:23:22.905,4.002768516705544,4.004273891703718,4.003932953115282,4.003172397802615,0.07326632097622332,1.730322940964868,2.6711823148239944,2.4580956970510215,1.9827486266343897,-49.08417098779721
2026-04-15T15:23:23.015,4.002768516705544,4.004273891703718,4.003932953115282,4.003172397802615,0.07326632097622332,1.730322940964868,2.6711823148239944,2.4580956970510215,1.9827486266343897,-49.08417098779721
2026-04-15T15:23:23.123,4.003101587480401,4.004583359037838,4.00383853935233,4.003140926548298,0.07320159367940436,1.9384921752507722,2.864599398648693,2.3990870952061982,1.9630790926861152,-49.084980079007444
2026-04-15T15:23:23.233,4.003101587480401,4.004583359037838,4.00383853935233,4.003140926548298,0.07320159367940436,1.9384921752507722,2.864599398648693,2.3990870952061982,1.9630790926861152,-49.084980079007444
2026-04-15T15:23:23.342,4.003101587480401,4.004583359037838,4.00383853935233,4.003140926548298,0.07320159367940436,1.9384921752507722,2.864599398648693,2.3990870952061982,1.9630790926861152,-49.084980079007444
2026-04-15T15:23:23.451,4.003085851853243,4.004507303506571,4.00372838996222,4.002920627768077,0.07424220945133986,1.928657408276635,2.8170646916070297,2.3302437263872378,1.8253923550481943,-49.07197238185825
2026-04-15T15:23:23.576,4.003085851853243,4.004507303506571,4.00372838996222,4.002920627768077,0.07424220945133986,1.928657408276635,2.8170646916070297,2.3302437263872378,1.8253923550481943,-49.07197238185825
2026-04-15T15:23:23.685,4.003085851853243,4.004507303506571,4.00372838996222,4.002920627768077,0.07424220945133986,1.928657408276635,2.8170646916070297,2.3302437263872378,1.8253923550481943,-49.07197238185825
2026-04-15T15:23:23.793,4.003366470537571,4.004517793924677,4.00395655655602,4.00315403957093,0.07360489452881477,2.104044085982082,2.823621202923121,2.4728478475122273,1.9712747318312296,-49.07993881838982
2026-04-15T15:23:23.903,4.003366470537571,4.004517793924677,4.00395655655602,4.00315403957093,0.07360489452881477,2.104044085982082,2.823621202923121,2.4728478475122273,1.9712747318312296,-49.07993881838982
2026-04-15T15:23:24.012,4.003366470537571,4.004517793924677,4.00395655655602,4.00315403957093,0.07360489452881477,2.104044085982082,2.823621202923121,2.4728478475122273,1.9712747318312296,-49.07993881838982
2026-04-15T15:23:24.122,4.003093719666822,4.004460096625095,4.003940820928861,4.002886533909233,0.07271862846467833,1.9335747917637036,2.787560390684618,2.46301308053809,1.804083693270897,-49.091017144191525
2026-04-15T15:23:24.217,4.003093719666822,4.004460096625095,4.003940820928861,4.002886533909233,0.07271862846467833,1.9335747917637036,2.787560390684618,2.46301308053809,1.804083693270897,-49.091017144191525
2026-04-15T15:23:24.326,4.003093719666822,4.004460096625095,4.003940820928861,4.002886533909233,0.07271862846467833,1.9335747917637036,2.787560390684618,2.46301308053809,1.804083693270897,-49.091017144191525
2026-04-15T15:23:24.437,4.003156662175456,4.004530906947309,4.003922462697176,4.003251075938408,0.07271862846467833,1.9729138596602525,2.8318168420682355,2.45153918573493,2.0319224615050757,-49.091017144191525
2026-04-15T15:23:24.546,4.003156662175456,4.004530906947309,4.003922462697176,4.003251075938408,0.07271862846467833,1.9729138596602525,2.8318168420682355,2.45153918573493,2.0319224615050757,-49.091017144191525
2026-04-15T15:23:24.655,4.003156662175456,4.004530906947309,4.003922462697176,4.003251075938408,0.07271862846467833,1.9729138596602525,2.8318168420682355,2.45153918573493,2.0319224615050757,-49.091017144191525
2026-04-15T15:23:24.764,4.003135681339245,4.004601717269523,4.0039801599967575,4.0028026105643875,0.07096601242773434,1.9598008370280695,2.876073293451853,2.487599997973433,1.7516316027421652,-49.11292484465332
2026-04-15T15:23:24.873,4.003135681339245,4.004601717269523,4.0039801599967575,4.0028026105643875,0.07096601242773434,1.9598008370280695,2.876073293451853,2.487599997973433,1.7516316027421652,-49.11292484465332
2026-04-15T15:23:24.983,4.003135681339245,4.004601717269523,4.0039801599967575,4.0028026105643875,0.07096601242773434,1.9598008370280695,2.876073293451853,2.487599997973433,1.7516316027421652,-49.11292484465332
2026-04-15T15:23:25.092,4.002855062654916,4.004355192444039,4.003967046974125,4.003096342271348,0.07305222299443755,1.7844141593226226,2.7219952775242584,2.4794043588283188,1.9352139195927265,-49.08684721256953
2026-04-15T15:23:25.216,4.002855062654916,4.004355192444039,4.003967046974125,4.003096342271348,0.07305222299443755,1.7844141593226226,2.7219952775242584,2.4794043588283188,1.9352139195927265,-49.08684721256953
2026-04-15T15:23:25.323,4.002855062654916,4.004355192444039,4.003967046974125,4.003096342271348,0.07305222299443755,1.7844141593226226,2.7219952775242584,2.4794043588283188,1.9352139195927265,-49.08684721256953
2026-04-15T15:23:25.434,4.00299930590387,4.004491567879413,4.003935575719808,4.003245830729355,0.06837194153214399,1.8745661899188804,2.8072299246328924,2.4597348248800444,2.02864420584703,-49.1453507308482
2026-04-15T15:23:25.543,4.00299930590387,4.004491567879413,4.003935575719808,4.003245830729355,0.06837194153214399,1.8745661899188804,2.8072299246328924,2.4597348248800444,2.02864420584703,-49.1453507308482
2026-04-15T15:23:25.650,4.00299930590387,4.004491567879413,4.003935575719808,4.003245830729355,0.06837194153214399,1.8745661899188804,2.8072299246328924,2.4597348248800444,2.02864420584703,-49.1453507308482
2026-04-15T15:23:25.760,4.003083229248716,4.004287004726351,4.004132271059291,4.003188133429774,0.07053283744133058,1.9270182804476121,2.6793779539691087,2.5826694120567595,1.9925833936085269,-49.118339531983366
2026-04-15T15:23:25.868,4.003083229248716,4.004287004726351,4.004132271059291,4.003188133429774,0.07053283744133058,1.9270182804476121,2.6793779539691087,2.5826694120567595,1.9925833936085269,-49.118339531983366
2026-04-15T15:23:25.977,4.003083229248716,4.004287004726351,4.004132271059291,4.003188133429774,0.07053283744133058,1.9270182804476121,2.6793779539691087,2.5826694120567595,1.9925833936085269,-49.118339531983366
2026-04-15T15:23:26.087,4.003017664135555,4.004541397365415,4.003612995363056,4.002813100982493,0.07215101986180443,1.8860400847220404,2.838373353384327,2.2581221019102315,1.7581881140582567,-49.09811225172744
2026-04-15T15:23:26.195,4.003017664135555,4.004541397365415,4.003612995363056,4.002813100982493,0.07215101986180443,1.8860400847220404,2.838373353384327,2.2581221019102315,1.7581881140582567,-49.09811225172744
2026-04-15T15:23:26.304,4.003017664135555,4.004541397365415,4.003612995363056,4.002813100982493,0.07215101986180443,1.8860400847220404,2.838373353384327,2.2581221019102315,1.7581881140582567,-49.09811225172744
2026-04-15T15:23:26.414,4.003248453333882,4.004798412609006,4.003927707906229,4.0031330587347185,0.07281322989849065,2.030283333676053,2.999007880628568,2.4548174413929758,1.9581617091990466,-49.08983462626887
2026-04-15T15:23:26.523,4.003248453333882,4.004798412609006,4.003927707906229,4.0031330587347185,0.07281322989849065,2.030283333676053,2.999007880628568,2.4548174413929758,1.9581617091990466,-49.08983462626887
2026-04-15T15:23:26.632,4.003248453333882,4.004798412609006,4.003927707906229,4.0031330587347185,0.07281322989849065,2.030283333676053,2.999007880628568,2.4548174413929758,1.9581617091990466,-49.08983462626887
2026-04-15T15:23:26.741,4.003070116226084,4.00475120572753,4.0040221216691805,4.003088474457769,0.0698208371763221,1.9188226413024978,2.9695035797061564,2.513826043237799,1.9302965361056579,-49.12723953529598
2026-04-15T15:23:26.851,4.003070116226084,4.00475120572753,4.0040221216691805,4.003088474457769,0.0698208371763221,1.9188226413024978,2.9695035797061564,2.513826043237799,1.9302965361056579,-49.12723953529598
2026-04-15T15:23:26.961,4.003070116226084,4.00475120572753,4.0040221216691805,4.003088474457769,0.0698208371763221,1.9188226413024978,2.9695035797061564,2.513826043237799,1.9302965361056579,-49.12723953529598
2026-04-15T15:23:27.071,4.003122568316613,4.004848242095008,4.004074573759709,4.003001928508397,0.06882503260987666,1.9516051978829552,3.0301513093800025,2.5466085998182564,1.8762053177479032,-49.13968709237654
2026-04-15T15:23:27.181,4.003122568316613,4.004848242095008,4.004074573759709,4.003001928508397,0.06882503260987666,1.9516051978829552,3.0301513093800025,2.5466085998182564,1.8762053177479032,-49.13968709237654
2026-04-15T15:23:27.289,4.003122568316613,4.004848242095008,4.004074573759709,4.003001928508397,0.06882503260987666,1.9516051978829552,3.0301513093800025,2.5466085998182564,1.8762053177479032,-49.13968709237654
2026-04-15T15:23:27.399,4.003156662175456,4.004549265178995,4.003862142793068,4.003432035650733,0.07236511784359019,1.9729138596602525,2.8432907368719507,2.413839245667404,2.1450222817082087,-49.09543602695513
2026-04-15T15:23:27.508,4.003156662175456,4.004549265178995,4.003862142793068,4.003432035650733,0.07236511784359019,1.9729138596602525,2.8432907368719507,2.413839245667404,2.1450222817082087,-49.09543602695513
2026-04-15T15:23:27.615,4.003156662175456,4.004549265178995,4.003862142793068,4.003432035650733,0.07236511784359019,1.9729138596602525,2.8432907368719507,2.413839245667404,2.1450222817082087,-49.09543602695513
2026-04-15T15:23:27.723,4.002883911304707,4.004748583123003,4.003822803725171,4.003219604684091,0.06861093462809088,1.8024445654418741,2.9678644518771335,2.389252328232061,2.0122529275568013,-49.14236331714886
2026-04-15T15:23:27.826,4.002883911304707,4.004748583123003,4.003822803725171,4.003219604684091,0.06861093462809088,1.8024445654418741,2.9678644518771335,2.389252328232061,2.0122529275568013,-49.14236331714886
2026-04-15T15:23:27.937,4.002883911304707,4.004748583123003,4.003822803725171,4.003219604684091,0.06861093462809088,1.8024445654418741,2.9678644518771335,2.389252328232061,2.0122529275568013,-49.14236331714886
2026-04-15T15:23:28.048,4.003033399762714,4.004625320710261,4.003961801765072,4.003411054814521,0.07070212421762631,1.8958748516961776,2.8908254439130587,2.476126103170273,2.1319092590754707,-49.11622344727967
2026-04-15T15:23:28.160,4.003033399762714,4.004625320710261,4.003961801765072,4.003411054814521,0.07070212421762631,1.8958748516961776,2.8908254439130587,2.476126103170273,2.1319092590754707,-49.11622344727967
2026-04-15T15:23:28.270,4.003033399762714,4.004625320710261,4.003961801765072,4.003411054814521,0.07070212421762631,1.8958748516961776,2.8908254439130587,2.476126103170273,2.1319092590754707,-49.11622344727967
2026-04-15T15:23:28.380,4.00292587297713,4.004565000806153,4.004009008646548,4.003088474457769,0.0692333124821193,1.82867061070624,2.8531255038455328,2.5056304040926847,1.9302965361056579,-49.13458359397351
2026-04-15T15:23:28.484,4.00292587297713,4.004565000806153,4.004009008646548,4.003088474457769,0.0692333124821193,1.82867061070624,2.8531255038455328,2.5056304040926847,1.9302965361056579,-49.13458359397351
2026-04-15T15:23:28.595,4.00292587297713,4.004565000806153,4.004009008646548,4.003088474457769,0.0692333124821193,1.82867061070624,2.8531255038455328,2.5056304040926847,1.9302965361056579,-49.13458359397351
2026-04-15T15:23:28.705,4.003101587480401,4.004835129072376,4.003723144753167,4.002980947672185,0.06445345056318116,1.9384921752507722,3.021955670234888,2.326965470729192,1.8630922951157203,-49.19433186796024
2026-04-15T15:23:28.814,4.003101587480401,4.004835129072376,4.003723144753167,4.002980947672185,0.06445345056318116,1.9384921752507722,3.021955670234888,2.326965470729192,1.8630922951157203,-49.19433186796024
2026-04-15T15:23:28.924,4.003101587480401,4.004835129072376,4.003723144753167,4.002980947672185,0.06445345056318116,1.9384921752507722,3.021955670234888,2.326965470729192,1.8630922951157203,-49.19433186796024
2026-04-15T15:23:29.033,4.002781629728176,4.004530906947309,4.004174232731714,4.0031750204071415,0.06779437488360562,1.7385185801099823,2.8318168420682355,2.6088954573211254,1.9843877544634125,-49.15257031395493
2026-04-15T15:23:29.143,4.002781629728176,4.004530906947309,4.004174232731714,4.0031750204071415,0.06779437488360562,1.7385185801099823,2.8318168420682355,2.6088954573211254,1.9843877544634125,-49.15257031395493
2026-04-15T15:23:29.251,4.002781629728176,4.004530906947309,4.004174232731714,4.0031750204071415,0.06779437488360562,1.7385185801099823,2.8318168420682355,2.6088954573211254,1.9843877544634125,-49.15257031395493
2026-04-15T15:23:29.358,4.0029232503726035,4.0044364931843575,4.003988027810337,4.002792120146282,0.06870055703907098,1.8270314828772172,2.772808240223412,2.4925173814605017,1.7450750914260738,-49.14124303701161
2026-04-15T15:23:29.467,4.0029232503726035,4.0044364931843575,4.003988027810337,4.002792120146282,0.06870055703907098,1.8270314828772172,2.772808240223412,2.4925173814605017,1.7450750914260738,-49.14124303701161
2026-04-15T15:23:29.577,4.0029232503726035,4.0044364931843575,4.003988027810337,4.002792120146282,0.06870055703907098,1.8270314828772172,2.772808240223412,2.4925173814605017,1.7450750914260738,-49.14124303701161
2026-04-15T15:23:29.686,4.00281572358702,4.0045571329925735,4.004158497104555,4.002834081818705,0.06944741046390505,1.7598272418872796,2.848208120358464,2.599060690346988,1.7713011366904396,-49.13190736920119
2026-04-15T15:23:29.810,4.00281572358702,4.0045571329925735,4.004158497104555,4.002834081818705,0.06944741046390505,1.7598272418872796,2.848208120358464,2.599060690346988,1.7713011366904396,-49.13190736920119
2026-04-15T15:23:29.921,4.00281572358702,4.0045571329925735,4.004158497104555,4.002834081818705,0.06944741046390505,1.7598272418872796,2.848208120358464,2.599060690346988,1.7713011366904396,-49.13190736920119
2026-04-15T15:23:30.030,4.00315403957093,4.004444360997937,4.004307985562562,4.003201246452406,0.06704254243593932,1.9712747318312296,2.777725623710481,2.6924909766012917,2.000779032753641,-49.16196821955076
2026-04-15T15:23:30.141,4.00315403957093,4.004444360997937,4.004307985562562,4.003201246452406,0.06704254243593932,1.9712747318312296,2.777725623710481,2.6924909766012917,2.000779032753641,-49.16196821955076
2026-04-15T15:23:30.250,4.00315403957093,4.004444360997937,4.004307985562562,4.003201246452406,0.06704254243593932,1.9712747318312296,2.777725623710481,2.6924909766012917,2.000779032753641,-49.16196821955076
2026-04-15T15:23:30.361,4.003057003203452,4.004630565919314,4.004307985562562,4.003156662175456,0.07231532761526792,1.9106270021573835,2.8941036995711045,2.6924909766012917,1.9729138596602525,-49.09605840480915
2026-04-15T15:23:30.470,4.003057003203452,4.004630565919314,4.004307985562562,4.003156662175456,0.07231532761526792,1.9106270021573835,2.8941036995711045,2.6924909766012917,1.9729138596602525,-49.09605840480915
2026-04-15T15:23:30.580,4.003057003203452,4.004630565919314,4.004307985562562,4.003156662175456,0.07231532761526792,1.9106270021573835,2.8941036995711045,2.6924909766012917,1.9729138596602525,-49.09605840480915
2026-04-15T15:23:30.689,4.003106832689454,4.004761696145636,4.004307985562562,4.003177643011668,0.0671321648469194,1.941770430908818,2.976060091022248,2.6924909766012917,1.9860268822924354,-49.16084793941351
2026-04-15T15:23:30.799,4.003106832689454,4.004761696145636,4.004307985562562,4.003177643011668,0.0671321648469194,1.941770430908818,2.976060091022248,2.6924909766012917,1.9860268822924354,-49.16084793941351
2026-04-15T15:23:30.908,4.003106832689454,4.004761696145636,4.004307985562562,4.003177643011668,0.0671321648469194,1.941770430908818,2.976060091022248,2.6924909766012917,1.9860268822924354,-49.16084793941351
2026-04-15T15:23:31.018,4.003057003203452,4.004551887783521,4.004095554595921,4.003371715746625,0.06964657137719414,1.9106270021573835,2.8449298647004184,2.5597216224504393,2.1073223416406828,-49.12941785778507
2026-04-15T15:23:31.128,4.003057003203452,4.004551887783521,4.004095554595921,4.003371715746625,0.06964657137719414,1.9106270021573835,2.8449298647004184,2.5597216224504393,2.1073223416406828,-49.12941785778507
2026-04-15T15:23:31.237,4.003057003203452,4.004551887783521,4.004095554595921,4.003371715746625,0.06964657137719414,1.9106270021573835,2.8449298647004184,2.5597216224504393,2.1073223416406828,-49.12941785778507
2026-04-15T15:23:31.348,4.002980947672185,4.004717111868686,4.004210949195084,4.00292587297713,0.0705527535326595,1.8630922951157203,2.948194917928859,2.6318432469274455,1.82867061070624,-49.11809058084175
2026-04-15T15:23:31.457,4.002980947672185,4.004717111868686,4.004210949195084,4.00292587297713,0.0705527535326595,1.8630922951157203,2.948194917928859,2.6318432469274455,1.82867061070624,-49.11809058084175
2026-04-15T15:23:31.565,4.002980947672185,4.004717111868686,4.004210949195084,4.00292587297713,0.0705527535326595,1.8630922951157203,2.948194917928859,2.6318432469274455,1.82867061070624,-49.11809058084175
2026-04-15T15:23:31.675,4.003028154553661,4.0047852995863735,4.004357815048564,4.0031907560343,0.07192198481152198,1.892596596038132,2.9908122414834537,2.723634405352726,1.9942225214375497,-49.10097518985598
2026-04-15T15:23:31.783,4.003028154553661,4.0047852995863735,4.004357815048564,4.0031907560343,0.07192198481152198,1.892596596038132,2.9908122414834537,2.723634405352726,1.9942225214375497,-49.10097518985598
2026-04-15T15:23:31.891,4.003028154553661,4.0047852995863735,4.004357815048564,4.0031907560343,0.07192198481152198,1.892596596038132,2.9908122414834537,2.723634405352726,1.9942225214375497,-49.10097518985598
2026-04-15T15:23:32.002,4.002915382559024,4.004520416529203,4.004271269099192,4.003177643011668,0.07061748082947845,1.8221140993901486,2.825260330752144,2.6695431869949715,1.9860268822924354,-49.11728148963152
2026-04-15T15:23:32.111,4.002915382559024,4.004520416529203,4.004271269099192,4.003177643011668,0.07061748082947845,1.8221140993901486,2.825260330752144,2.6695431869949715,1.9860268822924354,-49.11728148963152
2026-04-15T15:23:32.218,4.002915382559024,4.004520416529203,4.004271269099192,4.003177643011668,0.07061748082947845,1.8221140993901486,2.825260330752144,2.6695431869949715,1.9860268822924354,-49.11728148963152
2026-04-15T15:23:32.327,4.002973079858606,4.004467964438675,4.004237175240348,4.003274679379146,0.06624091975995074,1.8581749116286517,2.7924777741716866,2.648234525217674,2.0466746119662815,-49.17198850300061
2026-04-15T15:23:32.438,4.002973079858606,4.004467964438675,4.004237175240348,4.003274679379146,0.06624091975995074,1.8581749116286517,2.7924777741716866,2.648234525217674,2.0466746119662815,-49.17198850300061
2026-04-15T15:23:32.548,4.002973079858606,4.004467964438675,4.004237175240348,4.003274679379146,0.06624091975995074,1.8581749116286517,2.7924777741716866,2.648234525217674,2.0466746119662815,-49.17198850300061
2026-04-15T15:23:32.657,4.003070116226084,4.004696131032475,4.003964424369599,4.003355980119466,0.07341569166119014,1.9188226413024978,2.935081895296676,2.477765230999296,2.0974875746659905,-49.08230385423512
2026-04-15T15:23:32.766,4.003070116226084,4.004696131032475,4.003964424369599,4.003355980119466,0.07341569166119014,1.9188226413024978,2.935081895296676,2.477765230999296,2.0974875746659905,-49.08230385423512
2026-04-15T15:23:32.874,4.003070116226084,4.004696131032475,4.003964424369599,4.003355980119466,0.07341569166119014,1.9188226413024978,2.935081895296676,2.477765230999296,2.0974875746659905,-49.08230385423512
2026-04-15T15:23:32.984,4.003059625807978,4.004452228811516,4.003799200284433,4.003466129509576,0.07091622219941209,1.9122661299864063,2.7826430071975494,2.374500177770855,2.166330943484951,-49.11354722250735
2026-04-15T15:23:33.095,4.003059625807978,4.004452228811516,4.003799200284433,4.003466129509576,0.07091622219941209,1.9122661299864063,2.7826430071975494,2.374500177770855,2.166330943484951,-49.11354722250735
2026-04-15T15:23:33.204,4.003059625807978,4.004452228811516,4.003799200284433,4.003466129509576,0.07091622219941209,1.9122661299864063,2.7826430071975494,2.374500177770855,2.166330943484951,-49.11354722250735
2026-04-15T15:23:33.313,4.003088474457769,4.004502058297518,4.004189968358872,4.003623485781162,0.0721659569303011,1.9302965361056579,2.813786435948984,2.6187302242952626,2.264678613226323,-49.097925538371236
2026-04-15T15:23:33.422,4.003088474457769,4.004502058297518,4.004189968358872,4.003623485781162,0.0721659569303011,1.9302965361056579,2.813786435948984,2.6187302242952626,2.264678613226323,-49.097925538371236
2026-04-15T15:23:33.532,4.003088474457769,4.004502058297518,4.004189968358872,4.003623485781162,0.0721659569303011,1.9302965361056579,2.813786435948984,2.6187302242952626,2.264678613226323,-49.097925538371236
2026-04-15T15:23:33.640,4.003085851853243,4.00444960620699,4.0041847231498195,4.003067493621558,0.0720365023366632,1.928657408276635,2.7810038793685266,2.615451968637217,1.917183513473475,-49.09954372079171
2026-04-15T15:23:33.750,4.003085851853243,4.00444960620699,4.0041847231498195,4.003067493621558,0.0720365023366632,1.928657408276635,2.7810038793685266,2.615451968637217,1.917183513473475,-49.09954372079171
2026-04-15T15:23:33.859,4.003085851853243,4.00444960620699,4.0041847231498195,4.003067493621558,0.0720365023366632,1.928657408276635,2.7810038793685266,2.615451968637217,1.917183513473475,-49.09954372079171
2026-04-15T15:23:33.984,4.003350734910413,4.004273891703718,4.0039198400926495,4.003584146713266,0.06983079522198656,2.0942093190079447,2.6711823148239944,2.449900057905907,2.24009169579098,-49.12711505972517
2026-04-15T15:23:34.078,4.003350734910413,4.004273891703718,4.0039198400926495,4.003584146713266,0.06983079522198656,2.0942093190079447,2.6711823148239944,2.449900057905907,2.24009169579098,-49.12711505972517
2026-04-15T15:23:34.187,4.003350734910413,4.004273891703718,4.0039198400926495,4.003584146713266,0.06983079522198656,2.0942093190079447,2.6711823148239944,2.449900057905907,2.24009169579098,-49.12711505972517
2026-04-15T15:23:34.297,4.003282547192725,4.0047669413546885,4.004045725109918,4.003033399762714,0.06780931195210231,2.05159199545335,2.9793383466802936,2.528578193699005,1.8958748516961776,-49.15238360059872
2026-04-15T15:23:34.406,4.003282547192725,4.0047669413546885,4.004045725109918,4.003033399762714,0.06780931195210231,2.05159199545335,2.9793383466802936,2.528578193699005,1.8958748516961776,-49.15238360059872
2026-04-15T15:23:34.514,4.003282547192725,4.0047669413546885,4.004045725109918,4.003033399762714,0.06780931195210231,2.05159199545335,2.9793383466802936,2.528578193699005,1.8958748516961776,-49.15238360059872
2026-04-15T15:23:34.626,4.003237962915777,4.004431247975305,4.004100799804974,4.003248453333882,0.07217093595313334,2.0237268223605165,2.7695299845653665,2.562999878108485,2.030283333676053,-49.09786330058583
2026-04-15T15:23:34.737,4.003237962915777,4.004431247975305,4.004100799804974,4.003248453333882,0.07217093595313334,2.0237268223605165,2.7695299845653665,2.562999878108485,2.030283333676053,-49.09786330058583
2026-04-15T15:23:34.845,4.003237962915777,4.004431247975305,4.004100799804974,4.003248453333882,0.07217093595313334,2.0237268223605165,2.7695299845653665,2.562999878108485,2.030283333676053,-49.09786330058583
2026-04-15T15:23:34.955,4.003156662175456,4.004517793924677,4.004161119709082,4.003114700503033,0.07165809660141394,1.9729138596602525,2.823621202923121,2.600699818176011,1.9466878143958866,-49.10427379248233
2026-04-15T15:23:35.062,4.003156662175456,4.004517793924677,4.004161119709082,4.003114700503033,0.07165809660141394,1.9729138596602525,2.823621202923121,2.600699818176011,1.9466878143958866,-49.10427379248233
2026-04-15T15:23:35.174,4.003156662175456,4.004517793924677,4.004161119709082,4.003114700503033,0.07165809660141394,1.9729138596602525,2.823621202923121,2.600699818176011,1.9466878143958866,-49.10427379248233
2026-04-15T15:23:35.283,4.003290415006305,4.00471448926416,4.004095554595921,4.002849817445863,0.07359991550598255,2.0565093789404187,2.9465557900998363,2.5597216224504393,1.7811359036645769,-49.08000105617521
2026-04-15T15:23:35.394,4.003290415006305,4.00471448926416,4.004095554595921,4.002849817445863,0.07359991550598255,2.0565093789404187,2.9465557900998363,2.5597216224504393,1.7811359036645769,-49.08000105617521
2026-04-15T15:23:35.501,4.003290415006305,4.00471448926416,4.004095554595921,4.002849817445863,0.07359991550598255,2.0565093789404187,2.9465557900998363,2.5597216224504393,1.7811359036645769,-49.08000105617521
2026-04-15T15:23:35.611,4.003101587480401,4.004690885823422,4.0039381983243345,4.0031907560343,0.07663711943364114,1.9384921752507722,2.9318036396386304,2.4613739527090672,1.9942225214375497,-49.04203600707949
2026-04-15T15:23:35.719,4.003101587480401,4.004690885823422,4.0039381983243345,4.0031907560343,0.07663711943364114,1.9384921752507722,2.9318036396386304,2.4613739527090672,1.9942225214375497,-49.04203600707949
2026-04-15T15:23:35.830,4.003101587480401,4.004690885823422,4.0039381983243345,4.0031907560343,0.07663711943364114,1.9384921752507722,2.9318036396386304,2.4613739527090672,1.9942225214375497,-49.04203600707949
2026-04-15T15:23:35.938,4.002957344231447,4.004806280422585,4.004132271059291,4.003392696582836,0.07810095214631593,1.8483401446545145,3.0039252641156367,2.5826694120567595,2.1204353642723106,-49.02373809817105
2026-04-15T15:23:36.049,4.002957344231447,4.004806280422585,4.004132271059291,4.003392696582836,0.07810095214631593,1.8483401446545145,3.0039252641156367,2.5826694120567595,2.1204353642723106,-49.02373809817105
2026-04-15T15:23:36.158,4.002957344231447,4.004806280422585,4.004132271059291,4.003392696582836,0.07810095214631593,1.8483401446545145,3.0039252641156367,2.5826694120567595,2.1204353642723106,-49.02373809817105
2026-04-15T15:23:36.268,4.002938985999762,4.004302740353509,4.004024744273707,4.003287792401778,0.07697071396340037,1.8368662498513544,2.689212720943246,2.515465171066822,2.054870251111396,-49.0378660754575
2026-04-15T15:23:36.379,4.002938985999762,4.004302740353509,4.004024744273707,4.003287792401778,0.07697071396340037,1.8368662498513544,2.689212720943246,2.515465171066822,2.054870251111396,-49.0378660754575
2026-04-15T15:23:36.487,4.002938985999762,4.004302740353509,4.004024744273707,4.003287792401778,0.07697071396340037,1.8368662498513544,2.689212720943246,2.515465171066822,2.054870251111396,-49.0378660754575
2026-04-15T15:23:36.595,4.003185510825247,4.0046226981057345,4.003788709866328,4.003282547192725,0.07703046223738709,1.990944265779504,2.889186316084036,2.3679436664547637,2.05159199545335,-49.03711922203266
2026-04-15T15:23:36.705,4.003185510825247,4.0046226981057345,4.003788709866328,4.003282547192725,0.07703046223738709,1.990944265779504,2.889186316084036,2.3679436664547637,2.05159199545335,-49.03711922203266
2026-04-15T15:23:36.813,4.003185510825247,4.0046226981057345,4.003788709866328,4.003282547192725,0.07703046223738709,1.990944265779504,2.889186316084036,2.3679436664547637,2.05159199545335,-49.03711922203266
2026-04-15T15:23:36.923,4.0031750204071415,4.004816770840691,4.0038778784202265,4.003161907384509,0.07898223918762015,1.9843877544634125,3.010481775431728,2.4236740126415413,1.9761921153182982,-49.01272201015475
2026-04-15T15:23:37.032,4.0031750204071415,4.004816770840691,4.0038778784202265,4.003161907384509,0.07898223918762015,1.9843877544634125,3.010481775431728,2.4236740126415413,1.9761921153182982,-49.01272201015475
2026-04-15T15:23:37.141,4.0031750204071415,4.004816770840691,4.0038778784202265,4.003161907384509,0.07898223918762015,1.9843877544634125,3.010481775431728,2.4236740126415413,1.9761921153182982,-49.01272201015475
2026-04-15T15:23:37.251,4.003169775198089,4.004300117748983,4.003846407165909,4.0034399034643116,0.07650766484000324,1.9811094988053668,2.687573593114223,2.404004478693267,2.1499396651947222,-49.04365418949996
2026-04-15T15:23:37.362,4.003169775198089,4.004300117748983,4.003846407165909,4.0034399034643116,0.07650766484000324,1.9811094988053668,2.687573593114223,2.404004478693267,2.1499396651947222,-49.04365418949996
2026-04-15T15:23:37.472,4.003169775198089,4.004300117748983,4.003846407165909,4.0034399034643116,0.07650766484000324,1.9811094988053668,2.687573593114223,2.404004478693267,2.1499396651947222,-49.04365418949996
2026-04-15T15:23:37.581,4.003188133429774,4.004431247975305,4.003888368838332,4.0034189226281,0.08126761066761244,1.9925833936085269,2.7695299845653665,2.4302305239576327,2.1368266425625393,-48.98415486665485
2026-04-15T15:23:37.689,4.003188133429774,4.004431247975305,4.003888368838332,4.0034189226281,0.08126761066761244,1.9925833936085269,2.7695299845653665,2.4302305239576327,2.1368266425625393,-48.98415486665485
2026-04-15T15:23:37.798,4.003188133429774,4.004431247975305,4.003888368838332,4.0034189226281,0.08126761066761244,1.9925833936085269,2.7695299845653665,2.4302305239576327,2.1368266425625393,-48.98415486665485
2026-04-15T15:23:37.905,4.003101587480401,4.004433870579831,4.003940820928861,4.00334548970136,0.07592511916863265,1.9384921752507722,2.7711691123943893,2.46301308053809,2.090931063349899,-49.05093601039209
2026-04-15T15:23:38.017,4.003101587480401,4.004433870579831,4.003940820928861,4.00334548970136,0.07592511916863265,1.9384921752507722,2.7711691123943893,2.46301308053809,2.090931063349899,-49.05093601039209
2026-04-15T15:23:38.126,4.003101587480401,4.004433870579831,4.003940820928861,4.00334548970136,0.07592511916863265,1.9384921752507722,2.7711691123943893,2.46301308053809,2.090931063349899,-49.05093601039209
2026-04-15T15:23:38.237,4.003266811565567,4.004541397365415,4.003809690702539,4.0033376218877805,0.07585043382614924,2.041757228479213,2.838373353384327,2.3810566890869467,2.0860136798628304,-49.051869577173136
2026-04-15T15:23:38.346,4.003266811565567,4.004541397365415,4.003809690702539,4.0033376218877805,0.07585043382614924,2.041757228479213,2.838373353384327,2.3810566890869467,2.0860136798628304,-49.051869577173136
2026-04-15T15:23:38.452,4.003266811565567,4.004541397365415,4.003809690702539,4.0033376218877805,0.07585043382614924,2.041757228479213,2.838373353384327,2.3810566890869467,2.0860136798628304,-49.051869577173136
2026-04-15T15:23:38.564,4.003067493621558,4.00463318852384,4.00399327301939,4.003324508865148,0.07554173441055116,1.917183513473475,2.8957428274001273,2.4957956371185475,2.077818040717716,-49.05572831986811
2026-04-15T15:23:38.674,4.003067493621558,4.00463318852384,4.00399327301939,4.003324508865148,0.07554173441055116,1.917183513473475,2.8957428274001273,2.4957956371185475,2.077818040717716,-49.05572831986811
2026-04-15T15:23:38.783,4.003067493621558,4.00463318852384,4.00399327301939,4.003324508865148,0.07554173441055116,1.917183513473475,2.8957428274001273,2.4957956371185475,2.077818040717716,-49.05572831986811
2026-04-15T15:23:38.892,4.003274679379146,4.004349947234985,4.00402998948276,4.00311732310756,0.07510855942414739,2.0466746119662815,2.7187170218656576,2.5187434267248676,1.9483269422249094,-49.06114300719816
2026-04-15T15:23:39.002,4.003274679379146,4.004349947234985,4.00402998948276,4.00311732310756,0.07510855942414739,2.0466746119662815,2.7187170218656576,2.5187434267248676,1.9483269422249094,-49.06114300719816
2026-04-15T15:23:39.110,4.003274679379146,4.004349947234985,4.00402998948276,4.00311732310756,0.07510855942414739,2.0466746119662815,2.7187170218656576,2.5187434267248676,1.9483269422249094,-49.06114300719816
2026-04-15T15:23:39.220,4.00330090542441,4.004565000806153,4.004163742313608,4.002994060694817,0.07642302145185537,2.06306589025651,2.8531255038455328,2.602338946005034,1.8712879342608346,-49.044712231851804
2026-04-15T15:23:39.330,4.00330090542441,4.004565000806153,4.004163742313608,4.002994060694817,0.07642302145185537,2.06306589025651,2.8531255038455328,2.602338946005034,1.8712879342608346,-49.044712231851804
2026-04-15T15:23:39.438,4.00330090542441,4.004565000806153,4.004163742313608,4.002994060694817,0.07642302145185537,2.06306589025651,2.8531255038455328,2.602338946005034,1.8712879342608346,-49.044712231851804
2026-04-15T15:23:39.546,4.00315403957093,4.004698753637001,4.003969669578652,4.003350734910413,0.07264892214502715,1.9712747318312296,2.936721023125699,2.4810434866573416,2.0942093190079447,-49.09188847318716
2026-04-15T15:23:39.657,4.00315403957093,4.004698753637001,4.003969669578652,4.003350734910413,0.07264892214502715,1.9712747318312296,2.936721023125699,2.4810434866573416,2.0942093190079447,-49.09188847318716
2026-04-15T15:23:39.767,4.00315403957093,4.004698753637001,4.003969669578652,4.003350734910413,0.07264892214502715,1.9712747318312296,2.936721023125699,2.4810434866573416,2.0942093190079447,-49.09188847318716
2026-04-15T15:23:39.875,4.003159284779983,4.00467777280079,4.004153251895502,4.003358602723992,0.07494923069351613,1.9745529874892753,2.923608000493516,2.5957824346889424,2.0991267024950133,-49.06313461633105
2026-04-15T15:23:39.984,4.003159284779983,4.00467777280079,4.004153251895502,4.003358602723992,0.07494923069351613,1.9745529874892753,2.923608000493516,2.5957824346889424,2.0991267024950133,-49.06313461633105
2026-04-15T15:23:40.093,4.003159284779983,4.00467777280079,4.004153251895502,4.003358602723992,0.07494923069351613,1.9745529874892753,2.923608000493516,2.5957824346889424,2.0991267024950133,-49.06313461633105
2026-04-15T15:23:40.202,4.003211736870512,4.004638433732893,4.004271269099192,4.002894401722813,0.07453597179844125,2.0073355440697327,2.899021083058173,2.6695431869949715,1.8090010767579656,-49.068300352519486
2026-04-15T15:23:40.310,4.003211736870512,4.004638433732893,4.004271269099192,4.002894401722813,0.07453597179844125,2.0073355440697327,2.899021083058173,2.6695431869949715,1.8090010767579656,-49.068300352519486
2026-04-15T15:23:40.420,4.003211736870512,4.004638433732893,4.004271269099192,4.002894401722813,0.07453597179844125,2.0073355440697327,2.899021083058173,2.6695431869949715,1.8090010767579656,-49.068300352519486
2026-04-15T15:23:40.545,4.002986192881238,4.004512548715624,4.004127025850238,4.003450393882417,0.0747650068487237,1.866370550773766,2.8203429472650754,2.5793911563987137,2.1564961765108137,-49.065437414390956
2026-04-15T15:23:40.639,4.002986192881238,4.004512548715624,4.004127025850238,4.003450393882417,0.0747650068487237,1.866370550773766,2.8203429472650754,2.5793911563987137,2.1564961765108137,-49.065437414390956
2026-04-15T15:23:40.748,4.002986192881238,4.004512548715624,4.004127025850238,4.003450393882417,0.0747650068487237,1.866370550773766,2.8203429472650754,2.5793911563987137,2.1564961765108137,-49.065437414390956
2026-04-15T15:23:40.872,4.00303602236724,4.004433870579831,4.004315853376141,4.0031514169664035,0.07633339904087529,1.8975139795252005,2.7711691123943893,2.6974083600883603,1.9696356040022067,-49.045832511989055
2026-04-15T15:23:40.982,4.00303602236724,4.004433870579831,4.004315853376141,4.0031514169664035,0.07633339904087529,1.8975139795252005,2.7711691123943893,2.6974083600883603,1.9696356040022067,-49.045832511989055
2026-04-15T15:23:41.107,4.00303602236724,4.004433870579831,4.004315853376141,4.0031514169664035,0.07633339904087529,1.8975139795252005,2.7711691123943893,2.6974083600883603,1.9696356040022067,-49.045832511989055
2026-04-15T15:23:41.216,4.003290415006305,4.004656791964578,4.00414800668645,4.003460884300523,0.07712008464836718,2.0565093789404187,2.910494977861333,2.592504179031452,2.163052687826905,-49.03599894189541
2026-04-15T15:23:41.326,4.003290415006305,4.004656791964578,4.00414800668645,4.003460884300523,0.07712008464836718,2.0565093789404187,2.910494977861333,2.592504179031452,2.163052687826905,-49.03599894189541
2026-04-15T15:23:41.436,4.003290415006305,4.004656791964578,4.00414800668645,4.003460884300523,0.07712008464836718,2.0565093789404187,2.910494977861333,2.592504179031452,2.163052687826905,-49.03599894189541
2026-04-15T15:23:41.544,4.003135681339245,4.004499435692992,4.0042502882629805,4.003342867096833,0.07558156659320897,1.9598008370280695,2.812147308119961,2.6564301643627886,2.089291935520876,-49.05523041758489
2026-04-15T15:23:41.654,4.003135681339245,4.004499435692992,4.0042502882629805,4.003342867096833,0.07558156659320897,1.9598008370280695,2.812147308119961,2.6564301643627886,2.089291935520876,-49.05523041758489
2026-04-15T15:23:41.779,4.003135681339245,4.004499435692992,4.0042502882629805,4.003342867096833,0.07558156659320897,1.9598008370280695,2.812147308119961,2.6564301643627886,2.089291935520876,-49.05523041758489
2026-04-15T15:23:41.902,4.003004551112923,4.004473209647728,4.004391908907408,4.003261566356514,0.07240495002624801,1.877844445576926,2.7957560298297324,2.7449430671300235,2.038478972821167,-49.0949381246719
2026-04-15T15:23:42.012,4.003004551112923,4.004473209647728,4.004391908907408,4.003261566356514,0.07240495002624801,1.877844445576926,2.7957560298297324,2.7449430671300235,2.038478972821167,-49.0949381246719
2026-04-15T15:23:42.123,4.003004551112923,4.004473209647728,4.004391908907408,4.003261566356514,0.07240495002624801,1.877844445576926,2.7957560298297324,2.7449430671300235,2.038478972821167,-49.0949381246719
2026-04-15T15:23:42.232,4.003135681339245,4.004659414569105,4.004315853376141,4.003127813525666,0.06991045958730219,1.9598008370280695,2.912134105690356,2.6974083600883603,1.954883453541001,-49.12611925515872
2026-04-15T15:23:42.357,4.003135681339245,4.004659414569105,4.004315853376141,4.003127813525666,0.06991045958730219,1.9598008370280695,2.912134105690356,2.6974083600883603,1.954883453541001,-49.12611925515872
2026-04-15T15:23:42.451,4.003135681339245,4.004659414569105,4.004315853376141,4.003127813525666,0.06991045958730219,1.9598008370280695,2.912134105690356,2.6974083600883603,1.954883453541001,-49.12611925515872
2026-04-15T15:23:42.561,4.003143549152824,4.004685640614369,4.004302740353509,4.003198623847879,0.0748347131683749,1.9647182205151381,2.9285253839805847,2.689212720943246,1.9991399049246183,-49.06456608539531
2026-04-15T15:23:42.684,4.003143549152824,4.004685640614369,4.004302740353509,4.003198623847879,0.0748347131683749,1.9647182205151381,2.9285253839805847,2.689212720943246,1.9991399049246183,-49.06456608539531
2026-04-15T15:23:42.793,4.003143549152824,4.004685640614369,4.004302740353509,4.003198623847879,0.0748347131683749,1.9647182205151381,2.9285253839805847,2.689212720943246,1.9991399049246183,-49.06456608539531
2026-04-15T15:23:42.903,4.003266811565567,4.004811525631638,4.0040640833416035,4.002899646931866,0.07519818183512747,2.041757228479213,3.0072035197736824,2.540052088502165,1.8122793324160114,-49.06002272706091
2026-04-15T15:23:43.012,4.003266811565567,4.004811525631638,4.0040640833416035,4.002899646931866,0.07519818183512747,2.041757228479213,3.0072035197736824,2.540052088502165,1.8122793324160114,-49.06002272706091
2026-04-15T15:23:43.121,4.003266811565567,4.004811525631638,4.0040640833416035,4.002899646931866,0.07519818183512747,2.041757228479213,3.0072035197736824,2.540052088502165,1.8122793324160114,-49.06002272706091
2026-04-15T15:23:43.230,4.003198623847879,4.004499435692992,4.004360437653091,4.0031094552939805,0.07831505012810171,1.9991399049246183,2.812147308119961,2.725273533181749,1.9434095587378408,-49.02106187339873
2026-04-15T15:23:43.339,4.003198623847879,4.004499435692992,4.004360437653091,4.0031094552939805,0.07831505012810171,1.9991399049246183,2.812147308119961,2.725273533181749,1.9434095587378408,-49.02106187339873
2026-04-15T15:23:43.443,4.003198623847879,4.004499435692992,4.004360437653091,4.0031094552939805,0.07831505012810171,1.9991399049246183,2.812147308119961,2.725273533181749,1.9434095587378408,-49.02106187339873
2026-04-15T15:23:43.546,4.002991438090291,4.004512548715624,4.004273891703718,4.002742290660279,0.0782403647856183,1.8696488064318117,2.8203429472650754,2.6711823148239944,1.7139316626746393,-49.02199544017977
2026-04-15T15:23:43.657,4.002991438090291,4.004512548715624,4.004273891703718,4.002742290660279,0.0782403647856183,1.8696488064318117,2.8203429472650754,2.6711823148239944,1.7139316626746393,-49.02199544017977
2026-04-15T15:23:43.768,4.002991438090291,4.004512548715624,4.004273891703718,4.002742290660279,0.0782403647856183,1.8696488064318117,2.8203429472650754,2.6711823148239944,1.7139316626746393,-49.02199544017977
2026-04-15T15:23:43.879,4.003164529989037,4.004656791964578,4.004234552635822,4.002773761914597,0.07636327317786865,1.9778312431478762,2.910494977861333,2.6465953973886513,1.7336011966229137,-49.04545908527665
2026-04-15T15:23:43.989,4.003164529989037,4.004656791964578,4.004234552635822,4.002773761914597,0.07636327317786865,1.9778312431478762,2.910494977861333,2.6465953973886513,1.7336011966229137,-49.04545908527665
2026-04-15T15:23:44.100,4.003164529989037,4.004656791964578,4.004234552635822,4.002773761914597,0.07636327317786865,1.9778312431478762,2.910494977861333,2.6465953973886513,1.7336011966229137,-49.04545908527665
2026-04-15T15:23:44.211,4.003033399762714,4.004452228811516,4.004224062217716,4.0034399034643116,0.07710016855703827,1.8958748516961776,2.7826430071975494,2.64003888607256,2.1499396651947222,-49.03624789303702
2026-04-15T15:23:44.315,4.003033399762714,4.004452228811516,4.004224062217716,4.0034399034643116,0.07710016855703827,1.8958748516961776,2.7826430071975494,2.64003888607256,2.1499396651947222,-49.03624789303702
2026-04-15T15:23:44.425,4.003033399762714,4.004452228811516,4.004224062217716,4.0034399034643116,0.07710016855703827,1.8958748516961776,2.7826430071975494,2.64003888607256,2.1499396651947222,-49.03624789303702
2026-04-15T15:23:44.530,4.00307273883061,4.004593849455944,4.003951311346967,4.003366470537571,0.07587532894031038,1.9204617691315207,2.8711559099647843,2.4695695918541816,2.104044085982082,-49.05155838824612
2026-04-15T15:23:44.640,4.00307273883061,4.004593849455944,4.003951311346967,4.003366470537571,0.07587532894031038,1.9204617691315207,2.8711559099647843,2.4695695918541816,2.104044085982082,-49.05155838824612
2026-04-15T15:23:44.758,4.00307273883061,4.004593849455944,4.003951311346967,4.003366470537571,0.07587532894031038,1.9204617691315207,2.8711559099647843,2.4695695918541816,2.104044085982082,-49.05155838824612
2026-04-15T15:23:44.868,4.003282547192725,4.004738092704898,4.0039198400926495,4.003075361435137,0.07665205650213781,2.05159199545335,2.961307940561042,2.449900057905907,1.9221008969605435,-49.041849293723274
2026-04-15T15:23:44.972,4.003282547192725,4.004738092704898,4.0039198400926495,4.003075361435137,0.07665205650213781,2.05159199545335,2.961307940561042,2.449900057905907,1.9221008969605435,-49.041849293723274
2026-04-15T15:23:45.084,4.003282547192725,4.004738092704898,4.0039198400926495,4.003075361435137,0.07665205650213781,2.05159199545335,2.961307940561042,2.449900057905907,1.9221008969605435,-49.041849293723274
2026-04-15T15:23:45.192,4.0031933786388265,4.004536152156362,4.004079818968762,4.003222227288617,0.07393848905857399,1.9958616492665726,2.835095097726281,2.549886855476302,2.013892055385824,-49.075768886767825
2026-04-15T15:23:45.301,4.0031933786388265,4.004536152156362,4.004079818968762,4.003222227288617,0.07393848905857399,1.9958616492665726,2.835095097726281,2.549886855476302,2.013892055385824,-49.075768886767825
2026-04-15T15:23:45.410,4.0031933786388265,4.004536152156362,4.004079818968762,4.003222227288617,0.07393848905857399,1.9958616492665726,2.835095097726281,2.549886855476302,2.013892055385824,-49.075768886767825
2026-04-15T15:23:45.519,4.0029888154857645,4.004601717269523,4.003898859256438,4.002978325067659,0.07356506234615695,1.8680096786027889,2.876073293451853,2.436787035273724,1.8614531672866974,-49.080436720673035
2026-04-15T15:23:45.628,4.0029888154857645,4.004601717269523,4.003898859256438,4.002978325067659,0.07356506234615695,1.8680096786027889,2.876073293451853,2.436787035273724,1.8614531672866974,-49.080436720673035
2026-04-15T15:23:45.737,4.0029888154857645,4.004601717269523,4.003898859256438,4.002978325067659,0.07356506234615695,1.8680096786027889,2.876073293451853,2.436787035273724,1.8614531672866974,-49.080436720673035
2026-04-15T15:23:45.845,4.003041267576293,4.004614830292155,4.003783464657275,4.003041267576293,0.07436170599931331,1.9007922351832462,2.8842689325969673,2.364665410796718,1.9007922351832462,-49.07047867500858
2026-04-15T15:23:45.955,4.003041267576293,4.004614830292155,4.003783464657275,4.003041267576293,0.07436170599931331,1.9007922351832462,2.8842689325969673,2.364665410796718,1.9007922351832462,-49.07047867500858
2026-04-15T15:23:46.064,4.003041267576293,4.004614830292155,4.003783464657275,4.003041267576293,0.07436170599931331,1.9007922351832462,2.8842689325969673,2.364665410796718,1.9007922351832462,-49.07047867500858
2026-04-15T15:23:46.172,4.003104210084929,4.004696131032475,4.004116535432132,4.003340244492307,0.07296757960628969,1.9401313030803502,2.935081895296676,2.5728346450826223,2.0876528076918532,-49.087905254921374
2026-04-15T15:23:46.281,4.003104210084929,4.004696131032475,4.004116535432132,4.003340244492307,0.07296757960628969,1.9401313030803502,2.935081895296676,2.5728346450826223,2.0876528076918532,-49.087905254921374
2026-04-15T15:23:46.392,4.003104210084929,4.004696131032475,4.004116535432132,4.003340244492307,0.07296757960628969,1.9401313030803502,2.935081895296676,2.5728346450826223,2.0876528076918532,-49.087905254921374
2026-04-15T15:23:46.516,4.003083229248716,4.00440502193004,4.004077196364236,4.002918005163551,0.0724398031860736,1.9270182804476121,2.753138706275138,2.5482477276472792,1.8237532272191714,-49.09450246017408
2026-04-15T15:23:46.611,4.003083229248716,4.00440502193004,4.004077196364236,4.002918005163551,0.0724398031860736,1.9270182804476121,2.753138706275138,2.5482477276472792,1.8237532272191714,-49.09450246017408
2026-04-15T15:23:46.721,4.003083229248716,4.00440502193004,4.004077196364236,4.002918005163551,0.0724398031860736,1.9270182804476121,2.753138706275138,2.5482477276472792,1.8237532272191714,-49.09450246017408
2026-04-15T15:23:46.829,4.003054380598925,4.004318475980668,4.003925085301702,4.003161907384509,0.07234022272942905,1.9089878743283606,2.699047487917383,2.453178313563953,1.9761921153182982,-49.095747215882135
2026-04-15T15:23:46.939,4.003054380598925,4.004318475980668,4.003925085301702,4.003161907384509,0.07234022272942905,1.9089878743283606,2.699047487917383,2.453178313563953,1.9761921153182982,-49.095747215882135
2026-04-15T15:23:47.046,4.003054380598925,4.004318475980668,4.003925085301702,4.003161907384509,0.07234022272942905,1.9089878743283606,2.699047487917383,2.453178313563953,1.9761921153182982,-49.095747215882135
2026-04-15T15:23:47.156,4.0031330587347185,4.004533529551836,4.004284382121824,4.002823591400599,0.07026397020839031,1.9581617091990466,2.8334559698972583,2.677738826140086,1.7647446253743482,-49.121700372395125
2026-04-15T15:23:47.265,4.0031330587347185,4.004533529551836,4.004284382121824,4.002823591400599,0.07026397020839031,1.9581617091990466,2.8334559698972583,2.677738826140086,1.7647446253743482,-49.121700372395125
2026-04-15T15:23:47.373,4.0031330587347185,4.004533529551836,4.004284382121824,4.002823591400599,0.07026397020839031,1.9581617091990466,2.8334559698972583,2.677738826140086,1.7647446253743482,-49.121700372395125
2026-04-15T15:23:47.498,4.003017664135555,4.004470587043201,4.004127025850238,4.002918005163551,0.0715983483274272,1.8860400847220404,2.7941169020007095,2.5793911563987137,1.8237532272191714,-49.10502064590716
2026-04-15T15:23:47.592,4.003017664135555,4.004470587043201,4.004127025850238,4.002918005163551,0.0715983483274272,1.8860400847220404,2.7941169020007095,2.5793911563987137,1.8237532272191714,-49.10502064590716
2026-04-15T15:23:47.716,4.003017664135555,4.004470587043201,4.004127025850238,4.002918005163551,0.0715983483274272,1.8860400847220404,2.7941169020007095,2.5793911563987137,1.8237532272191714,-49.10502064590716
2026-04-15T15:23:47.811,4.0031330587347185,4.00440502193004,4.004045725109918,4.003303528028937,0.07043325698468604,1.9581617091990466,2.753138706275138,2.528578193699005,2.064705018085533,-49.119584287691424
2026-04-15T15:23:47.920,4.0031330587347185,4.00440502193004,4.004045725109918,4.003303528028937,0.07043325698468604,1.9581617091990466,2.753138706275138,2.528578193699005,2.064705018085533,-49.119584287691424
2026-04-15T15:23:48.043,4.0031330587347185,4.00440502193004,4.004045725109918,4.003303528028937,0.07043325698468604,1.9581617091990466,2.753138706275138,2.528578193699005,2.064705018085533,-49.119584287691424
2026-04-15T15:23:48.153,4.00334548970136,4.0045387747608885,4.004205703986031,4.00308060664419,0.0720713554964888,2.090931063349899,2.836734225555304,2.6285649912694,1.9253791526185893,-49.099108056293886
2026-04-15T15:23:48.248,4.00334548970136,4.0045387747608885,4.004205703986031,4.00308060664419,0.0720713554964888,2.090931063349899,2.836734225555304,2.6285649912694,1.9253791526185893,-49.099108056293886
2026-04-15T15:23:48.372,4.00334548970136,4.0045387747608885,4.004205703986031,4.00308060664419,0.0720713554964888,2.090931063349899,2.836734225555304,2.6285649912694,1.9253791526185893,-49.099108056293886
2026-04-15T15:23:48.482,4.003258943751987,4.004727602286792,4.00429487253993,4.002681970756171,0.06990050154163774,2.0368398449921443,2.9547514292449506,2.6842953374561773,1.6762317226071133,-49.12624373072953
2026-04-15T15:23:48.590,4.003258943751987,4.004727602286792,4.00429487253993,4.002681970756171,0.06990050154163774,2.0368398449921443,2.9547514292449506,2.6842953374561773,1.6762317226071133,-49.12624373072953
2026-04-15T15:23:48.701,4.003258943751987,4.004727602286792,4.00429487253993,4.002681970756171,0.06990050154163774,2.0368398449921443,2.9547514292449506,2.6842953374561773,1.6762317226071133,-49.12624373072953
2026-04-15T15:23:48.809,4.003196001243353,4.004743337913951,4.004481077461307,4.003156662175456,0.07199667015400539,1.9975007770955955,2.964586196219643,2.800673413316801,1.9729138596602525,-49.10004162307493
2026-04-15T15:23:48.905,4.003196001243353,4.004743337913951,4.004481077461307,4.003156662175456,0.07199667015400539,1.9975007770955955,2.964586196219643,2.800673413316801,1.9729138596602525,-49.10004162307493
2026-04-15T15:23:49.016,4.003196001243353,4.004743337913951,4.004481077461307,4.003156662175456,0.07199667015400539,1.9975007770955955,2.964586196219643,2.800673413316801,1.9729138596602525,-49.10004162307493
2026-04-15T15:23:49.127,4.003353357514939,4.004494190483939,4.004551887783521,4.003106832689454,0.07324640488489441,2.0958484468369676,2.8088690524619153,2.8449298647004184,1.941770430908818,-49.08441993893882
2026-04-15T15:23:49.237,4.003353357514939,4.004494190483939,4.004551887783521,4.003106832689454,0.07324640488489441,2.0958484468369676,2.8088690524619153,2.8449298647004184,1.941770430908818,-49.08441993893882
2026-04-15T15:23:49.348,4.003353357514939,4.004494190483939,4.004551887783521,4.003106832689454,0.07324640488489441,2.0958484468369676,2.8088690524619153,2.8449298647004184,1.941770430908818,-49.08441993893882
2026-04-15T15:23:49.452,4.003025531949135,4.004533529551836,4.004014253855601,4.0030491353898725,0.07473513271173034,1.890957468209109,2.8334559698972583,2.5089086597507304,1.9057096186703149,-49.06581084110337
2026-04-15T15:23:49.561,4.003025531949135,4.004533529551836,4.004014253855601,4.0030491353898725,0.07473513271173034,1.890957468209109,2.8334559698972583,2.5089086597507304,1.9057096186703149,-49.06581084110337
2026-04-15T15:23:49.670,4.003025531949135,4.004533529551836,4.004014253855601,4.0030491353898725,0.07473513271173034,1.890957468209109,2.8334559698972583,2.5089086597507304,1.9057096186703149,-49.06581084110337
2026-04-15T15:23:49.781,4.002994060694817,4.004578113828785,4.004192590963399,4.003070116226084,0.0739036358987484,1.8712879342608346,2.861321142990647,2.6203693521242855,1.9188226413024978,-49.07620455126565
2026-04-15T15:23:49.890,4.002994060694817,4.004578113828785,4.004192590963399,4.003070116226084,0.0739036358987484,1.8712879342608346,2.861321142990647,2.6203693521242855,1.9188226413024978,-49.07620455126565
2026-04-15T15:23:49.999,4.002994060694817,4.004578113828785,4.004192590963399,4.003070116226084,0.0739036358987484,1.8712879342608346,2.861321142990647,2.6203693521242855,1.9188226413024978,-49.07620455126565
2026-04-15T15:23:50.109,4.002938985999762,4.004452228811516,4.004182100545293,4.002873420886601,0.07228545347827456,1.8368662498513544,2.7826430071975494,2.613812840808194,1.7958880541257827,-49.09643183152157
2026-04-15T15:23:50.218,4.002938985999762,4.004452228811516,4.004182100545293,4.002873420886601,0.07228545347827456,1.8368662498513544,2.7826430071975494,2.613812840808194,1.7958880541257827,-49.09643183152157
2026-04-15T15:23:50.332,4.002938985999762,4.004452228811516,4.004182100545293,4.002873420886601,0.07228545347827456,1.8368662498513544,2.7826430071975494,2.613812840808194,1.7958880541257827,-49.09643183152157
2026-04-15T15:23:50.436,4.0031330587347185,4.00444173839341,4.004014253855601,4.003311395842516,0.07241988709474469,1.9581617091990466,2.776086495881458,2.5089086597507304,2.0696224015726017,-49.09475141131569
2026-04-15T15:23:50.548,4.0031330587347185,4.00444173839341,4.004014253855601,4.003311395842516,0.07241988709474469,1.9581617091990466,2.776086495881458,2.5089086597507304,2.0696224015726017,-49.09475141131569
2026-04-15T15:23:50.658,4.0031330587347185,4.00444173839341,4.004014253855601,4.003311395842516,0.07241988709474469,1.9581617091990466,2.776086495881458,2.5089086597507304,2.0696224015726017,-49.09475141131569
2026-04-15T15:23:50.768,4.003064871017031,4.004520416529203,4.004195213567925,4.003413677419047,0.073609873551647,1.915544385644452,2.825260330752144,2.6220084799533083,2.1335483869044936,-49.07987658060441
2026-04-15T15:23:50.879,4.003064871017031,4.004520416529203,4.004195213567925,4.003413677419047,0.073609873551647,1.915544385644452,2.825260330752144,2.6220084799533083,2.1335483869044936,-49.07987658060441
2026-04-15T15:23:50.990,4.003064871017031,4.004520416529203,4.004195213567925,4.003413677419047,0.073609873551647,1.915544385644452,2.825260330752144,2.6220084799533083,2.1335483869044936,-49.07987658060441
2026-04-15T15:23:51.094,4.002944231208815,4.004205703986031,4.004407644534567,4.002918005163551,0.07515337062963744,1.8401445055094001,2.6285649912694,2.7547778341041607,1.8237532272191714,-49.06058286712953
2026-04-15T15:23:51.204,4.002944231208815,4.004205703986031,4.004407644534567,4.002918005163551,0.07515337062963744,1.8401445055094001,2.6285649912694,2.7547778341041607,1.8237532272191714,-49.06058286712953
2026-04-15T15:23:51.315,4.002944231208815,4.004205703986031,4.004407644534567,4.002918005163551,0.07515337062963744,1.8401445055094001,2.6285649912694,2.7547778341041607,1.8237532272191714,-49.06058286712953
2026-04-15T15:23:51.426,4.003138303943771,4.004203081381505,4.00436830546667,4.003177643011668,0.07353020918633137,1.9614399648570924,2.626925863440377,2.7301909166688176,1.9860268822924354,-49.080872385170856
2026-04-15T15:23:51.529,4.003138303943771,4.004203081381505,4.00436830546667,4.003177643011668,0.07353020918633137,1.9614399648570924,2.626925863440377,2.7301909166688176,1.9860268822924354,-49.080872385170856
2026-04-15T15:23:51.640,4.003138303943771,4.004203081381505,4.00436830546667,4.003177643011668,0.07353020918633137,1.9614399648570924,2.626925863440377,2.7301909166688176,1.9860268822924354,-49.080872385170856
2026-04-15T15:23:51.751,4.003256321147461,4.004483700065833,4.004315853376141,4.002907514745445,0.07545709102240328,2.0352007171631215,2.802312541145824,2.6974083600883603,1.81719671590308,-49.05678636221996
2026-04-15T15:23:51.862,4.003256321147461,4.004483700065833,4.004315853376141,4.002907514745445,0.07545709102240328,2.0352007171631215,2.802312541145824,2.6974083600883603,1.81719671590308,-49.05678636221996
2026-04-15T15:23:51.973,4.003256321147461,4.004483700065833,4.004315853376141,4.002907514745445,0.07545709102240328,2.0352007171631215,2.802312541145824,2.6974083600883603,1.81719671590308,-49.05678636221996
2026-04-15T15:23:52.084,4.003057003203452,4.004884958558378,4.004242420449401,4.002834081818705,0.07156847419043384,1.9106270021573835,3.0530990989863227,2.65151278087572,1.7713011366904396,-49.10539407261958
2026-04-15T15:23:52.187,4.003057003203452,4.004884958558378,4.004242420449401,4.002834081818705,0.07156847419043384,1.9106270021573835,3.0530990989863227,2.65151278087572,1.7713011366904396,-49.10539407261958
2026-04-15T15:23:52.302,4.003057003203452,4.004884958558378,4.004242420449401,4.002834081818705,0.07156847419043384,1.9106270021573835,3.0530990989863227,2.65151278087572,1.7713011366904396,-49.10539407261958
2026-04-15T15:23:52.411,4.003033399762714,4.004134893663817,4.004195213567925,4.002794742750808,0.07396836319556735,1.8958748516961776,2.5843085398857824,2.6220084799533083,1.7467142192550966,-49.07539546005541
2026-04-15T15:23:52.520,4.003033399762714,4.004134893663817,4.004195213567925,4.002794742750808,0.07396836319556735,1.8958748516961776,2.5843085398857824,2.6220084799533083,1.7467142192550966,-49.07539546005541
2026-04-15T15:23:52.629,4.003033399762714,4.004134893663817,4.004195213567925,4.002794742750808,0.07396836319556735,1.8958748516961776,2.5843085398857824,2.6220084799533083,1.7467142192550966,-49.07539546005541
2026-04-15T15:23:52.738,4.003022909344608,4.004276514308245,4.004297495144456,4.002991438090291,0.07395342612707068,1.8893183403800862,2.6728214426530172,2.6859344652852,1.8696488064318117,-49.07558217341161
2026-04-15T15:23:52.844,4.003022909344608,4.004276514308245,4.004297495144456,4.002991438090291,0.07395342612707068,1.8893183403800862,2.6728214426530172,2.6859344652852,1.8696488064318117,-49.07558217341161
2026-04-15T15:23:52.954,4.003022909344608,4.004276514308245,4.004297495144456,4.002991438090291,0.07395342612707068,1.8893183403800862,2.6728214426530172,2.6859344652852,1.8696488064318117,-49.07558217341161
2026-04-15T15:23:53.065,4.002991438090291,4.00452303913373,4.004281759517299,4.002891779118286,0.07491437753369053,1.8696488064318117,2.826899458581167,2.676099698311618,1.8073619489289428,-49.06357028082887
2026-04-15T15:23:53.177,4.002991438090291,4.00452303913373,4.004281759517299,4.002891779118286,0.07491437753369053,1.8696488064318117,2.826899458581167,2.676099698311618,1.8073619489289428,-49.06357028082887
2026-04-15T15:23:53.285,4.002991438090291,4.00452303913373,4.004281759517299,4.002891779118286,0.07491437753369053,1.8696488064318117,2.826899458581167,2.676099698311618,1.8073619489289428,-49.06357028082887
2026-04-15T15:23:53.393,4.00311732310756,4.004381418489302,4.0042502882629805,4.003098964875875,0.07546207004523552,1.9483269422249094,2.738386555813932,2.6564301643627886,1.9368530474217494,-49.05672412443456
2026-04-15T15:23:53.502,4.00311732310756,4.004381418489302,4.0042502882629805,4.003098964875875,0.07546207004523552,1.9483269422249094,2.738386555813932,2.6564301643627886,1.9368530474217494,-49.05672412443456
2026-04-15T15:23:53.612,4.00311732310756,4.004381418489302,4.0042502882629805,4.003098964875875,0.07546207004523552,1.9483269422249094,2.738386555813932,2.6564301643627886,1.9368530474217494,-49.05672412443456
2026-04-15T15:23:53.721,4.003017664135555,4.004415512348147,4.0042922499354034,4.003327131469675,0.07607946887643169,1.8860400847220404,2.7596952175917844,2.6826562096271545,2.079457168546739,-49.0490066390446
2026-04-15T15:23:53.827,4.003017664135555,4.004415512348147,4.0042922499354034,4.003327131469675,0.07607946887643169,1.8860400847220404,2.7596952175917844,2.6826562096271545,2.079457168546739,-49.0490066390446
2026-04-15T15:23:53.937,4.003017664135555,4.004415512348147,4.0042922499354034,4.003327131469675,0.07607946887643169,1.8860400847220404,2.7596952175917844,2.6826562096271545,2.079457168546739,-49.0490066390446
2026-04-15T15:23:54.048,4.002797365355335,4.004276514308245,4.004085064177815,4.002980947672185,0.07619896542440514,1.7483533470841195,2.6728214426530172,2.553165111134348,1.8630922951157203,-49.047512932194934
2026-04-15T15:23:54.157,4.002797365355335,4.004276514308245,4.004085064177815,4.002980947672185,0.07619896542440514,1.7483533470841195,2.6728214426530172,2.553165111134348,1.8630922951157203,-49.047512932194934
2026-04-15T15:23:54.266,4.002797365355335,4.004276514308245,4.004085064177815,4.002980947672185,0.07619896542440514,1.7483533470841195,2.6728214426530172,2.553165111134348,1.8630922951157203,-49.047512932194934
2026-04-15T15:23:54.374,4.003098964875875,4.004357815048564,4.004465341834148,4.003290415006305,0.07656243409115773,1.9368530474217494,2.723634405352726,2.7908386463426638,2.0565093789404187,-49.04296957386053
2026-04-15T15:23:54.484,4.003098964875875,4.004357815048564,4.004465341834148,4.003290415006305,0.07656243409115773,1.9368530474217494,2.723634405352726,2.7908386463426638,2.0565093789404187,-49.04296957386053
2026-04-15T15:23:54.595,4.003098964875875,4.004357815048564,4.004465341834148,4.003290415006305,0.07656243409115773,1.9368530474217494,2.723634405352726,2.7908386463426638,2.0565093789404187,-49.04296957386053
2026-04-15T15:23:54.707,4.002928495581656,4.004242420449401,4.004252910867507,4.003266811565567,0.07196181699417979,1.830309738535263,2.65151278087572,2.6580692921918114,2.041757228479213,-49.10047728757275
2026-04-15T15:23:54.815,4.002928495581656,4.004242420449401,4.004252910867507,4.003266811565567,0.07196181699417979,1.830309738535263,2.65151278087572,2.6580692921918114,2.041757228479213,-49.10047728757275
2026-04-15T15:23:54.920,4.002928495581656,4.004242420449401,4.004252910867507,4.003266811565567,0.07196181699417979,1.830309738535263,2.65151278087572,2.6580692921918114,2.041757228479213,-49.10047728757275
2026-04-15T15:23:55.035,4.003012418926502,4.004239797844875,4.0044784548567804,4.00327205677462,0.07115023627252676,1.8827618290639947,2.649873653046697,2.799034285487778,2.0450354841372587,-49.11062204659341
2026-04-15T15:23:55.142,4.003012418926502,4.004239797844875,4.0044784548567804,4.00327205677462,0.07115023627252676,1.8827618290639947,2.649873653046697,2.799034285487778,2.0450354841372587,-49.11062204659341
2026-04-15T15:23:55.253,4.003012418926502,4.004239797844875,4.0044784548567804,4.00327205677462,0.07115023627252676,1.8827618290639947,2.649873653046697,2.799034285487778,2.0450354841372587,-49.11062204659341
2026-04-15T15:23:55.364,4.002716064615016,4.004696131032475,4.004218817008663,4.002891779118286,0.07531767838310092,1.6975403843849657,2.935081895296676,2.636760630414514,1.8073619489289428,-49.05852902021124
2026-04-15T15:23:55.472,4.002716064615016,4.004696131032475,4.004218817008663,4.002891779118286,0.07531767838310092,1.6975403843849657,2.935081895296676,2.636760630414514,1.8073619489289428,-49.05852902021124
2026-04-15T15:23:55.583,4.002716064615016,4.004696131032475,4.004218817008663,4.002891779118286,0.07531767838310092,1.6975403843849657,2.935081895296676,2.636760630414514,1.8073619489289428,-49.05852902021124
2026-04-15T15:23:55.689,4.002949476417868,4.0044364931843575,4.004654169360052,4.002747535869332,0.07552181831922225,1.8434227611674459,2.772808240223412,2.9088558500323103,1.717209918332685,-49.05597727100972
2026-04-15T15:23:55.801,4.002949476417868,4.0044364931843575,4.004654169360052,4.002747535869332,0.07552181831922225,1.8434227611674459,2.772808240223412,2.9088558500323103,1.717209918332685,-49.05597727100972
2026-04-15T15:23:55.911,4.002949476417868,4.0044364931843575,4.004654169360052,4.002747535869332,0.07552181831922225,1.8434227611674459,2.772808240223412,2.9088558500323103,1.717209918332685,-49.05597727100972
2026-04-15T15:23:56.014,4.002897024327339,4.00490593939459,4.00467777280079,4.003293037610831,0.07669686770762786,1.8106402045869885,3.0662121216185056,2.923608000493516,2.0581485067694416,-49.04128915365465
2026-04-15T15:23:56.125,4.002897024327339,4.00490593939459,4.00467777280079,4.003293037610831,0.07669686770762786,1.8106402045869885,3.0662121216185056,2.923608000493516,2.0581485067694416,-49.04128915365465
2026-04-15T15:23:56.239,4.002897024327339,4.00490593939459,4.00467777280079,4.003293037610831,0.07669686770762786,1.8106402045869885,3.0662121216185056,2.923608000493516,2.0581485067694416,-49.04128915365465
2026-04-15T15:23:56.348,4.003114700503033,4.004499435692992,4.004439115788884,4.003342867096833,0.07456086691260239,1.9466878143958866,2.812147308119961,2.774447368052435,2.089291935520876,-49.067989163592465
2026-04-15T15:23:56.458,4.003114700503033,4.004499435692992,4.004439115788884,4.003342867096833,0.07456086691260239,1.9466878143958866,2.812147308119961,2.774447368052435,2.089291935520876,-49.067989163592465
2026-04-15T15:23:56.567,4.003114700503033,4.004499435692992,4.004439115788884,4.003342867096833,0.07456086691260239,1.9466878143958866,2.812147308119961,2.774447368052435,2.089291935520876,-49.067989163592465
2026-04-15T15:23:56.672,4.0031907560343,4.004284382121824,4.004420757557199,4.003143549152824,0.0743965591591389,1.9942225214375497,2.677738826140086,2.762973473249275,1.9647182205151381,-49.070043010510766
2026-04-15T15:23:56.783,4.0031907560343,4.004284382121824,4.004420757557199,4.003143549152824,0.0743965591591389,1.9942225214375497,2.677738826140086,2.762973473249275,1.9647182205151381,-49.070043010510766
2026-04-15T15:23:56.893,4.0031907560343,4.004284382121824,4.004420757557199,4.003143549152824,0.0743965591591389,1.9942225214375497,2.677738826140086,2.762973473249275,1.9647182205151381,-49.070043010510766
2026-04-15T15:23:57.005,4.003012418926502,4.004515171320151,4.00421357179961,4.003366470537571,0.07226055836411342,1.8827618290639947,2.8219820750940983,2.6334823747564684,2.104044085982082,-49.09674302044858
2026-04-15T15:23:57.108,4.003012418926502,4.004515171320151,4.00421357179961,4.003366470537571,0.07226055836411342,1.8827618290639947,2.8219820750940983,2.6334823747564684,2.104044085982082,-49.09674302044858
2026-04-15T15:23:57.218,4.003012418926502,4.004515171320151,4.00421357179961,4.003366470537571,0.07226055836411342,1.8827618290639947,2.8219820750940983,2.6334823747564684,2.104044085982082,-49.09674302044858
2026-04-15T15:23:57.339,4.003038644971767,4.004347324630459,4.004179477940767,4.002907514745445,0.07597490939695492,1.8991531073542234,2.7170778940366347,2.612173712979171,1.81719671590308,-49.050313632538064
2026-04-15T15:23:57.448,4.003038644971767,4.004347324630459,4.004179477940767,4.002907514745445,0.07597490939695492,1.8991531073542234,2.7170778940366347,2.612173712979171,1.81719671590308,-49.050313632538064
2026-04-15T15:23:57.559,4.003038644971767,4.004347324630459,4.004179477940767,4.002907514745445,0.07597490939695492,1.8991531073542234,2.7170778940366347,2.612173712979171,1.81719671590308,-49.050313632538064
2026-04-15T15:23:57.669,4.002705574196909,4.004315853376141,4.004373550675723,4.003088474457769,0.07208629256498547,1.690983873068319,2.6974083600883603,2.7334691723268634,1.9302965361056579,-49.09892134293768
2026-04-15T15:23:57.782,4.002705574196909,4.004315853376141,4.004373550675723,4.003088474457769,0.07208629256498547,1.690983873068319,2.6974083600883603,2.7334691723268634,1.9302965361056579,-49.09892134293768
2026-04-15T15:23:57.892,4.002705574196909,4.004315853376141,4.004373550675723,4.003088474457769,0.07208629256498547,1.690983873068319,2.6974083600883603,2.7334691723268634,1.9302965361056579,-49.09892134293768
2026-04-15T15:23:58.001,4.002933740790709,4.004386663698355,4.004601717269523,4.003232717706723,0.0730970341999276,1.8335879941933086,2.7416648114719777,2.876073293451853,2.0204485667019156,-49.08628707250091
2026-04-15T15:23:58.112,4.002933740790709,4.004386663698355,4.004601717269523,4.003232717706723,0.0730970341999276,1.8335879941933086,2.7416648114719777,2.876073293451853,2.0204485667019156,-49.08628707250091
2026-04-15T15:23:58.222,4.002933740790709,4.004386663698355,4.004601717269523,4.003232717706723,0.0730970341999276,1.8335879941933086,2.7416648114719777,2.876073293451853,2.0204485667019156,-49.08628707250091
2026-04-15T15:23:58.330,4.00308060664419,4.004509926111098,4.004475832252255,4.003261566356514,0.07475504880305925,1.9253791526185893,2.8187038194360525,2.7973951576593103,2.038478972821167,-49.065561889961764
2026-04-15T15:23:58.440,4.00308060664419,4.004509926111098,4.004475832252255,4.003261566356514,0.07475504880305925,1.9253791526185893,2.8187038194360525,2.7973951576593103,2.038478972821167,-49.065561889961764
2026-04-15T15:23:58.546,4.00308060664419,4.004509926111098,4.004475832252255,4.003261566356514,0.07475504880305925,1.9253791526185893,2.8187038194360525,2.7973951576593103,2.038478972821167,-49.065561889961764
2026-04-15T15:23:58.659,4.003311395842516,4.004530906947309,4.004567623410679,4.00330877323799,0.07096601242773434,2.0696224015726017,2.8318168420682355,2.8547646316745556,2.067983273743579,-49.11292484465332
2026-04-15T15:23:58.769,4.003311395842516,4.004530906947309,4.004567623410679,4.00330877323799,0.07096601242773434,2.0696224015726017,2.8318168420682355,2.8547646316745556,2.067983273743579,-49.11292484465332
2026-04-15T15:23:58.875,4.003311395842516,4.004530906947309,4.004567623410679,4.00330877323799,0.07096601242773434,2.0696224015726017,2.8318168420682355,2.8547646316745556,2.067983273743579,-49.11292484465332
2026-04-15T15:23:58.986,4.002868175677548,4.004570246015206,4.0045807364333115,4.003164529989037,0.07204148135949544,1.792609798467737,2.8564037595035785,2.86296027081967,1.9778312431478762,-49.09948148300631
2026-04-15T15:23:59.096,4.002868175677548,4.004570246015206,4.0045807364333115,4.003164529989037,0.07204148135949544,1.792609798467737,2.8564037595035785,2.86296027081967,1.9778312431478762,-49.09948148300631
2026-04-15T15:23:59.205,4.002868175677548,4.004570246015206,4.0045807364333115,4.003164529989037,0.07204148135949544,1.792609798467737,2.8564037595035785,2.86296027081967,1.9778312431478762,-49.09948148300631
2026-04-15T15:23:59.314,4.002983570276712,4.004612207687629,4.004698753637001,4.003366470537571,0.07198671210834093,1.8647314229447431,2.8826298047679444,2.936721023125699,2.104044085982082,-49.10016609864574
2026-04-15T15:23:59.424,4.002983570276712,4.004612207687629,4.004698753637001,4.003366470537571,0.07198671210834093,1.8647314229447431,2.8826298047679444,2.936721023125699,2.104044085982082,-49.10016609864574
2026-04-15T15:23:59.533,4.002983570276712,4.004612207687629,4.004698753637001,4.003366470537571,0.07198671210834093,1.8647314229447431,2.8826298047679444,2.936721023125699,2.104044085982082,-49.10016609864574
2026-04-15T15:23:59.642,4.0032169820795644,4.004544019969941,4.004502058297518,4.003293037610831,0.07227051640977789,2.0106137997277784,2.84001248121335,2.813786435948984,2.0581485067694416,-49.09661854487778
2026-04-15T15:23:59.750,4.0032169820795644,4.004544019969941,4.004502058297518,4.003293037610831,0.07227051640977789,2.0106137997277784,2.84001248121335,2.813786435948984,2.0581485067694416,-49.09661854487778
2026-04-15T15:23:59.863,4.0032169820795644,4.004544019969941,4.004502058297518,4.003293037610831,0.07227051640977789,2.0106137997277784,2.84001248121335,2.813786435948984,2.0581485067694416,-49.09661854487778
2026-04-15T15:23:59.972,4.003059625807978,4.004439115788884,4.004326343794247,4.002959966835974,0.07395342612707068,1.9122661299864063,2.774447368052435,2.7039648714044517,1.8499792724835373,-49.07558217341161
2026-04-15T15:24:00.081,4.003059625807978,4.004439115788884,4.004326343794247,4.002959966835974,0.07395342612707068,1.9122661299864063,2.774447368052435,2.7039648714044517,1.8499792724835373,-49.07558217341161
2026-04-15T15:24:00.203,4.003059625807978,4.004439115788884,4.004326343794247,4.002959966835974,0.07395342612707068,1.9122661299864063,2.774447368052435,2.7039648714044517,1.8499792724835373,-49.07558217341161
2026-04-15T15:24:00.298,4.003012418926502,4.004544019969941,4.004452228811516,4.003041267576293,0.07334598534153895,1.8827618290639947,2.84001248121335,2.7826430071975494,1.9007922351832462,-49.083175183230765
2026-04-15T15:24:00.408,4.003012418926502,4.004544019969941,4.004452228811516,4.003041267576293,0.07334598534153895,1.8827618290639947,2.84001248121335,2.7826430071975494,1.9007922351832462,-49.083175183230765
2026-04-15T15:24:00.518,4.003012418926502,4.004544019969941,4.004452228811516,4.003041267576293,0.07334598534153895,1.8827618290639947,2.84001248121335,2.7826430071975494,1.9007922351832462,-49.083175183230765
2026-04-15T15:24:00.627,4.002996683299344,4.004263401285613,4.0044364931843575,4.002716064615016,0.07440153818197112,1.8729270620898575,2.664625803507903,2.772808240223412,1.6975403843849657,-49.069980772725366
2026-04-15T15:24:00.733,4.002996683299344,4.004263401285613,4.0044364931843575,4.002716064615016,0.07440153818197112,1.8729270620898575,2.664625803507903,2.772808240223412,1.6975403843849657,-49.069980772725366
2026-04-15T15:24:00.847,4.002996683299344,4.004263401285613,4.0044364931843575,4.002716064615016,0.07440153818197112,1.8729270620898575,2.664625803507903,2.772808240223412,1.6975403843849657,-49.069980772725366
2026-04-15T15:24:00.954,4.003017664135555,4.0042686464946655,4.004129648454764,4.003243208124829,0.0747102375975692,1.8860400847220404,2.6679040591659486,2.5810302842277366,2.027005078018007,-49.066122030030385
2026-04-15T15:24:01.065,4.003017664135555,4.0042686464946655,4.004129648454764,4.003243208124829,0.0747102375975692,1.8860400847220404,2.6679040591659486,2.5810302842277366,2.027005078018007,-49.066122030030385
2026-04-15T15:24:01.176,4.003017664135555,4.0042686464946655,4.004129648454764,4.003243208124829,0.0747102375975692,1.8860400847220404,2.6679040591659486,2.5810302842277366,2.027005078018007,-49.066122030030385
2026-04-15T15:24:01.284,4.003156662175456,4.004197836172452,4.004397154116461,4.0027790071236495,0.07450609766144789,1.9729138596602525,2.623647607782331,2.748221322788069,1.7368794522809594,-49.0686737792319
2026-04-15T15:24:01.392,4.003156662175456,4.004197836172452,4.004397154116461,4.0027790071236495,0.07450609766144789,1.9729138596602525,2.623647607782331,2.748221322788069,1.7368794522809594,-49.0686737792319
2026-04-15T15:24:01.501,4.003156662175456,4.004197836172452,4.004397154116461,4.0027790071236495,0.07450609766144789,1.9729138596602525,2.623647607782331,2.748221322788069,1.7368794522809594,-49.0686737792319
2026-04-15T15:24:01.611,4.003182888220721,4.004263401285613,4.004323721189721,4.002726555033121,0.07544713297673883,1.9893051379504811,2.664625803507903,2.702325743575429,1.704096895700502,-49.05691083779076
2026-04-15T15:24:01.720,4.003182888220721,4.004263401285613,4.004323721189721,4.002726555033121,0.07544713297673883,1.9893051379504811,2.664625803507903,2.702325743575429,1.704096895700502,-49.05691083779076
2026-04-15T15:24:01.830,4.003182888220721,4.004263401285613,4.004323721189721,4.002726555033121,0.07544713297673883,1.9893051379504811,2.664625803507903,2.702325743575429,1.704096895700502,-49.05691083779076
2026-04-15T15:24:01.939,4.0031514169664035,4.004462719229622,4.004551887783521,4.003245830729355,0.07393848905857399,1.9696356040022067,2.789199518513641,2.8449298647004184,2.02864420584703,-49.075768886767825
2026-04-15T15:24:02.048,4.0031514169664035,4.004462719229622,4.004551887783521,4.003245830729355,0.07393848905857399,1.9696356040022067,2.789199518513641,2.8449298647004184,2.02864420584703,-49.075768886767825
2026-04-15T15:24:02.157,4.0031514169664035,4.004462719229622,4.004551887783521,4.003245830729355,0.07393848905857399,1.9696356040022067,2.789199518513641,2.8449298647004184,2.02864420584703,-49.075768886767825
2026-04-15T15:24:02.267,4.003077984039663,4.004460096625095,4.004344702025932,4.0027606488919645,0.07687611252958804,1.9237400247895664,2.787560390684618,2.715438766207612,1.7254055574777993,-49.03904859338015
2026-04-15T15:24:02.376,4.003077984039663,4.004460096625095,4.004344702025932,4.0027606488919645,0.07687611252958804,1.9237400247895664,2.787560390684618,2.715438766207612,1.7254055574777993,-49.03904859338015
2026-04-15T15:24:02.488,4.003077984039663,4.004460096625095,4.004344702025932,4.0027606488919645,0.07687611252958804,1.9237400247895664,2.787560390684618,2.715438766207612,1.7254055574777993,-49.03904859338015
2026-04-15T15:24:02.597,4.003130436130192,4.004470587043201,4.004378795884776,4.002739668055753,0.07559152463887343,1.9565225813700238,2.7941169020007095,2.736747427984909,1.7122925348456164,-49.05510594201408
2026-04-15T15:24:02.706,4.003130436130192,4.004470587043201,4.004378795884776,4.002739668055753,0.07559152463887343,1.9565225813700238,2.7941169020007095,2.736747427984909,1.7122925348456164,-49.05510594201408
2026-04-15T15:24:02.817,4.003130436130192,4.004470587043201,4.004378795884776,4.002739668055753,0.07559152463887343,1.9565225813700238,2.7941169020007095,2.736747427984909,1.7122925348456164,-49.05510594201408
2026-04-15T15:24:02.925,4.003088474457769,4.004386663698355,4.004373550675723,4.003468752114102,0.07418246117735314,1.9302965361056579,2.7416648114719777,2.7334691723268634,2.167970071313974,-49.07271923528309
2026-04-15T15:24:03.036,4.003088474457769,4.004386663698355,4.004373550675723,4.003468752114102,0.07418246117735314,1.9302965361056579,2.7416648114719777,2.7334691723268634,2.167970071313974,-49.07271923528309
2026-04-15T15:24:03.146,4.003088474457769,4.004386663698355,4.004373550675723,4.003468752114102,0.07418246117735314,1.9302965361056579,2.7416648114719777,2.7334691723268634,2.167970071313974,-49.07271923528309
2026-04-15T15:24:03.254,4.003046512785346,4.004315853376141,4.00471448926416,4.00350022336842,0.07565127291286015,1.904070490841292,2.6974083600883603,2.9465557900998363,2.187639605262248,-49.05435908858925
2026-04-15T15:24:03.363,4.003046512785346,4.004315853376141,4.00471448926416,4.00350022336842,0.07565127291286015,1.904070490841292,2.6974083600883603,2.9465557900998363,2.187639605262248,-49.05435908858925
2026-04-15T15:24:03.474,4.003046512785346,4.004315853376141,4.00471448926416,4.00350022336842,0.07565127291286015,1.904070490841292,2.6974083600883603,2.9465557900998363,2.187639605262248,-49.05435908858925
2026-04-15T15:24:03.582,4.003248453333882,4.004318475980668,4.004467964438675,4.002674102942592,0.07568114704985351,2.030283333676053,2.699047487917383,2.7924777741716866,1.6713143391200447,-49.05398566187683
2026-04-15T15:24:03.690,4.003248453333882,4.004318475980668,4.004467964438675,4.002674102942592,0.07568114704985351,2.030283333676053,2.699047487917383,2.7924777741716866,1.6713143391200447,-49.05398566187683
2026-04-15T15:24:03.800,4.003248453333882,4.004318475980668,4.004467964438675,4.002674102942592,0.07568114704985351,2.030283333676053,2.699047487917383,2.7924777741716866,1.6713143391200447,-49.05398566187683
2026-04-15T15:24:03.908,4.002918005163551,4.004551887783521,4.00448632267036,4.003177643011668,0.07908679866709693,1.8237532272191714,2.8449298647004184,2.8039516689748467,1.9860268822924354,-49.01141501666129
2026-04-15T15:24:04.018,4.002918005163551,4.004551887783521,4.00448632267036,4.003177643011668,0.07908679866709693,1.8237532272191714,2.8449298647004184,2.8039516689748467,1.9860268822924354,-49.01141501666129
2026-04-15T15:24:04.128,4.002918005163551,4.004551887783521,4.00448632267036,4.003177643011668,0.07908679866709693,1.8237532272191714,2.8449298647004184,2.8039516689748467,1.9860268822924354,-49.01141501666129
2026-04-15T15:24:04.237,4.0029625894405,4.004848242095008,4.0044128897436195,4.003180265616194,0.07873826706884102,1.8516184003125602,3.0301513093800025,2.7580560897622064,1.9876660101214583,-49.015771661639484
2026-04-15T15:24:04.347,4.0029625894405,4.004848242095008,4.0044128897436195,4.003180265616194,0.07873826706884102,1.8516184003125602,3.0301513093800025,2.7580560897622064,1.9876660101214583,-49.015771661639484
2026-04-15T15:24:04.456,4.0029625894405,4.004848242095008,4.0044128897436195,4.003180265616194,0.07873826706884102,1.8516184003125602,3.0301513093800025,2.7580560897622064,1.9876660101214583,-49.015771661639484
2026-04-15T15:24:04.566,4.002959966835974,4.0048036578180595,4.004806280422585,4.003085851853243,0.0744712445016223,1.8499792724835373,3.002286136287169,3.0039252641156367,1.928657408276635,-49.06910944372972
2026-04-15T15:24:04.677,4.002959966835974,4.0048036578180595,4.004806280422585,4.003085851853243,0.0744712445016223,1.8499792724835373,3.002286136287169,3.0039252641156367,1.928657408276635,-49.06910944372972
2026-04-15T15:24:04.785,4.002959966835974,4.0048036578180595,4.004806280422585,4.003085851853243,0.0744712445016223,1.8499792724835373,3.002286136287169,3.0039252641156367,1.928657408276635,-49.06910944372972
2026-04-15T15:24:04.892,4.0030307771581874,4.004512548715624,4.004446983602463,4.003135681339245,0.07540730079408102,1.8942357238671548,2.8203429472650754,2.7793647515395037,1.9598008370280695,-49.05740874007399
2026-04-15T15:24:05.002,4.0030307771581874,4.004512548715624,4.004446983602463,4.003135681339245,0.07540730079408102,1.8942357238671548,2.8203429472650754,2.7793647515395037,1.9598008370280695,-49.05740874007399
2026-04-15T15:24:05.112,4.0030307771581874,4.004512548715624,4.004446983602463,4.003135681339245,0.07540730079408102,1.8942357238671548,2.8203429472650754,2.7793647515395037,1.9598008370280695,-49.05740874007399
2026-04-15T15:24:05.221,4.003293037610831,4.00444173839341,4.0044128897436195,4.0033192636560955,0.07469032150624029,2.0581485067694416,2.776086495881458,2.7580560897622064,2.0745397850596703,-49.066370981172
2026-04-15T15:24:05.330,4.003293037610831,4.00444173839341,4.0044128897436195,4.0033192636560955,0.07469032150624029,2.0581485067694416,2.776086495881458,2.7580560897622064,2.0745397850596703,-49.066370981172
2026-04-15T15:24:05.439,4.003293037610831,4.00444173839341,4.0044128897436195,4.0033192636560955,0.07469032150624029,2.0581485067694416,2.776086495881458,2.7580560897622064,2.0745397850596703,-49.066370981172
2026-04-15T15:24:05.548,4.003138303943771,4.0042922499354034,4.004444360997937,4.002986192881238,0.0733011741360489,1.9614399648570924,2.6826562096271545,2.777725623710481,1.866370550773766,-49.083735323299386
2026-04-15T15:24:05.656,4.003138303943771,4.0042922499354034,4.004444360997937,4.002986192881238,0.0733011741360489,1.9614399648570924,2.6826562096271545,2.777725623710481,1.866370550773766,-49.083735323299386
2026-04-15T15:24:05.765,4.003138303943771,4.0042922499354034,4.004444360997937,4.002986192881238,0.0733011741360489,1.9614399648570924,2.6826562096271545,2.777725623710481,1.866370550773766,-49.083735323299386
2026-04-15T15:24:05.874,4.0030071737174495,4.004488945274886,4.004502058297518,4.003098964875875,0.07574587434667247,1.879483573405949,2.8055907968038696,2.813786435948984,1.9368530474217494,-49.053176570666594
2026-04-15T15:24:05.984,4.0030071737174495,4.004488945274886,4.004502058297518,4.003098964875875,0.07574587434667247,1.879483573405949,2.8055907968038696,2.813786435948984,1.9368530474217494,-49.053176570666594
2026-04-15T15:24:06.092,4.0030071737174495,4.004488945274886,4.004502058297518,4.003098964875875,0.07574587434667247,1.879483573405949,2.8055907968038696,2.813786435948984,1.9368530474217494,-49.053176570666594
2026-04-15T15:24:06.210,4.003214359475038,4.004229307426769,4.004509926111098,4.002967834649553,0.074157566063192,2.0089746718987556,2.6433171417306056,2.8187038194360525,1.854896655970606,-49.0730304242101
2026-04-15T15:24:06.321,4.003214359475038,4.004229307426769,4.004509926111098,4.002967834649553,0.074157566063192,2.0089746718987556,2.6433171417306056,2.8187038194360525,1.854896655970606,-49.0730304242101
2026-04-15T15:24:06.434,4.003214359475038,4.004229307426769,4.004509926111098,4.002967834649553,0.074157566063192,2.0089746718987556,2.6433171417306056,2.8187038194360525,1.854896655970606,-49.0730304242101
2026-04-15T15:24:06.542,4.002996683299344,4.004698753637001,4.004302740353509,4.003348112305886,0.07371941205395599,1.8729270620898575,2.936721023125699,2.689212720943246,2.092570191178922,-49.07850734932555
2026-04-15T15:24:06.651,4.002996683299344,4.004698753637001,4.004302740353509,4.003348112305886,0.07371941205395599,1.8729270620898575,2.936721023125699,2.689212720943246,2.092570191178922,-49.07850734932555
2026-04-15T15:24:06.761,4.002996683299344,4.004698753637001,4.004302740353509,4.003348112305886,0.07371941205395599,1.8729270620898575,2.936721023125699,2.689212720943246,2.092570191178922,-49.07850734932555
2026-04-15T15:24:06.870,4.0029652120450265,4.004759073541109,4.004680395405316,4.00345563909147,0.07442145427330003,1.853257528141583,2.974420963193225,2.925247128322539,2.1597744321688594,-49.06973182158375
2026-04-15T15:24:06.979,4.0029652120450265,4.004759073541109,4.004680395405316,4.00345563909147,0.07442145427330003,1.853257528141583,2.974420963193225,2.925247128322539,2.1597744321688594,-49.06973182158375
2026-04-15T15:24:07.087,4.0029652120450265,4.004759073541109,4.004680395405316,4.00345563909147,0.07442145427330003,1.853257528141583,2.974420963193225,2.925247128322539,2.1597744321688594,-49.06973182158375
2026-04-15T15:24:07.198,4.002983570276712,4.004475832252255,4.004512548715624,4.002915382559024,0.07595499330562601,1.8647314229447431,2.7973951576593103,2.8203429472650754,1.8221140993901486,-49.05056258367967
2026-04-15T15:24:07.307,4.002983570276712,4.004475832252255,4.004512548715624,4.002915382559024,0.07595499330562601,1.8647314229447431,2.7973951576593103,2.8203429472650754,1.8221140993901486,-49.05056258367967
2026-04-15T15:24:07.416,4.002983570276712,4.004475832252255,4.004512548715624,4.002915382559024,0.07595499330562601,1.8647314229447431,2.7973951576593103,2.8203429472650754,1.8221140993901486,-49.05056258367967
2026-04-15T15:24:07.525,4.003122568316613,4.004347324630459,4.004360437653091,4.003371715746625,0.0727684186930006,1.9516051978829552,2.7170778940366347,2.725273533181749,2.1073223416406828,-49.09039476633749
2026-04-15T15:24:07.633,4.003122568316613,4.004347324630459,4.004360437653091,4.003371715746625,0.0727684186930006,1.9516051978829552,2.7170778940366347,2.725273533181749,2.1073223416406828,-49.09039476633749
2026-04-15T15:24:07.742,4.003122568316613,4.004347324630459,4.004360437653091,4.003371715746625,0.0727684186930006,1.9516051978829552,2.7170778940366347,2.725273533181749,2.1073223416406828,-49.09039476633749
2026-04-15T15:24:07.853,4.002933740790709,4.004528284342783,4.0044784548567804,4.003143549152824,0.07404802756088298,1.8335879941933086,2.8301777142392126,2.799034285487778,1.9647182205151381,-49.07439965548897
2026-04-15T15:24:07.960,4.002933740790709,4.004528284342783,4.0044784548567804,4.003143549152824,0.07404802756088298,1.8335879941933086,2.8301777142392126,2.799034285487778,1.9647182205151381,-49.07439965548897
2026-04-15T15:24:08.070,4.002933740790709,4.004528284342783,4.0044784548567804,4.003143549152824,0.07404802756088298,1.8335879941933086,2.8301777142392126,2.799034285487778,1.9647182205151381,-49.07439965548897
2026-04-15T15:24:08.179,4.0029232503726035,4.004473209647728,4.0044968130884655,4.0032956602153575,0.07633837806370751,1.8270314828772172,2.7957560298297324,2.810508180290938,2.0597876345984645,-49.045770274203655
2026-04-15T15:24:08.288,4.0029232503726035,4.004473209647728,4.0044968130884655,4.0032956602153575,0.07633837806370751,1.8270314828772172,2.7957560298297324,2.810508180290938,2.0597876345984645,-49.045770274203655
2026-04-15T15:24:08.397,4.0029232503726035,4.004473209647728,4.0044968130884655,4.0032956602153575,0.07633837806370751,1.8270314828772172,2.7957560298297324,2.810508180290938,2.0597876345984645,-49.045770274203655
2026-04-15T15:24:08.506,4.0028629304684955,4.004483700065833,4.004473209647728,4.003062248412505,0.07529776229177201,1.7893315428096912,2.802312541145824,2.7957560298297324,1.9139052578154292,-49.05877797135285
2026-04-15T15:24:08.614,4.0028629304684955,4.004483700065833,4.004473209647728,4.003062248412505,0.07529776229177201,1.7893315428096912,2.802312541145824,2.7957560298297324,1.9139052578154292,-49.05877797135285
2026-04-15T15:24:08.725,4.0028629304684955,4.004483700065833,4.004473209647728,4.003062248412505,0.07529776229177201,1.7893315428096912,2.802312541145824,2.7957560298297324,1.9139052578154292,-49.05877797135285
2026-04-15T15:24:08.828,4.002994060694817,4.004326343794247,4.004279136912771,4.00330877323799,0.07249955146006033,1.8712879342608346,2.7039648714044517,2.67446057048204,2.067983273743579,-49.09375560674925
2026-04-15T15:24:08.938,4.002994060694817,4.004326343794247,4.004279136912771,4.00330877323799,0.07249955146006033,1.8712879342608346,2.7039648714044517,2.67446057048204,2.067983273743579,-49.09375560674925
2026-04-15T15:24:09.049,4.002994060694817,4.004326343794247,4.004279136912771,4.00330877323799,0.07249955146006033,1.8712879342608346,2.7039648714044517,2.67446057048204,2.067983273743579,-49.09375560674925
2026-04-15T15:24:09.160,4.002876043491128,4.0044968130884655,4.004218817008663,4.003077984039663,0.07272360748751056,1.7975271819548055,2.810508180290938,2.636760630414514,1.9237400247895664,-49.09095490640612
2026-04-15T15:24:09.272,4.002876043491128,4.0044968130884655,4.004218817008663,4.003077984039663,0.07272360748751056,1.7975271819548055,2.810508180290938,2.636760630414514,1.9237400247895664,-49.09095490640612
2026-04-15T15:24:09.382,4.002876043491128,4.0044968130884655,4.004218817008663,4.003077984039663,0.07272360748751056,1.7975271819548055,2.810508180290938,2.636760630414514,1.9237400247895664,-49.09095490640612
2026-04-15T15:24:09.489,4.003230095102197,4.004848242095008,4.00444960620699,4.003413677419047,0.07497910483050949,2.0188094388728928,3.0301513093800025,2.7810038793685266,2.1335483869044936,-49.062761189618634
2026-04-15T15:24:09.598,4.003230095102197,4.004848242095008,4.00444960620699,4.003413677419047,0.07497910483050949,2.0188094388728928,3.0301513093800025,2.7810038793685266,2.1335483869044936,-49.062761189618634
2026-04-15T15:24:09.706,4.003230095102197,4.004848242095008,4.00444960620699,4.003413677419047,0.07497910483050949,2.0188094388728928,3.0301513093800025,2.7810038793685266,2.1335483869044936,-49.062761189618634
2026-04-15T15:24:09.814,4.003232717706723,4.004481077461307,4.004452228811516,4.003586769317792,0.07344058677535127,2.0204485667019156,2.800673413316801,2.7826430071975494,2.241730823620003,-49.081992665308114
2026-04-15T15:24:09.924,4.003232717706723,4.004481077461307,4.004452228811516,4.003586769317792,0.07344058677535127,2.0204485667019156,2.800673413316801,2.7826430071975494,2.241730823620003,-49.081992665308114
2026-04-15T15:24:10.032,4.003232717706723,4.004481077461307,4.004452228811516,4.003586769317792,0.07344058677535127,2.0204485667019156,2.800673413316801,2.7826430071975494,2.241730823620003,-49.081992665308114
2026-04-15T15:24:10.142,4.003143549152824,4.004528284342783,4.004696131032475,4.0036470892219,0.07273356553317502,1.9647182205151381,2.8301777142392126,2.935081895296676,2.279430763687529,-49.09083043083531
2026-04-15T15:24:10.251,4.003143549152824,4.004528284342783,4.004696131032475,4.0036470892219,0.07273356553317502,1.9647182205151381,2.8301777142392126,2.935081895296676,2.279430763687529,-49.09083043083531
2026-04-15T15:24:10.359,4.003143549152824,4.004528284342783,4.004696131032475,4.0036470892219,0.07273356553317502,1.9647182205151381,2.8301777142392126,2.935081895296676,2.279430763687529,-49.09083043083531
2026-04-15T15:24:10.468,4.003012418926502,4.004502058297518,4.004355192444039,4.003038644971767,0.07181244630921298,1.8827618290639947,2.813786435948984,2.7219952775242584,1.8991531073542234,-49.10234442113484
2026-04-15T15:24:10.577,4.003012418926502,4.004502058297518,4.004355192444039,4.003038644971767,0.07181244630921298,1.8827618290639947,2.813786435948984,2.7219952775242584,1.8991531073542234,-49.10234442113484
2026-04-15T15:24:10.686,4.003012418926502,4.004502058297518,4.004355192444039,4.003038644971767,0.07181244630921298,1.8827618290639947,2.813786435948984,2.7219952775242584,1.8991531073542234,-49.10234442113484
2026-04-15T15:24:10.810,4.003009796321976,4.004197836172452,4.004334211607826,4.003125190921139,0.07235515979792574,1.8811227012349718,2.623647607782331,2.7088822548915203,1.953244325711978,-49.09556050252593
2026-04-15T15:24:10.918,4.003009796321976,4.004197836172452,4.004334211607826,4.003125190921139,0.07235515979792574,1.8811227012349718,2.623647607782331,2.7088822548915203,1.953244325711978,-49.09556050252593
2026-04-15T15:24:11.025,4.003009796321976,4.004197836172452,4.004334211607826,4.003125190921139,0.07235515979792574,1.8811227012349718,2.623647607782331,2.7088822548915203,1.953244325711978,-49.09556050252593
2026-04-15T15:24:11.135,4.0028026105643875,4.004627943314787,4.004504680902045,4.0028445722368104,0.07387376176175503,1.7516316027421652,2.8924645717420816,2.815425563778007,1.7778576480065311,-49.07657797797806
2026-04-15T15:24:11.244,4.0028026105643875,4.004627943314787,4.004504680902045,4.0028445722368104,0.07387376176175503,1.7516316027421652,2.8924645717420816,2.815425563778007,1.7778576480065311,-49.07657797797806
2026-04-15T15:24:11.353,4.0028026105643875,4.004627943314787,4.004504680902045,4.0028445722368104,0.07387376176175503,1.7516316027421652,2.8924645717420816,2.815425563778007,1.7778576480065311,-49.07657797797806
2026-04-15T15:24:11.462,4.003230095102197,4.00466990498721,4.004163742313608,4.003450393882417,0.07089630610808317,2.0188094388728928,2.9186906170064475,2.602338946005034,2.1564961765108137,-49.11379617364896
2026-04-15T15:24:11.571,4.003230095102197,4.00466990498721,4.004163742313608,4.003450393882417,0.07089630610808317,2.0188094388728928,2.9186906170064475,2.602338946005034,2.1564961765108137,-49.11379617364896
2026-04-15T15:24:11.683,4.003230095102197,4.00466990498721,4.004163742313608,4.003450393882417,0.07089630610808317,2.0188094388728928,2.9186906170064475,2.602338946005034,2.1564961765108137,-49.11379617364896
2026-04-15T15:24:11.793,4.00307273883061,4.00466990498721,4.004200458776978,4.002915382559024,0.07464551030075026,1.9204617691315207,2.9186906170064475,2.625286735611354,1.8221140993901486,-49.06693112124062
2026-04-15T15:24:11.901,4.00307273883061,4.00466990498721,4.004200458776978,4.002915382559024,0.07464551030075026,1.9204617691315207,2.9186906170064475,2.625286735611354,1.8221140993901486,-49.06693112124062
2026-04-15T15:24:12.009,4.00307273883061,4.00466990498721,4.004200458776978,4.002915382559024,0.07464551030075026,1.9204617691315207,2.9186906170064475,2.625286735611354,1.8221140993901486,-49.06693112124062
2026-04-15T15:24:12.120,4.002792120146282,4.0049951079484885,4.004465341834148,4.003274679379146,0.07329619511321668,1.7450750914260738,3.121942467805283,2.7908386463426638,2.0466746119662815,-49.08379756108479
2026-04-15T15:24:12.229,4.002792120146282,4.0049951079484885,4.004465341834148,4.003274679379146,0.07329619511321668,1.7450750914260738,3.121942467805283,2.7908386463426638,2.0466746119662815,-49.08379756108479
2026-04-15T15:24:12.337,4.002792120146282,4.0049951079484885,4.004465341834148,4.003274679379146,0.07329619511321668,1.7450750914260738,3.121942467805283,2.7908386463426638,2.0466746119662815,-49.08379756108479
2026-04-15T15:24:12.447,4.0032353403112495,4.004659414569105,4.004305362958036,4.003025531949135,0.07616411226457954,2.0220876945309385,2.912134105690356,2.690851848772269,1.890957468209109,-49.047948596692756
2026-04-15T15:24:12.556,4.0032353403112495,4.004659414569105,4.004305362958036,4.003025531949135,0.07616411226457954,2.0220876945309385,2.912134105690356,2.690851848772269,1.890957468209109,-49.047948596692756
2026-04-15T15:24:12.664,4.0032353403112495,4.004659414569105,4.004305362958036,4.003025531949135,0.07616411226457954,2.0220876945309385,2.912134105690356,2.690851848772269,1.890957468209109,-49.047948596692756
2026-04-15T15:24:12.773,4.002952099022394,4.004609585083103,4.004328966398774,4.003387451373783,0.07324142586206218,1.8450618889964687,2.8809906769394766,2.7056039992334746,2.117157108614265,-49.08448217672422
2026-04-15T15:24:12.882,4.002952099022394,4.004609585083103,4.004328966398774,4.003387451373783,0.07324142586206218,1.8450618889964687,2.8809906769394766,2.7056039992334746,2.117157108614265,-49.08448217672422
2026-04-15T15:24:12.991,4.002952099022394,4.004609585083103,4.004328966398774,4.003387451373783,0.07324142586206218,1.8450618889964687,2.8809906769394766,2.7056039992334746,2.117157108614265,-49.08448217672422
2026-04-15T15:24:13.101,4.002957344231447,4.004525661738256,4.004252910867507,4.0029048921409185,0.07633837806370751,1.8483401446545145,2.8285385864101897,2.6580692921918114,1.815557588074057,-49.045770274203655
2026-04-15T15:24:13.210,4.002957344231447,4.004525661738256,4.004252910867507,4.0029048921409185,0.07633837806370751,1.8483401446545145,2.8285385864101897,2.6580692921918114,1.815557588074057,-49.045770274203655
2026-04-15T15:24:13.320,4.002957344231447,4.004525661738256,4.004252910867507,4.0029048921409185,0.07633837806370751,1.8483401446545145,2.8285385864101897,2.6580692921918114,1.815557588074057,-49.045770274203655
2026-04-15T15:24:13.428,4.003057003203452,4.004620075501208,4.004423380161725,4.003303528028937,0.07788187514169795,1.9106270021573835,2.887547188255013,2.764612601078298,2.064705018085533,-49.026476560728774
2026-04-15T15:24:13.536,4.003057003203452,4.004620075501208,4.004423380161725,4.003303528028937,0.07788187514169795,1.9106270021573835,2.887547188255013,2.764612601078298,2.064705018085533,-49.026476560728774
2026-04-15T15:24:13.646,4.003057003203452,4.004620075501208,4.004423380161725,4.003303528028937,0.07788187514169795,1.9106270021573835,2.887547188255013,2.764612601078298,2.064705018085533,-49.026476560728774
2026-04-15T15:24:13.754,4.002611160433958,4.004302740353509,4.004271269099192,4.003185510825247,0.07585043382614924,1.6319752712234958,2.689212720943246,2.6695431869949715,1.990944265779504,-49.051869577173136
2026-04-15T15:24:13.864,4.002611160433958,4.004302740353509,4.004271269099192,4.003185510825247,0.07585043382614924,1.6319752712234958,2.689212720943246,2.6695431869949715,1.990944265779504,-49.051869577173136
2026-04-15T15:24:13.972,4.002611160433958,4.004302740353509,4.004271269099192,4.003185510825247,0.07585043382614924,1.6319752712234958,2.689212720943246,2.6695431869949715,1.990944265779504,-49.051869577173136
2026-04-15T15:24:14.081,4.003159284779983,4.004567623410679,4.004231930031295,4.003303528028937,0.07882788947982111,1.9745529874892753,2.8547646316745556,2.6449562695596285,2.064705018085533,-49.01465138150224
2026-04-15T15:24:14.191,4.003159284779983,4.004567623410679,4.004231930031295,4.003303528028937,0.07882788947982111,1.9745529874892753,2.8547646316745556,2.6449562695596285,2.064705018085533,-49.01465138150224
2026-04-15T15:24:14.301,4.003159284779983,4.004567623410679,4.004231930031295,4.003303528028937,0.07882788947982111,1.9745529874892753,2.8547646316745556,2.6449562695596285,2.064705018085533,-49.01465138150224
2026-04-15T15:24:14.410,4.002828836609652,4.004578113828785,4.004127025850238,4.003518581600105,0.07794162341568467,1.768022881032394,2.861321142990647,2.5793911563987137,2.1991135000654083,-49.025729707303945
2026-04-15T15:24:14.519,4.002828836609652,4.004578113828785,4.004127025850238,4.003518581600105,0.07794162341568467,1.768022881032394,2.861321142990647,2.5793911563987137,2.1991135000654083,-49.025729707303945
2026-04-15T15:24:14.628,4.002828836609652,4.004578113828785,4.004127025850238,4.003518581600105,0.07794162341568467,1.768022881032394,2.861321142990647,2.5793911563987137,2.1991135000654083,-49.025729707303945
2026-04-15T15:24:14.739,4.0029468538133415,4.004651546755525,4.004231930031295,4.003046512785346,0.07969921847546087,1.841783633338423,2.9072167222032874,2.6449562695596285,1.904070490841292,-49.003759769056735
2026-04-15T15:24:14.850,4.0029468538133415,4.004651546755525,4.004231930031295,4.003046512785346,0.07969921847546087,1.841783633338423,2.9072167222032874,2.6449562695596285,1.904070490841292,-49.003759769056735
2026-04-15T15:24:14.959,4.0029468538133415,4.004651546755525,4.004231930031295,4.003046512785346,0.07969921847546087,1.841783633338423,2.9072167222032874,2.6449562695596285,1.904070490841292,-49.003759769056735
2026-04-15T15:24:15.069,4.003020286740082,4.0043525698395115,4.004134893663817,4.003390073978309,0.0801074983477035,1.8876792125510633,2.7203561496946804,2.5843085398857824,2.1187962364432877,-48.998656270653704
2026-04-15T15:24:15.192,4.003020286740082,4.0043525698395115,4.004134893663817,4.003390073978309,0.0801074983477035,1.8876792125510633,2.7203561496946804,2.5843085398857824,2.1187962364432877,-48.998656270653704
2026-04-15T15:24:15.287,4.003020286740082,4.0043525698395115,4.004134893663817,4.003390073978309,0.0801074983477035,1.8876792125510633,2.7203561496946804,2.5843085398857824,2.1187962364432877,-48.998656270653704
2026-04-15T15:24:15.395,4.0030910970622955,4.0043315890033,4.004242420449401,4.003429413046206,0.07437166404497776,1.9319356639346807,2.7072431270624975,2.65151278087572,2.1433831538786308,-49.07035419943778
2026-04-15T15:24:15.503,4.0030910970622955,4.0043315890033,4.004242420449401,4.003429413046206,0.07437166404497776,1.9319356639346807,2.7072431270624975,2.65151278087572,2.1433831538786308,-49.07035419943778
2026-04-15T15:24:15.611,4.0030910970622955,4.0043315890033,4.004242420449401,4.003429413046206,0.07437166404497776,1.9319356639346807,2.7072431270624975,2.65151278087572,2.1433831538786308,-49.07035419943778
2026-04-15T15:24:15.721,4.003355980119466,4.004719734473213,4.004549265178995,4.003064871017031,0.07324142586206218,2.0974875746659905,2.949834045757882,2.8432907368719507,1.915544385644452,-49.08448217672422
2026-04-15T15:24:15.831,4.003355980119466,4.004719734473213,4.004549265178995,4.003064871017031,0.07324142586206218,2.0974875746659905,2.949834045757882,2.8432907368719507,1.915544385644452,-49.08448217672422
2026-04-15T15:24:15.939,4.003355980119466,4.004719734473213,4.004549265178995,4.003064871017031,0.07324142586206218,2.0974875746659905,2.949834045757882,2.8432907368719507,1.915544385644452,-49.08448217672422
2026-04-15T15:24:16.049,4.003198623847879,4.004777431772794,4.004583359037838,4.003340244492307,0.07540730079408102,1.9991399049246183,2.985894857996385,2.864599398648693,2.0876528076918532,-49.05740874007399
2026-04-15T15:24:16.157,4.003198623847879,4.004777431772794,4.004583359037838,4.003340244492307,0.07540730079408102,1.9991399049246183,2.985894857996385,2.864599398648693,2.0876528076918532,-49.05740874007399
2026-04-15T15:24:16.268,4.003198623847879,4.004777431772794,4.004583359037838,4.003340244492307,0.07540730079408102,1.9991399049246183,2.985894857996385,2.864599398648693,2.0876528076918532,-49.05740874007399
2026-04-15T15:24:16.377,4.003077984039663,4.0048036578180595,4.004638433732893,4.0031514169664035,0.07592014014580042,1.9237400247895664,3.002286136287169,2.899021083058173,1.9696356040022067,-49.0509982481775
2026-04-15T15:24:16.486,4.003077984039663,4.0048036578180595,4.004638433732893,4.0031514169664035,0.07592014014580042,1.9237400247895664,3.002286136287169,2.899021083058173,1.9696356040022067,-49.0509982481775
2026-04-15T15:24:16.597,4.003077984039663,4.0048036578180595,4.004638433732893,4.0031514169664035,0.07592014014580042,1.9237400247895664,3.002286136287169,2.899021083058173,1.9696356040022067,-49.0509982481775
2026-04-15T15:24:16.705,4.003119945712086,4.004245043053928,4.004397154116461,4.003405809605468,0.07489944046519385,1.9499660700539323,2.653151908704743,2.748221322788069,2.128631003417425,-49.06375699418508
2026-04-15T15:24:16.815,4.003119945712086,4.004245043053928,4.004397154116461,4.003405809605468,0.07489944046519385,1.9499660700539323,2.653151908704743,2.748221322788069,2.128631003417425,-49.06375699418508
2026-04-15T15:24:16.923,4.003119945712086,4.004245043053928,4.004397154116461,4.003405809605468,0.07489944046519385,1.9499660700539323,2.653151908704743,2.748221322788069,2.128631003417425,-49.06375699418508
2026-04-15T15:24:17.032,4.003112077898507,4.004630565919314,4.004457474020569,4.003172397802615,0.07440651720480335,1.9450486865668637,2.8941036995711045,2.785921262855595,1.9827486266343897,-49.06991853493996
2026-04-15T15:24:17.141,4.003112077898507,4.004630565919314,4.004457474020569,4.003172397802615,0.07440651720480335,1.9450486865668637,2.8941036995711045,2.785921262855595,1.9827486266343897,-49.06991853493996
2026-04-15T15:24:17.249,4.003112077898507,4.004630565919314,4.004457474020569,4.003172397802615,0.07440651720480335,1.9450486865668637,2.8941036995711045,2.785921262855595,1.9827486266343897,-49.06991853493996
2026-04-15T15:24:17.358,4.003009796321976,4.005042314829964,4.004546642574468,4.003413677419047,0.0742870206568299,1.8811227012349718,3.151446768727695,2.8416516090423727,2.1335483869044936,-49.07141224178962
2026-04-15T15:24:17.482,4.003009796321976,4.005042314829964,4.004546642574468,4.003413677419047,0.0742870206568299,1.8811227012349718,3.151446768727695,2.8416516090423727,2.1335483869044936,-49.07141224178962
2026-04-15T15:24:17.590,4.003009796321976,4.005042314829964,4.004546642574468,4.003413677419047,0.0742870206568299,1.8811227012349718,3.151446768727695,2.8416516090423727,2.1335483869044936,-49.07141224178962
2026-04-15T15:24:17.699,4.002891779118286,4.004638433732893,4.004533529551836,4.003012418926502,0.07166805464707839,1.8073619489289428,2.899021083058173,2.8334559698972583,1.8827618290639947,-49.104149316911524
2026-04-15T15:24:17.809,4.002891779118286,4.004638433732893,4.004533529551836,4.003012418926502,0.07166805464707839,1.8073619489289428,2.899021083058173,2.8334559698972583,1.8827618290639947,-49.104149316911524
2026-04-15T15:24:17.918,4.002891779118286,4.004638433732893,4.004533529551836,4.003012418926502,0.07166805464707839,1.8073619489289428,2.899021083058173,2.8334559698972583,1.8827618290639947,-49.104149316911524
2026-04-15T15:24:18.028,4.003012418926502,4.004738092704898,4.00440502193004,4.003101587480401,0.0711601943181912,1.8827618290639947,2.961307940561042,2.753138706275138,1.9384921752507722,-49.11049757102261
2026-04-15T15:24:18.136,4.003012418926502,4.004738092704898,4.00440502193004,4.003101587480401,0.0711601943181912,1.8827618290639947,2.961307940561042,2.753138706275138,1.9384921752507722,-49.11049757102261
2026-04-15T15:24:18.245,4.003012418926502,4.004738092704898,4.00440502193004,4.003101587480401,0.0711601943181912,1.8827618290639947,2.961307940561042,2.753138706275138,1.9384921752507722,-49.11049757102261
2026-04-15T15:24:18.354,4.003458261695997,4.00470662145058,4.004297495144456,4.002731800242174,0.07823040673995384,2.1614135599978823,2.9416384066127677,2.6859344652852,1.7073751513585478,-49.02211991575058
2026-04-15T15:24:18.464,4.003458261695997,4.00470662145058,4.004297495144456,4.002731800242174,0.07823040673995384,2.1614135599978823,2.9416384066127677,2.6859344652852,1.7073751513585478,-49.02211991575058
2026-04-15T15:24:18.572,4.003458261695997,4.00470662145058,4.004297495144456,4.002731800242174,0.07823040673995384,2.1614135599978823,2.9416384066127677,2.6859344652852,1.7073751513585478,-49.02211991575058
2026-04-15T15:24:18.681,4.003303528028937,4.004900694185537,4.004273891703718,4.003075361435137,0.07907684062143247,2.064705018085533,3.06293386596046,2.6711823148239944,1.9221008969605435,-49.01153949223209
2026-04-15T15:24:18.790,4.003303528028937,4.004900694185537,4.004273891703718,4.003075361435137,0.07907684062143247,2.064705018085533,3.06293386596046,2.6711823148239944,1.9221008969605435,-49.01153949223209
2026-04-15T15:24:18.898,4.003303528028937,4.004900694185537,4.004273891703718,4.003075361435137,0.07907684062143247,2.064705018085533,3.06293386596046,2.6711823148239944,1.9221008969605435,-49.01153949223209
2026-04-15T15:24:19.008,4.003127813525666,4.004727602286792,4.004085064177815,4.002897024327339,0.09387449647881171,1.954883453541001,2.9547514292449506,2.553165111134348,1.8106402045869885,-48.826568794014854
2026-04-15T15:24:19.117,4.003127813525666,4.004727602286792,4.004085064177815,4.002897024327339,0.09387449647881171,1.954883453541001,2.9547514292449506,2.553165111134348,1.8106402045869885,-48.826568794014854
2026-04-15T15:24:19.228,4.003127813525666,4.004727602286792,4.004085064177815,4.002897024327339,0.09387449647881171,1.954883453541001,2.9547514292449506,2.553165111134348,1.8106402045869885,-48.826568794014854
2026-04-15T15:24:19.336,4.003075361435137,4.004609585083103,4.0042922499354034,4.003167152593562,0.0836575416270815,1.9221008969605435,2.8809906769394766,2.6826562096271545,1.979470370976344,-48.954280729661484
2026-04-15T15:24:19.446,4.003075361435137,4.004609585083103,4.0042922499354034,4.003167152593562,0.0836575416270815,1.9221008969605435,2.8809906769394766,2.6826562096271545,1.979470370976344,-48.954280729661484
2026-04-15T15:24:19.556,4.003075361435137,4.004609585083103,4.0042922499354034,4.003167152593562,0.0836575416270815,1.9221008969605435,2.8809906769394766,2.6826562096271545,1.979470370976344,-48.954280729661484
2026-04-15T15:24:19.665,4.002996683299344,4.004570246015206,4.004266023890139,4.003167152593562,0.08185513536181524,1.8729270620898575,2.8564037595035785,2.6662649313369258,1.979470370976344,-48.97681080797731
2026-04-15T15:24:19.773,4.002996683299344,4.004570246015206,4.004266023890139,4.003167152593562,0.08185513536181524,1.8729270620898575,2.8564037595035785,2.6662649313369258,1.979470370976344,-48.97681080797731
2026-04-15T15:24:19.883,4.002996683299344,4.004570246015206,4.004266023890139,4.003167152593562,0.08185513536181524,1.8729270620898575,2.8564037595035785,2.6662649313369258,1.979470370976344,-48.97681080797731
2026-04-15T15:24:19.992,4.002928495581656,4.004703998846054,4.004113912827606,4.003366470537571,0.08423012925278762,1.830309738535263,2.939999278783745,2.5711955172535994,2.104044085982082,-48.94712338434015
2026-04-15T15:24:20.102,4.002928495581656,4.004703998846054,4.004113912827606,4.003366470537571,0.08423012925278762,1.830309738535263,2.939999278783745,2.5711955172535994,2.104044085982082,-48.94712338434015
2026-04-15T15:24:20.211,4.002928495581656,4.004703998846054,4.004113912827606,4.003366470537571,0.08423012925278762,1.830309738535263,2.939999278783745,2.5711955172535994,2.104044085982082,-48.94712338434015
2026-04-15T15:24:20.320,4.003159284779983,4.004683018009843,4.004334211607826,4.003450393882417,0.07737401481281077,1.9745529874892753,2.926886256152117,2.7088822548915203,2.1564961765108137,-49.03282481483986
2026-04-15T15:24:20.428,4.003159284779983,4.004683018009843,4.004334211607826,4.003450393882417,0.07737401481281077,1.9745529874892753,2.926886256152117,2.7088822548915203,2.1564961765108137,-49.03282481483986
2026-04-15T15:24:20.536,4.003159284779983,4.004683018009843,4.004334211607826,4.003450393882417,0.07737401481281077,1.9745529874892753,2.926886256152117,2.7088822548915203,2.1564961765108137,-49.03282481483986
2026-04-15T15:24:20.646,4.003004551112923,4.00494265585796,4.004426002766252,4.003248453333882,0.07469530052907253,1.877844445576926,3.089159911224826,2.7662517289073207,2.030283333676053,-49.06630874338659
2026-04-15T15:24:20.755,4.003004551112923,4.00494265585796,4.004426002766252,4.003248453333882,0.07469530052907253,1.877844445576926,3.089159911224826,2.7662517289073207,2.030283333676053,-49.06630874338659
2026-04-15T15:24:20.863,4.003004551112923,4.00494265585796,4.004426002766252,4.003248453333882,0.07469530052907253,1.877844445576926,3.089159911224826,2.7662517289073207,2.030283333676053,-49.06630874338659
2026-04-15T15:24:20.972,4.002915382559024,4.004680395405316,4.004305362958036,4.003437280859785,0.0756064617073701,1.8221140993901486,2.925247128322539,2.690851848772269,2.1483005373656994,-49.05491922865787
2026-04-15T15:24:21.082,4.002915382559024,4.004680395405316,4.004305362958036,4.003437280859785,0.0756064617073701,1.8221140993901486,2.925247128322539,2.690851848772269,2.1483005373656994,-49.05491922865787
2026-04-15T15:24:21.192,4.002915382559024,4.004680395405316,4.004305362958036,4.003437280859785,0.0756064617073701,1.8221140993901486,2.925247128322539,2.690851848772269,2.1483005373656994,-49.05491922865787
2026-04-15T15:24:21.302,4.003114700503033,4.004822016049744,4.004284382121824,4.003363847933045,0.07691594471224586,1.9466878143958866,3.013760031089774,2.677738826140086,2.102404958153059,-49.03855069109693
2026-04-15T15:24:21.411,4.003114700503033,4.004822016049744,4.004284382121824,4.003363847933045,0.07691594471224586,1.9466878143958866,3.013760031089774,2.677738826140086,2.102404958153059,-49.03855069109693
2026-04-15T15:24:21.521,4.003114700503033,4.004822016049744,4.004284382121824,4.003363847933045,0.07691594471224586,1.9466878143958866,3.013760031089774,2.677738826140086,2.102404958153059,-49.03855069109693
2026-04-15T15:24:21.631,4.003358602723992,4.004858732513114,4.004515171320151,4.003371715746625,0.08104853366299444,2.0991267024950133,3.036707820696094,2.8219820750940983,2.1073223416406828,-48.98689332921257
2026-04-15T15:24:21.740,4.003358602723992,4.004858732513114,4.004515171320151,4.003371715746625,0.08104853366299444,2.0991267024950133,3.036707820696094,2.8219820750940983,2.1073223416406828,-48.98689332921257
2026-04-15T15:24:21.849,4.003358602723992,4.004858732513114,4.004515171320151,4.003371715746625,0.08104853366299444,2.0991267024950133,3.036707820696094,2.8219820750940983,2.1073223416406828,-48.98689332921257
2026-04-15T15:24:21.959,4.00292587297713,4.005042314829964,4.004307985562562,4.003366470537571,0.08446912234873453,1.82867061070624,3.151446768727695,2.6924909766012917,2.104044085982082,-48.944135970640815
2026-04-15T15:24:22.068,4.00292587297713,4.005042314829964,4.004307985562562,4.003366470537571,0.08446912234873453,1.82867061070624,3.151446768727695,2.6924909766012917,2.104044085982082,-48.944135970640815
2026-04-15T15:24:22.176,4.00292587297713,4.005042314829964,4.004307985562562,4.003366470537571,0.08446912234873453,1.82867061070624,3.151446768727695,2.6924909766012917,2.104044085982082,-48.944135970640815
2026-04-15T15:24:22.286,4.003046512785346,4.004863977722167,4.0041060450140264,4.003282547192725,0.08141200232974703,1.904070490841292,3.0399860763541398,2.566278133766531,2.05159199545335,-48.98234997087816
2026-04-15T15:24:22.395,4.003046512785346,4.004863977722167,4.0041060450140264,4.003282547192725,0.08141200232974703,1.904070490841292,3.0399860763541398,2.566278133766531,2.05159199545335,-48.98234997087816
2026-04-15T15:24:22.504,4.003046512785346,4.004863977722167,4.0041060450140264,4.003282547192725,0.08141200232974703,1.904070490841292,3.0399860763541398,2.566278133766531,2.05159199545335,-48.98234997087816
2026-04-15T15:24:22.613,4.003083229248716,4.00470662145058,4.004389286302882,4.003473997323155,0.07974402968095091,1.9270182804476121,2.9416384066127677,2.7433039393010006,2.1712483269720195,-49.00319962898811
2026-04-15T15:24:22.720,4.003083229248716,4.00470662145058,4.004389286302882,4.003473997323155,0.07974402968095091,1.9270182804476121,2.9416384066127677,2.7433039393010006,2.1712483269720195,-49.00319962898811
2026-04-15T15:24:22.830,4.003083229248716,4.00470662145058,4.004389286302882,4.003473997323155,0.07974402968095091,1.9270182804476121,2.9416384066127677,2.7433039393010006,2.1712483269720195,-49.00319962898811
2026-04-15T15:24:22.941,4.002933740790709,4.005068540875229,4.004134893663817,4.002954721626921,0.07895236505062678,1.8335879941933086,3.1678380470179235,2.5843085398857824,1.8467010168254916,-49.01309543686717
2026-04-15T15:24:23.051,4.002933740790709,4.005068540875229,4.004134893663817,4.002954721626921,0.07895236505062678,1.8335879941933086,3.1678380470179235,2.5843085398857824,1.8467010168254916,-49.01309543686717
2026-04-15T15:24:23.155,4.002933740790709,4.005068540875229,4.004134893663817,4.002954721626921,0.07895236505062678,1.8335879941933086,3.1678380470179235,2.5843085398857824,1.8467010168254916,-49.01309543686717
2026-04-15T15:24:23.266,4.002996683299344,4.004753828332056,4.004279136912771,4.003114700503033,0.07516830769813411,1.8729270620898575,2.9711427075351793,2.67446057048204,1.9466878143958866,-49.060396153773326
2026-04-15T15:24:23.379,4.002996683299344,4.004753828332056,4.004279136912771,4.003114700503033,0.07516830769813411,1.8729270620898575,2.9711427075351793,2.67446057048204,1.9466878143958866,-49.060396153773326
2026-04-15T15:24:23.488,4.002996683299344,4.004753828332056,4.004279136912771,4.003114700503033,0.07516830769813411,1.8729270620898575,2.9711427075351793,2.67446057048204,1.9466878143958866,-49.060396153773326
2026-04-15T15:24:23.598,4.0031750204071415,4.0048272612587965,4.00436830546667,4.00307273883061,0.07786195905036904,1.9843877544634125,3.0170382867478196,2.7301909166688176,1.9204617691315207,-49.02672551187039
2026-04-15T15:24:23.707,4.0031750204071415,4.0048272612587965,4.00436830546667,4.00307273883061,0.07786195905036904,1.9843877544634125,3.0170382867478196,2.7301909166688176,1.9204617691315207,-49.02672551187039
2026-04-15T15:24:23.815,4.0031750204071415,4.0048272612587965,4.00436830546667,4.00307273883061,0.07786195905036904,1.9843877544634125,3.0170382867478196,2.7301909166688176,1.9204617691315207,-49.02672551187039
2026-04-15T15:24:23.925,4.003182888220721,4.004769563959215,4.004457474020569,4.003387451373783,0.0736646428028015,1.9893051379504811,2.9809774745093165,2.785921262855595,2.117157108614265,-49.07919196496498
2026-04-15T15:24:24.034,4.003182888220721,4.004769563959215,4.004457474020569,4.003387451373783,0.0736646428028015,1.9893051379504811,2.9809774745093165,2.785921262855595,2.117157108614265,-49.07919196496498
2026-04-15T15:24:24.144,4.003182888220721,4.004769563959215,4.004457474020569,4.003387451373783,0.0736646428028015,1.9893051379504811,2.9809774745093165,2.785921262855595,2.117157108614265,-49.07919196496498
2026-04-15T15:24:24.252,4.0031514169664035,4.005023956598279,4.004601717269523,4.003033399762714,0.08158626812887498,1.9696356040022067,3.1399728739245347,2.876073293451853,1.8958748516961776,-48.98017164838907
2026-04-15T15:24:24.362,4.0031514169664035,4.005023956598279,4.004601717269523,4.003033399762714,0.08158626812887498,1.9696356040022067,3.1399728739245347,2.876073293451853,1.8958748516961776,-48.98017164838907
2026-04-15T15:24:24.472,4.0031514169664035,4.005023956598279,4.004601717269523,4.003033399762714,0.08158626812887498,1.9696356040022067,3.1399728739245347,2.876073293451853,1.8958748516961776,-48.98017164838907
2026-04-15T15:24:24.577,4.003177643011668,4.004591226851417,4.004365682862144,4.00326418896104,0.07196679601701203,1.9860268822924354,2.8695167821357614,2.7285517888397948,2.04011810065019,-49.10041504978735
2026-04-15T15:24:24.688,4.003177643011668,4.004591226851417,4.004365682862144,4.00326418896104,0.07196679601701203,1.9860268822924354,2.8695167821357614,2.7285517888397948,2.04011810065019,-49.10041504978735
2026-04-15T15:24:24.796,4.003177643011668,4.004591226851417,4.004365682862144,4.00326418896104,0.07196679601701203,1.9860268822924354,2.8695167821357614,2.7285517888397948,2.04011810065019,-49.10041504978735
2026-04-15T15:24:24.906,4.003167152593562,4.004418134952672,4.0044968130884655,4.003314018447043,0.07581060164349142,1.979470370976344,2.761334345420252,2.810508180290938,2.0712615294016246,-49.05236747945636
2026-04-15T15:24:25.016,4.003167152593562,4.004418134952672,4.0044968130884655,4.003314018447043,0.07581060164349142,1.979470370976344,2.761334345420252,2.810508180290938,2.0712615294016246,-49.05236747945636
2026-04-15T15:24:25.124,4.003167152593562,4.004418134952672,4.0044968130884655,4.003314018447043,0.07581060164349142,1.979470370976344,2.761334345420252,2.810508180290938,2.0712615294016246,-49.05236747945636
2026-04-15T15:24:25.234,4.0029625894405,4.00444960620699,4.004465341834148,4.0032773019836725,0.07479986000854931,1.8516184003125602,2.7810038793685266,2.7908386463426638,2.0483137397953044,-49.065001749893135
2026-04-15T15:24:25.344,4.0029625894405,4.00444960620699,4.004465341834148,4.0032773019836725,0.07479986000854931,1.8516184003125602,2.7810038793685266,2.7908386463426638,2.0483137397953044,-49.065001749893135
2026-04-15T15:24:25.454,4.0029625894405,4.00444960620699,4.004465341834148,4.0032773019836725,0.07479986000854931,1.8516184003125602,2.7810038793685266,2.7908386463426638,2.0483137397953044,-49.065001749893135
2026-04-15T15:24:25.566,4.003161907384509,4.004494190483939,4.004426002766252,4.003311395842516,0.07403806951521853,1.9761921153182982,2.8088690524619153,2.7662517289073207,2.0696224015726017,-49.07452413105977
2026-04-15T15:24:25.675,4.003161907384509,4.004494190483939,4.004426002766252,4.003311395842516,0.07403806951521853,1.9761921153182982,2.8088690524619153,2.7662517289073207,2.0696224015726017,-49.07452413105977
2026-04-15T15:24:25.785,4.003161907384509,4.004494190483939,4.004426002766252,4.003311395842516,0.07403806951521853,1.9761921153182982,2.8088690524619153,2.7662517289073207,2.0696224015726017,-49.07452413105977
2026-04-15T15:24:25.891,4.00292587297713,4.00459647206047,4.004389286302882,4.003198623847879,0.07694083982640701,1.82867061070624,2.872795037793807,2.7433039393010006,1.9991399049246183,-49.03823950216991
2026-04-15T15:24:26.003,4.00292587297713,4.00459647206047,4.004389286302882,4.003198623847879,0.07694083982640701,1.82867061070624,2.872795037793807,2.7433039393010006,1.9991399049246183,-49.03823950216991
2026-04-15T15:24:26.112,4.00292587297713,4.00459647206047,4.004389286302882,4.003198623847879,0.07694083982640701,1.82867061070624,2.872795037793807,2.7433039393010006,1.9991399049246183,-49.03823950216991
2026-04-15T15:24:26.218,4.0029652120450265,4.0045597555971,4.004252910867507,4.003096342271348,0.07523303499495307,1.853257528141583,2.849847248187487,2.6580692921918114,1.9352139195927265,-49.05958706256309
2026-04-15T15:24:26.329,4.0029652120450265,4.0045597555971,4.004252910867507,4.003096342271348,0.07523303499495307,1.853257528141583,2.849847248187487,2.6580692921918114,1.9352139195927265,-49.05958706256309
2026-04-15T15:24:26.438,4.0029652120450265,4.0045597555971,4.004252910867507,4.003096342271348,0.07523303499495307,1.853257528141583,2.849847248187487,2.6580692921918114,1.9352139195927265,-49.05958706256309
2026-04-15T15:24:26.549,4.002980947672185,4.004617452896682,4.00448632267036,4.0033612253285185,0.0802917221924959,1.8630922951157203,2.88590806042599,2.8039516689748467,2.100765830324036,-48.9963534725938
2026-04-15T15:24:26.656,4.002980947672185,4.004617452896682,4.00448632267036,4.0033612253285185,0.0802917221924959,1.8630922951157203,2.88590806042599,2.8039516689748467,2.100765830324036,-48.9963534725938
2026-04-15T15:24:26.766,4.002980947672185,4.004617452896682,4.00448632267036,4.0033612253285185,0.0802917221924959,1.8630922951157203,2.88590806042599,2.8039516689748467,2.100765830324036,-48.9963534725938
2026-04-15T15:24:26.874,4.002915382559024,4.004525661738256,4.004197836172452,4.003135681339245,0.07837479840208844,1.8221140993901486,2.8285385864101897,2.623647607782331,1.9598008370280695,-49.02031501997389
2026-04-15T15:24:26.983,4.002915382559024,4.004525661738256,4.004197836172452,4.003135681339245,0.07837479840208844,1.8221140993901486,2.8285385864101897,2.623647607782331,1.9598008370280695,-49.02031501997389
2026-04-15T15:24:27.094,4.002915382559024,4.004525661738256,4.004197836172452,4.003135681339245,0.07837479840208844,1.8221140993901486,2.8285385864101897,2.623647607782331,1.9598008370280695,-49.02031501997389
2026-04-15T15:24:27.203,4.003093719666822,4.005194425892498,4.0042686464946655,4.00303602236724,0.07665205650213781,1.9335747917637036,3.246516182811021,2.6679040591659486,1.8975139795252005,-49.041849293723274
2026-04-15T15:24:27.311,4.003093719666822,4.005194425892498,4.0042686464946655,4.00303602236724,0.07665205650213781,1.9335747917637036,3.246516182811021,2.6679040591659486,1.8975139795252005,-49.041849293723274
2026-04-15T15:24:27.422,4.003093719666822,4.005194425892498,4.0042686464946655,4.00303602236724,0.07665205650213781,1.9335747917637036,3.246516182811021,2.6679040591659486,1.8975139795252005,-49.041849293723274
2026-04-15T15:24:27.530,4.002789497541755,4.004795790004479,4.004384041093829,4.003098964875875,0.0765773711596544,1.7434359635970509,2.997368752799545,2.740025683642955,1.9368530474217494,-49.04278286050432
2026-04-15T15:24:27.639,4.002789497541755,4.004795790004479,4.004384041093829,4.003098964875875,0.0765773711596544,1.7434359635970509,2.997368752799545,2.740025683642955,1.9368530474217494,-49.04278286050432
2026-04-15T15:24:27.764,4.002789497541755,4.004795790004479,4.004384041093829,4.003098964875875,0.0765773711596544,1.7434359635970509,2.997368752799545,2.740025683642955,1.9368530474217494,-49.04278286050432
2026-04-15T15:24:27.873,4.002841949632284,4.004672527591737,4.004347324630459,4.003033399762714,0.07193692188001867,1.7762185201775083,2.9203297448354704,2.7170778940366347,1.8958748516961776,-49.100788476499766
2026-04-15T15:24:27.983,4.002841949632284,4.004672527591737,4.004347324630459,4.003033399762714,0.07193692188001867,1.7762185201775083,2.9203297448354704,2.7170778940366347,1.8958748516961776,-49.100788476499766
2026-04-15T15:24:28.092,4.002841949632284,4.004672527591737,4.004347324630459,4.003033399762714,0.07193692188001867,1.7762185201775083,2.9203297448354704,2.7170778940366347,1.8958748516961776,-49.100788476499766
2026-04-15T15:24:28.217,4.002873420886601,4.004533529551836,4.004276514308245,4.003211736870512,0.07743874210962971,1.7958880541257827,2.8334559698972583,2.6728214426530172,2.0073355440697327,-49.03201572362963
2026-04-15T15:24:28.327,4.002873420886601,4.004533529551836,4.004276514308245,4.003211736870512,0.07743874210962971,1.7958880541257827,2.8334559698972583,2.6728214426530172,2.0073355440697327,-49.03201572362963
2026-04-15T15:24:28.437,4.002873420886601,4.004533529551836,4.004276514308245,4.003211736870512,0.07743874210962971,1.7958880541257827,2.8334559698972583,2.6728214426530172,2.0073355440697327,-49.03201572362963
2026-04-15T15:24:28.548,4.003038644971767,4.004688263218895,4.004242420449401,4.003051757994399,0.07505876919582512,1.8991531073542234,2.9301645118096076,2.65151278087572,1.9073487464993377,-49.06176538505218
2026-04-15T15:24:28.656,4.003038644971767,4.004688263218895,4.004242420449401,4.003051757994399,0.07505876919582512,1.8991531073542234,2.9301645118096076,2.65151278087572,1.9073487464993377,-49.06176538505218
2026-04-15T15:24:28.766,4.003038644971767,4.004688263218895,4.004242420449401,4.003051757994399,0.07505876919582512,1.8991531073542234,2.9301645118096076,2.65151278087572,1.9073487464993377,-49.06176538505218
2026-04-15T15:24:28.873,4.0031330587347185,4.004488945274886,4.004087686782342,4.003355980119466,0.07252942559705369,1.9581617091990466,2.8055907968038696,2.554804238963926,2.0974875746659905,-49.093382180036826
2026-04-15T15:24:28.983,4.0031330587347185,4.004488945274886,4.004087686782342,4.003355980119466,0.07252942559705369,1.9581617091990466,2.8055907968038696,2.554804238963926,2.0974875746659905,-49.093382180036826
2026-04-15T15:24:29.092,4.0031330587347185,4.004488945274886,4.004087686782342,4.003355980119466,0.07252942559705369,1.9581617091990466,2.8055907968038696,2.554804238963926,2.0974875746659905,-49.093382180036826
2026-04-15T15:24:29.202,4.002986192881238,4.004509926111098,4.004132271059291,4.003025531949135,0.07480981805421376,1.866370550773766,2.8187038194360525,2.5826694120567595,1.890957468209109,-49.06487727432233
2026-04-15T15:24:29.312,4.002986192881238,4.004509926111098,4.004132271059291,4.003025531949135,0.07480981805421376,1.866370550773766,2.8187038194360525,2.5826694120567595,1.890957468209109,-49.06487727432233
2026-04-15T15:24:29.422,4.002986192881238,4.004509926111098,4.004132271059291,4.003025531949135,0.07480981805421376,1.866370550773766,2.8187038194360525,2.5826694120567595,1.890957468209109,-49.06487727432233
2026-04-15T15:24:29.531,4.00307273883061,4.0049951079484885,4.004006386042022,4.002931118186183,0.07303728592594087,1.9204617691315207,3.121942467805283,2.503991276263662,1.8319488663642858,-49.08703392592574
2026-04-15T15:24:29.639,4.00307273883061,4.0049951079484885,4.004006386042022,4.002931118186183,0.07303728592594087,1.9204617691315207,3.121942467805283,2.503991276263662,1.8319488663642858,-49.08703392592574
2026-04-15T15:24:29.749,4.00307273883061,4.0049951079484885,4.004006386042022,4.002931118186183,0.07303728592594087,1.9204617691315207,3.121942467805283,2.503991276263662,1.8319488663642858,-49.08703392592574
2026-04-15T15:24:29.860,4.003211736870512,4.005044937434491,4.004197836172452,4.00292587297713,0.07635829415503642,2.0073355440697327,3.1530858965567177,2.623647607782331,1.82867061070624,-49.04552132306205
2026-04-15T15:24:29.970,4.003211736870512,4.005044937434491,4.004197836172452,4.00292587297713,0.07635829415503642,2.0073355440697327,3.1530858965567177,2.623647607782331,1.82867061070624,-49.04552132306205
2026-04-15T15:24:30.080,4.003211736870512,4.005044937434491,4.004197836172452,4.00292587297713,0.07635829415503642,2.0073355440697327,3.1530858965567177,2.623647607782331,1.82867061070624,-49.04552132306205
2026-04-15T15:24:30.188,4.003182888220721,4.004688263218895,4.004129648454764,4.0035474302498955,0.07456086691260239,1.9893051379504811,2.9301645118096076,2.5810302842277366,2.21714390618466,-49.067989163592465
2026-04-15T15:24:30.296,4.003182888220721,4.004688263218895,4.004129648454764,4.0035474302498955,0.07456086691260239,1.9893051379504811,2.9301645118096076,2.5810302842277366,2.21714390618466,-49.067989163592465
2026-04-15T15:24:30.405,4.003182888220721,4.004688263218895,4.004129648454764,4.0035474302498955,0.07456086691260239,1.9893051379504811,2.9301645118096076,2.5810302842277366,2.21714390618466,-49.067989163592465
2026-04-15T15:24:30.517,4.003374338351151,4.004984617530383,4.004300117748983,4.0028629304684955,0.07548696515939665,2.1089614694691505,3.1153859564891917,2.687573593114223,1.7893315428096912,-49.056412935507545
2026-04-15T15:24:30.628,4.003374338351151,4.004984617530383,4.004300117748983,4.0028629304684955,0.07548696515939665,2.1089614694691505,3.1153859564891917,2.687573593114223,1.7893315428096912,-49.056412935507545
2026-04-15T15:24:30.746,4.003374338351151,4.004984617530383,4.004300117748983,4.0028629304684955,0.07548696515939665,2.1089614694691505,3.1153859564891917,2.687573593114223,1.7893315428096912,-49.056412935507545
2026-04-15T15:24:30.857,4.003017664135555,4.00470662145058,4.004266023890139,4.002973079858606,0.07535751056575875,1.8860400847220404,2.9416384066127677,2.6662649313369258,1.8581749116286517,-49.05803111792801
2026-04-15T15:24:30.951,4.003017664135555,4.00470662145058,4.004266023890139,4.002973079858606,0.07535751056575875,1.8860400847220404,2.9416384066127677,2.6662649313369258,1.8581749116286517,-49.05803111792801
2026-04-15T15:24:31.063,4.003017664135555,4.00470662145058,4.004266023890139,4.002973079858606,0.07535751056575875,1.8860400847220404,2.9416384066127677,2.6662649313369258,1.8581749116286517,-49.05803111792801
2026-04-15T15:24:31.176,4.003135681339245,4.004745960518477,4.004203081381505,4.002860307863969,0.07729932947032736,1.9598008370280695,2.9662253240481107,2.626925863440377,1.7876924149806683,-49.033758381620906
2026-04-15T15:24:31.281,4.003135681339245,4.004745960518477,4.004203081381505,4.002860307863969,0.07729932947032736,1.9598008370280695,2.9662253240481107,2.626925863440377,1.7876924149806683,-49.033758381620906
2026-04-15T15:24:31.390,4.003135681339245,4.004745960518477,4.004203081381505,4.002860307863969,0.07729932947032736,1.9598008370280695,2.9662253240481107,2.626925863440377,1.7876924149806683,-49.033758381620906
2026-04-15T15:24:31.499,4.0031907560343,4.0047013762415276,4.004305362958036,4.002818346191546,0.0703535926193704,1.9942225214375497,2.938360150954722,2.690851848772269,1.7614663697163024,-49.12058009225787
2026-04-15T15:24:31.622,4.0031907560343,4.0047013762415276,4.004305362958036,4.002818346191546,0.0703535926193704,1.9942225214375497,2.938360150954722,2.690851848772269,1.7614663697163024,-49.12058009225787
2026-04-15T15:24:31.719,4.0031907560343,4.0047013762415276,4.004305362958036,4.002818346191546,0.0703535926193704,1.9942225214375497,2.938360150954722,2.690851848772269,1.7614663697163024,-49.12058009225787
2026-04-15T15:24:31.827,4.003211736870512,4.004541397365415,4.004158497104555,4.003298282819885,0.06915862713963589,2.0073355440697327,2.838373353384327,2.599060690346988,2.0614267624280425,-49.135517160754546
2026-04-15T15:24:31.937,4.003211736870512,4.004541397365415,4.004158497104555,4.003298282819885,0.06915862713963589,2.0073355440697327,2.838373353384327,2.599060690346988,2.0614267624280425,-49.135517160754546
2026-04-15T15:24:32.046,4.003211736870512,4.004541397365415,4.004158497104555,4.003298282819885,0.06915862713963589,2.0073355440697327,2.838373353384327,2.599060690346988,2.0614267624280425,-49.135517160754546
2026-04-15T15:24:32.155,4.003140926548298,4.004606962478576,4.004071951155183,4.002931118186183,0.06931297684743493,1.9630790926861152,2.8793515491098987,2.5449694719892335,1.8319488663642858,-49.13358778940706
2026-04-15T15:24:32.263,4.003140926548298,4.004606962478576,4.004071951155183,4.002931118186183,0.06931297684743493,1.9630790926861152,2.8793515491098987,2.5449694719892335,1.8319488663642858,-49.13358778940706
2026-04-15T15:24:32.389,4.003140926548298,4.004606962478576,4.004071951155183,4.002931118186183,0.06931297684743493,1.9630790926861152,2.8793515491098987,2.5449694719892335,1.8319488663642858,-49.13358778940706
2026-04-15T15:24:32.499,4.003306150633463,4.004913807208169,4.004079818968762,4.00292587297713,0.0652650312848342,2.066344145914556,3.0711295051055743,2.549886855476302,1.82867061070624,-49.18418710893957
2026-04-15T15:24:32.608,4.003306150633463,4.004913807208169,4.004079818968762,4.00292587297713,0.0652650312848342,2.066344145914556,3.0711295051055743,2.549886855476302,1.82867061070624,-49.18418710893957
2026-04-15T15:24:32.717,4.003306150633463,4.004913807208169,4.004079818968762,4.00292587297713,0.0652650312848342,2.066344145914556,3.0711295051055743,2.549886855476302,1.82867061070624,-49.18418710893957
2026-04-15T15:24:32.827,4.003083229248716,4.004572868619732,4.004108667618553,4.002768516705544,0.07047308916734385,1.9270182804476121,2.8580428873326014,2.5679172615955537,1.730322940964868,-49.1190863854082
2026-04-15T15:24:32.936,4.003083229248716,4.004572868619732,4.004108667618553,4.002768516705544,0.07047308916734385,1.9270182804476121,2.8580428873326014,2.5679172615955537,1.730322940964868,-49.1190863854082
2026-04-15T15:24:33.045,4.003083229248716,4.004572868619732,4.004108667618553,4.002768516705544,0.07047308916734385,1.9270182804476121,2.8580428873326014,2.5679172615955537,1.730322940964868,-49.1190863854082
2026-04-15T15:24:33.155,4.003127813525666,4.0051157477567045,4.004132271059291,4.002994060694817,0.0682872981439961,1.954883453541001,3.197342347940335,2.5826694120567595,1.8712879342608346,-49.14640877320005
2026-04-15T15:24:33.264,4.003127813525666,4.0051157477567045,4.004132271059291,4.002994060694817,0.0682872981439961,1.954883453541001,3.197342347940335,2.5826694120567595,1.8712879342608346,-49.14640877320005
2026-04-15T15:24:33.374,4.003127813525666,4.0051157477567045,4.004132271059291,4.002994060694817,0.0682872981439961,1.954883453541001,3.197342347940335,2.5826694120567595,1.8712879342608346,-49.14640877320005
2026-04-15T15:24:33.483,4.003015041531029,4.004572868619732,4.004255533472033,4.003088474457769,0.06873541019889656,1.8844009568930176,2.8580428873326014,2.6597084200208343,1.9302965361056579,-49.1408073725138
2026-04-15T15:24:33.592,4.003015041531029,4.004572868619732,4.004255533472033,4.003088474457769,0.06873541019889656,1.8844009568930176,2.8580428873326014,2.6597084200208343,1.9302965361056579,-49.1408073725138
2026-04-15T15:24:33.701,4.003015041531029,4.004572868619732,4.004255533472033,4.003088474457769,0.06873541019889656,1.8844009568930176,2.8580428873326014,2.6597084200208343,1.9302965361056579,-49.1408073725138
2026-04-15T15:24:33.811,4.003156662175456,4.0047879221909,4.004273891703718,4.002797365355335,0.06758027690181985,1.9729138596602525,2.9924513693124766,2.6711823148239944,1.7483533470841195,-49.155246538727255
2026-04-15T15:24:33.935,4.003156662175456,4.0047879221909,4.004273891703718,4.002797365355335,0.06758027690181985,1.9729138596602525,2.9924513693124766,2.6711823148239944,1.7483533470841195,-49.155246538727255
2026-04-15T15:24:34.059,4.003156662175456,4.0047879221909,4.004273891703718,4.002797365355335,0.06758027690181985,1.9729138596602525,2.9924513693124766,2.6711823148239944,1.7483533470841195,-49.155246538727255
2026-04-15T15:24:34.169,4.003101587480401,4.00463318852384,4.004242420449401,4.002876043491128,0.07172282389823288,1.9384921752507722,2.8957428274001273,2.65151278087572,1.7975271819548055,-49.10346470127209
2026-04-15T15:24:34.279,4.003101587480401,4.00463318852384,4.004242420449401,4.002876043491128,0.07172282389823288,1.9384921752507722,2.8957428274001273,2.65151278087572,1.7975271819548055,-49.10346470127209
2026-04-15T15:24:34.387,4.003101587480401,4.00463318852384,4.004242420449401,4.002876043491128,0.07172282389823288,1.9384921752507722,2.8957428274001273,2.65151278087572,1.7975271819548055,-49.10346470127209
2026-04-15T15:24:34.497,4.002828836609652,4.004339456816879,4.004195213567925,4.002959966835974,0.06910883691131361,1.768022881032394,2.712160510549566,2.6220084799533083,1.8499792724835373,-49.13613953860858
2026-04-15T15:24:34.605,4.002828836609652,4.004339456816879,4.004195213567925,4.002959966835974,0.06910883691131361,1.768022881032394,2.712160510549566,2.6220084799533083,1.8499792724835373,-49.13613953860858
2026-04-15T15:24:34.715,4.002828836609652,4.004339456816879,4.004195213567925,4.002959966835974,0.06910883691131361,1.768022881032394,2.712160510549566,2.6220084799533083,1.8499792724835373,-49.13613953860858
2026-04-15T15:24:34.824,4.003101587480401,4.00444173839341,4.0042266848222425,4.002632141270169,0.07130956500315803,1.9384921752507722,2.776086495881458,2.6416780139015827,1.6450882938556788,-49.108630437460526
2026-04-15T15:24:34.934,4.003101587480401,4.00444173839341,4.0042266848222425,4.002632141270169,0.07130956500315803,1.9384921752507722,2.776086495881458,2.6416780139015827,1.6450882938556788,-49.108630437460526
2026-04-15T15:24:35.042,4.003101587480401,4.00444173839341,4.0042266848222425,4.002632141270169,0.07130956500315803,1.9384921752507722,2.776086495881458,2.6416780139015827,1.6450882938556788,-49.108630437460526
2026-04-15T15:24:35.150,4.003306150633463,4.004659414569105,4.004161119709082,4.002666235129013,0.06805826309371366,2.066344145914556,2.912134105690356,2.600699818176011,1.666396955632976,-49.14927171132858
2026-04-15T15:24:35.260,4.003306150633463,4.004659414569105,4.004161119709082,4.002666235129013,0.06805826309371366,2.066344145914556,2.912134105690356,2.600699818176011,1.666396955632976,-49.14927171132858
2026-04-15T15:24:35.368,4.003306150633463,4.004659414569105,4.004161119709082,4.002666235129013,0.06805826309371366,2.066344145914556,2.912134105690356,2.600699818176011,1.666396955632976,-49.14927171132858
2026-04-15T15:24:35.477,4.002931118186183,4.0044548514160425,4.0040640833416035,4.002799987959861,0.06514553473686074,1.8319488663642858,2.7842821350265723,2.540052088502165,1.7499924749131424,-49.18568081578924
2026-04-15T15:24:35.586,4.002931118186183,4.0044548514160425,4.0040640833416035,4.002799987959861,0.06514553473686074,1.8319488663642858,2.7842821350265723,2.540052088502165,1.7499924749131424,-49.18568081578924
2026-04-15T15:24:35.696,4.002931118186183,4.0044548514160425,4.0040640833416035,4.002799987959861,0.06514553473686074,1.8319488663642858,2.7842821350265723,2.540052088502165,1.7499924749131424,-49.18568081578924
2026-04-15T15:24:35.806,4.00307273883061,4.00459647206047,4.004037857296339,4.0034399034643116,0.06760517201598099,1.9204617691315207,2.872795037793807,2.5236608102119362,2.1499396651947222,-49.15493534980024
2026-04-15T15:24:35.914,4.00307273883061,4.00459647206047,4.004037857296339,4.0034399034643116,0.06760517201598099,1.9204617691315207,2.872795037793807,2.5236608102119362,2.1499396651947222,-49.15493534980024
2026-04-15T15:24:36.024,4.00307273883061,4.00459647206047,4.004037857296339,4.0034399034643116,0.06760517201598099,1.9204617691315207,2.872795037793807,2.5236608102119362,2.1499396651947222,-49.15493534980024
2026-04-15T15:24:36.133,4.003243208124829,4.00497937232133,4.004389286302882,4.002663612524486,0.07010464147775905,2.027005078018007,3.112107700831146,2.7433039393010006,1.6647578278039532,-49.12369198152801
2026-04-15T15:24:36.242,4.003243208124829,4.00497937232133,4.004389286302882,4.002663612524486,0.07010464147775905,2.027005078018007,3.112107700831146,2.7433039393010006,1.6647578278039532,-49.12369198152801
2026-04-15T15:24:36.352,4.003243208124829,4.00497937232133,4.004389286302882,4.002663612524486,0.07010464147775905,2.027005078018007,3.112107700831146,2.7433039393010006,1.6647578278039532,-49.12369198152801
2026-04-15T15:24:36.461,4.002936363395236,4.004945278462486,4.00425815607656,4.003098964875875,0.066838402499818,1.8352271220223315,3.0907990390538487,2.661347547849857,1.9368530474217494,-49.16451996875227
2026-04-15T15:24:36.570,4.002936363395236,4.004945278462486,4.00425815607656,4.003098964875875,0.066838402499818,1.8352271220223315,3.0907990390538487,2.661347547849857,1.9368530474217494,-49.16451996875227
2026-04-15T15:24:36.678,4.002936363395236,4.004945278462486,4.00425815607656,4.003098964875875,0.066838402499818,1.8352271220223315,3.0907990390538487,2.661347547849857,1.9368530474217494,-49.16451996875227
2026-04-15T15:24:36.787,4.003064871017031,4.005037069620911,4.004344702025932,4.002897024327339,0.07074693542311636,1.915544385644452,3.148168513069649,2.715438766207612,1.8106402045869885,-49.115663307211044
2026-04-15T15:24:36.895,4.003064871017031,4.005037069620911,4.004344702025932,4.002897024327339,0.07074693542311636,1.915544385644452,3.148168513069649,2.715438766207612,1.8106402045869885,-49.115663307211044
2026-04-15T15:24:37.005,4.003064871017031,4.005037069620911,4.004344702025932,4.002897024327339,0.07074693542311636,1.915544385644452,3.148168513069649,2.715438766207612,1.8106402045869885,-49.115663307211044
2026-04-15T15:24:37.113,4.003067493621558,4.004625320710261,4.0039985182284425,4.002928495581656,0.07172282389823288,1.917183513473475,2.8908254439130587,2.499073892776593,1.830309738535263,-49.10346470127209
2026-04-15T15:24:37.221,4.003067493621558,4.004625320710261,4.0039985182284425,4.002928495581656,0.07172282389823288,1.917183513473475,2.8908254439130587,2.499073892776593,1.830309738535263,-49.10346470127209
2026-04-15T15:24:37.331,4.003067493621558,4.004625320710261,4.0039985182284425,4.002928495581656,0.07172282389823288,1.917183513473475,2.8908254439130587,2.499073892776593,1.830309738535263,-49.10346470127209
2026-04-15T15:24:37.442,4.003017664135555,4.004937410648908,4.004048347714445,4.0028026105643875,0.07109546702137226,1.8860400847220404,3.085881655567335,2.5302173215280277,1.7516316027421652,-49.11130666223285
2026-04-15T15:24:37.553,4.003017664135555,4.004937410648908,4.004048347714445,4.0028026105643875,0.07109546702137226,1.8860400847220404,3.085881655567335,2.5302173215280277,1.7516316027421652,-49.11130666223285
2026-04-15T15:24:37.662,4.003017664135555,4.004937410648908,4.004048347714445,4.0028026105643875,0.07109546702137226,1.8860400847220404,3.085881655567335,2.5302173215280277,1.7516316027421652,-49.11130666223285
2026-04-15T15:24:37.771,4.002731800242174,4.005136728592916,4.004200458776978,4.002768516705544,0.07490441948802608,1.7073751513585478,3.210455370572518,2.625286735611354,1.730322940964868,-49.06369475639967
2026-04-15T15:24:37.880,4.002731800242174,4.005136728592916,4.004200458776978,4.002768516705544,0.07490441948802608,1.7073751513585478,3.210455370572518,2.625286735611354,1.730322940964868,-49.06369475639967
2026-04-15T15:24:37.990,4.002731800242174,4.005136728592916,4.004200458776978,4.002768516705544,0.07490441948802608,1.7073751513585478,3.210455370572518,2.625286735611354,1.730322940964868,-49.06369475639967
2026-04-15T15:24:38.098,4.003098964875875,4.004919052417222,4.0041034224095,4.002692461174277,0.07585541284898147,1.9368530474217494,3.07440776076362,2.564639005937508,1.6827882339232048,-49.05180733938773
2026-04-15T15:24:38.207,4.003098964875875,4.004919052417222,4.0041034224095,4.002692461174277,0.07585541284898147,1.9368530474217494,3.07440776076362,2.564639005937508,1.6827882339232048,-49.05180733938773
2026-04-15T15:24:38.317,4.003098964875875,4.004919052417222,4.0041034224095,4.002692461174277,0.07585541284898147,1.9368530474217494,3.07440776076362,2.564639005937508,1.6827882339232048,-49.05180733938773
2026-04-15T15:24:38.426,4.002747535869332,4.0049111846036425,4.004119158036659,4.002868175677548,0.07739393090413967,1.717209918332685,3.0694903772765514,2.574473772911645,1.792609798467737,-49.032575863698256
2026-04-15T15:24:38.534,4.002747535869332,4.0049111846036425,4.004119158036659,4.002868175677548,0.07739393090413967,1.717209918332685,3.0694903772765514,2.574473772911645,1.792609798467737,-49.032575863698256
2026-04-15T15:24:38.645,4.002747535869332,4.0049111846036425,4.004119158036659,4.002868175677548,0.07739393090413967,1.717209918332685,3.0694903772765514,2.574473772911645,1.792609798467737,-49.032575863698256
2026-04-15T15:24:38.754,4.0028445722368104,4.004703998846054,4.004090309386868,4.0031907560343,0.07394346808140621,1.7778576480065311,2.939999278783745,2.5564433667923936,1.9942225214375497,-49.07570664898242
2026-04-15T15:24:38.863,4.0028445722368104,4.004703998846054,4.004090309386868,4.0031907560343,0.07394346808140621,1.7778576480065311,2.939999278783745,2.5564433667923936,1.9942225214375497,-49.07570664898242
2026-04-15T15:24:38.971,4.0028445722368104,4.004703998846054,4.004090309386868,4.0031907560343,0.07394346808140621,1.7778576480065311,2.939999278783745,2.5564433667923936,1.9942225214375497,-49.07570664898242
2026-04-15T15:24:39.081,4.0029468538133415,4.004743337913951,4.004544019969941,4.002681970756171,0.0687055360619032,1.841783633338423,2.964586196219643,2.84001248121335,1.6762317226071133,-49.141180799226206
2026-04-15T15:24:39.190,4.0029468538133415,4.004743337913951,4.004544019969941,4.002681970756171,0.0687055360619032,1.841783633338423,2.964586196219643,2.84001248121335,1.6762317226071133,-49.141180799226206
2026-04-15T15:24:39.299,4.0029468538133415,4.004743337913951,4.004544019969941,4.002681970756171,0.0687055360619032,1.841783633338423,2.964586196219643,2.84001248121335,1.6762317226071133,-49.141180799226206
2026-04-15T15:24:39.408,4.002831459214178,4.004845619490482,4.004342079421406,4.002860307863969,0.07293770546929633,1.7696620088614168,3.0285121815509797,2.713799638378589,1.7876924149806683,-49.088278681633795
2026-04-15T15:24:39.516,4.002831459214178,4.004845619490482,4.004342079421406,4.002860307863969,0.07293770546929633,1.7696620088614168,3.0285121815509797,2.713799638378589,1.7876924149806683,-49.088278681633795
2026-04-15T15:24:39.625,4.002831459214178,4.004845619490482,4.004342079421406,4.002860307863969,0.07293770546929633,1.7696620088614168,3.0285121815509797,2.713799638378589,1.7876924149806683,-49.088278681633795
2026-04-15T15:24:39.734,4.003025531949135,4.004541397365415,4.004087686782342,4.002931118186183,0.07171784487540066,1.890957468209109,2.838373353384327,2.554804238963926,1.8319488663642858,-49.10352693905749
2026-04-15T15:24:39.843,4.003025531949135,4.004541397365415,4.004087686782342,4.002931118186183,0.07171784487540066,1.890957468209109,2.838373353384327,2.554804238963926,1.8319488663642858,-49.10352693905749
2026-04-15T15:24:39.953,4.003025531949135,4.004541397365415,4.004087686782342,4.002931118186183,0.07171784487540066,1.890957468209109,2.838373353384327,2.554804238963926,1.8319488663642858,-49.10352693905749
2026-04-15T15:24:40.062,4.002978325067659,4.004890203767431,4.004203081381505,4.002671480338066,0.0747650068487237,1.8614531672866974,3.0563773546443684,2.626925863440377,1.6696752112910218,-49.065437414390956
2026-04-15T15:24:40.173,4.002978325067659,4.004890203767431,4.004203081381505,4.002671480338066,0.0747650068487237,1.8614531672866974,3.0563773546443684,2.626925863440377,1.6696752112910218,-49.065437414390956
2026-04-15T15:24:40.282,4.002978325067659,4.004890203767431,4.004203081381505,4.002671480338066,0.0747650068487237,1.8614531672866974,3.0563773546443684,2.626925863440377,1.6696752112910218,-49.065437414390956
2026-04-15T15:24:40.392,4.003180265616194,4.004578113828785,4.00425815607656,4.002828836609652,0.07357999941465364,1.9876660101214583,2.861321142990647,2.661347547849857,1.768022881032394,-49.08025000731683
2026-04-15T15:24:40.502,4.003180265616194,4.004578113828785,4.00425815607656,4.002828836609652,0.07357999941465364,1.9876660101214583,2.861321142990647,2.661347547849857,1.768022881032394,-49.08025000731683
2026-04-15T15:24:40.612,4.003180265616194,4.004578113828785,4.00425815607656,4.002828836609652,0.07357999941465364,1.9876660101214583,2.861321142990647,2.661347547849857,1.768022881032394,-49.08025000731683
2026-04-15T15:24:40.722,4.002826214005125,4.005079031293334,4.004043102505392,4.0028026105643875,0.07466542639207915,1.766383753203371,3.174394558334015,2.526939065869982,1.7516316027421652,-49.066682170099014
2026-04-15T15:24:40.830,4.002826214005125,4.005079031293334,4.004043102505392,4.0028026105643875,0.07466542639207915,1.766383753203371,3.174394558334015,2.526939065869982,1.7516316027421652,-49.066682170099014
2026-04-15T15:24:40.940,4.002826214005125,4.005079031293334,4.004043102505392,4.0028026105643875,0.07466542639207915,1.766383753203371,3.174394558334015,2.526939065869982,1.7516316027421652,-49.066682170099014
2026-04-15T15:24:41.049,4.002954721626921,4.005131483383864,4.004043102505392,4.002975702463132,0.07179253021788407,1.8467010168254916,3.2071771149150274,2.526939065869982,1.8598140394576745,-49.102593372276445
2026-04-15T15:24:41.159,4.002954721626921,4.005131483383864,4.004043102505392,4.002975702463132,0.07179253021788407,1.8467010168254916,3.2071771149150274,2.526939065869982,1.8598140394576745,-49.102593372276445
2026-04-15T15:24:41.267,4.002954721626921,4.005131483383864,4.004043102505392,4.002975702463132,0.07179253021788407,1.8467010168254916,3.2071771149150274,2.526939065869982,1.8598140394576745,-49.102593372276445
2026-04-15T15:24:41.375,4.002983570276712,4.00459647206047,4.004276514308245,4.0025062562529,0.07069216617196186,1.8647314229447431,2.872795037793807,2.6728214426530172,1.566410158062581,-49.11634792285048
2026-04-15T15:24:41.486,4.002983570276712,4.00459647206047,4.004276514308245,4.0025062562529,0.07069216617196186,1.8647314229447431,2.872795037793807,2.6728214426530172,1.566410158062581,-49.11634792285048
2026-04-15T15:24:41.596,4.002983570276712,4.00459647206047,4.004276514308245,4.0025062562529,0.07069216617196186,1.8647314229447431,2.872795037793807,2.6728214426530172,1.566410158062581,-49.11634792285048
2026-04-15T15:24:41.705,4.0029888154857645,4.004932165439854,4.004300117748983,4.003243208124829,0.07063241789797513,1.8680096786027889,3.0826033999087343,2.687573593114223,2.027005078018007,-49.11709477627531
2026-04-15T15:24:41.815,4.0029888154857645,4.004932165439854,4.004300117748983,4.003243208124829,0.07063241789797513,1.8680096786027889,3.0826033999087343,2.687573593114223,2.027005078018007,-49.11709477627531
2026-04-15T15:24:41.924,4.0029888154857645,4.004932165439854,4.004300117748983,4.003243208124829,0.07063241789797513,1.8680096786027889,3.0826033999087343,2.687573593114223,2.027005078018007,-49.11709477627531
2026-04-15T15:24:42.034,4.00292587297713,4.004892826371957,4.004444360997937,4.002826214005125,0.0748546292597038,1.82867061070624,3.0580164824733913,2.777725623710481,1.766383753203371,-49.064317134253706
2026-04-15T15:24:42.144,4.00292587297713,4.004892826371957,4.004444360997937,4.002826214005125,0.0748546292597038,1.82867061070624,3.0580164824733913,2.777725623710481,1.766383753203371,-49.064317134253706
2026-04-15T15:24:42.253,4.00292587297713,4.004892826371957,4.004444360997937,4.002826214005125,0.0748546292597038,1.82867061070624,3.0580164824733913,2.777725623710481,1.766383753203371,-49.064317134253706
2026-04-15T15:24:42.362,4.002868175677548,4.005084276502387,4.004150629290976,4.00311732310756,0.07340573361552569,1.792609798467737,3.1776728139920607,2.5941433068599196,1.9483269422249094,-49.08242832980593
2026-04-15T15:24:42.471,4.002868175677548,4.005084276502387,4.004150629290976,4.00311732310756,0.07340573361552569,1.792609798467737,3.1776728139920607,2.5941433068599196,1.9483269422249094,-49.08242832980593
2026-04-15T15:24:42.582,4.002868175677548,4.005084276502387,4.004150629290976,4.00311732310756,0.07340573361552569,1.792609798467737,3.1776728139920607,2.5941433068599196,1.9483269422249094,-49.08242832980593
2026-04-15T15:24:42.691,4.00303602236724,4.005058050457123,4.004098177200447,4.0029232503726035,0.06650480797005878,1.8975139795252005,3.161281535701832,2.561360750279462,1.8270314828772172,-49.16868990037426
2026-04-15T15:24:42.799,4.00303602236724,4.005058050457123,4.004098177200447,4.0029232503726035,0.06650480797005878,1.8975139795252005,3.161281535701832,2.561360750279462,1.8270314828772172,-49.16868990037426
2026-04-15T15:24:42.908,4.00303602236724,4.005058050457123,4.004098177200447,4.0029232503726035,0.06650480797005878,1.8975139795252005,3.161281535701832,2.561360750279462,1.8270314828772172,-49.16868990037426
2026-04-15T15:24:43.018,4.0029652120450265,4.004630565919314,4.003820181120646,4.003025531949135,0.06867566192490984,1.853257528141583,2.8941036995711045,2.3876132004035933,1.890957468209109,-49.14155422593863
2026-04-15T15:24:43.127,4.0029652120450265,4.004630565919314,4.003820181120646,4.003025531949135,0.06867566192490984,1.853257528141583,2.8941036995711045,2.3876132004035933,1.890957468209109,-49.14155422593863
2026-04-15T15:24:43.235,4.0029652120450265,4.004630565919314,4.003820181120646,4.003025531949135,0.06867566192490984,1.853257528141583,2.8941036995711045,2.3876132004035933,1.890957468209109,-49.14155422593863
2026-04-15T15:24:43.344,4.003059625807978,4.004376173280249,4.004231930031295,4.002920627768077,0.07075689346878081,1.9122661299864063,2.7351083001558862,2.6449562695596285,1.8253923550481943,-49.11553883164024
2026-04-15T15:24:43.455,4.003059625807978,4.004376173280249,4.004231930031295,4.002920627768077,0.07075689346878081,1.9122661299864063,2.7351083001558862,2.6449562695596285,1.8253923550481943,-49.11553883164024
2026-04-15T15:24:43.563,4.003059625807978,4.004376173280249,4.004231930031295,4.002920627768077,0.07075689346878081,1.9122661299864063,2.7351083001558862,2.6449562695596285,1.8253923550481943,-49.11553883164024
2026-04-15T15:24:43.672,4.0030438901808205,4.004759073541109,4.004087686782342,4.002897024327339,0.07132948109448695,1.9024313630128242,2.974420963193225,2.554804238963926,1.8106402045869885,-49.10838148631891
2026-04-15T15:24:43.781,4.0030438901808205,4.004759073541109,4.004087686782342,4.002897024327339,0.07132948109448695,1.9024313630128242,2.974420963193225,2.554804238963926,1.8106402045869885,-49.10838148631891
2026-04-15T15:24:43.891,4.0030438901808205,4.004759073541109,4.004087686782342,4.002897024327339,0.07132948109448695,1.9024313630128242,2.974420963193225,2.554804238963926,1.8106402045869885,-49.10838148631891
2026-04-15T15:24:44.000,4.003112077898507,4.004866600326693,4.004077196364236,4.003022909344608,0.07250453048289256,1.9450486865668637,3.0416252041831626,2.5482477276472792,1.8893183403800862,-49.09369336896384
2026-04-15T15:24:44.109,4.003112077898507,4.004866600326693,4.004077196364236,4.003022909344608,0.07250453048289256,1.9450486865668637,3.0416252041831626,2.5482477276472792,1.8893183403800862,-49.09369336896384
2026-04-15T15:24:44.231,4.003112077898507,4.004866600326693,4.004077196364236,4.003022909344608,0.07250453048289256,1.9450486865668637,3.0416252041831626,2.5482477276472792,1.8893183403800862,-49.09369336896384
2026-04-15T15:24:44.341,4.002941608604289,4.00475120572753,4.004168987522661,4.0029048921409185,0.07068718714912964,1.8385053776803773,2.9695035797061564,2.6056172016630796,1.815557588074057,-49.11641016063588
2026-04-15T15:24:44.436,4.002941608604289,4.00475120572753,4.004168987522661,4.0029048921409185,0.07068718714912964,1.8385053776803773,2.9695035797061564,2.6056172016630796,1.815557588074057,-49.11641016063588
2026-04-15T15:24:44.546,4.002941608604289,4.00475120572753,4.004168987522661,4.0029048921409185,0.07068718714912964,1.8385053776803773,2.9695035797061564,2.6056172016630796,1.815557588074057,-49.11641016063588
2026-04-15T15:24:44.670,4.003101587480401,4.004759073541109,4.003967046974125,4.002855062654916,0.07004489320377232,1.9384921752507722,2.974420963193225,2.4794043588283188,1.7844141593226226,-49.12443883495284
2026-04-15T15:24:44.779,4.003101587480401,4.004759073541109,4.003967046974125,4.002855062654916,0.07004489320377232,1.9384921752507722,2.974420963193225,2.4794043588283188,1.7844141593226226,-49.12443883495284
2026-04-15T15:24:44.889,4.003101587480401,4.004759073541109,4.003967046974125,4.002855062654916,0.07004489320377232,1.9384921752507722,2.974420963193225,2.4794043588283188,1.7844141593226226,-49.12443883495284
2026-04-15T15:24:44.998,4.003224849893144,4.004606962478576,4.003890991442859,4.002695083778804,0.06872047313039988,2.015531183214847,2.8793515491098987,2.4318696517866556,1.6844273617522276,-49.14099408587
2026-04-15T15:24:45.108,4.003224849893144,4.004606962478576,4.003890991442859,4.002695083778804,0.06872047313039988,2.015531183214847,2.8793515491098987,2.4318696517866556,1.6844273617522276,-49.14099408587
2026-04-15T15:24:45.216,4.003224849893144,4.004606962478576,4.003890991442859,4.002695083778804,0.06872047313039988,2.015531183214847,2.8793515491098987,2.4318696517866556,1.6844273617522276,-49.14099408587
2026-04-15T15:24:45.341,4.002873420886601,4.004984617530383,4.004132271059291,4.002713442010489,0.06986066935897992,1.7958880541257827,3.1153859564891917,2.5826694120567595,1.6959012565553877,-49.12674163301275
2026-04-15T15:24:45.450,4.002873420886601,4.004984617530383,4.004132271059291,4.002713442010489,0.06986066935897992,1.7958880541257827,3.1153859564891917,2.5826694120567595,1.6959012565553877,-49.12674163301275
2026-04-15T15:24:45.560,4.002873420886601,4.004984617530383,4.004132271059291,4.002713442010489,0.06986066935897992,1.7958880541257827,3.1153859564891917,2.5826694120567595,1.6959012565553877,-49.12674163301275
2026-04-15T15:24:45.667,4.003161907384509,4.0049111846036425,4.004189968358872,4.002758026287438,0.07105563483871444,1.9761921153182982,3.0694903772765514,2.6187302242952626,1.7237664296487765,-49.11180456451607
2026-04-15T15:24:45.775,4.003161907384509,4.0049111846036425,4.004189968358872,4.002758026287438,0.07105563483871444,1.9761921153182982,3.0694903772765514,2.6187302242952626,1.7237664296487765,-49.11180456451607
2026-04-15T15:24:45.884,4.003161907384509,4.0049111846036425,4.004189968358872,4.002758026287438,0.07105563483871444,1.9761921153182982,3.0694903772765514,2.6187302242952626,1.7237664296487765,-49.11180456451607
2026-04-15T15:24:45.993,4.003209114265985,4.0045571329925735,4.004150629290976,4.002742290660279,0.0693627670757572,2.00569641624071,2.848208120358464,2.5941433068599196,1.7139316626746393,-49.13296541155304
2026-04-15T15:24:46.101,4.003209114265985,4.0045571329925735,4.004150629290976,4.002742290660279,0.0693627670757572,2.00569641624071,2.848208120358464,2.5941433068599196,1.7139316626746393,-49.13296541155304
2026-04-15T15:24:46.211,4.003209114265985,4.0045571329925735,4.004150629290976,4.002742290660279,0.0693627670757572,2.00569641624071,2.848208120358464,2.5941433068599196,1.7139316626746393,-49.13296541155304
2026-04-15T15:24:46.320,4.003075361435137,4.004457474020569,4.004032612087286,4.002912759954498,0.06833708837231837,1.9221008969605435,2.785921262855595,2.5203825545538905,1.8204749715611257,-49.14578639534602
2026-04-15T15:24:46.427,4.003075361435137,4.004457474020569,4.004032612087286,4.002912759954498,0.06833708837231837,1.9221008969605435,2.785921262855595,2.5203825545538905,1.8204749715611257,-49.14578639534602
2026-04-15T15:24:46.536,4.003075361435137,4.004457474020569,4.004032612087286,4.002912759954498,0.06833708837231837,1.9221008969605435,2.785921262855595,2.5203825545538905,1.8204749715611257,-49.14578639534602
2026-04-15T15:24:46.645,4.003088474457769,4.004892826371957,4.004098177200447,4.002836704423232,0.06802340993388807,1.9302965361056579,3.0580164824733913,2.561360750279462,1.7729402645200176,-49.1497073758264
2026-04-15T15:24:46.756,4.003088474457769,4.004892826371957,4.004098177200447,4.002836704423232,0.06802340993388807,1.9302965361056579,3.0580164824733913,2.561360750279462,1.7729402645200176,-49.1497073758264
2026-04-15T15:24:46.865,4.003088474457769,4.004892826371957,4.004098177200447,4.002836704423232,0.06802340993388807,1.9302965361056579,3.0580164824733913,2.561360750279462,1.7729402645200176,-49.1497073758264
2026-04-15T15:24:46.974,4.003332376678728,4.004756450936583,4.004179477940767,4.003025531949135,0.07204646038232766,2.0827354242047846,2.972781835364202,2.612173712979171,1.890957468209109,-49.09941924522091
2026-04-15T15:24:47.084,4.003332376678728,4.004756450936583,4.004179477940767,4.003025531949135,0.07204646038232766,2.0827354242047846,2.972781835364202,2.612173712979171,1.890957468209109,-49.09941924522091
2026-04-15T15:24:47.194,4.003332376678728,4.004756450936583,4.004179477940767,4.003025531949135,0.07204646038232766,2.0827354242047846,2.972781835364202,2.612173712979171,1.890957468209109,-49.09941924522091
2026-04-15T15:24:47.304,4.003125190921139,4.005044937434491,4.004313230771615,4.00266098991996,0.0661961085544607,1.953244325711978,3.1530858965567177,2.6957692322593374,1.6631186999749303,-49.17254864306924
2026-04-15T15:24:47.413,4.003125190921139,4.005044937434491,4.004313230771615,4.00266098991996,0.0661961085544607,1.953244325711978,3.1530858965567177,2.6957692322593374,1.6631186999749303,-49.17254864306924
2026-04-15T15:24:47.522,4.003125190921139,4.005044937434491,4.004313230771615,4.00266098991996,0.0661961085544607,1.953244325711978,3.1530858965567177,2.6957692322593374,1.6631186999749303,-49.17254864306924
2026-04-15T15:24:47.631,4.0030438901808205,4.005092144315967,4.004488945274886,4.0033612253285185,0.06877026335872215,1.9024313630128242,3.1825901974791293,2.8055907968038696,2.100765830324036,-49.14037170801598
2026-04-15T15:24:47.740,4.0030438901808205,4.005092144315967,4.004488945274886,4.0033612253285185,0.06877026335872215,1.9024313630128242,3.1825901974791293,2.8055907968038696,2.100765830324036,-49.14037170801598
2026-04-15T15:24:47.849,4.0030438901808205,4.005092144315967,4.004488945274886,4.0033612253285185,0.06877026335872215,1.9024313630128242,3.1825901974791293,2.8055907968038696,2.100765830324036,-49.14037170801598
2026-04-15T15:24:47.958,4.003098964875875,4.004565000806153,4.004410267139093,4.002828836609652,0.06692802491079809,1.9368530474217494,2.8531255038455328,2.7564169619331835,1.768022881032394,-49.16339968861502
2026-04-15T15:24:48.067,4.003098964875875,4.004565000806153,4.004410267139093,4.002828836609652,0.06692802491079809,1.9368530474217494,2.8531255038455328,2.7564169619331835,1.768022881032394,-49.16339968861502
2026-04-15T15:24:48.177,4.003098964875875,4.004565000806153,4.004410267139093,4.002828836609652,0.06692802491079809,1.9368530474217494,2.8531255038455328,2.7564169619331835,1.768022881032394,-49.16339968861502
2026-04-15T15:24:48.286,4.003182888220721,4.004840374281429,4.004237175240348,4.002826214005125,0.06959678114887187,1.9893051379504811,3.025233925892934,2.648234525217674,1.766383753203371,-49.1300402356391
2026-04-15T15:24:48.393,4.003182888220721,4.004840374281429,4.004237175240348,4.002826214005125,0.06959678114887187,1.9893051379504811,3.025233925892934,2.648234525217674,1.766383753203371,-49.1300402356391
2026-04-15T15:24:48.502,4.003182888220721,4.004840374281429,4.004237175240348,4.002826214005125,0.06959678114887187,1.9893051379504811,3.025233925892934,2.648234525217674,1.766383753203371,-49.1300402356391
2026-04-15T15:24:48.610,4.003017664135555,4.004932165439854,4.00417685533624,4.003167152593562,0.0693627670757572,1.8860400847220404,3.0826033999087343,2.6105345851501482,1.979470370976344,-49.13296541155304
2026-04-15T15:24:48.720,4.003017664135555,4.004932165439854,4.00417685533624,4.003167152593562,0.0693627670757572,1.8860400847220404,3.0826033999087343,2.6105345851501482,1.979470370976344,-49.13296541155304
2026-04-15T15:24:48.828,4.003017664135555,4.004932165439854,4.00417685533624,4.003167152593562,0.0693627670757572,1.8860400847220404,3.0826033999087343,2.6105345851501482,1.979470370976344,-49.13296541155304
2026-04-15T15:24:48.938,4.003180265616194,4.005110502547652,4.003888368838332,4.002758026287438,0.07510358040131516,1.9876660101214583,3.1940640922822894,2.4302305239576327,1.7237664296487765,-49.061205244983555
2026-04-15T15:24:49.046,4.003180265616194,4.005110502547652,4.003888368838332,4.002758026287438,0.07510358040131516,1.9876660101214583,3.1940640922822894,2.4302305239576327,1.7237664296487765,-49.061205244983555
2026-04-15T15:24:49.154,4.003180265616194,4.005110502547652,4.003888368838332,4.002758026287438,0.07510358040131516,1.9876660101214583,3.1940640922822894,2.4302305239576327,1.7237664296487765,-49.061205244983555
2026-04-15T15:24:49.279,4.002828836609652,4.004793167399953,4.004168987522661,4.002681970756171,0.06938766218991833,1.768022881032394,2.9957296249705223,2.6056172016630796,1.6762317226071133,-49.13265422262602
2026-04-15T15:24:49.388,4.002828836609652,4.004793167399953,4.004168987522661,4.002681970756171,0.06938766218991833,1.768022881032394,2.9957296249705223,2.6056172016630796,1.6762317226071133,-49.13265422262602
2026-04-15T15:24:49.497,4.002828836609652,4.004793167399953,4.004168987522661,4.002681970756171,0.06938766218991833,1.768022881032394,2.9957296249705223,2.6056172016630796,1.6762317226071133,-49.13265422262602
2026-04-15T15:24:49.620,4.002994060694817,4.004853487304061,4.004289627330877,4.002936363395236,0.06529490542182756,1.8712879342608346,3.0334295650380483,2.6810170817981316,1.8352271220223315,-49.183813682227154
2026-04-15T15:24:49.715,4.002994060694817,4.004853487304061,4.004289627330877,4.002936363395236,0.06529490542182756,1.8712879342608346,3.0334295650380483,2.6810170817981316,1.8352271220223315,-49.183813682227154
2026-04-15T15:24:49.824,4.002994060694817,4.004853487304061,4.004289627330877,4.002936363395236,0.06529490542182756,1.8712879342608346,3.0334295650380483,2.6810170817981316,1.8352271220223315,-49.183813682227154
2026-04-15T15:24:49.932,4.003017664135555,4.005204916310604,4.004009008646548,4.003196001243353,0.0682325288928416,1.8860400847220404,3.2530726941276678,2.5056304040926847,1.9975007770955955,-49.14709338883948
2026-04-15T15:24:50.040,4.003017664135555,4.005204916310604,4.004009008646548,4.003196001243353,0.0682325288928416,1.8860400847220404,3.2530726941276678,2.5056304040926847,1.9975007770955955,-49.14709338883948
2026-04-15T15:24:50.147,4.003017664135555,4.005204916310604,4.004009008646548,4.003196001243353,0.0682325288928416,1.8860400847220404,3.2530726941276678,2.5056304040926847,1.9975007770955955,-49.14709338883948
2026-04-15T15:24:50.256,4.0030491353898725,4.004908561999116,4.004174232731714,4.003051757994399,0.06812299039053261,1.9057096186703149,3.0678512494475285,2.6088954573211254,1.9073487464993377,-49.148462620118345
2026-04-15T15:24:50.359,4.0030491353898725,4.004908561999116,4.004174232731714,4.003051757994399,0.06812299039053261,1.9057096186703149,3.0678512494475285,2.6088954573211254,1.9073487464993377,-49.148462620118345
2026-04-15T15:24:50.474,4.0030491353898725,4.004908561999116,4.004174232731714,4.003051757994399,0.06812299039053261,1.9057096186703149,3.0678512494475285,2.6088954573211254,1.9073487464993377,-49.148462620118345
2026-04-15T15:24:50.581,4.003340244492307,4.005113125152178,4.00414800668645,4.003038644971767,0.06959180212603965,2.0876528076918532,3.1957032201113122,2.592504179031452,1.8991531073542234,-49.1301024734245
2026-04-15T15:24:50.691,4.003340244492307,4.005113125152178,4.00414800668645,4.003038644971767,0.06959180212603965,2.0876528076918532,3.1957032201113122,2.592504179031452,1.8991531073542234,-49.1301024734245
2026-04-15T15:24:50.801,4.003340244492307,4.005113125152178,4.00414800668645,4.003038644971767,0.06959180212603965,2.0876528076918532,3.1957032201113122,2.592504179031452,1.8991531073542234,-49.1301024734245
2026-04-15T15:24:50.910,4.003321886260622,4.004756450936583,4.004349947234985,4.002928495581656,0.0681379274590293,2.076178912888693,2.972781835364202,2.7187170218656576,1.830309738535263,-49.14827590676214
2026-04-15T15:24:51.019,4.003321886260622,4.004756450936583,4.004349947234985,4.002928495581656,0.0681379274590293,2.076178912888693,2.972781835364202,2.7187170218656576,1.830309738535263,-49.14827590676214
2026-04-15T15:24:51.126,4.003321886260622,4.004756450936583,4.004349947234985,4.002928495581656,0.0681379274590293,2.076178912888693,2.972781835364202,2.7187170218656576,1.830309738535263,-49.14827590676214
2026-04-15T15:24:51.236,4.003416300023574,4.004811525631638,4.00436830546667,4.003473997323155,0.07019924291157136,2.1351875147335164,3.0072035197736824,2.7301909166688176,2.1712483269720195,-49.122509463605354
2026-04-15T15:24:51.343,4.003416300023574,4.004811525631638,4.00436830546667,4.003473997323155,0.07019924291157136,2.1351875147335164,3.0072035197736824,2.7301909166688176,2.1712483269720195,-49.122509463605354
2026-04-15T15:24:51.454,4.003416300023574,4.004811525631638,4.00436830546667,4.003473997323155,0.07019924291157136,2.1351875147335164,3.0072035197736824,2.7301909166688176,2.1712483269720195,-49.122509463605354
2026-04-15T15:24:51.565,4.003245830729355,4.004465341834148,4.004153251895502,4.0031514169664035,0.06937272512142165,2.02864420584703,2.7908386463426638,2.5957824346889424,1.9696356040022067,-49.13284093598223
2026-04-15T15:24:51.674,4.003245830729355,4.004465341834148,4.004153251895502,4.0031514169664035,0.06937272512142165,2.02864420584703,2.7908386463426638,2.5957824346889424,1.9696356040022067,-49.13284093598223
2026-04-15T15:24:51.785,4.003245830729355,4.004465341834148,4.004153251895502,4.0031514169664035,0.06937272512142165,2.02864420584703,2.7908386463426638,2.5957824346889424,1.9696356040022067,-49.13284093598223
2026-04-15T15:24:51.894,4.003279924588199,4.005026579202806,4.0042922499354034,4.003434658255259,0.06963163430869745,2.0499528676243273,3.1416120017535576,2.6826562096271545,2.1466614095366765,-49.129604571141286
2026-04-15T15:24:52.002,4.003279924588199,4.005026579202806,4.0042922499354034,4.003434658255259,0.06963163430869745,2.0499528676243273,3.1416120017535576,2.6826562096271545,2.1466614095366765,-49.129604571141286
2026-04-15T15:24:52.110,4.003279924588199,4.005026579202806,4.0042922499354034,4.003434658255259,0.06963163430869745,2.0499528676243273,3.1416120017535576,2.6826562096271545,2.1466614095366765,-49.129604571141286
2026-04-15T15:24:52.221,4.0030491353898725,4.00508952171144,4.00421357179961,4.00311732310756,0.07162324344158834,1.9057096186703149,3.1809510696501064,2.6334823747564684,1.9483269422249094,-49.104709456980146
2026-04-15T15:24:52.329,4.0030491353898725,4.00508952171144,4.00421357179961,4.00311732310756,0.07162324344158834,1.9057096186703149,3.1809510696501064,2.6334823747564684,1.9483269422249094,-49.104709456980146
2026-04-15T15:24:52.438,4.0030491353898725,4.00508952171144,4.00421357179961,4.00311732310756,0.07162324344158834,1.9057096186703149,3.1809510696501064,2.6334823747564684,1.9483269422249094,-49.104709456980146
2026-04-15T15:24:52.549,4.003177643011668,4.004730224891318,4.004216194404137,4.003332376678728,0.06849641710294967,1.9860268822924354,2.9563905570739735,2.6351215025854913,2.0827354242047846,-49.14379478621313
2026-04-15T15:24:52.658,4.003177643011668,4.004730224891318,4.004216194404137,4.003332376678728,0.06849641710294967,1.9860268822924354,2.9563905570739735,2.6351215025854913,2.0827354242047846,-49.14379478621313
2026-04-15T15:24:52.766,4.003177643011668,4.004730224891318,4.004216194404137,4.003332376678728,0.06849641710294967,1.9860268822924354,2.9563905570739735,2.6351215025854913,2.0827354242047846,-49.14379478621313
2026-04-15T15:24:52.875,4.003119945712086,4.004822016049744,4.004163742313608,4.003146171757351,0.06663426256369669,1.9499660700539323,3.013760031089774,2.602338946005034,1.966357348344161,-49.16707171795379
2026-04-15T15:24:52.986,4.003119945712086,4.004822016049744,4.004163742313608,4.003146171757351,0.06663426256369669,1.9499660700539323,3.013760031089774,2.602338946005034,1.966357348344161,-49.16707171795379
2026-04-15T15:24:53.096,4.003119945712086,4.004822016049744,4.004163742313608,4.003146171757351,0.06663426256369669,1.9499660700539323,3.013760031089774,2.602338946005034,1.966357348344161,-49.16707171795379
2026-04-15T15:24:53.205,4.0031907560343,4.004790544795426,4.004132271059291,4.002881288700181,0.0639854224169518,1.9942225214375497,2.9940904971414994,2.5826694120567595,1.8008054376128513,-49.200182219788104
2026-04-15T15:24:53.313,4.0031907560343,4.004790544795426,4.004132271059291,4.002881288700181,0.0639854224169518,1.9942225214375497,2.9940904971414994,2.5826694120567595,1.8008054376128513,-49.200182219788104
2026-04-15T15:24:53.420,4.0031907560343,4.004790544795426,4.004132271059291,4.002881288700181,0.0639854224169518,1.9942225214375497,2.9940904971414994,2.5826694120567595,1.8008054376128513,-49.200182219788104
2026-04-15T15:24:53.530,4.003119945712086,4.004822016049744,4.004053592923498,4.002928495581656,0.06842671078329848,1.9499660700539323,3.013760031089774,2.5334955771860734,1.830309738535263,-49.14466611520877
2026-04-15T15:24:53.639,4.003119945712086,4.004822016049744,4.004053592923498,4.002928495581656,0.06842671078329848,1.9499660700539323,3.013760031089774,2.5334955771860734,1.830309738535263,-49.14466611520877
2026-04-15T15:24:53.763,4.003119945712086,4.004822016049744,4.004053592923498,4.002928495581656,0.06842671078329848,1.9499660700539323,3.013760031089774,2.5334955771860734,1.830309738535263,-49.14466611520877
2026-04-15T15:24:53.858,4.003104210084929,4.004900694185537,4.004266023890139,4.002894401722813,0.0724945724372281,1.9401313030803502,3.06293386596046,2.6662649313369258,1.8090010767579656,-49.09381784453465
2026-04-15T15:24:53.973,4.003104210084929,4.004900694185537,4.004266023890139,4.002894401722813,0.0724945724372281,1.9401313030803502,3.06293386596046,2.6662649313369258,1.8090010767579656,-49.09381784453465
2026-04-15T15:24:54.089,4.003104210084929,4.004900694185537,4.004266023890139,4.002894401722813,0.0724945724372281,1.9401313030803502,3.06293386596046,2.6662649313369258,1.8090010767579656,-49.09381784453465
2026-04-15T15:24:54.199,4.002978325067659,4.004981994925856,4.003935575719808,4.003232717706723,0.07004987222660455,1.8614531672866974,3.113746828660169,2.4597348248800444,2.0204485667019156,-49.12437659716744
2026-04-15T15:24:54.296,4.002978325067659,4.004981994925856,4.003935575719808,4.003232717706723,0.07004987222660455,1.8614531672866974,3.113746828660169,2.4597348248800444,2.0204485667019156,-49.12437659716744
2026-04-15T15:24:54.407,4.002978325067659,4.004981994925856,4.003935575719808,4.003232717706723,0.07004987222660455,1.8614531672866974,3.113746828660169,2.4597348248800444,2.0204485667019156,-49.12437659716744
2026-04-15T15:24:54.526,4.00308060664419,4.0049111846036425,4.004145384081923,4.002883911304707,0.06775454270094781,1.9253791526185893,3.0694903772765514,2.590865051201874,1.8024445654418741,-49.153068216238154
2026-04-15T15:24:54.636,4.00308060664419,4.0049111846036425,4.004145384081923,4.002883911304707,0.06775454270094781,1.9253791526185893,3.0694903772765514,2.590865051201874,1.8024445654418741,-49.153068216238154
2026-04-15T15:24:54.735,4.00308060664419,4.0049111846036425,4.004145384081923,4.002883911304707,0.06775454270094781,1.9253791526185893,3.0694903772765514,2.590865051201874,1.8024445654418741,-49.153068216238154
2026-04-15T15:24:54.844,4.003148794361877,4.004858732513114,4.004158497104555,4.003395319187362,0.06523515714784084,1.9679964761731839,3.036707820696094,2.599060690346988,2.1220744921013335,-49.18456053565199
2026-04-15T15:24:54.956,4.003148794361877,4.004858732513114,4.004158497104555,4.003395319187362,0.06523515714784084,1.9679964761731839,3.036707820696094,2.599060690346988,2.1220744921013335,-49.18456053565199
2026-04-15T15:24:55.074,4.003148794361877,4.004858732513114,4.004158497104555,4.003395319187362,0.06523515714784084,1.9679964761731839,3.036707820696094,2.599060690346988,2.1220744921013335,-49.18456053565199
2026-04-15T15:24:55.184,4.003140926548298,4.004853487304061,4.004255533472033,4.003012418926502,0.072514488528557,1.9630790926861152,3.0334295650380483,2.6597084200208343,1.8827618290639947,-49.093568893393034
2026-04-15T15:24:55.293,4.003140926548298,4.004853487304061,4.004255533472033,4.003012418926502,0.072514488528557,1.9630790926861152,3.0334295650380483,2.6597084200208343,1.8827618290639947,-49.093568893393034
2026-04-15T15:24:55.403,4.003140926548298,4.004853487304061,4.004255533472033,4.003012418926502,0.072514488528557,1.9630790926861152,3.0334295650380483,2.6597084200208343,1.8827618290639947,-49.093568893393034
2026-04-15T15:24:55.511,4.002954721626921,4.004814148236164,4.004509926111098,4.003130436130192,0.0691436900711392,1.8467010168254916,3.0088426476027053,2.8187038194360525,1.9565225813700238,-49.13570387411076
2026-04-15T15:24:55.612,4.002954721626921,4.004814148236164,4.004509926111098,4.003130436130192,0.0691436900711392,1.8467010168254916,3.0088426476027053,2.8187038194360525,1.9565225813700238,-49.13570387411076
2026-04-15T15:24:55.723,4.002954721626921,4.004814148236164,4.004509926111098,4.003130436130192,0.0691436900711392,1.8467010168254916,3.0088426476027053,2.8187038194360525,1.9565225813700238,-49.13570387411076
2026-04-15T15:24:55.827,4.002818346191546,4.005002975762068,4.004239797844875,4.0033192636560955,0.06982581619915433,1.7614663697163024,3.1268598512923518,2.649873653046697,2.0745397850596703,-49.12717729751057
2026-04-15T15:24:55.944,4.002818346191546,4.005002975762068,4.004239797844875,4.0033192636560955,0.06982581619915433,1.7614663697163024,3.1268598512923518,2.649873653046697,2.0745397850596703,-49.12717729751057
2026-04-15T15:24:56.048,4.002818346191546,4.005002975762068,4.004239797844875,4.0033192636560955,0.06982581619915433,1.7614663697163024,3.1268598512923518,2.649873653046697,2.0745397850596703,-49.12717729751057
2026-04-15T15:24:56.166,4.0029888154857645,4.0051393511974425,4.004391908907408,4.002828836609652,0.06981087913065764,1.8680096786027889,3.212094498401541,2.7449430671300235,1.768022881032394,-49.12736401086678
2026-04-15T15:24:56.270,4.0029888154857645,4.0051393511974425,4.004391908907408,4.002828836609652,0.06981087913065764,1.8680096786027889,3.212094498401541,2.7449430671300235,1.768022881032394,-49.12736401086678
2026-04-15T15:24:56.374,4.0029888154857645,4.0051393511974425,4.004391908907408,4.002828836609652,0.06981087913065764,1.8680096786027889,3.212094498401541,2.7449430671300235,1.768022881032394,-49.12736401086678
2026-04-15T15:24:56.484,4.0031094552939805,4.004591226851417,4.004536152156362,4.002868175677548,0.07260908996236932,1.9434095587378408,2.8695167821357614,2.835095097726281,1.792609798467737,-49.09238637547038
2026-04-15T15:24:56.600,4.0031094552939805,4.004591226851417,4.004536152156362,4.002868175677548,0.07260908996236932,1.9434095587378408,2.8695167821357614,2.835095097726281,1.792609798467737,-49.09238637547038
2026-04-15T15:24:56.706,4.0031094552939805,4.004591226851417,4.004536152156362,4.002868175677548,0.07260908996236932,1.9434095587378408,2.8695167821357614,2.835095097726281,1.792609798467737,-49.09238637547038
2026-04-15T15:24:56.817,4.003038644971767,4.005102634734072,4.004384041093829,4.003329754074201,0.07198671210834093,1.8991531073542234,3.1891467087952208,2.740025683642955,2.0810962963757618,-49.10016609864574
2026-04-15T15:24:56.921,4.003038644971767,4.005102634734072,4.004384041093829,4.003329754074201,0.07198671210834093,1.8991531073542234,3.1891467087952208,2.740025683642955,2.0810962963757618,-49.10016609864574
2026-04-15T15:24:57.038,4.003038644971767,4.005102634734072,4.004384041093829,4.003329754074201,0.07198671210834093,1.8991531073542234,3.1891467087952208,2.740025683642955,2.0810962963757618,-49.10016609864574
2026-04-15T15:24:57.147,4.002952099022394,4.005147219011022,4.004347324630459,4.002952099022394,0.07077680956010972,1.8450618889964687,3.2170118818886095,2.7170778940366347,1.8450618889964687,-49.11528988049863
2026-04-15T15:24:57.255,4.002952099022394,4.005147219011022,4.004347324630459,4.002952099022394,0.07077680956010972,1.8450618889964687,3.2170118818886095,2.7170778940366347,1.8450618889964687,-49.11528988049863
2026-04-15T15:24:57.359,4.002952099022394,4.005147219011022,4.004347324630459,4.002952099022394,0.07077680956010972,1.8450618889964687,3.2170118818886095,2.7170778940366347,1.8450618889964687,-49.11528988049863
2026-04-15T15:24:57.470,4.003201246452406,4.004850864699534,4.004465341834148,4.002876043491128,0.07052785841849836,2.000779032753641,3.0317904372090254,2.7908386463426638,1.7975271819548055,-49.118401769768774
2026-04-15T15:24:57.582,4.003201246452406,4.004850864699534,4.004465341834148,4.002876043491128,0.07052785841849836,2.000779032753641,3.0317904372090254,2.7908386463426638,1.7975271819548055,-49.118401769768774
2026-04-15T15:24:57.691,4.003201246452406,4.004850864699534,4.004465341834148,4.002876043491128,0.07052785841849836,2.000779032753641,3.0317904372090254,2.7908386463426638,1.7975271819548055,-49.118401769768774
2026-04-15T15:24:57.800,4.00281572358702,4.004643678941946,4.004284382121824,4.003022909344608,0.07564629389002793,1.7598272418872796,2.902299338716219,2.677738826140086,1.8893183403800862,-49.05442132637465
2026-04-15T15:24:57.909,4.00281572358702,4.004643678941946,4.004284382121824,4.003022909344608,0.07564629389002793,1.7598272418872796,2.902299338716219,2.677738826140086,1.8893183403800862,-49.05442132637465
2026-04-15T15:24:58.018,4.00281572358702,4.004643678941946,4.004284382121824,4.003022909344608,0.07564629389002793,1.7598272418872796,2.902299338716219,2.677738826140086,1.8893183403800862,-49.05442132637465
2026-04-15T15:24:58.127,4.0028209687960725,4.005044937434491,4.004218817008663,4.002910137349972,0.07255929973404705,1.7631054975453253,3.1530858965567177,2.636760630414514,1.818835843732658,-49.09300875332441
2026-04-15T15:24:58.235,4.0028209687960725,4.005044937434491,4.004218817008663,4.002910137349972,0.07255929973404705,1.7631054975453253,3.1530858965567177,2.636760630414514,1.818835843732658,-49.09300875332441
2026-04-15T15:24:58.345,4.0028209687960725,4.005044937434491,4.004218817008663,4.002910137349972,0.07255929973404705,1.7631054975453253,3.1530858965567177,2.636760630414514,1.818835843732658,-49.09300875332441
2026-04-15T15:24:58.454,4.002834081818705,4.004572868619732,4.004048347714445,4.002747535869332,0.0690192145003335,1.7713011366904396,2.8580428873326014,2.5302173215280277,1.717209918332685,-49.13725981874583
2026-04-15T15:24:58.564,4.002834081818705,4.004572868619732,4.004048347714445,4.002747535869332,0.0690192145003335,1.7713011366904396,2.8580428873326014,2.5302173215280277,1.717209918332685,-49.13725981874583
2026-04-15T15:24:58.673,4.002834081818705,4.004572868619732,4.004048347714445,4.002747535869332,0.0690192145003335,1.7713011366904396,2.8580428873326014,2.5302173215280277,1.717209918332685,-49.13725981874583
2026-04-15T15:24:58.783,4.003088474457769,4.004638433732893,4.004289627330877,4.0031514169664035,0.07396836319556735,1.9302965361056579,2.899021083058173,2.6810170817981316,1.9696356040022067,-49.07539546005541
2026-04-15T15:24:58.892,4.003088474457769,4.004638433732893,4.004289627330877,4.0031514169664035,0.07396836319556735,1.9302965361056579,2.899021083058173,2.6810170817981316,1.9696356040022067,-49.07539546005541
2026-04-15T15:24:58.999,4.003088474457769,4.004638433732893,4.004289627330877,4.0031514169664035,0.07396836319556735,1.9302965361056579,2.899021083058173,2.6810170817981316,1.9696356040022067,-49.07539546005541
2026-04-15T15:24:59.112,4.003321886260622,4.0049531462760655,4.0042686464946655,4.003185510825247,0.0698756064274766,2.076178912888693,3.0957164225409173,2.6679040591659486,1.990944265779504,-49.12655491965654
2026-04-15T15:24:59.222,4.003321886260622,4.0049531462760655,4.0042686464946655,4.003185510825247,0.0698756064274766,2.076178912888693,3.0957164225409173,2.6679040591659486,1.990944265779504,-49.12655491965654
2026-04-15T15:24:59.332,4.003321886260622,4.0049531462760655,4.0042686464946655,4.003185510825247,0.0698756064274766,2.076178912888693,3.0957164225409173,2.6679040591659486,1.990944265779504,-49.12655491965654
2026-04-15T15:24:59.441,4.003306150633463,4.005037069620911,4.004009008646548,4.002813100982493,0.06719191312090614,2.066344145914556,3.148168513069649,2.5056304040926847,1.7581881140582567,-49.16010108598867
2026-04-15T15:24:59.550,4.003306150633463,4.005037069620911,4.004009008646548,4.002813100982493,0.06719191312090614,2.066344145914556,3.148168513069649,2.5056304040926847,1.7581881140582567,-49.16010108598867
2026-04-15T15:24:59.658,4.003306150633463,4.005037069620911,4.004009008646548,4.002813100982493,0.06719191312090614,2.066344145914556,3.148168513069649,2.5056304040926847,1.7581881140582567,-49.16010108598867
2026-04-15T15:24:59.766,4.002902269536392,4.005050182643544,4.00421357179961,4.002702951592383,0.06843168980613071,1.8139184602450342,3.1563641522147634,2.6334823747564684,1.6893447452392962,-49.144603877423364
2026-04-15T15:24:59.877,4.002902269536392,4.005050182643544,4.00421357179961,4.002702951592383,0.06843168980613071,1.8139184602450342,3.1563641522147634,2.6334823747564684,1.6893447452392962,-49.144603877423364
2026-04-15T15:24:59.988,4.002902269536392,4.005050182643544,4.00421357179961,4.002702951592383,0.06843168980613071,1.8139184602450342,3.1563641522147634,2.6334823747564684,1.6893447452392962,-49.144603877423364
2026-04-15T15:25:00.098,4.003251075938408,4.005212784124183,4.0040640833416035,4.0032169820795644,0.06666413670069005,2.0319224615050757,3.2579900776141812,2.540052088502165,2.0106137997277784,-49.166698291241374
2026-04-15T15:25:00.208,4.003251075938408,4.005212784124183,4.0040640833416035,4.0032169820795644,0.06666413670069005,2.0319224615050757,3.2579900776141812,2.540052088502165,2.0106137997277784,-49.166698291241374
2026-04-15T15:25:00.313,4.003251075938408,4.005212784124183,4.0040640833416035,4.0032169820795644,0.06666413670069005,2.0319224615050757,3.2579900776141812,2.540052088502165,2.0106137997277784,-49.166698291241374
2026-04-15T15:25:00.425,4.002818346191546,4.005065918270702,4.0040640833416035,4.003460884300523,0.06529988444465978,1.7614663697163024,3.1661989191889006,2.540052088502165,2.163052687826905,-49.183751444441754
2026-04-15T15:25:00.533,4.002818346191546,4.005065918270702,4.0040640833416035,4.003460884300523,0.06529988444465978,1.7614663697163024,3.1661989191889006,2.540052088502165,2.163052687826905,-49.183751444441754
2026-04-15T15:25:00.642,4.002818346191546,4.005065918270702,4.0040640833416035,4.003460884300523,0.06529988444465978,1.7614663697163024,3.1661989191889006,2.540052088502165,2.163052687826905,-49.183751444441754
2026-04-15T15:25:00.749,4.003188133429774,4.004950523671539,4.0042083265905575,4.0028209687960725,0.06519532496518302,1.9925833936085269,3.0940772947118944,2.6302041190984227,1.7631054975453253,-49.18505843793521
2026-04-15T15:25:00.859,4.003188133429774,4.004950523671539,4.0042083265905575,4.0028209687960725,0.06519532496518302,1.9925833936085269,3.0940772947118944,2.6302041190984227,1.7631054975453253,-49.18505843793521
2026-04-15T15:25:00.970,4.003188133429774,4.004950523671539,4.0042083265905575,4.0028209687960725,0.06519532496518302,1.9925833936085269,3.0940772947118944,2.6302041190984227,1.7631054975453253,-49.18505843793521
2026-04-15T15:25:01.081,4.003004551112923,4.004439115788884,4.004284382121824,4.003279924588199,0.0686308507194198,1.877844445576926,2.774447368052435,2.677738826140086,2.0499528676243273,-49.14211436600725
2026-04-15T15:25:01.189,4.003004551112923,4.004439115788884,4.004284382121824,4.003279924588199,0.0686308507194198,1.877844445576926,2.774447368052435,2.677738826140086,2.0499528676243273,-49.14211436600725
2026-04-15T15:25:01.298,4.003004551112923,4.004439115788884,4.004284382121824,4.003279924588199,0.0686308507194198,1.877844445576926,2.774447368052435,2.677738826140086,2.0499528676243273,-49.14211436600725
2026-04-15T15:25:01.406,4.003219604684091,4.0044364931843575,4.003995895623916,4.003508091181999,0.06670396888334786,2.0122529275568013,2.772808240223412,2.4974347649475703,2.192556988749317,-49.16620038895815
2026-04-15T15:25:01.516,4.003219604684091,4.0044364931843575,4.003995895623916,4.003508091181999,0.06670396888334786,2.0122529275568013,2.772808240223412,2.4974347649475703,2.192556988749317,-49.16620038895815
2026-04-15T15:25:01.627,4.003219604684091,4.0044364931843575,4.003995895623916,4.003508091181999,0.06670396888334786,2.0122529275568013,2.772808240223412,2.4974347649475703,2.192556988749317,-49.16620038895815
2026-04-15T15:25:01.736,4.002721309824068,4.004829883863323,4.004279136912771,4.003138303943771,0.06692802491079809,1.7008186400424563,3.0186774145768425,2.67446057048204,1.9614399648570924,-49.16339968861502
2026-04-15T15:25:01.843,4.002721309824068,4.004829883863323,4.004279136912771,4.003138303943771,0.06692802491079809,1.7008186400424563,3.0186774145768425,2.67446057048204,1.9614399648570924,-49.16339968861502
2026-04-15T15:25:01.954,4.002721309824068,4.004829883863323,4.004279136912771,4.003138303943771,0.06692802491079809,1.7008186400424563,3.0186774145768425,2.67446057048204,1.9614399648570924,-49.16339968861502
2026-04-15T15:25:02.065,4.003064871017031,4.004418134952672,4.0042686464946655,4.002912759954498,0.06239711413347133,1.915544385644452,2.761334345420252,2.6679040591659486,1.8204749715611257,-49.220036073331606
2026-04-15T15:25:02.175,4.003064871017031,4.004418134952672,4.0042686464946655,4.002912759954498,0.06239711413347133,1.915544385644452,2.761334345420252,2.6679040591659486,1.8204749715611257,-49.220036073331606
2026-04-15T15:25:02.286,4.003064871017031,4.004418134952672,4.0042686464946655,4.002912759954498,0.06239711413347133,1.915544385644452,2.761334345420252,2.6679040591659486,1.8204749715611257,-49.220036073331606
2026-04-15T15:25:02.389,4.003188133429774,4.004536152156362,4.004014253855601,4.003101587480401,0.06378626150366272,1.9925833936085269,2.835095097726281,2.5089086597507304,1.9384921752507722,-49.20267173120422
2026-04-15T15:25:02.500,4.003188133429774,4.004536152156362,4.004014253855601,4.003101587480401,0.06378626150366272,1.9925833936085269,2.835095097726281,2.5089086597507304,1.9384921752507722,-49.20267173120422
2026-04-15T15:25:02.611,4.003188133429774,4.004536152156362,4.004014253855601,4.003101587480401,0.06378626150366272,1.9925833936085269,2.835095097726281,2.5089086597507304,1.9384921752507722,-49.20267173120422
2026-04-15T15:25:02.723,4.003214359475038,4.005018711389226,4.004119158036659,4.003104210084929,0.06212326787769884,2.0089746718987556,3.136694618266489,2.574473772911645,1.9401313030803502,-49.223459151528765
2026-04-15T15:25:02.833,4.003214359475038,4.005018711389226,4.004119158036659,4.003104210084929,0.06212326787769884,2.0089746718987556,3.136694618266489,2.574473772911645,1.9401313030803502,-49.223459151528765
2026-04-15T15:25:02.943,4.003214359475038,4.005018711389226,4.004119158036659,4.003104210084929,0.06212326787769884,2.0089746718987556,3.136694618266489,2.574473772911645,1.9401313030803502,-49.223459151528765
2026-04-15T15:25:03.054,4.002938985999762,4.005005598366594,4.004043102505392,4.002868175677548,0.06232242879098792,1.8368662498513544,3.1284989791213746,2.526939065869982,1.792609798467737,-49.22096964011265
2026-04-15T15:25:03.157,4.002938985999762,4.005005598366594,4.004043102505392,4.002868175677548,0.06232242879098792,1.8368662498513544,3.1284989791213746,2.526939065869982,1.792609798467737,-49.22096964011265
2026-04-15T15:25:03.274,4.002938985999762,4.005005598366594,4.004043102505392,4.002868175677548,0.06232242879098792,1.8368662498513544,3.1284989791213746,2.526939065869982,1.792609798467737,-49.22096964011265
2026-04-15T15:25:03.384,4.003038644971767,4.004968881903224,4.004035234691813,4.003041267576293,0.06655459819838105,1.8991531073542234,3.1055511895150545,2.5220216823829134,1.9007922351832462,-49.16806752252024
2026-04-15T15:25:03.493,4.003038644971767,4.004968881903224,4.004035234691813,4.003041267576293,0.06655459819838105,1.8991531073542234,3.1055511895150545,2.5220216823829134,1.9007922351832462,-49.16806752252024
2026-04-15T15:25:03.603,4.003038644971767,4.004968881903224,4.004035234691813,4.003041267576293,0.06655459819838105,1.8991531073542234,3.1055511895150545,2.5220216823829134,1.9007922351832462,-49.16806752252024
2026-04-15T15:25:03.712,4.003169775198089,4.004764318750162,4.004090309386868,4.003119945712086,0.06362693277303146,1.9811094988053668,2.9776992188512708,2.5564433667923936,1.9499660700539323,-49.204663340337106
2026-04-15T15:25:03.822,4.003169775198089,4.004764318750162,4.004090309386868,4.003119945712086,0.06362693277303146,1.9811094988053668,2.9776992188512708,2.5564433667923936,1.9499660700539323,-49.204663340337106
2026-04-15T15:25:03.921,4.003169775198089,4.004764318750162,4.004090309386868,4.003119945712086,0.06362693277303146,1.9811094988053668,2.9776992188512708,2.5564433667923936,1.9499660700539323,-49.204663340337106
2026-04-15T15:25:04.031,4.003248453333882,4.005141973801969,4.004001140832969,4.002936363395236,0.06667907376918672,2.030283333676053,3.213733626230564,2.500713020605616,1.8352271220223315,-49.16651157788516
2026-04-15T15:25:04.150,4.003248453333882,4.005141973801969,4.004001140832969,4.002936363395236,0.06667907376918672,2.030283333676053,3.213733626230564,2.500713020605616,1.8352271220223315,-49.16651157788516
2026-04-15T15:25:04.259,4.003248453333882,4.005141973801969,4.004001140832969,4.002936363395236,0.06667907376918672,2.030283333676053,3.213733626230564,2.500713020605616,1.8352271220223315,-49.16651157788516
2026-04-15T15:25:04.367,4.003426790441679,4.004874468140272,4.004197836172452,4.002721309824068,0.06592724132152042,2.141744026049608,3.0465425876702312,2.623647607782331,1.7008186400424563,-49.17590948348099
2026-04-15T15:25:04.476,4.003426790441679,4.004874468140272,4.004197836172452,4.002721309824068,0.06592724132152042,2.141744026049608,3.0465425876702312,2.623647607782331,1.7008186400424563,-49.17590948348099
2026-04-15T15:25:04.585,4.003426790441679,4.004874468140272,4.004197836172452,4.002721309824068,0.06592724132152042,2.141744026049608,3.0465425876702312,2.623647607782331,1.7008186400424563,-49.17590948348099
2026-04-15T15:25:04.693,4.003237962915777,4.005039692225438,4.0040221216691805,4.003164529989037,0.06675873813450237,2.0237268223605165,3.149807640898672,2.513826043237799,1.9778312431478762,-49.16551577331872
2026-04-15T15:25:04.803,4.003237962915777,4.005039692225438,4.0040221216691805,4.003164529989037,0.06675873813450237,2.0237268223605165,3.149807640898672,2.513826043237799,1.9778312431478762,-49.16551577331872
2026-04-15T15:25:04.912,4.003237962915777,4.005039692225438,4.0040221216691805,4.003164529989037,0.06675873813450237,2.0237268223605165,3.149807640898672,2.513826043237799,1.9778312431478762,-49.16551577331872
2026-04-15T15:25:05.020,4.003321886260622,4.004643678941946,4.004058838132551,4.002742290660279,0.06377132443516603,2.076178912888693,2.902299338716219,2.536773832844119,1.7139316626746393,-49.20285844456043
2026-04-15T15:25:05.129,4.003321886260622,4.004643678941946,4.004058838132551,4.002742290660279,0.06377132443516603,2.076178912888693,2.902299338716219,2.536773832844119,1.7139316626746393,-49.20285844456043
2026-04-15T15:25:05.240,4.003321886260622,4.004643678941946,4.004058838132551,4.002742290660279,0.06377132443516603,2.076178912888693,2.902299338716219,2.536773832844119,1.7139316626746393,-49.20285844456043
2026-04-15T15:25:05.350,4.0030910970622955,4.005107879943125,4.004326343794247,4.003012418926502,0.06663426256369669,1.9319356639346807,3.1924249644532665,2.7039648714044517,1.8827618290639947,-49.16707171795379
2026-04-15T15:25:05.459,4.0030910970622955,4.005107879943125,4.004326343794247,4.003012418926502,0.06663426256369669,1.9319356639346807,3.1924249644532665,2.7039648714044517,1.8827618290639947,-49.16707171795379
2026-04-15T15:25:05.568,4.0030910970622955,4.005107879943125,4.004326343794247,4.003012418926502,0.06663426256369669,1.9319356639346807,3.1924249644532665,2.7039648714044517,1.8827618290639947,-49.16707171795379
2026-04-15T15:25:05.678,4.003012418926502,4.004541397365415,4.004263401285613,4.002994060694817,0.0644235764261878,1.8827618290639947,2.838373353384327,2.664625803507903,1.8712879342608346,-49.19470529467265
2026-04-15T15:25:05.787,4.003012418926502,4.004541397365415,4.004263401285613,4.002994060694817,0.0644235764261878,1.8827618290639947,2.838373353384327,2.664625803507903,1.8712879342608346,-49.19470529467265
2026-04-15T15:25:05.897,4.003012418926502,4.004541397365415,4.004263401285613,4.002994060694817,0.0644235764261878,1.8827618290639947,2.838373353384327,2.664625803507903,1.8712879342608346,-49.19470529467265
2026-04-15T15:25:06.005,4.003209114265985,4.004730224891318,4.004318475980668,4.003251075938408,0.06153574318349603,2.00569641624071,2.9563905570739735,2.699047487917383,2.0319224615050757,-49.2308032102063
2026-04-15T15:25:06.110,4.003209114265985,4.004730224891318,4.004318475980668,4.003251075938408,0.06153574318349603,2.00569641624071,2.9563905570739735,2.699047487917383,2.0319224615050757,-49.2308032102063
2026-04-15T15:25:06.222,4.003209114265985,4.004730224891318,4.004318475980668,4.003251075938408,0.06153574318349603,2.00569641624071,2.9563905570739735,2.699047487917383,2.0319224615050757,-49.2308032102063
2026-04-15T15:25:06.331,4.003148794361877,4.00528097184187,4.004037857296339,4.003143549152824,0.06104281992310553,1.9679964761731839,3.300607401168776,2.5236608102119362,1.9647182205151381,-49.236964750961185
2026-04-15T15:25:06.439,4.003148794361877,4.00528097184187,4.004037857296339,4.003143549152824,0.06104281992310553,1.9679964761731839,3.300607401168776,2.5236608102119362,1.9647182205151381,-49.236964750961185
2026-04-15T15:25:06.551,4.003148794361877,4.00528097184187,4.004037857296339,4.003143549152824,0.06104281992310553,1.9679964761731839,3.300607401168776,2.5236608102119362,1.9647182205151381,-49.236964750961185
2026-04-15T15:25:06.655,4.003177643011668,4.005160332033654,4.004389286302882,4.003219604684091,0.062128246900531064,1.9860268822924354,3.225207521033724,2.7433039393010006,2.0122529275568013,-49.223396913743365
2026-04-15T15:25:06.770,4.003177643011668,4.005160332033654,4.004389286302882,4.003219604684091,0.062128246900531064,1.9860268822924354,3.225207521033724,2.7433039393010006,2.0122529275568013,-49.223396913743365
2026-04-15T15:25:06.878,4.003177643011668,4.005160332033654,4.004389286302882,4.003219604684091,0.062128246900531064,1.9860268822924354,3.225207521033724,2.7433039393010006,2.0122529275568013,-49.223396913743365
2026-04-15T15:25:06.986,4.002907514745445,4.004801035213532,4.004098177200447,4.002894401722813,0.06210833080920216,1.81719671590308,3.000647008457591,2.561360750279462,1.8090010767579656,-49.22364586488497
2026-04-15T15:25:07.095,4.002907514745445,4.004801035213532,4.004098177200447,4.002894401722813,0.06210833080920216,1.81719671590308,3.000647008457591,2.561360750279462,1.8090010767579656,-49.22364586488497
2026-04-15T15:25:07.204,4.002907514745445,4.004801035213532,4.004098177200447,4.002894401722813,0.06210833080920216,1.81719671590308,3.000647008457591,2.561360750279462,1.8090010767579656,-49.22364586488497
2026-04-15T15:25:07.313,4.003046512785346,4.004968881903224,4.004224062217716,4.003083229248716,0.06476214997877926,1.904070490841292,3.1055511895150545,2.64003888607256,1.9270182804476121,-49.190473125265264
2026-04-15T15:25:07.424,4.003046512785346,4.004968881903224,4.004224062217716,4.003083229248716,0.06476214997877926,1.904070490841292,3.1055511895150545,2.64003888607256,1.9270182804476121,-49.190473125265264
2026-04-15T15:25:07.534,4.003046512785346,4.004968881903224,4.004224062217716,4.003083229248716,0.06476214997877926,1.904070490841292,3.1055511895150545,2.64003888607256,1.9270182804476121,-49.190473125265264
2026-04-15T15:25:07.642,4.003214359475038,4.0048875811629046,4.004174232731714,4.003112077898507,0.0659222622986882,2.0089746718987556,3.0547382268153456,2.6088954573211254,1.9450486865668637,-49.1759717212664
2026-04-15T15:25:07.748,4.003214359475038,4.0048875811629046,4.004174232731714,4.003112077898507,0.0659222622986882,2.0089746718987556,3.0547382268153456,2.6088954573211254,1.9450486865668637,-49.1759717212664
2026-04-15T15:25:07.859,4.003214359475038,4.0048875811629046,4.004174232731714,4.003112077898507,0.0659222622986882,2.0089746718987556,3.0547382268153456,2.6088954573211254,1.9450486865668637,-49.1759717212664
2026-04-15T15:25:07.968,4.0029888154857645,4.004871845535746,4.004210949195084,4.003038644971767,0.06777943781510895,1.8680096786027889,3.0449034598412084,2.6318432469274455,1.8991531073542234,-49.15275702731114
2026-04-15T15:25:08.077,4.0029888154857645,4.004871845535746,4.004210949195084,4.003038644971767,0.06777943781510895,1.8680096786027889,3.0449034598412084,2.6318432469274455,1.8991531073542234,-49.15275702731114
2026-04-15T15:25:08.186,4.0029888154857645,4.004871845535746,4.004210949195084,4.003038644971767,0.06777943781510895,1.8680096786027889,3.0449034598412084,2.6318432469274455,1.8991531073542234,-49.15275702731114
2026-04-15T15:25:08.294,4.00288915651376,4.005026579202806,4.0042922499354034,4.003602504944951,0.06547415024378773,1.8057228210999199,3.1416120017535576,2.6826562096271545,2.25156559059414,-49.18157312195265
2026-04-15T15:25:08.419,4.00288915651376,4.005026579202806,4.0042922499354034,4.003602504944951,0.06547415024378773,1.8057228210999199,3.1416120017535576,2.6826562096271545,2.25156559059414,-49.18157312195265
2026-04-15T15:25:08.516,4.00288915651376,4.005026579202806,4.0042922499354034,4.003602504944951,0.06547415024378773,1.8057228210999199,3.1416120017535576,2.6826562096271545,2.25156559059414,-49.18157312195265
2026-04-15T15:25:08.623,4.003387451373783,4.004759073541109,4.004134893663817,4.003159284779983,0.06889971795236005,2.117157108614265,2.974420963193225,2.5843085398857824,1.9745529874892753,-49.138753525595504
2026-04-15T15:25:08.733,4.003387451373783,4.004759073541109,4.004134893663817,4.003159284779983,0.06889971795236005,2.117157108614265,2.974420963193225,2.5843085398857824,1.9745529874892753,-49.138753525595504
2026-04-15T15:25:08.844,4.003387451373783,4.004759073541109,4.004134893663817,4.003159284779983,0.06889971795236005,2.117157108614265,2.974420963193225,2.5843085398857824,1.9745529874892753,-49.138753525595504
2026-04-15T15:25:08.952,4.003251075938408,4.004276514308245,4.004145384081923,4.003502845972946,0.0664898709015621,2.0319224615050757,2.6728214426530172,2.590865051201874,2.189278733091271,-49.168876613730475
2026-04-15T15:25:09.062,4.003251075938408,4.004276514308245,4.004145384081923,4.003502845972946,0.0664898709015621,2.0319224615050757,2.6728214426530172,2.590865051201874,2.189278733091271,-49.168876613730475
2026-04-15T15:25:09.172,4.003251075938408,4.004276514308245,4.004145384081923,4.003502845972946,0.0664898709015621,2.0319224615050757,2.6728214426530172,2.590865051201874,2.189278733091271,-49.168876613730475
2026-04-15T15:25:09.296,4.003196001243353,4.0050160887847,4.004420757557199,4.0029048921409185,0.0678640812032568,1.9975007770955955,3.135055490437466,2.762973473249275,1.815557588074057,-49.15169898495929
2026-04-15T15:25:09.391,4.003196001243353,4.0050160887847,4.004420757557199,4.0029048921409185,0.0678640812032568,1.9975007770955955,3.135055490437466,2.762973473249275,1.815557588074057,-49.15169898495929
2026-04-15T15:25:09.502,4.003196001243353,4.0050160887847,4.004420757557199,4.0029048921409185,0.0678640812032568,1.9975007770955955,3.135055490437466,2.762973473249275,1.815557588074057,-49.15169898495929
2026-04-15T15:25:09.613,4.003342867096833,4.004856109908587,4.004376173280249,4.0028445722368104,0.06847152198878853,2.089291935520876,3.035068692867071,2.7351083001558862,1.7778576480065311,-49.14410597514014
2026-04-15T15:25:09.723,4.003342867096833,4.004856109908587,4.004376173280249,4.0028445722368104,0.06847152198878853,2.089291935520876,3.035068692867071,2.7351083001558862,1.7778576480065311,-49.14410597514014
2026-04-15T15:25:09.831,4.003342867096833,4.004856109908587,4.004376173280249,4.0028445722368104,0.06847152198878853,2.089291935520876,3.035068692867071,2.7351083001558862,1.7778576480065311,-49.14410597514014
2026-04-15T15:25:09.942,4.003119945712086,4.0047879221909,4.004305362958036,4.0033376218877805,0.06374642932100491,1.9499660700539323,2.9924513693124766,2.690851848772269,2.0860136798628304,-49.203169633487434
2026-04-15T15:25:10.046,4.003119945712086,4.0047879221909,4.004305362958036,4.0033376218877805,0.06374642932100491,1.9499660700539323,2.9924513693124766,2.690851848772269,2.0860136798628304,-49.203169633487434
2026-04-15T15:25:10.161,4.003119945712086,4.0047879221909,4.004305362958036,4.0033376218877805,0.06374642932100491,1.9499660700539323,2.9924513693124766,2.690851848772269,2.0860136798628304,-49.203169633487434
2026-04-15T15:25:10.273,4.003114700503033,4.004798412609006,4.004491567879413,4.003114700503033,0.06690312979663694,1.9466878143958866,2.999007880628568,2.8072299246328924,1.9466878143958866,-49.16371087754204
2026-04-15T15:25:10.381,4.003114700503033,4.004798412609006,4.004491567879413,4.003114700503033,0.06690312979663694,1.9466878143958866,2.999007880628568,2.8072299246328924,1.9466878143958866,-49.16371087754204
2026-04-15T15:25:10.489,4.003114700503033,4.004798412609006,4.004491567879413,4.003114700503033,0.06690312979663694,1.9466878143958866,2.999007880628568,2.8072299246328924,1.9466878143958866,-49.16371087754204
2026-04-15T15:25:10.593,4.003159284779983,4.004732847495845,4.004153251895502,4.003214359475038,0.06782922804343122,1.9745529874892753,2.9580296849029963,2.5957824346889424,2.0089746718987556,-49.15213464945711
2026-04-15T15:25:10.703,4.003159284779983,4.004732847495845,4.004153251895502,4.003214359475038,0.06782922804343122,1.9745529874892753,2.9580296849029963,2.5957824346889424,2.0089746718987556,-49.15213464945711
2026-04-15T15:25:10.814,4.003159284779983,4.004732847495845,4.004153251895502,4.003214359475038,0.06782922804343122,1.9745529874892753,2.9580296849029963,2.5957824346889424,2.0089746718987556,-49.15213464945711
2026-04-15T15:25:10.925,4.002897024327339,4.004662037173631,4.004237175240348,4.002954721626921,0.0662160246457896,1.8106402045869885,2.913773233519379,2.648234525217674,1.8467010168254916,-49.17229969192763
2026-04-15T15:25:11.034,4.002897024327339,4.004662037173631,4.004237175240348,4.002954721626921,0.0662160246457896,1.8106402045869885,2.913773233519379,2.648234525217674,1.8467010168254916,-49.17229969192763
2026-04-15T15:25:11.140,4.002897024327339,4.004662037173631,4.004237175240348,4.002954721626921,0.0662160246457896,1.8106402045869885,2.913773233519379,2.648234525217674,1.8467010168254916,-49.17229969192763
2026-04-15T15:25:11.250,4.003140926548298,4.00467777280079,4.004189968358872,4.002873420886601,0.06487168848108826,1.9630790926861152,2.923608000493516,2.6187302242952626,1.7958880541257827,-49.1891038939864
2026-04-15T15:25:11.361,4.003140926548298,4.00467777280079,4.004189968358872,4.002873420886601,0.06487168848108826,1.9630790926861152,2.923608000493516,2.6187302242952626,1.7958880541257827,-49.1891038939864
2026-04-15T15:25:11.471,4.003140926548298,4.00467777280079,4.004189968358872,4.002873420886601,0.06487168848108826,1.9630790926861152,2.923608000493516,2.6187302242952626,1.7958880541257827,-49.1891038939864
2026-04-15T15:25:11.579,4.003161907384509,4.00489807158101,4.004085064177815,4.003077984039663,0.0661264022348095,1.9761921153182982,3.061294738131437,2.553165111134348,1.9237400247895664,-49.17341997206488
2026-04-15T15:25:11.687,4.003161907384509,4.00489807158101,4.004085064177815,4.003077984039663,0.0661264022348095,1.9761921153182982,3.061294738131437,2.553165111134348,1.9237400247895664,-49.17341997206488
2026-04-15T15:25:11.798,4.003161907384509,4.00489807158101,4.004085064177815,4.003077984039663,0.0661264022348095,1.9761921153182982,3.061294738131437,2.553165111134348,1.9237400247895664,-49.17341997206488
2026-04-15T15:25:11.907,4.003059625807978,4.004790544795426,4.004043102505392,4.003214359475038,0.06761513006164543,1.9122661299864063,2.9940904971414994,2.526939065869982,2.0089746718987556,-49.15481087422943
2026-04-15T15:25:12.016,4.003059625807978,4.004790544795426,4.004043102505392,4.003214359475038,0.06761513006164543,1.9122661299864063,2.9940904971414994,2.526939065869982,2.0089746718987556,-49.15481087422943
2026-04-15T15:25:12.125,4.003059625807978,4.004790544795426,4.004043102505392,4.003214359475038,0.06761513006164543,1.9122661299864063,2.9940904971414994,2.526939065869982,2.0089746718987556,-49.15481087422943
2026-04-15T15:25:12.234,4.002983570276712,4.004976749716803,4.004467964438675,4.0029625894405,0.06441361838052335,1.8647314229447431,3.110468573002123,2.7924777741716866,1.8516184003125602,-49.19482977024346
2026-04-15T15:25:12.344,4.002983570276712,4.004976749716803,4.004467964438675,4.0029625894405,0.06441361838052335,1.8647314229447431,3.110468573002123,2.7924777741716866,1.8516184003125602,-49.19482977024346
2026-04-15T15:25:12.452,4.002983570276712,4.004976749716803,4.004467964438675,4.0029625894405,0.06441361838052335,1.8647314229447431,3.110468573002123,2.7924777741716866,1.8516184003125602,-49.19482977024346
2026-04-15T15:25:12.560,4.0029652120450265,4.004753828332056,4.004365682862144,4.003041267576293,0.06688819272814027,1.853257528141583,2.9711427075351793,2.7285517888397948,1.9007922351832462,-49.163897590898245
2026-04-15T15:25:12.685,4.0029652120450265,4.004753828332056,4.004365682862144,4.003041267576293,0.06688819272814027,1.853257528141583,2.9711427075351793,2.7285517888397948,1.9007922351832462,-49.163897590898245
2026-04-15T15:25:12.796,4.0029652120450265,4.004753828332056,4.004365682862144,4.003041267576293,0.06688819272814027,1.853257528141583,2.9711427075351793,2.7285517888397948,1.9007922351832462,-49.163897590898245
2026-04-15T15:25:12.911,4.003104210084929,4.004968881903224,4.004050970318971,4.003161907384509,0.06736617892003408,1.9401313030803502,3.1055511895150545,2.5318564493570506,1.9761921153182982,-49.15792276349957
2026-04-15T15:25:13.018,4.003104210084929,4.004968881903224,4.004050970318971,4.003161907384509,0.06736617892003408,1.9401313030803502,3.1055511895150545,2.5318564493570506,1.9761921153182982,-49.15792276349957
2026-04-15T15:25:13.126,4.003104210084929,4.004968881903224,4.004050970318971,4.003161907384509,0.06736617892003408,1.9401313030803502,3.1055511895150545,2.5318564493570506,1.9761921153182982,-49.15792276349957
2026-04-15T15:25:13.236,4.003306150633463,4.004842996885955,4.004360437653091,4.003146171757351,0.06660438842670333,2.066344145914556,3.026873053721957,2.725273533181749,1.966357348344161,-49.16744514466621
2026-04-15T15:25:13.353,4.003306150633463,4.004842996885955,4.004360437653091,4.003146171757351,0.06660438842670333,2.066344145914556,3.026873053721957,2.725273533181749,1.966357348344161,-49.16744514466621
2026-04-15T15:25:13.464,4.003306150633463,4.004842996885955,4.004360437653091,4.003146171757351,0.06660438842670333,2.066344145914556,3.026873053721957,2.725273533181749,1.966357348344161,-49.16744514466621
2026-04-15T15:25:13.573,4.00308060664419,4.004806280422585,4.0044548514160425,4.003232717706723,0.07184232044620634,1.9253791526185893,3.0039252641156367,2.7842821350265723,2.0204485667019156,-49.10197099442242
2026-04-15T15:25:13.684,4.00308060664419,4.004806280422585,4.0044548514160425,4.003232717706723,0.07184232044620634,1.9253791526185893,3.0039252641156367,2.7842821350265723,2.0204485667019156,-49.10197099442242
2026-04-15T15:25:13.793,4.00308060664419,4.004806280422585,4.0044548514160425,4.003232717706723,0.07184232044620634,1.9253791526185893,3.0039252641156367,2.7842821350265723,2.0204485667019156,-49.10197099442242
2026-04-15T15:25:13.893,4.003224849893144,4.004801035213532,4.004129648454764,4.003083229248716,0.0733708804557001,2.015531183214847,3.000647008457591,2.5810302842277366,1.9270182804476121,-49.08286399430375
2026-04-15T15:25:14.009,4.003224849893144,4.004801035213532,4.004129648454764,4.003083229248716,0.0733708804557001,2.015531183214847,3.000647008457591,2.5810302842277366,1.9270182804476121,-49.08286399430375
2026-04-15T15:25:14.110,4.003224849893144,4.004801035213532,4.004129648454764,4.003083229248716,0.0733708804557001,2.015531183214847,3.000647008457591,2.5810302842277366,1.9270182804476121,-49.08286399430375
2026-04-15T15:25:14.228,4.00350022336842,4.00482463865427,4.004003763437495,4.002980947672185,0.07296757960628969,2.187639605262248,3.0153991589187967,2.502352148434639,1.8630922951157203,-49.087905254921374
2026-04-15T15:25:14.346,4.00350022336842,4.00482463865427,4.004003763437495,4.002980947672185,0.07296757960628969,2.187639605262248,3.0153991589187967,2.502352148434639,1.8630922951157203,-49.087905254921374
2026-04-15T15:25:14.452,4.00350022336842,4.00482463865427,4.004003763437495,4.002980947672185,0.07296757960628969,2.187639605262248,3.0153991589187967,2.502352148434639,1.8630922951157203,-49.087905254921374
2026-04-15T15:25:14.563,4.003371715746625,4.004536152156362,4.004197836172452,4.0028026105643875,0.07158839028176275,2.1073223416406828,2.835095097726281,2.623647607782331,1.7516316027421652,-49.10514512147797
2026-04-15T15:25:14.674,4.003371715746625,4.004536152156362,4.004197836172452,4.0028026105643875,0.07158839028176275,2.1073223416406828,2.835095097726281,2.623647607782331,1.7516316027421652,-49.10514512147797
2026-04-15T15:25:14.784,4.003371715746625,4.004536152156362,4.004197836172452,4.0028026105643875,0.07158839028176275,2.1073223416406828,2.835095097726281,2.623647607782331,1.7516316027421652,-49.10514512147797
2026-04-15T15:25:14.897,4.003405809605468,4.005220651937762,4.004056215528024,4.003140926548298,0.07221574715862338,2.128631003417425,3.26290746110125,2.5351347050150963,1.9630790926861152,-49.09730316051721
2026-04-15T15:25:15.002,4.003405809605468,4.005220651937762,4.004056215528024,4.003140926548298,0.07221574715862338,2.128631003417425,3.26290746110125,2.5351347050150963,1.9630790926861152,-49.09730316051721
2026-04-15T15:25:15.116,4.003405809605468,4.005220651937762,4.004056215528024,4.003140926548298,0.07221574715862338,2.128631003417425,3.26290746110125,2.5351347050150963,1.9630790926861152,-49.09730316051721
2026-04-15T15:25:15.225,4.003387451373783,4.005223274542288,4.004273891703718,4.003054380598925,0.06914866909397142,2.117157108614265,3.2645465889302727,2.6711823148239944,1.9089878743283606,-49.13564163632535
2026-04-15T15:25:15.322,4.003387451373783,4.005223274542288,4.004273891703718,4.003054380598925,0.06914866909397142,2.117157108614265,3.2645465889302727,2.6711823148239944,1.9089878743283606,-49.13564163632535
2026-04-15T15:25:15.439,4.003387451373783,4.005223274542288,4.004273891703718,4.003054380598925,0.06914866909397142,2.117157108614265,3.2645465889302727,2.6711823148239944,1.9089878743283606,-49.13564163632535
2026-04-15T15:25:15.547,4.003075361435137,4.004688263218895,4.004318475980668,4.003004551112923,0.07137927132280922,1.9221008969605435,2.9301645118096076,2.699047487917383,1.877844445576926,-49.10775910846488
2026-04-15T15:25:15.658,4.003075361435137,4.004688263218895,4.004318475980668,4.003004551112923,0.07137927132280922,1.9221008969605435,2.9301645118096076,2.699047487917383,1.877844445576926,-49.10775910846488
2026-04-15T15:25:15.761,4.003075361435137,4.004688263218895,4.004318475980668,4.003004551112923,0.07137927132280922,1.9221008969605435,2.9301645118096076,2.699047487917383,1.877844445576926,-49.10775910846488
2026-04-15T15:25:15.871,4.003358602723992,4.004950523671539,4.0041034224095,4.003064871017031,0.0694374524182406,2.0991267024950133,3.0940772947118944,2.564639005937508,1.915544385644452,-49.132031844771994
2026-04-15T15:25:15.980,4.003358602723992,4.004950523671539,4.0041034224095,4.003064871017031,0.0694374524182406,2.0991267024950133,3.0940772947118944,2.564639005937508,1.915544385644452,-49.132031844771994
2026-04-15T15:25:16.103,4.003358602723992,4.004950523671539,4.0041034224095,4.003064871017031,0.0694374524182406,2.0991267024950133,3.0940772947118944,2.564639005937508,1.915544385644452,-49.132031844771994
2026-04-15T15:25:16.205,4.003274679379146,4.005044937434491,4.004058838132551,4.00292587297713,0.06993535470146332,2.0466746119662815,3.1530858965567177,2.536773832844119,1.82867061070624,-49.125808066231706
2026-04-15T15:25:16.319,4.003274679379146,4.005044937434491,4.004058838132551,4.00292587297713,0.06993535470146332,2.0466746119662815,3.1530858965567177,2.536773832844119,1.82867061070624,-49.125808066231706
2026-04-15T15:25:16.425,4.003274679379146,4.005044937434491,4.004058838132551,4.00292587297713,0.06993535470146332,2.0466746119662815,3.1530858965567177,2.536773832844119,1.82867061070624,-49.125808066231706
2026-04-15T15:25:16.528,4.003400564396415,4.004546642574468,4.004032612087286,4.003214359475038,0.07083157881126421,2.125352747759379,2.8416516090423727,2.5203825545538905,2.0089746718987556,-49.11460526485919
2026-04-15T15:25:16.648,4.003400564396415,4.004546642574468,4.004032612087286,4.003214359475038,0.07083157881126421,2.125352747759379,2.8416516090423727,2.5203825545538905,2.0089746718987556,-49.11460526485919
2026-04-15T15:25:16.751,4.003400564396415,4.004546642574468,4.004032612087286,4.003214359475038,0.07083157881126421,2.125352747759379,2.8416516090423727,2.5203825545538905,2.0089746718987556,-49.11460526485919
2026-04-15T15:25:16.871,4.0033192636560955,4.004520416529203,4.003946066137914,4.0031330587347185,0.07086643197108981,2.0745397850596703,2.825260330752144,2.466291336196136,1.9581617091990466,-49.11416960036138
2026-04-15T15:25:16.966,4.0033192636560955,4.004520416529203,4.003946066137914,4.0031330587347185,0.07086643197108981,2.0745397850596703,2.825260330752144,2.466291336196136,1.9581617091990466,-49.11416960036138
2026-04-15T15:25:17.085,4.0033192636560955,4.004520416529203,4.003946066137914,4.0031330587347185,0.07086643197108981,2.0745397850596703,2.825260330752144,2.466291336196136,1.9581617091990466,-49.11416960036138
2026-04-15T15:25:17.188,4.003206491661459,4.004769563959215,4.0041060450140264,4.003592014526845,0.070169368774578,2.004057288411687,2.9809774745093165,2.566278133766531,2.2450090792780486,-49.122882890317776
2026-04-15T15:25:17.293,4.003206491661459,4.004769563959215,4.0041060450140264,4.003592014526845,0.070169368774578,2.004057288411687,2.9809774745093165,2.566278133766531,2.2450090792780486,-49.122882890317776
2026-04-15T15:25:17.408,4.003206491661459,4.004769563959215,4.0041060450140264,4.003592014526845,0.070169368774578,2.004057288411687,2.9809774745093165,2.566278133766531,2.2450090792780486,-49.122882890317776
2026-04-15T15:25:17.519,4.003371715746625,4.004790544795426,4.003799200284433,4.003038644971767,0.06874038922172879,2.1073223416406828,2.9940904971414994,2.374500177770855,1.8991531073542234,-49.14074513472839
2026-04-15T15:25:17.627,4.003371715746625,4.004790544795426,4.003799200284433,4.003038644971767,0.06874038922172879,2.1073223416406828,2.9940904971414994,2.374500177770855,1.8991531073542234,-49.14074513472839
2026-04-15T15:25:17.740,4.003371715746625,4.004790544795426,4.003799200284433,4.003038644971767,0.06874038922172879,2.1073223416406828,2.9940904971414994,2.374500177770855,1.8991531073542234,-49.14074513472839
2026-04-15T15:25:17.839,4.003581524108739,4.004365682862144,4.003780842052748,4.003206491661459,0.06898436134050792,2.238452567961957,2.7285517888397948,2.363026282967695,2.004057288411687,-49.13769548324365
2026-04-15T15:25:17.958,4.003581524108739,4.004365682862144,4.003780842052748,4.003206491661459,0.06898436134050792,2.238452567961957,2.7285517888397948,2.363026282967695,2.004057288411687,-49.13769548324365
2026-04-15T15:25:18.057,4.003581524108739,4.004365682862144,4.003780842052748,4.003206491661459,0.06898436134050792,2.238452567961957,2.7285517888397948,2.363026282967695,2.004057288411687,-49.13769548324365
2026-04-15T15:25:18.179,4.0031907560343,4.004544019969941,4.003888368838332,4.003458261695997,0.0706274388751429,1.9942225214375497,2.84001248121335,2.4302305239576327,2.1614135599978823,-49.117157014060716
2026-04-15T15:25:18.282,4.0031907560343,4.004544019969941,4.003888368838332,4.003458261695997,0.0706274388751429,1.9942225214375497,2.84001248121335,2.4302305239576327,2.1614135599978823,-49.117157014060716
2026-04-15T15:25:18.401,4.0031907560343,4.004544019969941,4.003888368838332,4.003458261695997,0.0706274388751429,1.9942225214375497,2.84001248121335,2.4302305239576327,2.1614135599978823,-49.117157014060716
2026-04-15T15:25:18.504,4.003230095102197,4.004890203767431,4.0036077501540035,4.003237962915777,0.07235018077509352,2.0188094388728928,3.0563773546443684,2.254843846252186,2.0237268223605165,-49.09562274031133
2026-04-15T15:25:18.617,4.003230095102197,4.004890203767431,4.0036077501540035,4.003237962915777,0.07235018077509352,2.0188094388728928,3.0563773546443684,2.254843846252186,2.0237268223605165,-49.09562274031133
2026-04-15T15:25:18.720,4.003230095102197,4.004890203767431,4.0036077501540035,4.003237962915777,0.07235018077509352,2.0188094388728928,3.0563773546443684,2.254843846252186,2.0237268223605165,-49.09562274031133
2026-04-15T15:25:18.821,4.003085851853243,4.004940033253433,4.003977537392231,4.003489732950314,0.07273356553317502,1.928657408276635,3.087520783395803,2.4859608701444103,2.1810830939461567,-49.09083043083531
2026-04-15T15:25:18.939,4.003085851853243,4.004940033253433,4.003977537392231,4.003489732950314,0.07273356553317502,1.928657408276635,3.087520783395803,2.4859608701444103,2.1810830939461567,-49.09083043083531
2026-04-15T15:25:19.044,4.003085851853243,4.004940033253433,4.003977537392231,4.003489732950314,0.07273356553317502,1.928657408276635,3.087520783395803,2.4859608701444103,2.1810830939461567,-49.09083043083531
2026-04-15T15:25:19.156,4.0030307771581874,4.004740715309424,4.0041663649181345,4.003324508865148,0.07120002650084903,1.8942357238671548,2.962947068390065,2.6039780738340568,2.077818040717716,-49.109999668739384
2026-04-15T15:25:19.258,4.0030307771581874,4.004740715309424,4.0041663649181345,4.003324508865148,0.07120002650084903,1.8942357238671548,2.962947068390065,2.6039780738340568,2.077818040717716,-49.109999668739384
2026-04-15T15:25:19.384,4.0030307771581874,4.004740715309424,4.0041663649181345,4.003324508865148,0.07120002650084903,1.8942357238671548,2.962947068390065,2.6039780738340568,2.077818040717716,-49.109999668739384
2026-04-15T15:25:19.480,4.003146171757351,4.004711866659633,4.00406670594613,4.002813100982493,0.0694922216693951,1.966357348344161,2.9449166622708134,2.5416912163311878,1.7581881140582567,-49.13134722913256
2026-04-15T15:25:19.597,4.003146171757351,4.004711866659633,4.00406670594613,4.002813100982493,0.0694922216693951,1.966357348344161,2.9449166622708134,2.5416912163311878,1.7581881140582567,-49.13134722913256
2026-04-15T15:25:19.700,4.003146171757351,4.004711866659633,4.00406670594613,4.002813100982493,0.0694922216693951,1.966357348344161,2.9449166622708134,2.5416912163311878,1.7581881140582567,-49.13134722913256
2026-04-15T15:25:19.806,4.003282547192725,4.00444173839341,4.004092931991394,4.003353357514939,0.06732136771454404,2.05159199545335,2.776086495881458,2.5580824946214165,2.0958484468369676,-49.1584829035682
2026-04-15T15:25:19.915,4.003282547192725,4.00444173839341,4.004092931991394,4.003353357514939,0.06732136771454404,2.05159199545335,2.776086495881458,2.5580824946214165,2.0958484468369676,-49.1584829035682
2026-04-15T15:25:20.024,4.003282547192725,4.00444173839341,4.004092931991394,4.003353357514939,0.06732136771454404,2.05159199545335,2.776086495881458,2.5580824946214165,2.0958484468369676,-49.1584829035682
2026-04-15T15:25:20.145,4.003327131469675,4.004690885823422,4.004145384081923,4.002881288700181,0.06728651455471844,2.079457168546739,2.9318036396386304,2.590865051201874,1.8008054376128513,-49.15891856806602
2026-04-15T15:25:20.244,4.003327131469675,4.004690885823422,4.004145384081923,4.002881288700181,0.06728651455471844,2.079457168546739,2.9318036396386304,2.590865051201874,1.8008054376128513,-49.15891856806602
2026-04-15T15:25:20.370,4.003327131469675,4.004690885823422,4.004145384081923,4.002881288700181,0.06728651455471844,2.079457168546739,2.9318036396386304,2.590865051201874,1.8008054376128513,-49.15891856806602
2026-04-15T15:25:20.465,4.003161907384509,4.00494265585796,4.004195213567925,4.002768516705544,0.06796366165990135,1.9761921153182982,3.089159911224826,2.6220084799533083,1.730322940964868,-49.15045422925123
2026-04-15T15:25:20.571,4.003161907384509,4.00494265585796,4.004195213567925,4.002768516705544,0.06796366165990135,1.9761921153182982,3.089159911224826,2.6220084799533083,1.730322940964868,-49.15045422925123
2026-04-15T15:25:20.685,4.003161907384509,4.00494265585796,4.004195213567925,4.002768516705544,0.06796366165990135,1.9761921153182982,3.089159911224826,2.6220084799533083,1.730322940964868,-49.15045422925123
2026-04-15T15:25:20.785,4.003285169797252,4.004850864699534,4.003914594883597,4.0030071737174495,0.06899431938617237,2.053231123282373,3.0317904372090254,2.4466218022478614,1.879483573405949,-49.13757100767285
2026-04-15T15:25:20.905,4.003285169797252,4.004850864699534,4.003914594883597,4.0030071737174495,0.06899431938617237,2.053231123282373,3.0317904372090254,2.4466218022478614,1.879483573405949,-49.13757100767285
2026-04-15T15:25:21.010,4.003285169797252,4.004850864699534,4.003914594883597,4.0030071737174495,0.06899431938617237,2.053231123282373,3.0317904372090254,2.4466218022478614,1.879483573405949,-49.13757100767285
2026-04-15T15:25:21.124,4.003327131469675,4.004672527591737,4.00425815607656,4.002847194841337,0.06737613696569854,2.079457168546739,2.9203297448354704,2.661347547849857,1.779496775835554,-49.15779828792877
2026-04-15T15:25:21.225,4.003327131469675,4.004672527591737,4.00425815607656,4.002847194841337,0.06737613696569854,2.079457168546739,2.9203297448354704,2.661347547849857,1.779496775835554,-49.15779828792877
2026-04-15T15:25:21.335,4.003327131469675,4.004672527591737,4.00425815607656,4.002847194841337,0.06737613696569854,2.079457168546739,2.9203297448354704,2.661347547849857,1.779496775835554,-49.15779828792877
2026-04-15T15:25:21.451,4.003245830729355,4.004638433732893,4.004092931991394,4.002794742750808,0.0674806964451753,2.02864420584703,2.899021083058173,2.5580824946214165,1.7467142192550966,-49.156491294435305
2026-04-15T15:25:21.565,4.003245830729355,4.004638433732893,4.004092931991394,4.002794742750808,0.0674806964451753,2.02864420584703,2.899021083058173,2.5580824946214165,1.7467142192550966,-49.156491294435305
2026-04-15T15:25:21.668,4.003245830729355,4.004638433732893,4.004092931991394,4.002794742750808,0.0674806964451753,2.02864420584703,2.899021083058173,2.5580824946214165,1.7467142192550966,-49.156491294435305
2026-04-15T15:25:21.771,4.003395319187362,4.004753828332056,4.00414013887287,4.00285244005039,0.06756036081049094,2.1220744921013335,2.9711427075351793,2.587586795543828,1.7827750314935997,-49.15549548986886
2026-04-15T15:25:21.892,4.003395319187362,4.004753828332056,4.00414013887287,4.00285244005039,0.06756036081049094,2.1220744921013335,2.9711427075351793,2.587586795543828,1.7827750314935997,-49.15549548986886
2026-04-15T15:25:21.986,4.003395319187362,4.004753828332056,4.00414013887287,4.00285244005039,0.06756036081049094,2.1220744921013335,2.9711427075351793,2.587586795543828,1.7827750314935997,-49.15549548986886
2026-04-15T15:25:22.108,4.003434658255259,4.004738092704898,4.004234552635822,4.0030438901808205,0.06777445879227671,2.1466614095366765,2.961307940561042,2.6465953973886513,1.9024313630128242,-49.15281926509654
2026-04-15T15:25:22.209,4.003434658255259,4.004738092704898,4.004234552635822,4.0030438901808205,0.06777445879227671,2.1466614095366765,2.961307940561042,2.6465953973886513,1.9024313630128242,-49.15281926509654
2026-04-15T15:25:22.317,4.003434658255259,4.004738092704898,4.004234552635822,4.0030438901808205,0.06777445879227671,2.1466614095366765,2.961307940561042,2.6465953973886513,1.9024313630128242,-49.15281926509654
2026-04-15T15:25:22.427,4.003348112305886,4.004703998846054,4.00436830546667,4.002899646931866,0.06607163298365501,2.092570191178922,2.939999278783745,2.7301909166688176,1.8122793324160114,-49.17410458770431
2026-04-15T15:25:22.533,4.003348112305886,4.004703998846054,4.00436830546667,4.002899646931866,0.06607163298365501,2.092570191178922,2.939999278783745,2.7301909166688176,1.8122793324160114,-49.17410458770431
2026-04-15T15:25:22.641,4.003348112305886,4.004703998846054,4.00436830546667,4.002899646931866,0.06607163298365501,2.092570191178922,2.939999278783745,2.7301909166688176,1.8122793324160114,-49.17410458770431
2026-04-15T15:25:22.755,4.003311395842516,4.00444960620699,4.004150629290976,4.003201246452406,0.0684466268746274,2.0696224015726017,2.7810038793685266,2.5941433068599196,2.000779032753641,-49.14441716406716
2026-04-15T15:25:22.868,4.003311395842516,4.00444960620699,4.004150629290976,4.003201246452406,0.0684466268746274,2.0696224015726017,2.7810038793685266,2.5941433068599196,2.000779032753641,-49.14441716406716
2026-04-15T15:25:22.972,4.003311395842516,4.00444960620699,4.004150629290976,4.003201246452406,0.0684466268746274,2.0696224015726017,2.7810038793685266,2.5941433068599196,2.000779032753641,-49.14441716406716
2026-04-15T15:25:23.089,4.003138303943771,4.004981994925856,4.004218817008663,4.0028629304684955,0.0659421783900171,1.9614399648570924,3.113746828660169,2.636760630414514,1.7893315428096912,-49.175722770124786
2026-04-15T15:25:23.198,4.003138303943771,4.004981994925856,4.004218817008663,4.0028629304684955,0.0659421783900171,1.9614399648570924,3.113746828660169,2.636760630414514,1.7893315428096912,-49.175722770124786
2026-04-15T15:25:23.296,4.003138303943771,4.004981994925856,4.004218817008663,4.0028629304684955,0.0659421783900171,1.9614399648570924,3.113746828660169,2.636760630414514,1.7893315428096912,-49.175722770124786
2026-04-15T15:25:23.415,4.00326418896104,4.004431247975305,4.004045725109918,4.003127813525666,0.06934783000726051,2.04011810065019,2.7695299845653665,2.528578193699005,1.954883453541001,-49.133152124909245
2026-04-15T15:25:23.539,4.00326418896104,4.004431247975305,4.004045725109918,4.003127813525666,0.06934783000726051,2.04011810065019,2.7695299845653665,2.528578193699005,1.954883453541001,-49.133152124909245
2026-04-15T15:25:23.650,4.00326418896104,4.004431247975305,4.004045725109918,4.003127813525666,0.06934783000726051,2.04011810065019,2.7695299845653665,2.528578193699005,1.954883453541001,-49.133152124909245
2026-04-15T15:25:23.747,4.003369093142098,4.0048272612587965,4.004195213567925,4.003028154553661,0.0709012851309154,2.105683213811105,3.0170382867478196,2.6220084799533083,1.892596596038132,-49.11373393586356
2026-04-15T15:25:23.865,4.003369093142098,4.0048272612587965,4.004195213567925,4.003028154553661,0.0709012851309154,2.105683213811105,3.0170382867478196,2.6220084799533083,1.892596596038132,-49.11373393586356
2026-04-15T15:25:23.964,4.003369093142098,4.0048272612587965,4.004195213567925,4.003028154553661,0.0709012851309154,2.105683213811105,3.0170382867478196,2.6220084799533083,1.892596596038132,-49.11373393586356
2026-04-15T15:25:24.086,4.003104210084929,4.0049951079484885,4.00417685533624,4.002632141270169,0.0715585161447694,1.9401313030803502,3.121942467805283,2.6105345851501482,1.6450882938556788,-49.10551854819038
2026-04-15T15:25:24.190,4.003104210084929,4.0049951079484885,4.00417685533624,4.002632141270169,0.0715585161447694,1.9401313030803502,3.121942467805283,2.6105345851501482,1.6450882938556788,-49.10551854819038
2026-04-15T15:25:24.291,4.003104210084929,4.0049951079484885,4.00417685533624,4.002632141270169,0.0715585161447694,1.9401313030803502,3.121942467805283,2.6105345851501482,1.6450882938556788,-49.10551854819038
2026-04-15T15:25:24.407,4.003568411086107,4.004551887783521,4.004077196364236,4.002637386479222,0.07082162076559977,2.230256928816843,2.8449298647004184,2.5482477276472792,1.6483665495137245,-49.11472974043
2026-04-15T15:25:24.510,4.003568411086107,4.004551887783521,4.004077196364236,4.002637386479222,0.07082162076559977,2.230256928816843,2.8449298647004184,2.5482477276472792,1.6483665495137245,-49.11472974043
2026-04-15T15:25:24.623,4.003568411086107,4.004551887783521,4.004077196364236,4.002637386479222,0.07082162076559977,2.230256928816843,2.8449298647004184,2.5482477276472792,1.6483665495137245,-49.11472974043
2026-04-15T15:25:24.734,4.003348112305886,4.004795790004479,4.004504680902045,4.0030307771581874,0.06889473892952783,2.092570191178922,2.997368752799545,2.815425563778007,1.8942357238671548,-49.1388157633809
2026-04-15T15:25:24.836,4.003348112305886,4.004795790004479,4.004504680902045,4.0030307771581874,0.06889473892952783,2.092570191178922,2.997368752799545,2.815425563778007,1.8942357238671548,-49.1388157633809
2026-04-15T15:25:24.949,4.003348112305886,4.004795790004479,4.004504680902045,4.0030307771581874,0.06889473892952783,2.092570191178922,2.997368752799545,2.815425563778007,1.8942357238671548,-49.1388157633809
2026-04-15T15:25:25.055,4.003589391922318,4.004656791964578,4.004113912827606,4.003064871017031,0.07325636293055886,2.2433699514490257,2.910494977861333,2.5711955172535994,1.915544385644452,-49.084295463368015
2026-04-15T15:25:25.168,4.003589391922318,4.004656791964578,4.004113912827606,4.003064871017031,0.07325636293055886,2.2433699514490257,2.910494977861333,2.5711955172535994,1.915544385644452,-49.084295463368015
2026-04-15T15:25:25.279,4.003589391922318,4.004656791964578,4.004113912827606,4.003064871017031,0.07325636293055886,2.2433699514490257,2.910494977861333,2.5711955172535994,1.915544385644452,-49.084295463368015
2026-04-15T15:25:25.384,4.003188133429774,4.0047013762415276,4.004245043053928,4.002619028247537,0.06829227716682834,1.9925833936085269,2.938360150954722,2.653151908704743,1.6368926547105644,-49.14634653541465
2026-04-15T15:25:25.501,4.003188133429774,4.0047013762415276,4.004245043053928,4.002619028247537,0.06829227716682834,1.9925833936085269,2.938360150954722,2.653151908704743,1.6368926547105644,-49.14634653541465
2026-04-15T15:25:25.608,4.003188133429774,4.0047013762415276,4.004245043053928,4.002619028247537,0.06829227716682834,1.9925833936085269,2.938360150954722,2.653151908704743,1.6368926547105644,-49.14634653541465
2026-04-15T15:25:25.709,4.0032353403112495,4.004853487304061,4.00436830546667,4.002684593360698,0.06879017945005106,2.0220876945309385,3.0334295650380483,2.7301909166688176,1.6778708504361362,-49.14012275687436
2026-04-15T15:25:25.827,4.0032353403112495,4.004853487304061,4.00436830546667,4.002684593360698,0.06879017945005106,2.0220876945309385,3.0334295650380483,2.7301909166688176,1.6778708504361362,-49.14012275687436
2026-04-15T15:25:25.932,4.0032353403112495,4.004853487304061,4.00436830546667,4.002684593360698,0.06879017945005106,2.0220876945309385,3.0334295650380483,2.7301909166688176,1.6778708504361362,-49.14012275687436
2026-04-15T15:25:26.047,4.003274679379146,4.004578113828785,4.004289627330877,4.002907514745445,0.07131952304882248,2.0466746119662815,2.861321142990647,2.6810170817981316,1.81719671590308,-49.10850596188972
2026-04-15T15:25:26.155,4.003274679379146,4.004578113828785,4.004289627330877,4.002907514745445,0.07131952304882248,2.0466746119662815,2.861321142990647,2.6810170817981316,1.81719671590308,-49.10850596188972
2026-04-15T15:25:26.256,4.003274679379146,4.004578113828785,4.004289627330877,4.002907514745445,0.07131952304882248,2.0466746119662815,2.861321142990647,2.6810170817981316,1.81719671590308,-49.10850596188972
2026-04-15T15:25:26.379,4.003172397802615,4.004853487304061,4.00414800668645,4.002878666095654,0.07053283744133058,1.9827486266343897,3.0334295650380483,2.592504179031452,1.7991663097838284,-49.118339531983366
2026-04-15T15:25:26.475,4.003172397802615,4.004853487304061,4.00414800668645,4.002878666095654,0.07053283744133058,1.9827486266343897,3.0334295650380483,2.592504179031452,1.7991663097838284,-49.118339531983366
2026-04-15T15:25:26.588,4.003172397802615,4.004853487304061,4.00414800668645,4.002878666095654,0.07053283744133058,1.9827486266343897,3.0334295650380483,2.592504179031452,1.7991663097838284,-49.118339531983366
2026-04-15T15:25:26.702,4.003138303943771,4.004554510388047,4.004349947234985,4.002841949632284,0.07145893568812485,1.9614399648570924,2.8465689925294413,2.7187170218656576,1.7762185201775083,-49.10676330389844
2026-04-15T15:25:26.804,4.003138303943771,4.004554510388047,4.004349947234985,4.002841949632284,0.07145893568812485,1.9614399648570924,2.8465689925294413,2.7187170218656576,1.7762185201775083,-49.10676330389844
2026-04-15T15:25:26.911,4.003138303943771,4.004554510388047,4.004349947234985,4.002841949632284,0.07145893568812485,1.9614399648570924,2.8465689925294413,2.7187170218656576,1.7762185201775083,-49.10676330389844
2026-04-15T15:25:27.022,4.0035054685774725,4.004630565919314,4.004407644534567,4.002776384519124,0.07179253021788407,2.190917860920294,2.8941036995711045,2.7547778341041607,1.7352403244524917,-49.102593372276445
2026-04-15T15:25:27.132,4.0035054685774725,4.004630565919314,4.004407644534567,4.002776384519124,0.07179253021788407,2.190917860920294,2.8941036995711045,2.7547778341041607,1.7352403244524917,-49.102593372276445
2026-04-15T15:25:27.251,4.0035054685774725,4.004630565919314,4.004407644534567,4.002776384519124,0.07179253021788407,2.190917860920294,2.8941036995711045,2.7547778341041607,1.7352403244524917,-49.102593372276445
2026-04-15T15:25:27.347,4.003374338351151,4.004203081381505,4.00417685533624,4.003022909344608,0.07048304721300831,2.1089614694691505,2.626925863440377,2.6105345851501482,1.8893183403800862,-49.118961909837395
2026-04-15T15:25:27.459,4.003374338351151,4.004203081381505,4.00417685533624,4.003022909344608,0.07048304721300831,2.1089614694691505,2.626925863440377,2.6105345851501482,1.8893183403800862,-49.118961909837395
2026-04-15T15:25:27.586,4.003374338351151,4.004203081381505,4.00417685533624,4.003022909344608,0.07048304721300831,2.1089614694691505,2.626925863440377,2.6105345851501482,1.8893183403800862,-49.118961909837395
2026-04-15T15:25:27.677,4.003114700503033,4.00512623817481,4.004397154116461,4.003293037610831,0.07138922936847367,1.9466878143958866,3.2038988592564266,2.748221322788069,2.0581485067694416,-49.10763463289408
2026-04-15T15:25:27.786,4.003114700503033,4.00512623817481,4.004397154116461,4.003293037610831,0.07138922936847367,1.9466878143958866,3.2038988592564266,2.748221322788069,2.0581485067694416,-49.10763463289408
2026-04-15T15:25:27.915,4.003114700503033,4.00512623817481,4.004397154116461,4.003293037610831,0.07138922936847367,1.9466878143958866,3.2038988592564266,2.748221322788069,2.0581485067694416,-49.10763463289408
2026-04-15T15:25:28.007,4.003104210084929,4.004690885823422,4.004218817008663,4.002897024327339,0.06522519910217638,1.9401313030803502,2.9318036396386304,2.636760630414514,1.8106402045869885,-49.1846850112228
2026-04-15T15:25:28.117,4.003104210084929,4.004690885823422,4.004218817008663,4.002897024327339,0.06522519910217638,1.9401313030803502,2.9318036396386304,2.636760630414514,1.8106402045869885,-49.1846850112228
2026-04-15T15:25:28.236,4.003104210084929,4.004690885823422,4.004218817008663,4.002897024327339,0.06522519910217638,1.9401313030803502,2.9318036396386304,2.636760630414514,1.8106402045869885,-49.1846850112228
2026-04-15T15:25:28.342,4.003332376678728,4.004756450936583,4.004077196364236,4.002902269536392,0.06793378752290799,2.0827354242047846,2.972781835364202,2.5482477276472792,1.8139184602450342,-49.15082765596365
2026-04-15T15:25:28.441,4.003332376678728,4.004756450936583,4.004077196364236,4.002902269536392,0.06793378752290799,2.0827354242047846,2.972781835364202,2.5482477276472792,1.8139184602450342,-49.15082765596365
2026-04-15T15:25:28.559,4.003332376678728,4.004756450936583,4.004077196364236,4.002902269536392,0.06793378752290799,2.0827354242047846,2.972781835364202,2.5482477276472792,1.8139184602450342,-49.15082765596365
2026-04-15T15:25:28.662,4.003400564396415,4.004850864699534,4.004391908907408,4.0033795835602035,0.06907896277432024,2.125352747759379,3.0317904372090254,2.7449430671300235,2.1122397251271963,-49.136512965321
2026-04-15T15:25:28.784,4.003400564396415,4.004850864699534,4.004391908907408,4.0033795835602035,0.06907896277432024,2.125352747759379,3.0317904372090254,2.7449430671300235,2.1122397251271963,-49.136512965321
2026-04-15T15:25:28.889,4.003400564396415,4.004850864699534,4.004391908907408,4.0033795835602035,0.06907896277432024,2.125352747759379,3.0317904372090254,2.7449430671300235,2.1122397251271963,-49.136512965321
2026-04-15T15:25:28.999,4.003460884300523,4.004591226851417,4.004245043053928,4.003282547192725,0.06631560510243414,2.163052687826905,2.8695167821357614,2.653151908704743,2.05159199545335,-49.17105493621957
2026-04-15T15:25:29.107,4.003460884300523,4.004591226851417,4.004245043053928,4.003282547192725,0.06631560510243414,2.163052687826905,2.8695167821357614,2.653151908704743,2.05159199545335,-49.17105493621957
2026-04-15T15:25:29.216,4.003460884300523,4.004591226851417,4.004245043053928,4.003282547192725,0.06631560510243414,2.163052687826905,2.8695167821357614,2.653151908704743,2.05159199545335,-49.17105493621957
2026-04-15T15:25:29.329,4.003447771277891,4.004793167399953,4.004391908907408,4.002912759954498,0.06732136771454404,2.154857048681791,2.9957296249705223,2.7449430671300235,1.8204749715611257,-49.1584829035682
2026-04-15T15:25:29.447,4.003447771277891,4.004793167399953,4.004391908907408,4.002912759954498,0.06732136771454404,2.154857048681791,2.9957296249705223,2.7449430671300235,1.8204749715611257,-49.1584829035682
2026-04-15T15:25:29.541,4.003447771277891,4.004793167399953,4.004391908907408,4.002912759954498,0.06732136771454404,2.154857048681791,2.9957296249705223,2.7449430671300235,1.8204749715611257,-49.1584829035682
2026-04-15T15:25:29.661,4.003363847933045,4.0045807364333115,4.004171610127187,4.003098964875875,0.0672217872578995,2.102404958153059,2.86296027081967,2.6072563294921025,1.9368530474217494,-49.15972765927626
2026-04-15T15:25:29.763,4.003363847933045,4.0045807364333115,4.004171610127187,4.003098964875875,0.0672217872578995,2.102404958153059,2.86296027081967,2.6072563294921025,1.9368530474217494,-49.15972765927626
2026-04-15T15:25:29.869,4.003363847933045,4.0045807364333115,4.004171610127187,4.003098964875875,0.0672217872578995,2.102404958153059,2.86296027081967,2.6072563294921025,1.9368530474217494,-49.15972765927626
2026-04-15T15:25:29.976,4.003256321147461,4.004890203767431,4.0041663649181345,4.0026767255471185,0.06924327052778374,2.0352007171631215,3.0563773546443684,2.6039780738340568,1.6729534669490675,-49.1344591184027
2026-04-15T15:25:30.086,4.003256321147461,4.004890203767431,4.0041663649181345,4.0026767255471185,0.06924327052778374,2.0352007171631215,3.0563773546443684,2.6039780738340568,1.6729534669490675,-49.1344591184027
2026-04-15T15:25:30.199,4.003256321147461,4.004890203767431,4.0041663649181345,4.0026767255471185,0.06924327052778374,2.0352007171631215,3.0563773546443684,2.6039780738340568,1.6729534669490675,-49.1344591184027
2026-04-15T15:25:30.299,4.003413677419047,4.004829883863323,4.004376173280249,4.002653122106381,0.0658674930475337,2.1335483869044936,3.0186774145768425,2.7351083001558862,1.6582013164878617,-49.17665633690583
2026-04-15T15:25:30.409,4.003413677419047,4.004829883863323,4.004376173280249,4.002653122106381,0.0658674930475337,2.1335483869044936,3.0186774145768425,2.7351083001558862,1.6582013164878617,-49.17665633690583
2026-04-15T15:25:30.519,4.003413677419047,4.004829883863323,4.004376173280249,4.002653122106381,0.0658674930475337,2.1335483869044936,3.0186774145768425,2.7351083001558862,1.6582013164878617,-49.17665633690583
2026-04-15T15:25:30.627,4.003560543272528,4.004908561999116,4.004402399325514,4.002944231208815,0.06917356420813256,2.225339545329774,3.0678512494475285,2.751499578446115,1.8401445055094001,-49.135330447398346
2026-04-15T15:25:30.746,4.003560543272528,4.004908561999116,4.004402399325514,4.002944231208815,0.06917356420813256,2.225339545329774,3.0678512494475285,2.751499578446115,1.8401445055094001,-49.135330447398346
2026-04-15T15:25:30.865,4.003560543272528,4.004908561999116,4.004402399325514,4.002944231208815,0.06917356420813256,2.225339545329774,3.0678512494475285,2.751499578446115,1.8401445055094001,-49.135330447398346
2026-04-15T15:25:30.957,4.003450393882417,4.0047669413546885,4.004342079421406,4.0026767255471185,0.06581770281921143,2.1564961765108137,2.9793383466802936,2.713799638378589,1.6729534669490675,-49.17727871475986
2026-04-15T15:25:31.064,4.003450393882417,4.0047669413546885,4.004342079421406,4.0026767255471185,0.06581770281921143,2.1564961765108137,2.9793383466802936,2.713799638378589,1.6729534669490675,-49.17727871475986
2026-04-15T15:25:31.180,4.003450393882417,4.0047669413546885,4.004342079421406,4.0026767255471185,0.06581770281921143,2.1564961765108137,2.9793383466802936,2.713799638378589,1.6729534669490675,-49.17727871475986
2026-04-15T15:25:31.284,4.003348112305886,4.004342079421406,4.004247665658454,4.002784252332702,0.07052287939566614,2.092570191178922,2.713799638378589,2.6547910365337657,1.7401577079390051,-49.118464007554174
2026-04-15T15:25:31.398,4.003348112305886,4.004342079421406,4.004247665658454,4.002784252332702,0.07052287939566614,2.092570191178922,2.713799638378589,2.6547910365337657,1.7401577079390051,-49.118464007554174
2026-04-15T15:25:31.503,4.003348112305886,4.004342079421406,4.004247665658454,4.002784252332702,0.07052287939566614,2.092570191178922,2.713799638378589,2.6547910365337657,1.7401577079390051,-49.118464007554174
2026-04-15T15:25:31.620,4.0037100317305345,4.0045807364333115,4.004302740353509,4.002742290660279,0.06703258439027486,2.3187698315840777,2.86296027081967,2.689212720943246,1.7139316626746393,-49.162092695121565
2026-04-15T15:25:31.722,4.0037100317305345,4.0045807364333115,4.004302740353509,4.002742290660279,0.06703258439027486,2.3187698315840777,2.86296027081967,2.689212720943246,1.7139316626746393,-49.162092695121565
2026-04-15T15:25:31.828,4.0037100317305345,4.0045807364333115,4.004302740353509,4.002742290660279,0.06703258439027486,2.3187698315840777,2.86296027081967,2.689212720943246,1.7139316626746393,-49.162092695121565
2026-04-15T15:25:31.946,4.003321886260622,4.004567623410679,4.0042922499354034,4.002799987959861,0.0684117737148018,2.076178912888693,2.8547646316745556,2.6826562096271545,1.7499924749131424,-49.14485282856498
2026-04-15T15:25:32.050,4.003321886260622,4.004567623410679,4.0042922499354034,4.002799987959861,0.0684117737148018,2.076178912888693,2.8547646316745556,2.6826562096271545,1.7499924749131424,-49.14485282856498
2026-04-15T15:25:32.155,4.003321886260622,4.004567623410679,4.0042922499354034,4.002799987959861,0.0684117737148018,2.076178912888693,2.8547646316745556,2.6826562096271545,1.7499924749131424,-49.14485282856498
2026-04-15T15:25:32.270,4.003681183080744,4.004698753637001,4.003967046974125,4.002967834649553,0.0684864590572852,2.300739425464826,2.936721023125699,2.4794043588283188,1.854896655970606,-49.143919261783935
2026-04-15T15:25:32.404,4.003681183080744,4.004698753637001,4.003967046974125,4.002967834649553,0.0684864590572852,2.300739425464826,2.936721023125699,2.4794043588283188,1.854896655970606,-49.143919261783935
2026-04-15T15:25:32.497,4.003681183080744,4.004698753637001,4.003967046974125,4.002967834649553,0.0684864590572852,2.300739425464826,2.936721023125699,2.4794043588283188,1.854896655970606,-49.143919261783935
2026-04-15T15:25:32.613,4.003513336391052,4.004835129072376,4.0041244032457115,4.0028445722368104,0.07195683797134757,2.1958352444073626,3.021955670234888,2.577752028569691,1.7778576480065311,-49.10053952535816
2026-04-15T15:25:32.719,4.003513336391052,4.004835129072376,4.0041244032457115,4.0028445722368104,0.07195683797134757,2.1958352444073626,3.021955670234888,2.577752028569691,1.7778576480065311,-49.10053952535816
2026-04-15T15:25:32.840,4.003513336391052,4.004835129072376,4.0041244032457115,4.0028445722368104,0.07195683797134757,2.1958352444073626,3.021955670234888,2.577752028569691,1.7778576480065311,-49.10053952535816
2026-04-15T15:25:32.934,4.003329754074201,4.004819393445217,4.004111290223079,4.002750158473859,0.06931297684743493,2.0810962963757618,3.012120903260751,2.5695563894245765,1.7188490461617079,-49.13358778940706
2026-04-15T15:25:33.047,4.003329754074201,4.004819393445217,4.004111290223079,4.002750158473859,0.06931297684743493,2.0810962963757618,3.012120903260751,2.5695563894245765,1.7188490461617079,-49.13358778940706
2026-04-15T15:25:33.153,4.003329754074201,4.004819393445217,4.004111290223079,4.002750158473859,0.06931297684743493,2.0810962963757618,3.012120903260751,2.5695563894245765,1.7188490461617079,-49.13358778940706
2026-04-15T15:25:33.262,4.003290415006305,4.004769563959215,4.004418134952672,4.002894401722813,0.06817278061885489,2.0565093789404187,2.9809774745093165,2.761334345420252,1.8090010767579656,-49.147840242264316
2026-04-15T15:25:33.378,4.003290415006305,4.004769563959215,4.004418134952672,4.002894401722813,0.06817278061885489,2.0565093789404187,2.9809774745093165,2.761334345420252,1.8090010767579656,-49.147840242264316
2026-04-15T15:25:33.483,4.003290415006305,4.004769563959215,4.004418134952672,4.002894401722813,0.06817278061885489,2.0565093789404187,2.9809774745093165,2.761334345420252,1.8090010767579656,-49.147840242264316
2026-04-15T15:25:33.598,4.003479242532208,4.004748583123003,4.004200458776978,4.002886533909233,0.06895946622634679,2.1745265826300653,2.9678644518771335,2.625286735611354,1.804083693270897,-49.13800667217066
2026-04-15T15:25:33.695,4.003479242532208,4.004748583123003,4.004200458776978,4.002886533909233,0.06895946622634679,2.1745265826300653,2.9678644518771335,2.625286735611354,1.804083693270897,-49.13800667217066
2026-04-15T15:25:33.804,4.003479242532208,4.004748583123003,4.004200458776978,4.002886533909233,0.06895946622634679,2.1745265826300653,2.9678644518771335,2.625286735611354,1.804083693270897,-49.13800667217066
2026-04-15T15:25:33.914,4.003237962915777,4.004874468140272,4.004302740353509,4.003243208124829,0.0723302646837646,2.0237268223605165,3.0465425876702312,2.689212720943246,2.027005078018007,-49.09587169145294
2026-04-15T15:25:34.035,4.003237962915777,4.004874468140272,4.004302740353509,4.003243208124829,0.0723302646837646,2.0237268223605165,3.0465425876702312,2.689212720943246,2.027005078018007,-49.09587169145294
2026-04-15T15:25:34.137,4.003237962915777,4.004874468140272,4.004302740353509,4.003243208124829,0.0723302646837646,2.0237268223605165,3.0465425876702312,2.689212720943246,2.027005078018007,-49.09587169145294
2026-04-15T15:25:34.249,4.003119945712086,4.004822016049744,4.004551887783521,4.003077984039663,0.07014447366041686,1.9499660700539323,3.013760031089774,2.8449298647004184,1.9237400247895664,-49.12319407924479
2026-04-15T15:25:34.357,4.003119945712086,4.004822016049744,4.004551887783521,4.003077984039663,0.07014447366041686,1.9499660700539323,3.013760031089774,2.8449298647004184,1.9237400247895664,-49.12319407924479
2026-04-15T15:25:34.460,4.003119945712086,4.004822016049744,4.004551887783521,4.003077984039663,0.07014447366041686,1.9499660700539323,3.013760031089774,2.8449298647004184,1.9237400247895664,-49.12319407924479
2026-04-15T15:25:34.573,4.003261566356514,4.004795790004479,4.004087686782342,4.002980947672185,0.07043325698468604,2.038478972821167,2.997368752799545,2.554804238963926,1.8630922951157203,-49.119584287691424
2026-04-15T15:25:34.679,4.003261566356514,4.004795790004479,4.004087686782342,4.002980947672185,0.07043325698468604,2.038478972821167,2.997368752799545,2.554804238963926,1.8630922951157203,-49.119584287691424
2026-04-15T15:25:34.786,4.003261566356514,4.004795790004479,4.004087686782342,4.002980947672185,0.07043325698468604,2.038478972821167,2.997368752799545,2.554804238963926,1.8630922951157203,-49.119584287691424
2026-04-15T15:25:34.901,4.003489732950314,4.004656791964578,4.004381418489302,4.002973079858606,0.06963661333152968,2.1810830939461567,2.910494977861333,2.738386555813932,1.8581749116286517,-49.12954233335588
2026-04-15T15:25:35.009,4.003489732950314,4.004656791964578,4.004381418489302,4.002973079858606,0.06963661333152968,2.1810830939461567,2.910494977861333,2.738386555813932,1.8581749116286517,-49.12954233335588
2026-04-15T15:25:35.119,4.003489732950314,4.004656791964578,4.004381418489302,4.002973079858606,0.06963661333152968,2.1810830939461567,2.910494977861333,2.738386555813932,1.8581749116286517,-49.12954233335588
2026-04-15T15:25:35.226,4.003615617967583,4.004947901067013,4.004095554595921,4.0029888154857645,0.07089630610808317,2.2597612297392544,3.0924381668828715,2.5597216224504393,1.8680096786027889,-49.11379617364896
2026-04-15T15:25:35.337,4.003615617967583,4.004947901067013,4.004095554595921,4.0029888154857645,0.07089630610808317,2.2597612297392544,3.0924381668828715,2.5597216224504393,1.8680096786027889,-49.11379617364896
2026-04-15T15:25:35.449,4.003615617967583,4.004947901067013,4.004095554595921,4.0029888154857645,0.07089630610808317,2.2597612297392544,3.0924381668828715,2.5597216224504393,1.8680096786027889,-49.11379617364896
2026-04-15T15:25:35.565,4.00330090542441,4.0049295428353275,4.004095554595921,4.003188133429774,0.07131952304882248,2.06306589025651,3.0809642720797115,2.5597216224504393,1.9925833936085269,-49.10850596188972
2026-04-15T15:25:35.666,4.00330090542441,4.0049295428353275,4.004095554595921,4.003188133429774,0.07131952304882248,2.06306589025651,3.0809642720797115,2.5597216224504393,1.9925833936085269,-49.10850596188972
2026-04-15T15:25:35.781,4.00330090542441,4.0049295428353275,4.004095554595921,4.003188133429774,0.07131952304882248,2.06306589025651,3.0809642720797115,2.5597216224504393,1.9925833936085269,-49.10850596188972
2026-04-15T15:25:35.891,4.003251075938408,4.0049111846036425,4.004132271059291,4.002910137349972,0.0686308507194198,2.0319224615050757,3.0694903772765514,2.5826694120567595,1.818835843732658,-49.14211436600725
2026-04-15T15:25:35.998,4.003251075938408,4.0049111846036425,4.004132271059291,4.002910137349972,0.0686308507194198,2.0319224615050757,3.0694903772765514,2.5826694120567595,1.818835843732658,-49.14211436600725
2026-04-15T15:25:36.111,4.003251075938408,4.0049111846036425,4.004132271059291,4.002910137349972,0.0686308507194198,2.0319224615050757,3.0694903772765514,2.5826694120567595,1.818835843732658,-49.14211436600725
2026-04-15T15:25:36.225,4.003413677419047,4.004774809168268,4.00425815607656,4.002978325067659,0.06931795587026715,2.1335483869044936,2.9842557301673622,2.661347547849857,1.8614531672866974,-49.13352555162166
2026-04-15T15:25:36.337,4.003413677419047,4.004774809168268,4.00425815607656,4.002978325067659,0.06931795587026715,2.1335483869044936,2.9842557301673622,2.661347547849857,1.8614531672866974,-49.13352555162166
2026-04-15T15:25:36.439,4.003413677419047,4.004774809168268,4.00425815607656,4.002978325067659,0.06931795587026715,2.1335483869044936,2.9842557301673622,2.661347547849857,1.8614531672866974,-49.13352555162166
2026-04-15T15:25:36.543,4.00334548970136,4.004950523671539,4.003917217488123,4.002810478377967,0.06987062740464438,2.090931063349899,3.0940772947118944,2.4482609300768843,1.7565489862292338,-49.12661715744194
2026-04-15T15:25:36.655,4.00334548970136,4.004950523671539,4.003917217488123,4.002810478377967,0.06987062740464438,2.090931063349899,3.0940772947118944,2.4482609300768843,1.7565489862292338,-49.12661715744194
2026-04-15T15:25:36.778,4.00334548970136,4.004950523671539,4.003917217488123,4.002810478377967,0.06987062740464438,2.090931063349899,3.0940772947118944,2.4482609300768843,1.7565489862292338,-49.12661715744194
2026-04-15T15:25:36.873,4.003395319187362,4.004604339874049,4.004045725109918,4.002980947672185,0.07054279548699505,2.1220744921013335,2.877712421280876,2.528578193699005,1.8630922951157203,-49.11821505641256
2026-04-15T15:25:36.981,4.003395319187362,4.004604339874049,4.004045725109918,4.002980947672185,0.07054279548699505,2.1220744921013335,2.877712421280876,2.528578193699005,1.8630922951157203,-49.11821505641256
2026-04-15T15:25:37.091,4.003395319187362,4.004604339874049,4.004045725109918,4.002980947672185,0.07054279548699505,2.1220744921013335,2.877712421280876,2.528578193699005,1.8630922951157203,-49.11821505641256
2026-04-15T15:25:37.209,4.003426790441679,4.004735470100371,4.004231930031295,4.003009796321976,0.07134441816298362,2.141744026049608,2.959668812732019,2.6449562695596285,1.8811227012349718,-49.108194772962705
2026-04-15T15:25:37.307,4.003426790441679,4.004735470100371,4.004231930031295,4.003009796321976,0.07134441816298362,2.141744026049608,2.959668812732019,2.6449562695596285,1.8811227012349718,-49.108194772962705
2026-04-15T15:25:37.426,4.003426790441679,4.004735470100371,4.004231930031295,4.003009796321976,0.07134441816298362,2.141744026049608,2.959668812732019,2.6449562695596285,1.8811227012349718,-49.108194772962705
2026-04-15T15:25:37.547,4.0033612253285185,4.0045571329925735,4.004119158036659,4.002590179597746,0.0690889208199847,2.100765830324036,2.848208120358464,2.574473772911645,1.618862248591313,-49.136388489750196
2026-04-15T15:25:37.637,4.0033612253285185,4.0045571329925735,4.004119158036659,4.002590179597746,0.0690889208199847,2.100765830324036,2.848208120358464,2.574473772911645,1.618862248591313,-49.136388489750196
2026-04-15T15:25:37.755,4.0033612253285185,4.0045571329925735,4.004119158036659,4.002590179597746,0.0690889208199847,2.100765830324036,2.848208120358464,2.574473772911645,1.618862248591313,-49.136388489750196
2026-04-15T15:25:37.853,4.003303528028937,4.00470662145058,4.0041663649181345,4.002731800242174,0.07101580265605661,2.064705018085533,2.9416384066127677,2.6039780738340568,1.7073751513585478,-49.11230246679929
2026-04-15T15:25:37.964,4.003303528028937,4.00470662145058,4.0041663649181345,4.002731800242174,0.07101580265605661,2.064705018085533,2.9416384066127677,2.6039780738340568,1.7073751513585478,-49.11230246679929
2026-04-15T15:25:38.080,4.003303528028937,4.00470662145058,4.0041663649181345,4.002731800242174,0.07101580265605661,2.064705018085533,2.9416384066127677,2.6039780738340568,1.7073751513585478,-49.11230246679929
2026-04-15T15:25:38.194,4.003285169797252,4.00475120572753,4.004255533472033,4.002868175677548,0.07361983159731145,2.053231123282373,2.9695035797061564,2.6597084200208343,1.792609798467737,-49.079752105033606
2026-04-15T15:25:38.287,4.003285169797252,4.00475120572753,4.004255533472033,4.002868175677548,0.07361983159731145,2.053231123282373,2.9695035797061564,2.6597084200208343,1.792609798467737,-49.079752105033606
2026-04-15T15:25:38.390,4.003285169797252,4.00475120572753,4.004255533472033,4.002868175677548,0.07361983159731145,2.053231123282373,2.9695035797061564,2.6597084200208343,1.792609798467737,-49.079752105033606
2026-04-15T15:25:38.508,4.003324508865148,4.004793167399953,4.004252910867507,4.0028209687960725,0.07139420839130589,2.077818040717716,2.9957296249705223,2.6580692921918114,1.7631054975453253,-49.107572395108676
2026-04-15T15:25:38.628,4.003324508865148,4.004793167399953,4.004252910867507,4.0028209687960725,0.07139420839130589,2.077818040717716,2.9957296249705223,2.6580692921918114,1.7631054975453253,-49.107572395108676
2026-04-15T15:25:38.737,4.003324508865148,4.004793167399953,4.004252910867507,4.0028209687960725,0.07139420839130589,2.077818040717716,2.9957296249705223,2.6580692921918114,1.7631054975453253,-49.107572395108676
2026-04-15T15:25:38.838,4.003256321147461,4.004625320710261,4.004218817008663,4.002834081818705,0.07126973282050021,2.0352007171631215,2.8908254439130587,2.636760630414514,1.7713011366904396,-49.10912833974375
2026-04-15T15:25:38.949,4.003256321147461,4.004625320710261,4.004218817008663,4.002834081818705,0.07126973282050021,2.0352007171631215,2.8908254439130587,2.636760630414514,1.7713011366904396,-49.10912833974375
2026-04-15T15:25:39.059,4.003256321147461,4.004625320710261,4.004218817008663,4.002834081818705,0.07126973282050021,2.0352007171631215,2.8908254439130587,2.636760630414514,1.7713011366904396,-49.10912833974375
2026-04-15T15:25:39.178,4.003350734910413,4.004772186563741,4.004132271059291,4.003088474457769,0.06879515847288328,2.0942093190079447,2.9826166023383394,2.5826694120567595,1.9302965361056579,-49.140060519088955
2026-04-15T15:25:39.268,4.003350734910413,4.004772186563741,4.004132271059291,4.003088474457769,0.06879515847288328,2.0942093190079447,2.9826166023383394,2.5826694120567595,1.9302965361056579,-49.140060519088955
2026-04-15T15:25:39.377,4.003350734910413,4.004772186563741,4.004132271059291,4.003088474457769,0.06879515847288328,2.0942093190079447,2.9826166023383394,2.5826694120567595,1.9302965361056579,-49.140060519088955
2026-04-15T15:25:39.491,4.003592014526845,4.004989862739436,4.0042214396131905,4.0029652120450265,0.06970631965118086,2.2450090792780486,3.1186642121472374,2.638399758244092,1.853257528141583,-49.12867100436024
2026-04-15T15:25:39.602,4.003592014526845,4.004989862739436,4.0042214396131905,4.0029652120450265,0.06970631965118086,2.2450090792780486,3.1186642121472374,2.638399758244092,1.853257528141583,-49.12867100436024
2026-04-15T15:25:39.709,4.003592014526845,4.004989862739436,4.0042214396131905,4.0029652120450265,0.06970631965118086,2.2450090792780486,3.1186642121472374,2.638399758244092,1.853257528141583,-49.12867100436024
2026-04-15T15:25:39.826,4.003285169797252,4.00459647206047,4.004056215528024,4.002784252332702,0.06825244498417052,2.053231123282373,2.872795037793807,2.5351347050150963,1.7401577079390051,-49.146844437697865
2026-04-15T15:25:39.932,4.003285169797252,4.00459647206047,4.004056215528024,4.002784252332702,0.06825244498417052,2.053231123282373,2.872795037793807,2.5351347050150963,1.7401577079390051,-49.146844437697865
2026-04-15T15:25:40.042,4.003285169797252,4.00459647206047,4.004056215528024,4.002784252332702,0.06825244498417052,2.053231123282373,2.872795037793807,2.5351347050150963,1.7401577079390051,-49.146844437697865
2026-04-15T15:25:40.160,4.003565788481581,4.004950523671539,4.0042266848222425,4.0028445722368104,0.07126973282050021,2.228617800988375,3.0940772947118944,2.6416780139015827,1.7778576480065311,-49.10912833974375
2026-04-15T15:25:40.259,4.003565788481581,4.004950523671539,4.0042266848222425,4.0028445722368104,0.07126973282050021,2.228617800988375,3.0940772947118944,2.6416780139015827,1.7778576480065311,-49.10912833974375
2026-04-15T15:25:40.371,4.003565788481581,4.004950523671539,4.0042266848222425,4.0028445722368104,0.07126973282050021,2.228617800988375,3.0940772947118944,2.6416780139015827,1.7778576480065311,-49.10912833974375
2026-04-15T15:25:40.482,4.003429413046206,4.004635811128367,4.004142761477397,4.00285244005039,0.0706622920349685,2.1433831538786308,2.89738195522915,2.589225923372851,1.7827750314935997,-49.116721349562894
2026-04-15T15:25:40.592,4.003429413046206,4.004635811128367,4.004142761477397,4.00285244005039,0.0706622920349685,2.1433831538786308,2.89738195522915,2.589225923372851,1.7827750314935997,-49.116721349562894
2026-04-15T15:25:40.696,4.003429413046206,4.004635811128367,4.004142761477397,4.00285244005039,0.0706622920349685,2.1433831538786308,2.89738195522915,2.589225923372851,1.7827750314935997,-49.116721349562894
2026-04-15T15:25:40.805,4.003369093142098,4.004738092704898,4.00406670594613,4.003290415006305,0.0693279139159316,2.105683213811105,2.961307940561042,2.5416912163311878,2.0565093789404187,-49.13340107605085
2026-04-15T15:25:40.922,4.003369093142098,4.004738092704898,4.00406670594613,4.003290415006305,0.0693279139159316,2.105683213811105,2.961307940561042,2.5416912163311878,2.0565093789404187,-49.13340107605085
2026-04-15T15:25:41.035,4.003369093142098,4.004738092704898,4.00406670594613,4.003290415006305,0.0693279139159316,2.105683213811105,2.961307940561042,2.5416912163311878,2.0565093789404187,-49.13340107605085
2026-04-15T15:25:41.135,4.003293037610831,4.004703998846054,4.004373550675723,4.002980947672185,0.06890469697519229,2.0581485067694416,2.939999278783745,2.7334691723268634,1.8630922951157203,-49.1386912878101
2026-04-15T15:25:41.257,4.003293037610831,4.004703998846054,4.004373550675723,4.002980947672185,0.06890469697519229,2.0581485067694416,2.939999278783745,2.7334691723268634,1.8630922951157203,-49.1386912878101
2026-04-15T15:25:41.351,4.003293037610831,4.004703998846054,4.004373550675723,4.002980947672185,0.06890469697519229,2.0581485067694416,2.939999278783745,2.7334691723268634,1.8630922951157203,-49.1386912878101
2026-04-15T15:25:41.462,4.003261566356514,4.004381418489302,4.003961801765072,4.002776384519124,0.07072204030895522,2.038478972821167,2.738386555813932,2.476126103170273,1.7352403244524917,-49.11597449613806
2026-04-15T15:25:41.578,4.003261566356514,4.004381418489302,4.003961801765072,4.002776384519124,0.07072204030895522,2.038478972821167,2.738386555813932,2.476126103170273,1.7352403244524917,-49.11597449613806
2026-04-15T15:25:41.684,4.003261566356514,4.004381418489302,4.003961801765072,4.002776384519124,0.07072204030895522,2.038478972821167,2.738386555813932,2.476126103170273,1.7352403244524917,-49.11597449613806
2026-04-15T15:25:41.789,4.0031514169664035,4.004423380161725,4.004116535432132,4.002915382559024,0.07009468343209459,1.9696356040022067,2.764612601078298,2.5728346450826223,1.8221140993901486,-49.12381645709882
2026-04-15T15:25:41.909,4.0031514169664035,4.004423380161725,4.004116535432132,4.002915382559024,0.07009468343209459,1.9696356040022067,2.764612601078298,2.5728346450826223,1.8221140993901486,-49.12381645709882
2026-04-15T15:25:42.005,4.0031514169664035,4.004423380161725,4.004116535432132,4.002915382559024,0.07009468343209459,1.9696356040022067,2.764612601078298,2.5728346450826223,1.8221140993901486,-49.12381645709882
2026-04-15T15:25:42.124,4.003198623847879,4.004664659778157,4.004090309386868,4.003261566356514,0.06982581619915433,1.9991399049246183,2.9154123613484018,2.5564433667923936,2.038478972821167,-49.12717729751057
2026-04-15T15:25:42.227,4.003198623847879,4.004664659778157,4.004090309386868,4.003261566356514,0.06982581619915433,1.9991399049246183,2.9154123613484018,2.5564433667923936,2.038478972821167,-49.12717729751057
2026-04-15T15:25:42.334,4.003198623847879,4.004664659778157,4.004090309386868,4.003261566356514,0.06982581619915433,1.9991399049246183,2.9154123613484018,2.5564433667923936,2.038478972821167,-49.12717729751057
2026-04-15T15:25:42.452,4.003589391922318,4.004790544795426,4.0042922499354034,4.002959966835974,0.06594715741284933,2.2433699514490257,2.9940904971414994,2.6826562096271545,1.8499792724835373,-49.175660532339386
2026-04-15T15:25:42.565,4.003589391922318,4.004790544795426,4.0042922499354034,4.002959966835974,0.06594715741284933,2.2433699514490257,2.9940904971414994,2.6826562096271545,1.8499792724835373,-49.175660532339386
2026-04-15T15:25:42.667,4.003589391922318,4.004790544795426,4.0042922499354034,4.002959966835974,0.06594715741284933,2.2433699514490257,2.9940904971414994,2.6826562096271545,1.8499792724835373,-49.175660532339386
2026-04-15T15:25:42.771,4.0033192636560955,4.004882335953852,4.004061460737077,4.002915382559024,0.06631560510243414,2.0745397850596703,3.0514599711573,2.538412960673142,1.8221140993901486,-49.17105493621957
2026-04-15T15:25:42.878,4.0033192636560955,4.004882335953852,4.004061460737077,4.002915382559024,0.06631560510243414,2.0745397850596703,3.0514599711573,2.538412960673142,1.8221140993901486,-49.17105493621957
2026-04-15T15:25:42.993,4.0033192636560955,4.004882335953852,4.004061460737077,4.002915382559024,0.06631560510243414,2.0745397850596703,3.0514599711573,2.538412960673142,1.8221140993901486,-49.17105493621957
2026-04-15T15:25:43.101,4.003114700503033,4.004732847495845,4.0038542749794885,4.002836704423232,0.07082659978843199,1.9466878143958866,2.9580296849029963,2.4089218621803354,1.7729402645200176,-49.1146675026446
2026-04-15T15:25:43.210,4.003114700503033,4.004732847495845,4.0038542749794885,4.002836704423232,0.07082659978843199,1.9466878143958866,2.9580296849029963,2.4089218621803354,1.7729402645200176,-49.1146675026446
2026-04-15T15:25:43.317,4.003114700503033,4.004732847495845,4.0038542749794885,4.002836704423232,0.07082659978843199,1.9466878143958866,2.9580296849029963,2.4089218621803354,1.7729402645200176,-49.1146675026446
2026-04-15T15:25:43.422,4.003303528028937,4.004638433732893,4.004245043053928,4.0025062562529,0.07336092241003564,2.064705018085533,2.899021083058173,2.653151908704743,1.566410158062581,-49.08298846987456
2026-04-15T15:25:43.551,4.003303528028937,4.004638433732893,4.004245043053928,4.0025062562529,0.07336092241003564,2.064705018085533,2.899021083058173,2.653151908704743,1.566410158062581,-49.08298846987456
2026-04-15T15:25:43.642,4.003303528028937,4.004638433732893,4.004245043053928,4.0025062562529,0.07336092241003564,2.064705018085533,2.899021083058173,2.653151908704743,1.566410158062581,-49.08298846987456
2026-04-15T15:25:43.752,4.003434658255259,4.004688263218895,4.0040404799008655,4.0026164056430105,0.07019426388873913,2.1466614095366765,2.9301645118096076,2.525299938040959,1.6352535268815416,-49.12257170139076
2026-04-15T15:25:43.863,4.003434658255259,4.004688263218895,4.0040404799008655,4.0026164056430105,0.07019426388873913,2.1466614095366765,2.9301645118096076,2.525299938040959,1.6352535268815416,-49.12257170139076
2026-04-15T15:25:43.993,4.003434658255259,4.004688263218895,4.0040404799008655,4.0026164056430105,0.07019426388873913,2.1466614095366765,2.9301645118096076,2.525299938040959,1.6352535268815416,-49.12257170139076
2026-04-15T15:25:44.076,4.003185510825247,4.004722357077739,4.004245043053928,4.0027370454512265,0.06911879495697806,1.990944265779504,2.951473173586905,2.653151908704743,1.7106534070165935,-49.136015063037775
2026-04-15T15:25:44.194,4.003185510825247,4.004722357077739,4.004245043053928,4.0027370454512265,0.06911879495697806,1.990944265779504,2.951473173586905,2.653151908704743,1.7106534070165935,-49.136015063037775
2026-04-15T15:25:44.320,4.003185510825247,4.004722357077739,4.004245043053928,4.0027370454512265,0.06911879495697806,1.990944265779504,2.951473173586905,2.653151908704743,1.7106534070165935,-49.136015063037775
2026-04-15T15:25:44.434,4.003426790441679,4.004690885823422,4.004342079421406,4.002881288700181,0.07130956500315803,2.141744026049608,2.9318036396386304,2.713799638378589,1.8008054376128513,-49.108630437460526
2026-04-15T15:25:44.531,4.003426790441679,4.004690885823422,4.004342079421406,4.002881288700181,0.07130956500315803,2.141744026049608,2.9318036396386304,2.713799638378589,1.8008054376128513,-49.108630437460526
2026-04-15T15:25:44.650,4.003426790441679,4.004690885823422,4.004342079421406,4.002881288700181,0.07130956500315803,2.141744026049608,2.9318036396386304,2.713799638378589,1.8008054376128513,-49.108630437460526
2026-04-15T15:25:44.748,4.003269434170093,4.00467777280079,4.004444360997937,4.002836704423232,0.07009966245492683,2.043396356308236,2.923608000493516,2.777725623710481,1.7729402645200176,-49.12375421931341
2026-04-15T15:25:44.866,4.003269434170093,4.00467777280079,4.004444360997937,4.002836704423232,0.07009966245492683,2.043396356308236,2.923608000493516,2.777725623710481,1.7729402645200176,-49.12375421931341
2026-04-15T15:25:44.971,4.003269434170093,4.00467777280079,4.004444360997937,4.002836704423232,0.07009966245492683,2.043396356308236,2.923608000493516,2.777725623710481,1.7729402645200176,-49.12375421931341
2026-04-15T15:25:45.096,4.0034399034643116,4.004732847495845,4.004263401285613,4.002750158473859,0.06830721423532501,2.1499396651947222,2.9580296849029963,2.664625803507903,1.7188490461617079,-49.146159822058436
2026-04-15T15:25:45.197,4.0034399034643116,4.004732847495845,4.004263401285613,4.002750158473859,0.06830721423532501,2.1499396651947222,2.9580296849029963,2.664625803507903,1.7188490461617079,-49.146159822058436
2026-04-15T15:25:45.311,4.0034399034643116,4.004732847495845,4.004263401285613,4.002750158473859,0.06830721423532501,2.1499396651947222,2.9580296849029963,2.664625803507903,1.7188490461617079,-49.146159822058436
2026-04-15T15:25:45.406,4.003093719666822,4.004690885823422,4.0043106081670885,4.0027606488919645,0.0661961085544607,1.9335747917637036,2.9318036396386304,2.6941301044303145,1.7254055574777993,-49.17254864306924
2026-04-15T15:25:45.509,4.003093719666822,4.004690885823422,4.0043106081670885,4.0027606488919645,0.0661961085544607,1.9335747917637036,2.9318036396386304,2.6941301044303145,1.7254055574777993,-49.17254864306924
2026-04-15T15:25:45.621,4.003093719666822,4.004690885823422,4.0043106081670885,4.0027606488919645,0.0661961085544607,1.9335747917637036,2.9318036396386304,2.6941301044303145,1.7254055574777993,-49.17254864306924
2026-04-15T15:25:45.725,4.003316641051569,4.004549265178995,4.00398540520581,4.002721309824068,0.06856612342260084,2.0729006572306474,2.8432907368719507,2.490878253631479,1.7008186400424563,-49.14292345721749
2026-04-15T15:25:45.838,4.003316641051569,4.004549265178995,4.00398540520581,4.002721309824068,0.06856612342260084,2.0729006572306474,2.8432907368719507,2.490878253631479,1.7008186400424563,-49.14292345721749
2026-04-15T15:25:45.950,4.003316641051569,4.004549265178995,4.00398540520581,4.002721309824068,0.06856612342260084,2.0729006572306474,2.8432907368719507,2.490878253631479,1.7008186400424563,-49.14292345721749
2026-04-15T15:25:46.061,4.003340244492307,4.005029201807332,4.004218817008663,4.002731800242174,0.06677865422583126,2.0876528076918532,3.1432511295825805,2.636760630414514,1.7073751513585478,-49.16526682217711
2026-04-15T15:25:46.180,4.003340244492307,4.005029201807332,4.004218817008663,4.002731800242174,0.06677865422583126,2.0876528076918532,3.1432511295825805,2.636760630414514,1.7073751513585478,-49.16526682217711
2026-04-15T15:25:46.275,4.003340244492307,4.005029201807332,4.004218817008663,4.002731800242174,0.06677865422583126,2.0876528076918532,3.1432511295825805,2.636760630414514,1.7073751513585478,-49.16526682217711
2026-04-15T15:25:46.383,4.00307273883061,4.0048036578180595,4.004001140832969,4.002640009083748,0.07041831991618935,1.9204617691315207,3.002286136287169,2.500713020605616,1.6500056773427474,-49.11977100104764
2026-04-15T15:25:46.490,4.00307273883061,4.0048036578180595,4.004001140832969,4.002640009083748,0.07041831991618935,1.9204617691315207,3.002286136287169,2.500713020605616,1.6500056773427474,-49.11977100104764
2026-04-15T15:25:46.613,4.00307273883061,4.0048036578180595,4.004001140832969,4.002640009083748,0.07041831991618935,1.9204617691315207,3.002286136287169,2.500713020605616,1.6500056773427474,-49.11977100104764
2026-04-15T15:25:46.714,4.003429413046206,4.00463318852384,4.004297495144456,4.002902269536392,0.06692802491079809,2.1433831538786308,2.8957428274001273,2.6859344652852,1.8139184602450342,-49.16339968861502
2026-04-15T15:25:46.827,4.003429413046206,4.00463318852384,4.004297495144456,4.002902269536392,0.06692802491079809,2.1433831538786308,2.8957428274001273,2.6859344652852,1.8139184602450342,-49.16339968861502
2026-04-15T15:25:46.927,4.003429413046206,4.00463318852384,4.004297495144456,4.002902269536392,0.06692802491079809,2.1433831538786308,2.8957428274001273,2.6859344652852,1.8139184602450342,-49.16339968861502
2026-04-15T15:25:47.042,4.003293037610831,4.004638433732893,4.0042083265905575,4.002873420886601,0.06675873813450237,2.0581485067694416,2.899021083058173,2.6302041190984227,1.7958880541257827,-49.16551577331872
2026-04-15T15:25:47.146,4.003293037610831,4.004638433732893,4.0042083265905575,4.002873420886601,0.06675873813450237,2.0581485067694416,2.899021083058173,2.6302041190984227,1.7958880541257827,-49.16551577331872
2026-04-15T15:25:47.269,4.003293037610831,4.004638433732893,4.0042083265905575,4.002873420886601,0.06675873813450237,2.0581485067694416,2.899021083058173,2.6302041190984227,1.7958880541257827,-49.16551577331872
2026-04-15T15:25:47.374,4.00307273883061,4.004717111868686,4.004085064177815,4.002931118186183,0.06750061253650422,1.9204617691315207,2.948194917928859,2.553165111134348,1.8319488663642858,-49.1562423432937
2026-04-15T15:25:47.477,4.00307273883061,4.004717111868686,4.004085064177815,4.002931118186183,0.06750061253650422,1.9204617691315207,2.948194917928859,2.553165111134348,1.8319488663642858,-49.1562423432937
2026-04-15T15:25:47.585,4.00307273883061,4.004717111868686,4.004085064177815,4.002931118186183,0.06750061253650422,1.9204617691315207,2.948194917928859,2.553165111134348,1.8319488663642858,-49.1562423432937
2026-04-15T15:25:47.709,4.003253698542935,4.004693508427948,4.004205703986031,4.002936363395236,0.42816608943454626,2.0335615893340986,2.9334427674676533,2.6285649912694,1.8352271220223315,-44.64792388206818
2026-04-15T15:25:47.805,4.003253698542935,4.004693508427948,4.004205703986031,4.002936363395236,0.42816608943454626,2.0335615893340986,2.9334427674676533,2.6285649912694,1.8352271220223315,-44.64792388206818
2026-04-15T15:25:47.928,4.003253698542935,4.004693508427948,4.004205703986031,4.002936363395236,0.42816608943454626,2.0335615893340986,2.9334427674676533,2.6285649912694,1.8352271220223315,-44.64792388206818
2026-04-15T15:25:48.027,4.003164529989037,4.004481077461307,4.004336834212353,4.00375723861201,0.2011774175361402,1.9778312431478762,2.800673413316801,2.710521382720543,2.3482741325064893,-47.485282280798245
2026-04-15T15:25:48.134,4.003164529989037,4.004481077461307,4.004336834212353,4.00375723861201,0.2011774175361402,1.9778312431478762,2.800673413316801,2.710521382720543,2.3482741325064893,-47.485282280798245
2026-04-15T15:25:48.241,4.003164529989037,4.004481077461307,4.004336834212353,4.00375723861201,0.2011774175361402,1.9778312431478762,2.800673413316801,2.710521382720543,2.3482741325064893,-47.485282280798245
2026-04-15T15:25:48.366,4.003376960955677,4.004769563959215,4.004452228811516,4.002584934388693,-0.0016729516716283408,2.1106005972981734,2.9809774745093165,2.7826430071975494,1.6155839929332672,-50.02091189589536
2026-04-15T15:25:48.462,4.003376960955677,4.004769563959215,4.004452228811516,4.002584934388693,-0.0016729516716283408,2.1106005972981734,2.9809774745093165,2.7826430071975494,1.6155839929332672,-50.02091189589536
2026-04-15T15:25:48.575,4.003376960955677,4.004769563959215,4.004452228811516,4.002584934388693,-0.0016729516716283408,2.1106005972981734,2.9809774745093165,2.7826430071975494,1.6155839929332672,-50.02091189589536
2026-04-15T15:25:48.676,4.003119945712086,4.004777431772794,4.0043525698395115,4.003484487741261,0.008429485654960657,1.9499660700539323,2.985894857996385,2.7203561496946804,2.177804838288111,-49.894631429312994
2026-04-15T15:25:48.786,4.003119945712086,4.004777431772794,4.0043525698395115,4.003484487741261,0.008429485654960657,1.9499660700539323,2.985894857996385,2.7203561496946804,2.177804838288111,-49.894631429312994
2026-04-15T15:25:48.907,4.003119945712086,4.004777431772794,4.0043525698395115,4.003484487741261,0.008429485654960657,1.9499660700539323,2.985894857996385,2.7203561496946804,2.177804838288111,-49.894631429312994
2026-04-15T15:25:49.007,4.003230095102197,4.004604339874049,4.004384041093829,4.003285169797252,0.005128393517194021,2.0188094388728928,2.877712421280876,2.740025683642955,2.053231123282373,-49.93589508103508
2026-04-15T15:25:49.124,4.003230095102197,4.004604339874049,4.004384041093829,4.003285169797252,0.005128393517194021,2.0188094388728928,2.877712421280876,2.740025683642955,2.053231123282373,-49.93589508103508
2026-04-15T15:25:49.225,4.003230095102197,4.004604339874049,4.004384041093829,4.003285169797252,0.005128393517194021,2.0188094388728928,2.877712421280876,2.740025683642955,2.053231123282373,-49.93589508103508
2026-04-15T15:25:49.339,4.003261566356514,4.005039692225438,4.003885746233806,4.003303528028937,-0.009101653737311331,2.038478972821167,3.149807640898672,2.42859139612861,2.064705018085533,-50.113770671716395
2026-04-15T15:25:49.442,4.003261566356514,4.005039692225438,4.003885746233806,4.003303528028937,-0.009101653737311331,2.038478972821167,3.149807640898672,2.42859139612861,2.064705018085533,-50.113770671716395
2026-04-15T15:25:49.553,4.003261566356514,4.005039692225438,4.003885746233806,4.003303528028937,-0.009101653737311331,2.038478972821167,3.149807640898672,2.42859139612861,2.064705018085533,-50.113770671716395
2026-04-15T15:25:49.661,4.003172397802615,4.005168199847233,4.004680395405316,4.002655744710907,-0.015479781985394382,1.9827486266343897,3.2301249045207925,2.925247128322539,1.6598404443168846,-50.19349727481743
2026-04-15T15:25:49.778,4.003172397802615,4.005168199847233,4.004680395405316,4.002655744710907,-0.015479781985394382,1.9827486266343897,3.2301249045207925,2.925247128322539,1.6598404443168846,-50.19349727481743
2026-04-15T15:25:49.880,4.003172397802615,4.005168199847233,4.004680395405316,4.002655744710907,-0.015479781985394382,1.9827486266343897,3.2301249045207925,2.925247128322539,1.6598404443168846,-50.19349727481743
2026-04-15T15:25:49.994,4.003001928508397,4.004892826371957,4.004685640614369,4.002818346191546,-0.007896730211912346,1.8762053177479032,3.0580164824733913,2.9285253839805847,1.7614663697163024,-50.0987091276489
2026-04-15T15:25:50.111,4.003001928508397,4.004892826371957,4.004685640614369,4.002818346191546,-0.007896730211912346,1.8762053177479032,3.0580164824733913,2.9285253839805847,1.7614663697163024,-50.0987091276489
2026-04-15T15:25:50.220,4.003001928508397,4.004892826371957,4.004685640614369,4.002818346191546,-0.007896730211912346,1.8762053177479032,3.0580164824733913,2.9285253839805847,1.7614663697163024,-50.0987091276489
2026-04-15T15:25:50.318,4.0030438901808205,4.004675150196263,4.003995895623916,4.0031933786388265,0.002773315717550553,1.9024313630128242,2.9219688726644932,2.4974347649475703,1.9958616492665726,-49.96533355353062
2026-04-15T15:25:50.427,4.0030438901808205,4.004675150196263,4.003995895623916,4.0031933786388265,0.002773315717550553,1.9024313630128242,2.9219688726644932,2.4974347649475703,1.9958616492665726,-49.96533355353062
2026-04-15T15:25:50.535,4.0030438901808205,4.004675150196263,4.003995895623916,4.0031933786388265,0.002773315717550553,1.9024313630128242,2.9219688726644932,2.4974347649475703,1.9958616492665726,-49.96533355353062
2026-04-15T15:25:50.647,4.003083229248716,4.004583359037838,4.003930330510755,4.002878666095654,0.00034355257542367714,1.9270182804476121,2.864599398648693,2.4564565692219986,1.7991663097838284,-49.995705592807205
2026-04-15T15:25:50.769,4.003083229248716,4.004583359037838,4.003930330510755,4.002878666095654,0.00034355257542367714,1.9270182804476121,2.864599398648693,2.4564565692219986,1.7991663097838284,-49.995705592807205
2026-04-15T15:25:50.864,4.003083229248716,4.004583359037838,4.003930330510755,4.002878666095654,0.00034355257542367714,1.9270182804476121,2.864599398648693,2.4564565692219986,1.7991663097838284,-49.995705592807205
2026-04-15T15:25:50.978,4.003316641051569,4.00452303913373,4.004307985562562,4.0032773019836725,-0.011013598504886576,2.0729006572306474,2.826899458581167,2.6924909766012917,2.0483137397953044,-50.137669981311085
2026-04-15T15:25:51.083,4.003316641051569,4.00452303913373,4.004307985562562,4.0032773019836725,-0.011013598504886576,2.0729006572306474,2.826899458581167,2.6924909766012917,2.0483137397953044,-50.137669981311085
2026-04-15T15:25:51.194,4.003316641051569,4.00452303913373,4.004307985562562,4.0032773019836725,-0.011013598504886576,2.0729006572306474,2.826899458581167,2.6924909766012917,2.0483137397953044,-50.137669981311085
2026-04-15T15:25:51.301,4.003106832689454,4.004740715309424,4.004121780641185,4.003196001243353,0.006945736850956951,1.941770430908818,2.962947068390065,2.576112900740668,1.9975007770955955,-49.91317828936304
2026-04-15T15:25:51.416,4.003106832689454,4.004740715309424,4.004121780641185,4.003196001243353,0.006945736850956951,1.941770430908818,2.962947068390065,2.576112900740668,1.9975007770955955,-49.91317828936304
2026-04-15T15:25:51.523,4.003106832689454,4.004740715309424,4.004121780641185,4.003196001243353,0.006945736850956951,1.941770430908818,2.962947068390065,2.576112900740668,1.9975007770955955,-49.91317828936304
2026-04-15T15:25:51.636,4.003119945712086,4.004502058297518,4.0041060450140264,4.00345563909147,0.003938407060291719,1.9499660700539323,2.813786435948984,2.566278133766531,2.1597744321688594,-49.95076991174635
2026-04-15T15:25:51.741,4.003119945712086,4.004502058297518,4.0041060450140264,4.00345563909147,0.003938407060291719,1.9499660700539323,2.813786435948984,2.566278133766531,2.1597744321688594,-49.95076991174635
2026-04-15T15:25:51.856,4.003119945712086,4.004502058297518,4.0041060450140264,4.00345563909147,0.003938407060291719,1.9499660700539323,2.813786435948984,2.566278133766531,2.1597744321688594,-49.95076991174635
2026-04-15T15:25:51.966,4.003471374718629,4.0048036578180595,4.0043106081670885,4.002663612524486,0.0011451752514122571,2.1696091991429967,3.002286136287169,2.6941301044303145,1.6647578278039532,-49.98568530935735
2026-04-15T15:25:52.079,4.003471374718629,4.0048036578180595,4.0043106081670885,4.002663612524486,0.0011451752514122571,2.1696091991429967,3.002286136287169,2.6941301044303145,1.6647578278039532,-49.98568530935735
2026-04-15T15:25:52.178,4.003471374718629,4.0048036578180595,4.0043106081670885,4.002663612524486,0.0011451752514122571,2.1696091991429967,3.002286136287169,2.6941301044303145,1.6647578278039532,-49.98568530935735
2026-04-15T15:25:52.286,4.003342867096833,4.0048875811629046,4.004137516268344,4.0033376218877805,-0.004391498138024395,2.089291935520876,3.0547382268153456,2.585947667714805,2.0860136798628304,-50.054893726725304
2026-04-15T15:25:52.402,4.003342867096833,4.0048875811629046,4.004137516268344,4.0033376218877805,-0.004391498138024395,2.089291935520876,3.0547382268153456,2.585947667714805,2.0860136798628304,-50.054893726725304
2026-04-15T15:25:52.503,4.003342867096833,4.0048875811629046,4.004137516268344,4.0033376218877805,-0.004391498138024395,2.089291935520876,3.0547382268153456,2.585947667714805,2.0860136798628304,-50.054893726725304
2026-04-15T15:25:52.612,4.003413677419047,4.004772186563741,4.004161119709082,4.003366470537571,-0.002862938128530643,2.1335483869044936,2.9826166023383394,2.600699818176011,2.104044085982082,-50.03578672660664
2026-04-15T15:25:52.719,4.003413677419047,4.004772186563741,4.004161119709082,4.003366470537571,-0.002862938128530643,2.1335483869044936,2.9826166023383394,2.600699818176011,2.104044085982082,-50.03578672660664
2026-04-15T15:25:52.829,4.003413677419047,4.004772186563741,4.004161119709082,4.003366470537571,-0.002862938128530643,2.1335483869044936,2.9826166023383394,2.600699818176011,2.104044085982082,-50.03578672660664
2026-04-15T15:25:52.945,4.003390073978309,4.005262613610185,4.004032612087286,4.002702951592383,0.0016629936259638866,2.1187962364432877,3.2891335063656157,2.5203825545538905,1.6893447452392962,-49.979212579675455
2026-04-15T15:25:53.058,4.003390073978309,4.005262613610185,4.004032612087286,4.002702951592383,0.0016629936259638866,2.1187962364432877,3.2891335063656157,2.5203825545538905,1.6893447452392962,-49.979212579675455
2026-04-15T15:25:53.157,4.003390073978309,4.005262613610185,4.004032612087286,4.002702951592383,0.0016629936259638866,2.1187962364432877,3.2891335063656157,2.5203825545538905,1.6893447452392962,-49.979212579675455
2026-04-15T15:25:53.271,4.003390073978309,4.004950523671539,4.003870010606647,4.002910137349972,-0.0011302381829155755,2.1187962364432877,3.0940772947118944,2.4187566291544726,1.818835843732658,-50.01412797728645
2026-04-15T15:25:53.375,4.003390073978309,4.004950523671539,4.003870010606647,4.002910137349972,-0.0011302381829155755,2.1187962364432877,3.0940772947118944,2.4187566291544726,1.818835843732658,-50.01412797728645
2026-04-15T15:25:53.511,4.003390073978309,4.004950523671539,4.003870010606647,4.002910137349972,-0.0011302381829155755,2.1187962364432877,3.0940772947118944,2.4187566291544726,1.818835843732658,-50.01412797728645
2026-04-15T15:25:53.606,4.00352907201821,4.004950523671539,4.0042502882629805,4.002571821366061,0.004530910777326756,2.2056700113814998,3.0940772947118944,2.6564301643627886,1.6073883537881528,-49.94336361528342
2026-04-15T15:25:53.718,4.00352907201821,4.004950523671539,4.0042502882629805,4.002571821366061,0.004530910777326756,2.2056700113814998,3.0940772947118944,2.6564301643627886,1.6073883537881528,-49.94336361528342
2026-04-15T15:25:53.827,4.00352907201821,4.004950523671539,4.0042502882629805,4.002571821366061,0.004530910777326756,2.2056700113814998,3.0940772947118944,2.6564301643627886,1.6073883537881528,-49.94336361528342
2026-04-15T15:25:53.945,4.003825426329698,4.004575491224259,4.0041663649181345,4.00281572358702,-0.001553455123654888,2.390891456061084,2.8596820151616242,2.6039780738340568,1.7598272418872796,-50.01941818904568
2026-04-15T15:25:54.045,4.003825426329698,4.004575491224259,4.0041663649181345,4.00281572358702,-0.001553455123654888,2.390891456061084,2.8596820151616242,2.6039780738340568,1.7598272418872796,-50.01941818904568
2026-04-15T15:25:54.161,4.003825426329698,4.004575491224259,4.0041663649181345,4.00281572358702,-0.001553455123654888,2.390891456061084,2.8596820151616242,2.6039780738340568,1.7598272418872796,-50.01941818904568
2026-04-15T15:25:54.267,4.004027366878234,4.005050182643544,4.0042083265905575,4.004174232731714,-0.004476141526172257,2.5171042988964,3.1563641522147634,2.6302041190984227,2.6088954573211254,-50.055951769077154
2026-04-15T15:25:54.379,4.004027366878234,4.005050182643544,4.0042083265905575,4.004174232731714,-0.004476141526172257,2.5171042988964,3.1563641522147634,2.6302041190984227,2.6088954573211254,-50.055951769077154
2026-04-15T15:25:54.495,4.004027366878234,4.005050182643544,4.0042083265905575,4.004174232731714,-0.004476141526172257,2.5171042988964,3.1563641522147634,2.6302041190984227,2.6088954573211254,-50.055951769077154
2026-04-15T15:25:54.585,4.003279924588199,4.004554510388047,4.004334211607826,4.003022909344608,0.007757317572609986,2.0499528676243273,2.8465689925294413,2.7088822548915203,1.8893183403800862,-49.90303353034238
2026-04-15T15:25:54.701,4.003279924588199,4.004554510388047,4.004334211607826,4.003022909344608,0.007757317572609986,2.0499528676243273,2.8465689925294413,2.7088822548915203,1.8893183403800862,-49.90303353034238
2026-04-15T15:25:54.808,4.003279924588199,4.004554510388047,4.004334211607826,4.003022909344608,0.007757317572609986,2.0499528676243273,2.8465689925294413,2.7088822548915203,1.8893183403800862,-49.90303353034238
2026-04-15T15:25:54.926,4.003172397802615,4.004950523671539,4.003972292183178,4.003592014526845,0.0012049235253989835,1.9827486266343897,3.0940772947118944,2.4826826144863645,2.2450090792780486,-49.984938455932515
2026-04-15T15:25:55.038,4.003172397802615,4.004950523671539,4.003972292183178,4.003592014526845,0.0012049235253989835,1.9827486266343897,3.0940772947118944,2.4826826144863645,2.2450090792780486,-49.984938455932515
2026-04-15T15:25:55.149,4.003172397802615,4.004950523671539,4.003972292183178,4.003592014526845,0.0012049235253989835,1.9827486266343897,3.0940772947118944,2.4826826144863645,2.2450090792780486,-49.984938455932515
2026-04-15T15:25:55.249,4.002986192881238,4.004570246015206,4.003770351634643,4.0028445722368104,0.0042421274530575785,1.866370550773766,2.8564037595035785,2.3564697716516037,1.7778576480065311,-49.94697340683678
2026-04-15T15:25:55.357,4.002986192881238,4.004570246015206,4.003770351634643,4.0028445722368104,0.0042421274530575785,1.866370550773766,2.8564037595035785,2.3564697716516037,1.7778576480065311,-49.94697340683678
2026-04-15T15:25:55.469,4.002986192881238,4.004570246015206,4.003770351634643,4.0028445722368104,0.0042421274530575785,1.866370550773766,2.8564037595035785,2.3564697716516037,1.7778576480065311,-49.94697340683678
2026-04-15T15:25:55.573,4.003450393882417,4.005021333993753,4.0041663649181345,4.003256321147461,-0.0037989944209893575,2.1564961765108137,3.138333746095512,2.6039780738340568,2.0352007171631215,-50.04748743026237
2026-04-15T15:25:55.684,4.003450393882417,4.005021333993753,4.0041663649181345,4.003256321147461,-0.0037989944209893575,2.1564961765108137,3.138333746095512,2.6039780738340568,2.0352007171631215,-50.04748743026237
2026-04-15T15:25:55.799,4.003450393882417,4.005021333993753,4.0041663649181345,4.003256321147461,-0.0037989944209893575,2.1564961765108137,3.138333746095512,2.6039780738340568,2.0352007171631215,-50.04748743026237
2026-04-15T15:25:55.906,4.003083229248716,4.004743337913951,4.004234552635822,4.002464294580477,0.001996588155723109,1.9270182804476121,2.964586196219643,2.6465953973886513,1.5401841127982152,-49.97504264805347
2026-04-15T15:25:56.012,4.003083229248716,4.004743337913951,4.004234552635822,4.002464294580477,0.001996588155723109,1.9270182804476121,2.964586196219643,2.6465953973886513,1.5401841127982152,-49.97504264805347
2026-04-15T15:25:56.122,4.003083229248716,4.004743337913951,4.004234552635822,4.002464294580477,0.001996588155723109,1.9270182804476121,2.964586196219643,2.6465953973886513,1.5401841127982152,-49.97504264805347
2026-04-15T15:25:56.234,4.003033399762714,4.004845619490482,4.004011631251075,4.0026347638746955,0.006881009554137997,1.8958748516961776,3.0285121815509797,2.5072695319217075,1.6467274216847017,-49.913987380573275
2026-04-15T15:25:56.338,4.003033399762714,4.004845619490482,4.004011631251075,4.0026347638746955,0.006881009554137997,1.8958748516961776,3.0285121815509797,2.5072695319217075,1.6467274216847017,-49.913987380573275
2026-04-15T15:25:56.453,4.003033399762714,4.004845619490482,4.004011631251075,4.0026347638746955,0.006881009554137997,1.8958748516961776,3.0285121815509797,2.5072695319217075,1.6467274216847017,-49.913987380573275
2026-04-15T15:25:56.569,4.003563165877054,4.004837751676902,4.004006386042022,4.002839327027758,-0.0007817065846596712,2.226978673158797,3.023594798063911,2.503991276263662,1.7745793923484854,-50.00977133230825
2026-04-15T15:25:56.676,4.003563165877054,4.004837751676902,4.004006386042022,4.002839327027758,-0.0007817065846596712,2.226978673158797,3.023594798063911,2.503991276263662,1.7745793923484854,-50.00977133230825
2026-04-15T15:25:56.777,4.003563165877054,4.004837751676902,4.004006386042022,4.002839327027758,-0.0007817065846596712,2.226978673158797,3.023594798063911,2.503991276263662,1.7745793923484854,-50.00977133230825
2026-04-15T15:25:56.883,4.003059625807978,4.004216194404137,4.004006386042022,4.003287792401778,-0.004700197553622482,1.9122661299864063,2.6351215025854913,2.503991276263662,2.054870251111396,-50.05875246942028
2026-04-15T15:25:56.995,4.003059625807978,4.004216194404137,4.004006386042022,4.003287792401778,-0.004700197553622482,1.9122661299864063,2.6351215025854913,2.503991276263662,2.054870251111396,-50.05875246942028
2026-04-15T15:25:57.111,4.003059625807978,4.004216194404137,4.004006386042022,4.003287792401778,-0.004700197553622482,1.9122661299864063,2.6351215025854913,2.503991276263662,2.054870251111396,-50.05875246942028
2026-04-15T15:25:57.216,4.0031750204071415,4.004544019969941,4.004161119709082,4.00258755699322,0.0025442806672681018,1.9843877544634125,2.84001248121335,2.600699818176011,1.61722312076229,-49.96819649165915
2026-04-15T15:25:57.318,4.0031750204071415,4.004544019969941,4.004161119709082,4.00258755699322,0.0025442806672681018,1.9843877544634125,2.84001248121335,2.600699818176011,1.61722312076229,-49.96819649165915
2026-04-15T15:25:57.427,4.0031750204071415,4.004544019969941,4.004161119709082,4.00258755699322,0.0025442806672681018,1.9843877544634125,2.84001248121335,2.600699818176011,1.61722312076229,-49.96819649165915
2026-04-15T15:25:57.536,4.0030910970622955,4.004903316790063,4.004032612087286,4.0039801599967575,0.005835414759370283,1.9319356639346807,3.064572993789483,2.5203825545538905,2.487599997973433,-49.927057315507874
2026-04-15T15:25:57.645,4.0030910970622955,4.004903316790063,4.004032612087286,4.0039801599967575,0.005835414759370283,1.9319356639346807,3.064572993789483,2.5203825545538905,2.487599997973433,-49.927057315507874
2026-04-15T15:25:57.755,4.0030910970622955,4.004903316790063,4.004032612087286,4.0039801599967575,0.005835414759370283,1.9319356639346807,3.064572993789483,2.5203825545538905,2.487599997973433,-49.927057315507874
2026-04-15T15:25:57.877,4.0027790071236495,4.004606962478576,4.004132271059291,4.003256321147461,0.009684199408681914,1.7368794522809594,2.8793515491098987,2.5826694120567595,2.0352007171631215,-49.87894750739147
2026-04-15T15:25:57.977,4.0027790071236495,4.004606962478576,4.004132271059291,4.003256321147461,0.009684199408681914,1.7368794522809594,2.8793515491098987,2.5826694120567595,2.0352007171631215,-49.87894750739147
2026-04-15T15:25:58.085,4.0027790071236495,4.004606962478576,4.004132271059291,4.003256321147461,0.009684199408681914,1.7368794522809594,2.8793515491098987,2.5826694120567595,2.0352007171631215,-49.87894750739147
2026-04-15T15:25:58.192,4.002398729467316,4.003888368838332,4.0042214396131905,4.00372052214864,-0.0023202246398178776,1.4992059170726435,2.4302305239576327,2.638399758244092,2.325326342900169,-50.02900280799773
2026-04-15T15:25:58.299,4.002398729467316,4.003888368838332,4.0042214396131905,4.00372052214864,-0.0023202246398178776,1.4992059170726435,2.4302305239576327,2.638399758244092,2.325326342900169,-50.02900280799773
2026-04-15T15:25:58.418,4.002398729467316,4.003888368838332,4.0042214396131905,4.00372052214864,-0.0023202246398178776,1.4992059170726435,2.4302305239576327,2.638399758244092,2.325326342900169,-50.02900280799773
2026-04-15T15:25:58.518,4.0031907560343,4.005220651937762,4.004247665658454,4.003374338351151,-0.0018970076990785653,1.9942225214375497,3.26290746110125,2.6547910365337657,2.1089614694691505,-50.02371259623848
2026-04-15T15:25:58.623,4.0031907560343,4.005220651937762,4.004247665658454,4.003374338351151,-0.0018970076990785653,1.9942225214375497,3.26290746110125,2.6547910365337657,2.1089614694691505,-50.02371259623848
2026-04-15T15:25:58.740,4.0031907560343,4.005220651937762,4.004247665658454,4.003374338351151,-0.0018970076990785653,1.9942225214375497,3.26290746110125,2.6547910365337657,2.1089614694691505,-50.02371259623848
2026-04-15T15:25:58.865,4.003707409126008,4.004884958558378,4.0038542749794885,4.002781629728176,-0.011506521765277071,2.317130703755055,3.0530990989863227,2.4089218621803354,1.7385185801099823,-50.143831522065966
2026-04-15T15:25:58.957,4.003707409126008,4.004884958558378,4.0038542749794885,4.002781629728176,-0.011506521765277071,2.317130703755055,3.0530990989863227,2.4089218621803354,1.7385185801099823,-50.143831522065966
2026-04-15T15:25:59.066,4.003707409126008,4.004884958558378,4.0038542749794885,4.002781629728176,-0.011506521765277071,2.317130703755055,3.0530990989863227,2.4089218621803354,1.7385185801099823,-50.143831522065966
2026-04-15T15:25:59.171,4.003012418926502,4.004601717269523,4.003759861216538,4.003825426329698,-0.006154072220632825,1.8827618290639947,2.876073293451853,2.3499132603360673,2.390891456061084,-50.07692590275791
2026-04-15T15:25:59.286,4.003012418926502,4.004601717269523,4.003759861216538,4.003825426329698,-0.006154072220632825,1.8827618290639947,2.876073293451853,2.3499132603360673,2.390891456061084,-50.07692590275791
2026-04-15T15:25:59.398,4.003012418926502,4.004601717269523,4.003759861216538,4.003825426329698,-0.006154072220632825,1.8827618290639947,2.876073293451853,2.3499132603360673,2.390891456061084,-50.07692590275791
2026-04-15T15:25:59.502,4.0025062562529,4.005194425892498,4.004182100545293,4.002427578117107,0.0020264622927164727,1.566410158062581,3.246516182811021,2.613812840808194,1.517236323191895,-49.974669221341045
2026-04-15T15:25:59.611,4.0025062562529,4.005194425892498,4.004182100545293,4.002427578117107,0.0020264622927164727,1.566410158062581,3.246516182811021,2.613812840808194,1.517236323191895,-49.974669221341045
2026-04-15T15:25:59.722,4.0025062562529,4.005194425892498,4.004182100545293,4.002427578117107,0.0020264622927164727,1.566410158062581,3.246516182811021,2.613812840808194,1.517236323191895,-49.974669221341045
2026-04-15T15:25:59.830,4.002789497541755,4.004919052417222,4.003867388002121,4.002978325067659,0.012338018578259015,1.7434359635970509,3.07440776076362,2.41711750132545,1.8614531672866974,-49.84577476777176
2026-04-15T15:25:59.936,4.002789497541755,4.004919052417222,4.003867388002121,4.002978325067659,0.012338018578259015,1.7434359635970509,3.07440776076362,2.41711750132545,1.8614531672866974,-49.84577476777176
2026-04-15T15:26:00.047,4.002789497541755,4.004919052417222,4.003867388002121,4.002978325067659,0.012338018578259015,1.7434359635970509,3.07440776076362,2.41711750132545,1.8614531672866974,-49.84577476777176
2026-04-15T15:26:00.155,4.003106832689454,4.004989862739436,4.003890991442859,4.003943443533387,0.016580146031316592,1.941770430908818,3.1186642121472374,2.4318696517866556,2.464652208367113,-49.79274817460854
2026-04-15T15:26:00.290,4.003106832689454,4.004989862739436,4.003890991442859,4.003943443533387,0.016580146031316592,1.941770430908818,3.1186642121472374,2.4318696517866556,2.464652208367113,-49.79274817460854
2026-04-15T15:26:00.394,4.003106832689454,4.004989862739436,4.003890991442859,4.003943443533387,0.016580146031316592,1.941770430908818,3.1186642121472374,2.4318696517866556,2.464652208367113,-49.79274817460854
2026-04-15T15:26:00.492,4.003833294143277,4.00550913843567,4.004302740353509,4.003282547192725,0.006776450074661227,2.3958088395481525,3.4432115222937654,2.689212720943246,2.05159199545335,-49.91529437406673
2026-04-15T15:26:00.619,4.003833294143277,4.00550913843567,4.004302740353509,4.003282547192725,0.006776450074661227,2.3958088395481525,3.4432115222937654,2.689212720943246,2.05159199545335,-49.91529437406673
2026-04-15T15:26:00.716,4.003833294143277,4.00550913843567,4.004302740353509,4.003282547192725,0.006776450074661227,2.3958088395481525,3.4432115222937654,2.689212720943246,2.05159199545335,-49.91529437406673
2026-04-15T15:26:00.813,4.002747535869332,4.004609585083103,4.004129648454764,4.003159284779983,-0.0017376789684472945,1.717209918332685,2.8809906769394766,2.5810302842277366,1.9745529874892753,-50.02172098710559
2026-04-15T15:26:00.928,4.002747535869332,4.004609585083103,4.004129648454764,4.003159284779983,-0.0017376789684472945,1.717209918332685,2.8809906769394766,2.5810302842277366,1.9745529874892753,-50.02172098710559
2026-04-15T15:26:01.046,4.002747535869332,4.004609585083103,4.004129648454764,4.003159284779983,-0.0017376789684472945,1.717209918332685,2.8809906769394766,2.5810302842277366,1.9745529874892753,-50.02172098710559
2026-04-15T15:26:01.160,4.002747535869332,4.004614830292155,4.004247665658454,4.002818346191546,0.009878381299138773,1.717209918332685,2.8842689325969673,2.6547910365337657,1.7614663697163024,-49.876520233760765
2026-04-15T15:26:01.284,4.002747535869332,4.004614830292155,4.004247665658454,4.002818346191546,0.009878381299138773,1.717209918332685,2.8842689325969673,2.6547910365337657,1.7614663697163024,-49.876520233760765
2026-04-15T15:26:01.377,4.002747535869332,4.004614830292155,4.004247665658454,4.002818346191546,0.009878381299138773,1.717209918332685,2.8842689325969673,2.6547910365337657,1.7614663697163024,-49.876520233760765
2026-04-15T15:26:01.491,4.002700328987856,4.004963636694171,4.003909349674544,4.003434658255259,-0.002230602228837788,1.6877056174102734,3.1022729338570088,2.4433435465898157,2.1466614095366765,-50.02788252786047
2026-04-15T15:26:01.590,4.002700328987856,4.004963636694171,4.003909349674544,4.003434658255259,-0.002230602228837788,1.6877056174102734,3.1022729338570088,2.4433435465898157,2.1466614095366765,-50.02788252786047
2026-04-15T15:26:01.710,4.002700328987856,4.004963636694171,4.003909349674544,4.003434658255259,-0.002230602228837788,1.6877056174102734,3.1022729338570088,2.4433435465898157,2.1466614095366765,-50.02788252786047
2026-04-15T15:26:01.810,4.003390073978309,4.005267858819238,4.003927707906229,4.00281572358702,0.00023899309594690586,2.1187962364432877,3.2924117620236615,2.4548174413929758,1.7598272418872796,-49.99701258630066
2026-04-15T15:26:01.922,4.003390073978309,4.005267858819238,4.003927707906229,4.00281572358702,0.00023899309594690586,2.1187962364432877,3.2924117620236615,2.4548174413929758,1.7598272418872796,-49.99701258630066
2026-04-15T15:26:02.027,4.003390073978309,4.005267858819238,4.003927707906229,4.00281572358702,0.00023899309594690586,2.1187962364432877,3.2924117620236615,2.4548174413929758,1.7598272418872796,-49.99701258630066
2026-04-15T15:26:02.149,4.003015041531029,4.005029201807332,4.003796577679907,4.002605915224905,-0.01241768294357465,1.8844009568930176,3.1432511295825805,2.3728610499418323,1.62869701556545,-50.155221036794686
2026-04-15T15:26:02.250,4.003015041531029,4.005029201807332,4.003796577679907,4.002605915224905,-0.01241768294357465,1.8844009568930176,3.1432511295825805,2.3728610499418323,1.62869701556545,-50.155221036794686
2026-04-15T15:26:02.356,4.003015041531029,4.005029201807332,4.003796577679907,4.002605915224905,-0.01241768294357465,1.8844009568930176,3.1432511295825805,2.3728610499418323,1.62869701556545,-50.155221036794686
2026-04-15T15:26:02.461,4.00292587297713,4.004816770840691,4.003675937871691,4.003715276939587,-0.0014289795528492077,1.82867061070624,3.010481775431728,2.2974611698067804,2.3220480872421234,-50.017862244410615
2026-04-15T15:26:02.578,4.00292587297713,4.004816770840691,4.003675937871691,4.003715276939587,-0.0014289795528492077,1.82867061070624,3.010481775431728,2.2974611698067804,2.3220480872421234,-50.017862244410615
2026-04-15T15:26:02.695,4.00292587297713,4.004816770840691,4.003675937871691,4.003715276939587,-0.0014289795528492077,1.82867061070624,3.010481775431728,2.2974611698067804,2.3220480872421234,-50.017862244410615
2026-04-15T15:26:02.789,4.004032612087286,4.005210161519656,4.003620863176636,4.003775596843695,0.007548198613656443,2.5203825545538905,3.2563509497851584,2.2630394853973,2.3597480273096494,-49.90564751732929
2026-04-15T15:26:02.906,4.004032612087286,4.005210161519656,4.003620863176636,4.003775596843695,0.007548198613656443,2.5203825545538905,3.2563509497851584,2.2630394853973,2.3597480273096494,-49.90564751732929
2026-04-15T15:26:03.018,4.004032612087286,4.005210161519656,4.003620863176636,4.003775596843695,0.007548198613656443,2.5203825545538905,3.2563509497851584,2.2630394853973,2.3597480273096494,-49.90564751732929
2026-04-15T15:26:03.122,4.0038752558157,4.004879713349325,4.003909349674544,4.002849817445863,0.0005925037170350374,2.4220348848125184,3.049820843328277,2.4433435465898157,1.7811359036645769,-49.99259370353706
2026-04-15T15:26:03.232,4.0038752558157,4.004879713349325,4.003909349674544,4.002849817445863,0.0005925037170350374,2.4220348848125184,3.049820843328277,2.4433435465898157,1.7811359036645769,-49.99259370353706
2026-04-15T15:26:03.340,4.0038752558157,4.004879713349325,4.003909349674544,4.002849817445863,0.0005925037170350374,2.4220348848125184,3.049820843328277,2.4433435465898157,1.7811359036645769,-49.99259370353706
2026-04-15T15:26:03.446,4.003426790441679,4.004722357077739,4.004061460737077,4.003135681339245,0.004331749864037668,2.141744026049608,2.951473173586905,2.538412960673142,1.9598008370280695,-49.94585312669953
2026-04-15T15:26:03.566,4.003426790441679,4.004722357077739,4.004061460737077,4.003135681339245,0.004331749864037668,2.141744026049608,2.951473173586905,2.538412960673142,1.9598008370280695,-49.94585312669953
2026-04-15T15:26:03.662,4.003426790441679,4.004722357077739,4.004061460737077,4.003135681339245,0.004331749864037668,2.141744026049608,2.951473173586905,2.538412960673142,1.9598008370280695,-49.94585312669953
2026-04-15T15:26:03.772,4.003641844012847,4.004892826371957,4.004722357077739,4.003783464657275,0.012069151345318744,2.276152508029483,3.0580164824733913,2.951473173586905,2.364665410796718,-49.849135608183516
2026-04-15T15:26:03.883,4.003641844012847,4.004892826371957,4.004722357077739,4.003783464657275,0.012069151345318744,2.276152508029483,3.0580164824733913,2.951473173586905,2.364665410796718,-49.849135608183516
2026-04-15T15:26:03.991,4.003641844012847,4.004892826371957,4.004722357077739,4.003783464657275,0.012069151345318744,2.276152508029483,3.0580164824733913,2.951473173586905,2.364665410796718,-49.849135608183516
2026-04-15T15:26:04.111,4.002949476417868,4.004966259298698,4.003578901504213,4.002983570276712,0.00011949654797345293,1.8434227611674459,3.1039120616860316,2.2368134401329343,1.8647314229447431,-49.99850629315033
2026-04-15T15:26:04.207,4.002949476417868,4.004966259298698,4.003578901504213,4.002983570276712,0.00011949654797345293,1.8434227611674459,3.1039120616860316,2.2368134401329343,1.8647314229447431,-49.99850629315033
2026-04-15T15:26:04.328,4.002949476417868,4.004966259298698,4.003578901504213,4.002983570276712,0.00011949654797345293,1.8434227611674459,3.1039120616860316,2.2368134401329343,1.8647314229447431,-49.99850629315033
2026-04-15T15:26:04.424,4.003754616007484,4.005265236214712,4.003914594883597,4.002878666095654,-0.015454886871233243,2.3466350046774664,3.2907726341951937,2.4466218022478614,1.7991663097838284,-50.19318608589042
2026-04-15T15:26:04.541,4.003754616007484,4.005265236214712,4.003914594883597,4.002878666095654,-0.015454886871233243,2.3466350046774664,3.2907726341951937,2.4466218022478614,1.7991663097838284,-50.19318608589042
2026-04-15T15:26:04.643,4.003754616007484,4.005265236214712,4.003914594883597,4.002878666095654,-0.015454886871233243,2.3466350046774664,3.2907726341951937,2.4466218022478614,1.7991663097838284,-50.19318608589042
2026-04-15T15:26:04.763,4.003618240572109,4.004780054377321,4.003694296103376,4.003429413046206,-0.02237572860802906,2.2614003575682773,2.987533985825408,2.3089350646099405,2.1433831538786308,-50.279696607600364
2026-04-15T15:26:04.860,4.003618240572109,4.004780054377321,4.003694296103376,4.003429413046206,-0.02237572860802906,2.2614003575682773,2.987533985825408,2.3089350646099405,2.1433831538786308,-50.279696607600364
2026-04-15T15:26:04.978,4.003618240572109,4.004780054377321,4.003694296103376,4.003429413046206,-0.02237572860802906,2.2614003575682773,2.987533985825408,2.3089350646099405,2.1433831538786308,-50.279696607600364
2026-04-15T15:26:05.092,4.003518581600105,4.004816770840691,4.00376510642559,4.004079818968762,-0.007637821024636532,2.1991135000654083,3.010481775431728,2.353191515993558,2.549886855476302,-50.09547276280796
2026-04-15T15:26:05.201,4.003518581600105,4.004816770840691,4.00376510642559,4.004079818968762,-0.007637821024636532,2.1991135000654083,3.010481775431728,2.353191515993558,2.549886855476302,-50.09547276280796
2026-04-15T15:26:05.317,4.003518581600105,4.004816770840691,4.00376510642559,4.004079818968762,-0.007637821024636532,2.1991135000654083,3.010481775431728,2.353191515993558,2.549886855476302,-50.09547276280796
2026-04-15T15:26:05.420,4.002655744710907,4.005270481423764,4.003623485781162,4.002501011043847,-0.018377573273750614,1.6598404443168846,3.2940508898526843,2.264678613226323,1.5631319024045354,-50.22971966592188
2026-04-15T15:26:05.534,4.002655744710907,4.005270481423764,4.003623485781162,4.002501011043847,-0.018377573273750614,1.6598404443168846,3.2940508898526843,2.264678613226323,1.5631319024045354,-50.22971966592188
2026-04-15T15:26:05.644,4.002655744710907,4.005270481423764,4.003623485781162,4.002501011043847,-0.018377573273750614,1.6598404443168846,3.2940508898526843,2.264678613226323,1.5631319024045354,-50.22971966592188
2026-04-15T15:26:05.758,4.002915382559024,4.005236387564921,4.003670692662638,4.003274679379146,-0.01989119621474768,1.8221140993901486,3.272742228075387,2.2941829141487347,2.0466746119662815,-50.24863995268435
2026-04-15T15:26:05.846,4.002915382559024,4.005236387564921,4.003670692662638,4.003274679379146,-0.01989119621474768,1.8221140993901486,3.272742228075387,2.2941829141487347,2.0466746119662815,-50.24863995268435
2026-04-15T15:26:05.951,4.002915382559024,4.005236387564921,4.003670692662638,4.003274679379146,-0.01989119621474768,1.8221140993901486,3.272742228075387,2.2941829141487347,2.0466746119662815,-50.24863995268435
2026-04-15T15:26:06.067,4.002978325067659,4.0049111846036425,4.0041034224095,4.003057003203452,-0.02468599520218248,1.8614531672866974,3.0694903772765514,2.564639005937508,1.9106270021573835,-50.308574940027285
2026-04-15T15:26:06.184,4.002978325067659,4.0049111846036425,4.0041034224095,4.003057003203452,-0.02468599520218248,1.8614531672866974,3.0694903772765514,2.564639005937508,1.9106270021573835,-50.308574940027285
2026-04-15T15:26:06.304,4.002978325067659,4.0049111846036425,4.0041034224095,4.003057003203452,-0.02468599520218248,1.8614531672866974,3.0694903772765514,2.564639005937508,1.9106270021573835,-50.308574940027285
2026-04-15T15:26:06.415,4.004195213567925,4.004884958558378,4.003759861216538,4.0037100317305345,-0.02577640120244024,2.6220084799533083,3.0530990989863227,2.3499132603360673,2.3187698315840777,-50.322205015030505
2026-04-15T15:26:06.521,4.004195213567925,4.004884958558378,4.003759861216538,4.0037100317305345,-0.02577640120244024,2.6220084799533083,3.0530990989863227,2.3499132603360673,2.3187698315840777,-50.322205015030505
2026-04-15T15:26:06.632,4.004195213567925,4.004884958558378,4.003759861216538,4.0037100317305345,-0.02577640120244024,2.6220084799533083,3.0530990989863227,2.3499132603360673,2.3187698315840777,-50.322205015030505
2026-04-15T15:26:06.739,4.003846407165909,4.0050160887847,4.003807068098013,4.003022909344608,-0.027658471833022124,2.404004478693267,3.135055490437466,2.379417561257924,1.8893183403800862,-50.34573089791278
2026-04-15T15:26:06.855,4.003846407165909,4.0050160887847,4.003807068098013,4.003022909344608,-0.027658471833022124,2.404004478693267,3.135055490437466,2.379417561257924,1.8893183403800862,-50.34573089791278
2026-04-15T15:26:06.951,4.003846407165909,4.0050160887847,4.003807068098013,4.003022909344608,-0.027658471833022124,2.404004478693267,3.135055490437466,2.379417561257924,1.8893183403800862,-50.34573089791278
2026-04-15T15:26:07.066,4.003447771277891,4.005333423932399,4.004882335953852,4.00288915651376,-0.024397211877913303,2.154857048681791,3.333389957749233,3.0514599711573,1.8057228210999199,-50.30496514847391
2026-04-15T15:26:07.171,4.003447771277891,4.005333423932399,4.004882335953852,4.00288915651376,-0.024397211877913303,2.154857048681791,3.333389957749233,3.0514599711573,1.8057228210999199,-50.30496514847391
2026-04-15T15:26:07.280,4.003447771277891,4.005333423932399,4.004882335953852,4.00288915651376,-0.024397211877913303,2.154857048681791,3.333389957749233,3.0514599711573,1.8057228210999199,-50.30496514847391
2026-04-15T15:26:07.391,4.004048347714445,4.005034447016385,4.00357365629516,4.003888368838332,-0.030521409961552764,2.5302173215280277,3.146529385240626,2.2335351844748885,2.4302305239576327,-50.38151762451941
2026-04-15T15:26:07.499,4.004048347714445,4.005034447016385,4.00357365629516,4.003888368838332,-0.030521409961552764,2.5302173215280277,3.146529385240626,2.2335351844748885,2.4302305239576327,-50.38151762451941
2026-04-15T15:26:07.611,4.004048347714445,4.005034447016385,4.00357365629516,4.003888368838332,-0.030521409961552764,2.5302173215280277,3.146529385240626,2.2335351844748885,2.4302305239576327,-50.38151762451941
2026-04-15T15:26:07.715,4.003046512785346,4.004554510388047,4.004318475980668,4.002595424806799,-0.026144848892025053,1.904070490841292,2.8465689925294413,2.699047487917383,1.6221405042493586,-50.32681061115031
2026-04-15T15:26:07.825,4.003046512785346,4.004554510388047,4.004318475980668,4.002595424806799,-0.026144848892025053,1.904070490841292,2.8465689925294413,2.699047487917383,1.6221405042493586,-50.32681061115031
2026-04-15T15:26:07.932,4.003046512785346,4.004554510388047,4.004318475980668,4.002595424806799,-0.026144848892025053,1.904070490841292,2.8465689925294413,2.699047487917383,1.6221405042493586,-50.32681061115031
2026-04-15T15:26:08.042,4.003062248412505,4.005176067660813,4.003820181120646,4.002060413483407,-0.022674469977962693,1.9139052578154292,3.235042288007861,2.3876132004035933,1.2877584271292486,-50.28343087472453
2026-04-15T15:26:08.153,4.003062248412505,4.005176067660813,4.003820181120646,4.002060413483407,-0.022674469977962693,1.9139052578154292,3.235042288007861,2.3876132004035933,1.2877584271292486,-50.28343087472453
2026-04-15T15:26:08.261,4.003062248412505,4.005176067660813,4.003820181120646,4.002060413483407,-0.022674469977962693,1.9139052578154292,3.235042288007861,2.3876132004035933,1.2877584271292486,-50.28343087472453
2026-04-15T15:26:08.384,4.003020286740082,4.004837751676902,4.0040221216691805,4.002459049371424,-0.019044762333269058,1.8876792125510633,3.023594798063911,2.513826043237799,1.5369058571401695,-50.23805952916587
2026-04-15T15:26:08.480,4.003020286740082,4.004837751676902,4.0040221216691805,4.002459049371424,-0.019044762333269058,1.8876792125510633,3.023594798063911,2.513826043237799,1.5369058571401695,-50.23805952916587
2026-04-15T15:26:08.598,4.003020286740082,4.004837751676902,4.0040221216691805,4.002459049371424,-0.019044762333269058,1.8876792125510633,3.023594798063911,2.513826043237799,1.5369058571401695,-50.23805952916587
2026-04-15T15:26:08.697,4.003521204204631,4.0048089030271115,4.0040404799008655,4.003468752114102,-0.01291558522679737,2.200752627894431,3.0055643919446595,2.525299938040959,2.167970071313974,-50.16144481533497
2026-04-15T15:26:08.811,4.003521204204631,4.0048089030271115,4.0040404799008655,4.003468752114102,-0.01291558522679737,2.200752627894431,3.0055643919446595,2.525299938040959,2.167970071313974,-50.16144481533497
2026-04-15T15:26:08.924,4.003521204204631,4.0048089030271115,4.0040404799008655,4.003468752114102,-0.01291558522679737,2.200752627894431,3.0055643919446595,2.525299938040959,2.167970071313974,-50.16144481533497
2026-04-15T15:26:09.030,4.004129648454764,4.004908561999116,4.003534317227263,4.0037336351712725,-0.010371304559529268,2.5810302842277366,3.0678512494475285,2.2089482670395455,2.3335219820452835,-50.12964130699411
2026-04-15T15:26:09.141,4.004129648454764,4.004908561999116,4.003534317227263,4.0037336351712725,-0.010371304559529268,2.5810302842277366,3.0678512494475285,2.2089482670395455,2.3335219820452835,-50.12964130699411
2026-04-15T15:26:09.254,4.004129648454764,4.004908561999116,4.003534317227263,4.0037336351712725,-0.010371304559529268,2.5810302842277366,3.0678512494475285,2.2089482670395455,2.3335219820452835,-50.12964130699411
2026-04-15T15:26:09.357,4.002647876897328,4.004730224891318,4.00376510642559,4.002569198761535,-0.012925543272461825,1.654923060829816,2.9563905570739735,2.353191515993558,1.60574922595913,-50.161569290905774
2026-04-15T15:26:09.462,4.002647876897328,4.004730224891318,4.00376510642559,4.002569198761535,-0.012925543272461825,1.654923060829816,2.9563905570739735,2.353191515993558,1.60574922595913,-50.161569290905774
2026-04-15T15:26:09.570,4.002647876897328,4.004730224891318,4.00376510642559,4.002569198761535,-0.012925543272461825,1.654923060829816,2.9563905570739735,2.353191515993558,1.60574922595913,-50.161569290905774
2026-04-15T15:26:09.681,4.0026164056430105,4.004866600326693,4.0041060450140264,4.002393484258263,-0.019512790479498415,1.6352535268815416,3.0416252041831626,2.566278133766531,1.4959276614145978,-50.24390988099373
2026-04-15T15:26:09.789,4.0026164056430105,4.004866600326693,4.0041060450140264,4.002393484258263,-0.019512790479498415,1.6352535268815416,3.0416252041831626,2.566278133766531,1.4959276614145978,-50.24390988099373
2026-04-15T15:26:09.897,4.0026164056430105,4.004866600326693,4.0041060450140264,4.002393484258263,-0.019512790479498415,1.6352535268815416,3.0416252041831626,2.566278133766531,1.4959276614145978,-50.24390988099373
2026-04-15T15:26:10.004,4.0034189226281,4.004656791964578,4.004289627330877,4.004121780641185,-0.014708033446399163,2.1368266425625393,2.910494977861333,2.6810170817981316,2.576112900740668,-50.18385041807999
2026-04-15T15:26:10.114,4.0034189226281,4.004656791964578,4.004289627330877,4.004121780641185,-0.014708033446399163,2.1368266425625393,2.910494977861333,2.6810170817981316,2.576112900740668,-50.18385041807999
2026-04-15T15:26:10.232,4.0034189226281,4.004656791964578,4.004289627330877,4.004121780641185,-0.014708033446399163,2.1368266425625393,2.910494977861333,2.6810170817981316,2.576112900740668,-50.18385041807999
2026-04-15T15:26:10.344,4.002655744710907,4.004900694185537,4.0042686464946655,4.002508878857427,-0.01945802122834392,1.6598404443168846,3.06293386596046,2.6679040591659486,1.568049285891604,-50.2432252653543
2026-04-15T15:26:10.442,4.002655744710907,4.004900694185537,4.0042686464946655,4.002508878857427,-0.01945802122834392,1.6598404443168846,3.06293386596046,2.6679040591659486,1.568049285891604,-50.2432252653543
2026-04-15T15:26:10.558,4.002655744710907,4.004900694185537,4.0042686464946655,4.002508878857427,-0.01945802122834392,1.6598404443168846,3.06293386596046,2.6679040591659486,1.568049285891604,-50.2432252653543
2026-04-15T15:26:10.660,4.002464294580477,4.004473209647728,4.004168987522661,4.003390073978309,-0.008663499728075336,1.5401841127982152,2.7957560298297324,2.6056172016630796,2.1187962364432877,-50.10829374660094
2026-04-15T15:26:10.767,4.002464294580477,4.004473209647728,4.004168987522661,4.003390073978309,-0.008663499728075336,1.5401841127982152,2.7957560298297324,2.6056172016630796,2.1187962364432877,-50.10829374660094
2026-04-15T15:26:10.882,4.002464294580477,4.004473209647728,4.004168987522661,4.003390073978309,-0.008663499728075336,1.5401841127982152,2.7957560298297324,2.6056172016630796,2.1187962364432877,-50.10829374660094
2026-04-15T15:26:10.989,4.003749370798431,4.00475120572753,4.0035054685774725,4.0024905206257415,-0.01205919329965429,2.3433567490194207,2.9695035797061564,2.190917860920294,1.556575391088444,-50.150739916245676
2026-04-15T15:26:11.096,4.003749370798431,4.00475120572753,4.0035054685774725,4.0024905206257415,-0.01205919329965429,2.3433567490194207,2.9695035797061564,2.190917860920294,1.556575391088444,-50.150739916245676
2026-04-15T15:26:11.220,4.003749370798431,4.00475120572753,4.0035054685774725,4.0024905206257415,-0.01205919329965429,2.3433567490194207,2.9695035797061564,2.190917860920294,1.556575391088444,-50.150739916245676
2026-04-15T15:26:11.324,4.002584934388693,4.00467777280079,4.004085064177815,4.0035054685774725,-0.015927894040294828,1.6155839929332672,2.923608000493516,2.553165111134348,2.190917860920294,-50.199098675503684
2026-04-15T15:26:11.437,4.002584934388693,4.00467777280079,4.004085064177815,4.0035054685774725,-0.015927894040294828,1.6155839929332672,2.923608000493516,2.553165111134348,2.190917860920294,-50.199098675503684
2026-04-15T15:26:11.532,4.002584934388693,4.00467777280079,4.004085064177815,4.0035054685774725,-0.015927894040294828,1.6155839929332672,2.923608000493516,2.553165111134348,2.190917860920294,-50.199098675503684
2026-04-15T15:26:11.657,4.0027344228467,4.004811525631638,4.0035054685774725,4.003214359475038,-0.021061266580321078,1.7090142791875707,3.0072035197736824,2.190917860920294,2.0089746718987556,-50.263265832254014
2026-04-15T15:26:11.758,4.0027344228467,4.004811525631638,4.0035054685774725,4.003214359475038,-0.021061266580321078,1.7090142791875707,3.0072035197736824,2.190917860920294,2.0089746718987556,-50.263265832254014
2026-04-15T15:26:11.868,4.0027344228467,4.004811525631638,4.0035054685774725,4.003214359475038,-0.021061266580321078,1.7090142791875707,3.0072035197736824,2.190917860920294,2.0089746718987556,-50.263265832254014
2026-04-15T15:26:11.973,4.00414800668645,4.004874468140272,4.003673315267164,4.003355980119466,-0.017645656917413214,2.592504179031452,3.0465425876702312,2.2958220419777575,2.0974875746659905,-50.22057071146766
2026-04-15T15:26:12.094,4.00414800668645,4.004874468140272,4.003673315267164,4.003355980119466,-0.017645656917413214,2.592504179031452,3.0465425876702312,2.2958220419777575,2.0974875746659905,-50.22057071146766
2026-04-15T15:26:12.190,4.00414800668645,4.004874468140272,4.003673315267164,4.003355980119466,-0.017645656917413214,2.592504179031452,3.0465425876702312,2.2958220419777575,2.0974875746659905,-50.22057071146766
2026-04-15T15:26:12.309,4.004271269099192,4.004738092704898,4.0038752558157,4.0026347638746955,-0.015529572213716652,2.6695431869949715,2.961307940561042,2.4220348848125184,1.6467274216847017,-50.19411965267145
2026-04-15T15:26:12.409,4.004271269099192,4.004738092704898,4.0038752558157,4.0026347638746955,-0.015529572213716652,2.6695431869949715,2.961307940561042,2.4220348848125184,1.6467274216847017,-50.19411965267145
2026-04-15T15:26:12.518,4.004271269099192,4.004738092704898,4.0038752558157,4.0026347638746955,-0.015529572213716652,2.6695431869949715,2.961307940561042,2.4220348848125184,1.6467274216847017,-50.19411965267145
2026-04-15T15:26:12.628,4.002831459214178,4.004252910867507,4.004024744273707,4.003673315267164,-0.016201740296067326,1.7696620088614168,2.6580692921918114,2.515465171066822,2.2958220419777575,-50.20252175370084
2026-04-15T15:26:12.739,4.002831459214178,4.004252910867507,4.004024744273707,4.003673315267164,-0.016201740296067326,1.7696620088614168,2.6580692921918114,2.515465171066822,2.2958220419777575,-50.20252175370084
2026-04-15T15:26:12.857,4.002831459214178,4.004252910867507,4.004024744273707,4.003673315267164,-0.016201740296067326,1.7696620088614168,2.6580692921918114,2.515465171066822,2.2958220419777575,-50.20252175370084
2026-04-15T15:26:12.957,4.003581524108739,4.004884958558378,4.0041034224095,4.003652334430953,-0.01841740545640843,2.238452567961957,3.0530990989863227,2.564639005937508,2.2827090193455746,-50.230217568205106
2026-04-15T15:26:13.069,4.003581524108739,4.004884958558378,4.0041034224095,4.003652334430953,-0.01841740545640843,2.238452567961957,3.0530990989863227,2.564639005937508,2.2827090193455746,-50.230217568205106
2026-04-15T15:26:13.178,4.003581524108739,4.004884958558378,4.0041034224095,4.003652334430953,-0.01841740545640843,2.238452567961957,3.0530990989863227,2.564639005937508,2.2827090193455746,-50.230217568205106
2026-04-15T15:26:13.298,4.003883123629279,4.005002975762068,4.004266023890139,4.003093719666822,-0.023366554151642273,2.426952268299587,3.1268598512923518,2.6662649313369258,1.9335747917637036,-50.29208192689553
2026-04-15T15:26:13.396,4.003883123629279,4.005002975762068,4.004266023890139,4.003093719666822,-0.023366554151642273,2.426952268299587,3.1268598512923518,2.6662649313369258,1.9335747917637036,-50.29208192689553
2026-04-15T15:26:13.510,4.003883123629279,4.005002975762068,4.004266023890139,4.003093719666822,-0.023366554151642273,2.426952268299587,3.1268598512923518,2.6662649313369258,1.9335747917637036,-50.29208192689553
2026-04-15T15:26:13.622,4.003770351634643,4.005189180683445,4.004281759517299,4.003161907384509,-0.01965220311880078,2.3564697716516037,3.2432379271529754,2.676099698311618,1.9761921153182982,-50.245652538985006
2026-04-15T15:26:13.735,4.003770351634643,4.005189180683445,4.004281759517299,4.003161907384509,-0.01965220311880078,2.3564697716516037,3.2432379271529754,2.676099698311618,1.9761921153182982,-50.245652538985006
2026-04-15T15:26:13.838,4.003770351634643,4.005189180683445,4.004281759517299,4.003161907384509,-0.01965220311880078,2.3564697716516037,3.2432379271529754,2.676099698311618,1.9761921153182982,-50.245652538985006
2026-04-15T15:26:13.946,4.0029048921409185,4.004801035213532,4.003571033690633,4.002283334868153,-0.009768842796829776,1.815557588074057,3.000647008457591,2.2318960566458657,1.4270842925956373,-50.12211053496037
2026-04-15T15:26:14.048,4.0029048921409185,4.004801035213532,4.003571033690633,4.002283334868153,-0.009768842796829776,1.815557588074057,3.000647008457591,2.2318960566458657,1.4270842925956373,-50.12211053496037
2026-04-15T15:26:14.157,4.0029048921409185,4.004801035213532,4.003571033690633,4.002283334868153,-0.009768842796829776,1.815557588074057,3.000647008457591,2.2318960566458657,1.4270842925956373,-50.12211053496037
2026-04-15T15:26:14.269,4.0039381983243345,4.005008220971121,4.004402399325514,4.003224849893144,-0.01781494369370894,2.4613739527090672,3.1301381069503975,2.751499578446115,2.015531183214847,-50.22268679617136
2026-04-15T15:26:14.375,4.0039381983243345,4.005008220971121,4.004402399325514,4.003224849893144,-0.01781494369370894,2.4613739527090672,3.1301381069503975,2.751499578446115,2.015531183214847,-50.22268679617136
2026-04-15T15:26:14.484,4.0039381983243345,4.005008220971121,4.004402399325514,4.003224849893144,-0.01781494369370894,2.4613739527090672,3.1301381069503975,2.751499578446115,2.015531183214847,-50.22268679617136
2026-04-15T15:26:14.603,4.002983570276712,4.004756450936583,4.004187345754346,4.003508091181999,-0.027957213202955754,1.8647314229447431,2.972781835364202,2.6170910964662397,2.192556988749317,-50.349465165036946
2026-04-15T15:26:14.705,4.002983570276712,4.004756450936583,4.004187345754346,4.003508091181999,-0.027957213202955754,1.8647314229447431,2.972781835364202,2.6170910964662397,2.192556988749317,-50.349465165036946
2026-04-15T15:26:14.847,4.002983570276712,4.004756450936583,4.004187345754346,4.003508091181999,-0.027957213202955754,1.8647314229447431,2.972781835364202,2.6170910964662397,2.192556988749317,-50.349465165036946
2026-04-15T15:26:14.938,4.003972292183178,4.00512623817481,4.003967046974125,4.003112077898507,-0.014205152140344216,2.4826826144863645,3.2038988592564266,2.4794043588283188,1.9450486865668637,-50.1775644017543
2026-04-15T15:26:15.047,4.003972292183178,4.00512623817481,4.003967046974125,4.003112077898507,-0.014205152140344216,2.4826826144863645,3.2038988592564266,2.4794043588283188,1.9450486865668637,-50.1775644017543
2026-04-15T15:26:15.153,4.003972292183178,4.00512623817481,4.003967046974125,4.003112077898507,-0.014205152140344216,2.4826826144863645,3.2038988592564266,2.4794043588283188,1.9450486865668637,-50.1775644017543
2026-04-15T15:26:15.269,4.003521204204631,4.004656791964578,4.003628730990215,4.002417087699001,-0.031128850747084484,2.200752627894431,2.910494977861333,2.2679568688843688,1.5106798118758036,-50.38911063433855
2026-04-15T15:26:15.373,4.003521204204631,4.004656791964578,4.003628730990215,4.002417087699001,-0.031128850747084484,2.200752627894431,2.910494977861333,2.2679568688843688,1.5106798118758036,-50.38911063433855
2026-04-15T15:26:15.482,4.003521204204631,4.004656791964578,4.003628730990215,4.002417087699001,-0.031128850747084484,2.200752627894431,2.910494977861333,2.2679568688843688,1.5106798118758036,-50.38911063433855
2026-04-15T15:26:15.588,4.003240585520302,4.005026579202806,4.0037336351712725,4.002957344231447,-0.02449679233455785,2.0253659501889842,3.1416120017535576,2.3335219820452835,1.8483401446545145,-50.306209904181976
2026-04-15T15:26:15.699,4.003240585520302,4.005026579202806,4.0037336351712725,4.002957344231447,-0.02449679233455785,2.0253659501889842,3.1416120017535576,2.3335219820452835,1.8483401446545145,-50.306209904181976
2026-04-15T15:26:15.816,4.003240585520302,4.005026579202806,4.0037336351712725,4.002957344231447,-0.02449679233455785,2.0253659501889842,3.1416120017535576,2.3335219820452835,1.8483401446545145,-50.306209904181976
2026-04-15T15:26:15.922,4.002828836609652,4.004583359037838,4.00395655655602,4.003589391922318,-0.018571755164207476,1.768022881032394,2.864599398648693,2.4728478475122273,2.2433699514490257,-50.23214693955259
2026-04-15T15:26:16.029,4.002828836609652,4.004583359037838,4.00395655655602,4.003589391922318,-0.018571755164207476,1.768022881032394,2.864599398648693,2.4728478475122273,2.2433699514490257,-50.23214693955259
2026-04-15T15:26:16.147,4.002828836609652,4.004583359037838,4.00395655655602,4.003589391922318,-0.018571755164207476,1.768022881032394,2.864599398648693,2.4728478475122273,2.2433699514490257,-50.23214693955259
2026-04-15T15:26:16.263,4.0031750204071415,4.005008220971121,4.00444960620699,4.00307273883061,-0.012372871738084604,1.9843877544634125,3.1301381069503975,2.7810038793685266,1.9204617691315207,-50.15466089672606
2026-04-15T15:26:16.367,4.0031750204071415,4.005008220971121,4.00444960620699,4.00307273883061,-0.012372871738084604,1.9843877544634125,3.1301381069503975,2.7810038793685266,1.9204617691315207,-50.15466089672606
2026-04-15T15:26:16.466,4.0031750204071415,4.005008220971121,4.00444960620699,4.00307273883061,-0.012372871738084604,1.9843877544634125,3.1301381069503975,2.7810038793685266,1.9204617691315207,-50.15466089672606
2026-04-15T15:26:16.572,4.002726555033121,4.0047249796822655,4.004481077461307,4.002687215965224,-0.01581835553798583,1.704096895700502,2.9531123014159277,2.800673413316801,1.679509978265159,-50.19772944422483
2026-04-15T15:26:16.694,4.002726555033121,4.0047249796822655,4.004481077461307,4.002687215965224,-0.01581835553798583,1.704096895700502,2.9531123014159277,2.800673413316801,1.679509978265159,-50.19772944422483
2026-04-15T15:26:16.800,4.002726555033121,4.0047249796822655,4.004481077461307,4.002687215965224,-0.01581835553798583,1.704096895700502,2.9531123014159277,2.800673413316801,1.679509978265159,-50.19772944422483
2026-04-15T15:26:16.906,4.002739668055753,4.005002975762068,4.004045725109918,4.003759861216538,-0.011177906258350075,1.7122925348456164,3.1268598512923518,2.528578193699005,2.3499132603360673,-50.13972382822938
2026-04-15T15:26:17.010,4.002739668055753,4.005002975762068,4.004045725109918,4.003759861216538,-0.011177906258350075,1.7122925348456164,3.1268598512923518,2.528578193699005,2.3499132603360673,-50.13972382822938
2026-04-15T15:26:17.115,4.002739668055753,4.005002975762068,4.004045725109918,4.003759861216538,-0.011177906258350075,1.7122925348456164,3.1268598512923518,2.528578193699005,2.3499132603360673,-50.13972382822938
2026-04-15T15:26:17.232,4.003214359475038,4.004662037173631,4.00444173839341,4.002650499501854,-0.0087481431162232,2.0089746718987556,2.913773233519379,2.776086495881458,1.6565621886588389,-50.10935178895279
2026-04-15T15:26:17.339,4.003214359475038,4.004662037173631,4.00444173839341,4.002650499501854,-0.0087481431162232,2.0089746718987556,2.913773233519379,2.776086495881458,1.6565621886588389,-50.10935178895279
2026-04-15T15:26:17.455,4.003214359475038,4.004662037173631,4.00444173839341,4.002650499501854,-0.0087481431162232,2.0089746718987556,2.913773233519379,2.776086495881458,1.6565621886588389,-50.10935178895279
2026-04-15T15:26:17.556,4.003605127549477,4.005218029333236,4.003584146713266,4.00353693983179,-0.022569910498485918,2.253204718423163,3.261268333272227,2.24009169579098,2.2105873948685684,-50.28212388123108
2026-04-15T15:26:17.669,4.003605127549477,4.005218029333236,4.003584146713266,4.00353693983179,-0.022569910498485918,2.253204718423163,3.261268333272227,2.24009169579098,2.2105873948685684,-50.28212388123108
2026-04-15T15:26:17.776,4.003605127549477,4.005218029333236,4.003584146713266,4.00353693983179,-0.022569910498485918,2.253204718423163,3.261268333272227,2.24009169579098,2.2105873948685684,-50.28212388123108
2026-04-15T15:26:17.884,4.0027606488919645,4.004567623410679,4.004043102505392,4.002603292620378,-0.015056565044655067,1.7254055574777993,2.8547646316745556,2.526939065869982,1.6270578877364272,-50.18820706305819
2026-04-15T15:26:17.995,4.0027606488919645,4.004567623410679,4.004043102505392,4.002603292620378,-0.015056565044655067,1.7254055574777993,2.8547646316745556,2.526939065869982,1.6270578877364272,-50.18820706305819
2026-04-15T15:26:18.100,4.0027606488919645,4.004567623410679,4.004043102505392,4.002603292620378,-0.015056565044655067,1.7254055574777993,2.8547646316745556,2.526939065869982,1.6270578877364272,-50.18820706305819
2026-04-15T15:26:18.216,4.002527237089112,4.004924297626275,4.003759861216538,4.0027606488919645,-0.008992115235002334,1.579523180694764,3.0776860164216657,2.3499132603360673,1.7254055574777993,-50.11240144043752
2026-04-15T15:26:18.334,4.002527237089112,4.004924297626275,4.003759861216538,4.0027606488919645,-0.008992115235002334,1.579523180694764,3.0776860164216657,2.3499132603360673,1.7254055574777993,-50.11240144043752
2026-04-15T15:26:18.433,4.002527237089112,4.004924297626275,4.003759861216538,4.0027606488919645,-0.008992115235002334,1.579523180694764,3.0776860164216657,2.3499132603360673,1.7254055574777993,-50.11240144043752
2026-04-15T15:26:18.541,4.003248453333882,4.004360437653091,4.003662824849059,4.002839327027758,-0.01889041262547002,2.030283333676053,2.725273533181749,2.289265530661666,1.7745793923484854,-50.23613015781837
2026-04-15T15:26:18.650,4.003248453333882,4.004360437653091,4.003662824849059,4.002839327027758,-0.01889041262547002,2.030283333676053,2.725273533181749,2.289265530661666,1.7745793923484854,-50.23613015781837
2026-04-15T15:26:18.758,4.003248453333882,4.004360437653091,4.003662824849059,4.002839327027758,-0.01889041262547002,2.030283333676053,2.725273533181749,2.289265530661666,1.7745793923484854,-50.23613015781837
2026-04-15T15:26:18.865,4.00257968917964,4.005081653897861,4.004079818968762,4.003169775198089,-0.017083027337371538,1.6123057372752214,3.176033686163038,2.549886855476302,1.9811094988053668,-50.21353784171715
2026-04-15T15:26:18.980,4.00257968917964,4.005081653897861,4.004079818968762,4.003169775198089,-0.017083027337371538,1.6123057372752214,3.176033686163038,2.549886855476302,1.9811094988053668,-50.21353784171715
2026-04-15T15:26:19.087,4.00257968917964,4.005081653897861,4.004079818968762,4.003169775198089,-0.017083027337371538,1.6123057372752214,3.176033686163038,2.549886855476302,1.9811094988053668,-50.21353784171715
2026-04-15T15:26:19.194,4.003849029770436,4.00513410598839,4.003914594883597,4.002700328987856,-0.020762525210387444,2.4056436065222897,3.208816242743495,2.4466218022478614,1.6877056174102734,-50.25953156512985
2026-04-15T15:26:19.301,4.003849029770436,4.00513410598839,4.003914594883597,4.002700328987856,-0.020762525210387444,2.4056436065222897,3.208816242743495,2.4466218022478614,1.6877056174102734,-50.25953156512985
2026-04-15T15:26:19.416,4.003849029770436,4.00513410598839,4.003914594883597,4.002700328987856,-0.020762525210387444,2.4056436065222897,3.208816242743495,2.4466218022478614,1.6877056174102734,-50.25953156512985
2026-04-15T15:26:19.519,4.003736257775799,4.004646301546472,4.003788709866328,4.002459049371424,-0.01882568532865106,2.3351611098743064,2.9039384665452417,2.3679436664547637,1.5369058571401695,-50.235321066608144
2026-04-15T15:26:19.630,4.003736257775799,4.004646301546472,4.003788709866328,4.002459049371424,-0.01882568532865106,2.3351611098743064,2.9039384665452417,2.3679436664547637,1.5369058571401695,-50.235321066608144
2026-04-15T15:26:19.747,4.003736257775799,4.004646301546472,4.003788709866328,4.002459049371424,-0.01882568532865106,2.3351611098743064,2.9039384665452417,2.3679436664547637,1.5369058571401695,-50.235321066608144
2026-04-15T15:26:19.849,4.003589391922318,4.004919052417222,4.003665447453585,4.003416300023574,-0.026373883942307504,2.2433699514490257,3.07440776076362,2.290904658490689,2.1351875147335164,-50.329673549278844
2026-04-15T15:26:19.967,4.003589391922318,4.004919052417222,4.003665447453585,4.003416300023574,-0.026373883942307504,2.2433699514490257,3.07440776076362,2.290904658490689,2.1351875147335164,-50.329673549278844
2026-04-15T15:26:20.084,4.003589391922318,4.004919052417222,4.003665447453585,4.003416300023574,-0.026373883942307504,2.2433699514490257,3.07440776076362,2.290904658490689,2.1351875147335164,-50.329673549278844
2026-04-15T15:26:20.182,4.002991438090291,4.005034447016385,4.003830671538751,4.003054380598925,-0.032672347825074916,1.8696488064318117,3.146529385240626,2.3941697117191296,1.9089878743283606,-50.40840434781344
2026-04-15T15:26:20.299,4.002991438090291,4.005034447016385,4.003830671538751,4.003054380598925,-0.032672347825074916,1.8696488064318117,3.146529385240626,2.3941697117191296,1.9089878743283606,-50.40840434781344
2026-04-15T15:26:20.409,4.002991438090291,4.005034447016385,4.003830671538751,4.003054380598925,-0.032672347825074916,1.8696488064318117,3.146529385240626,2.3941697117191296,1.9089878743283606,-50.40840434781344
2026-04-15T15:26:20.509,4.003466129509576,4.004646301546472,4.003990650414863,4.003098964875875,-0.017989209492836892,2.166330943484951,2.9039384665452417,2.4941565092895246,1.9368530474217494,-50.22486511866047
2026-04-15T15:26:20.616,4.003466129509576,4.004646301546472,4.003990650414863,4.003098964875875,-0.017989209492836892,2.166330943484951,2.9039384665452417,2.4941565092895246,1.9368530474217494,-50.22486511866047
2026-04-15T15:26:20.723,4.003466129509576,4.004646301546472,4.003990650414863,4.003098964875875,-0.017989209492836892,2.166330943484951,2.9039384665452417,2.4941565092895246,1.9368530474217494,-50.22486511866047
2026-04-15T15:26:20.838,4.00372052214864,4.005215406728709,4.003707409126008,4.003101587480401,-0.019692035301458594,2.325326342900169,3.259629205443204,2.317130703755055,1.9384921752507722,-50.246150441268234
2026-04-15T15:26:20.941,4.00372052214864,4.005215406728709,4.003707409126008,4.003101587480401,-0.019692035301458594,2.325326342900169,3.259629205443204,2.317130703755055,1.9384921752507722,-50.246150441268234
2026-04-15T15:26:21.051,4.00372052214864,4.005215406728709,4.003707409126008,4.003101587480401,-0.019692035301458594,2.325326342900169,3.259629205443204,2.317130703755055,1.9384921752507722,-50.246150441268234
2026-04-15T15:26:21.167,4.0034399034643116,4.004604339874049,4.004056215528024,4.0037336351712725,-0.01699340492639145,2.1499396651947222,2.877712421280876,2.5351347050150963,2.3335219820452835,-50.21241756157989
2026-04-15T15:26:21.269,4.0034399034643116,4.004604339874049,4.004056215528024,4.0037336351712725,-0.01699340492639145,2.1499396651947222,2.877712421280876,2.5351347050150963,2.3335219820452835,-50.21241756157989
2026-04-15T15:26:21.376,4.0034399034643116,4.004604339874049,4.004056215528024,4.0037336351712725,-0.01699340492639145,2.1499396651947222,2.877712421280876,2.5351347050150963,2.3335219820452835,-50.21241756157989
2026-04-15T15:26:21.488,4.003138303943771,4.004816770840691,4.004085064177815,4.003557920668001,-0.004525931754494529,1.9614399648570924,3.010481775431728,2.553165111134348,2.2237004175007513,-50.056574146931176
2026-04-15T15:26:21.595,4.003138303943771,4.004816770840691,4.004085064177815,4.003557920668001,-0.004525931754494529,1.9614399648570924,3.010481775431728,2.553165111134348,2.2237004175007513,-50.056574146931176
2026-04-15T15:26:21.705,4.003138303943771,4.004816770840691,4.004085064177815,4.003557920668001,-0.004525931754494529,1.9614399648570924,3.010481775431728,2.553165111134348,2.2237004175007513,-50.056574146931176
2026-04-15T15:26:21.814,4.003177643011668,4.0047013762415276,4.003940820928861,4.003211736870512,-0.031098976610091124,1.9860268822924354,2.938360150954722,2.46301308053809,2.0073355440697327,-50.38873720762614
2026-04-15T15:26:21.929,4.003177643011668,4.0047013762415276,4.003940820928861,4.003211736870512,-0.031098976610091124,1.9860268822924354,2.938360150954722,2.46301308053809,2.0073355440697327,-50.38873720762614
2026-04-15T15:26:22.033,4.003177643011668,4.0047013762415276,4.003940820928861,4.003211736870512,-0.031098976610091124,1.9860268822924354,2.938360150954722,2.46301308053809,2.0073355440697327,-50.38873720762614
2026-04-15T15:26:22.148,4.002918005163551,4.004709244055107,4.004182100545293,4.003290415006305,-0.029655059988745232,1.8237532272191714,2.9432775344417905,2.613812840808194,2.0565093789404187,-50.37068824985932
2026-04-15T15:26:22.253,4.002918005163551,4.004709244055107,4.004182100545293,4.003290415006305,-0.029655059988745232,1.8237532272191714,2.9432775344417905,2.613812840808194,2.0565093789404187,-50.37068824985932
2026-04-15T15:26:22.364,4.002918005163551,4.004709244055107,4.004182100545293,4.003290415006305,-0.029655059988745232,1.8237532272191714,2.9432775344417905,2.613812840808194,2.0565093789404187,-50.37068824985932
2026-04-15T15:26:22.469,4.003597259735898,4.004769563959215,4.004155874500029,4.002980947672185,-0.02881858415293106,2.2482873349360943,2.9809774745093165,2.5974215625179653,1.8630922951157203,-50.36023230191164
2026-04-15T15:26:22.580,4.003597259735898,4.004769563959215,4.004155874500029,4.002980947672185,-0.02881858415293106,2.2482873349360943,2.9809774745093165,2.5974215625179653,1.8630922951157203,-50.36023230191164
2026-04-15T15:26:22.698,4.003597259735898,4.004769563959215,4.004155874500029,4.002980947672185,-0.02881858415293106,2.2482873349360943,2.9809774745093165,2.5974215625179653,1.8630922951157203,-50.36023230191164
2026-04-15T15:26:22.819,4.00350022336842,4.004940033253433,4.004488945274886,4.003988027810337,-0.018994972104946786,2.187639605262248,3.087520783395803,2.8055907968038696,2.4925173814605017,-50.23743715131184
2026-04-15T15:26:22.908,4.00350022336842,4.004940033253433,4.004488945274886,4.003988027810337,-0.018994972104946786,2.187639605262248,3.087520783395803,2.8055907968038696,2.4925173814605017,-50.23743715131184
2026-04-15T15:26:23.016,4.00350022336842,4.004940033253433,4.004488945274886,4.003988027810337,-0.018994972104946786,2.187639605262248,3.087520783395803,2.8055907968038696,2.4925173814605017,-50.23743715131184
2026-04-15T15:26:23.129,4.003358602723992,4.005218029333236,4.004279136912771,4.003977537392231,-0.022380707630861287,2.0991267024950133,3.261268333272227,2.67446057048204,2.4859608701444103,-50.27975884538577
2026-04-15T15:26:23.252,4.003358602723992,4.005218029333236,4.004279136912771,4.003977537392231,-0.022380707630861287,2.0991267024950133,3.261268333272227,2.67446057048204,2.4859608701444103,-50.27975884538577
2026-04-15T15:26:23.365,4.003358602723992,4.005218029333236,4.004279136912771,4.003977537392231,-0.022380707630861287,2.0991267024950133,3.261268333272227,2.67446057048204,2.4859608701444103,-50.27975884538577
2026-04-15T15:26:23.471,4.0036497118264265,4.004811525631638,4.003736257775799,4.003552675458948,-0.016629936259638864,2.2810698915165517,3.0072035197736824,2.3351611098743064,2.2204221618427056,-50.20787420324548
2026-04-15T15:26:23.582,4.0036497118264265,4.004811525631638,4.003736257775799,4.003552675458948,-0.016629936259638864,2.2810698915165517,3.0072035197736824,2.3351611098743064,2.2204221618427056,-50.20787420324548
2026-04-15T15:26:23.683,4.0036497118264265,4.004811525631638,4.003736257775799,4.003552675458948,-0.016629936259638864,2.2810698915165517,3.0072035197736824,2.3351611098743064,2.2204221618427056,-50.20787420324548
2026-04-15T15:26:23.799,4.003652334430953,4.0050134661801735,4.004326343794247,4.003266811565567,-0.016485544597504277,2.2827090193455746,3.1334163626084433,2.7039648714044517,2.041757228479213,-50.2060693074688
2026-04-15T15:26:23.912,4.003652334430953,4.0050134661801735,4.004326343794247,4.003266811565567,-0.016485544597504277,2.2827090193455746,3.1334163626084433,2.7039648714044517,2.041757228479213,-50.2060693074688
2026-04-15T15:26:24.020,4.003652334430953,4.0050134661801735,4.004326343794247,4.003266811565567,-0.016485544597504277,2.2827090193455746,3.1334163626084433,2.7039648714044517,2.041757228479213,-50.2060693074688
2026-04-15T15:26:24.120,4.003434658255259,4.00440502193004,4.003925085301702,4.003290415006305,-0.010545570358657221,2.1466614095366765,2.753138706275138,2.453178313563953,2.0565093789404187,-50.13181962948322
2026-04-15T15:26:24.219,4.003434658255259,4.00440502193004,4.003925085301702,4.003290415006305,-0.010545570358657221,2.1466614095366765,2.753138706275138,2.453178313563953,2.0565093789404187,-50.13181962948322
2026-04-15T15:26:24.333,4.003434658255259,4.00440502193004,4.003925085301702,4.003290415006305,-0.010545570358657221,2.1466614095366765,2.753138706275138,2.453178313563953,2.0565093789404187,-50.13181962948322
2026-04-15T15:26:24.438,4.003744125589378,4.004664659778157,4.003746748193905,4.003025531949135,-0.011476647628283708,2.340078493361375,2.9154123613484018,2.341717621190398,1.890957468209109,-50.143458095353544
2026-04-15T15:26:24.571,4.003744125589378,4.004664659778157,4.003746748193905,4.003025531949135,-0.011476647628283708,2.340078493361375,2.9154123613484018,2.341717621190398,1.890957468209109,-50.143458095353544
2026-04-15T15:26:24.677,4.003744125589378,4.004664659778157,4.003746748193905,4.003025531949135,-0.011476647628283708,2.340078493361375,2.9154123613484018,2.341717621190398,1.890957468209109,-50.143458095353544
2026-04-15T15:26:24.802,4.00246953978953,4.004937410648908,4.00394868874244,4.003426790441679,-0.020085378105204544,1.543462368456261,3.085881655567335,2.4679304640251587,2.141744026049608,-50.25106722631506
2026-04-15T15:26:24.902,4.00246953978953,4.004937410648908,4.00394868874244,4.003426790441679,-0.020085378105204544,1.543462368456261,3.085881655567335,2.4679304640251587,2.141744026049608,-50.25106722631506
2026-04-15T15:26:25.019,4.00246953978953,4.004937410648908,4.00394868874244,4.003426790441679,-0.020085378105204544,1.543462368456261,3.085881655567335,2.4679304640251587,2.141744026049608,-50.25106722631506
2026-04-15T15:26:25.127,4.003820181120646,4.004502058297518,4.0040404799008655,4.003062248412505,-0.022540036361492558,2.3876132004035933,2.813786435948984,2.525299938040959,1.9139052578154292,-50.28175045451866
2026-04-15T15:26:25.238,4.003820181120646,4.004502058297518,4.0040404799008655,4.003062248412505,-0.022540036361492558,2.3876132004035933,2.813786435948984,2.525299938040959,1.9139052578154292,-50.28175045451866
2026-04-15T15:26:25.339,4.003820181120646,4.004502058297518,4.0040404799008655,4.003062248412505,-0.022540036361492558,2.3876132004035933,2.813786435948984,2.525299938040959,1.9139052578154292,-50.28175045451866
2026-04-15T15:26:25.446,4.003164529989037,4.004801035213532,4.004098177200447,4.003038644971767,-0.025034526800438387,1.9778312431478762,3.000647008457591,2.561360750279462,1.8991531073542234,-50.31293158500548
2026-04-15T15:26:25.554,4.003164529989037,4.004801035213532,4.004098177200447,4.003038644971767,-0.025034526800438387,1.9778312431478762,3.000647008457591,2.561360750279462,1.8991531073542234,-50.31293158500548
2026-04-15T15:26:25.672,4.003164529989037,4.004801035213532,4.004098177200447,4.003038644971767,-0.025034526800438387,1.9778312431478762,3.000647008457591,2.561360750279462,1.8991531073542234,-50.31293158500548
2026-04-15T15:26:25.774,4.002836704423232,4.004585981642364,4.003964424369599,4.003243208124829,-0.021862889256309657,1.7729402645200176,2.8662385264777157,2.477765230999296,2.027005078018007,-50.273286115703876
2026-04-15T15:26:25.882,4.002836704423232,4.004585981642364,4.003964424369599,4.003243208124829,-0.021862889256309657,1.7729402645200176,2.8662385264777157,2.477765230999296,2.027005078018007,-50.273286115703876
2026-04-15T15:26:26.000,4.002836704423232,4.004585981642364,4.003964424369599,4.003243208124829,-0.021862889256309657,1.7729402645200176,2.8662385264777157,2.477765230999296,2.027005078018007,-50.273286115703876
2026-04-15T15:26:26.101,4.003487110345787,4.004651546755525,4.003967046974125,4.003293037610831,-0.02208694528375988,2.179443966117134,2.9072167222032874,2.4794043588283188,2.0581485067694416,-50.27608681604699
2026-04-15T15:26:26.209,4.003487110345787,4.004651546755525,4.003967046974125,4.003293037610831,-0.02208694528375988,2.179443966117134,2.9072167222032874,2.4794043588283188,2.0581485067694416,-50.27608681604699
2026-04-15T15:26:26.318,4.003487110345787,4.004651546755525,4.003967046974125,4.003293037610831,-0.02208694528375988,2.179443966117134,2.9072167222032874,2.4794043588283188,2.0581485067694416,-50.27608681604699
2026-04-15T15:26:26.437,4.002713442010489,4.00444173839341,4.004174232731714,4.002629518665643,-0.01626148857005405,1.6959012565553877,2.776086495881458,2.6088954573211254,1.643449166026656,-50.20326860712567
2026-04-15T15:26:26.541,4.002713442010489,4.00444173839341,4.004174232731714,4.002629518665643,-0.01626148857005405,1.6959012565553877,2.776086495881458,2.6088954573211254,1.643449166026656,-50.20326860712567
2026-04-15T15:26:26.648,4.002713442010489,4.00444173839341,4.004174232731714,4.002629518665643,-0.01626148857005405,1.6959012565553877,2.776086495881458,2.6088954573211254,1.643449166026656,-50.20326860712567
2026-04-15T15:26:26.760,4.003694296103376,4.005519628853776,4.004218817008663,4.003358602723992,-0.017197544862512765,2.3089350646099405,3.449768033609857,2.636760630414514,2.0991267024950133,-50.21496931078141
2026-04-15T15:26:26.860,4.003694296103376,4.005519628853776,4.004218817008663,4.003358602723992,-0.017197544862512765,2.3089350646099405,3.449768033609857,2.636760630414514,2.0991267024950133,-50.21496931078141
2026-04-15T15:26:26.977,4.003694296103376,4.005519628853776,4.004218817008663,4.003358602723992,-0.017197544862512765,2.3089350646099405,3.449768033609857,2.636760630414514,2.0991267024950133,-50.21496931078141
2026-04-15T15:26:27.098,4.002876043491128,4.005288839655449,4.004095554595921,4.002692461174277,-0.012193626916124424,1.7975271819548055,3.3055247846558444,2.5597216224504393,1.6827882339232048,-50.152420336451556
2026-04-15T15:26:27.201,4.002876043491128,4.005288839655449,4.004095554595921,4.002692461174277,-0.012193626916124424,1.7975271819548055,3.3055247846558444,2.5597216224504393,1.6827882339232048,-50.152420336451556
2026-04-15T15:26:27.311,4.002876043491128,4.005288839655449,4.004095554595921,4.002692461174277,-0.012193626916124424,1.7975271819548055,3.3055247846558444,2.5597216224504393,1.6827882339232048,-50.152420336451556
2026-04-15T15:26:27.428,4.003161907384509,4.004940033253433,4.004050970318971,4.002938985999762,-0.01668968453362559,1.9761921153182982,3.087520783395803,2.5318564493570506,1.8368662498513544,-50.208621056670324
2026-04-15T15:26:27.523,4.003161907384509,4.004940033253433,4.004050970318971,4.002938985999762,-0.01668968453362559,1.9761921153182982,3.087520783395803,2.5318564493570506,1.8368662498513544,-50.208621056670324
2026-04-15T15:26:27.630,4.003161907384509,4.004940033253433,4.004050970318971,4.002938985999762,-0.01668968453362559,1.9761921153182982,3.087520783395803,2.5318564493570506,1.8368662498513544,-50.208621056670324
2026-04-15T15:26:27.747,4.003106832689454,4.005225897146815,4.003846407165909,4.002873420886601,-0.018053936789655844,1.941770430908818,3.2661857167592956,2.404004478693267,1.7958880541257827,-50.2256742098707
2026-04-15T15:26:27.858,4.003106832689454,4.005225897146815,4.003846407165909,4.002873420886601,-0.018053936789655844,1.941770430908818,3.2661857167592956,2.404004478693267,1.7958880541257827,-50.2256742098707
2026-04-15T15:26:27.958,4.003106832689454,4.005225897146815,4.003846407165909,4.002873420886601,-0.018053936789655844,1.941770430908818,3.2661857167592956,2.404004478693267,1.7958880541257827,-50.2256742098707
2026-04-15T15:26:28.070,4.002841949632284,4.0044968130884655,4.003807068098013,4.0032956602153575,-0.024143281713469716,1.7762185201775083,2.810508180290938,2.379417561257924,2.0597876345984645,-50.301791021418374
2026-04-15T15:26:28.181,4.002841949632284,4.0044968130884655,4.003807068098013,4.0032956602153575,-0.024143281713469716,1.7762185201775083,2.810508180290938,2.379417561257924,2.0597876345984645,-50.301791021418374
2026-04-15T15:26:28.286,4.002841949632284,4.0044968130884655,4.003807068098013,4.0032956602153575,-0.024143281713469716,1.7762185201775083,2.810508180290938,2.379417561257924,2.0597876345984645,-50.301791021418374
2026-04-15T15:26:28.411,4.003287792401778,4.004696131032475,4.004092931991394,4.00254297271627,-0.00899709425783456,2.054870251111396,2.935081895296676,2.5580824946214165,1.5893579476689013,-50.11246367822293
2026-04-15T15:26:28.513,4.003287792401778,4.004696131032475,4.004092931991394,4.00254297271627,-0.00899709425783456,2.054870251111396,2.935081895296676,2.5580824946214165,1.5893579476689013,-50.11246367822293
2026-04-15T15:26:28.622,4.003287792401778,4.004696131032475,4.004092931991394,4.00254297271627,-0.00899709425783456,2.054870251111396,2.935081895296676,2.5580824946214165,1.5893579476689013,-50.11246367822293
2026-04-15T15:26:28.725,4.003017664135555,4.0050160887847,4.0042083265905575,4.003054380598925,-0.007966436531563528,1.8860400847220404,3.135055490437466,2.6302041190984227,1.9089878743283606,-50.099580456644546
2026-04-15T15:26:28.834,4.003017664135555,4.0050160887847,4.0042083265905575,4.003054380598925,-0.007966436531563528,1.8860400847220404,3.135055490437466,2.6302041190984227,1.9089878743283606,-50.099580456644546
2026-04-15T15:26:28.948,4.003017664135555,4.0050160887847,4.0042083265905575,4.003054380598925,-0.007966436531563528,1.8860400847220404,3.135055490437466,2.6302041190984227,1.9089878743283606,-50.099580456644546
2026-04-15T15:26:29.076,4.00330090542441,4.004614830292155,4.004551887783521,4.003130436130192,-0.01682909717292795,2.06306589025651,2.8842689325969673,2.8449298647004184,1.9565225813700238,-50.2103637146616
2026-04-15T15:26:29.174,4.00330090542441,4.004614830292155,4.004551887783521,4.003130436130192,-0.01682909717292795,2.06306589025651,2.8842689325969673,2.8449298647004184,1.9565225813700238,-50.2103637146616
2026-04-15T15:26:29.286,4.00330090542441,4.004614830292155,4.004551887783521,4.003130436130192,-0.01682909717292795,2.06306589025651,2.8842689325969673,2.8449298647004184,1.9565225813700238,-50.2103637146616
2026-04-15T15:26:29.384,4.002818346191546,4.004772186563741,4.00417685533624,4.002417087699001,-0.012577011674205921,1.7614663697163024,2.9826166023383394,2.6105345851501482,1.5106798118758036,-50.15721264592757
2026-04-15T15:26:29.501,4.002818346191546,4.004772186563741,4.00417685533624,4.002417087699001,-0.012577011674205921,1.7614663697163024,2.9826166023383394,2.6105345851501482,1.5106798118758036,-50.15721264592757
2026-04-15T15:26:29.608,4.002818346191546,4.004772186563741,4.00417685533624,4.002417087699001,-0.012577011674205921,1.7614663697163024,2.9826166023383394,2.6105345851501482,1.5106798118758036,-50.15721264592757
2026-04-15T15:26:29.720,4.00303602236724,4.004756450936583,4.004344702025932,4.002881288700181,-0.01767055203157435,1.8975139795252005,2.972781835364202,2.715438766207612,1.8008054376128513,-50.22088190039467
2026-04-15T15:26:29.837,4.00303602236724,4.004756450936583,4.004344702025932,4.002881288700181,-0.01767055203157435,1.8975139795252005,2.972781835364202,2.715438766207612,1.8008054376128513,-50.22088190039467
2026-04-15T15:26:29.942,4.00303602236724,4.004756450936583,4.004344702025932,4.002881288700181,-0.01767055203157435,1.8975139795252005,2.972781835364202,2.715438766207612,1.8008054376128513,-50.22088190039467
2026-04-15T15:26:30.054,4.003033399762714,4.004829883863323,4.004053592923498,4.002713442010489,-0.022256232060055604,1.8958748516961776,3.0186774145768425,2.5334955771860734,1.6959012565553877,-50.27820290075069
2026-04-15T15:26:30.154,4.003033399762714,4.004829883863323,4.004053592923498,4.002713442010489,-0.022256232060055604,1.8958748516961776,3.0186774145768425,2.5334955771860734,1.6959012565553877,-50.27820290075069
2026-04-15T15:26:30.269,4.003033399762714,4.004829883863323,4.004053592923498,4.002713442010489,-0.022256232060055604,1.8958748516961776,3.0186774145768425,2.5334955771860734,1.6959012565553877,-50.27820290075069
2026-04-15T15:26:30.382,4.003641844012847,4.005215406728709,4.0041663649181345,4.003112077898507,-0.024038722233992945,2.276152508029483,3.259629205443204,2.6039780738340568,1.9450486865668637,-50.30048402792491
2026-04-15T15:26:30.483,4.003641844012847,4.005215406728709,4.0041663649181345,4.003112077898507,-0.024038722233992945,2.276152508029483,3.259629205443204,2.6039780738340568,1.9450486865668637,-50.30048402792491
2026-04-15T15:26:30.593,4.003641844012847,4.005215406728709,4.0041663649181345,4.003112077898507,-0.024038722233992945,2.276152508029483,3.259629205443204,2.6039780738340568,1.9450486865668637,-50.30048402792491
2026-04-15T15:26:30.702,4.003316641051569,4.005047560039017,4.003770351634643,4.002498388439321,-0.02585108654492365,2.0729006572306474,3.1547250243857405,2.3564697716516037,1.5614927745755125,-50.32313858181154
2026-04-15T15:26:30.809,4.003316641051569,4.005047560039017,4.003770351634643,4.002498388439321,-0.02585108654492365,2.0729006572306474,3.1547250243857405,2.3564697716516037,1.5614927745755125,-50.32313858181154
2026-04-15T15:26:30.920,4.003316641051569,4.005047560039017,4.003770351634643,4.002498388439321,-0.02585108654492365,2.0729006572306474,3.1547250243857405,2.3564697716516037,1.5614927745755125,-50.32313858181154
2026-04-15T15:26:31.024,4.003230095102197,4.0043709280711965,4.004391908907408,4.003020286740082,-0.017361852615976264,2.0188094388728928,2.7318300444978405,2.7449430671300235,1.8876792125510633,-50.2170231576997
2026-04-15T15:26:31.132,4.003230095102197,4.0043709280711965,4.004391908907408,4.003020286740082,-0.017361852615976264,2.0188094388728928,2.7318300444978405,2.7449430671300235,1.8876792125510633,-50.2170231576997
2026-04-15T15:26:31.241,4.003230095102197,4.0043709280711965,4.004391908907408,4.003020286740082,-0.017361852615976264,2.0188094388728928,2.7318300444978405,2.7449430671300235,1.8876792125510633,-50.2170231576997
2026-04-15T15:26:31.363,4.003437280859785,4.005315065700714,4.004772186563741,4.002710819405962,-0.010714857134952946,2.1483005373656994,3.321916062946073,2.9826166023383394,1.6942621287263648,-50.13393571418692
2026-04-15T15:26:31.461,4.003437280859785,4.005315065700714,4.004772186563741,4.002710819405962,-0.010714857134952946,2.1483005373656994,3.321916062946073,2.9826166023383394,1.6942621287263648,-50.13393571418692
2026-04-15T15:26:31.572,4.003437280859785,4.005315065700714,4.004772186563741,4.002710819405962,-0.010714857134952946,2.1483005373656994,3.321916062946073,2.9826166023383394,1.6942621287263648,-50.13393571418692
2026-04-15T15:26:31.677,4.0029232503726035,4.0046410563374195,4.004071951155183,4.002640009083748,-0.01720750290817722,1.8270314828772172,2.900660210887196,2.5449694719892335,1.6500056773427474,-50.21509378635221
2026-04-15T15:26:31.788,4.0029232503726035,4.0046410563374195,4.004071951155183,4.002640009083748,-0.01720750290817722,1.8270314828772172,2.900660210887196,2.5449694719892335,1.6500056773427474,-50.21509378635221
2026-04-15T15:26:31.917,4.0029232503726035,4.0046410563374195,4.004071951155183,4.002640009083748,-0.01720750290817722,1.8270314828772172,2.900660210887196,2.5449694719892335,1.6500056773427474,-50.21509378635221
2026-04-15T15:26:32.004,4.003497600763893,4.004481077461307,4.004759073541109,4.00277113931007,-0.007881793143415665,2.1860004774332253,2.800673413316801,2.974420963193225,1.7319620687938908,-50.0985224142927
2026-04-15T15:26:32.116,4.003497600763893,4.004481077461307,4.004759073541109,4.00277113931007,-0.007881793143415665,2.1860004774332253,2.800673413316801,2.974420963193225,1.7319620687938908,-50.0985224142927
2026-04-15T15:26:32.223,4.003497600763893,4.004481077461307,4.004759073541109,4.00277113931007,-0.007881793143415665,2.1860004774332253,2.800673413316801,2.974420963193225,1.7319620687938908,-50.0985224142927
2026-04-15T15:26:32.341,4.00375723861201,4.0047669413546885,4.003384828769256,4.002836704423232,-0.00922612930811701,2.3482741325064893,2.9793383466802936,2.115517980785242,1.7729402645200176,-50.11532661635146
2026-04-15T15:26:32.439,4.00375723861201,4.0047669413546885,4.003384828769256,4.002836704423232,-0.00922612930811701,2.3482741325064893,2.9793383466802936,2.115517980785242,1.7729402645200176,-50.11532661635146
2026-04-15T15:26:32.553,4.00375723861201,4.0047669413546885,4.003384828769256,4.002836704423232,-0.00922612930811701,2.3482741325064893,2.9793383466802936,2.115517980785242,1.7729402645200176,-50.11532661635146
2026-04-15T15:26:32.661,4.00285244005039,4.004772186563741,4.0047852995863735,4.002996683299344,-0.005218015928174111,1.7827750314935997,2.9826166023383394,2.9908122414834537,1.8729270620898575,-50.06522519910218
2026-04-15T15:26:32.772,4.00285244005039,4.004772186563741,4.0047852995863735,4.002996683299344,-0.005218015928174111,1.7827750314935997,2.9826166023383394,2.9908122414834537,1.8729270620898575,-50.06522519910218
2026-04-15T15:26:32.876,4.00285244005039,4.004772186563741,4.0047852995863735,4.002996683299344,-0.005218015928174111,1.7827750314935997,2.9826166023383394,2.9908122414834537,1.8729270620898575,-50.06522519910218
2026-04-15T15:26:33.001,4.003492355554841,4.0047249796822655,4.003293037610831,4.003093719666822,-0.0040678616539296265,2.1827222217757347,2.9531123014159277,2.0581485067694416,1.9335747917637036,-50.05084827067412
2026-04-15T15:26:33.095,4.003492355554841,4.0047249796822655,4.003293037610831,4.003093719666822,-0.0040678616539296265,2.1827222217757347,2.9531123014159277,2.0581485067694416,1.9335747917637036,-50.05084827067412
2026-04-15T15:26:33.207,4.003492355554841,4.0047249796822655,4.003293037610831,4.003093719666822,-0.0040678616539296265,2.1827222217757347,2.9531123014159277,2.0581485067694416,1.9335747917637036,-50.05084827067412
2026-04-15T15:26:33.312,4.003015041531029,4.00531768830524,4.003539562436316,4.002794742750808,0.0022057071146766517,1.8844009568930176,3.323555190775096,2.2122265226975912,1.7467142192550966,-49.972428661066544
2026-04-15T15:26:33.444,4.003015041531029,4.00531768830524,4.003539562436316,4.002794742750808,0.0022057071146766517,1.8844009568930176,3.323555190775096,2.2122265226975912,1.7467142192550966,-49.972428661066544
2026-04-15T15:26:33.551,4.003015041531029,4.00531768830524,4.003539562436316,4.002794742750808,0.0022057071146766517,1.8844009568930176,3.323555190775096,2.2122265226975912,1.7467142192550966,-49.972428661066544
2026-04-15T15:26:33.653,4.002390861653737,4.004853487304061,4.004336834212353,4.003416300023574,0.005208057882509656,1.494288533585575,3.0334295650380483,2.710521382720543,2.1351875147335164,-49.93489927646863
2026-04-15T15:26:33.755,4.002390861653737,4.004853487304061,4.004336834212353,4.003416300023574,0.005208057882509656,1.494288533585575,3.0334295650380483,2.710521382720543,2.1351875147335164,-49.93489927646863
2026-04-15T15:26:33.871,4.002390861653737,4.004853487304061,4.004336834212353,4.003416300023574,0.005208057882509656,1.494288533585575,3.0334295650380483,2.710521382720543,2.1351875147335164,-49.93489927646863
2026-04-15T15:26:33.979,4.002668857733539,4.005189180683445,4.004475832252255,4.003245830729355,0.008648562659578656,1.668036083461999,3.2432379271529754,2.7973951576593103,2.02864420584703,-49.89189296675527
2026-04-15T15:26:34.079,4.002668857733539,4.005189180683445,4.004475832252255,4.003245830729355,0.008648562659578656,1.668036083461999,3.2432379271529754,2.7973951576593103,2.02864420584703,-49.89189296675527
2026-04-15T15:26:34.204,4.002668857733539,4.005189180683445,4.004475832252255,4.003245830729355,0.008648562659578656,1.668036083461999,3.2432379271529754,2.7973951576593103,2.02864420584703,-49.89189296675527
2026-04-15T15:26:34.310,4.002710819405962,4.004218817008663,4.004216194404137,4.003180265616194,0.01002775198410559,1.6942621287263648,2.636760630414514,2.6351215025854913,1.9876660101214583,-49.87465310019868
2026-04-15T15:26:34.418,4.002710819405962,4.004218817008663,4.004216194404137,4.003180265616194,0.01002775198410559,1.6942621287263648,2.636760630414514,2.6351215025854913,1.9876660101214583,-49.87465310019868
2026-04-15T15:26:34.526,4.002710819405962,4.004218817008663,4.004216194404137,4.003180265616194,0.01002775198410559,1.6942621287263648,2.636760630414514,2.6351215025854913,1.9876660101214583,-49.87465310019868
2026-04-15T15:26:34.634,4.002986192881238,4.0046410563374195,4.003914594883597,4.002918005163551,-0.004436309343514439,1.866370550773766,2.900660210887196,2.4466218022478614,1.8237532272191714,-50.05545386679393
2026-04-15T15:26:34.745,4.002986192881238,4.0046410563374195,4.003914594883597,4.002918005163551,-0.004436309343514439,1.866370550773766,2.900660210887196,2.4466218022478614,1.8237532272191714,-50.05545386679393
2026-04-15T15:26:34.869,4.002986192881238,4.0046410563374195,4.003914594883597,4.002918005163551,-0.004436309343514439,1.866370550773766,2.900660210887196,2.4466218022478614,1.8237532272191714,-50.05545386679393
2026-04-15T15:26:34.975,4.002789497541755,4.004722357077739,4.004578113828785,4.003704786521482,0.010306577262710314,1.7434359635970509,2.951473173586905,2.861321142990647,2.315491575926032,-49.87116778421612
2026-04-15T15:26:35.090,4.002789497541755,4.004722357077739,4.004578113828785,4.003704786521482,0.010306577262710314,1.7434359635970509,2.951473173586905,2.861321142990647,2.315491575926032,-49.87116778421612
2026-04-15T15:26:35.188,4.002789497541755,4.004722357077739,4.004578113828785,4.003704786521482,0.010306577262710314,1.7434359635970509,2.951473173586905,2.861321142990647,2.315491575926032,-49.87116778421612
2026-04-15T15:26:35.296,4.0039198400926495,4.0050737860842816,4.0036470892219,4.003085851853243,0.0027185464663960542,2.449900057905907,3.1711163026759692,2.279430763687529,1.928657408276635,-49.96601816917005
2026-04-15T15:26:35.405,4.0039198400926495,4.0050737860842816,4.0036470892219,4.003085851853243,0.0027185464663960542,2.449900057905907,3.1711163026759692,2.279430763687529,1.928657408276635,-49.96601816917005
2026-04-15T15:26:35.515,4.0039198400926495,4.0050737860842816,4.0036470892219,4.003085851853243,0.0027185464663960542,2.449900057905907,3.1711163026759692,2.279430763687529,1.928657408276635,-49.96601816917005
2026-04-15T15:26:35.626,4.00375723861201,4.005267858819238,4.004845619490482,4.002828836609652,-0.005915079124685919,2.3482741325064893,3.2924117620236615,3.0285121815509797,1.768022881032394,-50.07393848905858
2026-04-15T15:26:35.733,4.00375723861201,4.005267858819238,4.004845619490482,4.002828836609652,-0.005915079124685919,2.3482741325064893,3.2924117620236615,3.0285121815509797,1.768022881032394,-50.07393848905858
2026-04-15T15:26:35.843,4.00375723861201,4.005267858819238,4.004845619490482,4.002828836609652,-0.005915079124685919,2.3482741325064893,3.2924117620236615,3.0285121815509797,1.768022881032394,-50.07393848905858
2026-04-15T15:26:35.952,4.002755403682912,4.005252123192079,4.0042502882629805,4.003172397802615,0.015270663026440836,1.7221273018197536,3.2825769950495243,2.6564301643627886,1.9827486266343897,-49.80911671216949
2026-04-15T15:26:36.058,4.002755403682912,4.005252123192079,4.0042502882629805,4.003172397802615,0.015270663026440836,1.7221273018197536,3.2825769950495243,2.6564301643627886,1.9827486266343897,-49.80911671216949
2026-04-15T15:26:36.183,4.002755403682912,4.005252123192079,4.0042502882629805,4.003172397802615,0.015270663026440836,1.7221273018197536,3.2825769950495243,2.6564301643627886,1.9827486266343897,-49.80911671216949
2026-04-15T15:26:36.278,4.002954721626921,4.005018711389226,4.004719734473213,4.003167152593562,-0.001946797927400837,1.8467010168254916,3.136694618266489,2.949834045757882,1.979470370976344,-50.02433497409251
2026-04-15T15:26:36.384,4.002954721626921,4.005018711389226,4.004719734473213,4.003167152593562,-0.001946797927400837,1.8467010168254916,3.136694618266489,2.949834045757882,1.979470370976344,-50.02433497409251
2026-04-15T15:26:36.502,4.002954721626921,4.005018711389226,4.004719734473213,4.003167152593562,-0.001946797927400837,1.8467010168254916,3.136694618266489,2.949834045757882,1.979470370976344,-50.02433497409251
2026-04-15T15:26:36.613,4.003371715746625,4.005050182643544,4.004507303506571,4.003106832689454,0.006527498933049865,2.1073223416406828,3.1563641522147634,2.8170646916070297,1.941770430908818,-49.91840626333688
2026-04-15T15:26:36.717,4.003371715746625,4.005050182643544,4.004507303506571,4.003106832689454,0.006527498933049865,2.1073223416406828,3.1563641522147634,2.8170646916070297,1.941770430908818,-49.91840626333688
2026-04-15T15:26:36.822,4.003371715746625,4.005050182643544,4.004507303506571,4.003106832689454,0.006527498933049865,2.1073223416406828,3.1563641522147634,2.8170646916070297,1.941770430908818,-49.91840626333688
2026-04-15T15:26:36.932,4.003539562436316,4.004801035213532,4.004313230771615,4.003083229248716,-0.002613986986919283,2.2122265226975912,3.000647008457591,2.6957692322593374,1.9270182804476121,-50.03267483733649
2026-04-15T15:26:37.043,4.003539562436316,4.004801035213532,4.004313230771615,4.003083229248716,-0.002613986986919283,2.2122265226975912,3.000647008457591,2.6957692322593374,1.9270182804476121,-50.03267483733649
2026-04-15T15:26:37.158,4.003539562436316,4.004801035213532,4.004313230771615,4.003083229248716,-0.002613986986919283,2.2122265226975912,3.000647008457591,2.6957692322593374,1.9270182804476121,-50.03267483733649
2026-04-15T15:26:37.275,4.002841949632284,4.005044937434491,4.004302740353509,4.003122568316613,-0.010221933874562451,1.7762185201775083,3.1530858965567177,2.689212720943246,1.9516051978829552,-50.12777417343203
2026-04-15T15:26:37.373,4.002841949632284,4.005044937434491,4.004302740353509,4.003122568316613,-0.010221933874562451,1.7762185201775083,3.1530858965567177,2.689212720943246,1.9516051978829552,-50.12777417343203
2026-04-15T15:26:37.496,4.002841949632284,4.005044937434491,4.004302740353509,4.003122568316613,-0.010221933874562451,1.7762185201775083,3.1530858965567177,2.689212720943246,1.9516051978829552,-50.12777417343203
2026-04-15T15:26:37.604,4.0036077501540035,4.005000353157541,4.00372838996222,4.003269434170093,3.983218265781764e-05,2.254843846252186,3.125220723463329,2.3302437263872378,2.043396356308236,-49.99950209771677
2026-04-15T15:26:37.699,4.0036077501540035,4.005000353157541,4.00372838996222,4.003269434170093,3.983218265781764e-05,2.254843846252186,3.125220723463329,2.3302437263872378,2.043396356308236,-49.99950209771677
2026-04-15T15:26:37.810,4.0036077501540035,4.005000353157541,4.00372838996222,4.003269434170093,3.983218265781764e-05,2.254843846252186,3.125220723463329,2.3302437263872378,2.043396356308236,-49.99950209771677
2026-04-15T15:26:37.930,4.002841949632284,4.004475832252255,4.004150629290976,4.002894401722813,0.0018123643109307025,1.7762185201775083,2.7973951576593103,2.5941433068599196,1.8090010767579656,-49.97734544611336
2026-04-15T15:26:38.032,4.002841949632284,4.004475832252255,4.004150629290976,4.002894401722813,0.0018123643109307025,1.7762185201775083,2.7973951576593103,2.5941433068599196,1.8090010767579656,-49.97734544611336
2026-04-15T15:26:38.141,4.002841949632284,4.004475832252255,4.004150629290976,4.002894401722813,0.0018123643109307025,1.7762185201775083,2.7973951576593103,2.5941433068599196,1.8090010767579656,-49.97734544611336
2026-04-15T15:26:38.246,4.003119945712086,4.005092144315967,4.004168987522661,4.003222227288617,-0.003301092137766637,1.9499660700539323,3.1825901974791293,2.6056172016630796,2.013892055385824,-50.041263651722076
2026-04-15T15:26:38.358,4.003119945712086,4.005092144315967,4.004168987522661,4.003222227288617,-0.003301092137766637,1.9499660700539323,3.1825901974791293,2.6056172016630796,2.013892055385824,-50.041263651722076
2026-04-15T15:26:38.466,4.003119945712086,4.005092144315967,4.004168987522661,4.003222227288617,-0.003301092137766637,1.9499660700539323,3.1825901974791293,2.6056172016630796,2.013892055385824,-50.041263651722076
2026-04-15T15:26:38.572,4.003510713786525,4.005273104028291,4.003767729030116,4.0031094552939805,0.0035550223022102244,2.1941961165783397,3.295690017681707,2.354830643822581,1.9434095587378408,-49.95556222122237
2026-04-15T15:26:38.695,4.003510713786525,4.005273104028291,4.003767729030116,4.0031094552939805,0.0035550223022102244,2.1941961165783397,3.295690017681707,2.354830643822581,1.9434095587378408,-49.95556222122237
2026-04-15T15:26:38.797,4.003510713786525,4.005273104028291,4.003767729030116,4.0031094552939805,0.0035550223022102244,2.1941961165783397,3.295690017681707,2.354830643822581,1.9434095587378408,-49.95556222122237
2026-04-15T15:26:38.914,4.003563165877054,4.005330801327872,4.004263401285613,4.003064871017031,0.0015932873063127055,2.226978673158797,3.3317508299202103,2.664625803507903,1.915544385644452,-49.98008390867109
2026-04-15T15:26:39.011,4.003563165877054,4.005330801327872,4.004263401285613,4.003064871017031,0.0015932873063127055,2.226978673158797,3.3317508299202103,2.664625803507903,1.915544385644452,-49.98008390867109
2026-04-15T15:26:39.137,4.003563165877054,4.005330801327872,4.004263401285613,4.003064871017031,0.0015932873063127055,2.226978673158797,3.3317508299202103,2.664625803507903,1.915544385644452,-49.98008390867109
2026-04-15T15:26:39.230,4.003413677419047,4.005388498627454,4.003990650414863,4.003442526068838,-0.0013742103016947086,2.1335483869044936,3.3678116421587134,2.4941565092895246,2.151578793023745,-50.01717762877118
2026-04-15T15:26:39.353,4.003413677419047,4.005388498627454,4.003990650414863,4.003442526068838,-0.0013742103016947086,2.1335483869044936,3.3678116421587134,2.4941565092895246,2.151578793023745,-50.01717762877118
2026-04-15T15:26:39.448,4.003413677419047,4.005388498627454,4.003990650414863,4.003442526068838,-0.0013742103016947086,2.1335483869044936,3.3678116421587134,2.4941565092895246,2.151578793023745,-50.01717762877118
2026-04-15T15:26:39.557,4.002781629728176,4.005380630813875,4.004108667618553,4.003311395842516,0.0019019867219107923,1.7385185801099823,3.362894258671645,2.5679172615955537,2.0696224015726017,-49.97622516597611
2026-04-15T15:26:39.671,4.002781629728176,4.005380630813875,4.004108667618553,4.003311395842516,0.0019019867219107923,1.7385185801099823,3.362894258671645,2.5679172615955537,2.0696224015726017,-49.97622516597611
2026-04-15T15:26:39.783,4.002781629728176,4.005380630813875,4.004108667618553,4.003311395842516,0.0019019867219107923,1.7385185801099823,3.362894258671645,2.5679172615955537,2.0696224015726017,-49.97622516597611
2026-04-15T15:26:39.897,4.00308060664419,4.004667282382684,4.00380182288896,4.002768516705544,-0.0005277764202160837,1.9253791526185893,2.9170514891774246,2.376139305599878,1.730322940964868,-50.0065972052527
2026-04-15T15:26:39.994,4.00308060664419,4.004667282382684,4.00380182288896,4.002768516705544,-0.0005277764202160837,1.9253791526185893,2.9170514891774246,2.376139305599878,1.730322940964868,-50.0065972052527
2026-04-15T15:26:40.104,4.00308060664419,4.004667282382684,4.00380182288896,4.002768516705544,-0.0005277764202160837,1.9253791526185893,2.9170514891774246,2.376139305599878,1.730322940964868,-50.0065972052527
2026-04-15T15:26:40.213,4.003167152593562,4.004871845535746,4.004224062217716,4.003513336391052,-0.0002788252786047235,1.979470370976344,3.0449034598412084,2.64003888607256,2.1958352444073626,-50.00348531598255
2026-04-15T15:26:40.329,4.003167152593562,4.004871845535746,4.004224062217716,4.003513336391052,-0.0002788252786047235,1.979470370976344,3.0449034598412084,2.64003888607256,2.1958352444073626,-50.00348531598255
2026-04-15T15:26:40.434,4.003167152593562,4.004871845535746,4.004224062217716,4.003513336391052,-0.0002788252786047235,1.979470370976344,3.0449034598412084,2.64003888607256,2.1958352444073626,-50.00348531598255
2026-04-15T15:26:40.540,4.003678560476217,4.005506515831144,4.004129648454764,4.002789497541755,0.006089344923813872,2.2991002976358033,3.4415723944647425,2.5810302842277366,1.7434359635970509,-49.92388318845233
2026-04-15T15:26:40.646,4.003678560476217,4.005506515831144,4.004129648454764,4.002789497541755,0.006089344923813872,2.2991002976358033,3.4415723944647425,2.5810302842277366,1.7434359635970509,-49.92388318845233
2026-04-15T15:26:40.771,4.003678560476217,4.005506515831144,4.004129648454764,4.002789497541755,0.006089344923813872,2.2991002976358033,3.4415723944647425,2.5810302842277366,1.7434359635970509,-49.92388318845233
2026-04-15T15:26:40.879,4.003269434170093,4.00452303913373,4.003555298063475,4.003329754074201,-0.002882854219859552,2.043396356308236,2.826899458581167,2.2220612896717284,2.0810962963757618,-50.036035677748245
2026-04-15T15:26:40.991,4.003269434170093,4.00452303913373,4.003555298063475,4.003329754074201,-0.002882854219859552,2.043396356308236,2.826899458581167,2.2220612896717284,2.0810962963757618,-50.036035677748245
2026-04-15T15:26:41.090,4.003269434170093,4.00452303913373,4.003555298063475,4.003329754074201,-0.002882854219859552,2.043396356308236,2.826899458581167,2.2220612896717284,2.0810962963757618,-50.036035677748245
2026-04-15T15:26:41.197,4.003822803725171,4.005409479463665,4.003557920668001,4.003285169797252,0.0076776532072943505,2.389252328232061,3.3809246647908964,2.2237004175007513,2.053231123282373,-49.90402933490882
2026-04-15T15:26:41.302,4.003822803725171,4.005409479463665,4.003557920668001,4.003285169797252,0.0076776532072943505,2.389252328232061,3.3809246647908964,2.2237004175007513,2.053231123282373,-49.90402933490882
2026-04-15T15:26:41.432,4.003822803725171,4.005409479463665,4.003557920668001,4.003285169797252,0.0076776532072943505,2.389252328232061,3.3809246647908964,2.2237004175007513,2.053231123282373,-49.90402933490882
2026-04-15T15:26:41.520,4.003041267576293,4.005732059820417,4.00425815607656,4.00292587297713,-0.0010007835892776682,1.9007922351832462,3.582537387760709,2.661347547849857,1.82867061070624,-50.01250979486597
2026-04-15T15:26:41.631,4.003041267576293,4.005732059820417,4.00425815607656,4.00292587297713,-0.0010007835892776682,1.9007922351832462,3.582537387760709,2.661347547849857,1.82867061070624,-50.01250979486597
2026-04-15T15:26:41.738,4.003041267576293,4.005732059820417,4.00425815607656,4.00292587297713,-0.0010007835892776682,1.9007922351832462,3.582537387760709,2.661347547849857,1.82867061070624,-50.01250979486597
2026-04-15T15:26:41.856,4.003413677419047,4.005225897146815,4.003424167837153,4.003390073978309,-0.00425706452155426,2.1335483869044936,3.2661857167592956,2.140104898220585,2.1187962364432877,-50.05321330651943
2026-04-15T15:26:41.957,4.003413677419047,4.005225897146815,4.003424167837153,4.003390073978309,-0.00425706452155426,2.1335483869044936,3.2661857167592956,2.140104898220585,2.1187962364432877,-50.05321330651943
2026-04-15T15:26:42.067,4.003413677419047,4.005225897146815,4.003424167837153,4.003390073978309,-0.00425706452155426,2.1335483869044936,3.2661857167592956,2.140104898220585,2.1187962364432877,-50.05321330651943
2026-04-15T15:26:42.189,4.0036497118264265,4.00554585489904,4.003641844012847,4.002933740790709,-0.0029027703111884607,2.2810698915165517,3.4661593119000855,2.276152508029483,1.8335879941933086,-50.03628462888986
2026-04-15T15:26:42.288,4.0036497118264265,4.00554585489904,4.003641844012847,4.002933740790709,-0.0029027703111884607,2.2810698915165517,3.4661593119000855,2.276152508029483,1.8335879941933086,-50.03628462888986
2026-04-15T15:26:42.393,4.0036497118264265,4.00554585489904,4.003641844012847,4.002933740790709,-0.0029027703111884607,2.2810698915165517,3.4661593119000855,2.276152508029483,1.8335879941933086,-50.03628462888986
2026-04-15T15:26:42.502,4.00288915651376,4.003851652374962,4.004247665658454,4.003098964875875,-0.0038487846493116293,1.8057228210999199,2.4072827343513126,2.6547910365337657,1.9368530474217494,-50.04810980811639
2026-04-15T15:26:42.615,4.00288915651376,4.003851652374962,4.004247665658454,4.003098964875875,-0.0038487846493116293,1.8057228210999199,2.4072827343513126,2.6547910365337657,1.9368530474217494,-50.04810980811639
2026-04-15T15:26:42.734,4.00288915651376,4.003851652374962,4.004247665658454,4.003098964875875,-0.0038487846493116293,1.8057228210999199,2.4072827343513126,2.6547910365337657,1.9368530474217494,-50.04810980811639
2026-04-15T15:26:42.843,4.003203869056932,4.004895448976484,4.004266023890139,4.003471374718629,0.001558434146487115,2.002418160582664,3.059655610302414,2.6662649313369258,2.1696091991429967,-49.98051957316891
2026-04-15T15:26:42.952,4.003203869056932,4.004895448976484,4.004266023890139,4.003471374718629,0.001558434146487115,2.002418160582664,3.059655610302414,2.6662649313369258,2.1696091991429967,-49.98051957316891
2026-04-15T15:26:43.069,4.003203869056932,4.004895448976484,4.004266023890139,4.003471374718629,0.001558434146487115,2.002418160582664,3.059655610302414,2.6662649313369258,2.1696091991429967,-49.98051957316891
2026-04-15T15:26:43.187,4.0032773019836725,4.004848242095008,4.003660202244532,4.002886533909233,-0.00824526181016825,2.0483137397953044,3.0301513093800025,2.287626402832643,1.804083693270897,-50.1030657726271
2026-04-15T15:26:43.310,4.0032773019836725,4.004848242095008,4.003660202244532,4.002886533909233,-0.00824526181016825,2.0483137397953044,3.0301513093800025,2.287626402832643,1.804083693270897,-50.1030657726271
2026-04-15T15:26:43.425,4.0032773019836725,4.004848242095008,4.003660202244532,4.002886533909233,-0.00824526181016825,2.0483137397953044,3.0301513093800025,2.287626402832643,1.804083693270897,-50.1030657726271
2026-04-15T15:26:43.530,4.0036497118264265,4.004696131032475,4.004549265178995,4.002786874937229,-0.007294268449212855,2.2810698915165517,2.935081895296676,2.8432907368719507,1.741796835768028,-50.09117835561516
2026-04-15T15:26:43.625,4.0036497118264265,4.004696131032475,4.004549265178995,4.002786874937229,-0.007294268449212855,2.2810698915165517,2.935081895296676,2.8432907368719507,1.741796835768028,-50.09117835561516
2026-04-15T15:26:43.761,4.0036497118264265,4.004696131032475,4.004549265178995,4.002786874937229,-0.007294268449212855,2.2810698915165517,2.935081895296676,2.8432907368719507,1.741796835768028,-50.09117835561516
2026-04-15T15:26:43.870,4.003387451373783,4.0053858760229275,4.004620075501208,4.002876043491128,-2.4895114161136024e-05,2.117157108614265,3.3661725143296906,2.887547188255013,1.7975271819548055,-50.000311188927014
2026-04-15T15:26:43.965,4.003387451373783,4.0053858760229275,4.004620075501208,4.002876043491128,-2.4895114161136024e-05,2.117157108614265,3.3661725143296906,2.887547188255013,1.7975271819548055,-50.000311188927014
2026-04-15T15:26:44.075,4.003387451373783,4.0053858760229275,4.004620075501208,4.002876043491128,-2.4895114161136024e-05,2.117157108614265,3.3661725143296906,2.887547188255013,1.7975271819548055,-50.000311188927014
2026-04-15T15:26:44.190,4.003098964875875,4.005233764960394,4.0042502882629805,4.002849817445863,-0.00041325889507485804,1.9368530474217494,3.271103100246364,2.6564301643627886,1.7811359036645769,-50.00516573618844
2026-04-15T15:26:44.297,4.003098964875875,4.005233764960394,4.0042502882629805,4.002849817445863,-0.00041325889507485804,1.9368530474217494,3.271103100246364,2.6564301643627886,1.7811359036645769,-50.00516573618844
2026-04-15T15:26:44.402,4.003098964875875,4.005233764960394,4.0042502882629805,4.002849817445863,-0.00041325889507485804,1.9368530474217494,3.271103100246364,2.6564301643627886,1.7811359036645769,-50.00516573618844
2026-04-15T15:26:44.526,4.003185510825247,4.004761696145636,4.003961801765072,4.002684593360698,-0.0013393571418691182,1.990944265779504,2.976060091022248,2.476126103170273,1.6778708504361362,-50.01674196427336
2026-04-15T15:26:44.623,4.003185510825247,4.004761696145636,4.003961801765072,4.002684593360698,-0.0013393571418691182,1.990944265779504,2.976060091022248,2.476126103170273,1.6778708504361362,-50.01674196427336
2026-04-15T15:26:44.720,4.003185510825247,4.004761696145636,4.003961801765072,4.002684593360698,-0.0013393571418691182,1.990944265779504,2.976060091022248,2.476126103170273,1.6778708504361362,-50.01674196427336
2026-04-15T15:26:44.842,4.002598047411325,4.005050182643544,4.004024744273707,4.003051757994399,-0.0010107416349421224,1.6237796320783815,3.1563641522147634,2.515465171066822,1.9073487464993377,-50.01263427043677
2026-04-15T15:26:44.968,4.002598047411325,4.005050182643544,4.004024744273707,4.003051757994399,-0.0010107416349421224,1.6237796320783815,3.1563641522147634,2.515465171066822,1.9073487464993377,-50.01263427043677
2026-04-15T15:26:45.047,4.002598047411325,4.005050182643544,4.004024744273707,4.003051757994399,-0.0010107416349421224,1.6237796320783815,3.1563641522147634,2.515465171066822,1.9073487464993377,-50.01263427043677
2026-04-15T15:26:45.170,4.003245830729355,4.005456686345141,4.0041034224095,4.00269770638333,-0.007936562394570166,2.02864420584703,3.410428965713308,2.564639005937508,1.6860664895812505,-50.099207029932124
2026-04-15T15:26:45.266,4.003245830729355,4.005456686345141,4.0041034224095,4.00269770638333,-0.007936562394570166,2.02864420584703,3.410428965713308,2.564639005937508,1.6860664895812505,-50.099207029932124
2026-04-15T15:26:45.381,4.003245830729355,4.005456686345141,4.0041034224095,4.00269770638333,-0.007936562394570166,2.02864420584703,3.410428965713308,2.564639005937508,1.6860664895812505,-50.099207029932124
2026-04-15T15:26:45.495,4.003350734910413,4.005042314829964,4.004100799804974,4.002797365355335,-0.009649346248856324,2.0942093190079447,3.151446768727695,2.562999878108485,1.7483533470841195,-50.12061682811071
2026-04-15T15:26:45.593,4.003350734910413,4.005042314829964,4.004100799804974,4.002797365355335,-0.009649346248856324,2.0942093190079447,3.151446768727695,2.562999878108485,1.7483533470841195,-50.12061682811071
2026-04-15T15:26:45.710,4.003350734910413,4.005042314829964,4.004100799804974,4.002797365355335,-0.009649346248856324,2.0942093190079447,3.151446768727695,2.562999878108485,1.7483533470841195,-50.12061682811071
2026-04-15T15:26:45.814,4.003104210084929,4.005081653897861,4.004224062217716,4.00243282332616,-0.004889400421247115,1.9401313030803502,3.176033686163038,2.64003888607256,1.5205145788499408,-50.061117505265585
2026-04-15T15:26:45.922,4.003104210084929,4.005081653897861,4.004224062217716,4.00243282332616,-0.004889400421247115,1.9401313030803502,3.176033686163038,2.64003888607256,1.5205145788499408,-50.061117505265585
2026-04-15T15:26:46.037,4.003104210084929,4.005081653897861,4.004224062217716,4.00243282332616,-0.004889400421247115,1.9401313030803502,3.176033686163038,2.64003888607256,1.5205145788499408,-50.061117505265585
2026-04-15T15:26:46.141,4.003479242532208,4.004976749716803,4.003639221408321,4.0034189226281,-0.008474296860450703,2.1745265826300653,3.110468573002123,2.2745133802004602,2.1368266425625393,-50.105928710755634
2026-04-15T15:26:46.250,4.003479242532208,4.004976749716803,4.003639221408321,4.0034189226281,-0.008474296860450703,2.1745265826300653,3.110468573002123,2.2745133802004602,2.1368266425625393,-50.105928710755634
2026-04-15T15:26:46.371,4.003479242532208,4.004976749716803,4.003639221408321,4.0034189226281,-0.008474296860450703,2.1745265826300653,3.110468573002123,2.2745133802004602,2.1368266425625393,-50.105928710755634
2026-04-15T15:26:46.469,4.003340244492307,4.004916429812695,4.003935575719808,4.002975702463132,-0.0010605318632643946,2.0876528076918532,3.072768632934597,2.4597348248800444,1.8598140394576745,-50.013256648290806
2026-04-15T15:26:46.577,4.003340244492307,4.004916429812695,4.003935575719808,4.002975702463132,-0.0010605318632643946,2.0876528076918532,3.072768632934597,2.4597348248800444,1.8598140394576745,-50.013256648290806
2026-04-15T15:26:46.702,4.003340244492307,4.004916429812695,4.003935575719808,4.002975702463132,-0.0010605318632643946,2.0876528076918532,3.072768632934597,2.4597348248800444,1.8598140394576745,-50.013256648290806
2026-04-15T15:26:46.830,4.00330090542441,4.004745960518477,4.004234552635822,4.002645254292801,-0.004660365370964664,2.06306589025651,2.9662253240481107,2.6465953973886513,1.6532839330007931,-50.05825456713706
2026-04-15T15:26:46.957,4.00330090542441,4.004745960518477,4.004234552635822,4.002645254292801,-0.004660365370964664,2.06306589025651,2.9662253240481107,2.6465953973886513,1.6532839330007931,-50.05825456713706
2026-04-15T15:26:47.062,4.00330090542441,4.004745960518477,4.004234552635822,4.002645254292801,-0.004660365370964664,2.06306589025651,2.9662253240481107,2.6465953973886513,1.6532839330007931,-50.05825456713706
2026-04-15T15:26:47.179,4.003400564396415,4.004926920230801,4.00399327301939,4.003114700503033,0.0005128393517194022,2.125352747759379,3.0793251442506886,2.4957956371185475,1.9466878143958866,-49.99358950810351
2026-04-15T15:26:47.296,4.003400564396415,4.004926920230801,4.00399327301939,4.003114700503033,0.0005128393517194022,2.125352747759379,3.0793251442506886,2.4957956371185475,1.9466878143958866,-49.99358950810351
2026-04-15T15:26:47.389,4.003400564396415,4.004926920230801,4.00399327301939,4.003114700503033,0.0005128393517194022,2.125352747759379,3.0793251442506886,2.4957956371185475,1.9466878143958866,-49.99358950810351
2026-04-15T15:26:47.503,4.003741502984852,4.004992485343962,4.003969669578652,4.00246953978953,0.0014787697811714797,2.338439365532352,3.1203033399762603,2.4810434866573416,1.543462368456261,-49.981515377735356
2026-04-15T15:26:47.610,4.003741502984852,4.004992485343962,4.003969669578652,4.00246953978953,0.0014787697811714797,2.338439365532352,3.1203033399762603,2.4810434866573416,1.543462368456261,-49.981515377735356
2026-04-15T15:26:47.717,4.003741502984852,4.004992485343962,4.003969669578652,4.00246953978953,0.0014787697811714797,2.338439365532352,3.1203033399762603,2.4810434866573416,1.543462368456261,-49.981515377735356
2026-04-15T15:26:47.827,4.003531694622737,4.004722357077739,4.0039381983243345,4.00322747249767,-0.005676086028739014,2.2073091392105226,2.951473173586905,2.4613739527090672,2.01717031104387,-50.07095107535924
2026-04-15T15:26:47.937,4.003531694622737,4.004722357077739,4.0039381983243345,4.00322747249767,-0.005676086028739014,2.2073091392105226,2.951473173586905,2.4613739527090672,2.01717031104387,-50.07095107535924
2026-04-15T15:26:48.031,4.003531694622737,4.004722357077739,4.0039381983243345,4.00322747249767,-0.005676086028739014,2.2073091392105226,2.951473173586905,2.4613739527090672,2.01717031104387,-50.07095107535924
2026-04-15T15:26:48.153,4.003416300023574,4.004874468140272,4.003914594883597,4.002595424806799,0.0009111611782975785,2.1351875147335164,3.0465425876702312,2.4466218022478614,1.6221405042493586,-49.98861048527128
2026-04-15T15:26:48.264,4.003416300023574,4.004874468140272,4.003914594883597,4.002595424806799,0.0009111611782975785,2.1351875147335164,3.0465425876702312,2.4466218022478614,1.6221405042493586,-49.98861048527128
2026-04-15T15:26:48.375,4.003416300023574,4.004874468140272,4.003914594883597,4.002595424806799,0.0009111611782975785,2.1351875147335164,3.0465425876702312,2.4466218022478614,1.6221405042493586,-49.98861048527128
2026-04-15T15:26:48.481,4.002841949632284,4.005359649977663,4.004179477940767,4.0026767255471185,-0.006203862448955097,1.7762185201775083,3.349781236039462,2.612173712979171,1.6729534669490675,-50.077548280611936
2026-04-15T15:26:48.604,4.002841949632284,4.005359649977663,4.004179477940767,4.0026767255471185,-0.006203862448955097,1.7762185201775083,3.349781236039462,2.612173712979171,1.6729534669490675,-50.077548280611936
2026-04-15T15:26:48.704,4.002841949632284,4.005359649977663,4.004179477940767,4.0026767255471185,-0.006203862448955097,1.7762185201775083,3.349781236039462,2.612173712979171,1.6729534669490675,-50.077548280611936
2026-04-15T15:26:48.810,4.002401352071843,4.004321098585194,4.004224062217716,4.003211736870512,0.005327554430483109,1.5008450449016664,2.700686615746406,2.64003888607256,2.0073355440697327,-49.93340556961896
2026-04-15T15:26:48.920,4.002401352071843,4.004321098585194,4.004224062217716,4.003211736870512,0.005327554430483109,1.5008450449016664,2.700686615746406,2.64003888607256,2.0073355440697327,-49.93340556961896
2026-04-15T15:26:49.026,4.002401352071843,4.004321098585194,4.004224062217716,4.003211736870512,0.005327554430483109,1.5008450449016664,2.700686615746406,2.64003888607256,2.0073355440697327,-49.93340556961896
2026-04-15T15:26:49.135,4.0039198400926495,4.004612207687629,4.003657579640006,4.002251863613836,0.0035848964392035873,2.449900057905907,2.8826298047679444,2.2859872750036203,1.4074147586473629,-49.95518879450995
2026-04-15T15:26:49.244,4.0039198400926495,4.004612207687629,4.003657579640006,4.002251863613836,0.0035848964392035873,2.449900057905907,2.8826298047679444,2.2859872750036203,1.4074147586473629,-49.95518879450995
2026-04-15T15:26:49.352,4.0039198400926495,4.004612207687629,4.003657579640006,4.002251863613836,0.0035848964392035873,2.449900057905907,2.8826298047679444,2.2859872750036203,1.4074147586473629,-49.95518879450995
2026-04-15T15:26:49.462,4.004216194404137,4.005210161519656,4.004182100545293,4.002742290660279,-0.0005277764202160837,2.6351215025854913,3.2563509497851584,2.613812840808194,1.7139316626746393,-50.0065972052527
2026-04-15T15:26:49.597,4.004216194404137,4.005210161519656,4.004182100545293,4.002742290660279,-0.0005277764202160837,2.6351215025854913,3.2563509497851584,2.613812840808194,1.7139316626746393,-50.0065972052527
2026-04-15T15:26:49.691,4.004216194404137,4.005210161519656,4.004182100545293,4.002742290660279,-0.0005277764202160837,2.6351215025854913,3.2563509497851584,2.613812840808194,1.7139316626746393,-50.0065972052527
2026-04-15T15:26:49.805,4.002212524545939,4.005396366441033,4.0041060450140264,4.0022203923595185,0.008439443700625111,1.3828278412120198,3.372729025645782,2.566278133766531,1.3877452246990885,-49.89450695374219
2026-04-15T15:26:49.909,4.002212524545939,4.005396366441033,4.0041060450140264,4.0022203923595185,0.008439443700625111,1.3828278412120198,3.372729025645782,2.566278133766531,1.3877452246990885,-49.89450695374219
2026-04-15T15:26:50.013,4.002212524545939,4.005396366441033,4.0041060450140264,4.0022203923595185,0.008439443700625111,1.3828278412120198,3.372729025645782,2.566278133766531,1.3877452246990885,-49.89450695374219
2026-04-15T15:26:50.120,4.003738880380325,4.005265236214712,4.0037336351712725,4.00352907201821,0.0015783502378160239,2.3368002377033292,3.2907726341951937,2.3335219820452835,2.2056700113814998,-49.9802706220273
2026-04-15T15:26:50.230,4.003738880380325,4.005265236214712,4.0037336351712725,4.00352907201821,0.0015783502378160239,2.3368002377033292,3.2907726341951937,2.3335219820452835,2.2056700113814998,-49.9802706220273
2026-04-15T15:26:50.339,4.003738880380325,4.005265236214712,4.0037336351712725,4.00352907201821,0.0015783502378160239,2.3368002377033292,3.2907726341951937,2.3335219820452835,2.2056700113814998,-49.9802706220273
2026-04-15T15:26:50.449,4.003780842052748,4.004281759517299,4.004260778681086,4.00345563909147,0.015479781985394382,2.363026282967695,2.676099698311618,2.66298667567888,2.1597744321688594,-49.806502725182575
2026-04-15T15:26:50.561,4.003780842052748,4.004281759517299,4.004260778681086,4.00345563909147,0.015479781985394382,2.363026282967695,2.676099698311618,2.66298667567888,2.1597744321688594,-49.806502725182575
2026-04-15T15:26:50.668,4.003780842052748,4.004281759517299,4.004260778681086,4.00345563909147,0.015479781985394382,2.363026282967695,2.676099698311618,2.66298667567888,2.1597744321688594,-49.806502725182575
2026-04-15T15:26:50.776,4.003969669578652,4.00535440476861,4.004024744273707,4.002789497541755,0.0007916646303241257,2.4810434866573416,3.346502980381416,2.515465171066822,1.7434359635970509,-49.990104192120945
2026-04-15T15:26:50.885,4.003969669578652,4.00535440476861,4.004024744273707,4.002789497541755,0.0007916646303241257,2.4810434866573416,3.346502980381416,2.515465171066822,1.7434359635970509,-49.990104192120945
2026-04-15T15:26:50.994,4.003969669578652,4.00535440476861,4.004024744273707,4.002789497541755,0.0007916646303241257,2.4810434866573416,3.346502980381416,2.515465171066822,1.7434359635970509,-49.990104192120945
2026-04-15T15:26:51.106,4.002957344231447,4.004439115788884,4.003780842052748,4.003112077898507,0.017336957501815128,1.8483401446545145,2.774447368052435,2.363026282967695,1.9450486865668637,-49.783288031227315
2026-04-15T15:26:51.214,4.002957344231447,4.004439115788884,4.003780842052748,4.003112077898507,0.017336957501815128,1.8483401446545145,2.774447368052435,2.363026282967695,1.9450486865668637,-49.783288031227315
2026-04-15T15:26:51.321,4.002957344231447,4.004439115788884,4.003780842052748,4.003112077898507,0.017336957501815128,1.8483401446545145,2.774447368052435,2.363026282967695,1.9450486865668637,-49.783288031227315
2026-04-15T15:26:51.429,4.003038644971767,4.004696131032475,4.004079818968762,4.002805233168914,0.013508088943832408,1.8991531073542234,2.935081895296676,2.549886855476302,1.753270730571188,-49.831148888202094
2026-04-15T15:26:51.538,4.003038644971767,4.004696131032475,4.004079818968762,4.002805233168914,0.013508088943832408,1.8991531073542234,2.935081895296676,2.549886855476302,1.753270730571188,-49.831148888202094
2026-04-15T15:26:51.663,4.003038644971767,4.004696131032475,4.004079818968762,4.002805233168914,0.013508088943832408,1.8991531073542234,2.935081895296676,2.549886855476302,1.753270730571188,-49.831148888202094
2026-04-15T15:26:51.765,4.003429413046206,4.004302740353509,4.004129648454764,4.003143549152824,0.003136784384303139,2.1433831538786308,2.689212720943246,2.5810302842277366,1.9647182205151381,-49.96079019519621
2026-04-15T15:26:51.894,4.003429413046206,4.004302740353509,4.004129648454764,4.003143549152824,0.003136784384303139,2.1433831538786308,2.689212720943246,2.5810302842277366,1.9647182205151381,-49.96079019519621
2026-04-15T15:26:51.984,4.003429413046206,4.004302740353509,4.004129648454764,4.003143549152824,0.003136784384303139,2.1433831538786308,2.689212720943246,2.5810302842277366,1.9647182205151381,-49.96079019519621
2026-04-15T15:26:52.099,4.00380182288896,4.005826473583369,4.003731012566746,4.0031514169664035,0.006263610722941824,2.376139305599878,3.6415459896055324,2.3318828542162606,1.9696356040022067,-49.92170486596323
2026-04-15T15:26:52.191,4.00380182288896,4.005826473583369,4.003731012566746,4.0031514169664035,0.006263610722941824,2.376139305599878,3.6415459896055324,2.3318828542162606,1.9696356040022067,-49.92170486596323
2026-04-15T15:26:52.308,4.00380182288896,4.005826473583369,4.003731012566746,4.0031514169664035,0.006263610722941824,2.376139305599878,3.6415459896055324,2.3318828542162606,1.9696356040022067,-49.92170486596323
2026-04-15T15:26:52.410,4.003138303943771,4.0049295428353275,4.004137516268344,4.002666235129013,0.0052727851793286104,1.9614399648570924,3.0809642720797115,2.585947667714805,1.666396955632976,-49.93409018525839
2026-04-15T15:26:52.523,4.003138303943771,4.0049295428353275,4.004137516268344,4.002666235129013,0.0052727851793286104,1.9614399648570924,3.0809642720797115,2.585947667714805,1.666396955632976,-49.93409018525839
2026-04-15T15:26:52.630,4.003138303943771,4.0049295428353275,4.004137516268344,4.002666235129013,0.0052727851793286104,1.9614399648570924,3.0809642720797115,2.585947667714805,1.666396955632976,-49.93409018525839
2026-04-15T15:26:52.740,4.002529859693638,4.004452228811516,4.003888368838332,4.002668857733539,0.003769120283995994,1.581162308523787,2.7826430071975494,2.4302305239576327,1.668036083461999,-49.95288599645005
2026-04-15T15:26:52.848,4.002529859693638,4.004452228811516,4.003888368838332,4.002668857733539,0.003769120283995994,1.581162308523787,2.7826430071975494,2.4302305239576327,1.668036083461999,-49.95288599645005
2026-04-15T15:26:52.958,4.002529859693638,4.004452228811516,4.003888368838332,4.002668857733539,0.003769120283995994,1.581162308523787,2.7826430071975494,2.4302305239576327,1.668036083461999,-49.95288599645005
2026-04-15T15:26:53.067,4.002674102942592,4.005000353157541,4.0041244032457115,4.002674102942592,-0.003659581781686996,1.6713143391200447,3.125220723463329,2.577752028569691,1.6713143391200447,-50.045744772271085
2026-04-15T15:26:53.176,4.002674102942592,4.005000353157541,4.0041244032457115,4.002674102942592,-0.003659581781686996,1.6713143391200447,3.125220723463329,2.577752028569691,1.6713143391200447,-50.045744772271085
2026-04-15T15:26:53.285,4.002674102942592,4.005000353157541,4.0041244032457115,4.002674102942592,-0.003659581781686996,1.6713143391200447,3.125220723463329,2.577752028569691,1.6713143391200447,-50.045744772271085
2026-04-15T15:26:53.395,4.003405809605468,4.004738092704898,4.004037857296339,4.002236127986677,8.962241098008969e-05,2.128631003417425,2.961307940561042,2.5236608102119362,1.3975799916732257,-49.99887971986275
2026-04-15T15:26:53.504,4.003405809605468,4.004738092704898,4.004037857296339,4.002236127986677,8.962241098008969e-05,2.128631003417425,2.961307940561042,2.5236608102119362,1.3975799916732257,-49.99887971986275
2026-04-15T15:26:53.614,4.003405809605468,4.004738092704898,4.004037857296339,4.002236127986677,8.962241098008969e-05,2.128631003417425,2.961307940561042,2.5236608102119362,1.3975799916732257,-49.99887971986275
2026-04-15T15:26:53.723,4.0028026105643875,4.004672527591737,4.004011631251075,4.0032169820795644,0.004147526019245262,1.7516316027421652,2.9203297448354704,2.5072695319217075,2.0106137997277784,-49.94815592475943
2026-04-15T15:26:53.831,4.0028026105643875,4.004672527591737,4.004011631251075,4.0032169820795644,0.004147526019245262,1.7516316027421652,2.9203297448354704,2.5072695319217075,2.0106137997277784,-49.94815592475943
2026-04-15T15:26:53.940,4.0028026105643875,4.004672527591737,4.004011631251075,4.0032169820795644,0.004147526019245262,1.7516316027421652,2.9203297448354704,2.5072695319217075,2.0106137997277784,-49.94815592475943
2026-04-15T15:26:54.050,4.003473997323155,4.004635811128367,4.0042266848222425,4.00269770638333,0.00046304912339713007,2.1712483269720195,2.89738195522915,2.6416780139015827,1.6860664895812505,-49.99421188595753
2026-04-15T15:26:54.160,4.003473997323155,4.004635811128367,4.0042266848222425,4.00269770638333,0.00046304912339713007,2.1712483269720195,2.89738195522915,2.6416780139015827,1.6860664895812505,-49.99421188595753
2026-04-15T15:26:54.269,4.003473997323155,4.004635811128367,4.0042266848222425,4.00269770638333,0.00046304912339713007,2.1712483269720195,2.89738195522915,2.6416780139015827,1.6860664895812505,-49.99421188595753
2026-04-15T15:26:54.380,4.002834081818705,4.005246877983026,4.004192590963399,4.003169775198089,0.006044533718323827,1.7713011366904396,3.2792987393914785,2.6203693521242855,1.9811094988053668,-49.92444332852095
2026-04-15T15:26:54.488,4.002834081818705,4.005246877983026,4.004192590963399,4.003169775198089,0.006044533718323827,1.7713011366904396,3.2792987393914785,2.6203693521242855,1.9811094988053668,-49.92444332852095
2026-04-15T15:26:54.598,4.002834081818705,4.005246877983026,4.004192590963399,4.003169775198089,0.006044533718323827,1.7713011366904396,3.2792987393914785,2.6203693521242855,1.9811094988053668,-49.92444332852095
2026-04-15T15:26:54.708,4.003209114265985,4.005265236214712,4.004111290223079,4.002786874937229,-0.005252869087999701,2.00569641624071,3.2907726341951937,2.5695563894245765,1.741796835768028,-50.065660863599994
2026-04-15T15:26:54.818,4.003209114265985,4.005265236214712,4.004111290223079,4.002786874937229,-0.005252869087999701,2.00569641624071,3.2907726341951937,2.5695563894245765,1.741796835768028,-50.065660863599994
2026-04-15T15:26:54.926,4.003209114265985,4.005265236214712,4.004111290223079,4.002786874937229,-0.005252869087999701,2.00569641624071,3.2907726341951937,2.5695563894245765,1.741796835768028,-50.065660863599994
2026-04-15T15:26:55.033,4.0033612253285185,4.004842996885955,4.004197836172452,4.003437280859785,0.002474574347616921,2.100765830324036,3.026873053721957,2.623647607782331,2.1483005373656994,-49.969067820654786
2026-04-15T15:26:55.142,4.0033612253285185,4.004842996885955,4.004197836172452,4.003437280859785,0.002474574347616921,2.100765830324036,3.026873053721957,2.623647607782331,2.1483005373656994,-49.969067820654786
2026-04-15T15:26:55.253,4.0033612253285185,4.004842996885955,4.004197836172452,4.003437280859785,0.002474574347616921,2.100765830324036,3.026873053721957,2.623647607782331,2.1483005373656994,-49.969067820654786
2026-04-15T15:26:55.360,4.003363847933045,4.005270481423764,4.004216194404137,4.002742290660279,-0.004147526019245262,2.102404958153059,3.2940508898526843,2.6351215025854913,1.7139316626746393,-50.05184407524057
2026-04-15T15:26:55.468,4.003363847933045,4.005270481423764,4.004216194404137,4.002742290660279,-0.004147526019245262,2.102404958153059,3.2940508898526843,2.6351215025854913,1.7139316626746393,-50.05184407524057
2026-04-15T15:26:55.577,4.003363847933045,4.005270481423764,4.004216194404137,4.002742290660279,-0.004147526019245262,2.102404958153059,3.2940508898526843,2.6351215025854913,1.7139316626746393,-50.05184407524057
2026-04-15T15:26:55.686,4.003408432209994,4.004418134952672,4.004323721189721,4.0025324822981645,-0.0042321694073931245,2.130270131246448,2.761334345420252,2.702325743575429,1.5828014363528098,-50.05290211759241
2026-04-15T15:26:55.796,4.003408432209994,4.004418134952672,4.004323721189721,4.0025324822981645,-0.0042321694073931245,2.130270131246448,2.761334345420252,2.702325743575429,1.5828014363528098,-50.05290211759241
2026-04-15T15:26:55.907,4.003408432209994,4.004418134952672,4.004323721189721,4.0025324822981645,-0.0042321694073931245,2.130270131246448,2.761334345420252,2.702325743575429,1.5828014363528098,-50.05290211759241
2026-04-15T15:26:56.016,4.002957344231447,4.004958391485118,4.003890991442859,4.0023043157043645,-0.007548198613656443,1.8483401446545145,3.098994678198963,2.4318696517866556,1.4401973152278202,-50.0943524826707
2026-04-15T15:26:56.125,4.002957344231447,4.004958391485118,4.003890991442859,4.0023043157043645,-0.007548198613656443,1.8483401446545145,3.098994678198963,2.4318696517866556,1.4401973152278202,-50.0943524826707
2026-04-15T15:26:56.235,4.002957344231447,4.004958391485118,4.003890991442859,4.0023043157043645,-0.007548198613656443,1.8483401446545145,3.098994678198963,2.4318696517866556,1.4401973152278202,-50.0943524826707
2026-04-15T15:26:56.343,4.003332376678728,4.005102634734072,4.004161119709082,4.002702951592383,-0.0035400852337135425,2.0827354242047846,3.1891467087952208,2.600699818176011,1.6893447452392962,-50.04425106542142
2026-04-15T15:26:56.452,4.003332376678728,4.005102634734072,4.004161119709082,4.002702951592383,-0.0035400852337135425,2.0827354242047846,3.1891467087952208,2.600699818176011,1.6893447452392962,-50.04425106542142
2026-04-15T15:26:56.562,4.003332376678728,4.005102634734072,4.004161119709082,4.002702951592383,-0.0035400852337135425,2.0827354242047846,3.1891467087952208,2.600699818176011,1.6893447452392962,-50.04425106542142
2026-04-15T15:26:56.670,4.0030307771581874,4.004856109908587,4.003914594883597,4.002873420886601,-0.0016679726487961136,1.8942357238671548,3.035068692867071,2.4466218022478614,1.7958880541257827,-50.02084965810995
2026-04-15T15:26:56.793,4.0030307771581874,4.004856109908587,4.003914594883597,4.002873420886601,-0.0016679726487961136,1.8942357238671548,3.035068692867071,2.4466218022478614,1.7958880541257827,-50.02084965810995
2026-04-15T15:26:56.889,4.0030307771581874,4.004856109908587,4.003914594883597,4.002873420886601,-0.0016679726487961136,1.8942357238671548,3.035068692867071,2.4466218022478614,1.7958880541257827,-50.02084965810995
2026-04-15T15:26:57.013,4.003088474457769,4.005005598366594,4.0040640833416035,4.003778219448222,0.0007916646303241257,1.9302965361056579,3.1284989791213746,2.540052088502165,2.3613871551386723,-49.990104192120945
2026-04-15T15:26:57.122,4.003088474457769,4.005005598366594,4.0040640833416035,4.003778219448222,0.0007916646303241257,1.9302965361056579,3.1284989791213746,2.540052088502165,2.3613871551386723,-49.990104192120945
2026-04-15T15:26:57.232,4.003088474457769,4.005005598366594,4.0040640833416035,4.003778219448222,0.0007916646303241257,1.9302965361056579,3.1284989791213746,2.540052088502165,2.3613871551386723,-49.990104192120945
2026-04-15T15:26:57.341,4.003243208124829,4.004685640614369,4.0042083265905575,4.002403974676369,-0.00160324535197716,2.027005078018007,2.9285253839805847,2.6302041190984227,1.5024841727306892,-50.020040566899716
2026-04-15T15:26:57.449,4.003243208124829,4.004685640614369,4.0042083265905575,4.002403974676369,-0.00160324535197716,2.027005078018007,2.9285253839805847,2.6302041190984227,1.5024841727306892,-50.020040566899716
2026-04-15T15:26:57.557,4.003243208124829,4.004685640614369,4.0042083265905575,4.002403974676369,-0.00160324535197716,2.027005078018007,2.9285253839805847,2.6302041190984227,1.5024841727306892,-50.020040566899716
2026-04-15T15:26:57.665,4.002655744710907,4.00493478804438,4.004273891703718,4.003138303943771,-0.015325432277595337,1.6598404443168846,3.084242527737757,2.6711823148239944,1.9614399648570924,-50.191567903469945
2026-04-15T15:26:57.775,4.002655744710907,4.00493478804438,4.004273891703718,4.003138303943771,-0.015325432277595337,1.6598404443168846,3.084242527737757,2.6711823148239944,1.9614399648570924,-50.191567903469945
2026-04-15T15:26:57.885,4.002655744710907,4.00493478804438,4.004273891703718,4.003138303943771,-0.015325432277595337,1.6598404443168846,3.084242527737757,2.6711823148239944,1.9614399648570924,-50.191567903469945
2026-04-15T15:26:57.993,4.002891779118286,4.005094766920493,4.003982782601284,4.002674102942592,-0.003813931489486039,1.8073619489289428,3.184229325308152,2.489239125802456,1.6713143391200447,-50.04767414361857
2026-04-15T15:26:58.103,4.002891779118286,4.005094766920493,4.003982782601284,4.002674102942592,-0.003813931489486039,1.8073619489289428,3.184229325308152,2.489239125802456,1.6713143391200447,-50.04767414361857
2026-04-15T15:26:58.211,4.002891779118286,4.005094766920493,4.003982782601284,4.002674102942592,-0.003813931489486039,1.8073619489289428,3.184229325308152,2.489239125802456,1.6713143391200447,-50.04767414361857
2026-04-15T15:26:58.319,4.003571033690633,4.004606962478576,4.004313230771615,4.003020286740082,-0.012099025482312108,2.2318960566458657,2.8793515491098987,2.6957692322593374,1.8876792125510633,-50.151237818528905
2026-04-15T15:26:58.429,4.003571033690633,4.004606962478576,4.004313230771615,4.003020286740082,-0.012099025482312108,2.2318960566458657,2.8793515491098987,2.6957692322593374,1.8876792125510633,-50.151237818528905
2026-04-15T15:26:58.538,4.003571033690633,4.004606962478576,4.004313230771615,4.003020286740082,-0.012099025482312108,2.2318960566458657,2.8793515491098987,2.6957692322593374,1.8876792125510633,-50.151237818528905
2026-04-15T15:26:58.646,4.003694296103376,4.004685640614369,4.004318475980668,4.002603292620378,-0.0010655108860966218,2.3089350646099405,2.9285253839805847,2.699047487917383,1.6270578877364272,-50.013318886076206
2026-04-15T15:26:58.754,4.003694296103376,4.004685640614369,4.004318475980668,4.002603292620378,-0.0010655108860966218,2.3089350646099405,2.9285253839805847,2.699047487917383,1.6270578877364272,-50.013318886076206
2026-04-15T15:26:58.863,4.003694296103376,4.004685640614369,4.004318475980668,4.002603292620378,-0.0010655108860966218,2.3089350646099405,2.9285253839805847,2.699047487917383,1.6270578877364272,-50.013318886076206
2026-04-15T15:26:58.972,4.003279924588199,4.004937410648908,4.0035238268091575,4.003046512785346,0.0016132033976416144,2.0499528676243273,3.085881655567335,2.202391755723454,1.904070490841292,-49.97983495752948
2026-04-15T15:26:59.080,4.003279924588199,4.004937410648908,4.0035238268091575,4.003046512785346,0.0016132033976416144,2.0499528676243273,3.085881655567335,2.202391755723454,1.904070490841292,-49.97983495752948
2026-04-15T15:26:59.190,4.003279924588199,4.004937410648908,4.0035238268091575,4.003046512785346,0.0016132033976416144,2.0499528676243273,3.085881655567335,2.202391755723454,1.904070490841292,-49.97983495752948
2026-04-15T15:26:59.298,4.002553463134376,4.004874468140272,4.004334211607826,4.002514124066479,0.0021160847036965622,1.5959144589849927,3.0465425876702312,2.7088822548915203,1.5713275415496497,-49.973548941203795
2026-04-15T15:26:59.408,4.002553463134376,4.004874468140272,4.004334211607826,4.002514124066479,0.0021160847036965622,1.5959144589849927,3.0465425876702312,2.7088822548915203,1.5713275415496497,-49.973548941203795
2026-04-15T15:26:59.516,4.002553463134376,4.004874468140272,4.004334211607826,4.002514124066479,0.0021160847036965622,1.5959144589849927,3.0465425876702312,2.7088822548915203,1.5713275415496497,-49.973548941203795
2026-04-15T15:26:59.626,4.003135681339245,4.004837751676902,4.004502058297518,4.002912759954498,-0.002270434411495606,1.9598008370280695,3.023594798063911,2.813786435948984,1.8204749715611257,-50.02838043014369
2026-04-15T15:26:59.736,4.003135681339245,4.004837751676902,4.004502058297518,4.002912759954498,-0.002270434411495606,1.9598008370280695,3.023594798063911,2.813786435948984,1.8204749715611257,-50.02838043014369
2026-04-15T15:26:59.846,4.003135681339245,4.004837751676902,4.004502058297518,4.002912759954498,-0.002270434411495606,1.9598008370280695,3.023594798063911,2.813786435948984,1.8204749715611257,-50.02838043014369
2026-04-15T15:26:59.953,4.004397154116461,4.005189180683445,4.00466990498721,4.003138303943771,0.0020911895895354264,2.748221322788069,3.2432379271529754,2.9186906170064475,1.9614399648570924,-49.97386013013081
2026-04-15T15:27:00.063,4.004397154116461,4.005189180683445,4.00466990498721,4.003138303943771,0.0020911895895354264,2.748221322788069,3.2432379271529754,2.9186906170064475,1.9614399648570924,-49.97386013013081
2026-04-15T15:27:00.171,4.004397154116461,4.005189180683445,4.00466990498721,4.003138303943771,0.0020911895895354264,2.748221322788069,3.2432379271529754,2.9186906170064475,1.9614399648570924,-49.97386013013081
2026-04-15T15:27:00.280,4.004037857296339,4.005155086824601,4.004163742313608,4.003211736870512,0.005999722512833781,2.5236608102119362,3.221929265375678,2.602338946005034,2.0073355440697327,-49.92500346858958
2026-04-15T15:27:00.389,4.004037857296339,4.005155086824601,4.004163742313608,4.003211736870512,0.005999722512833781,2.5236608102119362,3.221929265375678,2.602338946005034,2.0073355440697327,-49.92500346858958
2026-04-15T15:27:00.513,4.004037857296339,4.005155086824601,4.004163742313608,4.003211736870512,0.005999722512833781,2.5236608102119362,3.221929265375678,2.602338946005034,2.0073355440697327,-49.92500346858958
2026-04-15T15:27:00.622,4.003119945712086,4.005068540875229,4.004100799804974,4.002626896061116,-0.0052927012706575184,1.9499660700539323,3.1678380470179235,2.562999878108485,1.641810038197633,-50.066158765883216
2026-04-15T15:27:00.732,4.003119945712086,4.005068540875229,4.004100799804974,4.002626896061116,-0.0052927012706575184,1.9499660700539323,3.1678380470179235,2.562999878108485,1.641810038197633,-50.066158765883216
2026-04-15T15:27:00.827,4.003119945712086,4.005068540875229,4.004100799804974,4.002626896061116,-0.0052927012706575184,1.9499660700539323,3.1678380470179235,2.562999878108485,1.641810038197633,-50.066158765883216
2026-04-15T15:27:00.937,4.004229307426769,4.004798412609006,4.004024744273707,4.002860307863969,-0.004874463352750434,2.6433171417306056,2.999007880628568,2.515465171066822,1.7876924149806683,-50.06093079190938
2026-04-15T15:27:01.045,4.004229307426769,4.004798412609006,4.004024744273707,4.002860307863969,-0.004874463352750434,2.6433171417306056,2.999007880628568,2.515465171066822,1.7876924149806683,-50.06093079190938
2026-04-15T15:27:01.154,4.004229307426769,4.004798412609006,4.004024744273707,4.002860307863969,-0.004874463352750434,2.6433171417306056,2.999007880628568,2.515465171066822,1.7876924149806683,-50.06093079190938
2026-04-15T15:27:01.264,4.0043106081670885,4.0053675177912424,4.003940820928861,4.002642631688276,-0.02086210566703199,2.6941301044303145,3.3546986195265305,2.46301308053809,1.6516448051723254,-50.2607763208379
2026-04-15T15:27:01.388,4.0043106081670885,4.0053675177912424,4.003940820928861,4.002642631688276,-0.02086210566703199,2.6941301044303145,3.3546986195265305,2.46301308053809,1.6516448051723254,-50.2607763208379
2026-04-15T15:27:01.512,4.0043106081670885,4.0053675177912424,4.003940820928861,4.002642631688276,-0.02086210566703199,2.6941301044303145,3.3546986195265305,2.46301308053809,1.6516448051723254,-50.2607763208379
2026-04-15T15:27:01.620,4.0025744439705875,4.004974127112277,4.004365682862144,4.002700328987856,-0.009823612047984275,1.6090274816171757,3.1088294451731002,2.7285517888397948,1.6877056174102734,-50.122795150599806
2026-04-15T15:27:01.730,4.0025744439705875,4.004974127112277,4.004365682862144,4.002700328987856,-0.009823612047984275,1.6090274816171757,3.1088294451731002,2.7285517888397948,1.6877056174102734,-50.122795150599806
2026-04-15T15:27:01.840,4.0025744439705875,4.004974127112277,4.004365682862144,4.002700328987856,-0.009823612047984275,1.6090274816171757,3.1088294451731002,2.7285517888397948,1.6877056174102734,-50.122795150599806
2026-04-15T15:27:01.949,4.003660202244532,4.005296707469029,4.003746748193905,4.002752781078385,-0.011172927235517847,2.287626402832643,3.310442168142913,2.341717621190398,1.7204881739907307,-50.13966159044397
2026-04-15T15:27:02.058,4.003660202244532,4.005296707469029,4.003746748193905,4.002752781078385,-0.011172927235517847,2.287626402832643,3.310442168142913,2.341717621190398,1.7204881739907307,-50.13966159044397
2026-04-15T15:27:02.167,4.003660202244532,4.005296707469029,4.003746748193905,4.002752781078385,-0.011172927235517847,2.287626402832643,3.310442168142913,2.341717621190398,1.7204881739907307,-50.13966159044397
2026-04-15T15:27:02.276,4.004234552635822,4.005123615570284,4.003922462697176,4.002918005163551,-0.010699920066456264,2.6465953973886513,3.2022597314274037,2.45153918573493,1.8237532272191714,-50.133749000830704
2026-04-15T15:27:02.386,4.004234552635822,4.005123615570284,4.003922462697176,4.002918005163551,-0.010699920066456264,2.6465953973886513,3.2022597314274037,2.45153918573493,1.8237532272191714,-50.133749000830704
2026-04-15T15:27:02.495,4.004234552635822,4.005123615570284,4.003922462697176,4.002918005163551,-0.010699920066456264,2.6465953973886513,3.2022597314274037,2.45153918573493,1.8237532272191714,-50.133749000830704
2026-04-15T15:27:02.604,4.003552675458948,4.004662037173631,4.004011631251075,4.003009796321976,-0.009858465207809865,2.2204221618427056,2.913773233519379,2.5072695319217075,1.8811227012349718,-50.12323081509762
2026-04-15T15:27:02.713,4.003552675458948,4.004662037173631,4.004011631251075,4.003009796321976,-0.009858465207809865,2.2204221618427056,2.913773233519379,2.5072695319217075,1.8811227012349718,-50.12323081509762
2026-04-15T15:27:02.821,4.003552675458948,4.004662037173631,4.004011631251075,4.003009796321976,-0.009858465207809865,2.2204221618427056,2.913773233519379,2.5072695319217075,1.8811227012349718,-50.12323081509762
2026-04-15T15:27:02.931,4.002818346191546,4.005556345317146,4.004774809168268,4.003437280859785,-0.002499469461778057,1.7614663697163024,3.472715823216177,2.9842557301673622,2.1483005373656994,-50.03124336827223
2026-04-15T15:27:03.040,4.002818346191546,4.005556345317146,4.004774809168268,4.003437280859785,-0.002499469461778057,1.7614663697163024,3.472715823216177,2.9842557301673622,2.1483005373656994,-50.03124336827223
2026-04-15T15:27:03.149,4.002818346191546,4.005556345317146,4.004774809168268,4.003437280859785,-0.002499469461778057,1.7614663697163024,3.472715823216177,2.9842557301673622,2.1483005373656994,-50.03124336827223
2026-04-15T15:27:03.259,4.002750158473859,4.0048875811629046,4.004541397365415,4.002645254292801,-0.008922408915351152,1.7188490461617079,3.0547382268153456,2.838373353384327,1.6532839330007931,-50.111530111441894
2026-04-15T15:27:03.369,4.002750158473859,4.0048875811629046,4.004541397365415,4.002645254292801,-0.008922408915351152,1.7188490461617079,3.0547382268153456,2.838373353384327,1.6532839330007931,-50.111530111441894
2026-04-15T15:27:03.476,4.002750158473859,4.0048875811629046,4.004541397365415,4.002645254292801,-0.008922408915351152,1.7188490461617079,3.0547382268153456,2.838373353384327,1.6532839330007931,-50.111530111441894
2026-04-15T15:27:03.584,4.003350734910413,4.004234552635822,4.004150629290976,4.002729177637647,0.001135217205747803,2.0942093190079447,2.6465953973886513,2.5941433068599196,1.705736023529525,-49.98580978492815
2026-04-15T15:27:03.694,4.003350734910413,4.004234552635822,4.004150629290976,4.002729177637647,0.001135217205747803,2.0942093190079447,2.6465953973886513,2.5941433068599196,1.705736023529525,-49.98580978492815
2026-04-15T15:27:03.803,4.003350734910413,4.004234552635822,4.004150629290976,4.002729177637647,0.001135217205747803,2.0942093190079447,2.6465953973886513,2.5941433068599196,1.705736023529525,-49.98580978492815
2026-04-15T15:27:03.912,4.002975702463132,4.0048770907448,4.0042502882629805,4.002695083778804,-0.009136506897136921,1.8598140394576745,3.048181715499809,2.6564301643627886,1.6844273617522276,-50.11420633621421
2026-04-15T15:27:04.020,4.002975702463132,4.0048770907448,4.0042502882629805,4.002695083778804,-0.009136506897136921,1.8598140394576745,3.048181715499809,2.6564301643627886,1.6844273617522276,-50.11420633621421
2026-04-15T15:27:04.130,4.002975702463132,4.0048770907448,4.0042502882629805,4.002695083778804,-0.009136506897136921,1.8598140394576745,3.048181715499809,2.6564301643627886,1.6844273617522276,-50.11420633621421
2026-04-15T15:27:04.239,4.003067493621558,4.004313230771615,4.004562378201626,4.002516746671006,-0.006522519910217638,1.917183513473475,2.6957692322593374,2.85148637601651,1.5729666693786726,-50.081531498877716
2026-04-15T15:27:04.349,4.003067493621558,4.004313230771615,4.004562378201626,4.002516746671006,-0.006522519910217638,1.917183513473475,2.6957692322593374,2.85148637601651,1.5729666693786726,-50.081531498877716
2026-04-15T15:27:04.459,4.003067493621558,4.004313230771615,4.004562378201626,4.002516746671006,-0.006522519910217638,1.917183513473475,2.6957692322593374,2.85148637601651,1.5729666693786726,-50.081531498877716
2026-04-15T15:27:04.569,4.002813100982493,4.004981994925856,4.004113912827606,4.002493143230268,6.970631965118088e-05,1.7581881140582567,3.113746828660169,2.5711955172535994,1.5582145189174668,-49.999128671004364
2026-04-15T15:27:04.677,4.002813100982493,4.004981994925856,4.004113912827606,4.002493143230268,6.970631965118088e-05,1.7581881140582567,3.113746828660169,2.5711955172535994,1.5582145189174668,-49.999128671004364
2026-04-15T15:27:04.787,4.002813100982493,4.004981994925856,4.004113912827606,4.002493143230268,6.970631965118088e-05,1.7581881140582567,3.113746828660169,2.5711955172535994,1.5582145189174668,-49.999128671004364
2026-04-15T15:27:04.896,4.003224849893144,4.0042266848222425,4.00440502193004,4.002983570276712,-0.0025492596901003288,2.015531183214847,2.6416780139015827,2.753138706275138,1.8647314229447431,-50.03186574612626
2026-04-15T15:27:05.006,4.003224849893144,4.0042266848222425,4.00440502193004,4.002983570276712,-0.0025492596901003288,2.015531183214847,2.6416780139015827,2.753138706275138,1.8647314229447431,-50.03186574612626
2026-04-15T15:27:05.112,4.003224849893144,4.0042266848222425,4.00440502193004,4.002983570276712,-0.0025492596901003288,2.015531183214847,2.6416780139015827,2.753138706275138,1.8647314229447431,-50.03186574612626
2026-04-15T15:27:05.221,4.00330090542441,4.004908561999116,4.004426002766252,4.003306150633463,-0.007752338549777759,2.06306589025651,3.0678512494475285,2.7662517289073207,2.066344145914556,-50.096904231872216
2026-04-15T15:27:05.329,4.00330090542441,4.004908561999116,4.004426002766252,4.003306150633463,-0.007752338549777759,2.06306589025651,3.0678512494475285,2.7662517289073207,2.066344145914556,-50.096904231872216
2026-04-15T15:27:05.438,4.00330090542441,4.004908561999116,4.004426002766252,4.003306150633463,-0.007752338549777759,2.06306589025651,3.0678512494475285,2.7662517289073207,2.066344145914556,-50.096904231872216
2026-04-15T15:27:05.546,4.00330877323799,4.005113125152178,4.004043102505392,4.002487898021215,0.0007368953791696264,2.067983273743579,3.1957032201113122,2.526939065869982,1.554936263259421,-49.99078880776038
2026-04-15T15:27:05.669,4.00330877323799,4.005113125152178,4.004043102505392,4.002487898021215,0.0007368953791696264,2.067983273743579,3.1957032201113122,2.526939065869982,1.554936263259421,-49.99078880776038
2026-04-15T15:27:05.777,4.00330877323799,4.005113125152178,4.004043102505392,4.002487898021215,0.0007368953791696264,2.067983273743579,3.1957032201113122,2.526939065869982,1.554936263259421,-49.99078880776038
2026-04-15T15:27:05.887,4.003484487741261,4.0045807364333115,4.004255533472033,4.003502845972946,-0.007752338549777759,2.177804838288111,2.86296027081967,2.6597084200208343,2.189278733091271,-50.096904231872216
2026-04-15T15:27:05.997,4.003484487741261,4.0045807364333115,4.004255533472033,4.003502845972946,-0.007752338549777759,2.177804838288111,2.86296027081967,2.6597084200208343,2.189278733091271,-50.096904231872216
2026-04-15T15:27:06.106,4.003484487741261,4.0045807364333115,4.004255533472033,4.003502845972946,-0.007752338549777759,2.177804838288111,2.86296027081967,2.6597084200208343,2.189278733091271,-50.096904231872216
2026-04-15T15:27:06.214,4.003471374718629,4.005086899106914,4.004239797844875,4.002805233168914,0.0012845878907146188,2.1696091991429967,3.1793119418210836,2.649873653046697,1.753270730571188,-49.983942651366064
2026-04-15T15:27:06.325,4.003471374718629,4.005086899106914,4.004239797844875,4.002805233168914,0.0012845878907146188,2.1696091991429967,3.1793119418210836,2.649873653046697,1.753270730571188,-49.983942651366064
2026-04-15T15:27:06.432,4.003471374718629,4.005086899106914,4.004239797844875,4.002805233168914,0.0012845878907146188,2.1696091991429967,3.1793119418210836,2.649873653046697,1.753270730571188,-49.983942651366064
2026-04-15T15:27:06.542,4.003077984039663,4.005094766920493,4.004279136912771,4.0035054685774725,0.00017924482196017937,1.9237400247895664,3.184229325308152,2.67446057048204,2.190917860920294,-49.9977594397255
2026-04-15T15:27:06.651,4.003077984039663,4.005094766920493,4.004279136912771,4.0035054685774725,0.00017924482196017937,1.9237400247895664,3.184229325308152,2.67446057048204,2.190917860920294,-49.9977594397255
2026-04-15T15:27:06.760,4.003077984039663,4.005094766920493,4.004279136912771,4.0035054685774725,0.00017924482196017937,1.9237400247895664,3.184229325308152,2.67446057048204,2.190917860920294,-49.9977594397255
2026-04-15T15:27:06.869,4.003282547192725,4.004756450936583,4.004470587043201,4.0025744439705875,-0.0005128393517194022,2.05159199545335,2.972781835364202,2.7941169020007095,1.6090274816171757,-50.00641049189649
2026-04-15T15:27:06.980,4.003282547192725,4.004756450936583,4.004470587043201,4.0025744439705875,-0.0005128393517194022,2.05159199545335,2.972781835364202,2.7941169020007095,1.6090274816171757,-50.00641049189649
2026-04-15T15:27:07.090,4.003282547192725,4.004756450936583,4.004470587043201,4.0025744439705875,-0.0005128393517194022,2.05159199545335,2.972781835364202,2.7941169020007095,1.6090274816171757,-50.00641049189649
2026-04-15T15:27:07.200,4.003274679379146,4.0046226981057345,4.004439115788884,4.0028026105643875,0.00730422649487731,2.0466746119662815,2.889186316084036,2.774447368052435,1.7516316027421652,-49.90869716881403
2026-04-15T15:27:07.309,4.003274679379146,4.0046226981057345,4.004439115788884,4.0028026105643875,0.00730422649487731,2.0466746119662815,2.889186316084036,2.774447368052435,1.7516316027421652,-49.90869716881403
2026-04-15T15:27:07.416,4.003274679379146,4.0046226981057345,4.004439115788884,4.0028026105643875,0.00730422649487731,2.0466746119662815,2.889186316084036,2.774447368052435,1.7516316027421652,-49.90869716881403
2026-04-15T15:27:07.523,4.003266811565567,4.005265236214712,4.004006386042022,4.003064871017031,0.0052927012706575184,2.041757228479213,3.2907726341951937,2.503991276263662,1.915544385644452,-49.933841234116784
2026-04-15T15:27:07.632,4.003266811565567,4.005265236214712,4.004006386042022,4.003064871017031,0.0052927012706575184,2.041757228479213,3.2907726341951937,2.503991276263662,1.915544385644452,-49.933841234116784
2026-04-15T15:27:07.743,4.003266811565567,4.005265236214712,4.004006386042022,4.003064871017031,0.0052927012706575184,2.041757228479213,3.2907726341951937,2.503991276263662,1.915544385644452,-49.933841234116784
2026-04-15T15:27:07.851,4.003584146713266,4.005204916310604,4.004554510388047,4.002650499501854,-0.006990548056446996,2.24009169579098,3.2530726941276678,2.8465689925294413,1.6565621886588389,-50.08738185070559
2026-04-15T15:27:07.961,4.003584146713266,4.005204916310604,4.004554510388047,4.002650499501854,-0.006990548056446996,2.24009169579098,3.2530726941276678,2.8465689925294413,1.6565621886588389,-50.08738185070559
2026-04-15T15:27:08.070,4.003584146713266,4.005204916310604,4.004554510388047,4.002650499501854,-0.006990548056446996,2.24009169579098,3.2530726941276678,2.8465689925294413,1.6565621886588389,-50.08738185070559
2026-04-15T15:27:08.179,4.003248453333882,4.004606962478576,4.003974914787705,4.002744913264806,0.005939974238847056,2.030283333676053,2.8793515491098987,2.4843217423153874,1.7155707905036621,-49.92575032201441
2026-04-15T15:27:08.288,4.003248453333882,4.004606962478576,4.003974914787705,4.002744913264806,0.005939974238847056,2.030283333676053,2.8793515491098987,2.4843217423153874,1.7155707905036621,-49.92575032201441
2026-04-15T15:27:08.398,4.003248453333882,4.004606962478576,4.003974914787705,4.002744913264806,0.005939974238847056,2.030283333676053,2.8793515491098987,2.4843217423153874,1.7155707905036621,-49.92575032201441
2026-04-15T15:27:08.505,4.002849817445863,4.004937410648908,4.003880501024753,4.0029652120450265,-0.006726659846338953,1.7811359036645769,3.085881655567335,2.425313140470564,1.853257528141583,-50.08408324807924
2026-04-15T15:27:08.613,4.002849817445863,4.004937410648908,4.003880501024753,4.0029652120450265,-0.006726659846338953,1.7811359036645769,3.085881655567335,2.425313140470564,1.853257528141583,-50.08408324807924
2026-04-15T15:27:08.723,4.002849817445863,4.004937410648908,4.003880501024753,4.0029652120450265,-0.006726659846338953,1.7811359036645769,3.085881655567335,2.425313140470564,1.853257528141583,-50.08408324807924
2026-04-15T15:27:08.833,4.003224849893144,4.005152464220075,4.004011631251075,4.002409219885422,0.005347470521812018,2.015531183214847,3.2202901375466553,2.5072695319217075,1.505762428388735,-49.93315661847735
2026-04-15T15:27:08.943,4.003224849893144,4.005152464220075,4.004011631251075,4.002409219885422,0.005347470521812018,2.015531183214847,3.2202901375466553,2.5072695319217075,1.505762428388735,-49.93315661847735
2026-04-15T15:27:09.051,4.003224849893144,4.005152464220075,4.004011631251075,4.002409219885422,0.005347470521812018,2.015531183214847,3.2202901375466553,2.5072695319217075,1.505762428388735,-49.93315661847735
2026-04-15T15:27:09.161,4.002983570276712,4.00520753891513,4.004570246015206,4.003437280859785,-0.006895946622634679,1.8647314229447431,3.2547118219561355,2.8564037595035785,2.1483005373656994,-50.08619933278293
2026-04-15T15:27:09.271,4.002983570276712,4.00520753891513,4.004570246015206,4.003437280859785,-0.006895946622634679,1.8647314229447431,3.2547118219561355,2.8564037595035785,2.1483005373656994,-50.08619933278293
2026-04-15T15:27:09.379,4.002983570276712,4.00520753891513,4.004570246015206,4.003437280859785,-0.006895946622634679,1.8647314229447431,3.2547118219561355,2.8564037595035785,2.1483005373656994,-50.08619933278293
2026-04-15T15:27:09.487,4.002692461174277,4.004850864699534,4.003772974239169,4.002973079858606,0.006895946622634679,1.6827882339232048,3.0317904372090254,2.3581088994806265,1.8581749116286517,-49.91380066721707
2026-04-15T15:27:09.596,4.002692461174277,4.004850864699534,4.003772974239169,4.002973079858606,0.006895946622634679,1.6827882339232048,3.0317904372090254,2.3581088994806265,1.8581749116286517,-49.91380066721707
2026-04-15T15:27:09.706,4.002692461174277,4.004850864699534,4.003772974239169,4.002973079858606,0.006895946622634679,1.6827882339232048,3.0317904372090254,2.3581088994806265,1.8581749116286517,-49.91380066721707
2026-04-15T15:27:09.814,4.002545595320797,4.005102634734072,4.004231930031295,4.002876043491128,-0.003430546731404544,1.5909970754979241,3.1891467087952208,2.6449562695596285,1.7975271819548055,-50.04288183414256
2026-04-15T15:27:09.921,4.002545595320797,4.005102634734072,4.004231930031295,4.002876043491128,-0.003430546731404544,1.5909970754979241,3.1891467087952208,2.6449562695596285,1.7975271819548055,-50.04288183414256
2026-04-15T15:27:10.030,4.002545595320797,4.005102634734072,4.004231930031295,4.002876043491128,-0.003430546731404544,1.5909970754979241,3.1891467087952208,2.6449562695596285,1.7975271819548055,-50.04288183414256
2026-04-15T15:27:10.141,4.003539562436316,4.004473209647728,4.003880501024753,4.002739668055753,0.009275919536439282,2.2122265226975912,2.7957560298297324,2.425313140470564,1.7122925348456164,-49.88405100579451
2026-04-15T15:27:10.249,4.003539562436316,4.004473209647728,4.003880501024753,4.002739668055753,0.009275919536439282,2.2122265226975912,2.7957560298297324,2.425313140470564,1.7122925348456164,-49.88405100579451
2026-04-15T15:27:10.357,4.003539562436316,4.004473209647728,4.003880501024753,4.002739668055753,0.009275919536439282,2.2122265226975912,2.7957560298297324,2.425313140470564,1.7122925348456164,-49.88405100579451
2026-04-15T15:27:10.467,4.00254297271627,4.004756450936583,4.0040221216691805,4.00288915651376,-0.0030222668591619135,1.5893579476689013,2.972781835364202,2.513826043237799,1.8057228210999199,-50.037778335739524
2026-04-15T15:27:10.577,4.00254297271627,4.004756450936583,4.0040221216691805,4.00288915651376,-0.0030222668591619135,1.5893579476689013,2.972781835364202,2.513826043237799,1.8057228210999199,-50.037778335739524
2026-04-15T15:27:10.687,4.00254297271627,4.004756450936583,4.0040221216691805,4.00288915651376,-0.0030222668591619135,1.5893579476689013,2.972781835364202,2.513826043237799,1.8057228210999199,-50.037778335739524
2026-04-15T15:27:10.798,4.002482652812162,4.00444960620699,4.004279136912771,4.002456426766898,-0.0029177073796851417,1.5516580076013753,2.7810038793685266,2.67446057048204,1.5352667293111466,-50.03647134224607
2026-04-15T15:27:10.907,4.002482652812162,4.00444960620699,4.004279136912771,4.002456426766898,-0.0029177073796851417,1.5516580076013753,2.7810038793685266,2.67446057048204,1.5352667293111466,-50.03647134224607
2026-04-15T15:27:11.016,4.002482652812162,4.00444960620699,4.004279136912771,4.002456426766898,-0.0029177073796851417,1.5516580076013753,2.7810038793685266,2.67446057048204,1.5352667293111466,-50.03647134224607
2026-04-15T15:27:11.124,4.00266098991996,4.005173445056286,4.0045571329925735,4.002860307863969,-0.013861599564920538,1.6631186999749303,3.233403160178838,2.848208120358464,1.7876924149806683,-50.17326999456151
2026-04-15T15:27:11.234,4.00266098991996,4.005173445056286,4.0045571329925735,4.002860307863969,-0.013861599564920538,1.6631186999749303,3.233403160178838,2.848208120358464,1.7876924149806683,-50.17326999456151
2026-04-15T15:27:11.356,4.00266098991996,4.005173445056286,4.0045571329925735,4.002860307863969,-0.013861599564920538,1.6631186999749303,3.233403160178838,2.848208120358464,1.7876924149806683,-50.17326999456151
2026-04-15T15:27:11.465,4.004137516268344,4.005490780203985,4.004297495144456,4.003172397802615,-0.017864733922031212,2.585947667714805,3.4317376274906053,2.6859344652852,1.9827486266343897,-50.22330917402539
2026-04-15T15:27:11.574,4.004137516268344,4.005490780203985,4.004297495144456,4.003172397802615,-0.017864733922031212,2.585947667714805,3.4317376274906053,2.6859344652852,1.9827486266343897,-50.22330917402539
2026-04-15T15:27:11.682,4.004137516268344,4.005490780203985,4.004297495144456,4.003172397802615,-0.017864733922031212,2.585947667714805,3.4317376274906053,2.6859344652852,1.9827486266343897,-50.22330917402539
2026-04-15T15:27:11.793,4.004182100545293,4.00490593939459,4.004326343794247,4.002645254292801,-0.006607163298365501,2.613812840808194,3.0662121216185056,2.7039648714044517,1.6532839330007931,-50.082589541229574
2026-04-15T15:27:11.901,4.004182100545293,4.00490593939459,4.004326343794247,4.002645254292801,-0.006607163298365501,2.613812840808194,3.0662121216185056,2.7039648714044517,1.6532839330007931,-50.082589541229574
2026-04-15T15:27:12.010,4.004182100545293,4.00490593939459,4.004326343794247,4.002645254292801,-0.006607163298365501,2.613812840808194,3.0662121216185056,2.7039648714044517,1.6532839330007931,-50.082589541229574
2026-04-15T15:27:12.119,4.004281759517299,4.005684852938941,4.004056215528024,4.0029048921409185,-0.012233459098782243,2.676099698311618,3.5530330868382975,2.5351347050150963,1.815557588074057,-50.15291823873478
2026-04-15T15:27:12.227,4.004281759517299,4.005684852938941,4.004056215528024,4.0029048921409185,-0.012233459098782243,2.676099698311618,3.5530330868382975,2.5351347050150963,1.815557588074057,-50.15291823873478
2026-04-15T15:27:12.337,4.004281759517299,4.005684852938941,4.004056215528024,4.0029048921409185,-0.012233459098782243,2.676099698311618,3.5530330868382975,2.5351347050150963,1.815557588074057,-50.15291823873478
2026-04-15T15:27:12.446,4.003083229248716,4.004926920230801,4.00395655655602,4.002603292620378,-0.013518046989496862,1.9270182804476121,3.0793251442506886,2.4728478475122273,1.6270578877364272,-50.16897558736871
2026-04-15T15:27:12.554,4.003083229248716,4.004926920230801,4.00395655655602,4.002603292620378,-0.013518046989496862,1.9270182804476121,3.0793251442506886,2.4728478475122273,1.6270578877364272,-50.16897558736871
2026-04-15T15:27:12.665,4.003083229248716,4.004926920230801,4.00395655655602,4.002603292620378,-0.013518046989496862,1.9270182804476121,3.0793251442506886,2.4728478475122273,1.6270578877364272,-50.16897558736871
2026-04-15T15:27:12.773,4.0030071737174495,4.00520753891513,4.004410267139093,4.002823591400599,-0.009898297390467685,1.879483573405949,3.2547118219561355,2.7564169619331835,1.7647446253743482,-50.12372871738084
2026-04-15T15:27:12.883,4.0030071737174495,4.00520753891513,4.004410267139093,4.002823591400599,-0.009898297390467685,1.879483573405949,3.2547118219561355,2.7564169619331835,1.7647446253743482,-50.12372871738084
2026-04-15T15:27:12.993,4.0030071737174495,4.00520753891513,4.004410267139093,4.002823591400599,-0.009898297390467685,1.879483573405949,3.2547118219561355,2.7564169619331835,1.7647446253743482,-50.12372871738084
2026-04-15T15:27:13.102,4.003849029770436,4.005540609689987,4.004667282382684,4.003156662175456,-0.01571379605850906,2.4056436065222897,3.46288105624204,2.9170514891774246,1.9729138596602525,-50.19642245073136
2026-04-15T15:27:13.212,4.003849029770436,4.005540609689987,4.004667282382684,4.003156662175456,-0.01571379605850906,2.4056436065222897,3.46288105624204,2.9170514891774246,1.9729138596602525,-50.19642245073136
2026-04-15T15:27:13.320,4.003849029770436,4.005540609689987,4.004667282382684,4.003156662175456,-0.01571379605850906,2.4056436065222897,3.46288105624204,2.9170514891774246,1.9729138596602525,-50.19642245073136
2026-04-15T15:27:13.430,4.0038752558157,4.005149841615548,4.004179477940767,4.002668857733539,-0.008369737380973932,2.4220348848125184,3.2186510097176324,2.612173712979171,1.668036083461999,-50.10462171726218
2026-04-15T15:27:13.540,4.0038752558157,4.005149841615548,4.004179477940767,4.002668857733539,-0.008369737380973932,2.4220348848125184,3.2186510097176324,2.612173712979171,1.668036083461999,-50.10462171726218
2026-04-15T15:27:13.648,4.0038752558157,4.005149841615548,4.004179477940767,4.002668857733539,-0.008369737380973932,2.4220348848125184,3.2186510097176324,2.612173712979171,1.668036083461999,-50.10462171726218
2026-04-15T15:27:13.756,4.002954721626921,4.0048272612587965,4.0042266848222425,4.00285244005039,-0.022400623722190195,1.8467010168254916,3.0170382867478196,2.6416780139015827,1.7827750314935997,-50.28000779652738
2026-04-15T15:27:13.866,4.002954721626921,4.0048272612587965,4.0042266848222425,4.00285244005039,-0.022400623722190195,1.8467010168254916,3.0170382867478196,2.6416780139015827,1.7827750314935997,-50.28000779652738
2026-04-15T15:27:13.975,4.002954721626921,4.0048272612587965,4.0042266848222425,4.00285244005039,-0.022400623722190195,1.8467010168254916,3.0170382867478196,2.6416780139015827,1.7827750314935997,-50.28000779652738
2026-04-15T15:27:14.086,4.002857685259443,4.004780054377321,4.004218817008663,4.003140926548298,-0.011421878377129208,1.7860532871516455,2.987533985825408,2.636760630414514,1.9630790926861152,-50.14277347971412
2026-04-15T15:27:14.193,4.002857685259443,4.004780054377321,4.004218817008663,4.003140926548298,-0.011421878377129208,1.7860532871516455,2.987533985825408,2.636760630414514,1.9630790926861152,-50.14277347971412
2026-04-15T15:27:14.302,4.002857685259443,4.004780054377321,4.004218817008663,4.003140926548298,-0.011421878377129208,1.7860532871516455,2.987533985825408,2.636760630414514,1.9630790926861152,-50.14277347971412
2026-04-15T15:27:14.411,4.003544807645369,4.004570246015206,4.004465341834148,4.002758026287438,-0.012850857929978416,2.215504778355637,2.8564037595035785,2.7908386463426638,1.7237664296487765,-50.160635724124724
2026-04-15T15:27:14.520,4.003544807645369,4.004570246015206,4.004465341834148,4.002758026287438,-0.012850857929978416,2.215504778355637,2.8564037595035785,2.7908386463426638,1.7237664296487765,-50.160635724124724
2026-04-15T15:27:14.628,4.003544807645369,4.004570246015206,4.004465341834148,4.002758026287438,-0.012850857929978416,2.215504778355637,2.8564037595035785,2.7908386463426638,1.7237664296487765,-50.160635724124724
2026-04-15T15:27:14.739,4.003555298063475,4.004882335953852,4.004334211607826,4.0028209687960725,-0.011894885546190793,2.2220612896717284,3.0514599711573,2.7088822548915203,1.7631054975453253,-50.14868606932738
2026-04-15T15:27:14.848,4.003555298063475,4.004882335953852,4.004334211607826,4.0028209687960725,-0.011894885546190793,2.2220612896717284,3.0514599711573,2.7088822548915203,1.7631054975453253,-50.14868606932738
2026-04-15T15:27:14.956,4.003555298063475,4.004882335953852,4.004334211607826,4.0028209687960725,-0.011894885546190793,2.2220612896717284,3.0514599711573,2.7088822548915203,1.7631054975453253,-50.14868606932738
2026-04-15T15:27:15.065,4.004121780641185,4.004617452896682,4.004014253855601,4.003258943751987,-0.0029127283568529147,2.576112900740668,2.88590806042599,2.5089086597507304,2.0368398449921443,-50.03640910446067
2026-04-15T15:27:15.175,4.004121780641185,4.004617452896682,4.004014253855601,4.003258943751987,-0.0029127283568529147,2.576112900740668,2.88590806042599,2.5089086597507304,2.0368398449921443,-50.03640910446067
2026-04-15T15:27:15.284,4.004121780641185,4.004617452896682,4.004014253855601,4.003258943751987,-0.0029127283568529147,2.576112900740668,2.88590806042599,2.5089086597507304,2.0368398449921443,-50.03640910446067
2026-04-15T15:27:15.393,4.00353693983179,4.005063295666176,4.0046410563374195,4.003778219448222,-0.002384951936636831,2.2105873948685684,3.1645597913598777,2.900660210887196,2.3613871551386723,-50.029811899207964
2026-04-15T15:27:15.502,4.00353693983179,4.005063295666176,4.0046410563374195,4.003778219448222,-0.002384951936636831,2.2105873948685684,3.1645597913598777,2.900660210887196,2.3613871551386723,-50.029811899207964
2026-04-15T15:27:15.611,4.00353693983179,4.005063295666176,4.0046410563374195,4.003778219448222,-0.002384951936636831,2.2105873948685684,3.1645597913598777,2.900660210887196,2.3613871551386723,-50.029811899207964
2026-04-15T15:27:15.719,4.004048347714445,4.004703998846054,4.004279136912771,4.001965999720454,-0.0017824901739373392,2.5302173215280277,2.939999278783745,2.67446057048204,1.2287498252838702,-50.02228112717422
2026-04-15T15:27:15.828,4.004048347714445,4.004703998846054,4.004279136912771,4.001965999720454,-0.0017824901739373392,2.5302173215280277,2.939999278783745,2.67446057048204,1.2287498252838702,-50.02228112717422
2026-04-15T15:27:15.937,4.004048347714445,4.004703998846054,4.004279136912771,4.001965999720454,-0.0017824901739373392,2.5302173215280277,2.939999278783745,2.67446057048204,1.2287498252838702,-50.02228112717422
2026-04-15T15:27:16.047,4.0036680700581115,4.004740715309424,4.004418134952672,4.0027606488919645,-0.01104347264187994,2.292543786319712,2.962947068390065,2.761334345420252,1.7254055574777993,-50.138043408023506
2026-04-15T15:27:16.157,4.0036680700581115,4.004740715309424,4.004418134952672,4.0027606488919645,-0.01104347264187994,2.292543786319712,2.962947068390065,2.761334345420252,1.7254055574777993,-50.138043408023506
2026-04-15T15:27:16.264,4.0036680700581115,4.004740715309424,4.004418134952672,4.0027606488919645,-0.01104347264187994,2.292543786319712,2.962947068390065,2.761334345420252,1.7254055574777993,-50.138043408023506
2026-04-15T15:27:16.373,4.00352907201821,4.004759073541109,4.004446983602463,4.002710819405962,-0.003664560804519223,2.2056700113814998,2.974420963193225,2.7793647515395037,1.6942621287263648,-50.045807010056485
2026-04-15T15:27:16.482,4.00352907201821,4.004759073541109,4.004446983602463,4.002710819405962,-0.003664560804519223,2.2056700113814998,2.974420963193225,2.7793647515395037,1.6942621287263648,-50.045807010056485
2026-04-15T15:27:16.606,4.00352907201821,4.004759073541109,4.004446983602463,4.002710819405962,-0.003664560804519223,2.2056700113814998,2.974420963193225,2.7793647515395037,1.6942621287263648,-50.045807010056485
2026-04-15T15:27:16.714,4.003293037610831,4.004866600326693,4.004019499064654,4.003340244492307,-0.000582545671370583,2.0581485067694416,3.0416252041831626,2.512186915408776,2.0876528076918532,-50.00728182089213
2026-04-15T15:27:16.822,4.003293037610831,4.004866600326693,4.004019499064654,4.003340244492307,-0.000582545671370583,2.0581485067694416,3.0416252041831626,2.512186915408776,2.0876528076918532,-50.00728182089213
2026-04-15T15:27:16.932,4.003293037610831,4.004866600326693,4.004019499064654,4.003340244492307,-0.000582545671370583,2.0581485067694416,3.0416252041831626,2.512186915408776,2.0876528076918532,-50.00728182089213
2026-04-15T15:27:17.040,4.003161907384509,4.004793167399953,4.003932953115282,4.002784252332702,-0.00023401407311467862,1.9761921153182982,2.9957296249705223,2.4580956970510215,1.7401577079390051,-50.00292517591394
2026-04-15T15:27:17.149,4.003161907384509,4.004793167399953,4.003932953115282,4.002784252332702,-0.00023401407311467862,1.9761921153182982,2.9957296249705223,2.4580956970510215,1.7401577079390051,-50.00292517591394
2026-04-15T15:27:17.258,4.003161907384509,4.004793167399953,4.003932953115282,4.002784252332702,-0.00023401407311467862,1.9761921153182982,2.9957296249705223,2.4580956970510215,1.7401577079390051,-50.00292517591394
2026-04-15T15:27:17.366,4.0030071737174495,4.0050134661801735,4.0042922499354034,4.002393484258263,-0.0019368398817363828,1.879483573405949,3.1334163626084433,2.6826562096271545,1.4959276614145978,-50.024210498521704
2026-04-15T15:27:17.474,4.0030071737174495,4.0050134661801735,4.0042922499354034,4.002393484258263,-0.0019368398817363828,1.879483573405949,3.1334163626084433,2.6826562096271545,1.4959276614145978,-50.024210498521704
2026-04-15T15:27:17.582,4.0030071737174495,4.0050134661801735,4.0042922499354034,4.002393484258263,-0.0019368398817363828,1.879483573405949,3.1334163626084433,2.6826562096271545,1.4959276614145978,-50.024210498521704
2026-04-15T15:27:17.692,4.003374338351151,4.0050973895250195,4.00467777280079,4.002409219885422,-0.015504677099555518,2.1089614694691505,3.185868453137175,2.923608000493516,1.505762428388735,-50.193808463744446
2026-04-15T15:27:17.801,4.003374338351151,4.0050973895250195,4.00467777280079,4.002409219885422,-0.015504677099555518,2.1089614694691505,3.185868453137175,2.923608000493516,1.505762428388735,-50.193808463744446
2026-04-15T15:27:17.909,4.003374338351151,4.0050973895250195,4.00467777280079,4.002409219885422,-0.015504677099555518,2.1089614694691505,3.185868453137175,2.923608000493516,1.505762428388735,-50.193808463744446
2026-04-15T15:27:18.017,4.002870798282075,4.005252123192079,4.0042502882629805,4.0020499230653,-0.005028813060549477,1.7942489262967598,3.2825769950495243,2.6564301643627886,1.281201915812602,-50.06286016325687
2026-04-15T15:27:18.126,4.002870798282075,4.005252123192079,4.0042502882629805,4.0020499230653,-0.005028813060549477,1.7942489262967598,3.2825769950495243,2.6564301643627886,1.281201915812602,-50.06286016325687
2026-04-15T15:27:18.234,4.002870798282075,4.005252123192079,4.0042502882629805,4.0020499230653,-0.005028813060549477,1.7942489262967598,3.2825769950495243,2.6564301643627886,1.281201915812602,-50.06286016325687
2026-04-15T15:27:18.344,4.003180265616194,4.005105257338599,4.0043106081670885,4.002582311784168,-0.01856677614137525,1.9876660101214583,3.1907858366242436,2.6941301044303145,1.6139448651047994,-50.232084701767185
2026-04-15T15:27:18.452,4.003180265616194,4.005105257338599,4.0043106081670885,4.002582311784168,-0.01856677614137525,1.9876660101214583,3.1907858366242436,2.6941301044303145,1.6139448651047994,-50.232084701767185
2026-04-15T15:27:18.562,4.003180265616194,4.005105257338599,4.0043106081670885,4.002582311784168,-0.01856677614137525,1.9876660101214583,3.1907858366242436,2.6941301044303145,1.6139448651047994,-50.232084701767185
2026-04-15T15:27:18.671,4.003253698542935,4.004890203767431,4.004297495144456,4.0038359167478035,-0.016146971044912823,2.0335615893340986,3.0563773546443684,2.6859344652852,2.3974479673771754,-50.201837138061414
2026-04-15T15:27:18.780,4.003253698542935,4.004890203767431,4.004297495144456,4.0038359167478035,-0.016146971044912823,2.0335615893340986,3.0563773546443684,2.6859344652852,2.3974479673771754,-50.201837138061414
2026-04-15T15:27:18.891,4.003253698542935,4.004890203767431,4.004297495144456,4.0038359167478035,-0.016146971044912823,2.0335615893340986,3.0563773546443684,2.6859344652852,2.3974479673771754,-50.201837138061414
2026-04-15T15:27:19.000,4.003251075938408,4.005105257338599,4.004339456816879,4.003222227288617,-0.007229541152393902,2.0319224615050757,3.1907858366242436,2.712160510549566,2.013892055385824,-50.09036926440492
2026-04-15T15:27:19.108,4.003251075938408,4.005105257338599,4.004339456816879,4.003222227288617,-0.007229541152393902,2.0319224615050757,3.1907858366242436,2.712160510549566,2.013892055385824,-50.09036926440492
2026-04-15T15:27:19.217,4.003251075938408,4.005105257338599,4.004339456816879,4.003222227288617,-0.007229541152393902,2.0319224615050757,3.1907858366242436,2.712160510549566,2.013892055385824,-50.09036926440492
2026-04-15T15:27:19.341,4.003083229248716,4.005023956598279,4.0039801599967575,4.002986192881238,-0.012407724897910194,1.9270182804476121,3.1399728739245347,2.487599997973433,1.866370550773766,-50.15509656122388
2026-04-15T15:27:19.451,4.003083229248716,4.005023956598279,4.0039801599967575,4.002986192881238,-0.012407724897910194,1.9270182804476121,3.1399728739245347,2.487599997973433,1.866370550773766,-50.15509656122388
2026-04-15T15:27:19.560,4.003083229248716,4.005023956598279,4.0039801599967575,4.002986192881238,-0.012407724897910194,1.9270182804476121,3.1399728739245347,2.487599997973433,1.866370550773766,-50.15509656122388
2026-04-15T15:27:19.671,4.003487110345787,4.00493478804438,4.003799200284433,4.002516746671006,-0.013079892980260866,2.179443966117134,3.084242527737757,2.374500177770855,1.5729666693786726,-50.16349866225326
2026-04-15T15:27:19.795,4.003487110345787,4.00493478804438,4.003799200284433,4.002516746671006,-0.013079892980260866,2.179443966117134,3.084242527737757,2.374500177770855,1.5729666693786726,-50.16349866225326
2026-04-15T15:27:19.889,4.003487110345787,4.00493478804438,4.003799200284433,4.002516746671006,-0.013079892980260866,2.179443966117134,3.084242527737757,2.374500177770855,1.5729666693786726,-50.16349866225326
2026-04-15T15:27:19.998,4.003059625807978,4.005220651937762,4.004284382121824,4.00266098991996,-0.012527221445883648,1.9122661299864063,3.26290746110125,2.677738826140086,1.6631186999749303,-50.15659026807354
2026-04-15T15:27:20.107,4.003059625807978,4.005220651937762,4.004284382121824,4.00266098991996,-0.012527221445883648,1.9122661299864063,3.26290746110125,2.677738826140086,1.6631186999749303,-50.15659026807354
2026-04-15T15:27:20.217,4.003059625807978,4.005220651937762,4.004284382121824,4.00266098991996,-0.012527221445883648,1.9122661299864063,3.26290746110125,2.677738826140086,1.6631186999749303,-50.15659026807354
2026-04-15T15:27:20.341,4.003324508865148,4.004735470100371,4.0044364931843575,4.002264976636468,-0.010426073810683768,2.077818040717716,2.959668812732019,2.772808240223412,1.4156103977924772,-50.130325922633546
2026-04-15T15:27:20.448,4.003324508865148,4.004735470100371,4.0044364931843575,4.002264976636468,-0.010426073810683768,2.077818040717716,2.959668812732019,2.772808240223412,1.4156103977924772,-50.130325922633546
2026-04-15T15:27:20.556,4.003324508865148,4.004735470100371,4.0044364931843575,4.002264976636468,-0.010426073810683768,2.077818040717716,2.959668812732019,2.772808240223412,1.4156103977924772,-50.130325922633546
2026-04-15T15:27:20.664,4.003442526068838,4.004546642574468,4.003990650414863,4.002338409563208,-0.013607669400476951,2.151578793023745,2.8416516090423727,2.4941565092895246,1.4615059770051175,-50.17009586750596
2026-04-15T15:27:20.773,4.003442526068838,4.004546642574468,4.003990650414863,4.002338409563208,-0.013607669400476951,2.151578793023745,2.8416516090423727,2.4941565092895246,1.4615059770051175,-50.17009586750596
2026-04-15T15:27:20.884,4.003442526068838,4.004546642574468,4.003990650414863,4.002338409563208,-0.013607669400476951,2.151578793023745,2.8416516090423727,2.4941565092895246,1.4615059770051175,-50.17009586750596
2026-04-15T15:27:20.992,4.003555298063475,4.0050737860842816,4.004037857296339,4.002878666095654,-0.02129030163060353,2.2220612896717284,3.1711163026759692,2.5236608102119362,1.7991663097838284,-50.266128770382544
2026-04-15T15:27:21.102,4.003555298063475,4.0050737860842816,4.004037857296339,4.002878666095654,-0.02129030163060353,2.2220612896717284,3.1711163026759692,2.5236608102119362,1.7991663097838284,-50.266128770382544
2026-04-15T15:27:21.211,4.003555298063475,4.0050737860842816,4.004037857296339,4.002878666095654,-0.02129030163060353,2.2220612896717284,3.1711163026759692,2.5236608102119362,1.7991663097838284,-50.266128770382544
2026-04-15T15:27:21.319,4.002692461174277,4.004913807208169,4.0035238268091575,4.003062248412505,-0.018342720113925026,1.6827882339232048,3.0711295051055743,2.202391755723454,1.9139052578154292,-50.22928400142407
2026-04-15T15:27:21.427,4.002692461174277,4.004913807208169,4.0035238268091575,4.003062248412505,-0.018342720113925026,1.6827882339232048,3.0711295051055743,2.202391755723454,1.9139052578154292,-50.22928400142407
2026-04-15T15:27:21.537,4.002692461174277,4.004913807208169,4.0035238268091575,4.003062248412505,-0.018342720113925026,1.6827882339232048,3.0711295051055743,2.202391755723454,1.9139052578154292,-50.22928400142407
2026-04-15T15:27:21.647,4.003353357514939,4.00482463865427,4.0040640833416035,4.002847194841337,-0.02080235739304526,2.0958484468369676,3.0153991589187967,2.540052088502165,1.779496775835554,-50.26002946741307
2026-04-15T15:27:21.755,4.003353357514939,4.00482463865427,4.0040640833416035,4.002847194841337,-0.02080235739304526,2.0958484468369676,3.0153991589187967,2.540052088502165,1.779496775835554,-50.26002946741307
2026-04-15T15:27:21.867,4.003353357514939,4.00482463865427,4.0040640833416035,4.002847194841337,-0.02080235739304526,2.0958484468369676,3.0153991589187967,2.540052088502165,1.779496775835554,-50.26002946741307
2026-04-15T15:27:21.975,4.002611160433958,4.004355192444039,4.00429487253993,4.002949476417868,-0.024252820215778716,1.6319752712234958,2.7219952775242584,2.6842953374561773,1.8434227611674459,-50.30316025269723
2026-04-15T15:27:22.084,4.002611160433958,4.004355192444039,4.00429487253993,4.002949476417868,-0.024252820215778716,1.6319752712234958,2.7219952775242584,2.6842953374561773,1.8434227611674459,-50.30316025269723
2026-04-15T15:27:22.192,4.002611160433958,4.004355192444039,4.00429487253993,4.002949476417868,-0.024252820215778716,1.6319752712234958,2.7219952775242584,2.6842953374561773,1.8434227611674459,-50.30316025269723
2026-04-15T15:27:22.303,4.002902269536392,4.004683018009843,4.004192590963399,4.002354145190367,-0.016161908113409507,1.8139184602450342,2.926886256152117,2.6203693521242855,1.4713407439792547,-50.20202385141762
2026-04-15T15:27:22.411,4.002902269536392,4.004683018009843,4.004192590963399,4.002354145190367,-0.016161908113409507,1.8139184602450342,2.926886256152117,2.6203693521242855,1.4713407439792547,-50.20202385141762
2026-04-15T15:27:22.520,4.002902269536392,4.004683018009843,4.004192590963399,4.002354145190367,-0.016161908113409507,1.8139184602450342,2.926886256152117,2.6203693521242855,1.4713407439792547,-50.20202385141762
2026-04-15T15:27:22.630,4.003054380598925,4.004591226851417,4.004271269099192,4.003196001243353,-0.015848229674979196,1.9089878743283606,2.8695167821357614,2.6695431869949715,1.9975007770955955,-50.19810287093725
2026-04-15T15:27:22.738,4.003054380598925,4.004591226851417,4.004271269099192,4.003196001243353,-0.015848229674979196,1.9089878743283606,2.8695167821357614,2.6695431869949715,1.9975007770955955,-50.19810287093725
2026-04-15T15:27:22.847,4.003054380598925,4.004591226851417,4.004271269099192,4.003196001243353,-0.015848229674979196,1.9089878743283606,2.8695167821357614,2.6695431869949715,1.9975007770955955,-50.19810287093725
2026-04-15T15:27:22.956,4.0032353403112495,4.004748583123003,4.003783464657275,4.003180265616194,-0.017456454049788583,2.0220876945309385,2.9678644518771335,2.364665410796718,1.9876660101214583,-50.218205675622364
2026-04-15T15:27:23.065,4.0032353403112495,4.004748583123003,4.003783464657275,4.003180265616194,-0.017456454049788583,2.0220876945309385,2.9678644518771335,2.364665410796718,1.9876660101214583,-50.218205675622364
2026-04-15T15:27:23.175,4.0032353403112495,4.004748583123003,4.003783464657275,4.003180265616194,-0.017456454049788583,2.0220876945309385,2.9678644518771335,2.364665410796718,1.9876660101214583,-50.218205675622364
2026-04-15T15:27:23.283,4.002831459214178,4.004858732513114,4.00394868874244,4.002907514745445,-0.012796088678823916,1.7696620088614168,3.036707820696094,2.4679304640251587,1.81719671590308,-50.1599511084853
2026-04-15T15:27:23.392,4.002831459214178,4.004858732513114,4.00394868874244,4.002907514745445,-0.012796088678823916,1.7696620088614168,3.036707820696094,2.4679304640251587,1.81719671590308,-50.1599511084853
2026-04-15T15:27:23.501,4.002831459214178,4.004858732513114,4.00394868874244,4.002907514745445,-0.012796088678823916,1.7696620088614168,3.036707820696094,2.4679304640251587,1.81719671590308,-50.1599511084853
2026-04-15T15:27:23.610,4.002828836609652,4.004609585083103,4.0039985182284425,4.00281572358702,-0.010346409445368132,1.768022881032394,2.8809906769394766,2.499073892776593,1.7598272418872796,-50.1293301180671
2026-04-15T15:27:23.719,4.002828836609652,4.004609585083103,4.0039985182284425,4.00281572358702,-0.010346409445368132,1.768022881032394,2.8809906769394766,2.499073892776593,1.7598272418872796,-50.1293301180671
2026-04-15T15:27:23.828,4.002828836609652,4.004609585083103,4.0039985182284425,4.00281572358702,-0.010346409445368132,1.768022881032394,2.8809906769394766,2.499073892776593,1.7598272418872796,-50.1293301180671
2026-04-15T15:27:23.938,4.002805233168914,4.004735470100371,4.004313230771615,4.002773761914597,-0.009724031591339732,1.753270730571188,2.959668812732019,2.6957692322593374,1.7336011966229137,-50.12155039489174
2026-04-15T15:27:24.046,4.002805233168914,4.004735470100371,4.004313230771615,4.002773761914597,-0.009724031591339732,1.753270730571188,2.959668812732019,2.6957692322593374,1.7336011966229137,-50.12155039489174
2026-04-15T15:27:24.169,4.002805233168914,4.004735470100371,4.004313230771615,4.002773761914597,-0.009724031591339732,1.753270730571188,2.959668812732019,2.6957692322593374,1.7336011966229137,-50.12155039489174
2026-04-15T15:27:24.264,4.0028026105643875,4.004698753637001,4.004187345754346,4.003051757994399,-0.005825456713705829,1.7516316027421652,2.936721023125699,2.6170910964662397,1.9073487464993377,-50.07281820892132
2026-04-15T15:27:24.388,4.0028026105643875,4.004698753637001,4.004187345754346,4.003051757994399,-0.005825456713705829,1.7516316027421652,2.936721023125699,2.6170910964662397,1.9073487464993377,-50.07281820892132
2026-04-15T15:27:24.499,4.0028026105643875,4.004698753637001,4.004187345754346,4.003051757994399,-0.005825456713705829,1.7516316027421652,2.936721023125699,2.6170910964662397,1.9073487464993377,-50.07281820892132
2026-04-15T15:27:24.621,4.002920627768077,4.004730224891318,4.004428625370778,4.002388239049211,0.00048296521472603884,1.8253923550481943,2.9563905570739735,2.7678908567363436,1.4926494057571071,-49.99396293481592
2026-04-15T15:27:24.729,4.002920627768077,4.004730224891318,4.004428625370778,4.002388239049211,0.00048296521472603884,1.8253923550481943,2.9563905570739735,2.7678908567363436,1.4926494057571071,-49.99396293481592
2026-04-15T15:27:24.839,4.002920627768077,4.004730224891318,4.004428625370778,4.002388239049211,0.00048296521472603884,1.8253923550481943,2.9563905570739735,2.7678908567363436,1.4926494057571071,-49.99396293481592
2026-04-15T15:27:24.948,4.003104210084929,4.004544019969941,4.004630565919314,4.002354145190367,-0.0005526715343772198,1.9401313030803502,2.84001248121335,2.8941036995711045,1.4713407439792547,-50.00690839417972
2026-04-15T15:27:25.058,4.003104210084929,4.004544019969941,4.004630565919314,4.002354145190367,-0.0005526715343772198,1.9401313030803502,2.84001248121335,2.8941036995711045,1.4713407439792547,-50.00690839417972
2026-04-15T15:27:25.166,4.003104210084929,4.004544019969941,4.004630565919314,4.002354145190367,-0.0005526715343772198,1.9401313030803502,2.84001248121335,2.8941036995711045,1.4713407439792547,-50.00690839417972
2026-04-15T15:27:25.275,4.0031907560343,4.0048272612587965,4.003977537392231,4.002663612524486,0.0004979022832227205,1.9942225214375497,3.0170382867478196,2.4859608701444103,1.6647578278039532,-49.99377622145972
2026-04-15T15:27:25.384,4.0031907560343,4.0048272612587965,4.003977537392231,4.002663612524486,0.0004979022832227205,1.9942225214375497,3.0170382867478196,2.4859608701444103,1.6647578278039532,-49.99377622145972
2026-04-15T15:27:25.492,4.0031907560343,4.0048272612587965,4.003977537392231,4.002663612524486,0.0004979022832227205,1.9942225214375497,3.0170382867478196,2.4859608701444103,1.6647578278039532,-49.99377622145972
2026-04-15T15:27:25.602,4.002786874937229,4.004947901067013,4.004389286302882,4.002380371235631,-0.007229541152393902,1.741796835768028,3.0924381668828715,2.7433039393010006,1.4877320222694834,-50.09036926440492
2026-04-15T15:27:25.711,4.002786874937229,4.004947901067013,4.004389286302882,4.002380371235631,-0.007229541152393902,1.741796835768028,3.0924381668828715,2.7433039393010006,1.4877320222694834,-50.09036926440492
2026-04-15T15:27:25.821,4.002786874937229,4.004947901067013,4.004389286302882,4.002380371235631,-0.007229541152393902,1.741796835768028,3.0924381668828715,2.7433039393010006,1.4877320222694834,-50.09036926440492
2026-04-15T15:27:25.930,4.00345563909147,4.005058050457123,4.004111290223079,4.003772974239169,-0.00737393281452849,2.1597744321688594,3.161281535701832,2.5695563894245765,2.3581088994806265,-50.0921741601816
2026-04-15T15:27:26.038,4.00345563909147,4.005058050457123,4.004111290223079,4.003772974239169,-0.00737393281452849,2.1597744321688594,3.161281535701832,2.5695563894245765,2.3581088994806265,-50.0921741601816
2026-04-15T15:27:26.147,4.00345563909147,4.005058050457123,4.004111290223079,4.003772974239169,-0.00737393281452849,2.1597744321688594,3.161281535701832,2.5695563894245765,2.3581088994806265,-50.0921741601816
2026-04-15T15:27:26.255,4.002516746671006,4.0051157477567045,4.003660202244532,4.002445936348792,-0.007398827928689626,1.5729666693786726,3.197342347940335,2.287626402832643,1.5287102179950551,-50.092485349108614
2026-04-15T15:27:26.364,4.002516746671006,4.0051157477567045,4.003660202244532,4.002445936348792,-0.007398827928689626,1.5729666693786726,3.197342347940335,2.287626402832643,1.5287102179950551,-50.092485349108614
2026-04-15T15:27:26.473,4.002516746671006,4.0051157477567045,4.003660202244532,4.002445936348792,-0.007398827928689626,1.5729666693786726,3.197342347940335,2.287626402832643,1.5287102179950551,-50.092485349108614
2026-04-15T15:27:26.581,4.003198623847879,4.005254745796606,4.003557920668001,4.002692461174277,-0.013139641254247594,1.9991399049246183,3.284216122878547,2.2237004175007513,1.6827882339232048,-50.1642455156781
2026-04-15T15:27:26.691,4.003198623847879,4.005254745796606,4.003557920668001,4.002692461174277,-0.013139641254247594,1.9991399049246183,3.284216122878547,2.2237004175007513,1.6827882339232048,-50.1642455156781
2026-04-15T15:27:26.799,4.003198623847879,4.005254745796606,4.003557920668001,4.002692461174277,-0.013139641254247594,1.9991399049246183,3.284216122878547,2.2237004175007513,1.6827882339232048,-50.1642455156781
2026-04-15T15:27:26.907,4.003009796321976,4.00467777280079,4.004116535432132,4.002857685259443,-0.0027982108317116893,1.8811227012349718,2.923608000493516,2.5728346450826223,1.7860532871516455,-50.034977635396395
2026-04-15T15:27:27.017,4.003009796321976,4.00467777280079,4.004116535432132,4.002857685259443,-0.0027982108317116893,1.8811227012349718,2.923608000493516,2.5728346450826223,1.7860532871516455,-50.034977635396395
2026-04-15T15:27:27.127,4.003009796321976,4.00467777280079,4.004116535432132,4.002857685259443,-0.0027982108317116893,1.8811227012349718,2.923608000493516,2.5728346450826223,1.7860532871516455,-50.034977635396395
2026-04-15T15:27:27.235,4.0029468538133415,4.004961014089645,4.004321098585194,4.002865553073022,-0.009141485919969147,1.841783633338423,3.100633806027986,2.700686615746406,1.790970670638714,-50.11426857399961
2026-04-15T15:27:27.344,4.0029468538133415,4.004961014089645,4.004321098585194,4.002865553073022,-0.009141485919969147,1.841783633338423,3.100633806027986,2.700686615746406,1.790970670638714,-50.11426857399961
2026-04-15T15:27:27.452,4.0029468538133415,4.004961014089645,4.004321098585194,4.002865553073022,-0.009141485919969147,1.841783633338423,3.100633806027986,2.700686615746406,1.790970670638714,-50.11426857399961
2026-04-15T15:27:27.576,4.003358602723992,4.005165577242707,4.0044968130884655,4.003631353594741,-0.013796872268101584,2.0991267024950133,3.2284857766917696,2.810508180290938,2.2695959967133916,-50.172460903351265
2026-04-15T15:27:27.669,4.003358602723992,4.005165577242707,4.0044968130884655,4.003631353594741,-0.013796872268101584,2.0991267024950133,3.2284857766917696,2.810508180290938,2.2695959967133916,-50.172460903351265
2026-04-15T15:27:27.794,4.003358602723992,4.005165577242707,4.0044968130884655,4.003631353594741,-0.013796872268101584,2.0991267024950133,3.2284857766917696,2.810508180290938,2.2695959967133916,-50.172460903351265
2026-04-15T15:27:27.902,4.003348112305886,4.005503893226617,4.004349947234985,4.003148794361877,-0.002111105680864335,2.092570191178922,3.4399332666357196,2.7187170218656576,1.9679964761731839,-50.026388821010805
2026-04-15T15:27:28.011,4.003348112305886,4.005503893226617,4.004349947234985,4.003148794361877,-0.002111105680864335,2.092570191178922,3.4399332666357196,2.7187170218656576,1.9679964761731839,-50.026388821010805
2026-04-15T15:27:28.122,4.003348112305886,4.005503893226617,4.004349947234985,4.003148794361877,-0.002111105680864335,2.092570191178922,3.4399332666357196,2.7187170218656576,1.9679964761731839,-50.026388821010805
2026-04-15T15:27:28.231,4.003143549152824,4.0046410563374195,4.004011631251075,4.002726555033121,-0.014722970514895845,1.9647182205151381,2.900660210887196,2.5072695319217075,1.704096895700502,-50.1840371314362
2026-04-15T15:27:28.342,4.003143549152824,4.0046410563374195,4.004011631251075,4.002726555033121,-0.014722970514895845,1.9647182205151381,2.900660210887196,2.5072695319217075,1.704096895700502,-50.1840371314362
2026-04-15T15:27:28.466,4.003143549152824,4.0046410563374195,4.004011631251075,4.002726555033121,-0.014722970514895845,1.9647182205151381,2.900660210887196,2.5072695319217075,1.704096895700502,-50.1840371314362
2026-04-15T15:27:28.576,4.003466129509576,4.005005598366594,4.004384041093829,4.0037336351712725,-0.008822828458706607,2.166330943484951,3.1284989791213746,2.740025683642955,2.3335219820452835,-50.11028535573383
2026-04-15T15:27:28.683,4.003466129509576,4.005005598366594,4.004384041093829,4.0037336351712725,-0.008822828458706607,2.166330943484951,3.1284989791213746,2.740025683642955,2.3335219820452835,-50.11028535573383
2026-04-15T15:27:28.792,4.003466129509576,4.005005598366594,4.004384041093829,4.0037336351712725,-0.008822828458706607,2.166330943484951,3.1284989791213746,2.740025683642955,2.3335219820452835,-50.11028535573383
2026-04-15T15:27:28.901,4.003397941791889,4.005273104028291,4.004032612087286,4.002773761914597,-0.011342214011813572,2.1237136199303563,3.295690017681707,2.5203825545538905,1.7336011966229137,-50.14177767514767
2026-04-15T15:27:29.010,4.003397941791889,4.005273104028291,4.004032612087286,4.002773761914597,-0.011342214011813572,2.1237136199303563,3.295690017681707,2.5203825545538905,1.7336011966229137,-50.14177767514767
2026-04-15T15:27:29.119,4.003397941791889,4.005273104028291,4.004032612087286,4.002773761914597,-0.011342214011813572,2.1237136199303563,3.295690017681707,2.5203825545538905,1.7336011966229137,-50.14177767514767
2026-04-15T15:27:29.229,4.003786087261801,4.004732847495845,4.004373550675723,4.003872633211174,-0.009733989637004186,2.366304538625741,2.9580296849029963,2.7334691723268634,2.4203957569834955,-50.12167487046255
2026-04-15T15:27:29.340,4.003786087261801,4.004732847495845,4.004373550675723,4.003872633211174,-0.009733989637004186,2.366304538625741,2.9580296849029963,2.7334691723268634,2.4203957569834955,-50.12167487046255
2026-04-15T15:27:29.447,4.003786087261801,4.004732847495845,4.004373550675723,4.003872633211174,-0.009733989637004186,2.366304538625741,2.9580296849029963,2.7334691723268634,2.4203957569834955,-50.12167487046255
2026-04-15T15:27:29.556,4.00297045725408,4.004974127112277,4.004415512348147,4.00288915651376,0.0016928677629572495,1.856535783800184,3.1088294451731002,2.7596952175917844,1.8057228210999199,-49.97883915296303
2026-04-15T15:27:29.665,4.00297045725408,4.004974127112277,4.004415512348147,4.00288915651376,0.0016928677629572495,1.856535783800184,3.1088294451731002,2.7596952175917844,1.8057228210999199,-49.97883915296303
2026-04-15T15:27:29.774,4.00297045725408,4.004974127112277,4.004415512348147,4.00288915651376,0.0016928677629572495,1.856535783800184,3.1088294451731002,2.7596952175917844,1.8057228210999199,-49.97883915296303
2026-04-15T15:27:29.884,4.0031933786388265,4.004470587043201,4.0036497118264265,4.003004551112923,-0.009036926440492378,1.9958616492665726,2.7941169020007095,2.2810698915165517,1.877844445576926,-50.11296158050615
2026-04-15T15:27:29.995,4.0031933786388265,4.004470587043201,4.0036497118264265,4.003004551112923,-0.009036926440492378,1.9958616492665726,2.7941169020007095,2.2810698915165517,1.877844445576926,-50.11296158050615
2026-04-15T15:27:30.105,4.0031933786388265,4.004470587043201,4.0036497118264265,4.003004551112923,-0.009036926440492378,1.9958616492665726,2.7941169020007095,2.2810698915165517,1.877844445576926,-50.11296158050615
2026-04-15T15:27:30.215,4.003025531949135,4.004402399325514,4.004281759517299,4.002847194841337,0.005671107005906786,1.890957468209109,2.751499578446115,2.676099698311618,1.779496775835554,-49.92911116242617
2026-04-15T15:27:30.323,4.003025531949135,4.004402399325514,4.004281759517299,4.002847194841337,0.005671107005906786,1.890957468209109,2.751499578446115,2.676099698311618,1.779496775835554,-49.92911116242617
2026-04-15T15:27:30.432,4.003025531949135,4.004402399325514,4.004281759517299,4.002847194841337,0.005671107005906786,1.890957468209109,2.751499578446115,2.676099698311618,1.779496775835554,-49.92911116242617
2026-04-15T15:27:30.540,4.0030307771581874,4.004601717269523,4.004009008646548,4.0031094552939805,0.011655892450243887,1.8942357238671548,2.876073293451853,2.5056304040926847,1.9434095587378408,-49.854301344371954
2026-04-15T15:27:30.649,4.0030307771581874,4.004601717269523,4.004009008646548,4.0031094552939805,0.011655892450243887,1.8942357238671548,2.876073293451853,2.5056304040926847,1.9434095587378408,-49.854301344371954
2026-04-15T15:27:30.758,4.0030307771581874,4.004601717269523,4.004009008646548,4.0031094552939805,0.011655892450243887,1.8942357238671548,2.876073293451853,2.5056304040926847,1.9434095587378408,-49.854301344371954
2026-04-15T15:27:30.867,4.002873420886601,4.004950523671539,4.003988027810337,4.00288915651376,0.005312617361986428,1.7958880541257827,3.0940772947118944,2.4925173814605017,1.8057228210999199,-49.93359228297517
2026-04-15T15:27:30.976,4.002873420886601,4.004950523671539,4.003988027810337,4.00288915651376,0.005312617361986428,1.7958880541257827,3.0940772947118944,2.4925173814605017,1.8057228210999199,-49.93359228297517
2026-04-15T15:27:31.085,4.002873420886601,4.004950523671539,4.003988027810337,4.00288915651376,0.005312617361986428,1.7958880541257827,3.0940772947118944,2.4925173814605017,1.8057228210999199,-49.93359228297517
2026-04-15T15:27:31.193,4.003046512785346,4.005330801327872,4.003508091181999,4.003177643011668,0.010829374660094171,1.904070490841292,3.3317508299202103,2.192556988749317,1.9860268822924354,-49.86463281674882
2026-04-15T15:27:31.303,4.003046512785346,4.005330801327872,4.003508091181999,4.003177643011668,0.010829374660094171,1.904070490841292,3.3317508299202103,2.192556988749317,1.9860268822924354,-49.86463281674882
2026-04-15T15:27:31.412,4.003046512785346,4.005330801327872,4.003508091181999,4.003177643011668,0.010829374660094171,1.904070490841292,3.3317508299202103,2.192556988749317,1.9860268822924354,-49.86463281674882
2026-04-15T15:27:31.521,4.002933740790709,4.005060673061649,4.004609585083103,4.003327131469675,0.008917429892518924,1.8335879941933086,3.162920663530855,2.8809906769394766,2.079457168546739,-49.88853212634351
2026-04-15T15:27:31.631,4.002933740790709,4.005060673061649,4.004609585083103,4.003327131469675,0.008917429892518924,1.8335879941933086,3.162920663530855,2.8809906769394766,2.079457168546739,-49.88853212634351
2026-04-15T15:27:31.740,4.002933740790709,4.005060673061649,4.004609585083103,4.003327131469675,0.008917429892518924,1.8335879941933086,3.162920663530855,2.8809906769394766,2.079457168546739,-49.88853212634351
2026-04-15T15:27:31.848,4.0032353403112495,4.004690885823422,4.0037939550753805,4.002794742750808,0.007911667280409028,2.0220876945309385,2.9318036396386304,2.3712219221128095,1.7467142192550966,-49.90110415899488
2026-04-15T15:27:31.957,4.0032353403112495,4.004690885823422,4.0037939550753805,4.002794742750808,0.007911667280409028,2.0220876945309385,2.9318036396386304,2.3712219221128095,1.7467142192550966,-49.90110415899488
2026-04-15T15:27:32.067,4.0032353403112495,4.004690885823422,4.0037939550753805,4.002794742750808,0.007911667280409028,2.0220876945309385,2.9318036396386304,2.3712219221128095,1.7467142192550966,-49.90110415899488
2026-04-15T15:27:32.178,4.0027186872195415,4.005123615570284,4.003513336391052,4.0031330587347185,0.01430473259698876,1.6991795122134334,3.2022597314274037,2.1958352444073626,1.9581617091990466,-49.82119084253764
2026-04-15T15:27:32.289,4.0027186872195415,4.005123615570284,4.003513336391052,4.0031330587347185,0.01430473259698876,1.6991795122134334,3.2022597314274037,2.1958352444073626,1.9581617091990466,-49.82119084253764
2026-04-15T15:27:32.400,4.0027186872195415,4.005123615570284,4.003513336391052,4.0031330587347185,0.01430473259698876,1.6991795122134334,3.2022597314274037,2.1958352444073626,1.9581617091990466,-49.82119084253764
2026-04-15T15:27:32.510,4.003397941791889,4.004609585083103,4.004431247975305,4.003484487741261,0.0005725876257061286,2.1237136199303563,2.8809906769394766,2.7695299845653665,2.177804838288111,-49.99284265467867
2026-04-15T15:27:32.618,4.003397941791889,4.004609585083103,4.004431247975305,4.003484487741261,0.0005725876257061286,2.1237136199303563,2.8809906769394766,2.7695299845653665,2.177804838288111,-49.99284265467867
2026-04-15T15:27:32.726,4.003397941791889,4.004609585083103,4.004431247975305,4.003484487741261,0.0005725876257061286,2.1237136199303563,2.8809906769394766,2.7695299845653665,2.177804838288111,-49.99284265467867
2026-04-15T15:27:32.834,4.003083229248716,4.004992485343962,4.003856897584015,4.003140926548298,0.005596421663423379,1.9270182804476121,3.1203033399762603,2.4105609900093583,1.9630790926861152,-49.930044729207204
2026-04-15T15:27:32.944,4.003083229248716,4.004992485343962,4.003856897584015,4.003140926548298,0.005596421663423379,1.9270182804476121,3.1203033399762603,2.4105609900093583,1.9630790926861152,-49.930044729207204
2026-04-15T15:27:33.053,4.003083229248716,4.004992485343962,4.003856897584015,4.003140926548298,0.005596421663423379,1.9270182804476121,3.1203033399762603,2.4105609900093583,1.9630790926861152,-49.930044729207204
2026-04-15T15:27:33.162,4.002959966835974,4.00520753891513,4.003817558516118,4.003374338351151,0.008504170997444067,1.8499792724835373,3.2547118219561355,2.3859740725740153,2.1089614694691505,-49.89369786253195
2026-04-15T15:27:33.270,4.002959966835974,4.00520753891513,4.003817558516118,4.003374338351151,0.008504170997444067,1.8499792724835373,3.2547118219561355,2.3859740725740153,2.1089614694691505,-49.89369786253195
2026-04-15T15:27:33.380,4.002959966835974,4.00520753891513,4.003817558516118,4.003374338351151,0.008504170997444067,1.8499792724835373,3.2547118219561355,2.3859740725740153,2.1089614694691505,-49.89369786253195
2026-04-15T15:27:33.489,4.003374338351151,4.004997730553016,4.004601717269523,4.003497600763893,0.013204368551066548,2.1089614694691505,3.123581595634861,2.876073293451853,2.1860004774332253,-49.83494539311167
2026-04-15T15:27:33.599,4.003374338351151,4.004997730553016,4.004601717269523,4.003497600763893,0.013204368551066548,2.1089614694691505,3.123581595634861,2.876073293451853,2.1860004774332253,-49.83494539311167
2026-04-15T15:27:33.706,4.003374338351151,4.004997730553016,4.004601717269523,4.003497600763893,0.013204368551066548,2.1089614694691505,3.123581595634861,2.876073293451853,2.1860004774332253,-49.83494539311167
2026-04-15T15:27:33.815,4.003723144753167,4.0048770907448,4.004087686782342,4.003143549152824,0.00714489776424604,2.326965470729192,3.048181715499809,2.554804238963926,1.9647182205151381,-49.91068877794692
2026-04-15T15:27:33.925,4.003723144753167,4.0048770907448,4.004087686782342,4.003143549152824,0.00714489776424604,2.326965470729192,3.048181715499809,2.554804238963926,1.9647182205151381,-49.91068877794692
2026-04-15T15:27:34.035,4.003723144753167,4.0048770907448,4.004087686782342,4.003143549152824,0.00714489776424604,2.326965470729192,3.048181715499809,2.554804238963926,1.9647182205151381,-49.91068877794692
2026-04-15T15:27:34.143,4.003172397802615,4.005131483383864,4.003594637131371,4.00281572358702,0.018034020698326936,1.9827486266343897,3.2071771149150274,2.2466482071070715,1.7598272418872796,-49.77457474127092
2026-04-15T15:27:34.252,4.003172397802615,4.005131483383864,4.003594637131371,4.00281572358702,0.018034020698326936,1.9827486266343897,3.2071771149150274,2.2466482071070715,1.7598272418872796,-49.77457474127092
2026-04-15T15:27:34.362,4.003172397802615,4.005131483383864,4.003594637131371,4.00281572358702,0.018034020698326936,1.9827486266343897,3.2071771149150274,2.2466482071070715,1.7598272418872796,-49.77457474127092
2026-04-15T15:27:34.471,4.003762483821063,4.00414800668645,4.004134893663817,4.002380371235631,0.018253097702944934,2.351552388164535,2.592504179031452,2.5843085398857824,1.4877320222694834,-49.77183627871319
2026-04-15T15:27:34.581,4.003762483821063,4.00414800668645,4.004134893663817,4.002380371235631,0.018253097702944934,2.351552388164535,2.592504179031452,2.5843085398857824,1.4877320222694834,-49.77183627871319
2026-04-15T15:27:34.691,4.003762483821063,4.00414800668645,4.004134893663817,4.002380371235631,0.018253097702944934,2.351552388164535,2.592504179031452,2.5843085398857824,1.4877320222694834,-49.77183627871319
2026-04-15T15:27:34.801,4.003460884300523,4.0050973895250195,4.004502058297518,4.003057003203452,0.02267944900079492,2.163052687826905,3.185868453137175,2.813786435948984,1.9106270021573835,-49.71650688749006
2026-04-15T15:27:34.910,4.003460884300523,4.0050973895250195,4.004502058297518,4.003057003203452,0.02267944900079492,2.163052687826905,3.185868453137175,2.813786435948984,1.9106270021573835,-49.71650688749006
2026-04-15T15:27:35.020,4.003460884300523,4.0050973895250195,4.004502058297518,4.003057003203452,0.02267944900079492,2.163052687826905,3.185868453137175,2.813786435948984,1.9106270021573835,-49.71650688749006
2026-04-15T15:27:35.131,4.004035234691813,4.004793167399953,4.00452303913373,4.002700328987856,0.012392787829413514,2.5220216823829134,2.9957296249705223,2.826899458581167,1.6877056174102734,-49.84509015213233
2026-04-15T15:27:35.241,4.004035234691813,4.004793167399953,4.00452303913373,4.002700328987856,0.012392787829413514,2.5220216823829134,2.9957296249705223,2.826899458581167,1.6877056174102734,-49.84509015213233
2026-04-15T15:27:35.350,4.004035234691813,4.004793167399953,4.00452303913373,4.002700328987856,0.012392787829413514,2.5220216823829134,2.9957296249705223,2.826899458581167,1.6877056174102734,-49.84509015213233
2026-04-15T15:27:35.460,4.003704786521482,4.004334211607826,4.003867388002121,4.003001928508397,0.014648285172412437,2.315491575926032,2.7088822548915203,2.41711750132545,1.8762053177479032,-49.816896435344844
2026-04-15T15:27:35.569,4.003704786521482,4.004334211607826,4.003867388002121,4.003001928508397,0.014648285172412437,2.315491575926032,2.7088822548915203,2.41711750132545,1.8762053177479032,-49.816896435344844
2026-04-15T15:27:35.677,4.003704786521482,4.004334211607826,4.003867388002121,4.003001928508397,0.014648285172412437,2.315491575926032,2.7088822548915203,2.41711750132545,1.8762053177479032,-49.816896435344844
2026-04-15T15:27:35.786,4.002870798282075,4.005364895186716,4.004024744273707,4.002784252332702,0.009151443965633601,1.7942489262967598,3.3530594916975076,2.515465171066822,1.7401577079390051,-49.885606950429576
2026-04-15T15:27:35.894,4.002870798282075,4.005364895186716,4.004024744273707,4.002784252332702,0.009151443965633601,1.7942489262967598,3.3530594916975076,2.515465171066822,1.7401577079390051,-49.885606950429576
2026-04-15T15:27:36.003,4.002870798282075,4.005364895186716,4.004024744273707,4.002784252332702,0.009151443965633601,1.7942489262967598,3.3530594916975076,2.515465171066822,1.7401577079390051,-49.885606950429576
2026-04-15T15:27:36.113,4.003717899544114,4.005315065700714,4.004389286302882,4.003804445493486,0.00762288395613985,2.3236872150711463,3.321916062946073,2.7433039393010006,2.377778433428901,-49.90471395054825
2026-04-15T15:27:36.222,4.003717899544114,4.005315065700714,4.004389286302882,4.003804445493486,0.00762288395613985,2.3236872150711463,3.321916062946073,2.7433039393010006,2.377778433428901,-49.90471395054825
2026-04-15T15:27:36.331,4.003717899544114,4.005315065700714,4.004389286302882,4.003804445493486,0.00762288395613985,2.3236872150711463,3.321916062946073,2.7433039393010006,2.377778433428901,-49.90471395054825
2026-04-15T15:27:36.440,4.003256321147461,4.004499435692992,4.0039381983243345,4.002501011043847,0.009410353152909418,2.0352007171631215,2.812147308119961,2.4613739527090672,1.5631319024045354,-49.88237058558863
2026-04-15T15:27:36.548,4.003256321147461,4.004499435692992,4.0039381983243345,4.002501011043847,0.009410353152909418,2.0352007171631215,2.812147308119961,2.4613739527090672,1.5631319024045354,-49.88237058558863
2026-04-15T15:27:36.659,4.003256321147461,4.004499435692992,4.0039381983243345,4.002501011043847,0.009410353152909418,2.0352007171631215,2.812147308119961,2.4613739527090672,1.5631319024045354,-49.88237058558863
2026-04-15T15:27:36.769,4.003778219448222,4.004491567879413,4.0043525698395115,4.003329754074201,0.002843022037201734,2.3613871551386723,2.8072299246328924,2.7203561496946804,2.0810962963757618,-49.96446222453498
2026-04-15T15:27:36.880,4.003778219448222,4.004491567879413,4.0043525698395115,4.003329754074201,0.002843022037201734,2.3613871551386723,2.8072299246328924,2.7203561496946804,2.0810962963757618,-49.96446222453498
2026-04-15T15:27:36.989,4.003778219448222,4.004491567879413,4.0043525698395115,4.003329754074201,0.002843022037201734,2.3613871551386723,2.8072299246328924,2.7203561496946804,2.0810962963757618,-49.96446222453498
2026-04-15T15:27:37.099,4.002742290660279,4.005044937434491,4.00395655655602,4.0030491353898725,-0.004944169672401615,1.7139316626746393,3.1530858965567177,2.4728478475122273,1.9057096186703149,-50.06180212090502
2026-04-15T15:27:37.208,4.002742290660279,4.005044937434491,4.00395655655602,4.0030491353898725,-0.004944169672401615,1.7139316626746393,3.1530858965567177,2.4728478475122273,1.9057096186703149,-50.06180212090502
2026-04-15T15:27:37.318,4.002742290660279,4.005044937434491,4.00395655655602,4.0030491353898725,-0.004944169672401615,1.7139316626746393,3.1530858965567177,2.4728478475122273,1.9057096186703149,-50.06180212090502
2026-04-15T15:27:37.426,4.003715276939587,4.0047852995863735,4.004074573759709,4.003077984039663,0.002111105680864335,2.3220480872421234,2.9908122414834537,2.5466085998182564,1.9237400247895664,-49.973611178989195
2026-04-15T15:27:37.538,4.003715276939587,4.0047852995863735,4.004074573759709,4.003077984039663,0.002111105680864335,2.3220480872421234,2.9908122414834537,2.5466085998182564,1.9237400247895664,-49.973611178989195
2026-04-15T15:27:37.648,4.003715276939587,4.0047852995863735,4.004074573759709,4.003077984039663,0.002111105680864335,2.3220480872421234,2.9908122414834537,2.5466085998182564,1.9237400247895664,-49.973611178989195
2026-04-15T15:27:37.757,4.002868175677548,4.004756450936583,4.004302740353509,4.003172397802615,0.015514635145219972,1.792609798467737,2.972781835364202,2.689212720943246,1.9827486266343897,-49.80606706068475
2026-04-15T15:27:37.866,4.002868175677548,4.004756450936583,4.004302740353509,4.003172397802615,0.015514635145219972,1.792609798467737,2.972781835364202,2.689212720943246,1.9827486266343897,-49.80606706068475
2026-04-15T15:27:37.974,4.002868175677548,4.004756450936583,4.004302740353509,4.003172397802615,0.015514635145219972,1.792609798467737,2.972781835364202,2.689212720943246,1.9827486266343897,-49.80606706068475
2026-04-15T15:27:38.084,4.003088474457769,4.004892826371957,4.004077196364236,4.003274679379146,0.004416393252185531,1.9302965361056579,3.0580164824733913,2.5482477276472792,2.0466746119662815,-49.94479508434768
2026-04-15T15:27:38.194,4.003088474457769,4.004892826371957,4.004077196364236,4.003274679379146,0.004416393252185531,1.9302965361056579,3.0580164824733913,2.5482477276472792,2.0466746119662815,-49.94479508434768
2026-04-15T15:27:38.302,4.003088474457769,4.004892826371957,4.004077196364236,4.003274679379146,0.004416393252185531,1.9302965361056579,3.0580164824733913,2.5482477276472792,2.0466746119662815,-49.94479508434768
2026-04-15T15:27:38.412,4.003177643011668,4.004961014089645,4.004462719229622,4.003437280859785,-0.003664560804519223,1.9860268822924354,3.100633806027986,2.789199518513641,2.1483005373656994,-50.045807010056485
2026-04-15T15:27:38.520,4.003177643011668,4.004961014089645,4.004462719229622,4.003437280859785,-0.003664560804519223,1.9860268822924354,3.100633806027986,2.789199518513641,2.1483005373656994,-50.045807010056485
2026-04-15T15:27:38.629,4.003177643011668,4.004961014089645,4.004462719229622,4.003437280859785,-0.003664560804519223,1.9860268822924354,3.100633806027986,2.789199518513641,2.1483005373656994,-50.045807010056485
2026-04-15T15:27:38.738,4.002747535869332,4.004646301546472,4.004627943314787,4.002996683299344,0.0040579036082651725,1.717209918332685,2.9039384665452417,2.8924645717420816,1.8729270620898575,-49.949276204896684
2026-04-15T15:27:38.846,4.002747535869332,4.004646301546472,4.004627943314787,4.002996683299344,0.0040579036082651725,1.717209918332685,2.9039384665452417,2.8924645717420816,1.8729270620898575,-49.949276204896684
2026-04-15T15:27:38.957,4.002747535869332,4.004646301546472,4.004627943314787,4.002996683299344,0.0040579036082651725,1.717209918332685,2.9039384665452417,2.8924645717420816,1.8729270620898575,-49.949276204896684
2026-04-15T15:27:39.067,4.0028026105643875,4.004504680902045,4.004546642574468,4.002902269536392,0.006940757828124724,1.7516316027421652,2.815425563778007,2.8416516090423727,1.8139184602450342,-49.91324052714844
2026-04-15T15:27:39.178,4.0028026105643875,4.004504680902045,4.004546642574468,4.002902269536392,0.006940757828124724,1.7516316027421652,2.815425563778007,2.8416516090423727,1.8139184602450342,-49.91324052714844
2026-04-15T15:27:39.289,4.0028026105643875,4.004504680902045,4.004546642574468,4.002902269536392,0.006940757828124724,1.7516316027421652,2.815425563778007,2.8416516090423727,1.8139184602450342,-49.91324052714844
2026-04-15T15:27:39.398,4.003198623847879,4.004685640614369,4.004549265178995,4.003253698542935,0.010495780130334947,1.9991399049246183,2.9285253839805847,2.8432907368719507,2.0335615893340986,-49.86880274837081
2026-04-15T15:27:39.509,4.003198623847879,4.004685640614369,4.004549265178995,4.003253698542935,0.010495780130334947,1.9991399049246183,2.9285253839805847,2.8432907368719507,2.0335615893340986,-49.86880274837081
2026-04-15T15:27:39.617,4.003198623847879,4.004685640614369,4.004549265178995,4.003253698542935,0.010495780130334947,1.9991399049246183,2.9285253839805847,2.8432907368719507,2.0335615893340986,-49.86880274837081
2026-04-15T15:27:39.727,4.003269434170093,4.004884958558378,4.003788709866328,4.003384828769256,-0.001259692776553483,2.043396356308236,3.0530990989863227,2.3679436664547637,2.115517980785242,-50.01574615970692
2026-04-15T15:27:39.836,4.003269434170093,4.004884958558378,4.003788709866328,4.003384828769256,-0.001259692776553483,2.043396356308236,3.0530990989863227,2.3679436664547637,2.115517980785242,-50.01574615970692
2026-04-15T15:27:39.946,4.003269434170093,4.004884958558378,4.003788709866328,4.003384828769256,-0.001259692776553483,2.043396356308236,3.0530990989863227,2.3679436664547637,2.115517980785242,-50.01574615970692
2026-04-15T15:27:40.056,4.002873420886601,4.005005598366594,4.004378795884776,4.002613783038484,0.0002937623471014051,1.7958880541257827,3.1284989791213746,2.736747427984909,1.6336143990525187,-49.996327970661234
2026-04-15T15:27:40.164,4.002873420886601,4.005005598366594,4.004378795884776,4.002613783038484,0.0002937623471014051,1.7958880541257827,3.1284989791213746,2.736747427984909,1.6336143990525187,-49.996327970661234
2026-04-15T15:27:40.273,4.002873420886601,4.005005598366594,4.004378795884776,4.002613783038484,0.0002937623471014051,1.7958880541257827,3.1284989791213746,2.736747427984909,1.6336143990525187,-49.996327970661234
2026-04-15T15:27:40.382,4.002978325067659,4.004832506467849,4.003615617967583,4.002855062654916,0.01013729048641459,1.8614531672866974,3.0203165424058653,2.2597612297392544,1.7844141593226226,-49.87328386891981
2026-04-15T15:27:40.491,4.002978325067659,4.004832506467849,4.003615617967583,4.002855062654916,0.01013729048641459,1.8614531672866974,3.0203165424058653,2.2597612297392544,1.7844141593226226,-49.87328386891981
2026-04-15T15:27:40.599,4.002978325067659,4.004832506467849,4.003615617967583,4.002855062654916,0.01013729048641459,1.8614531672866974,3.0203165424058653,2.2597612297392544,1.7844141593226226,-49.87328386891981
2026-04-15T15:27:40.711,4.002590179597746,4.005168199847233,4.004113912827606,4.002713442010489,0.011192843326846757,1.618862248591313,3.2301249045207925,2.5711955172535994,1.6959012565553877,-49.860089458414414
2026-04-15T15:27:40.820,4.002590179597746,4.005168199847233,4.004113912827606,4.002713442010489,0.011192843326846757,1.618862248591313,3.2301249045207925,2.5711955172535994,1.6959012565553877,-49.860089458414414
2026-04-15T15:27:40.929,4.002590179597746,4.005168199847233,4.004113912827606,4.002713442010489,0.011192843326846757,1.618862248591313,3.2301249045207925,2.5711955172535994,1.6959012565553877,-49.860089458414414
2026-04-15T15:27:41.038,4.002545595320797,4.0049295428353275,4.0045571329925735,4.003515958995578,0.01189986456902302,1.5909970754979241,3.0809642720797115,2.848208120358464,2.1974743722363854,-49.85125169288721
2026-04-15T15:27:41.145,4.002545595320797,4.0049295428353275,4.0045571329925735,4.003515958995578,0.01189986456902302,1.5909970754979241,3.0809642720797115,2.848208120358464,2.1974743722363854,-49.85125169288721
2026-04-15T15:27:41.255,4.002545595320797,4.0049295428353275,4.0045571329925735,4.003515958995578,0.01189986456902302,1.5909970754979241,3.0809642720797115,2.848208120358464,2.1974743722363854,-49.85125169288721
2026-04-15T15:27:41.363,4.003395319187362,4.004984617530383,4.004719734473213,4.004129648454764,0.010182101691904635,2.1220744921013335,3.1153859564891917,2.949834045757882,2.5810302842277366,-49.87272372885119
2026-04-15T15:27:41.473,4.003395319187362,4.004984617530383,4.004719734473213,4.004129648454764,0.010182101691904635,2.1220744921013335,3.1153859564891917,2.949834045757882,2.5810302842277366,-49.87272372885119
2026-04-15T15:27:41.581,4.003395319187362,4.004984617530383,4.004719734473213,4.004129648454764,0.010182101691904635,2.1220744921013335,3.1153859564891917,2.949834045757882,2.5810302842277366,-49.87272372885119
2026-04-15T15:27:41.690,4.003232717706723,4.004863977722167,4.00417685533624,4.003809690702539,0.003091973178813094,2.0204485667019156,3.0399860763541398,2.6105345851501482,2.3810566890869467,-49.96135033526484
2026-04-15T15:27:41.798,4.003232717706723,4.004863977722167,4.00417685533624,4.003809690702539,0.003091973178813094,2.0204485667019156,3.0399860763541398,2.6105345851501482,2.3810566890869467,-49.96135033526484
2026-04-15T15:27:41.907,4.003232717706723,4.004863977722167,4.00417685533624,4.003809690702539,0.003091973178813094,2.0204485667019156,3.0399860763541398,2.6105345851501482,2.3810566890869467,-49.96135033526484
2026-04-15T15:27:42.017,4.003995895623916,4.004452228811516,4.003828048934224,4.002443313744266,0.01756599255209758,2.4974347649475703,2.7826430071975494,2.3925305838901068,1.5270710901660323,-49.78042509309878
2026-04-15T15:27:42.127,4.003995895623916,4.004452228811516,4.003828048934224,4.002443313744266,0.01756599255209758,2.4974347649475703,2.7826430071975494,2.3925305838901068,1.5270710901660323,-49.78042509309878
2026-04-15T15:27:42.236,4.003995895623916,4.004452228811516,4.003828048934224,4.002443313744266,0.01756599255209758,2.4974347649475703,2.7826430071975494,2.3925305838901068,1.5270710901660323,-49.78042509309878
2026-04-15T15:27:42.344,4.0028445722368104,4.0046410563374195,4.004313230771615,4.003898859256438,0.0016679726487961136,1.7778576480065311,2.900660210887196,2.6957692322593374,2.436787035273724,-49.97915034189005
2026-04-15T15:27:42.452,4.0028445722368104,4.0046410563374195,4.004313230771615,4.003898859256438,0.0016679726487961136,1.7778576480065311,2.900660210887196,2.6957692322593374,2.436787035273724,-49.97915034189005
2026-04-15T15:27:42.562,4.0028445722368104,4.0046410563374195,4.004313230771615,4.003898859256438,0.0016679726487961136,1.7778576480065311,2.900660210887196,2.6957692322593374,2.436787035273724,-49.97915034189005
2026-04-15T15:27:42.670,4.00334548970136,4.005058050457123,4.004601717269523,4.003093719666822,-0.003091973178813094,2.090931063349899,3.161281535701832,2.876073293451853,1.9335747917637036,-50.03864966473517
2026-04-15T15:27:42.779,4.00334548970136,4.005058050457123,4.004601717269523,4.003093719666822,-0.003091973178813094,2.090931063349899,3.161281535701832,2.876073293451853,1.9335747917637036,-50.03864966473517
2026-04-15T15:27:42.889,4.00334548970136,4.005058050457123,4.004601717269523,4.003093719666822,-0.003091973178813094,2.090931063349899,3.161281535701832,2.876073293451853,1.9335747917637036,-50.03864966473517
2026-04-15T15:27:42.998,4.003230095102197,4.00452303913373,4.0045387747608885,4.003316641051569,-0.00616403026629728,2.0188094388728928,2.826899458581167,2.836734225555304,2.0729006572306474,-50.077050378328714
2026-04-15T15:27:43.107,4.003230095102197,4.00452303913373,4.0045387747608885,4.003316641051569,-0.00616403026629728,2.0188094388728928,2.826899458581167,2.836734225555304,2.0729006572306474,-50.077050378328714
2026-04-15T15:27:43.217,4.003230095102197,4.00452303913373,4.0045387747608885,4.003316641051569,-0.00616403026629728,2.0188094388728928,2.826899458581167,2.836734225555304,2.0729006572306474,-50.077050378328714
2026-04-15T15:27:43.340,4.003314018447043,4.004614830292155,4.003738880380325,4.003051757994399,-0.004311833772708759,2.0712615294016246,2.8842689325969673,2.3368002377033292,1.9073487464993377,-50.05389792215886
2026-04-15T15:27:43.449,4.003314018447043,4.004614830292155,4.003738880380325,4.003051757994399,-0.004311833772708759,2.0712615294016246,2.8842689325969673,2.3368002377033292,1.9073487464993377,-50.05389792215886
2026-04-15T15:27:43.558,4.003314018447043,4.004614830292155,4.003738880380325,4.003051757994399,-0.004311833772708759,2.0712615294016246,2.8842689325969673,2.3368002377033292,1.9073487464993377,-50.05389792215886
2026-04-15T15:27:43.667,4.002949476417868,4.004659414569105,4.0043315890033,4.003240585520302,-0.0007717485389952168,1.8434227611674459,2.912134105690356,2.7072431270624975,2.0253659501889842,-50.00964685673745
2026-04-15T15:27:43.776,4.002949476417868,4.004659414569105,4.0043315890033,4.003240585520302,-0.0007717485389952168,1.8434227611674459,2.912134105690356,2.7072431270624975,2.0253659501889842,-50.00964685673745
2026-04-15T15:27:43.886,4.002949476417868,4.004659414569105,4.0043315890033,4.003240585520302,-0.0007717485389952168,1.8434227611674459,2.912134105690356,2.7072431270624975,2.0253659501889842,-50.00964685673745
2026-04-15T15:27:43.994,4.003306150633463,4.004764318750162,4.004053592923498,4.0034399034643116,-0.0038985748776339015,2.066344145914556,2.9776992188512708,2.5334955771860734,2.1499396651947222,-50.04873218597042
2026-04-15T15:27:44.103,4.003306150633463,4.004764318750162,4.004053592923498,4.0034399034643116,-0.0038985748776339015,2.066344145914556,2.9776992188512708,2.5334955771860734,2.1499396651947222,-50.04873218597042
2026-04-15T15:27:44.211,4.003306150633463,4.004764318750162,4.004053592923498,4.0034399034643116,-0.0038985748776339015,2.066344145914556,2.9776992188512708,2.5334955771860734,2.1499396651947222,-50.04873218597042
2026-04-15T15:27:44.322,4.003426790441679,4.0045597555971,4.004588604246891,4.0030910970622955,0.0035799174163713603,2.141744026049608,2.849847248187487,2.8678776543067386,1.9319356639346807,-49.95525103229536
2026-04-15T15:27:44.432,4.003426790441679,4.0045597555971,4.004588604246891,4.0030910970622955,0.0035799174163713603,2.141744026049608,2.849847248187487,2.8678776543067386,1.9319356639346807,-49.95525103229536
2026-04-15T15:27:44.541,4.003426790441679,4.0045597555971,4.004588604246891,4.0030910970622955,0.0035799174163713603,2.141744026049608,2.849847248187487,2.8678776543067386,1.9319356639346807,-49.95525103229536
2026-04-15T15:27:44.650,4.0030491353898725,4.004541397365415,4.004179477940767,4.002674102942592,-0.008842744550035517,1.9057096186703149,2.838373353384327,2.612173712979171,1.6713143391200447,-50.110534306875444
2026-04-15T15:27:44.761,4.0030491353898725,4.004541397365415,4.004179477940767,4.002674102942592,-0.008842744550035517,1.9057096186703149,2.838373353384327,2.612173712979171,1.6713143391200447,-50.110534306875444
2026-04-15T15:27:44.871,4.0030491353898725,4.004541397365415,4.004179477940767,4.002674102942592,-0.008842744550035517,1.9057096186703149,2.838373353384327,2.612173712979171,1.6713143391200447,-50.110534306875444
2026-04-15T15:27:44.981,4.003211736870512,4.005076408688808,4.0041034224095,4.003161907384509,-0.003226406795283229,2.0073355440697327,3.172755430504992,2.564639005937508,1.9761921153182982,-50.04033008494104
2026-04-15T15:27:45.088,4.003211736870512,4.005076408688808,4.0041034224095,4.003161907384509,-0.003226406795283229,2.0073355440697327,3.172755430504992,2.564639005937508,1.9761921153182982,-50.04033008494104
2026-04-15T15:27:45.198,4.003211736870512,4.005076408688808,4.0041034224095,4.003161907384509,-0.003226406795283229,2.0073355440697327,3.172755430504992,2.564639005937508,1.9761921153182982,-50.04033008494104
2026-04-15T15:27:45.307,4.003077984039663,4.004937410648908,4.004174232731714,4.002876043491128,-0.011342214011813572,1.9237400247895664,3.085881655567335,2.6088954573211254,1.7975271819548055,-50.14177767514767
2026-04-15T15:27:45.416,4.003077984039663,4.004937410648908,4.004174232731714,4.002876043491128,-0.011342214011813572,1.9237400247895664,3.085881655567335,2.6088954573211254,1.7975271819548055,-50.14177767514767
2026-04-15T15:27:45.527,4.003077984039663,4.004937410648908,4.004174232731714,4.002876043491128,-0.011342214011813572,1.9237400247895664,3.085881655567335,2.6088954573211254,1.7975271819548055,-50.14177767514767
2026-04-15T15:27:45.637,4.002883911304707,4.004609585083103,4.00470662145058,4.0030438901808205,0.008300031061322752,1.8024445654418741,2.8809906769394766,2.9416384066127677,1.9024313630128242,-49.89624961173347
2026-04-15T15:27:45.745,4.002883911304707,4.004609585083103,4.00470662145058,4.0030438901808205,0.008300031061322752,1.8024445654418741,2.8809906769394766,2.9416384066127677,1.9024313630128242,-49.89624961173347
2026-04-15T15:27:45.854,4.002883911304707,4.004609585083103,4.00470662145058,4.0030438901808205,0.008300031061322752,1.8024445654418741,2.8809906769394766,2.9416384066127677,1.9024313630128242,-49.89624961173347
2026-04-15T15:27:45.965,4.0029888154857645,4.005262613610185,4.004245043053928,4.003017664135555,0.0040628826310973995,1.8680096786027889,3.2891335063656157,2.653151908704743,1.8860400847220404,-49.949213967111284
2026-04-15T15:27:46.074,4.0029888154857645,4.005262613610185,4.004245043053928,4.003017664135555,0.0040628826310973995,1.8680096786027889,3.2891335063656157,2.653151908704743,1.8860400847220404,-49.949213967111284
2026-04-15T15:27:46.182,4.0029888154857645,4.005262613610185,4.004245043053928,4.003017664135555,0.0040628826310973995,1.8680096786027889,3.2891335063656157,2.653151908704743,1.8860400847220404,-49.949213967111284
2026-04-15T15:27:46.290,4.003502845972946,4.004672527591737,4.003851652374962,4.003148794361877,0.009435248267070552,2.189278733091271,2.9203297448354704,2.4072827343513126,1.9679964761731839,-49.88205939666162
2026-04-15T15:27:46.400,4.003502845972946,4.004672527591737,4.003851652374962,4.003148794361877,0.009435248267070552,2.189278733091271,2.9203297448354704,2.4072827343513126,1.9679964761731839,-49.88205939666162
2026-04-15T15:27:46.510,4.003502845972946,4.004672527591737,4.003851652374962,4.003148794361877,0.009435248267070552,2.189278733091271,2.9203297448354704,2.4072827343513126,1.9679964761731839,-49.88205939666162
2026-04-15T15:27:46.618,4.003112077898507,4.0050134661801735,4.004009008646548,4.0031330587347185,0.0029077493340206877,1.9450486865668637,3.1334163626084433,2.5056304040926847,1.9581617091990466,-49.96365313332474
2026-04-15T15:27:46.727,4.003112077898507,4.0050134661801735,4.004009008646548,4.0031330587347185,0.0029077493340206877,1.9450486865668637,3.1334163626084433,2.5056304040926847,1.9581617091990466,-49.96365313332474
2026-04-15T15:27:46.834,4.003112077898507,4.0050134661801735,4.004009008646548,4.0031330587347185,0.0029077493340206877,1.9450486865668637,3.1334163626084433,2.5056304040926847,1.9581617091990466,-49.96365313332474
2026-04-15T15:27:46.944,4.003059625807978,4.0044784548567804,4.00402998948276,4.003355980119466,0.007588030796314261,1.9122661299864063,2.799034285487778,2.5187434267248676,2.0974875746659905,-49.90514961504607
2026-04-15T15:27:47.054,4.003059625807978,4.0044784548567804,4.00402998948276,4.003355980119466,0.007588030796314261,1.9122661299864063,2.799034285487778,2.5187434267248676,2.0974875746659905,-49.90514961504607
2026-04-15T15:27:47.163,4.003059625807978,4.0044784548567804,4.00402998948276,4.003355980119466,0.007588030796314261,1.9122661299864063,2.799034285487778,2.5187434267248676,2.0974875746659905,-49.90514961504607
2026-04-15T15:27:47.272,4.0030071737174495,4.004499435692992,4.003712654335061,4.003432035650733,-0.008290073015658296,1.879483573405949,2.812147308119961,2.3204089594131005,2.1450222817082087,-50.103625912695726
2026-04-15T15:27:47.383,4.0030071737174495,4.004499435692992,4.003712654335061,4.003432035650733,-0.008290073015658296,1.879483573405949,2.812147308119961,2.3204089594131005,2.1450222817082087,-50.103625912695726
2026-04-15T15:27:47.491,4.0030071737174495,4.004499435692992,4.003712654335061,4.003432035650733,-0.008290073015658296,1.879483573405949,2.812147308119961,2.3204089594131005,2.1450222817082087,-50.103625912695726
2026-04-15T15:27:47.600,4.002994060694817,4.004643678941946,4.003565788481581,4.003088474457769,0.0007468534248340808,1.8712879342608346,2.902299338716219,2.228617800988375,1.9302965361056579,-49.990664332189574
2026-04-15T15:27:47.709,4.002994060694817,4.004643678941946,4.003565788481581,4.003088474457769,0.0007468534248340808,1.8712879342608346,2.902299338716219,2.228617800988375,1.9302965361056579,-49.990664332189574
2026-04-15T15:27:47.818,4.002994060694817,4.004643678941946,4.003565788481581,4.003088474457769,0.0007468534248340808,1.8712879342608346,2.902299338716219,2.228617800988375,1.9302965361056579,-49.990664332189574
2026-04-15T15:27:47.928,4.00307273883061,4.005375385604822,4.003880501024753,4.003159284779983,0.00771250636711994,1.9204617691315207,3.359616003013599,2.425313140470564,1.9745529874892753,-49.903593670411
2026-04-15T15:27:48.035,4.00307273883061,4.005375385604822,4.003880501024753,4.003159284779983,0.00771250636711994,1.9204617691315207,3.359616003013599,2.425313140470564,1.9745529874892753,-49.903593670411
2026-04-15T15:27:48.145,4.00307273883061,4.005375385604822,4.003880501024753,4.003159284779983,0.00771250636711994,1.9204617691315207,3.359616003013599,2.425313140470564,1.9745529874892753,-49.903593670411
2026-04-15T15:27:48.253,4.003397941791889,4.005212784124183,4.003988027810337,4.002456426766898,0.0012696508222179374,2.1237136199303563,3.2579900776141812,2.4925173814605017,1.5352667293111466,-49.98412936472227
2026-04-15T15:27:48.361,4.003397941791889,4.005212784124183,4.003988027810337,4.002456426766898,0.0012696508222179374,2.1237136199303563,3.2579900776141812,2.4925173814605017,1.5352667293111466,-49.98412936472227
2026-04-15T15:27:48.471,4.003397941791889,4.005212784124183,4.003988027810337,4.002456426766898,0.0012696508222179374,2.1237136199303563,3.2579900776141812,2.4925173814605017,1.5352667293111466,-49.98412936472227
2026-04-15T15:27:48.581,4.00288915651376,4.004648924150999,4.004575491224259,4.003893614047386,0.005790603553880239,1.8057228210999199,2.9055775943742645,2.8596820151616242,2.4335087796162336,-49.927617455576495
2026-04-15T15:27:48.689,4.00288915651376,4.004648924150999,4.004575491224259,4.003893614047386,0.005790603553880239,1.8057228210999199,2.9055775943742645,2.8596820151616242,2.4335087796162336,-49.927617455576495
2026-04-15T15:27:48.799,4.00288915651376,4.004648924150999,4.004575491224259,4.003893614047386,0.005790603553880239,1.8057228210999199,2.9055775943742645,2.8596820151616242,2.4335087796162336,-49.927617455576495
2026-04-15T15:27:48.912,4.002839327027758,4.005050182643544,4.003534317227263,4.002726555033121,0.013239221710892137,1.7745793923484854,3.1563641522147634,2.2089482670395455,1.704096895700502,-49.834509728613845
2026-04-15T15:27:49.023,4.002839327027758,4.005050182643544,4.003534317227263,4.002726555033121,0.013239221710892137,1.7745793923484854,3.1563641522147634,2.2089482670395455,1.704096895700502,-49.834509728613845
2026-04-15T15:27:49.132,4.002839327027758,4.005050182643544,4.003534317227263,4.002726555033121,0.013239221710892137,1.7745793923484854,3.1563641522147634,2.2089482670395455,1.704096895700502,-49.834509728613845
2026-04-15T15:27:49.242,4.003188133429774,4.004601717269523,4.004473209647728,4.0030307771581874,0.0008464338814786247,1.9925833936085269,2.876073293451853,2.7957560298297324,1.8942357238671548,-49.98941957648152
2026-04-15T15:27:49.352,4.003188133429774,4.004601717269523,4.004473209647728,4.0030307771581874,0.0008464338814786247,1.9925833936085269,2.876073293451853,2.7957560298297324,1.8942357238671548,-49.98941957648152
2026-04-15T15:27:49.461,4.003188133429774,4.004601717269523,4.004473209647728,4.0030307771581874,0.0008464338814786247,1.9925833936085269,2.876073293451853,2.7957560298297324,1.8942357238671548,-49.98941957648152
2026-04-15T15:27:49.570,4.0034399034643116,4.005336046536925,4.004512548715624,4.002959966835974,0.003833847580814948,2.1499396651947222,3.335029085578256,2.8203429472650754,1.8499792724835373,-49.952076905239814
2026-04-15T15:27:49.681,4.0034399034643116,4.005336046536925,4.004512548715624,4.002959966835974,0.003833847580814948,2.1499396651947222,3.335029085578256,2.8203429472650754,1.8499792724835373,-49.952076905239814
2026-04-15T15:27:49.789,4.0034399034643116,4.005336046536925,4.004512548715624,4.002959966835974,0.003833847580814948,2.1499396651947222,3.335029085578256,2.8203429472650754,1.8499792724835373,-49.952076905239814
2026-04-15T15:27:49.898,4.002679348151645,4.004968881903224,4.004045725109918,4.003316641051569,-0.003624728621861405,1.6745925947780904,3.1055511895150545,2.528578193699005,2.0729006572306474,-50.04530910777327
2026-04-15T15:27:50.008,4.002679348151645,4.004968881903224,4.004045725109918,4.003316641051569,-0.003624728621861405,1.6745925947780904,3.1055511895150545,2.528578193699005,2.0729006572306474,-50.04530910777327
2026-04-15T15:27:50.118,4.002679348151645,4.004968881903224,4.004045725109918,4.003316641051569,-0.003624728621861405,1.6745925947780904,3.1055511895150545,2.528578193699005,2.0729006572306474,-50.04530910777327
2026-04-15T15:27:50.229,4.0034635069050495,4.0044364931843575,4.004090309386868,4.002805233168914,-0.0011501542742444843,2.164691815655928,2.772808240223412,2.5564433667923936,1.753270730571188,-50.014376928428064
2026-04-15T15:27:50.340,4.0034635069050495,4.0044364931843575,4.004090309386868,4.002805233168914,-0.0011501542742444843,2.164691815655928,2.772808240223412,2.5564433667923936,1.753270730571188,-50.014376928428064
2026-04-15T15:27:50.450,4.0034635069050495,4.0044364931843575,4.004090309386868,4.002805233168914,-0.0011501542742444843,2.164691815655928,2.772808240223412,2.5564433667923936,1.753270730571188,-50.014376928428064
2026-04-15T15:27:50.558,4.003285169797252,4.005480289785879,4.0043106081670885,4.002695083778804,0.00032861550692699554,2.053231123282373,3.425181116174514,2.6941301044303145,1.6844273617522276,-49.99589230616341
2026-04-15T15:27:50.670,4.003285169797252,4.005480289785879,4.0043106081670885,4.002695083778804,0.00032861550692699554,2.053231123282373,3.425181116174514,2.6941301044303145,1.6844273617522276,-49.99589230616341
2026-04-15T15:27:50.778,4.003285169797252,4.005480289785879,4.0043106081670885,4.002695083778804,0.00032861550692699554,2.053231123282373,3.425181116174514,2.6941301044303145,1.6844273617522276,-49.99589230616341
2026-04-15T15:27:50.888,4.0030071737174495,4.004900694185537,4.004465341834148,4.002747535869332,0.008250240833000478,1.879483573405949,3.06293386596046,2.7908386463426638,1.717209918332685,-49.896871989587495
2026-04-15T15:27:50.983,4.0030071737174495,4.004900694185537,4.004465341834148,4.002747535869332,0.008250240833000478,1.879483573405949,3.06293386596046,2.7908386463426638,1.717209918332685,-49.896871989587495
2026-04-15T15:27:51.093,4.0030071737174495,4.004900694185537,4.004465341834148,4.002747535869332,0.008250240833000478,1.879483573405949,3.06293386596046,2.7908386463426638,1.717209918332685,-49.896871989587495
2026-04-15T15:27:51.215,4.003161907384509,4.005315065700714,4.004444360997937,4.003376960955677,0.005118435471529566,1.9761921153182982,3.321916062946073,2.777725623710481,2.1106005972981734,-49.936019556605885
2026-04-15T15:27:51.326,4.003161907384509,4.005315065700714,4.004444360997937,4.003376960955677,0.005118435471529566,1.9761921153182982,3.321916062946073,2.777725623710481,2.1106005972981734,-49.936019556605885
2026-04-15T15:27:51.420,4.003161907384509,4.005315065700714,4.004444360997937,4.003376960955677,0.005118435471529566,1.9761921153182982,3.321916062946073,2.777725623710481,2.1106005972981734,-49.936019556605885
2026-04-15T15:27:51.530,4.002799987959861,4.004822016049744,4.004415512348147,4.00350022336842,-0.0008663499728075336,1.7499924749131424,3.013760031089774,2.7596952175917844,2.187639605262248,-50.01082937466009
2026-04-15T15:27:51.640,4.002799987959861,4.004822016049744,4.004415512348147,4.00350022336842,-0.0008663499728075336,1.7499924749131424,3.013760031089774,2.7596952175917844,2.187639605262248,-50.01082937466009
2026-04-15T15:27:51.748,4.002799987959861,4.004822016049744,4.004415512348147,4.00350022336842,-0.0008663499728075336,1.7499924749131424,3.013760031089774,2.7596952175917844,2.187639605262248,-50.01082937466009
2026-04-15T15:27:51.872,4.003282547192725,4.004698753637001,4.004541397365415,4.003332376678728,0.0025442806672681018,2.05159199545335,2.936721023125699,2.838373353384327,2.0827354242047846,-49.96819649165915
2026-04-15T15:27:51.979,4.003282547192725,4.004698753637001,4.004541397365415,4.003332376678728,0.0025442806672681018,2.05159199545335,2.936721023125699,2.838373353384327,2.0827354242047846,-49.96819649165915
2026-04-15T15:27:52.089,4.003282547192725,4.004698753637001,4.004541397365415,4.003332376678728,0.0025442806672681018,2.05159199545335,2.936721023125699,2.838373353384327,2.0827354242047846,-49.96819649165915
2026-04-15T15:27:52.198,4.003804445493486,4.004822016049744,4.004019499064654,4.003041267576293,-0.0007169792878407175,2.377778433428901,3.013760031089774,2.512186915408776,1.9007922351832462,-50.00896224109801
2026-04-15T15:27:52.308,4.003804445493486,4.004822016049744,4.004019499064654,4.003041267576293,-0.0007169792878407175,2.377778433428901,3.013760031089774,2.512186915408776,1.9007922351832462,-50.00896224109801
2026-04-15T15:27:52.417,4.003804445493486,4.004822016049744,4.004019499064654,4.003041267576293,-0.0007169792878407175,2.377778433428901,3.013760031089774,2.512186915408776,1.9007922351832462,-50.00896224109801
2026-04-15T15:27:52.527,4.002742290660279,4.004919052417222,4.004334211607826,4.003256321147461,-0.005671107005906786,1.7139316626746393,3.07440776076362,2.7088822548915203,2.0352007171631215,-50.07088883757383
2026-04-15T15:27:52.637,4.002742290660279,4.004919052417222,4.004334211607826,4.003256321147461,-0.005671107005906786,1.7139316626746393,3.07440776076362,2.7088822548915203,2.0352007171631215,-50.07088883757383
2026-04-15T15:27:52.745,4.002742290660279,4.004919052417222,4.004334211607826,4.003256321147461,-0.005671107005906786,1.7139316626746393,3.07440776076362,2.7088822548915203,2.0352007171631215,-50.07088883757383
2026-04-15T15:27:52.854,4.003243208124829,4.004908561999116,4.0043525698395115,4.003088474457769,0.0019567559730652917,2.027005078018007,3.0678512494475285,2.7203561496946804,1.9302965361056579,-49.97554055033668
2026-04-15T15:27:52.963,4.003243208124829,4.004908561999116,4.0043525698395115,4.003088474457769,0.0019567559730652917,2.027005078018007,3.0678512494475285,2.7203561496946804,1.9302965361056579,-49.97554055033668
2026-04-15T15:27:53.071,4.003243208124829,4.004908561999116,4.0043525698395115,4.003088474457769,0.0019567559730652917,2.027005078018007,3.0678512494475285,2.7203561496946804,1.9302965361056579,-49.97554055033668
2026-04-15T15:27:53.180,4.002629518665643,4.005081653897861,4.004045725109918,4.0033612253285185,-0.005994743490001554,1.643449166026656,3.176033686163038,2.528578193699005,2.100765830324036,-50.07493429362502
2026-04-15T15:27:53.290,4.002629518665643,4.005081653897861,4.004045725109918,4.0033612253285185,-0.005994743490001554,1.643449166026656,3.176033686163038,2.528578193699005,2.100765830324036,-50.07493429362502
2026-04-15T15:27:53.398,4.002629518665643,4.005081653897861,4.004045725109918,4.0033612253285185,-0.005994743490001554,1.643449166026656,3.176033686163038,2.528578193699005,2.100765830324036,-50.07493429362502
2026-04-15T15:27:53.521,4.0027790071236495,4.005081653897861,4.004247665658454,4.002521991880059,-0.011645934404579433,1.7368794522809594,3.176033686163038,2.6547910365337657,1.5762449250367183,-50.14557418005724
2026-04-15T15:27:53.615,4.0027790071236495,4.005081653897861,4.004247665658454,4.002521991880059,-0.011645934404579433,1.7368794522809594,3.176033686163038,2.6547910365337657,1.5762449250367183,-50.14557418005724
2026-04-15T15:27:53.724,4.0027790071236495,4.005081653897861,4.004247665658454,4.002521991880059,-0.011645934404579433,1.7368794522809594,3.176033686163038,2.6547910365337657,1.5762449250367183,-50.14557418005724
2026-04-15T15:27:53.833,4.003258943751987,4.004625320710261,4.004119158036659,4.002818346191546,-0.0076826322301265775,2.0368398449921443,2.8908254439130587,2.574473772911645,1.7614663697163024,-50.09603290287659
2026-04-15T15:27:53.942,4.003258943751987,4.004625320710261,4.004119158036659,4.002818346191546,-0.0076826322301265775,2.0368398449921443,2.8908254439130587,2.574473772911645,1.7614663697163024,-50.09603290287659
2026-04-15T15:27:54.051,4.003258943751987,4.004625320710261,4.004119158036659,4.002818346191546,-0.0076826322301265775,2.0368398449921443,2.8908254439130587,2.574473772911645,1.7614663697163024,-50.09603290287659
2026-04-15T15:27:54.162,4.002708196801436,4.0054724219723,4.004465341834148,4.003450393882417,-0.00865852070524311,1.692623000897342,3.420263732687445,2.7908386463426638,2.1564961765108137,-50.108231508815535
2026-04-15T15:27:54.272,4.002708196801436,4.0054724219723,4.004465341834148,4.003450393882417,-0.00865852070524311,1.692623000897342,3.420263732687445,2.7908386463426638,2.1564961765108137,-50.108231508815535
2026-04-15T15:27:54.381,4.002708196801436,4.0054724219723,4.004465341834148,4.003450393882417,-0.00865852070524311,1.692623000897342,3.420263732687445,2.7908386463426638,2.1564961765108137,-50.108231508815535
2026-04-15T15:27:54.489,4.003020286740082,4.005503893226617,4.00368380568527,4.002755403682912,0.0025641967585970107,1.8876792125510633,3.4399332666357196,2.302378553293849,1.7221273018197536,-49.967947540517535
2026-04-15T15:27:54.597,4.003020286740082,4.005503893226617,4.00368380568527,4.002755403682912,0.0025641967585970107,1.8876792125510633,3.4399332666357196,2.302378553293849,1.7221273018197536,-49.967947540517535
2026-04-15T15:27:54.706,4.003020286740082,4.005503893226617,4.00368380568527,4.002755403682912,0.0025641967585970107,1.8876792125510633,3.4399332666357196,2.302378553293849,1.7221273018197536,-49.967947540517535
2026-04-15T15:27:54.816,4.002642631688276,4.005039692225438,4.004635811128367,4.0029652120450265,0.005496841206778834,1.6516448051723254,3.149807640898672,2.89738195522915,1.853257528141583,-49.93128948491526
2026-04-15T15:27:54.925,4.002642631688276,4.005039692225438,4.004635811128367,4.0029652120450265,0.005496841206778834,1.6516448051723254,3.149807640898672,2.89738195522915,1.853257528141583,-49.93128948491526
2026-04-15T15:27:55.033,4.002642631688276,4.005039692225438,4.004635811128367,4.0029652120450265,0.005496841206778834,1.6516448051723254,3.149807640898672,2.89738195522915,1.853257528141583,-49.93128948491526
2026-04-15T15:27:55.143,4.002910137349972,4.004627943314787,4.0037939550753805,4.002786874937229,0.0012497347308890285,1.818835843732658,2.8924645717420816,2.3712219221128095,1.741796835768028,-49.984378315863886
2026-04-15T15:27:55.251,4.002910137349972,4.004627943314787,4.0037939550753805,4.002786874937229,0.0012497347308890285,1.818835843732658,2.8924645717420816,2.3712219221128095,1.741796835768028,-49.984378315863886
2026-04-15T15:27:55.358,4.002910137349972,4.004627943314787,4.0037939550753805,4.002786874937229,0.0012497347308890285,1.818835843732658,2.8924645717420816,2.3712219221128095,1.741796835768028,-49.984378315863886
2026-04-15T15:27:55.468,4.002873420886601,4.004606962478576,4.003689050894323,4.003098964875875,-0.0017625740826084306,1.7958880541257827,2.8793515491098987,2.3056568089518947,1.9368530474217494,-50.0220321760326
2026-04-15T15:27:55.577,4.002873420886601,4.004606962478576,4.003689050894323,4.003098964875875,-0.0017625740826084306,1.7958880541257827,2.8793515491098987,2.3056568089518947,1.9368530474217494,-50.0220321760326
2026-04-15T15:27:55.686,4.002873420886601,4.004606962478576,4.003689050894323,4.003098964875875,-0.0017625740826084306,1.7958880541257827,2.8793515491098987,2.3056568089518947,1.9368530474217494,-50.0220321760326
2026-04-15T15:27:55.810,4.002650499501854,4.005708456379679,4.004759073541109,4.00345563909147,-0.0007617904933307623,1.6565621886588389,3.5677852372995034,2.974420963193225,2.1597744321688594,-50.00952238116664
2026-04-15T15:27:55.919,4.002650499501854,4.005708456379679,4.004759073541109,4.00345563909147,-0.0007617904933307623,1.6565621886588389,3.5677852372995034,2.974420963193225,2.1597744321688594,-50.00952238116664
2026-04-15T15:27:56.027,4.002650499501854,4.005708456379679,4.004759073541109,4.00345563909147,-0.0007617904933307623,1.6565621886588389,3.5677852372995034,2.974420963193225,2.1597744321688594,-50.00952238116664
2026-04-15T15:27:56.123,4.002731800242174,4.005081653897861,4.004108667618553,4.002650499501854,0.0019567559730652917,1.7073751513585478,3.176033686163038,2.5679172615955537,1.6565621886588389,-49.97554055033668
2026-04-15T15:27:56.232,4.002731800242174,4.005081653897861,4.004108667618553,4.002650499501854,0.0019567559730652917,1.7073751513585478,3.176033686163038,2.5679172615955537,1.6565621886588389,-49.97554055033668
2026-04-15T15:27:56.356,4.002731800242174,4.005081653897861,4.004108667618553,4.002650499501854,0.0019567559730652917,1.7073751513585478,3.176033686163038,2.5679172615955537,1.6565621886588389,-49.97554055033668
2026-04-15T15:27:56.465,4.003224849893144,4.0047249796822655,4.003940820928861,4.002954721626921,-0.004107693836587444,2.015531183214847,2.9531123014159277,2.46301308053809,1.8467010168254916,-50.051346172957345
2026-04-15T15:27:56.574,4.003224849893144,4.0047249796822655,4.003940820928861,4.002954721626921,-0.004107693836587444,2.015531183214847,2.9531123014159277,2.46301308053809,1.8467010168254916,-50.051346172957345
2026-04-15T15:27:56.682,4.003224849893144,4.0047249796822655,4.003940820928861,4.002954721626921,-0.004107693836587444,2.015531183214847,2.9531123014159277,2.46301308053809,1.8467010168254916,-50.051346172957345
2026-04-15T15:27:56.791,4.0026767255471185,4.004554510388047,4.004415512348147,4.002600670015852,-0.009634409180359642,1.6729534669490675,2.8465689925294413,2.7596952175917844,1.6254187599074044,-50.1204301147545
2026-04-15T15:27:56.900,4.0026767255471185,4.004554510388047,4.004415512348147,4.002600670015852,-0.009634409180359642,1.6729534669490675,2.8465689925294413,2.7596952175917844,1.6254187599074044,-50.1204301147545
2026-04-15T15:27:57.008,4.0026767255471185,4.004554510388047,4.004415512348147,4.002600670015852,-0.009634409180359642,1.6729534669490675,2.8465689925294413,2.7596952175917844,1.6254187599074044,-50.1204301147545
2026-04-15T15:27:57.116,4.002789497541755,4.004680395405316,4.004415512348147,4.003400564396415,-0.006890967599802451,1.7434359635970509,2.925247128322539,2.7596952175917844,2.125352747759379,-50.08613709499753
2026-04-15T15:27:57.226,4.002789497541755,4.004680395405316,4.004415512348147,4.003400564396415,-0.006890967599802451,1.7434359635970509,2.925247128322539,2.7596952175917844,2.125352747759379,-50.08613709499753
2026-04-15T15:27:57.334,4.002789497541755,4.004680395405316,4.004415512348147,4.003400564396415,-0.006890967599802451,1.7434359635970509,2.925247128322539,2.7596952175917844,2.125352747759379,-50.08613709499753
2026-04-15T15:27:57.444,4.0027344228467,4.005147219011022,4.003828048934224,4.003025531949135,-0.007936562394570166,1.7090142791875707,3.2170118818886095,2.3925305838901068,1.890957468209109,-50.099207029932124
2026-04-15T15:27:57.553,4.0027344228467,4.005147219011022,4.003828048934224,4.003025531949135,-0.007936562394570166,1.7090142791875707,3.2170118818886095,2.3925305838901068,1.890957468209109,-50.099207029932124
2026-04-15T15:27:57.662,4.0027344228467,4.005147219011022,4.003828048934224,4.003025531949135,-0.007936562394570166,1.7090142791875707,3.2170118818886095,2.3925305838901068,1.890957468209109,-50.099207029932124
2026-04-15T15:27:57.771,4.003012418926502,4.005018711389226,4.004365682862144,4.00266098991996,-0.008095891125201435,1.8827618290639947,3.136694618266489,2.7285517888397948,1.6631186999749303,-50.10119863906502
2026-04-15T15:27:57.879,4.003012418926502,4.005018711389226,4.004365682862144,4.00266098991996,-0.008095891125201435,1.8827618290639947,3.136694618266489,2.7285517888397948,1.6631186999749303,-50.10119863906502
2026-04-15T15:27:57.988,4.003012418926502,4.005018711389226,4.004365682862144,4.00266098991996,-0.008095891125201435,1.8827618290639947,3.136694618266489,2.7285517888397948,1.6631186999749303,-50.10119863906502
2026-04-15T15:27:58.097,4.003096342271348,4.004774809168268,4.003995895623916,4.003051757994399,-0.0021210637265287892,1.9352139195927265,2.9842557301673622,2.4974347649475703,1.9073487464993377,-50.02651329658161
2026-04-15T15:27:58.206,4.003096342271348,4.004774809168268,4.003995895623916,4.003051757994399,-0.0021210637265287892,1.9352139195927265,2.9842557301673622,2.4974347649475703,1.9073487464993377,-50.02651329658161
2026-04-15T15:27:58.314,4.003096342271348,4.004774809168268,4.003995895623916,4.003051757994399,-0.0021210637265287892,1.9352139195927265,2.9842557301673622,2.4974347649475703,1.9073487464993377,-50.02651329658161
2026-04-15T15:27:58.423,4.003348112305886,4.004675150196263,4.004224062217716,4.003274679379146,-0.002245539297334469,2.092570191178922,2.9219688726644932,2.64003888607256,2.0466746119662815,-50.02806924121668
2026-04-15T15:27:58.533,4.003348112305886,4.004675150196263,4.004224062217716,4.003274679379146,-0.002245539297334469,2.092570191178922,2.9219688726644932,2.64003888607256,2.0466746119662815,-50.02806924121668
2026-04-15T15:27:58.643,4.003348112305886,4.004675150196263,4.004224062217716,4.003274679379146,-0.002245539297334469,2.092570191178922,2.9219688726644932,2.64003888607256,2.0466746119662815,-50.02806924121668
2026-04-15T15:27:58.754,4.002317428726997,4.0050160887847,4.004016876460128,4.003020286740082,-5.4769251154499254e-05,1.4483929543729346,3.135055490437466,2.5105477875797533,1.8876792125510633,-50.000684615639436
2026-04-15T15:27:58.862,4.002317428726997,4.0050160887847,4.004016876460128,4.003020286740082,-5.4769251154499254e-05,1.4483929543729346,3.135055490437466,2.5105477875797533,1.8876792125510633,-50.000684615639436
2026-04-15T15:27:58.974,4.002317428726997,4.0050160887847,4.004016876460128,4.003020286740082,-5.4769251154499254e-05,1.4483929543729346,3.135055490437466,2.5105477875797533,1.8876792125510633,-50.000684615639436
2026-04-15T15:27:59.083,4.0035238268091575,4.0053439143505045,4.005021333993753,4.003306150633463,-0.0076876112529588045,2.202391755723454,3.3399464690653247,3.138333746095512,2.066344145914556,-50.09609514066199
2026-04-15T15:27:59.192,4.0035238268091575,4.0053439143505045,4.005021333993753,4.003306150633463,-0.0076876112529588045,2.202391755723454,3.3399464690653247,3.138333746095512,2.066344145914556,-50.09609514066199
2026-04-15T15:27:59.300,4.0035238268091575,4.0053439143505045,4.005021333993753,4.003306150633463,-0.0076876112529588045,2.202391755723454,3.3399464690653247,3.138333746095512,2.066344145914556,-50.09609514066199
2026-04-15T15:27:59.410,4.003064871017031,4.00482463865427,4.003796577679907,4.0035054685774725,-0.004774882896105889,1.915544385644452,3.0153991589187967,2.3728610499418323,2.190917860920294,-50.05968603620132
2026-04-15T15:27:59.519,4.003064871017031,4.00482463865427,4.003796577679907,4.0035054685774725,-0.004774882896105889,1.915544385644452,3.0153991589187967,2.3728610499418323,2.190917860920294,-50.05968603620132
2026-04-15T15:27:59.628,4.003064871017031,4.00482463865427,4.003796577679907,4.0035054685774725,-0.004774882896105889,1.915544385644452,3.0153991589187967,2.3728610499418323,2.190917860920294,-50.05968603620132
2026-04-15T15:27:59.737,4.002540350111744,4.004761696145636,4.004357815048564,4.0030491353898725,0.00413258895074858,1.5877188198398784,2.976060091022248,2.723634405352726,1.9057096186703149,-49.94834263811565
2026-04-15T15:27:59.845,4.002540350111744,4.004761696145636,4.004357815048564,4.0030491353898725,0.00413258895074858,1.5877188198398784,2.976060091022248,2.723634405352726,1.9057096186703149,-49.94834263811565
2026-04-15T15:27:59.955,4.002540350111744,4.004761696145636,4.004357815048564,4.0030491353898725,0.00413258895074858,1.5877188198398784,2.976060091022248,2.723634405352726,1.9057096186703149,-49.94834263811565
2026-04-15T15:28:00.064,4.003146171757351,4.005315065700714,4.004488945274886,4.002687215965224,0.0010605318632643946,1.966357348344161,3.321916062946073,2.8055907968038696,1.679509978265159,-49.986743351709194
2026-04-15T15:28:00.174,4.003146171757351,4.005315065700714,4.004488945274886,4.002687215965224,0.0010605318632643946,1.966357348344161,3.321916062946073,2.8055907968038696,1.679509978265159,-49.986743351709194
2026-04-15T15:28:00.282,4.003146171757351,4.005315065700714,4.004488945274886,4.002687215965224,0.0010605318632643946,1.966357348344161,3.321916062946073,2.8055907968038696,1.679509978265159,-49.986743351709194
2026-04-15T15:28:00.391,4.003198623847879,4.004892826371957,4.004604339874049,4.002954721626921,-0.004107693836587444,1.9991399049246183,3.0580164824733913,2.877712421280876,1.8467010168254916,-50.051346172957345
2026-04-15T15:28:00.501,4.003198623847879,4.004892826371957,4.004604339874049,4.002954721626921,-0.004107693836587444,1.9991399049246183,3.0580164824733913,2.877712421280876,1.8467010168254916,-50.051346172957345
2026-04-15T15:28:00.612,4.003198623847879,4.004892826371957,4.004604339874049,4.002954721626921,-0.004107693836587444,1.9991399049246183,3.0580164824733913,2.877712421280876,1.8467010168254916,-50.051346172957345
2026-04-15T15:28:00.720,4.002716064615016,4.004976749716803,4.004321098585194,4.003025531949135,0.003350882366088909,1.6975403843849657,3.110468573002123,2.700686615746406,1.890957468209109,-49.95811397042389
2026-04-15T15:28:00.829,4.002716064615016,4.004976749716803,4.004321098585194,4.003025531949135,0.003350882366088909,1.6975403843849657,3.110468573002123,2.700686615746406,1.890957468209109,-49.95811397042389
2026-04-15T15:28:00.938,4.002716064615016,4.004976749716803,4.004321098585194,4.003025531949135,0.003350882366088909,1.6975403843849657,3.110468573002123,2.700686615746406,1.890957468209109,-49.95811397042389
2026-04-15T15:28:01.047,4.002713442010489,4.004976749716803,4.004058838132551,4.002994060694817,0.0049391906495693865,1.6959012565553877,3.110468573002123,2.536773832844119,1.8712879342608346,-49.938260116880386
2026-04-15T15:28:01.157,4.002713442010489,4.004976749716803,4.004058838132551,4.002994060694817,0.0049391906495693865,1.6959012565553877,3.110468573002123,2.536773832844119,1.8712879342608346,-49.938260116880386
2026-04-15T15:28:01.266,4.002713442010489,4.004976749716803,4.004058838132551,4.002994060694817,0.0049391906495693865,1.6959012565553877,3.110468573002123,2.536773832844119,1.8712879342608346,-49.938260116880386
2026-04-15T15:28:01.375,4.003054380598925,4.004593849455944,4.004171610127187,4.002716064615016,0.0010455947947677132,1.9089878743283606,2.8711559099647843,2.6072563294921025,1.6975403843849657,-49.98693006506541
2026-04-15T15:28:01.484,4.003054380598925,4.004593849455944,4.004171610127187,4.002716064615016,0.0010455947947677132,1.9089878743283606,2.8711559099647843,2.6072563294921025,1.6975403843849657,-49.98693006506541
2026-04-15T15:28:01.592,4.003054380598925,4.004593849455944,4.004171610127187,4.002716064615016,0.0010455947947677132,1.9089878743283606,2.8711559099647843,2.6072563294921025,1.6975403843849657,-49.98693006506541
2026-04-15T15:28:01.702,4.0028445722368104,4.004892826371957,4.003804445493486,4.003041267576293,-0.01391636881607504,1.7778576480065311,3.0580164824733913,2.377778433428901,1.9007922351832462,-50.17395461020093
2026-04-15T15:28:01.812,4.0028445722368104,4.004892826371957,4.003804445493486,4.003041267576293,-0.01391636881607504,1.7778576480065311,3.0580164824733913,2.377778433428901,1.9007922351832462,-50.17395461020093
2026-04-15T15:28:01.921,4.0028445722368104,4.004892826371957,4.003804445493486,4.003041267576293,-0.01391636881607504,1.7778576480065311,3.0580164824733913,2.377778433428901,1.9007922351832462,-50.17395461020093
2026-04-15T15:28:02.031,4.002603292620378,4.004426002766252,4.004121780641185,4.002747535869332,-0.0047499877819447535,1.6270578877364272,2.7662517289073207,2.576112900740668,1.717209918332685,-50.059374847274306
2026-04-15T15:28:02.141,4.002603292620378,4.004426002766252,4.004121780641185,4.002747535869332,-0.0047499877819447535,1.6270578877364272,2.7662517289073207,2.576112900740668,1.717209918332685,-50.059374847274306
2026-04-15T15:28:02.249,4.002603292620378,4.004426002766252,4.004121780641185,4.002747535869332,-0.0047499877819447535,1.6270578877364272,2.7662517289073207,2.576112900740668,1.717209918332685,-50.059374847274306
2026-04-15T15:28:02.358,4.00330877323799,4.005398989045561,4.003988027810337,4.002826214005125,-0.0036745188501836772,2.067983273743579,3.37436815347536,2.4925173814605017,1.766383753203371,-50.04593148562729
2026-04-15T15:28:02.482,4.00330877323799,4.005398989045561,4.003988027810337,4.002826214005125,-0.0036745188501836772,2.067983273743579,3.37436815347536,2.4925173814605017,1.766383753203371,-50.04593148562729
2026-04-15T15:28:02.591,4.00330877323799,4.005398989045561,4.003988027810337,4.002826214005125,-0.0036745188501836772,2.067983273743579,3.37436815347536,2.4925173814605017,1.766383753203371,-50.04593148562729
2026-04-15T15:28:02.702,4.0033192636560955,4.004197836172452,4.003870010606647,4.003161907384509,-0.00965432527168855,2.0745397850596703,2.623647607782331,2.4187566291544726,1.9761921153182982,-50.12067906589611
2026-04-15T15:28:02.811,4.0033192636560955,4.004197836172452,4.003870010606647,4.003161907384509,-0.00965432527168855,2.0745397850596703,2.623647607782331,2.4187566291544726,1.9761921153182982,-50.12067906589611
2026-04-15T15:28:02.921,4.0033192636560955,4.004197836172452,4.003870010606647,4.003161907384509,-0.00965432527168855,2.0745397850596703,2.623647607782331,2.4187566291544726,1.9761921153182982,-50.12067906589611
2026-04-15T15:28:03.032,4.003293037610831,4.004651546755525,4.003953933951494,4.002954721626921,-0.015076481135983977,2.0581485067694416,2.9072167222032874,2.4712087196837595,1.8467010168254916,-50.1884560141998
2026-04-15T15:28:03.140,4.003293037610831,4.004651546755525,4.003953933951494,4.002954721626921,-0.015076481135983977,2.0581485067694416,2.9072167222032874,2.4712087196837595,1.8467010168254916,-50.1884560141998
2026-04-15T15:28:03.250,4.003293037610831,4.004651546755525,4.003953933951494,4.002954721626921,-0.015076481135983977,2.0581485067694416,2.9072167222032874,2.4712087196837595,1.8467010168254916,-50.1884560141998
2026-04-15T15:28:03.359,4.00281572358702,4.005060673061649,4.004045725109918,4.003374338351151,-0.01084929075142308,1.7598272418872796,3.162920663530855,2.528578193699005,2.1089614694691505,-50.13561613439279
2026-04-15T15:28:03.467,4.00281572358702,4.005060673061649,4.004045725109918,4.003374338351151,-0.01084929075142308,1.7598272418872796,3.162920663530855,2.528578193699005,2.1089614694691505,-50.13561613439279
2026-04-15T15:28:03.579,4.00281572358702,4.005060673061649,4.004045725109918,4.003374338351151,-0.01084929075142308,1.7598272418872796,3.162920663530855,2.528578193699005,2.1089614694691505,-50.13561613439279
2026-04-15T15:28:03.688,4.0025744439705875,4.005320310909767,4.004334211607826,4.00281572358702,-0.001911944767575247,1.6090274816171757,3.325194318604119,2.7088822548915203,1.7598272418872796,-50.02389930959469
2026-04-15T15:28:03.796,4.0025744439705875,4.005320310909767,4.004334211607826,4.00281572358702,-0.001911944767575247,1.6090274816171757,3.325194318604119,2.7088822548915203,1.7598272418872796,-50.02389930959469
2026-04-15T15:28:03.904,4.0025744439705875,4.005320310909767,4.004334211607826,4.00281572358702,-0.001911944767575247,1.6090274816171757,3.325194318604119,2.7088822548915203,1.7598272418872796,-50.02389930959469
2026-04-15T15:28:04.014,4.002556085738902,4.005409479463665,4.003715276939587,4.002619028247537,0.001772532128272885,1.5975535868140156,3.3809246647908964,2.3220480872421234,1.6368926547105644,-49.97784334839659
2026-04-15T15:28:04.124,4.002556085738902,4.005409479463665,4.003715276939587,4.002619028247537,0.001772532128272885,1.5975535868140156,3.3809246647908964,2.3220480872421234,1.6368926547105644,-49.97784334839659
2026-04-15T15:28:04.234,4.002556085738902,4.005409479463665,4.003715276939587,4.002619028247537,0.001772532128272885,1.5975535868140156,3.3809246647908964,2.3220480872421234,1.6368926547105644,-49.97784334839659
2026-04-15T15:28:04.342,4.003004551112923,4.0051157477567045,4.0040824415732885,4.002700328987856,0.00045807010056490285,1.877844445576926,3.197342347940335,2.551525983305325,1.6877056174102734,-49.99427412374294
2026-04-15T15:28:04.451,4.003004551112923,4.0051157477567045,4.0040824415732885,4.002700328987856,0.00045807010056490285,1.877844445576926,3.197342347940335,2.551525983305325,1.6877056174102734,-49.99427412374294
2026-04-15T15:28:04.576,4.003004551112923,4.0051157477567045,4.0040824415732885,4.002700328987856,0.00045807010056490285,1.877844445576926,3.197342347940335,2.551525983305325,1.6877056174102734,-49.99427412374294
2026-04-15T15:28:04.684,4.003122568316613,4.004452228811516,4.003796577679907,4.003542185040843,-0.0009609514066198506,1.9516051978829552,2.7826430071975494,2.3728610499418323,2.213865650526614,-50.012011892582755
2026-04-15T15:28:04.792,4.003122568316613,4.004452228811516,4.003796577679907,4.003542185040843,-0.0009609514066198506,1.9516051978829552,2.7826430071975494,2.3728610499418323,2.213865650526614,-50.012011892582755
2026-04-15T15:28:04.901,4.003122568316613,4.004452228811516,4.003796577679907,4.003542185040843,-0.0009609514066198506,1.9516051978829552,2.7826430071975494,2.3728610499418323,2.213865650526614,-50.012011892582755
2026-04-15T15:28:05.011,4.003686428289797,4.0042686464946655,4.003849029770436,4.00315403957093,0.005377344658805381,2.304017681122872,2.6679040591659486,2.4056436065222897,1.9712747318312296,-49.93278319176493
2026-04-15T15:28:05.122,4.003686428289797,4.0042686464946655,4.003849029770436,4.00315403957093,0.005377344658805381,2.304017681122872,2.6679040591659486,2.4056436065222897,1.9712747318312296,-49.93278319176493
2026-04-15T15:28:05.217,4.003686428289797,4.0042686464946655,4.003849029770436,4.00315403957093,0.005377344658805381,2.304017681122872,2.6679040591659486,2.4056436065222897,1.9712747318312296,-49.93278319176493
2026-04-15T15:28:05.340,4.003025531949135,4.004336834212353,4.004326343794247,4.003182888220721,0.00687603053130577,1.890957468209109,2.710521382720543,2.7039648714044517,1.9893051379504811,-49.91404961835868
2026-04-15T15:28:05.449,4.003025531949135,4.004336834212353,4.004326343794247,4.003182888220721,0.00687603053130577,1.890957468209109,2.710521382720543,2.7039648714044517,1.9893051379504811,-49.91404961835868
2026-04-15T15:28:05.559,4.003025531949135,4.004336834212353,4.004326343794247,4.003182888220721,0.00687603053130577,1.890957468209109,2.710521382720543,2.7039648714044517,1.9893051379504811,-49.91404961835868
2026-04-15T15:28:05.654,4.0031094552939805,4.005556345317146,4.00440502193004,4.003476619927682,0.0010455947947677132,1.9434095587378408,3.472715823216177,2.753138706275138,2.1728874548010424,-49.98693006506541
2026-04-15T15:28:05.764,4.0031094552939805,4.005556345317146,4.00440502193004,4.003476619927682,0.0010455947947677132,1.9434095587378408,3.472715823216177,2.753138706275138,2.1728874548010424,-49.98693006506541
2026-04-15T15:28:05.873,4.0031094552939805,4.005556345317146,4.00440502193004,4.003476619927682,0.0010455947947677132,1.9434095587378408,3.472715823216177,2.753138706275138,2.1728874548010424,-49.98693006506541
2026-04-15T15:28:05.982,4.00292587297713,4.00517082245176,4.004079818968762,4.003167152593562,0.0002887833242691779,1.82867061070624,3.2317640323498154,2.549886855476302,1.979470370976344,-49.996390208446634
2026-04-15T15:28:06.108,4.00292587297713,4.00517082245176,4.004079818968762,4.003167152593562,0.0002887833242691779,1.82867061070624,3.2317640323498154,2.549886855476302,1.979470370976344,-49.996390208446634
2026-04-15T15:28:06.217,4.00292587297713,4.00517082245176,4.004079818968762,4.003167152593562,0.0002887833242691779,1.82867061070624,3.2317640323498154,2.549886855476302,1.979470370976344,-49.996390208446634
2026-04-15T15:28:06.326,4.002910137349972,4.005060673061649,4.004155874500029,4.0030491353898725,0.005581484594926697,1.818835843732658,3.162920663530855,2.5974215625179653,1.9057096186703149,-49.93023144256342
2026-04-15T15:28:06.437,4.002910137349972,4.005060673061649,4.004155874500029,4.0030491353898725,0.005581484594926697,1.818835843732658,3.162920663530855,2.5974215625179653,1.9057096186703149,-49.93023144256342
2026-04-15T15:28:06.546,4.002910137349972,4.005060673061649,4.004155874500029,4.0030491353898725,0.005581484594926697,1.818835843732658,3.162920663530855,2.5974215625179653,1.9057096186703149,-49.93023144256342
2026-04-15T15:28:06.656,4.003172397802615,4.005412102068192,4.003914594883597,4.003434658255259,0.0032413438637799103,1.9827486266343897,3.3825637926199192,2.4466218022478614,2.1466614095366765,-49.95948320170275
2026-04-15T15:28:06.765,4.003172397802615,4.005412102068192,4.003914594883597,4.003434658255259,0.0032413438637799103,1.9827486266343897,3.3825637926199192,2.4466218022478614,2.1466614095366765,-49.95948320170275
2026-04-15T15:28:06.874,4.003172397802615,4.005412102068192,4.003914594883597,4.003434658255259,0.0032413438637799103,1.9827486266343897,3.3825637926199192,2.4466218022478614,2.1466614095366765,-49.95948320170275
2026-04-15T15:28:06.983,4.00315403957093,4.004659414569105,4.004119158036659,4.003188133429774,0.013174494414073184,1.9712747318312296,2.912134105690356,2.574473772911645,1.9925833936085269,-49.83531881982409
2026-04-15T15:28:07.092,4.00315403957093,4.004659414569105,4.004119158036659,4.003188133429774,0.013174494414073184,1.9712747318312296,2.912134105690356,2.574473772911645,1.9925833936085269,-49.83531881982409
2026-04-15T15:28:07.202,4.00315403957093,4.004659414569105,4.004119158036659,4.003188133429774,0.013174494414073184,1.9712747318312296,2.912134105690356,2.574473772911645,1.9925833936085269,-49.83531881982409
2026-04-15T15:28:07.311,4.002721309824068,4.004759073541109,4.0041034224095,4.003581524108739,0.022251253037223376,1.7008186400424563,2.974420963193225,2.564639005937508,2.238452567961957,-49.72185933703471
2026-04-15T15:28:07.435,4.002721309824068,4.004759073541109,4.0041034224095,4.003581524108739,0.022251253037223376,1.7008186400424563,2.974420963193225,2.564639005937508,2.238452567961957,-49.72185933703471
2026-04-15T15:28:07.531,4.002721309824068,4.004759073541109,4.0041034224095,4.003581524108739,0.022251253037223376,1.7008186400424563,2.974420963193225,2.564639005937508,2.238452567961957,-49.72185933703471
2026-04-15T15:28:07.640,4.002980947672185,4.005288839655449,4.004092931991394,4.003429413046206,0.01731704141048622,1.8630922951157203,3.3055247846558444,2.5580824946214165,2.1433831538786308,-49.78353698236892
2026-04-15T15:28:07.750,4.002980947672185,4.005288839655449,4.004092931991394,4.003429413046206,0.01731704141048622,1.8630922951157203,3.3055247846558444,2.5580824946214165,2.1433831538786308,-49.78353698236892
2026-04-15T15:28:07.858,4.002980947672185,4.005288839655449,4.004092931991394,4.003429413046206,0.01731704141048622,1.8630922951157203,3.3055247846558444,2.5580824946214165,2.1433831538786308,-49.78353698236892
2026-04-15T15:28:07.968,4.003196001243353,4.004892826371957,4.004142761477397,4.003502845972946,0.019353461748867144,1.9975007770955955,3.0580164824733913,2.589225923372851,2.189278733091271,-49.75808172813916
2026-04-15T15:28:08.076,4.003196001243353,4.004892826371957,4.004142761477397,4.003502845972946,0.019353461748867144,1.9975007770955955,3.0580164824733913,2.589225923372851,2.189278733091271,-49.75808172813916
2026-04-15T15:28:08.200,4.003196001243353,4.004892826371957,4.004142761477397,4.003502845972946,0.019353461748867144,1.9975007770955955,3.0580164824733913,2.589225923372851,2.189278733091271,-49.75808172813916
2026-04-15T15:28:08.296,4.003450393882417,4.005144596406495,4.0041847231498195,4.0032169820795644,0.02219648378606888,2.1564961765108137,3.2153727540595867,2.615451968637217,2.0106137997277784,-49.72254395267414
2026-04-15T15:28:08.419,4.003450393882417,4.005144596406495,4.0041847231498195,4.0032169820795644,0.02219648378606888,2.1564961765108137,3.2153727540595867,2.615451968637217,2.0106137997277784,-49.72254395267414
2026-04-15T15:28:08.514,4.003450393882417,4.005144596406495,4.0041847231498195,4.0032169820795644,0.02219648378606888,2.1564961765108137,3.2153727540595867,2.615451968637217,2.0106137997277784,-49.72254395267414
2026-04-15T15:28:08.623,4.003258943751987,4.005839586606001,4.003935575719808,4.003083229248716,0.006622100366862183,2.0368398449921443,3.649741628750647,2.4597348248800444,1.9270182804476121,-49.917223745414226
2026-04-15T15:28:08.733,4.003258943751987,4.005839586606001,4.003935575719808,4.003083229248716,0.006622100366862183,2.0368398449921443,3.649741628750647,2.4597348248800444,1.9270182804476121,-49.917223745414226
2026-04-15T15:28:08.843,4.003258943751987,4.005839586606001,4.003935575719808,4.003083229248716,0.006622100366862183,2.0368398449921443,3.649741628750647,2.4597348248800444,1.9270182804476121,-49.917223745414226
2026-04-15T15:28:08.952,4.002828836609652,4.005587816571463,4.0042266848222425,4.002967834649553,0.008867639664196651,1.768022881032394,3.4923853571644514,2.6416780139015827,1.854896655970606,-49.88915450419754
2026-04-15T15:28:09.075,4.002828836609652,4.005587816571463,4.0042266848222425,4.002967834649553,0.008867639664196651,1.768022881032394,3.4923853571644514,2.6416780139015827,1.854896655970606,-49.88915450419754
2026-04-15T15:28:09.184,4.002828836609652,4.005587816571463,4.0042266848222425,4.002967834649553,0.008867639664196651,1.768022881032394,3.4923853571644514,2.6416780139015827,1.854896655970606,-49.88915450419754
2026-04-15T15:28:09.294,4.002878666095654,4.005197048497024,4.004239797844875,4.003182888220721,0.007458576202676353,1.7991663097838284,3.248155310640044,2.649873653046697,1.9893051379504811,-49.90676779746654
2026-04-15T15:28:09.403,4.002878666095654,4.005197048497024,4.004239797844875,4.003182888220721,0.007458576202676353,1.7991663097838284,3.248155310640044,2.649873653046697,1.9893051379504811,-49.90676779746654
2026-04-15T15:28:09.513,4.002878666095654,4.005197048497024,4.004239797844875,4.003182888220721,0.007458576202676353,1.7991663097838284,3.248155310640044,2.649873653046697,1.9893051379504811,-49.90676779746654
2026-04-15T15:28:09.622,4.002967834649553,4.004945278462486,4.004061460737077,4.00288915651376,0.013886494679081674,1.854896655970606,3.0907990390538487,2.538412960673142,1.8057228210999199,-49.82641881651148
2026-04-15T15:28:09.731,4.002967834649553,4.004945278462486,4.004061460737077,4.00288915651376,0.013886494679081674,1.854896655970606,3.0907990390538487,2.538412960673142,1.8057228210999199,-49.82641881651148
2026-04-15T15:28:09.826,4.002967834649553,4.004945278462486,4.004061460737077,4.00288915651376,0.013886494679081674,1.854896655970606,3.0907990390538487,2.538412960673142,1.8057228210999199,-49.82641881651148
2026-04-15T15:28:09.937,4.0031750204071415,4.004601717269523,4.004452228811516,4.00308060664419,0.0167096006249545,1.9843877544634125,2.876073293451853,2.7826430071975494,1.9253791526185893,-49.79112999218807
2026-04-15T15:28:10.045,4.0031750204071415,4.004601717269523,4.004452228811516,4.00308060664419,0.0167096006249545,1.9843877544634125,2.876073293451853,2.7826430071975494,1.9253791526185893,-49.79112999218807
2026-04-15T15:28:10.155,4.0031750204071415,4.004601717269523,4.004452228811516,4.00308060664419,0.0167096006249545,1.9843877544634125,2.876073293451853,2.7826430071975494,1.9253791526185893,-49.79112999218807
2026-04-15T15:28:10.265,4.00285244005039,4.00517082245176,4.0044968130884655,4.003164529989037,0.00860375145408861,1.7827750314935997,3.2317640323498154,2.810508180290938,1.9778312431478762,-49.89245310682389
2026-04-15T15:28:10.375,4.00285244005039,4.00517082245176,4.0044968130884655,4.003164529989037,0.00860375145408861,1.7827750314935997,3.2317640323498154,2.810508180290938,1.9778312431478762,-49.89245310682389
2026-04-15T15:28:10.484,4.00285244005039,4.00517082245176,4.0044968130884655,4.003164529989037,0.00860375145408861,1.7827750314935997,3.2317640323498154,2.810508180290938,1.9778312431478762,-49.89245310682389
2026-04-15T15:28:10.594,4.00280785577344,4.00508952171144,4.004357815048564,4.003282547192725,0.023092707895869775,1.754909858400211,3.1809510696501064,2.723634405352726,2.05159199545335,-49.71134115130163
2026-04-15T15:28:10.716,4.00280785577344,4.00508952171144,4.004357815048564,4.003282547192725,0.023092707895869775,1.754909858400211,3.1809510696501064,2.723634405352726,2.05159199545335,-49.71134115130163
2026-04-15T15:28:10.811,4.00280785577344,4.00508952171144,4.004357815048564,4.003282547192725,0.023092707895869775,1.754909858400211,3.1809510696501064,2.723634405352726,2.05159199545335,-49.71134115130163
2026-04-15T15:28:10.920,4.0032773019836725,4.005307197887134,4.004397154116461,4.002949476417868,0.0219624697129542,2.0483137397953044,3.3169986794590045,2.748221322788069,1.8434227611674459,-49.725469128588074
2026-04-15T15:28:11.045,4.0032773019836725,4.005307197887134,4.004397154116461,4.002949476417868,0.0219624697129542,2.0483137397953044,3.3169986794590045,2.748221322788069,1.8434227611674459,-49.725469128588074
2026-04-15T15:28:11.152,4.0032773019836725,4.005307197887134,4.004397154116461,4.002949476417868,0.0219624697129542,2.0483137397953044,3.3169986794590045,2.748221322788069,1.8434227611674459,-49.725469128588074
2026-04-15T15:28:11.262,4.002666235129013,4.004908561999116,4.004192590963399,4.00326418896104,0.0159229150174626,1.666396955632976,3.0678512494475285,2.6203693521242855,2.04011810065019,-49.80096356228172
2026-04-15T15:28:11.371,4.002666235129013,4.004908561999116,4.004192590963399,4.00326418896104,0.0159229150174626,1.666396955632976,3.0678512494475285,2.6203693521242855,2.04011810065019,-49.80096356228172
2026-04-15T15:28:11.481,4.002666235129013,4.004908561999116,4.004192590963399,4.00326418896104,0.0159229150174626,1.666396955632976,3.0678512494475285,2.6203693521242855,2.04011810065019,-49.80096356228172
2026-04-15T15:28:11.590,4.002907514745445,4.005039692225438,4.004098177200447,4.002831459214178,0.01680420205876682,1.81719671590308,3.149807640898672,2.561360750279462,1.7696620088614168,-49.78994747426542
2026-04-15T15:28:11.700,4.002907514745445,4.005039692225438,4.004098177200447,4.002831459214178,0.01680420205876682,1.81719671590308,3.149807640898672,2.561360750279462,1.7696620088614168,-49.78994747426542
2026-04-15T15:28:11.809,4.002907514745445,4.005039692225438,4.004098177200447,4.002831459214178,0.01680420205876682,1.81719671590308,3.149807640898672,2.561360750279462,1.7696620088614168,-49.78994747426542
2026-04-15T15:28:11.919,4.002519369275532,4.005296707469029,4.004237175240348,4.00350022336842,0.018596650278368612,1.5746057972076954,3.310442168142913,2.648234525217674,2.187639605262248,-49.76754187152039
2026-04-15T15:28:12.028,4.002519369275532,4.005296707469029,4.004237175240348,4.00350022336842,0.018596650278368612,1.5746057972076954,3.310442168142913,2.648234525217674,2.187639605262248,-49.76754187152039
2026-04-15T15:28:12.136,4.002519369275532,4.005296707469029,4.004237175240348,4.00350022336842,0.018596650278368612,1.5746057972076954,3.310442168142913,2.648234525217674,2.187639605262248,-49.76754187152039
2026-04-15T15:28:12.244,4.002267599240994,4.005023956598279,4.004399776720987,4.0030491353898725,0.01989617523757991,1.4172495256215,3.1399728739245347,2.749860450617092,1.9057096186703149,-49.75129780953026
2026-04-15T15:28:12.352,4.002267599240994,4.005023956598279,4.004399776720987,4.0030491353898725,0.01989617523757991,1.4172495256215,3.1399728739245347,2.749860450617092,1.9057096186703149,-49.75129780953026
2026-04-15T15:28:12.460,4.002267599240994,4.005023956598279,4.004399776720987,4.0030491353898725,0.01989617523757991,1.4172495256215,3.1399728739245347,2.749860450617092,1.9057096186703149,-49.75129780953026
2026-04-15T15:28:12.571,4.002055168274353,4.005000353157541,4.004462719229622,4.00352907201821,0.0213400918589258,1.2844801714706477,3.125220723463329,2.789199518513641,2.2056700113814998,-49.73324885176343
2026-04-15T15:28:12.680,4.002055168274353,4.005000353157541,4.004462719229622,4.00352907201821,0.0213400918589258,1.2844801714706477,3.125220723463329,2.789199518513641,2.2056700113814998,-49.73324885176343
2026-04-15T15:28:12.789,4.002055168274353,4.005000353157541,4.004462719229622,4.00352907201821,0.0213400918589258,1.2844801714706477,3.125220723463329,2.789199518513641,2.2056700113814998,-49.73324885176343
2026-04-15T15:28:12.899,4.00281572358702,4.0050160887847,4.004378795884776,4.002653122106381,0.018661377575187564,1.7598272418872796,3.135055490437466,2.736747427984909,1.6582013164878617,-49.76673278031016
2026-04-15T15:28:13.008,4.00281572358702,4.0050160887847,4.004378795884776,4.002653122106381,0.018661377575187564,1.7598272418872796,3.135055490437466,2.736747427984909,1.6582013164878617,-49.76673278031016
2026-04-15T15:28:13.118,4.00281572358702,4.0050160887847,4.004378795884776,4.002653122106381,0.018661377575187564,1.7598272418872796,3.135055490437466,2.736747427984909,1.6582013164878617,-49.76673278031016
2026-04-15T15:28:13.227,4.004087686782342,4.004323721189721,4.004656791964578,4.002584934388693,0.012372871738084604,2.554804238963926,2.702325743575429,2.910494977861333,1.6155839929332672,-49.84533910327394
2026-04-15T15:28:13.336,4.004087686782342,4.004323721189721,4.004656791964578,4.002584934388693,0.012372871738084604,2.554804238963926,2.702325743575429,2.910494977861333,1.6155839929332672,-49.84533910327394
2026-04-15T15:28:13.446,4.004087686782342,4.004323721189721,4.004656791964578,4.002584934388693,0.012372871738084604,2.554804238963926,2.702325743575429,2.910494977861333,1.6155839929332672,-49.84533910327394
2026-04-15T15:28:13.555,4.003817558516118,4.005569458339778,4.004161119709082,4.00243282332616,0.008578856339927474,2.3859740725740153,3.4809114623612913,2.600699818176011,1.5205145788499408,-49.89276429575091
2026-04-15T15:28:13.665,4.003817558516118,4.005569458339778,4.004161119709082,4.00243282332616,0.008578856339927474,2.3859740725740153,3.4809114623612913,2.600699818176011,1.5205145788499408,-49.89276429575091
2026-04-15T15:28:13.775,4.003817558516118,4.005569458339778,4.004161119709082,4.00243282332616,0.008578856339927474,2.3859740725740153,3.4809114623612913,2.600699818176011,1.5205145788499408,-49.89276429575091
2026-04-15T15:28:13.884,4.003135681339245,4.005018711389226,4.004111290223079,4.00345563909147,0.006014659581330463,1.9598008370280695,3.136694618266489,2.5695563894245765,2.1597744321688594,-49.92481675523337
2026-04-15T15:28:13.994,4.003135681339245,4.005018711389226,4.004111290223079,4.00345563909147,0.006014659581330463,1.9598008370280695,3.136694618266489,2.5695563894245765,2.1597744321688594,-49.92481675523337
2026-04-15T15:28:14.102,4.003135681339245,4.005018711389226,4.004111290223079,4.00345563909147,0.006014659581330463,1.9598008370280695,3.136694618266489,2.5695563894245765,2.1597744321688594,-49.92481675523337
2026-04-15T15:28:14.213,4.0019319058616105,4.0041244032457115,4.004667282382684,4.00277113931007,-0.0026538191695771,1.207441163506573,2.577752028569691,2.9170514891774246,1.7319620687938908,-50.033172739619715
2026-04-15T15:28:14.323,4.0019319058616105,4.0041244032457115,4.004667282382684,4.00277113931007,-0.0026538191695771,1.207441163506573,2.577752028569691,2.9170514891774246,1.7319620687938908,-50.033172739619715
2026-04-15T15:28:14.433,4.0019319058616105,4.0041244032457115,4.004667282382684,4.00277113931007,-0.0026538191695771,1.207441163506573,2.577752028569691,2.9170514891774246,1.7319620687938908,-50.033172739619715
2026-04-15T15:28:14.544,4.002207279336886,4.004426002766252,4.004402399325514,4.002451181557845,0.011884927500526339,1.3795495855539741,2.7662517289073207,2.751499578446115,1.5319884736531009,-49.85143840624342
2026-04-15T15:28:14.640,4.002207279336886,4.004426002766252,4.004402399325514,4.002451181557845,0.011884927500526339,1.3795495855539741,2.7662517289073207,2.751499578446115,1.5319884736531009,-49.85143840624342
2026-04-15T15:28:14.750,4.002207279336886,4.004426002766252,4.004402399325514,4.002451181557845,0.011884927500526339,1.3795495855539741,2.7662517289073207,2.751499578446115,1.5319884736531009,-49.85143840624342
2026-04-15T15:28:14.858,4.003395319187362,4.005543232294514,4.004601717269523,4.003180265616194,0.008608730476920836,2.1220744921013335,3.4645201840710627,2.876073293451853,1.9876660101214583,-49.892390869038486
2026-04-15T15:28:14.971,4.003395319187362,4.005543232294514,4.004601717269523,4.003180265616194,0.008608730476920836,2.1220744921013335,3.4645201840710627,2.876073293451853,1.9876660101214583,-49.892390869038486
2026-04-15T15:28:15.080,4.003395319187362,4.005543232294514,4.004601717269523,4.003180265616194,0.008608730476920836,2.1220744921013335,3.4645201840710627,2.876073293451853,1.9876660101214583,-49.892390869038486
2026-04-15T15:28:15.190,4.003675937871691,4.004884958558378,4.004667282382684,4.003285169797252,0.00425706452155426,2.2974611698067804,3.0530990989863227,2.9170514891774246,2.053231123282373,-49.94678669348057
2026-04-15T15:28:15.301,4.003675937871691,4.004884958558378,4.004667282382684,4.003285169797252,0.00425706452155426,2.2974611698067804,3.0530990989863227,2.9170514891774246,2.053231123282373,-49.94678669348057
2026-04-15T15:28:15.412,4.003675937871691,4.004884958558378,4.004667282382684,4.003285169797252,0.00425706452155426,2.2974611698067804,3.0530990989863227,2.9170514891774246,2.053231123282373,-49.94678669348057
2026-04-15T15:28:15.523,4.002325296540576,4.004307985562562,4.004551887783521,4.003348112305886,0.0018322804022596114,1.4533103378600032,2.6924909766012917,2.8449298647004184,2.092570191178922,-49.977096494971754
2026-04-15T15:28:15.632,4.002325296540576,4.004307985562562,4.004551887783521,4.003348112305886,0.0018322804022596114,1.4533103378600032,2.6924909766012917,2.8449298647004184,2.092570191178922,-49.977096494971754
2026-04-15T15:28:15.742,4.002325296540576,4.004307985562562,4.004551887783521,4.003348112305886,0.0018322804022596114,1.4533103378600032,2.6924909766012917,2.8449298647004184,2.092570191178922,-49.977096494971754
2026-04-15T15:28:15.852,4.002907514745445,4.00489807158101,4.004444360997937,4.002306938308891,-0.0017078048314539314,1.81719671590308,3.061294738131437,2.777725623710481,1.441836443056843,-50.02134756039317
2026-04-15T15:28:15.960,4.002907514745445,4.00489807158101,4.004444360997937,4.002306938308891,-0.0017078048314539314,1.81719671590308,3.061294738131437,2.777725623710481,1.441836443056843,-50.02134756039317
2026-04-15T15:28:16.071,4.002907514745445,4.00489807158101,4.004444360997937,4.002306938308891,-0.0017078048314539314,1.81719671590308,3.061294738131437,2.777725623710481,1.441836443056843,-50.02134756039317
2026-04-15T15:28:16.182,4.002466917185004,4.0057399276339964,4.004415512348147,4.003096342271348,0.0031567004756320478,1.541823240627238,3.587454771247778,2.7596952175917844,1.9352139195927265,-49.9605412440546
2026-04-15T15:28:16.293,4.002466917185004,4.0057399276339964,4.004415512348147,4.003096342271348,0.0031567004756320478,1.541823240627238,3.587454771247778,2.7596952175917844,1.9352139195927265,-49.9605412440546
2026-04-15T15:28:16.402,4.002466917185004,4.0057399276339964,4.004415512348147,4.003096342271348,0.0031567004756320478,1.541823240627238,3.587454771247778,2.7596952175917844,1.9352139195927265,-49.9605412440546
2026-04-15T15:28:16.512,4.0033192636560955,4.005732059820417,4.004074573759709,4.002705574196909,0.002613986986919283,2.0745397850596703,3.582537387760709,2.5466085998182564,1.690983873068319,-49.967325162663506
2026-04-15T15:28:16.621,4.0033192636560955,4.005732059820417,4.004074573759709,4.002705574196909,0.002613986986919283,2.0745397850596703,3.582537387760709,2.5466085998182564,1.690983873068319,-49.967325162663506
2026-04-15T15:28:16.731,4.0033192636560955,4.005732059820417,4.004074573759709,4.002705574196909,0.002613986986919283,2.0745397850596703,3.582537387760709,2.5466085998182564,1.690983873068319,-49.967325162663506
2026-04-15T15:28:16.840,4.003067493621558,4.005422592486298,4.004334211607826,4.003298282819885,-0.004794798987434798,1.917183513473475,3.3891203039360107,2.7088822548915203,2.0614267624280425,-50.059934987342935
2026-04-15T15:28:16.936,4.003067493621558,4.005422592486298,4.004334211607826,4.003298282819885,-0.004794798987434798,1.917183513473475,3.3891203039360107,2.7088822548915203,2.0614267624280425,-50.059934987342935
2026-04-15T15:28:17.046,4.003067493621558,4.005422592486298,4.004334211607826,4.003298282819885,-0.004794798987434798,1.917183513473475,3.3891203039360107,2.7088822548915203,2.0614267624280425,-50.059934987342935
2026-04-15T15:28:17.154,4.002372503422052,4.005336046536925,4.0043315890033,4.003125190921139,-0.008205429627510434,1.4828146387824148,3.335029085578256,2.7072431270624975,1.953244325711978,-50.10256787034388
2026-04-15T15:28:17.280,4.002372503422052,4.005336046536925,4.0043315890033,4.003125190921139,-0.008205429627510434,1.4828146387824148,3.335029085578256,2.7072431270624975,1.953244325711978,-50.10256787034388
2026-04-15T15:28:17.388,4.002372503422052,4.005336046536925,4.0043315890033,4.003125190921139,-0.008205429627510434,1.4828146387824148,3.335029085578256,2.7072431270624975,1.953244325711978,-50.10256787034388
2026-04-15T15:28:17.498,4.003492355554841,4.005482912390406,4.004528284342783,4.002692461174277,0.007782212686771121,2.1827222217757347,3.4268202440035367,2.8301777142392126,1.6827882339232048,-49.90272234141536
2026-04-15T15:28:17.608,4.003492355554841,4.005482912390406,4.004528284342783,4.002692461174277,0.007782212686771121,2.1827222217757347,3.4268202440035367,2.8301777142392126,1.6827882339232048,-49.90272234141536
2026-04-15T15:28:17.717,4.003492355554841,4.005482912390406,4.004528284342783,4.002692461174277,0.007782212686771121,2.1827222217757347,3.4268202440035367,2.8301777142392126,1.6827882339232048,-49.90272234141536
2026-04-15T15:28:17.840,4.00269770638333,4.005194425892498,4.0041847231498195,4.002975702463132,0.011157990167021167,1.6860664895812505,3.246516182811021,2.615451968637217,1.8598140394576745,-49.860525122912236
2026-04-15T15:28:17.950,4.00269770638333,4.005194425892498,4.0041847231498195,4.002975702463132,0.011157990167021167,1.6860664895812505,3.246516182811021,2.615451968637217,1.8598140394576745,-49.860525122912236
2026-04-15T15:28:18.058,4.00269770638333,4.005194425892498,4.0041847231498195,4.002975702463132,0.011157990167021167,1.6860664895812505,3.246516182811021,2.615451968637217,1.8598140394576745,-49.860525122912236
2026-04-15T15:28:18.167,4.003015041531029,4.005084276502387,4.004234552635822,4.002674102942592,0.0061341561293039165,1.8844009568930176,3.1776728139920607,2.6465953973886513,1.6713143391200447,-49.9233230483837
2026-04-15T15:28:18.277,4.003015041531029,4.005084276502387,4.004234552635822,4.002674102942592,0.0061341561293039165,1.8844009568930176,3.1776728139920607,2.6465953973886513,1.6713143391200447,-49.9233230483837
2026-04-15T15:28:18.385,4.003015041531029,4.005084276502387,4.004234552635822,4.002674102942592,0.0061341561293039165,1.8844009568930176,3.1776728139920607,2.6465953973886513,1.6713143391200447,-49.9233230483837
2026-04-15T15:28:18.494,4.003390073978309,4.004481077461307,4.004491567879413,4.00330090542441,0.007368953791696263,2.1187962364432877,2.800673413316801,2.8072299246328924,2.06306589025651,-49.90788807760379
2026-04-15T15:28:18.601,4.003390073978309,4.004481077461307,4.004491567879413,4.00330090542441,0.007368953791696263,2.1187962364432877,2.800673413316801,2.8072299246328924,2.06306589025651,-49.90788807760379
2026-04-15T15:28:18.713,4.003390073978309,4.004481077461307,4.004491567879413,4.00330090542441,0.007368953791696263,2.1187962364432877,2.800673413316801,2.8072299246328924,2.06306589025651,-49.90788807760379
2026-04-15T15:28:18.822,4.003450393882417,4.0053386691414525,4.004651546755525,4.003169775198089,0.001872112584917429,2.1564961765108137,3.336668213407834,2.9072167222032874,1.9811094988053668,-49.97659859268853
2026-04-15T15:28:18.931,4.003450393882417,4.0053386691414525,4.004651546755525,4.003169775198089,0.001872112584917429,2.1564961765108137,3.336668213407834,2.9072167222032874,1.9811094988053668,-49.97659859268853
2026-04-15T15:28:19.040,4.003450393882417,4.0053386691414525,4.004651546755525,4.003169775198089,0.001872112584917429,2.1564961765108137,3.336668213407834,2.9072167222032874,1.9811094988053668,-49.97659859268853
2026-04-15T15:28:19.150,4.0027344228467,4.0051996711015505,4.004182100545293,4.0028445722368104,0.0040728406767618535,1.7090142791875707,3.249794438469067,2.613812840808194,1.7778576480065311,-49.94908949154048
2026-04-15T15:28:19.258,4.0027344228467,4.0051996711015505,4.004182100545293,4.0028445722368104,0.0040728406767618535,1.7090142791875707,3.249794438469067,2.613812840808194,1.7778576480065311,-49.94908949154048
2026-04-15T15:28:19.368,4.0027344228467,4.0051996711015505,4.004182100545293,4.0028445722368104,0.0040728406767618535,1.7090142791875707,3.249794438469067,2.613812840808194,1.7778576480065311,-49.94908949154048
2026-04-15T15:28:19.477,4.003077984039663,4.005372763000295,4.0045990946649965,4.003311395842516,-0.00514830960852293,1.9237400247895664,3.357976875184576,2.87443416562283,2.0696224015726017,-50.06435387010654
2026-04-15T15:28:19.589,4.003077984039663,4.005372763000295,4.0045990946649965,4.003311395842516,-0.00514830960852293,1.9237400247895664,3.357976875184576,2.87443416562283,2.0696224015726017,-50.06435387010654
2026-04-15T15:28:19.698,4.003077984039663,4.005372763000295,4.0045990946649965,4.003311395842516,-0.00514830960852293,1.9237400247895664,3.357976875184576,2.87443416562283,2.0696224015726017,-50.06435387010654
2026-04-15T15:28:19.806,4.002986192881238,4.0051813128698655,4.004646301546472,4.003098964875875,0.00561135873192006,1.866370550773766,3.238320543665907,2.9039384665452417,1.9368530474217494,-49.929858015850996
2026-04-15T15:28:19.916,4.002986192881238,4.0051813128698655,4.004646301546472,4.003098964875875,0.00561135873192006,1.866370550773766,3.238320543665907,2.9039384665452417,1.9368530474217494,-49.929858015850996
2026-04-15T15:28:20.024,4.002986192881238,4.0051813128698655,4.004646301546472,4.003098964875875,0.00561135873192006,1.866370550773766,3.238320543665907,2.9039384665452417,1.9368530474217494,-49.929858015850996
2026-04-15T15:28:20.136,4.003098964875875,4.005155086824601,4.004646301546472,4.002708196801436,0.004630491233971301,1.9368530474217494,3.221929265375678,2.9039384665452417,1.692623000897342,-49.94211885957536
2026-04-15T15:28:20.246,4.003098964875875,4.005155086824601,4.004646301546472,4.002708196801436,0.004630491233971301,1.9368530474217494,3.221929265375678,2.9039384665452417,1.692623000897342,-49.94211885957536
2026-04-15T15:28:20.354,4.003098964875875,4.005155086824601,4.004646301546472,4.002708196801436,0.004630491233971301,1.9368530474217494,3.221929265375678,2.9039384665452417,1.692623000897342,-49.94211885957536
2026-04-15T15:28:20.462,4.003390073978309,4.004900694185537,4.0044364931843575,4.0028026105643875,0.005153288631355157,2.1187962364432877,3.06293386596046,2.772808240223412,1.7516316027421652,-49.935583892108056
2026-04-15T15:28:20.572,4.003390073978309,4.004900694185537,4.0044364931843575,4.0028026105643875,0.005153288631355157,2.1187962364432877,3.06293386596046,2.772808240223412,1.7516316027421652,-49.935583892108056
2026-04-15T15:28:20.681,4.003390073978309,4.004900694185537,4.0044364931843575,4.0028026105643875,0.005153288631355157,2.1187962364432877,3.06293386596046,2.772808240223412,1.7516316027421652,-49.935583892108056
2026-04-15T15:28:20.789,4.003167152593562,4.00490593939459,4.004163742313608,4.002689838569751,0.0008066016988208072,1.979470370976344,3.0662121216185056,2.602338946005034,1.6811491060941819,-49.98991747876474
2026-04-15T15:28:20.899,4.003167152593562,4.00490593939459,4.004163742313608,4.002689838569751,0.0008066016988208072,1.979470370976344,3.0662121216185056,2.602338946005034,1.6811491060941819,-49.98991747876474
2026-04-15T15:28:21.007,4.003167152593562,4.00490593939459,4.004163742313608,4.002689838569751,0.0008066016988208072,1.979470370976344,3.0662121216185056,2.602338946005034,1.6811491060941819,-49.98991747876474
2026-04-15T15:28:21.116,4.00266098991996,4.004940033253433,4.004255533472033,4.003665447453585,-0.009046884486156832,1.6631186999749303,3.087520783395803,2.6597084200208343,2.290904658490689,-50.11308605607696
2026-04-15T15:28:21.225,4.00266098991996,4.004940033253433,4.004255533472033,4.003665447453585,-0.009046884486156832,1.6631186999749303,3.087520783395803,2.6597084200208343,2.290904658490689,-50.11308605607696
2026-04-15T15:28:21.335,4.00266098991996,4.004940033253433,4.004255533472033,4.003665447453585,-0.009046884486156832,1.6631186999749303,3.087520783395803,2.6597084200208343,2.290904658490689,-50.11308605607696
2026-04-15T15:28:21.443,4.002561330947955,4.0051996711015505,4.004439115788884,4.002818346191546,-0.010037710029770044,1.6008318424720613,3.249794438469067,2.774447368052435,1.7614663697163024,-50.12547137537212
2026-04-15T15:28:21.554,4.002561330947955,4.0051996711015505,4.004439115788884,4.002818346191546,-0.010037710029770044,1.6008318424720613,3.249794438469067,2.774447368052435,1.7614663697163024,-50.12547137537212
2026-04-15T15:28:21.662,4.002561330947955,4.0051996711015505,4.004439115788884,4.002818346191546,-0.010037710029770044,1.6008318424720613,3.249794438469067,2.774447368052435,1.7614663697163024,-50.12547137537212
2026-04-15T15:28:21.770,4.00280785577344,4.004958391485118,4.0047852995863735,4.003127813525666,-0.009216171262452557,1.754909858400211,3.098994678198963,2.9908122414834537,1.954883453541001,-50.11520214078066
2026-04-15T15:28:21.880,4.00280785577344,4.004958391485118,4.0047852995863735,4.003127813525666,-0.009216171262452557,1.754909858400211,3.098994678198963,2.9908122414834537,1.954883453541001,-50.11520214078066
2026-04-15T15:28:21.989,4.00280785577344,4.004958391485118,4.0047852995863735,4.003127813525666,-0.009216171262452557,1.754909858400211,3.098994678198963,2.9908122414834537,1.954883453541001,-50.11520214078066
2026-04-15T15:28:22.098,4.003316641051569,4.00482463865427,4.004465341834148,4.003258943751987,-0.018053936789655844,2.0729006572306474,3.0153991589187967,2.7908386463426638,2.0368398449921443,-50.2256742098707
2026-04-15T15:28:22.207,4.003316641051569,4.00482463865427,4.004465341834148,4.003258943751987,-0.018053936789655844,2.0729006572306474,3.0153991589187967,2.7908386463426638,2.0368398449921443,-50.2256742098707
2026-04-15T15:28:22.317,4.003316641051569,4.00482463865427,4.004465341834148,4.003258943751987,-0.018053936789655844,2.0729006572306474,3.0153991589187967,2.7908386463426638,2.0368398449921443,-50.2256742098707
2026-04-15T15:28:22.426,4.0024302007216335,4.004683018009843,4.004161119709082,4.003015041531029,-0.006895946622634679,1.518875451020918,2.926886256152117,2.600699818176011,1.8844009568930176,-50.08619933278293
2026-04-15T15:28:22.535,4.0024302007216335,4.004683018009843,4.004161119709082,4.003015041531029,-0.006895946622634679,1.518875451020918,2.926886256152117,2.600699818176011,1.8844009568930176,-50.08619933278293
2026-04-15T15:28:22.645,4.0024302007216335,4.004683018009843,4.004161119709082,4.003015041531029,-0.006895946622634679,1.518875451020918,2.926886256152117,2.600699818176011,1.8844009568930176,-50.08619933278293
2026-04-15T15:28:22.755,4.00330877323799,4.004717111868686,4.003833294143277,4.002540350111744,-0.006353233133921913,2.067983273743579,2.948194917928859,2.3958088395481525,1.5877188198398784,-50.07941541417402
2026-04-15T15:28:22.866,4.00330877323799,4.004717111868686,4.003833294143277,4.002540350111744,-0.006353233133921913,2.067983273743579,2.948194917928859,2.3958088395481525,1.5877188198398784,-50.07941541417402
2026-04-15T15:28:22.976,4.00330877323799,4.004717111868686,4.003833294143277,4.002540350111744,-0.006353233133921913,2.067983273743579,2.948194917928859,2.3958088395481525,1.5877188198398784,-50.07941541417402
2026-04-15T15:28:23.084,4.003712654335061,4.0049111846036425,4.0047852995863735,4.003717899544114,-0.004451246412011121,2.3204089594131005,3.0694903772765514,2.9908122414834537,2.3236872150711463,-50.05564058015014
2026-04-15T15:28:23.195,4.003712654335061,4.0049111846036425,4.0047852995863735,4.003717899544114,-0.004451246412011121,2.3204089594131005,3.0694903772765514,2.9908122414834537,2.3236872150711463,-50.05564058015014
2026-04-15T15:28:23.305,4.003712654335061,4.0049111846036425,4.0047852995863735,4.003717899544114,-0.004451246412011121,2.3204089594131005,3.0694903772765514,2.9908122414834537,2.3236872150711463,-50.05564058015014
2026-04-15T15:28:23.413,4.002674102942592,4.0054881575994585,4.004313230771615,4.003177643011668,0.005591442640591151,1.6713143391200447,3.4300984996615824,2.6957692322593374,1.9860268822924354,-49.93010696699261
2026-04-15T15:28:23.522,4.002674102942592,4.0054881575994585,4.004313230771615,4.003177643011668,0.005591442640591151,1.6713143391200447,3.4300984996615824,2.6957692322593374,1.9860268822924354,-49.93010696699261
2026-04-15T15:28:23.632,4.002674102942592,4.0054881575994585,4.004313230771615,4.003177643011668,0.005591442640591151,1.6713143391200447,3.4300984996615824,2.6957692322593374,1.9860268822924354,-49.93010696699261
2026-04-15T15:28:23.742,4.0027370454512265,4.005173445056286,4.004551887783521,4.002975702463132,-0.004710155599286936,1.7106534070165935,3.233403160178838,2.8449298647004184,1.8598140394576745,-50.058876944991084
2026-04-15T15:28:23.854,4.0027370454512265,4.005173445056286,4.004551887783521,4.002975702463132,-0.004710155599286936,1.7106534070165935,3.233403160178838,2.8449298647004184,1.8598140394576745,-50.058876944991084
2026-04-15T15:28:23.964,4.0027370454512265,4.005173445056286,4.004551887783521,4.002975702463132,-0.004710155599286936,1.7106534070165935,3.233403160178838,2.8449298647004184,1.8598140394576745,-50.058876944991084
2026-04-15T15:28:24.074,4.00330090542441,4.005102634734072,4.0042214396131905,4.003411054814521,-0.007284310403548401,2.06306589025651,3.1891467087952208,2.638399758244092,2.1319092590754707,-50.091053880044356
2026-04-15T15:28:24.183,4.00330090542441,4.005102634734072,4.0042214396131905,4.003411054814521,-0.007284310403548401,2.06306589025651,3.1891467087952208,2.638399758244092,2.1319092590754707,-50.091053880044356
2026-04-15T15:28:24.292,4.00330090542441,4.005102634734072,4.0042214396131905,4.003411054814521,-0.007284310403548401,2.06306589025651,3.1891467087952208,2.638399758244092,2.1319092590754707,-50.091053880044356
2026-04-15T15:28:24.403,4.002207279336886,4.005296707469029,4.004570246015206,4.0029625894405,-0.008056058942543617,1.3795495855539741,3.310442168142913,2.8564037595035785,1.8516184003125602,-50.1007007367818
2026-04-15T15:28:24.510,4.002207279336886,4.005296707469029,4.004570246015206,4.0029625894405,-0.008056058942543617,1.3795495855539741,3.310442168142913,2.8564037595035785,1.8516184003125602,-50.1007007367818
2026-04-15T15:28:24.620,4.002207279336886,4.005296707469029,4.004570246015206,4.0029625894405,-0.008056058942543617,1.3795495855539741,3.310442168142913,2.8564037595035785,1.8516184003125602,-50.1007007367818
2026-04-15T15:28:24.728,4.002144336828252,4.004903316790063,4.004544019969941,4.0027790071236495,-0.01571379605850906,1.3402105176574253,3.064572993789483,2.84001248121335,1.7368794522809594,-50.19642245073136
2026-04-15T15:28:24.840,4.002144336828252,4.004903316790063,4.004544019969941,4.0027790071236495,-0.01571379605850906,1.3402105176574253,3.064572993789483,2.84001248121335,1.7368794522809594,-50.19642245073136
2026-04-15T15:28:24.950,4.002144336828252,4.004903316790063,4.004544019969941,4.0027790071236495,-0.01571379605850906,1.3402105176574253,3.064572993789483,2.84001248121335,1.7368794522809594,-50.19642245073136
2026-04-15T15:28:25.059,4.00224137319573,4.004806280422585,4.003906727070017,4.003605127549477,-0.0033359452975922272,1.4008582473312714,3.0039252641156367,2.441704418760793,2.253204718423163,-50.0416993162199
2026-04-15T15:28:25.168,4.00224137319573,4.004806280422585,4.003906727070017,4.003605127549477,-0.0033359452975922272,1.4008582473312714,3.0039252641156367,2.441704418760793,2.253204718423163,-50.0416993162199
2026-04-15T15:28:25.277,4.00224137319573,4.004806280422585,4.003906727070017,4.003605127549477,-0.0033359452975922272,1.4008582473312714,3.0039252641156367,2.441704418760793,2.253204718423163,-50.0416993162199
2026-04-15T15:28:25.388,4.0036077501540035,4.005548477503567,4.004391908907408,4.0025744439705875,0.0007966436531563528,2.254843846252186,3.4677984397291084,2.7449430671300235,1.6090274816171757,-49.990041954335545
2026-04-15T15:28:25.495,4.0036077501540035,4.005548477503567,4.004391908907408,4.0025744439705875,0.0007966436531563528,2.254843846252186,3.4677984397291084,2.7449430671300235,1.6090274816171757,-49.990041954335545
2026-04-15T15:28:25.606,4.0036077501540035,4.005548477503567,4.004391908907408,4.0025744439705875,0.0007966436531563528,2.254843846252186,3.4677984397291084,2.7449430671300235,1.6090274816171757,-49.990041954335545
2026-04-15T15:28:25.716,4.003885746233806,4.00516295463818,4.004520416529203,4.0030307771581874,5.9748273986726466e-05,2.42859139612861,3.2268466488627467,2.825260330752144,1.8942357238671548,-49.99925314657517
2026-04-15T15:28:25.811,4.003885746233806,4.00516295463818,4.004520416529203,4.0030307771581874,5.9748273986726466e-05,2.42859139612861,3.2268466488627467,2.825260330752144,1.8942357238671548,-49.99925314657517
2026-04-15T15:28:25.922,4.003885746233806,4.00516295463818,4.004520416529203,4.0030307771581874,5.9748273986726466e-05,2.42859139612861,3.2268466488627467,2.825260330752144,1.8942357238671548,-49.99925314657517
2026-04-15T15:28:26.032,4.002060413483407,4.005068540875229,4.005128860779337,4.0033192636560955,-0.0026488401467448727,1.2877584271292486,3.1678380470179235,3.2055379870854495,2.0745397850596703,-50.03311050183431
2026-04-15T15:28:26.141,4.002060413483407,4.005068540875229,4.005128860779337,4.0033192636560955,-0.0026488401467448727,1.2877584271292486,3.1678380470179235,3.2055379870854495,2.0745397850596703,-50.03311050183431
2026-04-15T15:28:26.250,4.002060413483407,4.005068540875229,4.005128860779337,4.0033192636560955,-0.0026488401467448727,1.2877584271292486,3.1678380470179235,3.2055379870854495,2.0745397850596703,-50.03311050183431
2026-04-15T15:28:26.360,4.003185510825247,4.0055301192718815,4.00489807158101,4.003201246452406,-0.005765708439719104,1.990944265779504,3.4563245449259483,3.061294738131437,2.000779032753641,-50.07207135549648
2026-04-15T15:28:26.468,4.003185510825247,4.0055301192718815,4.00489807158101,4.003201246452406,-0.005765708439719104,1.990944265779504,3.4563245449259483,3.061294738131437,2.000779032753641,-50.07207135549648
2026-04-15T15:28:26.578,4.003185510825247,4.0055301192718815,4.00489807158101,4.003201246452406,-0.005765708439719104,1.990944265779504,3.4563245449259483,3.061294738131437,2.000779032753641,-50.07207135549648
2026-04-15T15:28:26.690,4.0031907560343,4.0053675177912424,4.004848242095008,4.0028629304684955,-0.0063233589969285495,1.9942225214375497,3.3546986195265305,3.0301513093800025,1.7893315428096912,-50.0790419874616
2026-04-15T15:28:26.801,4.0031907560343,4.0053675177912424,4.004848242095008,4.0028629304684955,-0.0063233589969285495,1.9942225214375497,3.3546986195265305,3.0301513093800025,1.7893315428096912,-50.0790419874616
2026-04-15T15:28:26.908,4.0031907560343,4.0053675177912424,4.004848242095008,4.0028629304684955,-0.0063233589969285495,1.9942225214375497,3.3546986195265305,3.0301513093800025,1.7893315428096912,-50.0790419874616
2026-04-15T15:28:27.018,4.002831459214178,4.004659414569105,4.004499435692992,4.00266098991996,0.000995804566445441,1.7696620088614168,2.912134105690356,2.812147308119961,1.6631186999749303,-49.98755244291943
2026-04-15T15:28:27.128,4.002831459214178,4.004659414569105,4.004499435692992,4.00266098991996,0.000995804566445441,1.7696620088614168,2.912134105690356,2.812147308119961,1.6631186999749303,-49.98755244291943
2026-04-15T15:28:27.240,4.002831459214178,4.004659414569105,4.004499435692992,4.00266098991996,0.000995804566445441,1.7696620088614168,2.912134105690356,2.812147308119961,1.6631186999749303,-49.98755244291943
2026-04-15T15:28:27.349,4.0027790071236495,4.00528097184187,4.004014253855601,4.0032773019836725,-0.02048369993178272,1.7368794522809594,3.300607401168776,2.5089086597507304,2.0483137397953044,-50.25604624914728
2026-04-15T15:28:27.458,4.0027790071236495,4.00528097184187,4.004014253855601,4.0032773019836725,-0.02048369993178272,1.7368794522809594,3.300607401168776,2.5089086597507304,2.0483137397953044,-50.25604624914728
2026-04-15T15:28:27.568,4.0027790071236495,4.00528097184187,4.004014253855601,4.0032773019836725,-0.02048369993178272,1.7368794522809594,3.300607401168776,2.5089086597507304,2.0483137397953044,-50.25604624914728
2026-04-15T15:28:27.676,4.002487898021215,4.004937410648908,4.0047879221909,4.0031514169664035,-0.008255219855832704,1.554936263259421,3.085881655567335,2.9924513693124766,1.9696356040022067,-50.103190248197905
2026-04-15T15:28:27.785,4.002487898021215,4.004937410648908,4.0047879221909,4.0031514169664035,-0.008255219855832704,1.554936263259421,3.085881655567335,2.9924513693124766,1.9696356040022067,-50.103190248197905
2026-04-15T15:28:27.895,4.002487898021215,4.004937410648908,4.0047879221909,4.0031514169664035,-0.008255219855832704,1.554936263259421,3.085881655567335,2.9924513693124766,1.9696356040022067,-50.103190248197905
2026-04-15T15:28:28.003,4.002938985999762,4.004814148236164,4.004483700065833,4.003093719666822,-0.011003640459222122,1.8368662498513544,3.0088426476027053,2.802312541145824,1.9335747917637036,-50.13754550574028
2026-04-15T15:28:28.114,4.002938985999762,4.004814148236164,4.004483700065833,4.003093719666822,-0.011003640459222122,1.8368662498513544,3.0088426476027053,2.802312541145824,1.9335747917637036,-50.13754550574028
2026-04-15T15:28:28.222,4.002938985999762,4.004814148236164,4.004483700065833,4.003093719666822,-0.011003640459222122,1.8368662498513544,3.0088426476027053,2.802312541145824,1.9335747917637036,-50.13754550574028
2026-04-15T15:28:28.330,4.003334999283254,4.00490593939459,4.004373550675723,4.003248453333882,-0.01002775198410559,2.0843745520338075,3.0662121216185056,2.7334691723268634,2.030283333676053,-50.125346899801315
2026-04-15T15:28:28.438,4.003334999283254,4.00490593939459,4.004373550675723,4.003248453333882,-0.01002775198410559,2.0843745520338075,3.0662121216185056,2.7334691723268634,2.030283333676053,-50.125346899801315
2026-04-15T15:28:28.546,4.003334999283254,4.00490593939459,4.004373550675723,4.003248453333882,-0.01002775198410559,2.0843745520338075,3.0662121216185056,2.7334691723268634,2.030283333676053,-50.125346899801315
2026-04-15T15:28:28.657,4.00352907201821,4.004688263218895,4.004481077461307,4.003146171757351,-0.022002301895612017,2.2056700113814998,2.9301645118096076,2.800673413316801,1.966357348344161,-50.275028773695155
2026-04-15T15:28:28.765,4.00352907201821,4.004688263218895,4.004481077461307,4.003146171757351,-0.022002301895612017,2.2056700113814998,2.9301645118096076,2.800673413316801,1.966357348344161,-50.275028773695155
2026-04-15T15:28:28.873,4.00352907201821,4.004688263218895,4.004481077461307,4.003146171757351,-0.022002301895612017,2.2056700113814998,2.9301645118096076,2.800673413316801,1.966357348344161,-50.275028773695155
2026-04-15T15:28:28.983,4.002784252332702,4.004947901067013,4.004693508427948,4.002949476417868,-0.009684199408681914,1.7401577079390051,3.0924381668828715,2.9334427674676533,1.8434227611674459,-50.12105249260852
2026-04-15T15:28:29.092,4.002784252332702,4.004947901067013,4.004693508427948,4.002949476417868,-0.009684199408681914,1.7401577079390051,3.0924381668828715,2.9334427674676533,1.8434227611674459,-50.12105249260852
2026-04-15T15:28:29.202,4.002784252332702,4.004947901067013,4.004693508427948,4.002949476417868,-0.009684199408681914,1.7401577079390051,3.0924381668828715,2.9334427674676533,1.8434227611674459,-50.12105249260852
2026-04-15T15:28:29.311,4.0032773019836725,4.00463318852384,4.004108667618553,4.0032956602153575,-0.007936562394570166,2.0483137397953044,2.8957428274001273,2.5679172615955537,2.0597876345984645,-50.099207029932124
2026-04-15T15:28:29.435,4.0032773019836725,4.00463318852384,4.004108667618553,4.0032956602153575,-0.007936562394570166,2.0483137397953044,2.8957428274001273,2.5679172615955537,2.0597876345984645,-50.099207029932124
2026-04-15T15:28:29.543,4.0032773019836725,4.00463318852384,4.004108667618553,4.0032956602153575,-0.007936562394570166,2.0483137397953044,2.8957428274001273,2.5679172615955537,2.0597876345984645,-50.099207029932124
2026-04-15T15:28:29.654,4.0033612253285185,4.004816770840691,4.0042502882629805,4.003392696582836,-0.012293207372768969,2.100765830324036,3.010481775431728,2.6564301643627886,2.1204353642723106,-50.15366509215961
2026-04-15T15:28:29.762,4.0033612253285185,4.004816770840691,4.0042502882629805,4.003392696582836,-0.012293207372768969,2.100765830324036,3.010481775431728,2.6564301643627886,2.1204353642723106,-50.15366509215961
2026-04-15T15:28:29.872,4.0033612253285185,4.004816770840691,4.0042502882629805,4.003392696582836,-0.012293207372768969,2.100765830324036,3.010481775431728,2.6564301643627886,2.1204353642723106,-50.15366509215961
2026-04-15T15:28:29.982,4.003146171757351,4.004814148236164,4.004452228811516,4.002752781078385,-0.010525654267328311,1.966357348344161,3.0088426476027053,2.7826430071975494,1.7204881739907307,-50.13157067834161
2026-04-15T15:28:30.077,4.003146171757351,4.004814148236164,4.004452228811516,4.002752781078385,-0.010525654267328311,1.966357348344161,3.0088426476027053,2.7826430071975494,1.7204881739907307,-50.13157067834161
2026-04-15T15:28:30.187,4.003146171757351,4.004814148236164,4.004452228811516,4.002752781078385,-0.010525654267328311,1.966357348344161,3.0088426476027053,2.7826430071975494,1.7204881739907307,-50.13157067834161
2026-04-15T15:28:30.299,4.003531694622737,4.004848242095008,4.004473209647728,4.002535104902691,-0.006527498933049865,2.2073091392105226,3.0301513093800025,2.7957560298297324,1.5844405641818327,-50.08159373666312
2026-04-15T15:28:30.409,4.003531694622737,4.004848242095008,4.004473209647728,4.002535104902691,-0.006527498933049865,2.2073091392105226,3.0301513093800025,2.7957560298297324,1.5844405641818327,-50.08159373666312
2026-04-15T15:28:30.519,4.003531694622737,4.004848242095008,4.004473209647728,4.002535104902691,-0.006527498933049865,2.2073091392105226,3.0301513093800025,2.7957560298297324,1.5844405641818327,-50.08159373666312
2026-04-15T15:28:30.644,4.002954721626921,4.005294084864502,4.004420757557199,4.003497600763893,-0.007886772166247892,1.8467010168254916,3.30880304031389,2.762973473249275,2.1860004774332253,-50.0985846520781
2026-04-15T15:28:30.740,4.002954721626921,4.005294084864502,4.004420757557199,4.003497600763893,-0.007886772166247892,1.8467010168254916,3.30880304031389,2.762973473249275,2.1860004774332253,-50.0985846520781
2026-04-15T15:28:30.851,4.002954721626921,4.005294084864502,4.004420757557199,4.003497600763893,-0.007886772166247892,1.8467010168254916,3.30880304031389,2.762973473249275,2.1860004774332253,-50.0985846520781
2026-04-15T15:28:30.961,4.003085851853243,4.005094766920493,4.004037857296339,4.00277113931007,-0.009624451134695188,1.928657408276635,3.184229325308152,2.5236608102119362,1.7319620687938908,-50.12030563918369
2026-04-15T15:28:31.071,4.003085851853243,4.005094766920493,4.004037857296339,4.00277113931007,-0.009624451134695188,1.928657408276635,3.184229325308152,2.5236608102119362,1.7319620687938908,-50.12030563918369
2026-04-15T15:28:31.180,4.003085851853243,4.005094766920493,4.004037857296339,4.00277113931007,-0.009624451134695188,1.928657408276635,3.184229325308152,2.5236608102119362,1.7319620687938908,-50.12030563918369
2026-04-15T15:28:31.290,4.0031330587347185,4.0052599910056585,4.004509926111098,4.002952099022394,-0.006592226229868819,1.9581617091990466,3.287494378536593,2.8187038194360525,1.8450618889964687,-50.08240282787336
2026-04-15T15:28:31.398,4.0031330587347185,4.0052599910056585,4.004509926111098,4.002952099022394,-0.006592226229868819,1.9581617091990466,3.287494378536593,2.8187038194360525,1.8450618889964687,-50.08240282787336
2026-04-15T15:28:31.511,4.0031330587347185,4.0052599910056585,4.004509926111098,4.002952099022394,-0.006592226229868819,1.9581617091990466,3.287494378536593,2.8187038194360525,1.8450618889964687,-50.08240282787336
2026-04-15T15:28:31.622,4.003064871017031,4.005031824411859,4.004675150196263,4.003565788481581,-0.008768059207552107,1.915544385644452,3.1448902574116033,2.9219688726644932,2.228617800988375,-50.10960074009441
2026-04-15T15:28:31.731,4.003064871017031,4.005031824411859,4.004675150196263,4.003565788481581,-0.008768059207552107,1.915544385644452,3.1448902574116033,2.9219688726644932,2.228617800988375,-50.10960074009441
2026-04-15T15:28:31.841,4.003064871017031,4.005031824411859,4.004675150196263,4.003565788481581,-0.008768059207552107,1.915544385644452,3.1448902574116033,2.9219688726644932,2.228617800988375,-50.10960074009441
2026-04-15T15:28:31.937,4.003182888220721,4.004961014089645,4.0041060450140264,4.003188133429774,0.003604812530532496,1.9893051379504811,3.100633806027986,2.566278133766531,1.9925833936085269,-49.954939843368344
2026-04-15T15:28:32.049,4.003182888220721,4.004961014089645,4.0041060450140264,4.003188133429774,0.003604812530532496,1.9893051379504811,3.100633806027986,2.566278133766531,1.9925833936085269,-49.954939843368344
2026-04-15T15:28:32.159,4.003182888220721,4.004961014089645,4.0041060450140264,4.003188133429774,0.003604812530532496,1.9893051379504811,3.100633806027986,2.566278133766531,1.9925833936085269,-49.954939843368344
2026-04-15T15:28:32.269,4.003350734910413,4.0048036578180595,4.004588604246891,4.002603292620378,-0.0029824346765040958,2.0942093190079447,3.002286136287169,2.8678776543067386,1.6270578877364272,-50.0372804334563
2026-04-15T15:28:32.378,4.003350734910413,4.0048036578180595,4.004588604246891,4.002603292620378,-0.0029824346765040958,2.0942093190079447,3.002286136287169,2.8678776543067386,1.6270578877364272,-50.0372804334563
2026-04-15T15:28:32.487,4.003350734910413,4.0048036578180595,4.004588604246891,4.002603292620378,-0.0029824346765040958,2.0942093190079447,3.002286136287169,2.8678776543067386,1.6270578877364272,-50.0372804334563
2026-04-15T15:28:32.595,4.003088474457769,4.004853487304061,4.004512548715624,4.002679348151645,-0.004421372275017758,1.9302965361056579,3.0334295650380483,2.8203429472650754,1.6745925947780904,-50.05526715343772
2026-04-15T15:28:32.704,4.003088474457769,4.004853487304061,4.004512548715624,4.002679348151645,-0.004421372275017758,1.9302965361056579,3.0334295650380483,2.8203429472650754,1.6745925947780904,-50.05526715343772
2026-04-15T15:28:32.815,4.003088474457769,4.004853487304061,4.004512548715624,4.002679348151645,-0.004421372275017758,1.9302965361056579,3.0334295650380483,2.8203429472650754,1.6745925947780904,-50.05526715343772
2026-04-15T15:28:32.924,4.003211736870512,4.004460096625095,4.004426002766252,4.003327131469675,-0.010406157719354858,2.0073355440697327,2.787560390684618,2.7662517289073207,2.079457168546739,-50.13007697149193
2026-04-15T15:28:33.033,4.003211736870512,4.004460096625095,4.004426002766252,4.003327131469675,-0.010406157719354858,2.0073355440697327,2.787560390684618,2.7662517289073207,2.079457168546739,-50.13007697149193
2026-04-15T15:28:33.142,4.003211736870512,4.004460096625095,4.004426002766252,4.003327131469675,-0.010406157719354858,2.0073355440697327,2.787560390684618,2.7662517289073207,2.079457168546739,-50.13007697149193
2026-04-15T15:28:33.252,4.003408432209994,4.005131483383864,4.004182100545293,4.00361037275853,-0.008170576467684843,2.130270131246448,3.2071771149150274,2.613812840808194,2.2564829740812087,-50.10213220584606
2026-04-15T15:28:33.360,4.003408432209994,4.005131483383864,4.004182100545293,4.00361037275853,-0.008170576467684843,2.130270131246448,3.2071771149150274,2.613812840808194,2.2564829740812087,-50.10213220584606
2026-04-15T15:28:33.469,4.003408432209994,4.005131483383864,4.004182100545293,4.00361037275853,-0.008170576467684843,2.130270131246448,3.2071771149150274,2.613812840808194,2.2564829740812087,-50.10213220584606
2026-04-15T15:28:33.580,4.003164529989037,4.004997730553016,4.004305362958036,4.002527237089112,-0.006059470786820508,1.9778312431478762,3.123581595634861,2.690851848772269,1.579523180694764,-50.075743384835256
2026-04-15T15:28:33.690,4.003164529989037,4.004997730553016,4.004305362958036,4.002527237089112,-0.006059470786820508,1.9778312431478762,3.123581595634861,2.690851848772269,1.579523180694764,-50.075743384835256
2026-04-15T15:28:33.800,4.003164529989037,4.004997730553016,4.004305362958036,4.002527237089112,-0.006059470786820508,1.9778312431478762,3.123581595634861,2.690851848772269,1.579523180694764,-50.075743384835256
2026-04-15T15:28:33.909,4.003237962915777,4.005118370361231,4.004284382121824,4.003135681339245,-0.01109824189303444,2.0237268223605165,3.198981475769358,2.677738826140086,1.9598008370280695,-50.13872802366293
2026-04-15T15:28:34.018,4.003237962915777,4.005118370361231,4.004284382121824,4.003135681339245,-0.01109824189303444,2.0237268223605165,3.198981475769358,2.677738826140086,1.9598008370280695,-50.13872802366293
2026-04-15T15:28:34.127,4.003237962915777,4.005118370361231,4.004284382121824,4.003135681339245,-0.01109824189303444,2.0237268223605165,3.198981475769358,2.677738826140086,1.9598008370280695,-50.13872802366293
2026-04-15T15:28:34.238,4.0033192636560955,4.004672527591737,4.003717899544114,4.0027606488919645,0.0006920841736795815,2.0745397850596703,2.9203297448354704,2.3236872150711463,1.7254055574777993,-49.991348947829
2026-04-15T15:28:34.347,4.0033192636560955,4.004672527591737,4.003717899544114,4.0027606488919645,0.0006920841736795815,2.0745397850596703,2.9203297448354704,2.3236872150711463,1.7254055574777993,-49.991348947829
2026-04-15T15:28:34.455,4.0033192636560955,4.004672527591737,4.003717899544114,4.0027606488919645,0.0006920841736795815,2.0745397850596703,2.9203297448354704,2.3236872150711463,1.7254055574777993,-49.991348947829
2026-04-15T15:28:34.565,4.003914594883597,4.004638433732893,4.004659414569105,4.002828836609652,-0.0049093165125760245,2.4466218022478614,2.899021083058173,2.912134105690356,1.768022881032394,-50.0613664564072
2026-04-15T15:28:34.675,4.003914594883597,4.004638433732893,4.004659414569105,4.002828836609652,-0.0049093165125760245,2.4466218022478614,2.899021083058173,2.912134105690356,1.768022881032394,-50.0613664564072
2026-04-15T15:28:34.784,4.003914594883597,4.004638433732893,4.004659414569105,4.002828836609652,-0.0049093165125760245,2.4466218022478614,2.899021083058173,2.912134105690356,1.768022881032394,-50.0613664564072
2026-04-15T15:28:34.892,4.003550052854422,4.005178690265339,4.003867388002121,4.002928495581656,-0.005546631435101106,2.2187830340136827,3.236681415836884,2.41711750132545,1.830309738535263,-50.06933289293877
2026-04-15T15:28:35.000,4.003550052854422,4.005178690265339,4.003867388002121,4.002928495581656,-0.005546631435101106,2.2187830340136827,3.236681415836884,2.41711750132545,1.830309738535263,-50.06933289293877
2026-04-15T15:28:35.110,4.003550052854422,4.005178690265339,4.003867388002121,4.002928495581656,-0.005546631435101106,2.2187830340136827,3.236681415836884,2.41711750132545,1.830309738535263,-50.06933289293877
2026-04-15T15:28:35.219,4.003736257775799,4.004837751676902,4.0046226981057345,4.002663612524486,-0.0031467424299675938,2.3351611098743064,3.023594798063911,2.889186316084036,1.6647578278039532,-50.03933428037459
2026-04-15T15:28:35.328,4.003736257775799,4.004837751676902,4.0046226981057345,4.002663612524486,-0.0031467424299675938,2.3351611098743064,3.023594798063911,2.889186316084036,1.6647578278039532,-50.03933428037459
2026-04-15T15:28:35.437,4.003736257775799,4.004837751676902,4.0046226981057345,4.002663612524486,-0.0031467424299675938,2.3351611098743064,3.023594798063911,2.889186316084036,1.6647578278039532,-50.03933428037459
2026-04-15T15:28:35.547,4.003004551112923,4.004963636694171,4.004643678941946,4.003473997323155,-0.002245539297334469,1.877844445576926,3.1022729338570088,2.902299338716219,2.1712483269720195,-50.02806924121668
2026-04-15T15:28:35.656,4.003004551112923,4.004963636694171,4.004643678941946,4.003473997323155,-0.002245539297334469,1.877844445576926,3.1022729338570088,2.902299338716219,2.1712483269720195,-50.02806924121668
2026-04-15T15:28:35.765,4.003004551112923,4.004963636694171,4.004643678941946,4.003473997323155,-0.002245539297334469,1.877844445576926,3.1022729338570088,2.902299338716219,2.1712483269720195,-50.02806924121668
2026-04-15T15:28:35.875,4.003633976199268,4.004609585083103,4.004420757557199,4.003083229248716,-0.003475357936894589,2.2712351245424145,2.8809906769394766,2.762973473249275,1.9270182804476121,-50.04344197421118
2026-04-15T15:28:35.983,4.003633976199268,4.004609585083103,4.004420757557199,4.003083229248716,-0.003475357936894589,2.2712351245424145,2.8809906769394766,2.762973473249275,1.9270182804476121,-50.04344197421118
2026-04-15T15:28:36.093,4.003633976199268,4.004609585083103,4.004420757557199,4.003083229248716,-0.003475357936894589,2.2712351245424145,2.8809906769394766,2.762973473249275,1.9270182804476121,-50.04344197421118
2026-04-15T15:28:36.202,4.004024744273707,4.00497937232133,4.005128860779337,4.003169775198089,-0.01515614550129961,2.515465171066822,3.112107700831146,3.2055379870854495,1.9811094988053668,-50.18945181876624
2026-04-15T15:28:36.311,4.004024744273707,4.00497937232133,4.005128860779337,4.003169775198089,-0.01515614550129961,2.515465171066822,3.112107700831146,3.2055379870854495,1.9811094988053668,-50.18945181876624
2026-04-15T15:28:36.421,4.004024744273707,4.00497937232133,4.005128860779337,4.003169775198089,-0.01515614550129961,2.515465171066822,3.112107700831146,3.2055379870854495,1.9811094988053668,-50.18945181876624
2026-04-15T15:28:36.530,4.0036077501540035,4.005422592486298,4.004819393445217,4.003290415006305,-0.004804757033099252,2.254843846252186,3.3891203039360107,3.012120903260751,2.0565093789404187,-50.06005946291374
2026-04-15T15:28:36.639,4.0036077501540035,4.005422592486298,4.004819393445217,4.003290415006305,-0.004804757033099252,2.254843846252186,3.3891203039360107,3.012120903260751,2.0565093789404187,-50.06005946291374
2026-04-15T15:28:36.763,4.0036077501540035,4.005422592486298,4.004819393445217,4.003290415006305,-0.004804757033099252,2.254843846252186,3.3891203039360107,3.012120903260751,2.0565093789404187,-50.06005946291374
2026-04-15T15:28:36.871,4.004229307426769,4.005556345317146,4.004525661738256,4.0027344228467,-0.00946014338123169,2.6433171417306056,3.472715823216177,2.8285385864101897,1.7090142791875707,-50.1182517922654
2026-04-15T15:28:36.981,4.004229307426769,4.005556345317146,4.004525661738256,4.0027344228467,-0.00946014338123169,2.6433171417306056,3.472715823216177,2.8285385864101897,1.7090142791875707,-50.1182517922654
2026-04-15T15:28:37.091,4.004229307426769,4.005556345317146,4.004525661738256,4.0027344228467,-0.00946014338123169,2.6433171417306056,3.472715823216177,2.8285385864101897,1.7090142791875707,-50.1182517922654
2026-04-15T15:28:37.201,4.003930330510755,4.005120992965757,4.004195213567925,4.00299930590387,-0.00687603053130577,2.4564565692219986,3.200620603598381,2.6220084799533083,1.8745661899188804,-50.08595038164132
2026-04-15T15:28:37.308,4.003930330510755,4.005120992965757,4.004195213567925,4.00299930590387,-0.00687603053130577,2.4564565692219986,3.200620603598381,2.6220084799533083,1.8745661899188804,-50.08595038164132
2026-04-15T15:28:37.418,4.003930330510755,4.005120992965757,4.004195213567925,4.00299930590387,-0.00687603053130577,2.4564565692219986,3.200620603598381,2.6220084799533083,1.8745661899188804,-50.08595038164132
2026-04-15T15:28:37.527,4.0038752558157,4.005527496667355,4.004638433732893,4.003159284779983,-0.002768336694718326,2.4220348848125184,3.4546854170969254,2.899021083058173,1.9745529874892753,-50.03460420868397
2026-04-15T15:28:37.637,4.0038752558157,4.005527496667355,4.004638433732893,4.003159284779983,-0.002768336694718326,2.4220348848125184,3.4546854170969254,2.899021083058173,1.9745529874892753,-50.03460420868397
2026-04-15T15:28:37.747,4.0038752558157,4.005527496667355,4.004638433732893,4.003159284779983,-0.002768336694718326,2.4220348848125184,3.4546854170969254,2.899021083058173,1.9745529874892753,-50.03460420868397
2026-04-15T15:28:37.856,4.002516746671006,4.004693508427948,4.004740715309424,4.002731800242174,-0.0016829097172927953,1.5729666693786726,2.9334427674676533,2.962947068390065,1.7073751513585478,-50.02103637146617
2026-04-15T15:28:37.964,4.002516746671006,4.004693508427948,4.004740715309424,4.002731800242174,-0.0016829097172927953,1.5729666693786726,2.9334427674676533,2.962947068390065,1.7073751513585478,-50.02103637146617
2026-04-15T15:28:38.072,4.002516746671006,4.004693508427948,4.004740715309424,4.002731800242174,-0.0016829097172927953,1.5729666693786726,2.9334427674676533,2.962947068390065,1.7073751513585478,-50.02103637146617
2026-04-15T15:28:38.181,4.002986192881238,4.005687475543468,4.004121780641185,4.002726555033121,7.468534248340807e-05,1.866370550773766,3.5546722146673204,2.576112900740668,1.704096895700502,-49.99906643321896
2026-04-15T15:28:38.290,4.002986192881238,4.005687475543468,4.004121780641185,4.002726555033121,7.468534248340807e-05,1.866370550773766,3.5546722146673204,2.576112900740668,1.704096895700502,-49.99906643321896
2026-04-15T15:28:38.401,4.002986192881238,4.005687475543468,4.004121780641185,4.002726555033121,7.468534248340807e-05,1.866370550773766,3.5546722146673204,2.576112900740668,1.704096895700502,-49.99906643321896
2026-04-15T15:28:38.511,4.002865553073022,4.004866600326693,4.0045571329925735,4.003172397802615,-0.006398044339411958,1.790970670638714,3.0416252041831626,2.848208120358464,1.9827486266343897,-50.07997555424265
2026-04-15T15:28:38.621,4.002865553073022,4.004866600326693,4.0045571329925735,4.003172397802615,-0.006398044339411958,1.790970670638714,3.0416252041831626,2.848208120358464,1.9827486266343897,-50.07997555424265
2026-04-15T15:28:38.729,4.002865553073022,4.004866600326693,4.0045571329925735,4.003172397802615,-0.006398044339411958,1.790970670638714,3.0416252041831626,2.848208120358464,1.9827486266343897,-50.07997555424265
2026-04-15T15:28:38.837,4.00246953978953,4.0056560042891505,4.004515171320151,4.003371715746625,-0.0015733712149837969,1.543462368456261,3.535002680719046,2.8219820750940983,2.1073223416406828,-50.019667140187295
2026-04-15T15:28:38.946,4.00246953978953,4.0056560042891505,4.004515171320151,4.003371715746625,-0.0015733712149837969,1.543462368456261,3.535002680719046,2.8219820750940983,2.1073223416406828,-50.019667140187295
2026-04-15T15:28:39.055,4.00246953978953,4.0056560042891505,4.004515171320151,4.003371715746625,-0.0015733712149837969,1.543462368456261,3.535002680719046,2.8219820750940983,2.1073223416406828,-50.019667140187295
2026-04-15T15:28:39.165,4.003599882340424,4.004835129072376,4.0042686464946655,4.003064871017031,-0.0029276654253495966,2.249926462765117,3.021955670234888,2.6679040591659486,1.915544385644452,-50.03659581781687
2026-04-15T15:28:39.273,4.003599882340424,4.004835129072376,4.0042686464946655,4.003064871017031,-0.0029276654253495966,2.249926462765117,3.021955670234888,2.6679040591659486,1.915544385644452,-50.03659581781687
2026-04-15T15:28:39.381,4.003599882340424,4.004835129072376,4.0042686464946655,4.003064871017031,-0.0029276654253495966,2.249926462765117,3.021955670234888,2.6679040591659486,1.915544385644452,-50.03659581781687
2026-04-15T15:28:39.491,4.002810478377967,4.004916429812695,4.003977537392231,4.002671480338066,-0.002011525224219791,1.7565489862292338,3.072768632934597,2.4859608701444103,1.6696752112910218,-50.025144065302754
2026-04-15T15:28:39.600,4.002810478377967,4.004916429812695,4.003977537392231,4.002671480338066,-0.002011525224219791,1.7565489862292338,3.072768632934597,2.4859608701444103,1.6696752112910218,-50.025144065302754
2026-04-15T15:28:39.709,4.002810478377967,4.004916429812695,4.003977537392231,4.002671480338066,-0.002011525224219791,1.7565489862292338,3.072768632934597,2.4859608701444103,1.6696752112910218,-50.025144065302754
2026-04-15T15:28:39.819,4.003135681339245,4.005197048497024,4.004242420449401,4.002600670015852,0.007403806951521854,1.9598008370280695,3.248155310640044,2.65151278087572,1.6254187599074044,-49.90745241310598
2026-04-15T15:28:39.928,4.003135681339245,4.005197048497024,4.004242420449401,4.002600670015852,0.007403806951521854,1.9598008370280695,3.248155310640044,2.65151278087572,1.6254187599074044,-49.90745241310598
2026-04-15T15:28:40.039,4.003135681339245,4.005197048497024,4.004242420449401,4.002600670015852,0.007403806951521854,1.9598008370280695,3.248155310640044,2.65151278087572,1.6254187599074044,-49.90745241310598
2026-04-15T15:28:40.148,4.002312183517944,4.005409479463665,4.0039801599967575,4.003022909344608,-0.00048794423755826606,1.4451146987148888,3.3809246647908964,2.487599997973433,1.8893183403800862,-50.006099302969474
2026-04-15T15:28:40.257,4.002312183517944,4.005409479463665,4.0039801599967575,4.003022909344608,-0.00048794423755826606,1.4451146987148888,3.3809246647908964,2.487599997973433,1.8893183403800862,-50.006099302969474
2026-04-15T15:28:40.365,4.002312183517944,4.005409479463665,4.0039801599967575,4.003022909344608,-0.00048794423755826606,1.4451146987148888,3.3809246647908964,2.487599997973433,1.8893183403800862,-50.006099302969474
2026-04-15T15:28:40.474,4.003070116226084,4.005079031293334,4.004315853376141,4.0026583673154335,-0.0011302381829155755,1.9188226413024978,3.174394558334015,2.6974083600883603,1.6614795721459075,-50.01412797728645
2026-04-15T15:28:40.584,4.003070116226084,4.005079031293334,4.004315853376141,4.0026583673154335,-0.0011302381829155755,1.9188226413024978,3.174394558334015,2.6974083600883603,1.6614795721459075,-50.01412797728645
2026-04-15T15:28:40.692,4.003070116226084,4.005079031293334,4.004315853376141,4.0026583673154335,-0.0011302381829155755,1.9188226413024978,3.174394558334015,2.6974083600883603,1.6614795721459075,-50.01412797728645
2026-04-15T15:28:40.801,4.003376960955677,4.005186558078918,4.004069328550656,4.003017664135555,-0.004814715078763707,2.1106005972981734,3.2415987993239526,2.5433303441602106,1.8860400847220404,-50.06018393848455
2026-04-15T15:28:40.910,4.003376960955677,4.005186558078918,4.004069328550656,4.003017664135555,-0.004814715078763707,2.1106005972981734,3.2415987993239526,2.5433303441602106,1.8860400847220404,-50.06018393848455
2026-04-15T15:28:41.019,4.003376960955677,4.005186558078918,4.004069328550656,4.003017664135555,-0.004814715078763707,2.1106005972981734,3.2415987993239526,2.5433303441602106,1.8860400847220404,-50.06018393848455
2026-04-15T15:28:41.131,4.002752781078385,4.005194425892498,4.004289627330877,4.003571033690633,-0.00714489776424604,1.7204881739907307,3.246516182811021,2.6810170817981316,2.2318960566458657,-50.08931122205308
2026-04-15T15:28:41.240,4.002752781078385,4.005194425892498,4.004289627330877,4.003571033690633,-0.00714489776424604,1.7204881739907307,3.246516182811021,2.6810170817981316,2.2318960566458657,-50.08931122205308
2026-04-15T15:28:41.347,4.002752781078385,4.005194425892498,4.004289627330877,4.003571033690633,-0.00714489776424604,1.7204881739907307,3.246516182811021,2.6810170817981316,2.2318960566458657,-50.08931122205308
2026-04-15T15:28:41.457,4.002666235129013,4.0051157477567045,4.004014253855601,4.003185510825247,-0.005696002120067922,1.666396955632976,3.197342347940335,2.5089086597507304,1.990944265779504,-50.07120002650085
2026-04-15T15:28:41.566,4.002666235129013,4.0051157477567045,4.004014253855601,4.003185510825247,-0.005696002120067922,1.666396955632976,3.197342347940335,2.5089086597507304,1.990944265779504,-50.07120002650085
2026-04-15T15:28:41.676,4.002666235129013,4.0051157477567045,4.004014253855601,4.003185510825247,-0.005696002120067922,1.666396955632976,3.197342347940335,2.5089086597507304,1.990944265779504,-50.07120002650085
2026-04-15T15:28:41.785,4.00308060664419,4.005254745796606,4.004431247975305,4.0031094552939805,-0.011192843326846757,1.9253791526185893,3.284216122878547,2.7695299845653665,1.9434095587378408,-50.139910541585586
2026-04-15T15:28:41.895,4.00308060664419,4.005254745796606,4.004431247975305,4.0031094552939805,-0.011192843326846757,1.9253791526185893,3.284216122878547,2.7695299845653665,1.9434095587378408,-50.139910541585586
2026-04-15T15:28:42.004,4.00308060664419,4.005254745796606,4.004431247975305,4.0031094552939805,-0.011192843326846757,1.9253791526185893,3.284216122878547,2.7695299845653665,1.9434095587378408,-50.139910541585586
2026-04-15T15:28:42.113,4.003172397802615,4.005270481423764,4.004638433732893,4.0031750204071415,-0.0024247841192946485,1.9827486266343897,3.2940508898526843,2.899021083058173,1.9843877544634125,-50.03030980149118
2026-04-15T15:28:42.221,4.003172397802615,4.005270481423764,4.004638433732893,4.0031750204071415,-0.0024247841192946485,1.9827486266343897,3.2940508898526843,2.899021083058173,1.9843877544634125,-50.03030980149118
2026-04-15T15:28:42.329,4.003172397802615,4.005270481423764,4.004638433732893,4.0031750204071415,-0.0024247841192946485,1.9827486266343897,3.2940508898526843,2.899021083058173,1.9843877544634125,-50.03030980149118
2026-04-15T15:28:42.438,4.002233505382151,4.004635811128367,4.004087686782342,4.003203869056932,-0.007881793143415665,1.3959408638442028,2.89738195522915,2.554804238963926,2.002418160582664,-50.0985224142927
2026-04-15T15:28:42.547,4.002233505382151,4.004635811128367,4.004087686782342,4.003203869056932,-0.007881793143415665,1.3959408638442028,2.89738195522915,2.554804238963926,2.002418160582664,-50.0985224142927
2026-04-15T15:28:42.657,4.002233505382151,4.004635811128367,4.004087686782342,4.003203869056932,-0.007881793143415665,1.3959408638442028,2.89738195522915,2.554804238963926,2.002418160582664,-50.0985224142927
2026-04-15T15:28:42.765,4.002563953552482,4.005388498627454,4.004300117748983,4.0028629304684955,-0.0023700148681401498,1.6024709703010842,3.3678116421587134,2.687573593114223,1.7893315428096912,-50.029625185851756
2026-04-15T15:28:42.876,4.002563953552482,4.005388498627454,4.004300117748983,4.0028629304684955,-0.0023700148681401498,1.6024709703010842,3.3678116421587134,2.687573593114223,1.7893315428096912,-50.029625185851756
2026-04-15T15:28:42.983,4.002563953552482,4.005388498627454,4.004300117748983,4.0028629304684955,-0.0023700148681401498,1.6024709703010842,3.3678116421587134,2.687573593114223,1.7893315428096912,-50.029625185851756
2026-04-15T15:28:43.093,4.002941608604289,4.005294084864502,4.004533529551836,4.002629518665643,-0.0015036648953326158,1.8385053776803773,3.30880304031389,2.8334559698972583,1.643449166026656,-50.018795811191666
2026-04-15T15:28:43.203,4.002941608604289,4.005294084864502,4.004533529551836,4.002629518665643,-0.0015036648953326158,1.8385053776803773,3.30880304031389,2.8334559698972583,1.643449166026656,-50.018795811191666
2026-04-15T15:28:43.313,4.002941608604289,4.005294084864502,4.004533529551836,4.002629518665643,-0.0015036648953326158,1.8385053776803773,3.30880304031389,2.8334559698972583,1.643449166026656,-50.018795811191666
2026-04-15T15:28:43.422,4.003626108385689,4.00520753891513,4.004407644534567,4.002849817445863,0.001433958575681435,2.266317741055901,3.2547118219561355,2.7547778341041607,1.7811359036645769,-49.98207551780398
2026-04-15T15:28:43.531,4.003626108385689,4.00520753891513,4.004407644534567,4.002849817445863,0.001433958575681435,2.266317741055901,3.2547118219561355,2.7547778341041607,1.7811359036645769,-49.98207551780398
2026-04-15T15:28:43.638,4.003626108385689,4.00520753891513,4.004407644534567,4.002849817445863,0.001433958575681435,2.266317741055901,3.2547118219561355,2.7547778341041607,1.7811359036645769,-49.98207551780398
2026-04-15T15:28:43.748,4.003589391922318,4.005443573322509,4.0043315890033,4.003282547192725,-0.012626801902528191,2.2433699514490257,3.4022333265681937,2.7072431270624975,2.05159199545335,-50.15783502378161
2026-04-15T15:28:43.872,4.003589391922318,4.005443573322509,4.0043315890033,4.003282547192725,-0.012626801902528191,2.2433699514490257,3.4022333265681937,2.7072431270624975,2.05159199545335,-50.15783502378161
2026-04-15T15:28:43.981,4.003589391922318,4.005443573322509,4.0043315890033,4.003282547192725,-0.012626801902528191,2.2433699514490257,3.4022333265681937,2.7072431270624975,2.05159199545335,-50.15783502378161
2026-04-15T15:28:44.090,4.003508091181999,4.005307197887134,4.004625320710261,4.003405809605468,-0.009265961490774828,2.192556988749317,3.3169986794590045,2.8908254439130587,2.128631003417425,-50.11582451863469
2026-04-15T15:28:44.200,4.003508091181999,4.005307197887134,4.004625320710261,4.003405809605468,-0.009265961490774828,2.192556988749317,3.3169986794590045,2.8908254439130587,2.128631003417425,-50.11582451863469
2026-04-15T15:28:44.310,4.003508091181999,4.005307197887134,4.004625320710261,4.003405809605468,-0.009265961490774828,2.192556988749317,3.3169986794590045,2.8908254439130587,2.128631003417425,-50.11582451863469
2026-04-15T15:28:44.418,4.0031514169664035,4.005215406728709,4.004189968358872,4.003028154553661,-0.008613709499753064,1.9696356040022067,3.259629205443204,2.6187302242952626,1.892596596038132,-50.10767136874691
2026-04-15T15:28:44.528,4.0031514169664035,4.005215406728709,4.004189968358872,4.003028154553661,-0.008613709499753064,1.9696356040022067,3.259629205443204,2.6187302242952626,1.892596596038132,-50.10767136874691
2026-04-15T15:28:44.637,4.0031514169664035,4.005215406728709,4.004189968358872,4.003028154553661,-0.008613709499753064,1.9696356040022067,3.259629205443204,2.6187302242952626,1.892596596038132,-50.10767136874691
2026-04-15T15:28:44.745,4.003245830729355,4.00486135511764,4.0043106081670885,4.002039432647194,-0.00861868852258529,2.02864420584703,3.038346948525117,2.6941301044303145,1.2746454044965105,-50.107733606532314
2026-04-15T15:28:44.855,4.003245830729355,4.00486135511764,4.0043106081670885,4.002039432647194,-0.00861868852258529,2.02864420584703,3.038346948525117,2.6941301044303145,1.2746454044965105,-50.107733606532314
2026-04-15T15:28:44.964,4.003245830729355,4.00486135511764,4.0043106081670885,4.002039432647194,-0.00861868852258529,2.02864420584703,3.038346948525117,2.6941301044303145,1.2746454044965105,-50.107733606532314
2026-04-15T15:28:45.074,4.003772974239169,4.004921675021748,4.004528284342783,4.002611160433958,-0.011232675509504575,2.3581088994806265,3.076046888592643,2.8301777142392126,1.6319752712234958,-50.140408443868814
2026-04-15T15:28:45.183,4.003772974239169,4.004921675021748,4.004528284342783,4.002611160433958,-0.011232675509504575,2.3581088994806265,3.076046888592643,2.8301777142392126,1.6319752712234958,-50.140408443868814
2026-04-15T15:28:45.293,4.003772974239169,4.004921675021748,4.004528284342783,4.002611160433958,-0.011232675509504575,2.3581088994806265,3.076046888592643,2.8301777142392126,1.6319752712234958,-50.140408443868814
2026-04-15T15:28:45.403,4.002849817445863,4.005265236214712,4.004158497104555,4.002042055251721,-0.007284310403548401,1.7811359036645769,3.2907726341951937,2.599060690346988,1.2762845323255334,-50.091053880044356
2026-04-15T15:28:45.513,4.002849817445863,4.005265236214712,4.004158497104555,4.002042055251721,-0.007284310403548401,1.7811359036645769,3.2907726341951937,2.599060690346988,1.2762845323255334,-50.091053880044356
2026-04-15T15:28:45.621,4.002849817445863,4.005265236214712,4.004158497104555,4.002042055251721,-0.007284310403548401,1.7811359036645769,3.2907726341951937,2.599060690346988,1.2762845323255334,-50.091053880044356
2026-04-15T15:28:45.732,4.003240585520302,4.0050134661801735,4.004593849455944,4.002084016924144,-0.013059976888931958,2.0253659501889842,3.1334163626084433,2.8711559099647843,1.3025105775898993,-50.163249711111646
2026-04-15T15:28:45.840,4.003240585520302,4.0050134661801735,4.004593849455944,4.002084016924144,-0.013059976888931958,2.0253659501889842,3.1334163626084433,2.8711559099647843,1.3025105775898993,-50.163249711111646
2026-04-15T15:28:45.950,4.003240585520302,4.0050134661801735,4.004593849455944,4.002084016924144,-0.013059976888931958,2.0253659501889842,3.1334163626084433,2.8711559099647843,1.3025105775898993,-50.163249711111646
2026-04-15T15:28:46.058,4.003298282819885,4.005141973801969,4.004499435692992,4.002758026287438,-0.02294333721090296,2.0614267624280425,3.213733626230564,2.812147308119961,1.7237664296487765,-50.28679171513629
2026-04-15T15:28:46.168,4.003298282819885,4.005141973801969,4.004499435692992,4.002758026287438,-0.02294333721090296,2.0614267624280425,3.213733626230564,2.812147308119961,1.7237664296487765,-50.28679171513629
2026-04-15T15:28:46.276,4.003298282819885,4.005141973801969,4.004499435692992,4.002758026287438,-0.02294333721090296,2.0614267624280425,3.213733626230564,2.812147308119961,1.7237664296487765,-50.28679171513629
2026-04-15T15:28:46.385,4.003138303943771,4.005081653897861,4.004032612087286,4.0036497118264265,-0.015917935994630376,1.9614399648570924,3.176033686163038,2.5203825545538905,2.2810698915165517,-50.19897419993288
2026-04-15T15:28:46.494,4.003138303943771,4.005081653897861,4.004032612087286,4.0036497118264265,-0.015917935994630376,1.9614399648570924,3.176033686163038,2.5203825545538905,2.2810698915165517,-50.19897419993288
2026-04-15T15:28:46.603,4.003138303943771,4.005081653897861,4.004032612087286,4.0036497118264265,-0.015917935994630376,1.9614399648570924,3.176033686163038,2.5203825545538905,2.2810698915165517,-50.19897419993288
2026-04-15T15:28:46.713,4.003673315267164,4.005039692225438,4.004242420449401,4.002527237089112,-0.01387653663341722,2.2958220419777575,3.149807640898672,2.65151278087572,1.579523180694764,-50.173456707917715
2026-04-15T15:28:46.821,4.003673315267164,4.005039692225438,4.004242420449401,4.002527237089112,-0.01387653663341722,2.2958220419777575,3.149807640898672,2.65151278087572,1.579523180694764,-50.173456707917715
2026-04-15T15:28:46.922,4.003673315267164,4.005039692225438,4.004242420449401,4.002527237089112,-0.01387653663341722,2.2958220419777575,3.149807640898672,2.65151278087572,1.579523180694764,-50.173456707917715
2026-04-15T15:28:47.036,4.003269434170093,4.004759073541109,4.004032612087286,4.002632141270169,-0.018770916077496563,2.043396356308236,2.974420963193225,2.5203825545538905,1.6450882938556788,-50.23463645096871
2026-04-15T15:28:47.146,4.003269434170093,4.004759073541109,4.004032612087286,4.002632141270169,-0.018770916077496563,2.043396356308236,2.974420963193225,2.5203825545538905,1.6450882938556788,-50.23463645096871
2026-04-15T15:28:47.255,4.003269434170093,4.004759073541109,4.004032612087286,4.002632141270169,-0.018770916077496563,2.043396356308236,2.974420963193225,2.5203825545538905,1.6450882938556788,-50.23463645096871
2026-04-15T15:28:47.364,4.00266098991996,4.004882335953852,4.004161119709082,4.003185510825247,-0.017167670725519404,1.6631186999749303,3.0514599711573,2.600699818176011,1.990944265779504,-50.21459588406899
2026-04-15T15:28:47.476,4.00266098991996,4.004882335953852,4.004161119709082,4.003185510825247,-0.017167670725519404,1.6631186999749303,3.0514599711573,2.600699818176011,1.990944265779504,-50.21459588406899
2026-04-15T15:28:47.585,4.00266098991996,4.004882335953852,4.004161119709082,4.003185510825247,-0.017167670725519404,1.6631186999749303,3.0514599711573,2.600699818176011,1.990944265779504,-50.21459588406899
2026-04-15T15:28:47.693,4.003825426329698,4.005299330073555,4.004197836172452,4.002695083778804,-0.024641183996692437,2.390891456061084,3.312081295971936,2.623647607782331,1.6844273617522276,-50.308014799958656
2026-04-15T15:28:47.806,4.003825426329698,4.005299330073555,4.004197836172452,4.002695083778804,-0.024641183996692437,2.390891456061084,3.312081295971936,2.623647607782331,1.6844273617522276,-50.308014799958656
2026-04-15T15:28:47.934,4.003825426329698,4.005299330073555,4.004197836172452,4.002695083778804,-0.024641183996692437,2.390891456061084,3.312081295971936,2.623647607782331,1.6844273617522276,-50.308014799958656
2026-04-15T15:28:48.025,4.00345563909147,4.005312443096187,4.004470587043201,4.002873420886601,-0.014683138332238027,2.1597744321688594,3.3202769351170502,2.7941169020007095,1.7958880541257827,-50.18353922915297
2026-04-15T15:28:48.133,4.00345563909147,4.005312443096187,4.004470587043201,4.002873420886601,-0.014683138332238027,2.1597744321688594,3.3202769351170502,2.7941169020007095,1.7958880541257827,-50.18353922915297
2026-04-15T15:28:48.235,4.00345563909147,4.005312443096187,4.004470587043201,4.002873420886601,-0.014683138332238027,2.1597744321688594,3.3202769351170502,2.7941169020007095,1.7958880541257827,-50.18353922915297
2026-04-15T15:28:48.351,4.0033192636560955,4.005113125152178,4.003990650414863,4.0026767255471185,-0.007085149490259312,2.0745397850596703,3.1957032201113122,2.4941565092895246,1.6729534669490675,-50.08856436862824
2026-04-15T15:28:48.460,4.0033192636560955,4.005113125152178,4.003990650414863,4.0026767255471185,-0.007085149490259312,2.0745397850596703,3.1957032201113122,2.4941565092895246,1.6729534669490675,-50.08856436862824
2026-04-15T15:28:48.572,4.0033192636560955,4.005113125152178,4.003990650414863,4.0026767255471185,-0.007085149490259312,2.0745397850596703,3.1957032201113122,2.4941565092895246,1.6729534669490675,-50.08856436862824
2026-04-15T15:28:48.680,4.003636598803794,4.004968881903224,4.003914594883597,4.002553463134376,-0.011332255966149118,2.2728742523714374,3.1055511895150545,2.4466218022478614,1.5959144589849927,-50.141653199576865
2026-04-15T15:28:48.790,4.003636598803794,4.004968881903224,4.003914594883597,4.002553463134376,-0.011332255966149118,2.2728742523714374,3.1055511895150545,2.4466218022478614,1.5959144589849927,-50.141653199576865
2026-04-15T15:28:48.899,4.003636598803794,4.004968881903224,4.003914594883597,4.002553463134376,-0.011332255966149118,2.2728742523714374,3.1055511895150545,2.4466218022478614,1.5959144589849927,-50.141653199576865
2026-04-15T15:28:49.008,4.003164529989037,4.005999565482114,4.0045387747608885,4.002228260173098,-0.005875246942028101,1.9778312431478762,3.7497284263210418,2.836734225555304,1.392662608186157,-50.073440586775355
2026-04-15T15:28:49.118,4.003164529989037,4.005999565482114,4.0045387747608885,4.002228260173098,-0.005875246942028101,1.9778312431478762,3.7497284263210418,2.836734225555304,1.392662608186157,-50.073440586775355
2026-04-15T15:28:49.218,4.003164529989037,4.005999565482114,4.0045387747608885,4.002228260173098,-0.005875246942028101,1.9778312431478762,3.7497284263210418,2.836734225555304,1.392662608186157,-50.073440586775355
2026-04-15T15:28:49.329,4.0035238268091575,4.005076408688808,4.004074573759709,4.003828048934224,-0.01838255229658284,2.202391755723454,3.172755430504992,2.5466085998182564,2.3925305838901068,-50.229781903707284
2026-04-15T15:28:49.441,4.0035238268091575,4.005076408688808,4.004074573759709,4.003828048934224,-0.01838255229658284,2.202391755723454,3.172755430504992,2.5466085998182564,2.3925305838901068,-50.229781903707284
2026-04-15T15:28:49.550,4.0035238268091575,4.005076408688808,4.004074573759709,4.003828048934224,-0.01838255229658284,2.202391755723454,3.172755430504992,2.5466085998182564,2.3925305838901068,-50.229781903707284
2026-04-15T15:28:49.661,4.003245830729355,4.005422592486298,4.00440502193004,4.003240585520302,-0.023346638060313365,2.02864420584703,3.3891203039360107,2.753138706275138,2.0253659501889842,-50.29183297575391
2026-04-15T15:28:49.766,4.003245830729355,4.005422592486298,4.00440502193004,4.003240585520302,-0.023346638060313365,2.02864420584703,3.3891203039360107,2.753138706275138,2.0253659501889842,-50.29183297575391
2026-04-15T15:28:49.881,4.003245830729355,4.005422592486298,4.00440502193004,4.003240585520302,-0.023346638060313365,2.02864420584703,3.3891203039360107,2.753138706275138,2.0253659501889842,-50.29183297575391
2026-04-15T15:28:49.990,4.003279924588199,4.005050182643544,4.004517793924677,4.002755403682912,-0.023804708160878266,2.0499528676243273,3.1563641522147634,2.823621202923121,1.7221273018197536,-50.29755885201098
2026-04-15T15:28:50.099,4.003279924588199,4.005050182643544,4.004517793924677,4.002755403682912,-0.023804708160878266,2.0499528676243273,3.1563641522147634,2.823621202923121,1.7221273018197536,-50.29755885201098
2026-04-15T15:28:50.208,4.003279924588199,4.005050182643544,4.004517793924677,4.002755403682912,-0.023804708160878266,2.0499528676243273,3.1563641522147634,2.823621202923121,1.7221273018197536,-50.29755885201098
2026-04-15T15:28:50.317,4.0032956602153575,4.005330801327872,4.0039985182284425,4.002348899981314,-0.015833292606482512,2.0597876345984645,3.3317508299202103,2.499073892776593,1.468062488321209,-50.197916157581034
2026-04-15T15:28:50.426,4.0032956602153575,4.005330801327872,4.0039985182284425,4.002348899981314,-0.015833292606482512,2.0597876345984645,3.3317508299202103,2.499073892776593,1.468062488321209,-50.197916157581034
2026-04-15T15:28:50.530,4.0032956602153575,4.005330801327872,4.0039985182284425,4.002348899981314,-0.015833292606482512,2.0597876345984645,3.3317508299202103,2.499073892776593,1.468062488321209,-50.197916157581034
2026-04-15T15:28:50.643,4.002931118186183,4.005459308949669,4.004439115788884,4.003240585520302,-0.007916646303241256,1.8319488663642858,3.412068093542886,2.774447368052435,2.0253659501889842,-50.09895807879051
2026-04-15T15:28:50.753,4.002931118186183,4.005459308949669,4.004439115788884,4.003240585520302,-0.007916646303241256,1.8319488663642858,3.412068093542886,2.774447368052435,2.0253659501889842,-50.09895807879051
2026-04-15T15:28:50.861,4.002931118186183,4.005459308949669,4.004439115788884,4.003240585520302,-0.007916646303241256,1.8319488663642858,3.412068093542886,2.774447368052435,2.0253659501889842,-50.09895807879051
2026-04-15T15:28:50.969,4.004095554595921,4.005118370361231,4.003791332470854,4.00285244005039,-0.009265961490774828,2.5597216224504393,3.198981475769358,2.3695827942837866,1.7827750314935997,-50.11582451863469
2026-04-15T15:28:51.077,4.004095554595921,4.005118370361231,4.003791332470854,4.00285244005039,-0.009265961490774828,2.5597216224504393,3.198981475769358,2.3695827942837866,1.7827750314935997,-50.11582451863469
2026-04-15T15:28:51.186,4.004095554595921,4.005118370361231,4.003791332470854,4.00285244005039,-0.009265961490774828,2.5597216224504393,3.198981475769358,2.3695827942837866,1.7827750314935997,-50.11582451863469
2026-04-15T15:28:51.301,4.003232717706723,4.005349159559557,4.004224062217716,4.003038644971767,-0.012965375455119641,2.0204485667019156,3.3432247247233704,2.64003888607256,1.8991531073542234,-50.162067193188996
2026-04-15T15:28:51.408,4.003232717706723,4.005349159559557,4.004224062217716,4.003038644971767,-0.012965375455119641,2.0204485667019156,3.3432247247233704,2.64003888607256,1.8991531073542234,-50.162067193188996
2026-04-15T15:28:51.515,4.003232717706723,4.005349159559557,4.004224062217716,4.003038644971767,-0.012965375455119641,2.0204485667019156,3.3432247247233704,2.64003888607256,1.8991531073542234,-50.162067193188996
2026-04-15T15:28:51.638,4.003222227288617,4.00535440476861,4.004318475980668,4.003012418926502,-0.007319163563373992,2.013892055385824,3.346502980381416,2.699047487917383,1.8827618290639947,-50.09148954454218
2026-04-15T15:28:51.735,4.003222227288617,4.00535440476861,4.004318475980668,4.003012418926502,-0.007319163563373992,2.013892055385824,3.346502980381416,2.699047487917383,1.8827618290639947,-50.09148954454218
2026-04-15T15:28:51.848,4.003222227288617,4.00535440476861,4.004318475980668,4.003012418926502,-0.007319163563373992,2.013892055385824,3.346502980381416,2.699047487917383,1.8827618290639947,-50.09148954454218
2026-04-15T15:28:51.963,4.0035238268091575,4.004919052417222,4.004491567879413,4.003038644971767,-0.009036926440492378,2.202391755723454,3.07440776076362,2.8072299246328924,1.8991531073542234,-50.11296158050615
2026-04-15T15:28:52.072,4.0035238268091575,4.004919052417222,4.004491567879413,4.003038644971767,-0.009036926440492378,2.202391755723454,3.07440776076362,2.8072299246328924,1.8991531073542234,-50.11296158050615
2026-04-15T15:28:52.176,4.0035238268091575,4.004919052417222,4.004491567879413,4.003038644971767,-0.009036926440492378,2.202391755723454,3.07440776076362,2.8072299246328924,1.8991531073542234,-50.11296158050615
2026-04-15T15:28:52.288,4.003925085301702,4.005141973801969,4.004009008646548,4.003070116226084,-0.009639388203191868,2.453178313563953,3.213733626230564,2.5056304040926847,1.9188226413024978,-50.120492352539905
2026-04-15T15:28:52.398,4.003925085301702,4.005141973801969,4.004009008646548,4.003070116226084,-0.009639388203191868,2.453178313563953,3.213733626230564,2.5056304040926847,1.9188226413024978,-50.120492352539905
2026-04-15T15:28:52.510,4.003925085301702,4.005141973801969,4.004009008646548,4.003070116226084,-0.009639388203191868,2.453178313563953,3.213733626230564,2.5056304040926847,1.9188226413024978,-50.120492352539905
2026-04-15T15:28:52.608,4.003017664135555,4.005023956598279,4.00398540520581,4.003306150633463,-0.015434970779904335,1.8860400847220404,3.1399728739245347,2.490878253631479,2.066344145914556,-50.1929371347488
2026-04-15T15:28:52.719,4.003017664135555,4.005023956598279,4.00398540520581,4.003306150633463,-0.015434970779904335,1.8860400847220404,3.1399728739245347,2.490878253631479,2.066344145914556,-50.1929371347488
2026-04-15T15:28:52.834,4.003017664135555,4.005023956598279,4.00398540520581,4.003306150633463,-0.015434970779904335,1.8860400847220404,3.1399728739245347,2.490878253631479,2.066344145914556,-50.1929371347488
2026-04-15T15:28:52.946,4.003015041531029,4.005060673061649,4.004245043053928,4.0032353403112495,-0.026657688243744454,1.8844009568930176,3.162920663530855,2.653151908704743,2.0220876945309385,-50.33322110304681
2026-04-15T15:28:53.056,4.003015041531029,4.005060673061649,4.004245043053928,4.0032353403112495,-0.026657688243744454,1.8844009568930176,3.162920663530855,2.653151908704743,2.0220876945309385,-50.33322110304681
2026-04-15T15:28:53.155,4.003015041531029,4.005060673061649,4.004245043053928,4.0032353403112495,-0.026657688243744454,1.8844009568930176,3.162920663530855,2.653151908704743,2.0220876945309385,-50.33322110304681
2026-04-15T15:28:53.266,4.003067493621558,4.004950523671539,4.004245043053928,4.0035054685774725,-0.009933150550293274,1.917183513473475,3.0940772947118944,2.653151908704743,2.190917860920294,-50.124164381878664
2026-04-15T15:28:53.385,4.003067493621558,4.004950523671539,4.004245043053928,4.0035054685774725,-0.009933150550293274,1.917183513473475,3.0940772947118944,2.653151908704743,2.190917860920294,-50.124164381878664
2026-04-15T15:28:53.500,4.003067493621558,4.004950523671539,4.004245043053928,4.0035054685774725,-0.009933150550293274,1.917183513473475,3.0940772947118944,2.653151908704743,2.190917860920294,-50.124164381878664
2026-04-15T15:28:53.612,4.00330090542441,4.005183935474392,4.00383853935233,4.002427578117107,-0.006109261015142781,2.06306589025651,3.2399596714949297,2.3990870952061982,1.517236323191895,-50.07636576268929
2026-04-15T15:28:53.708,4.00330090542441,4.005183935474392,4.00383853935233,4.002427578117107,-0.006109261015142781,2.06306589025651,3.2399596714949297,2.3990870952061982,1.517236323191895,-50.07636576268929
2026-04-15T15:28:53.832,4.00330090542441,4.005183935474392,4.00383853935233,4.002427578117107,-0.006109261015142781,2.06306589025651,3.2399596714949297,2.3990870952061982,1.517236323191895,-50.07636576268929
2026-04-15T15:28:53.924,4.003214359475038,4.005058050457123,4.003995895623916,4.0031933786388265,-0.005820477690873602,2.0089746718987556,3.161281535701832,2.4974347649475703,1.9958616492665726,-50.07275597113592
2026-04-15T15:28:54.035,4.003214359475038,4.005058050457123,4.003995895623916,4.0031933786388265,-0.005820477690873602,2.0089746718987556,3.161281535701832,2.4974347649475703,1.9958616492665726,-50.07275597113592
2026-04-15T15:28:54.144,4.003214359475038,4.005058050457123,4.003995895623916,4.0031933786388265,-0.005820477690873602,2.0089746718987556,3.161281535701832,2.4974347649475703,1.9958616492665726,-50.07275597113592
2026-04-15T15:28:54.253,4.003106832689454,4.005152464220075,4.004546642574468,4.002170562873516,-0.012477431217561374,1.941770430908818,3.2202901375466553,2.8416516090423727,1.356601795947654,-50.15596789021952
2026-04-15T15:28:54.362,4.003106832689454,4.005152464220075,4.004546642574468,4.002170562873516,-0.012477431217561374,1.941770430908818,3.2202901375466553,2.8416516090423727,1.356601795947654,-50.15596789021952
2026-04-15T15:28:54.467,4.003106832689454,4.005152464220075,4.004546642574468,4.002170562873516,-0.012477431217561374,1.941770430908818,3.2202901375466553,2.8416516090423727,1.356601795947654,-50.15596789021952
2026-04-15T15:28:54.580,4.003353357514939,4.005168199847233,4.0040404799008655,4.002125978596567,-0.007274352357883947,2.0958484468369676,3.2301249045207925,2.525299938040959,1.3287366228542652,-50.09092940447355
2026-04-15T15:28:54.686,4.003353357514939,4.005168199847233,4.0040404799008655,4.002125978596567,-0.007274352357883947,2.0958484468369676,3.2301249045207925,2.525299938040959,1.3287366228542652,-50.09092940447355
2026-04-15T15:28:54.796,4.003353357514939,4.005168199847233,4.0040404799008655,4.002125978596567,-0.007274352357883947,2.0958484468369676,3.2301249045207925,2.525299938040959,1.3287366228542652,-50.09092940447355
2026-04-15T15:28:54.906,4.003767729030116,4.005084276502387,4.003723144753167,4.003542185040843,-0.017287167273492856,2.354830643822581,3.1776728139920607,2.326965470729192,2.213865650526614,-50.216089590918656
2026-04-15T15:28:55.014,4.003767729030116,4.005084276502387,4.003723144753167,4.003542185040843,-0.017287167273492856,2.354830643822581,3.1776728139920607,2.326965470729192,2.213865650526614,-50.216089590918656
2026-04-15T15:28:55.127,4.003767729030116,4.005084276502387,4.003723144753167,4.003542185040843,-0.017287167273492856,2.354830643822581,3.1776728139920607,2.326965470729192,2.213865650526614,-50.216089590918656
2026-04-15T15:28:55.234,4.002445936348792,4.005081653897861,4.003817558516118,4.003571033690633,-0.006856114439976861,1.5287102179950551,3.176033686163038,2.3859740725740153,2.2318960566458657,-50.08570143049971
2026-04-15T15:28:55.344,4.002445936348792,4.005081653897861,4.003817558516118,4.003571033690633,-0.006856114439976861,1.5287102179950551,3.176033686163038,2.3859740725740153,2.2318960566458657,-50.08570143049971
2026-04-15T15:28:55.451,4.002445936348792,4.005081653897861,4.003817558516118,4.003571033690633,-0.006856114439976861,1.5287102179950551,3.176033686163038,2.3859740725740153,2.2318960566458657,-50.08570143049971
2026-04-15T15:28:55.563,4.003209114265985,4.00539112123198,4.004174232731714,4.002705574196909,-0.008344842266812796,2.00569641624071,3.3694507699877363,2.6088954573211254,1.690983873068319,-50.10431052833516
2026-04-15T15:28:55.670,4.003209114265985,4.00539112123198,4.004174232731714,4.002705574196909,-0.008344842266812796,2.00569641624071,3.3694507699877363,2.6088954573211254,1.690983873068319,-50.10431052833516
2026-04-15T15:28:55.782,4.003209114265985,4.00539112123198,4.004174232731714,4.002705574196909,-0.008344842266812796,2.00569641624071,3.3694507699877363,2.6088954573211254,1.690983873068319,-50.10431052833516
2026-04-15T15:28:55.889,4.003403187000941,4.004756450936583,4.004189968358872,4.003405809605468,-0.0158133765151536,2.126991875588402,2.972781835364202,2.6187302242952626,2.128631003417425,-50.19766720643942
2026-04-15T15:28:55.998,4.003403187000941,4.004756450936583,4.004189968358872,4.003405809605468,-0.0158133765151536,2.126991875588402,2.972781835364202,2.6187302242952626,2.128631003417425,-50.19766720643942
2026-04-15T15:28:56.107,4.003403187000941,4.004756450936583,4.004189968358872,4.003405809605468,-0.0158133765151536,2.126991875588402,2.972781835364202,2.6187302242952626,2.128631003417425,-50.19766720643942
2026-04-15T15:28:56.231,4.003686428289797,4.005086899106914,4.0041034224095,4.003051757994399,-0.00416744211057417,2.304017681122872,3.1793119418210836,2.564639005937508,1.9073487464993377,-50.052093026382174
2026-04-15T15:28:56.340,4.003686428289797,4.005086899106914,4.0041034224095,4.003051757994399,-0.00416744211057417,2.304017681122872,3.1793119418210836,2.564639005937508,1.9073487464993377,-50.052093026382174
2026-04-15T15:28:56.451,4.003686428289797,4.005086899106914,4.0041034224095,4.003051757994399,-0.00416744211057417,2.304017681122872,3.1793119418210836,2.564639005937508,1.9073487464993377,-50.052093026382174
2026-04-15T15:28:56.561,4.003251075938408,4.005000353157541,4.0038962366519115,4.002897024327339,0.001946797927400837,2.0319224615050757,3.125220723463329,2.4351479074447013,1.8106402045869885,-49.97566502590749
2026-04-15T15:28:56.671,4.003251075938408,4.005000353157541,4.0038962366519115,4.002897024327339,0.001946797927400837,2.0319224615050757,3.125220723463329,2.4351479074447013,1.8106402045869885,-49.97566502590749
2026-04-15T15:28:56.781,4.003251075938408,4.005000353157541,4.0038962366519115,4.002897024327339,0.001946797927400837,2.0319224615050757,3.125220723463329,2.4351479074447013,1.8106402045869885,-49.97566502590749
2026-04-15T15:28:56.889,4.003316641051569,4.005577326153357,4.004740715309424,4.00269770638333,-0.004321791818373214,2.0729006572306474,3.48582884584836,2.962947068390065,1.6860664895812505,-50.05402239772967
2026-04-15T15:28:57.013,4.003316641051569,4.005577326153357,4.004740715309424,4.00269770638333,-0.004321791818373214,2.0729006572306474,3.48582884584836,2.962947068390065,1.6860664895812505,-50.05402239772967
2026-04-15T15:28:57.132,4.003316641051569,4.005577326153357,4.004740715309424,4.00269770638333,-0.004321791818373214,2.0729006572306474,3.48582884584836,2.962947068390065,1.6860664895812505,-50.05402239772967
2026-04-15T15:28:57.235,4.003492355554841,4.004842996885955,4.00398540520581,4.003342867096833,-0.0025393016444358748,2.1827222217757347,3.026873053721957,2.490878253631479,2.089291935520876,-50.03174127055545
2026-04-15T15:28:57.356,4.003492355554841,4.004842996885955,4.00398540520581,4.003342867096833,-0.0025393016444358748,2.1827222217757347,3.026873053721957,2.490878253631479,2.089291935520876,-50.03174127055545
2026-04-15T15:28:57.464,4.003492355554841,4.004842996885955,4.00398540520581,4.003342867096833,-0.0025393016444358748,2.1827222217757347,3.026873053721957,2.490878253631479,2.089291935520876,-50.03174127055545
2026-04-15T15:28:57.573,4.003445148673364,4.005249500587553,4.004554510388047,4.002773761914597,0.006597205252701047,2.153217920852768,3.2809378672205014,2.8465689925294413,1.7336011966229137,-49.917534934341234
2026-04-15T15:28:57.681,4.003445148673364,4.005249500587553,4.004554510388047,4.002773761914597,0.006597205252701047,2.153217920852768,3.2809378672205014,2.8465689925294413,1.7336011966229137,-49.917534934341234
2026-04-15T15:28:57.785,4.003445148673364,4.005249500587553,4.004554510388047,4.002773761914597,0.006597205252701047,2.153217920852768,3.2809378672205014,2.8465689925294413,1.7336011966229137,-49.917534934341234
2026-04-15T15:28:57.892,4.003057003203452,4.004968881903224,4.004638433732893,4.002689838569751,0.006522519910217638,1.9106270021573835,3.1055511895150545,2.899021083058173,1.6811491060941819,-49.918468501122284
2026-04-15T15:28:58.011,4.003057003203452,4.004968881903224,4.004638433732893,4.002689838569751,0.006522519910217638,1.9106270021573835,3.1055511895150545,2.899021083058173,1.6811491060941819,-49.918468501122284
2026-04-15T15:28:58.109,4.003057003203452,4.004968881903224,4.004638433732893,4.002689838569751,0.006522519910217638,1.9106270021573835,3.1055511895150545,2.899021083058173,1.6811491060941819,-49.918468501122284
2026-04-15T15:28:58.217,4.003395319187362,4.005257368401132,4.004300117748983,4.00285244005039,-0.00048794423755826606,2.1220744921013335,3.28585525070757,2.687573593114223,1.7827750314935997,-50.006099302969474
2026-04-15T15:28:58.327,4.003395319187362,4.005257368401132,4.004300117748983,4.00285244005039,-0.00048794423755826606,2.1220744921013335,3.28585525070757,2.687573593114223,1.7827750314935997,-50.006099302969474
2026-04-15T15:28:58.436,4.003395319187362,4.005257368401132,4.004300117748983,4.00285244005039,-0.00048794423755826606,2.1220744921013335,3.28585525070757,2.687573593114223,1.7827750314935997,-50.006099302969474
2026-04-15T15:28:58.546,4.003282547192725,4.005092144315967,4.004651546755525,4.002765894101017,0.010630213746805083,2.05159199545335,3.1825901974791293,2.9072167222032874,1.728683813135845,-49.86712232816494
2026-04-15T15:28:58.655,4.003282547192725,4.005092144315967,4.004651546755525,4.002765894101017,0.010630213746805083,2.05159199545335,3.1825901974791293,2.9072167222032874,1.728683813135845,-49.86712232816494
2026-04-15T15:28:58.765,4.003282547192725,4.005092144315967,4.004651546755525,4.002765894101017,0.010630213746805083,2.05159199545335,3.1825901974791293,2.9072167222032874,1.728683813135845,-49.86712232816494
2026-04-15T15:28:58.874,4.003256321147461,4.005333423932399,4.00414800668645,4.003051757994399,0.005561568503597788,2.0352007171631215,3.333389957749233,2.592504179031452,1.9073487464993377,-49.93048039370503
2026-04-15T15:28:58.982,4.003256321147461,4.005333423932399,4.00414800668645,4.003051757994399,0.005561568503597788,2.0352007171631215,3.333389957749233,2.592504179031452,1.9073487464993377,-49.93048039370503
2026-04-15T15:28:59.092,4.003256321147461,4.005333423932399,4.00414800668645,4.003051757994399,0.005561568503597788,2.0352007171631215,3.333389957749233,2.592504179031452,1.9073487464993377,-49.93048039370503
2026-04-15T15:28:59.216,4.003211736870512,4.005076408688808,4.0043709280711965,4.002949476417868,0.0022953295256567417,2.0073355440697327,3.172755430504992,2.7318300444978405,1.8434227611674459,-49.971308380929294
2026-04-15T15:28:59.324,4.003211736870512,4.005076408688808,4.0043709280711965,4.002949476417868,0.0022953295256567417,2.0073355440697327,3.172755430504992,2.7318300444978405,1.8434227611674459,-49.971308380929294
2026-04-15T15:28:59.434,4.003211736870512,4.005076408688808,4.0043709280711965,4.002949476417868,0.0022953295256567417,2.0073355440697327,3.172755430504992,2.7318300444978405,1.8434227611674459,-49.971308380929294
2026-04-15T15:28:59.544,4.0031907560343,4.005524874062829,4.004174232731714,4.003592014526845,-0.002484532393281375,1.9942225214375497,3.4530462892679026,2.6088954573211254,2.2450090792780486,-50.031056654916014
2026-04-15T15:28:59.653,4.0031907560343,4.005524874062829,4.004174232731714,4.003592014526845,-0.002484532393281375,1.9942225214375497,3.4530462892679026,2.6088954573211254,2.2450090792780486,-50.031056654916014
2026-04-15T15:28:59.748,4.0031907560343,4.005524874062829,4.004174232731714,4.003592014526845,-0.002484532393281375,1.9942225214375497,3.4530462892679026,2.6088954573211254,2.2450090792780486,-50.031056654916014
2026-04-15T15:28:59.859,4.003542185040843,4.004916429812695,4.004355192444039,4.003093719666822,-0.000970909452284305,2.213865650526614,3.072768632934597,2.7219952775242584,1.9335747917637036,-50.01213636815356
2026-04-15T15:28:59.976,4.003542185040843,4.004916429812695,4.004355192444039,4.003093719666822,-0.000970909452284305,2.213865650526614,3.072768632934597,2.7219952775242584,1.9335747917637036,-50.01213636815356
2026-04-15T15:29:00.088,4.003542185040843,4.004916429812695,4.004355192444039,4.003093719666822,-0.000970909452284305,2.213865650526614,3.072768632934597,2.7219952775242584,1.9335747917637036,-50.01213636815356
2026-04-15T15:29:00.189,4.003143549152824,4.004811525631638,4.00353693983179,4.003140926548298,0.00030869941559808666,1.9647182205151381,3.0072035197736824,2.2105873948685684,1.9630790926861152,-49.99614125730502
2026-04-15T15:29:00.310,4.003143549152824,4.004811525631638,4.00353693983179,4.003140926548298,0.00030869941559808666,1.9647182205151381,3.0072035197736824,2.2105873948685684,1.9630790926861152,-49.99614125730502
2026-04-15T15:29:00.404,4.003143549152824,4.004811525631638,4.00353693983179,4.003140926548298,0.00030869941559808666,1.9647182205151381,3.0072035197736824,2.2105873948685684,1.9630790926861152,-49.99614125730502
2026-04-15T15:29:00.514,4.003182888220721,4.00493478804438,4.003951311346967,4.003557920668001,0.0002738462557724963,1.9893051379504811,3.084242527737757,2.4695695918541816,2.2237004175007513,-49.99657692180284
2026-04-15T15:29:00.638,4.003182888220721,4.00493478804438,4.003951311346967,4.003557920668001,0.0002738462557724963,1.9893051379504811,3.084242527737757,2.4695695918541816,2.2237004175007513,-49.99657692180284
2026-04-15T15:29:00.747,4.003182888220721,4.00493478804438,4.003951311346967,4.003557920668001,0.0002738462557724963,1.9893051379504811,3.084242527737757,2.4695695918541816,2.2237004175007513,-49.99657692180284
2026-04-15T15:29:00.856,4.0036497118264265,4.005147219011022,4.003476619927682,4.002776384519124,0.006447834567734231,2.2810698915165517,3.2170118818886095,2.1728874548010424,1.7352403244524917,-49.91940206790332
2026-04-15T15:29:00.954,4.0036497118264265,4.005147219011022,4.003476619927682,4.002776384519124,0.006447834567734231,2.2810698915165517,3.2170118818886095,2.1728874548010424,1.7352403244524917,-49.91940206790332
2026-04-15T15:29:01.075,4.0036497118264265,4.005147219011022,4.003476619927682,4.002776384519124,0.006447834567734231,2.2810698915165517,3.2170118818886095,2.1728874548010424,1.7352403244524917,-49.91940206790332
2026-04-15T15:29:01.184,4.00292587297713,4.0047249796822655,4.003820181120646,4.0023646356084726,0.0014638327126747983,1.82867061070624,2.9531123014159277,2.3876132004035933,1.4778972552953462,-49.98170209109157
2026-04-15T15:29:01.293,4.00292587297713,4.0047249796822655,4.003820181120646,4.0023646356084726,0.0014638327126747983,1.82867061070624,2.9531123014159277,2.3876132004035933,1.4778972552953462,-49.98170209109157
2026-04-15T15:29:01.402,4.00292587297713,4.0047249796822655,4.003820181120646,4.0023646356084726,0.0014638327126747983,1.82867061070624,2.9531123014159277,2.3876132004035933,1.4778972552953462,-49.98170209109157
2026-04-15T15:29:01.512,4.003059625807978,4.005464554158721,4.004567623410679,4.00281572358702,-0.00662707938969441,1.9122661299864063,3.4153463492003766,2.8547646316745556,1.7598272418872796,-50.08283849237118
2026-04-15T15:29:01.617,4.003059625807978,4.005464554158721,4.004567623410679,4.00281572358702,-0.00662707938969441,1.9122661299864063,3.4153463492003766,2.8547646316745556,1.7598272418872796,-50.08283849237118
2026-04-15T15:29:01.718,4.003059625807978,4.005464554158721,4.004567623410679,4.00281572358702,-0.00662707938969441,1.9122661299864063,3.4153463492003766,2.8547646316745556,1.7598272418872796,-50.08283849237118
2026-04-15T15:29:01.836,4.003064871017031,4.004683018009843,4.003796577679907,4.002382993840158,0.003943386083123946,1.915544385644452,2.926886256152117,2.3728610499418323,1.4893711500985063,-49.95070767396095
2026-04-15T15:29:01.948,4.003064871017031,4.004683018009843,4.003796577679907,4.002382993840158,0.003943386083123946,1.915544385644452,2.926886256152117,2.3728610499418323,1.4893711500985063,-49.95070767396095
2026-04-15T15:29:02.054,4.003064871017031,4.004683018009843,4.003796577679907,4.002382993840158,0.003943386083123946,1.915544385644452,2.926886256152117,2.3728610499418323,1.4893711500985063,-49.95070767396095
2026-04-15T15:29:02.165,4.003387451373783,4.004675150196263,4.003804445493486,4.003408432209994,-0.008912450869686698,2.117157108614265,2.9219688726644932,2.377778433428901,2.130270131246448,-50.11140563587109
2026-04-15T15:29:02.273,4.003387451373783,4.004675150196263,4.003804445493486,4.003408432209994,-0.008912450869686698,2.117157108614265,2.9219688726644932,2.377778433428901,2.130270131246448,-50.11140563587109
2026-04-15T15:29:02.375,4.003387451373783,4.004675150196263,4.003804445493486,4.003408432209994,-0.008912450869686698,2.117157108614265,2.9219688726644932,2.377778433428901,2.130270131246448,-50.11140563587109
2026-04-15T15:29:02.483,4.003096342271348,4.004932165439854,4.004418134952672,4.002776384519124,-0.008628646568249746,1.9352139195927265,3.0826033999087343,2.761334345420252,1.7352403244524917,-50.10785808210312
2026-04-15T15:29:02.592,4.003096342271348,4.004932165439854,4.004418134952672,4.002776384519124,-0.008628646568249746,1.9352139195927265,3.0826033999087343,2.761334345420252,1.7352403244524917,-50.10785808210312
2026-04-15T15:29:02.711,4.003096342271348,4.004932165439854,4.004418134952672,4.002776384519124,-0.008628646568249746,1.9352139195927265,3.0826033999087343,2.761334345420252,1.7352403244524917,-50.10785808210312
2026-04-15T15:29:02.819,4.0029888154857645,4.004654169360052,4.003972292183178,4.003119945712086,-0.004879442375582661,1.8680096786027889,2.9088558500323103,2.4826826144863645,1.9499660700539323,-50.06099302969478
2026-04-15T15:29:02.928,4.0029888154857645,4.004654169360052,4.003972292183178,4.003119945712086,-0.004879442375582661,1.8680096786027889,2.9088558500323103,2.4826826144863645,1.9499660700539323,-50.06099302969478
2026-04-15T15:29:03.033,4.0029888154857645,4.004654169360052,4.003972292183178,4.003119945712086,-0.004879442375582661,1.8680096786027889,2.9088558500323103,2.4826826144863645,1.9499660700539323,-50.06099302969478
2026-04-15T15:29:03.143,4.003843784561383,4.0047879221909,4.004895448976484,4.002309560913417,0.004481120549004484,2.402365350864244,2.9924513693124766,3.059655610302414,1.443475570885866,-49.943985993137446
2026-04-15T15:29:03.255,4.003843784561383,4.0047879221909,4.004895448976484,4.002309560913417,0.004481120549004484,2.402365350864244,2.9924513693124766,3.059655610302414,1.443475570885866,-49.943985993137446
2026-04-15T15:29:03.365,4.003843784561383,4.0047879221909,4.004895448976484,4.002309560913417,0.004481120549004484,2.402365350864244,2.9924513693124766,3.059655610302414,1.443475570885866,-49.943985993137446
2026-04-15T15:29:03.475,4.003820181120646,4.005532741876409,4.003914594883597,4.002865553073022,0.007792170732435576,2.3876132004035933,3.4579636727555263,2.4466218022478614,1.790970670638714,-49.902597865844555
2026-04-15T15:29:03.586,4.003820181120646,4.005532741876409,4.003914594883597,4.002865553073022,0.007792170732435576,2.3876132004035933,3.4579636727555263,2.4466218022478614,1.790970670638714,-49.902597865844555
2026-04-15T15:29:03.694,4.003820181120646,4.005532741876409,4.003914594883597,4.002865553073022,0.007792170732435576,2.3876132004035933,3.4579636727555263,2.4466218022478614,1.790970670638714,-49.902597865844555
2026-04-15T15:29:03.805,4.003366470537571,4.0050134661801735,4.004654169360052,4.002424955512581,0.0034653998912301345,2.104044085982082,3.1334163626084433,2.9088558500323103,1.5155971953628722,-49.95668250135962
2026-04-15T15:29:03.905,4.003366470537571,4.0050134661801735,4.004654169360052,4.002424955512581,0.0034653998912301345,2.104044085982082,3.1334163626084433,2.9088558500323103,1.5155971953628722,-49.95668250135962
2026-04-15T15:29:04.023,4.003366470537571,4.0050134661801735,4.004654169360052,4.002424955512581,0.0034653998912301345,2.104044085982082,3.1334163626084433,2.9088558500323103,1.5155971953628722,-49.95668250135962
2026-04-15T15:29:04.131,4.003015041531029,4.005616665221254,4.00440502193004,4.003077984039663,0.0021907700461799703,1.8844009568930176,3.510415763283703,2.753138706275138,1.9237400247895664,-49.97261537442275
2026-04-15T15:29:04.241,4.003015041531029,4.005616665221254,4.00440502193004,4.003077984039663,0.0021907700461799703,1.8844009568930176,3.510415763283703,2.753138706275138,1.9237400247895664,-49.97261537442275
2026-04-15T15:29:04.348,4.003015041531029,4.005616665221254,4.00440502193004,4.003077984039663,0.0021907700461799703,1.8844009568930176,3.510415763283703,2.753138706275138,1.9237400247895664,-49.97261537442275
2026-04-15T15:29:04.457,4.003633976199268,4.005322933514293,4.00444173839341,4.003046512785346,0.0006422939453573094,2.2712351245424145,3.3268334464331417,2.776086495881458,1.904070490841292,-49.99197132568303
2026-04-15T15:29:04.566,4.003633976199268,4.005322933514293,4.00444173839341,4.003046512785346,0.0006422939453573094,2.2712351245424145,3.3268334464331417,2.776086495881458,1.904070490841292,-49.99197132568303
2026-04-15T15:29:04.676,4.003633976199268,4.005322933514293,4.00444173839341,4.003046512785346,0.0006422939453573094,2.2712351245424145,3.3268334464331417,2.776086495881458,1.904070490841292,-49.99197132568303
2026-04-15T15:29:04.784,4.002786874937229,4.0047879221909,4.004355192444039,4.003038644971767,-0.0038985748776339015,1.741796835768028,2.9924513693124766,2.7219952775242584,1.8991531073542234,-50.04873218597042
2026-04-15T15:29:04.893,4.002786874937229,4.0047879221909,4.004355192444039,4.003038644971767,-0.0038985748776339015,1.741796835768028,2.9924513693124766,2.7219952775242584,1.8991531073542234,-50.04873218597042
2026-04-15T15:29:05.003,4.002786874937229,4.0047879221909,4.004355192444039,4.003038644971767,-0.0038985748776339015,1.741796835768028,2.9924513693124766,2.7219952775242584,1.8991531073542234,-50.04873218597042
2026-04-15T15:29:05.112,4.003127813525666,4.00467777280079,4.003778219448222,4.002629518665643,0.007727443435616621,1.954883453541001,2.923608000493516,2.3613871551386723,1.643449166026656,-49.90340695705479
2026-04-15T15:29:05.222,4.003127813525666,4.00467777280079,4.003778219448222,4.002629518665643,0.007727443435616621,1.954883453541001,2.923608000493516,2.3613871551386723,1.643449166026656,-49.90340695705479
2026-04-15T15:29:05.330,4.003127813525666,4.00467777280079,4.003778219448222,4.002629518665643,0.007727443435616621,1.954883453541001,2.923608000493516,2.3613871551386723,1.643449166026656,-49.90340695705479
2026-04-15T15:29:05.439,4.002868175677548,4.004609585083103,4.004315853376141,4.002480030207636,-0.00035848964392035874,1.792609798467737,2.8809906769394766,2.6974083600883603,1.5500188797723524,-50.004481120549
2026-04-15T15:29:05.548,4.002868175677548,4.004609585083103,4.004315853376141,4.002480030207636,-0.00035848964392035874,1.792609798467737,2.8809906769394766,2.6974083600883603,1.5500188797723524,-50.004481120549
2026-04-15T15:29:05.658,4.002868175677548,4.004609585083103,4.004315853376141,4.002480030207636,-0.00035848964392035874,1.792609798467737,2.8809906769394766,2.6974083600883603,1.5500188797723524,-50.004481120549
2026-04-15T15:29:05.766,4.003211736870512,4.004753828332056,4.00436830546667,4.002642631688276,0.007807107800932257,2.0073355440697327,2.9711427075351793,2.7301909166688176,1.6516448051723254,-49.90241115248835
2026-04-15T15:29:05.877,4.003211736870512,4.004753828332056,4.00436830546667,4.002642631688276,0.007807107800932257,2.0073355440697327,2.9711427075351793,2.7301909166688176,1.6516448051723254,-49.90241115248835
2026-04-15T15:29:05.987,4.003211736870512,4.004753828332056,4.00436830546667,4.002642631688276,0.007807107800932257,2.0073355440697327,2.9711427075351793,2.7301909166688176,1.6516448051723254,-49.90241115248835
2026-04-15T15:29:06.095,4.003327131469675,4.0045990946649965,4.004446983602463,4.003148794361877,-7.966436531563527e-05,2.079457168546739,2.87443416562283,2.7793647515395037,1.9679964761731839,-50.00099580456645
2026-04-15T15:29:06.204,4.003327131469675,4.0045990946649965,4.004446983602463,4.003148794361877,-7.966436531563527e-05,2.079457168546739,2.87443416562283,2.7793647515395037,1.9679964761731839,-50.00099580456645
2026-04-15T15:29:06.313,4.003327131469675,4.0045990946649965,4.004446983602463,4.003148794361877,-7.966436531563527e-05,2.079457168546739,2.87443416562283,2.7793647515395037,1.9679964761731839,-50.00099580456645
2026-04-15T15:29:06.421,4.002679348151645,4.004667282382684,4.004203081381505,4.002341032167735,0.0018770916077496564,1.6745925947780904,2.9170514891774246,2.626925863440377,1.4631451048341404,-49.976536354903125
2026-04-15T15:29:06.529,4.002679348151645,4.004667282382684,4.004203081381505,4.002341032167735,0.0018770916077496564,1.6745925947780904,2.9170514891774246,2.626925863440377,1.4631451048341404,-49.976536354903125
2026-04-15T15:29:06.654,4.002679348151645,4.004667282382684,4.004203081381505,4.002341032167735,0.0018770916077496564,1.6745925947780904,2.9170514891774246,2.626925863440377,1.4631451048341404,-49.976536354903125
2026-04-15T15:29:06.762,4.002910137349972,4.00475120572753,4.004171610127187,4.003321886260622,0.003017287836329686,1.818835843732658,2.9695035797061564,2.6072563294921025,2.076178912888693,-49.962283902045876
2026-04-15T15:29:06.871,4.002910137349972,4.00475120572753,4.004171610127187,4.003321886260622,0.003017287836329686,1.818835843732658,2.9695035797061564,2.6072563294921025,2.076178912888693,-49.962283902045876
2026-04-15T15:29:06.982,4.002910137349972,4.00475120572753,4.004171610127187,4.003321886260622,0.003017287836329686,1.818835843732658,2.9695035797061564,2.6072563294921025,2.076178912888693,-49.962283902045876
2026-04-15T15:29:07.091,4.003783464657275,4.004992485343962,4.004200458776978,4.003429413046206,0.0028081688773761437,2.364665410796718,3.1203033399762603,2.625286735611354,2.1433831538786308,-49.9648978890328
2026-04-15T15:29:07.185,4.003783464657275,4.004992485343962,4.004200458776978,4.003429413046206,0.0028081688773761437,2.364665410796718,3.1203033399762603,2.625286735611354,2.1433831538786308,-49.9648978890328
2026-04-15T15:29:07.295,4.003783464657275,4.004992485343962,4.004200458776978,4.003429413046206,0.0028081688773761437,2.364665410796718,3.1203033399762603,2.625286735611354,2.1433831538786308,-49.9648978890328
2026-04-15T15:29:07.419,4.003261566356514,4.005370140395769,4.004544019969941,4.002839327027758,-0.0010804479545933035,2.038478972821167,3.3563377473555533,2.84001248121335,1.7745793923484854,-50.01350559943242
2026-04-15T15:29:07.528,4.003261566356514,4.005370140395769,4.004544019969941,4.002839327027758,-0.0010804479545933035,2.038478972821167,3.3563377473555533,2.84001248121335,1.7745793923484854,-50.01350559943242
2026-04-15T15:29:07.637,4.003261566356514,4.005370140395769,4.004544019969941,4.002839327027758,-0.0010804479545933035,2.038478972821167,3.3563377473555533,2.84001248121335,1.7745793923484854,-50.01350559943242
2026-04-15T15:29:07.745,4.0027344228467,4.00543570550893,4.004163742313608,4.002902269536392,-0.001872112584917429,1.7090142791875707,3.397315943081125,2.602338946005034,1.8139184602450342,-50.02340140731146
2026-04-15T15:29:07.855,4.0027344228467,4.00543570550893,4.004163742313608,4.002902269536392,-0.001872112584917429,1.7090142791875707,3.397315943081125,2.602338946005034,1.8139184602450342,-50.02340140731146
2026-04-15T15:29:07.965,4.0027344228467,4.00543570550893,4.004163742313608,4.002902269536392,-0.001872112584917429,1.7090142791875707,3.397315943081125,2.602338946005034,1.8139184602450342,-50.02340140731146
2026-04-15T15:29:08.075,4.0033376218877805,4.005312443096187,4.004011631251075,4.003432035650733,-0.004789819964602571,2.0860136798628304,3.3202769351170502,2.5072695319217075,2.1450222817082087,-50.059872749557535
2026-04-15T15:29:08.182,4.0033376218877805,4.005312443096187,4.004011631251075,4.003432035650733,-0.004789819964602571,2.0860136798628304,3.3202769351170502,2.5072695319217075,2.1450222817082087,-50.059872749557535
2026-04-15T15:29:08.292,4.0033376218877805,4.005312443096187,4.004011631251075,4.003432035650733,-0.004789819964602571,2.0860136798628304,3.3202769351170502,2.5072695319217075,2.1450222817082087,-50.059872749557535
2026-04-15T15:29:08.405,4.003298282819885,4.004919052417222,4.004601717269523,4.002849817445863,-0.00043815400923599403,2.0614267624280425,3.07440776076362,2.876073293451853,1.7811359036645769,-50.00547692511545
2026-04-15T15:29:08.521,4.003298282819885,4.004919052417222,4.004601717269523,4.002849817445863,-0.00043815400923599403,2.0614267624280425,3.07440776076362,2.876073293451853,1.7811359036645769,-50.00547692511545
2026-04-15T15:29:08.621,4.003298282819885,4.004919052417222,4.004601717269523,4.002849817445863,-0.00043815400923599403,2.0614267624280425,3.07440776076362,2.876073293451853,1.7811359036645769,-50.00547692511545
2026-04-15T15:29:08.720,4.003038644971767,4.00444173839341,4.004242420449401,4.002944231208815,0.003405651617243408,1.8991531073542234,2.776086495881458,2.65151278087572,1.8401445055094001,-49.95742935478445
2026-04-15T15:29:08.838,4.003038644971767,4.00444173839341,4.004242420449401,4.002944231208815,0.003405651617243408,1.8991531073542234,2.776086495881458,2.65151278087572,1.8401445055094001,-49.95742935478445
2026-04-15T15:29:08.948,4.003038644971767,4.00444173839341,4.004242420449401,4.002944231208815,0.003405651617243408,1.8991531073542234,2.776086495881458,2.65151278087572,1.8401445055094001,-49.95742935478445
2026-04-15T15:29:09.057,4.003093719666822,4.004554510388047,4.004113912827606,4.003342867096833,0.005063666220375067,1.9335747917637036,2.8465689925294413,2.5711955172535994,2.089291935520876,-49.936704172245314
2026-04-15T15:29:09.182,4.003093719666822,4.004554510388047,4.004113912827606,4.003342867096833,0.005063666220375067,1.9335747917637036,2.8465689925294413,2.5711955172535994,2.089291935520876,-49.936704172245314
2026-04-15T15:29:09.270,4.003093719666822,4.004554510388047,4.004113912827606,4.003342867096833,0.005063666220375067,1.9335747917637036,2.8465689925294413,2.5711955172535994,2.089291935520876,-49.936704172245314
2026-04-15T15:29:09.385,4.0029048921409185,4.005149841615548,4.003872633211174,4.003353357514939,-9.95804566445441e-05,1.815557588074057,3.2186510097176324,2.4203957569834955,2.0958484468369676,-50.00124475570805
2026-04-15T15:29:09.487,4.0029048921409185,4.005149841615548,4.003872633211174,4.003353357514939,-9.95804566445441e-05,1.815557588074057,3.2186510097176324,2.4203957569834955,2.0958484468369676,-50.00124475570805
2026-04-15T15:29:09.601,4.0029048921409185,4.005149841615548,4.003872633211174,4.003353357514939,-9.95804566445441e-05,1.815557588074057,3.2186510097176324,2.4203957569834955,2.0958484468369676,-50.00124475570805
2026-04-15T15:29:09.714,4.003088474457769,4.004279136912771,4.003867388002121,4.003599882340424,0.0026637772152415546,1.9302965361056579,2.67446057048204,2.41711750132545,2.249926462765117,-49.96670278480948
2026-04-15T15:29:09.822,4.003088474457769,4.004279136912771,4.003867388002121,4.003599882340424,0.0026637772152415546,1.9302965361056579,2.67446057048204,2.41711750132545,2.249926462765117,-49.96670278480948
2026-04-15T15:29:09.930,4.003088474457769,4.004279136912771,4.003867388002121,4.003599882340424,0.0026637772152415546,1.9302965361056579,2.67446057048204,2.41711750132545,2.249926462765117,-49.96670278480948
2026-04-15T15:29:10.040,4.003051757994399,4.004924297626275,4.004389286302882,4.003156662175456,0.009330688787593782,1.9073487464993377,3.0776860164216657,2.7433039393010006,1.9729138596602525,-49.883366390155075
2026-04-15T15:29:10.149,4.003051757994399,4.004924297626275,4.004389286302882,4.003156662175456,0.009330688787593782,1.9073487464993377,3.0776860164216657,2.7433039393010006,1.9729138596602525,-49.883366390155075
2026-04-15T15:29:10.259,4.003051757994399,4.004924297626275,4.004389286302882,4.003156662175456,0.009330688787593782,1.9073487464993377,3.0776860164216657,2.7433039393010006,1.9729138596602525,-49.883366390155075
2026-04-15T15:29:10.368,4.003274679379146,4.005690098147994,4.003762483821063,4.003070116226084,0.012651697016689327,2.0466746119662815,3.5563113424963433,2.351552388164535,1.9188226413024978,-49.841853787291384
2026-04-15T15:29:10.477,4.003274679379146,4.005690098147994,4.003762483821063,4.003070116226084,0.012651697016689327,2.0466746119662815,3.5563113424963433,2.351552388164535,1.9188226413024978,-49.841853787291384
2026-04-15T15:29:10.587,4.003274679379146,4.005690098147994,4.003762483821063,4.003070116226084,0.012651697016689327,2.0466746119662815,3.5563113424963433,2.351552388164535,1.9188226413024978,-49.841853787291384
2026-04-15T15:29:10.695,4.002826214005125,4.005564213130725,4.00448632267036,4.00297045725408,0.005193120814012975,1.766383753203371,3.4776332067032456,2.8039516689748467,1.856535783800184,-49.93508598982484
2026-04-15T15:29:10.804,4.002826214005125,4.005564213130725,4.00448632267036,4.00297045725408,0.005193120814012975,1.766383753203371,3.4776332067032456,2.8039516689748467,1.856535783800184,-49.93508598982484
2026-04-15T15:29:10.914,4.002826214005125,4.005564213130725,4.00448632267036,4.00297045725408,0.005193120814012975,1.766383753203371,3.4776332067032456,2.8039516689748467,1.856535783800184,-49.93508598982484
2026-04-15T15:29:11.022,4.003670692662638,4.005218029333236,4.005131483383864,4.002495765834794,0.0029575395623429594,2.2941829141487347,3.261268333272227,3.2071771149150274,1.5598536467464896,-49.96303075547071
2026-04-15T15:29:11.131,4.003670692662638,4.005218029333236,4.005131483383864,4.002495765834794,0.0029575395623429594,2.2941829141487347,3.261268333272227,3.2071771149150274,1.5598536467464896,-49.96303075547071
2026-04-15T15:29:11.239,4.003670692662638,4.005218029333236,4.005131483383864,4.002495765834794,0.0029575395623429594,2.2941829141487347,3.261268333272227,3.2071771149150274,1.5598536467464896,-49.96303075547071
2026-04-15T15:29:11.349,4.0034399034643116,4.004866600326693,4.003206491661459,4.003274679379146,-0.0046852604851258,2.1499396651947222,3.0416252041831626,2.004057288411687,2.0466746119662815,-50.05856575606408
2026-04-15T15:29:11.457,4.0034399034643116,4.004866600326693,4.003206491661459,4.003274679379146,-0.0046852604851258,2.1499396651947222,3.0416252041831626,2.004057288411687,2.0466746119662815,-50.05856575606408
2026-04-15T15:29:11.561,4.0034399034643116,4.004866600326693,4.003206491661459,4.003274679379146,-0.0046852604851258,2.1499396651947222,3.0416252041831626,2.004057288411687,2.0466746119662815,-50.05856575606408
2026-04-15T15:29:11.675,4.003681183080744,4.005060673061649,4.004363060257617,4.0040640833416035,0.008489233928947385,2.300739425464826,3.162920663530855,2.726912661010772,2.540052088502165,-49.89388457588816
2026-04-15T15:29:11.786,4.003681183080744,4.005060673061649,4.004363060257617,4.0040640833416035,0.008489233928947385,2.300739425464826,3.162920663530855,2.726912661010772,2.540052088502165,-49.89388457588816
2026-04-15T15:29:11.895,4.003681183080744,4.005060673061649,4.004363060257617,4.0040640833416035,0.008489233928947385,2.300739425464826,3.162920663530855,2.726912661010772,2.540052088502165,-49.89388457588816
2026-04-15T15:29:12.003,4.002784252332702,4.00543570550893,4.004035234691813,4.003188133429774,0.008827807481538835,1.7401577079390051,3.397315943081125,2.5220216823829134,1.9925833936085269,-49.889652406480764
2026-04-15T15:29:12.114,4.002784252332702,4.00543570550893,4.004035234691813,4.003188133429774,0.008827807481538835,1.7401577079390051,3.397315943081125,2.5220216823829134,1.9925833936085269,-49.889652406480764
2026-04-15T15:29:12.221,4.002784252332702,4.00543570550893,4.004035234691813,4.003188133429774,0.008827807481538835,1.7401577079390051,3.397315943081125,2.5220216823829134,1.9925833936085269,-49.889652406480764
2026-04-15T15:29:12.330,4.002949476417868,4.005223274542288,4.004711866659633,4.0029468538133415,0.023202246398178777,1.8434227611674459,3.2645465889302727,2.9449166622708134,1.841783633338423,-49.70997192002277
2026-04-15T15:29:12.437,4.002949476417868,4.005223274542288,4.004711866659633,4.0029468538133415,0.023202246398178777,1.8434227611674459,3.2645465889302727,2.9449166622708134,1.841783633338423,-49.70997192002277
2026-04-15T15:29:12.550,4.002949476417868,4.005223274542288,4.004711866659633,4.0029468538133415,0.023202246398178777,1.8434227611674459,3.2645465889302727,2.9449166622708134,1.841783633338423,-49.70997192002277
2026-04-15T15:29:12.658,4.003489732950314,4.005370140395769,4.004698753637001,4.003298282819885,0.01485740413136598,2.1810830939461567,3.3563377473555533,2.936721023125699,2.0614267624280425,-49.81428244835793
2026-04-15T15:29:12.768,4.003489732950314,4.005370140395769,4.004698753637001,4.003298282819885,0.01485740413136598,2.1810830939461567,3.3563377473555533,2.936721023125699,2.0614267624280425,-49.81428244835793
2026-04-15T15:29:12.877,4.003489732950314,4.005370140395769,4.004698753637001,4.003298282819885,0.01485740413136598,2.1810830939461567,3.3563377473555533,2.936721023125699,2.0614267624280425,-49.81428244835793
2026-04-15T15:29:12.986,4.002689838569751,4.005010843575648,4.003350734910413,4.003442526068838,0.012741319427669416,1.6811491060941819,3.1317772347799755,2.0942093190079447,2.151578793023745,-49.840733507154134
2026-04-15T15:29:13.097,4.002689838569751,4.005010843575648,4.003350734910413,4.003442526068838,0.012741319427669416,1.6811491060941819,3.1317772347799755,2.0942093190079447,2.151578793023745,-49.840733507154134
2026-04-15T15:29:13.205,4.002689838569751,4.005010843575648,4.003350734910413,4.003442526068838,0.012741319427669416,1.6811491060941819,3.1317772347799755,2.0942093190079447,2.151578793023745,-49.840733507154134
2026-04-15T15:29:13.315,4.003329754074201,4.004992485343962,4.004829883863323,4.003180265616194,0.020956707100844307,2.0810962963757618,3.1203033399762603,3.0186774145768425,1.9876660101214583,-49.738041161239444
2026-04-15T15:29:13.424,4.003329754074201,4.004992485343962,4.004829883863323,4.003180265616194,0.020956707100844307,2.0810962963757618,3.1203033399762603,3.0186774145768425,1.9876660101214583,-49.738041161239444
2026-04-15T15:29:13.531,4.003329754074201,4.004992485343962,4.004829883863323,4.003180265616194,0.020956707100844307,2.0810962963757618,3.1203033399762603,3.0186774145768425,1.9876660101214583,-49.738041161239444
2026-04-15T15:29:13.644,4.003038644971767,4.0055117610401965,4.004467964438675,4.00292587297713,0.011013598504886576,1.8991531073542234,3.4448506501227882,2.7924777741716866,1.82867061070624,-49.862330018688915
2026-04-15T15:29:13.752,4.003038644971767,4.0055117610401965,4.004467964438675,4.00292587297713,0.011013598504886576,1.8991531073542234,3.4448506501227882,2.7924777741716866,1.82867061070624,-49.862330018688915
2026-04-15T15:29:13.861,4.003038644971767,4.0055117610401965,4.004467964438675,4.00292587297713,0.011013598504886576,1.8991531073542234,3.4448506501227882,2.7924777741716866,1.82867061070624,-49.862330018688915
2026-04-15T15:29:13.967,4.002629518665643,4.004976749716803,4.004554510388047,4.003041267576293,0.02137992404158362,1.643449166026656,3.110468573002123,2.8465689925294413,1.9007922351832462,-49.732750949480206
2026-04-15T15:29:14.097,4.002629518665643,4.004976749716803,4.004554510388047,4.003041267576293,0.02137992404158362,1.643449166026656,3.110468573002123,2.8465689925294413,1.9007922351832462,-49.732750949480206
2026-04-15T15:29:14.203,4.002629518665643,4.004976749716803,4.004554510388047,4.003041267576293,0.02137992404158362,1.643449166026656,3.110468573002123,2.8465689925294413,1.9007922351832462,-49.732750949480206
2026-04-15T15:29:14.299,4.003232717706723,4.004919052417222,4.003846407165909,4.0029468538133415,0.017351894570311808,2.0204485667019156,3.07440776076362,2.404004478693267,1.841783633338423,-49.7831013178711
2026-04-15T15:29:14.408,4.003232717706723,4.004919052417222,4.003846407165909,4.0029468538133415,0.017351894570311808,2.0204485667019156,3.07440776076362,2.404004478693267,1.841783633338423,-49.7831013178711
2026-04-15T15:29:14.516,4.003232717706723,4.004919052417222,4.003846407165909,4.0029468538133415,0.017351894570311808,2.0204485667019156,3.07440776076362,2.404004478693267,1.841783633338423,-49.7831013178711
2026-04-15T15:29:14.625,4.002954721626921,4.004609585083103,4.004357815048564,4.002915382559024,0.024451981129067806,1.8467010168254916,2.8809906769394766,2.723634405352726,1.8221140993901486,-49.69435023588665
2026-04-15T15:29:14.749,4.002954721626921,4.004609585083103,4.004357815048564,4.002915382559024,0.024451981129067806,1.8467010168254916,2.8809906769394766,2.723634405352726,1.8221140993901486,-49.69435023588665
2026-04-15T15:29:14.872,4.002954721626921,4.004609585083103,4.004357815048564,4.002915382559024,0.024451981129067806,1.8467010168254916,2.8809906769394766,2.723634405352726,1.8221140993901486,-49.69435023588665
2026-04-15T15:29:14.980,4.0033192636560955,4.005010843575648,4.003694296103376,4.003303528028937,0.013134662231415366,2.0745397850596703,3.1317772347799755,2.3089350646099405,2.064705018085533,-49.83581672210731
2026-04-15T15:29:15.115,4.0033192636560955,4.005010843575648,4.003694296103376,4.003303528028937,0.013134662231415366,2.0745397850596703,3.1317772347799755,2.3089350646099405,2.064705018085533,-49.83581672210731
2026-04-15T15:29:15.198,4.0033192636560955,4.005010843575648,4.003694296103376,4.003303528028937,0.013134662231415366,2.0745397850596703,3.1317772347799755,2.3089350646099405,2.064705018085533,-49.83581672210731
2026-04-15T15:29:15.298,4.002910137349972,4.0050160887847,4.004168987522661,4.002975702463132,0.015514635145219972,1.818835843732658,3.135055490437466,2.6056172016630796,1.8598140394576745,-49.80606706068475
2026-04-15T15:29:15.413,4.002910137349972,4.0050160887847,4.004168987522661,4.002975702463132,0.015514635145219972,1.818835843732658,3.135055490437466,2.6056172016630796,1.8598140394576745,-49.80606706068475
2026-04-15T15:29:15.518,4.002910137349972,4.0050160887847,4.004168987522661,4.002975702463132,0.015514635145219972,1.818835843732658,3.135055490437466,2.6056172016630796,1.8598140394576745,-49.80606706068475
2026-04-15T15:29:15.631,4.0031750204071415,4.0050973895250195,4.004234552635822,4.002912759954498,0.011232675509504575,1.9843877544634125,3.185868453137175,2.6465953973886513,1.8204749715611257,-49.85959155613119
2026-04-15T15:29:15.739,4.0031750204071415,4.0050973895250195,4.004234552635822,4.002912759954498,0.011232675509504575,1.9843877544634125,3.185868453137175,2.6465953973886513,1.8204749715611257,-49.85959155613119
2026-04-15T15:29:15.848,4.0031750204071415,4.0050973895250195,4.004234552635822,4.002912759954498,0.011232675509504575,1.9843877544634125,3.185868453137175,2.6465953973886513,1.8204749715611257,-49.85959155613119
2026-04-15T15:29:15.958,4.003513336391052,4.004819393445217,4.004079818968762,4.002789497541755,0.01841740545640843,2.1958352444073626,3.012120903260751,2.549886855476302,1.7434359635970509,-49.769782431794894
2026-04-15T15:29:16.067,4.003513336391052,4.004819393445217,4.004079818968762,4.002789497541755,0.01841740545640843,2.1958352444073626,3.012120903260751,2.549886855476302,1.7434359635970509,-49.769782431794894
2026-04-15T15:29:16.175,4.003513336391052,4.004819393445217,4.004079818968762,4.002789497541755,0.01841740545640843,2.1958352444073626,3.012120903260751,2.549886855476302,1.7434359635970509,-49.769782431794894
2026-04-15T15:29:16.283,4.003468752114102,4.004575491224259,4.004297495144456,4.003901481860964,0.01715273365702272,2.167970071313974,2.8596820151616242,2.6859344652852,2.438426163102747,-49.785590829287216
2026-04-15T15:29:16.391,4.003468752114102,4.004575491224259,4.004297495144456,4.003901481860964,0.01715273365702272,2.167970071313974,2.8596820151616242,2.6859344652852,2.438426163102747,-49.785590829287216
2026-04-15T15:29:16.500,4.003468752114102,4.004575491224259,4.004297495144456,4.003901481860964,0.01715273365702272,2.167970071313974,2.8596820151616242,2.6859344652852,2.438426163102747,-49.785590829287216
2026-04-15T15:29:16.609,4.002975702463132,4.004473209647728,4.004069328550656,4.00315403957093,0.020782441301716352,1.8598140394576745,2.7957560298297324,2.5433303441602106,1.9712747318312296,-49.740219483728545
2026-04-15T15:29:16.719,4.002975702463132,4.004473209647728,4.004069328550656,4.00315403957093,0.020782441301716352,1.8598140394576745,2.7957560298297324,2.5433303441602106,1.9712747318312296,-49.740219483728545
2026-04-15T15:29:16.826,4.002975702463132,4.004473209647728,4.004069328550656,4.00315403957093,0.020782441301716352,1.8598140394576745,2.7957560298297324,2.5433303441602106,1.9712747318312296,-49.740219483728545
2026-04-15T15:29:16.939,4.00353693983179,4.005375385604822,4.0042502882629805,4.0028445722368104,0.00946014338123169,2.2105873948685684,3.359616003013599,2.6564301643627886,1.7778576480065311,-49.8817482077346
2026-04-15T15:29:17.046,4.00353693983179,4.005375385604822,4.0042502882629805,4.0028445722368104,0.00946014338123169,2.2105873948685684,3.359616003013599,2.6564301643627886,1.7778576480065311,-49.8817482077346
2026-04-15T15:29:17.158,4.00353693983179,4.005375385604822,4.0042502882629805,4.0028445722368104,0.00946014338123169,2.2105873948685684,3.359616003013599,2.6564301643627886,1.7778576480065311,-49.8817482077346
2026-04-15T15:29:17.279,4.0036077501540035,4.005380630813875,4.004271269099192,4.003287792401778,-0.0006721680823506726,2.254843846252186,3.362894258671645,2.6695431869949715,2.054870251111396,-50.00840210102938
2026-04-15T15:29:17.384,4.0036077501540035,4.005380630813875,4.004271269099192,4.003287792401778,-0.0006721680823506726,2.254843846252186,3.362894258671645,2.6695431869949715,2.054870251111396,-50.00840210102938
2026-04-15T15:29:17.496,4.0036077501540035,4.005380630813875,4.004271269099192,4.003287792401778,-0.0006721680823506726,2.254843846252186,3.362894258671645,2.6695431869949715,2.054870251111396,-50.00840210102938
2026-04-15T15:29:17.603,4.003041267576293,4.004672527591737,4.00398540520581,4.003497600763893,0.00835480031247725,1.9007922351832462,2.9203297448354704,2.490878253631479,2.1860004774332253,-49.89556499609403
2026-04-15T15:29:17.714,4.003041267576293,4.004672527591737,4.00398540520581,4.003497600763893,0.00835480031247725,1.9007922351832462,2.9203297448354704,2.490878253631479,2.1860004774332253,-49.89556499609403
2026-04-15T15:29:17.824,4.003041267576293,4.004672527591737,4.00398540520581,4.003497600763893,0.00835480031247725,1.9007922351832462,2.9203297448354704,2.490878253631479,2.1860004774332253,-49.89556499609403
2026-04-15T15:29:17.932,4.003397941791889,4.0059444907870585,4.004407644534567,4.0031514169664035,0.017700426168567714,2.1237136199303563,3.7153067419115615,2.7547778341041607,1.9696356040022067,-49.778744672892905
2026-04-15T15:29:18.033,4.003397941791889,4.0059444907870585,4.004407644534567,4.0031514169664035,0.017700426168567714,2.1237136199303563,3.7153067419115615,2.7547778341041607,1.9696356040022067,-49.778744672892905
2026-04-15T15:29:18.144,4.003397941791889,4.0059444907870585,4.004407644534567,4.0031514169664035,0.017700426168567714,2.1237136199303563,3.7153067419115615,2.7547778341041607,1.9696356040022067,-49.778744672892905
2026-04-15T15:29:18.255,4.003206491661459,4.005661249498203,4.003140926548298,4.003075361435137,0.004107693836587444,2.004057288411687,3.5382809363770917,1.9630790926861152,1.9221008969605435,-49.948653827042655
2026-04-15T15:29:18.366,4.003206491661459,4.005661249498203,4.003140926548298,4.003075361435137,0.004107693836587444,2.004057288411687,3.5382809363770917,1.9630790926861152,1.9221008969605435,-49.948653827042655
2026-04-15T15:29:18.472,4.003206491661459,4.005661249498203,4.003140926548298,4.003075361435137,0.004107693836587444,2.004057288411687,3.5382809363770917,1.9630790926861152,1.9221008969605435,-49.948653827042655
2026-04-15T15:29:18.583,4.003371715746625,4.005433082904403,4.0049715045077505,4.002577066575114,0.0002738462557724963,2.1073223416406828,3.395676815252102,3.1071903173440774,1.6106666094461985,-49.99657692180284
2026-04-15T15:29:18.693,4.003371715746625,4.005433082904403,4.0049715045077505,4.002577066575114,0.0002738462557724963,2.1073223416406828,3.395676815252102,3.1071903173440774,1.6106666094461985,-49.99657692180284
2026-04-15T15:29:18.800,4.003371715746625,4.005433082904403,4.0049715045077505,4.002577066575114,0.0002738462557724963,2.1073223416406828,3.395676815252102,3.1071903173440774,1.6106666094461985,-49.99657692180284
2026-04-15T15:29:18.912,4.002742290660279,4.005364895186716,4.003807068098013,4.002674102942592,0.005013875992052795,1.7139316626746393,3.3530594916975076,2.379417561257924,1.6713143391200447,-49.93732655009934
2026-04-15T15:29:19.018,4.002742290660279,4.005364895186716,4.003807068098013,4.002674102942592,0.005013875992052795,1.7139316626746393,3.3530594916975076,2.379417561257924,1.6713143391200447,-49.93732655009934
2026-04-15T15:29:19.129,4.002742290660279,4.005364895186716,4.003807068098013,4.002674102942592,0.005013875992052795,1.7139316626746393,3.3530594916975076,2.379417561257924,1.6713143391200447,-49.93732655009934
2026-04-15T15:29:19.238,4.00307273883061,4.004908561999116,4.004777431772794,4.0030307771581874,0.017053153200378177,1.9204617691315207,3.0678512494475285,2.985894857996385,1.8942357238671548,-49.78683558499527
2026-04-15T15:29:19.346,4.00307273883061,4.004908561999116,4.004777431772794,4.0030307771581874,0.017053153200378177,1.9204617691315207,3.0678512494475285,2.985894857996385,1.8942357238671548,-49.78683558499527
2026-04-15T15:29:19.454,4.00307273883061,4.004908561999116,4.004777431772794,4.0030307771581874,0.017053153200378177,1.9204617691315207,3.0678512494475285,2.985894857996385,1.8942357238671548,-49.78683558499527
2026-04-15T15:29:19.563,4.002949476417868,4.0047249796822655,4.003830671538751,4.003358602723992,0.01122271746384012,1.8434227611674459,2.9531123014159277,2.3941697117191296,2.0991267024950133,-49.859716031702
2026-04-15T15:29:19.673,4.002949476417868,4.0047249796822655,4.003830671538751,4.003358602723992,0.01122271746384012,1.8434227611674459,2.9531123014159277,2.3941697117191296,2.0991267024950133,-49.859716031702
2026-04-15T15:29:19.781,4.002949476417868,4.0047249796822655,4.003830671538751,4.003358602723992,0.01122271746384012,1.8434227611674459,2.9531123014159277,2.3941697117191296,2.0991267024950133,-49.859716031702
2026-04-15T15:29:19.891,4.003395319187362,4.004323721189721,4.004218817008663,4.002443313744266,0.010396199673690404,2.1220744921013335,2.702325743575429,2.636760630414514,1.5270710901660323,-49.87004750407887
2026-04-15T15:29:20.000,4.003395319187362,4.004323721189721,4.004218817008663,4.002443313744266,0.010396199673690404,2.1220744921013335,2.702325743575429,2.636760630414514,1.5270710901660323,-49.87004750407887
2026-04-15T15:29:20.109,4.003395319187362,4.004323721189721,4.004218817008663,4.002443313744266,0.010396199673690404,2.1220744921013335,2.702325743575429,2.636760630414514,1.5270710901660323,-49.87004750407887
2026-04-15T15:29:20.219,4.003075361435137,4.005587816571463,4.004239797844875,4.003602504944951,0.009206213216788103,1.9221008969605435,3.4923853571644514,2.649873653046697,2.25156559059414,-49.88492233479015
2026-04-15T15:29:20.329,4.003075361435137,4.005587816571463,4.004239797844875,4.003602504944951,0.009206213216788103,1.9221008969605435,3.4923853571644514,2.649873653046697,2.25156559059414,-49.88492233479015
2026-04-15T15:29:20.437,4.003075361435137,4.005587816571463,4.004239797844875,4.003602504944951,0.009206213216788103,1.9221008969605435,3.4923853571644514,2.649873653046697,2.25156559059414,-49.88492233479015
2026-04-15T15:29:20.547,4.003484487741261,4.005063295666176,4.004092931991394,4.002786874937229,-0.0064727296818953665,2.177804838288111,3.1645597913598777,2.5580824946214165,1.741796835768028,-50.08090912102369
2026-04-15T15:29:20.656,4.003484487741261,4.005063295666176,4.004092931991394,4.002786874937229,-0.0064727296818953665,2.177804838288111,3.1645597913598777,2.5580824946214165,1.741796835768028,-50.08090912102369
2026-04-15T15:29:20.766,4.003484487741261,4.005063295666176,4.004092931991394,4.002786874937229,-0.0064727296818953665,2.177804838288111,3.1645597913598777,2.5580824946214165,1.741796835768028,-50.08090912102369
2026-04-15T15:29:20.875,4.00326418896104,4.005218029333236,4.004318475980668,4.00288915651376,0.011710661701398386,2.04011810065019,3.261268333272227,2.699047487917383,1.8057228210999199,-49.85361672873252
2026-04-15T15:29:20.985,4.00326418896104,4.005218029333236,4.004318475980668,4.00288915651376,0.011710661701398386,2.04011810065019,3.261268333272227,2.699047487917383,1.8057228210999199,-49.85361672873252
2026-04-15T15:29:21.091,4.00326418896104,4.005218029333236,4.004318475980668,4.00288915651376,0.011710661701398386,2.04011810065019,3.261268333272227,2.699047487917383,1.8057228210999199,-49.85361672873252
2026-04-15T15:29:21.210,4.003597259735898,4.005144596406495,4.0042502882629805,4.003085851853243,0.00799631066855689,2.2482873349360943,3.2153727540595867,2.6564301643627886,1.928657408276635,-49.90004611664304
2026-04-15T15:29:21.324,4.003597259735898,4.005144596406495,4.0042502882629805,4.003085851853243,0.00799631066855689,2.2482873349360943,3.2153727540595867,2.6564301643627886,1.928657408276635,-49.90004611664304
2026-04-15T15:29:21.434,4.003597259735898,4.005144596406495,4.0042502882629805,4.003085851853243,0.00799631066855689,2.2482873349360943,3.2153727540595867,2.6564301643627886,1.928657408276635,-49.90004611664304
2026-04-15T15:29:21.544,4.003138303943771,4.005050182643544,4.004460096625095,4.003266811565567,0.006183946357626188,1.9614399648570924,3.1563641522147634,2.787560390684618,2.041757228479213,-49.92270067052967
2026-04-15T15:29:21.652,4.003138303943771,4.005050182643544,4.004460096625095,4.003266811565567,0.006183946357626188,1.9614399648570924,3.1563641522147634,2.787560390684618,2.041757228479213,-49.92270067052967
2026-04-15T15:29:21.757,4.003138303943771,4.005050182643544,4.004460096625095,4.003266811565567,0.006183946357626188,1.9614399648570924,3.1563641522147634,2.787560390684618,2.041757228479213,-49.92270067052967
2026-04-15T15:29:21.860,4.003177643011668,4.004968881903224,4.004391908907408,4.003334999283254,0.001911944767575247,1.9860268822924354,3.1055511895150545,2.7449430671300235,2.0843745520338075,-49.97610069040531
2026-04-15T15:29:21.978,4.003177643011668,4.004968881903224,4.004391908907408,4.003334999283254,0.001911944767575247,1.9860268822924354,3.1055511895150545,2.7449430671300235,2.0843745520338075,-49.97610069040531
2026-04-15T15:29:22.078,4.003177643011668,4.004968881903224,4.004391908907408,4.003334999283254,0.001911944767575247,1.9860268822924354,3.1055511895150545,2.7449430671300235,2.0843745520338075,-49.97610069040531
2026-04-15T15:29:22.195,4.003450393882417,4.005107879943125,4.004814148236164,4.002959966835974,0.00489935846691157,2.1564961765108137,3.1924249644532665,3.0088426476027053,1.8499792724835373,-49.9387580191636
2026-04-15T15:29:22.305,4.003450393882417,4.005107879943125,4.004814148236164,4.002959966835974,0.00489935846691157,2.1564961765108137,3.1924249644532665,3.0088426476027053,1.8499792724835373,-49.9387580191636
2026-04-15T15:29:22.415,4.003450393882417,4.005107879943125,4.004814148236164,4.002959966835974,0.00489935846691157,2.1564961765108137,3.1924249644532665,3.0088426476027053,1.8499792724835373,-49.9387580191636
2026-04-15T15:29:22.518,4.003432035650733,4.0051577094291275,4.0042502882629805,4.003652334430953,-0.002499469461778057,2.1450222817082087,3.223568393204701,2.6564301643627886,2.2827090193455746,-50.03124336827223
2026-04-15T15:29:22.633,4.003432035650733,4.0051577094291275,4.0042502882629805,4.003652334430953,-0.002499469461778057,2.1450222817082087,3.223568393204701,2.6564301643627886,2.2827090193455746,-50.03124336827223
2026-04-15T15:29:22.742,4.003432035650733,4.0051577094291275,4.0042502882629805,4.003652334430953,-0.002499469461778057,2.1450222817082087,3.223568393204701,2.6564301643627886,2.2827090193455746,-50.03124336827223
2026-04-15T15:29:22.852,4.003219604684091,4.004963636694171,4.004431247975305,4.002687215965224,0.008290073015658296,2.0122529275568013,3.1022729338570088,2.7695299845653665,1.679509978265159,-49.896374087304274
2026-04-15T15:29:22.959,4.003219604684091,4.004963636694171,4.004431247975305,4.002687215965224,0.008290073015658296,2.0122529275568013,3.1022729338570088,2.7695299845653665,1.679509978265159,-49.896374087304274
2026-04-15T15:29:23.065,4.003219604684091,4.004963636694171,4.004431247975305,4.002687215965224,0.008290073015658296,2.0122529275568013,3.1022729338570088,2.7695299845653665,1.679509978265159,-49.896374087304274
2026-04-15T15:29:23.178,4.003222227288617,4.0049111846036425,4.004155874500029,4.002836704423232,-0.002350098776811241,2.013892055385824,3.0694903772765514,2.5974215625179653,1.7729402645200176,-50.02937623471014
2026-04-15T15:29:23.288,4.003222227288617,4.0049111846036425,4.004155874500029,4.002836704423232,-0.002350098776811241,2.013892055385824,3.0694903772765514,2.5974215625179653,1.7729402645200176,-50.02937623471014
2026-04-15T15:29:23.398,4.003222227288617,4.0049111846036425,4.004155874500029,4.002836704423232,-0.002350098776811241,2.013892055385824,3.0694903772765514,2.5974215625179653,1.7729402645200176,-50.02937623471014
2026-04-15T15:29:23.509,4.0032956602153575,4.0047879221909,4.004016876460128,4.003180265616194,0.008095891125201435,2.0597876345984645,2.9924513693124766,2.5105477875797533,1.9876660101214583,-49.89880136093498
2026-04-15T15:29:23.617,4.0032956602153575,4.0047879221909,4.004016876460128,4.003180265616194,0.008095891125201435,2.0597876345984645,2.9924513693124766,2.5105477875797533,1.9876660101214583,-49.89880136093498
2026-04-15T15:29:23.726,4.0032956602153575,4.0047879221909,4.004016876460128,4.003180265616194,0.008095891125201435,2.0597876345984645,2.9924513693124766,2.5105477875797533,1.9876660101214583,-49.89880136093498
2026-04-15T15:29:23.835,4.003623485781162,4.004696131032475,4.004357815048564,4.003432035650733,-0.0013244200733724364,2.264678613226323,2.935081895296676,2.723634405352726,2.1450222817082087,-50.01655525091716
2026-04-15T15:29:23.945,4.003623485781162,4.004696131032475,4.004357815048564,4.003432035650733,-0.0013244200733724364,2.264678613226323,2.935081895296676,2.723634405352726,2.1450222817082087,-50.01655525091716
2026-04-15T15:29:24.054,4.003623485781162,4.004696131032475,4.004357815048564,4.003432035650733,-0.0013244200733724364,2.264678613226323,2.935081895296676,2.723634405352726,2.1450222817082087,-50.01655525091716
2026-04-15T15:29:24.155,4.003696918707902,4.005039692225438,4.004509926111098,4.003290415006305,0.009923192504628819,2.3105741924389633,3.149807640898672,2.8187038194360525,2.0565093789404187,-49.87596009369214
2026-04-15T15:29:24.267,4.003696918707902,4.005039692225438,4.004509926111098,4.003290415006305,0.009923192504628819,2.3105741924389633,3.149807640898672,2.8187038194360525,2.0565093789404187,-49.87596009369214
2026-04-15T15:29:24.374,4.003696918707902,4.005039692225438,4.004509926111098,4.003290415006305,0.009923192504628819,2.3105741924389633,3.149807640898672,2.8187038194360525,2.0565093789404187,-49.87596009369214
2026-04-15T15:29:24.491,4.003961801765072,4.005383253418401,4.00466990498721,4.003476619927682,-0.00015932873063127055,2.476126103170273,3.3645333865006677,2.9186906170064475,2.1728874548010424,-50.00199160913289
2026-04-15T15:29:24.596,4.003961801765072,4.005383253418401,4.00466990498721,4.003476619927682,-0.00015932873063127055,2.476126103170273,3.3645333865006677,2.9186906170064475,2.1728874548010424,-50.00199160913289
2026-04-15T15:29:24.709,4.003961801765072,4.005383253418401,4.00466990498721,4.003476619927682,-0.00015932873063127055,2.476126103170273,3.3645333865006677,2.9186906170064475,2.1728874548010424,-50.00199160913289
2026-04-15T15:29:24.817,4.004077196364236,4.004895448976484,4.004418134952672,4.002716064615016,0.0093157517190971,2.5482477276472792,3.059655610302414,2.761334345420252,1.6975403843849657,-49.88355310351128
2026-04-15T15:29:24.926,4.004077196364236,4.004895448976484,4.004418134952672,4.002716064615016,0.0093157517190971,2.5482477276472792,3.059655610302414,2.761334345420252,1.6975403843849657,-49.88355310351128
2026-04-15T15:29:25.034,4.004077196364236,4.004895448976484,4.004418134952672,4.002716064615016,0.0093157517190971,2.5482477276472792,3.059655610302414,2.761334345420252,1.6975403843849657,-49.88355310351128
2026-04-15T15:29:25.145,4.002784252332702,4.004735470100371,4.004224062217716,4.003594637131371,0.0022953295256567417,1.7401577079390051,2.959668812732019,2.64003888607256,2.2466482071070715,-49.971308380929294
2026-04-15T15:29:25.255,4.002784252332702,4.004735470100371,4.004224062217716,4.003594637131371,0.0022953295256567417,1.7401577079390051,2.959668812732019,2.64003888607256,2.2466482071070715,-49.971308380929294
2026-04-15T15:29:25.363,4.002784252332702,4.004735470100371,4.004224062217716,4.003594637131371,0.0022953295256567417,1.7401577079390051,2.959668812732019,2.64003888607256,2.2466482071070715,-49.971308380929294
2026-04-15T15:29:25.472,4.003605127549477,4.005107879943125,4.004402399325514,4.003964424369599,0.0049292326039049325,2.253204718423163,3.1924249644532665,2.751499578446115,2.477765230999296,-49.93838459245119
2026-04-15T15:29:25.583,4.003605127549477,4.005107879943125,4.004402399325514,4.003964424369599,0.0049292326039049325,2.253204718423163,3.1924249644532665,2.751499578446115,2.477765230999296,-49.93838459245119
2026-04-15T15:29:25.689,4.003605127549477,4.005107879943125,4.004402399325514,4.003964424369599,0.0049292326039049325,2.253204718423163,3.1924249644532665,2.751499578446115,2.477765230999296,-49.93838459245119
2026-04-15T15:29:25.800,4.003416300023574,4.005574703548831,4.004210949195084,4.0035238268091575,-0.0010306577262710313,2.1351875147335164,3.484189718019337,2.6318432469274455,2.202391755723454,-50.012883221578385
2026-04-15T15:29:25.909,4.003416300023574,4.005574703548831,4.004210949195084,4.0035238268091575,-0.0010306577262710313,2.1351875147335164,3.484189718019337,2.6318432469274455,2.202391755723454,-50.012883221578385
2026-04-15T15:29:26.018,4.003416300023574,4.005574703548831,4.004210949195084,4.0035238268091575,-0.0010306577262710313,2.1351875147335164,3.484189718019337,2.6318432469274455,2.202391755723454,-50.012883221578385
2026-04-15T15:29:26.127,4.003849029770436,4.004473209647728,4.0040640833416035,4.0032773019836725,0.003126826338638685,2.4056436065222897,2.7957560298297324,2.540052088502165,2.0483137397953044,-49.96091467076702
2026-04-15T15:29:26.234,4.003849029770436,4.004473209647728,4.0040640833416035,4.0032773019836725,0.003126826338638685,2.4056436065222897,2.7957560298297324,2.540052088502165,2.0483137397953044,-49.96091467076702
2026-04-15T15:29:26.343,4.003849029770436,4.004473209647728,4.0040640833416035,4.0032773019836725,0.003126826338638685,2.4056436065222897,2.7957560298297324,2.540052088502165,2.0483137397953044,-49.96091467076702
2026-04-15T15:29:26.455,4.003222227288617,4.004420757557199,4.004389286302882,4.003077984039663,0.009509933609553961,2.013892055385824,2.762973473249275,2.7433039393010006,1.9237400247895664,-49.881125829880574
2026-04-15T15:29:26.565,4.003222227288617,4.004420757557199,4.004389286302882,4.003077984039663,0.009509933609553961,2.013892055385824,2.762973473249275,2.7433039393010006,1.9237400247895664,-49.881125829880574
2026-04-15T15:29:26.674,4.003222227288617,4.004420757557199,4.004389286302882,4.003077984039663,0.009509933609553961,2.013892055385824,2.762973473249275,2.7433039393010006,1.9237400247895664,-49.881125829880574
2026-04-15T15:29:26.784,4.003623485781162,4.004266023890139,4.004271269099192,4.0027186872195415,0.004117651882251898,2.264678613226323,2.6662649313369258,2.6695431869949715,1.6991795122134334,-49.94852935147185
2026-04-15T15:29:26.894,4.003623485781162,4.004266023890139,4.004271269099192,4.0027186872195415,0.004117651882251898,2.264678613226323,2.6662649313369258,2.6695431869949715,1.6991795122134334,-49.94852935147185
2026-04-15T15:29:27.003,4.003623485781162,4.004266023890139,4.004271269099192,4.0027186872195415,0.004117651882251898,2.264678613226323,2.6662649313369258,2.6695431869949715,1.6991795122134334,-49.94852935147185
2026-04-15T15:29:27.112,4.003612995363056,4.004334211607826,4.0044784548567804,4.003140926548298,-0.006328338019760777,2.2581221019102315,2.7088822548915203,2.799034285487778,1.9630790926861152,-50.07910422524701
2026-04-15T15:29:27.221,4.003612995363056,4.004334211607826,4.0044784548567804,4.003140926548298,-0.006328338019760777,2.2581221019102315,2.7088822548915203,2.799034285487778,1.9630790926861152,-50.07910422524701
2026-04-15T15:29:27.330,4.003612995363056,4.004334211607826,4.0044784548567804,4.003140926548298,-0.006328338019760777,2.2581221019102315,2.7088822548915203,2.799034285487778,1.9630790926861152,-50.07910422524701
2026-04-15T15:29:27.440,4.003592014526845,4.003959179160546,4.0045387747608885,4.002689838569751,0.004506015663165621,2.2450090792780486,2.47448697534125,2.836734225555304,1.6811491060941819,-49.94367480421043
2026-04-15T15:29:27.548,4.003592014526845,4.003959179160546,4.0045387747608885,4.002689838569751,0.004506015663165621,2.2450090792780486,2.47448697534125,2.836734225555304,1.6811491060941819,-49.94367480421043
2026-04-15T15:29:27.660,4.003592014526845,4.003959179160546,4.0045387747608885,4.002689838569751,0.004506015663165621,2.2450090792780486,2.47448697534125,2.836734225555304,1.6811491060941819,-49.94367480421043
2026-04-15T15:29:27.770,4.003799200284433,4.004955768880592,4.003988027810337,4.00315403957093,0.0006124198083639462,2.374500177770855,3.09735555036994,2.4925173814605017,1.9712747318312296,-49.992344752395454
2026-04-15T15:29:27.879,4.003799200284433,4.004955768880592,4.003988027810337,4.00315403957093,0.0006124198083639462,2.374500177770855,3.09735555036994,2.4925173814605017,1.9712747318312296,-49.992344752395454
2026-04-15T15:29:27.987,4.003799200284433,4.004955768880592,4.003988027810337,4.00315403957093,0.0006124198083639462,2.374500177770855,3.09735555036994,2.4925173814605017,1.9712747318312296,-49.992344752395454
2026-04-15T15:29:28.096,4.003639221408321,4.004685640614369,4.0041034224095,4.003009796321976,-0.004003134357110673,2.2745133802004602,2.9285253839805847,2.564639005937508,1.8811227012349718,-50.05003917946388
2026-04-15T15:29:28.205,4.003639221408321,4.004685640614369,4.0041034224095,4.003009796321976,-0.004003134357110673,2.2745133802004602,2.9285253839805847,2.564639005937508,1.8811227012349718,-50.05003917946388
2026-04-15T15:29:28.315,4.003639221408321,4.004685640614369,4.0041034224095,4.003009796321976,-0.004003134357110673,2.2745133802004602,2.9285253839805847,2.564639005937508,1.8811227012349718,-50.05003917946388
2026-04-15T15:29:28.421,4.004045725109918,4.005398989045561,4.003809690702539,4.003219604684091,0.0016580146031316592,2.528578193699005,3.37436815347536,2.3810566890869467,2.0122529275568013,-49.979274817460855
2026-04-15T15:29:28.535,4.004045725109918,4.005398989045561,4.003809690702539,4.003219604684091,0.0016580146031316592,2.528578193699005,3.37436815347536,2.3810566890869467,2.0122529275568013,-49.979274817460855
2026-04-15T15:29:28.643,4.004045725109918,4.005398989045561,4.003809690702539,4.003219604684091,0.0016580146031316592,2.528578193699005,3.37436815347536,2.3810566890869467,2.0122529275568013,-49.979274817460855
2026-04-15T15:29:28.751,4.003982782601284,4.004732847495845,4.004297495144456,4.003639221408321,-0.0003335945297592227,2.489239125802456,2.9580296849029963,2.6859344652852,2.2745133802004602,-50.00416993162199
2026-04-15T15:29:28.859,4.003982782601284,4.004732847495845,4.004297495144456,4.003639221408321,-0.0003335945297592227,2.489239125802456,2.9580296849029963,2.6859344652852,2.2745133802004602,-50.00416993162199
2026-04-15T15:29:28.967,4.003982782601284,4.004732847495845,4.004297495144456,4.003639221408321,-0.0003335945297592227,2.489239125802456,2.9580296849029963,2.6859344652852,2.2745133802004602,-50.00416993162199
2026-04-15T15:29:29.092,4.0029232503726035,4.004856109908587,4.004334211607826,4.00315403957093,0.0007667695161629896,1.8270314828772172,3.035068692867071,2.7088822548915203,1.9712747318312296,-49.99041538104797
2026-04-15T15:29:29.200,4.0029232503726035,4.004856109908587,4.004334211607826,4.00315403957093,0.0007667695161629896,1.8270314828772172,3.035068692867071,2.7088822548915203,1.9712747318312296,-49.99041538104797
2026-04-15T15:29:29.309,4.0029232503726035,4.004856109908587,4.004334211607826,4.00315403957093,0.0007667695161629896,1.8270314828772172,3.035068692867071,2.7088822548915203,1.9712747318312296,-49.99041538104797
2026-04-15T15:29:29.418,4.003539562436316,4.005029201807332,4.004168987522661,4.003293037610831,-0.004023050448439582,2.2122265226975912,3.1432511295825805,2.6056172016630796,2.0581485067694416,-50.050288130605495
2026-04-15T15:29:29.526,4.003539562436316,4.005029201807332,4.004168987522661,4.003293037610831,-0.004023050448439582,2.2122265226975912,3.1432511295825805,2.6056172016630796,2.0581485067694416,-50.050288130605495
2026-04-15T15:29:29.637,4.003539562436316,4.005029201807332,4.004168987522661,4.003293037610831,-0.004023050448439582,2.2122265226975912,3.1432511295825805,2.6056172016630796,2.0581485067694416,-50.050288130605495
2026-04-15T15:29:29.746,4.003615617967583,4.004664659778157,4.004200458776978,4.003028154553661,0.0026090079640870554,2.2597612297392544,2.9154123613484018,2.625286735611354,1.892596596038132,-49.96738740044891
2026-04-15T15:29:29.855,4.003615617967583,4.004664659778157,4.004200458776978,4.003028154553661,0.0026090079640870554,2.2597612297392544,2.9154123613484018,2.625286735611354,1.892596596038132,-49.96738740044891
2026-04-15T15:29:29.963,4.003615617967583,4.004664659778157,4.004200458776978,4.003028154553661,0.0026090079640870554,2.2597612297392544,2.9154123613484018,2.625286735611354,1.892596596038132,-49.96738740044891
2026-04-15T15:29:30.072,4.004056215528024,4.004444360997937,4.004189968358872,4.003167152593562,-0.008061037965375845,2.5351347050150963,2.777725623710481,2.6187302242952626,1.979470370976344,-50.1007629745672
2026-04-15T15:29:30.181,4.004056215528024,4.004444360997937,4.004189968358872,4.003167152593562,-0.008061037965375845,2.5351347050150963,2.777725623710481,2.6187302242952626,1.979470370976344,-50.1007629745672
2026-04-15T15:29:30.287,4.004056215528024,4.004444360997937,4.004189968358872,4.003167152593562,-0.008061037965375845,2.5351347050150963,2.777725623710481,2.6187302242952626,1.979470370976344,-50.1007629745672
2026-04-15T15:29:30.400,4.003626108385689,4.00444960620699,4.003967046974125,4.003243208124829,-0.01138204619447139,2.266317741055901,2.7810038793685266,2.4794043588283188,2.027005078018007,-50.142275577430894
2026-04-15T15:29:30.503,4.003626108385689,4.00444960620699,4.003967046974125,4.003243208124829,-0.01138204619447139,2.266317741055901,2.7810038793685266,2.4794043588283188,2.027005078018007,-50.142275577430894
2026-04-15T15:29:30.618,4.003626108385689,4.00444960620699,4.003967046974125,4.003243208124829,-0.01138204619447139,2.266317741055901,2.7810038793685266,2.4794043588283188,2.027005078018007,-50.142275577430894
2026-04-15T15:29:30.727,4.003476619927682,4.00497937232133,4.004037857296339,4.002653122106381,-0.007891751189080119,2.1728874548010424,3.112107700831146,2.5236608102119362,1.6582013164878617,-50.098646889863495
2026-04-15T15:29:30.831,4.003476619927682,4.00497937232133,4.004037857296339,4.002653122106381,-0.007891751189080119,2.1728874548010424,3.112107700831146,2.5236608102119362,1.6582013164878617,-50.098646889863495
2026-04-15T15:29:30.943,4.003476619927682,4.00497937232133,4.004037857296339,4.002653122106381,-0.007891751189080119,2.1728874548010424,3.112107700831146,2.5236608102119362,1.6582013164878617,-50.098646889863495
2026-04-15T15:29:31.052,4.00303602236724,4.004635811128367,4.004058838132551,4.003209114265985,-4.979022832227205e-06,1.8975139795252005,2.89738195522915,2.536773832844119,2.00569641624071,-50.0000622377854
2026-04-15T15:29:31.159,4.00303602236724,4.004635811128367,4.004058838132551,4.003209114265985,-4.979022832227205e-06,1.8975139795252005,2.89738195522915,2.536773832844119,2.00569641624071,-50.0000622377854
2026-04-15T15:29:31.264,4.00303602236724,4.004635811128367,4.004058838132551,4.003209114265985,-4.979022832227205e-06,1.8975139795252005,2.89738195522915,2.536773832844119,2.00569641624071,-50.0000622377854
2026-04-15T15:29:31.376,4.0034215452326265,4.004981994925856,4.0037939550753805,4.002975702463132,0.0034604208683979075,2.138465770391562,3.113746828660169,2.3712219221128095,1.8598140394576745,-49.95674473914502
2026-04-15T15:29:31.486,4.0034215452326265,4.004981994925856,4.0037939550753805,4.002975702463132,0.0034604208683979075,2.138465770391562,3.113746828660169,2.3712219221128095,1.8598140394576745,-49.95674473914502
2026-04-15T15:29:31.596,4.0034215452326265,4.004981994925856,4.0037939550753805,4.002975702463132,0.0034604208683979075,2.138465770391562,3.113746828660169,2.3712219221128095,1.8598140394576745,-49.95674473914502
2026-04-15T15:29:31.705,4.003001928508397,4.004748583123003,4.004203081381505,4.003127813525666,-0.012352955646755695,1.8762053177479032,2.9678644518771335,2.626925863440377,1.954883453541001,-50.15441194558444
2026-04-15T15:29:31.814,4.003001928508397,4.004748583123003,4.004203081381505,4.003127813525666,-0.012352955646755695,1.8762053177479032,2.9678644518771335,2.626925863440377,1.954883453541001,-50.15441194558444
2026-04-15T15:29:31.922,4.003001928508397,4.004748583123003,4.004203081381505,4.003127813525666,-0.012352955646755695,1.8762053177479032,2.9678644518771335,2.626925863440377,1.954883453541001,-50.15441194558444
2026-04-15T15:29:32.033,4.003059625807978,4.0047249796822655,4.004242420449401,4.0030071737174495,-0.00835480031247725,1.9122661299864063,2.9531123014159277,2.65151278087572,1.879483573405949,-50.10443500390597
2026-04-15T15:29:32.139,4.003059625807978,4.0047249796822655,4.004242420449401,4.0030071737174495,-0.00835480031247725,1.9122661299864063,2.9531123014159277,2.65151278087572,1.879483573405949,-50.10443500390597
2026-04-15T15:29:32.255,4.003059625807978,4.0047249796822655,4.004242420449401,4.0030071737174495,-0.00835480031247725,1.9122661299864063,2.9531123014159277,2.65151278087572,1.879483573405949,-50.10443500390597
2026-04-15T15:29:32.381,4.003405809605468,4.0048036578180595,4.004470587043201,4.0026164056430105,-0.0026637772152415546,2.128631003417425,3.002286136287169,2.7941169020007095,1.6352535268815416,-50.03329721519052
2026-04-15T15:29:32.468,4.003405809605468,4.0048036578180595,4.004470587043201,4.0026164056430105,-0.0026637772152415546,2.128631003417425,3.002286136287169,2.7941169020007095,1.6352535268815416,-50.03329721519052
2026-04-15T15:29:32.591,4.003405809605468,4.0048036578180595,4.004470587043201,4.0026164056430105,-0.0026637772152415546,2.128631003417425,3.002286136287169,2.7941169020007095,1.6352535268815416,-50.03329721519052
2026-04-15T15:29:32.699,4.003164529989037,4.004630565919314,4.004092931991394,4.00281572358702,-0.013881515656249448,1.9778312431478762,2.8941036995711045,2.5580824946214165,1.7598272418872796,-50.17351894570312
2026-04-15T15:29:32.808,4.003164529989037,4.004630565919314,4.004092931991394,4.00281572358702,-0.013881515656249448,1.9778312431478762,2.8941036995711045,2.5580824946214165,1.7598272418872796,-50.17351894570312
2026-04-15T15:29:32.917,4.003164529989037,4.004630565919314,4.004092931991394,4.00281572358702,-0.013881515656249448,1.9778312431478762,2.8941036995711045,2.5580824946214165,1.7598272418872796,-50.17351894570312
2026-04-15T15:29:33.026,4.002466917185004,4.00508952171144,4.004061460737077,4.003269434170093,-0.0035749383935391333,1.541823240627238,3.1809510696501064,2.538412960673142,2.043396356308236,-50.04468672991924
2026-04-15T15:29:33.136,4.002466917185004,4.00508952171144,4.004061460737077,4.003269434170093,-0.0035749383935391333,1.541823240627238,3.1809510696501064,2.538412960673142,2.043396356308236,-50.04468672991924
2026-04-15T15:29:33.245,4.002466917185004,4.00508952171144,4.004061460737077,4.003269434170093,-0.0035749383935391333,1.541823240627238,3.1809510696501064,2.538412960673142,2.043396356308236,-50.04468672991924
2026-04-15T15:29:33.345,4.003369093142098,4.0050737860842816,4.004656791964578,4.002797365355335,0.0038438056264794023,2.105683213811105,3.1711163026759692,2.910494977861333,1.7483533470841195,-49.95195242966901
2026-04-15T15:29:33.459,4.003369093142098,4.0050737860842816,4.004656791964578,4.002797365355335,0.0038438056264794023,2.105683213811105,3.1711163026759692,2.910494977861333,1.7483533470841195,-49.95195242966901
2026-04-15T15:29:33.566,4.003369093142098,4.0050737860842816,4.004656791964578,4.002797365355335,0.0038438056264794023,2.105683213811105,3.1711163026759692,2.910494977861333,1.7483533470841195,-49.95195242966901
2026-04-15T15:29:33.683,4.003387451373783,4.004987240134909,4.004475832252255,4.002920627768077,-0.005377344658805381,2.117157108614265,3.1170250843182146,2.7973951576593103,1.8253923550481943,-50.067216808235074
2026-04-15T15:29:33.790,4.003387451373783,4.004987240134909,4.004475832252255,4.002920627768077,-0.005377344658805381,2.117157108614265,3.1170250843182146,2.7973951576593103,1.8253923550481943,-50.067216808235074
2026-04-15T15:29:33.893,4.003387451373783,4.004987240134909,4.004475832252255,4.002920627768077,-0.005377344658805381,2.117157108614265,3.1170250843182146,2.7973951576593103,1.8253923550481943,-50.067216808235074
2026-04-15T15:29:34.008,4.002954721626921,4.005050182643544,4.0048272612587965,4.002849817445863,-0.009470101426896143,1.8467010168254916,3.1563641522147634,3.0170382867478196,1.7811359036645769,-50.118376267836204
2026-04-15T15:29:34.118,4.002954721626921,4.005050182643544,4.0048272612587965,4.002849817445863,-0.009470101426896143,1.8467010168254916,3.1563641522147634,3.0170382867478196,1.7811359036645769,-50.118376267836204
2026-04-15T15:29:34.226,4.002954721626921,4.005050182643544,4.0048272612587965,4.002849817445863,-0.009470101426896143,1.8467010168254916,3.1563641522147634,3.0170382867478196,1.7811359036645769,-50.118376267836204
2026-04-15T15:29:34.336,4.003796577679907,4.005517006249249,4.004189968358872,4.002973079858606,0.00299239272216855,2.3728610499418323,3.448128905780834,2.6187302242952626,1.8581749116286517,-49.9625950909729
2026-04-15T15:29:34.445,4.003796577679907,4.005517006249249,4.004189968358872,4.002973079858606,0.00299239272216855,2.3728610499418323,3.448128905780834,2.6187302242952626,1.8581749116286517,-49.9625950909729
2026-04-15T15:29:34.553,4.003796577679907,4.005517006249249,4.004189968358872,4.002973079858606,0.00299239272216855,2.3728610499418323,3.448128905780834,2.6187302242952626,1.8581749116286517,-49.9625950909729
2026-04-15T15:29:34.661,4.002545595320797,4.005149841615548,4.004719734473213,4.003161907384509,-0.0006821261280151271,1.5909970754979241,3.2186510097176324,2.949834045757882,1.9761921153182982,-50.00852657660019
2026-04-15T15:29:34.769,4.002545595320797,4.005149841615548,4.004719734473213,4.003161907384509,-0.0006821261280151271,1.5909970754979241,3.2186510097176324,2.949834045757882,1.9761921153182982,-50.00852657660019
2026-04-15T15:29:34.880,4.002545595320797,4.005149841615548,4.004719734473213,4.003161907384509,-0.0006821261280151271,1.5909970754979241,3.2186510097176324,2.949834045757882,1.9761921153182982,-50.00852657660019
2026-04-15T15:29:34.989,4.002553463134376,4.005252123192079,4.004446983602463,4.003759861216538,-0.0025393016444358748,1.5959144589849927,3.2825769950495243,2.7793647515395037,2.3499132603360673,-50.03174127055545
2026-04-15T15:29:35.097,4.002553463134376,4.005252123192079,4.004446983602463,4.003759861216538,-0.0025393016444358748,1.5959144589849927,3.2825769950495243,2.7793647515395037,2.3499132603360673,-50.03174127055545
2026-04-15T15:29:35.208,4.002553463134376,4.005252123192079,4.004446983602463,4.003759861216538,-0.0025393016444358748,1.5959144589849927,3.2825769950495243,2.7793647515395037,2.3499132603360673,-50.03174127055545
2026-04-15T15:29:35.316,4.0040404799008655,4.0047013762415276,4.003930330510755,4.002936363395236,0.004023050448439582,2.525299938040959,2.938360150954722,2.4564565692219986,1.8352271220223315,-49.949711869394505
2026-04-15T15:29:35.424,4.0040404799008655,4.0047013762415276,4.003930330510755,4.002936363395236,0.004023050448439582,2.525299938040959,2.938360150954722,2.4564565692219986,1.8352271220223315,-49.949711869394505
2026-04-15T15:29:35.533,4.0040404799008655,4.0047013762415276,4.003930330510755,4.002936363395236,0.004023050448439582,2.525299938040959,2.938360150954722,2.4564565692219986,1.8352271220223315,-49.949711869394505
2026-04-15T15:29:35.642,4.002708196801436,4.004606962478576,4.004163742313608,4.003518581600105,0.002599049918422601,1.692623000897342,2.8793515491098987,2.602338946005034,2.1991135000654083,-49.967511876019714
2026-04-15T15:29:35.752,4.002708196801436,4.004606962478576,4.004163742313608,4.003518581600105,0.002599049918422601,1.692623000897342,2.8793515491098987,2.602338946005034,2.1991135000654083,-49.967511876019714
2026-04-15T15:29:35.860,4.002708196801436,4.004606962478576,4.004163742313608,4.003518581600105,0.002599049918422601,1.692623000897342,2.8793515491098987,2.602338946005034,2.1991135000654083,-49.967511876019714
2026-04-15T15:29:35.970,4.002590179597746,4.004384041093829,4.003862142793068,4.002537727507217,-0.005332533453315336,1.618862248591313,2.740025683642955,2.413839245667404,1.5860796920108555,-50.066656668166445
2026-04-15T15:29:36.080,4.002590179597746,4.004384041093829,4.003862142793068,4.002537727507217,-0.005332533453315336,1.618862248591313,2.740025683642955,2.413839245667404,1.5860796920108555,-50.066656668166445
2026-04-15T15:29:36.189,4.002590179597746,4.004384041093829,4.003862142793068,4.002537727507217,-0.005332533453315336,1.618862248591313,2.740025683642955,2.413839245667404,1.5860796920108555,-50.066656668166445
2026-04-15T15:29:36.299,4.002209901941413,4.005503893226617,4.00394868874244,4.003122568316613,-0.004779861918938116,1.381188713382997,3.4399332666357196,2.4679304640251587,1.9516051978829552,-50.05974827398673
2026-04-15T15:29:36.407,4.002209901941413,4.005503893226617,4.00394868874244,4.003122568316613,-0.004779861918938116,1.381188713382997,3.4399332666357196,2.4679304640251587,1.9516051978829552,-50.05974827398673
2026-04-15T15:29:36.517,4.002209901941413,4.005503893226617,4.00394868874244,4.003122568316613,-0.004779861918938116,1.381188713382997,3.4399332666357196,2.4679304640251587,1.9516051978829552,-50.05974827398673
2026-04-15T15:29:36.626,4.002786874937229,4.004835129072376,4.0036680700581115,4.003353357514939,0.0003037203927658595,1.741796835768028,3.021955670234888,2.292543786319712,2.0958484468369676,-49.99620349509043
2026-04-15T15:29:36.735,4.002786874937229,4.004835129072376,4.0036680700581115,4.003353357514939,0.0003037203927658595,1.741796835768028,3.021955670234888,2.292543786319712,2.0958484468369676,-49.99620349509043
2026-04-15T15:29:36.844,4.002786874937229,4.004835129072376,4.0036680700581115,4.003353357514939,0.0003037203927658595,1.741796835768028,3.021955670234888,2.292543786319712,2.0958484468369676,-49.99620349509043
2026-04-15T15:29:36.952,4.002912759954498,4.005257368401132,4.003778219448222,4.003203869056932,-0.006756533983332317,1.8204749715611257,3.28585525070757,2.3613871551386723,2.002418160582664,-50.08445667479165
2026-04-15T15:29:37.063,4.002912759954498,4.005257368401132,4.003778219448222,4.003203869056932,-0.006756533983332317,1.8204749715611257,3.28585525070757,2.3613871551386723,2.002418160582664,-50.08445667479165
2026-04-15T15:29:37.171,4.002912759954498,4.005257368401132,4.003778219448222,4.003203869056932,-0.006756533983332317,1.8204749715611257,3.28585525070757,2.3613871551386723,2.002418160582664,-50.08445667479165
2026-04-15T15:29:37.294,4.004045725109918,4.004504680902045,4.004591226851417,4.002689838569751,-0.008548982202934112,2.528578193699005,2.815425563778007,2.8695167821357614,1.6811491060941819,-50.10686227753668
2026-04-15T15:29:37.402,4.004045725109918,4.004504680902045,4.004591226851417,4.002689838569751,-0.008548982202934112,2.528578193699005,2.815425563778007,2.8695167821357614,1.6811491060941819,-50.10686227753668
2026-04-15T15:29:37.511,4.004045725109918,4.004504680902045,4.004591226851417,4.002689838569751,-0.008548982202934112,2.528578193699005,2.815425563778007,2.8695167821357614,1.6811491060941819,-50.10686227753668
2026-04-15T15:29:37.620,4.003051757994399,4.0055537227126194,4.004722357077739,4.0026583673154335,-0.011571249062096023,1.9073487464993377,3.471076695387154,2.951473173586905,1.6614795721459075,-50.1446406132762
2026-04-15T15:29:37.729,4.003051757994399,4.0055537227126194,4.004722357077739,4.0026583673154335,-0.011571249062096023,1.9073487464993377,3.471076695387154,2.951473173586905,1.6614795721459075,-50.1446406132762
2026-04-15T15:29:37.837,4.003051757994399,4.0055537227126194,4.004722357077739,4.0026583673154335,-0.011571249062096023,1.9073487464993377,3.471076695387154,2.951473173586905,1.6614795721459075,-50.1446406132762
2026-04-15T15:29:37.946,4.004043102505392,4.004683018009843,4.004281759517299,4.0027606488919645,-0.0049043374897437975,2.526939065869982,2.926886256152117,2.676099698311618,1.7254055574777993,-50.06130421862179
2026-04-15T15:29:38.054,4.004043102505392,4.004683018009843,4.004281759517299,4.0027606488919645,-0.0049043374897437975,2.526939065869982,2.926886256152117,2.676099698311618,1.7254055574777993,-50.06130421862179
2026-04-15T15:29:38.163,4.004043102505392,4.004683018009843,4.004281759517299,4.0027606488919645,-0.0049043374897437975,2.526939065869982,2.926886256152117,2.676099698311618,1.7254055574777993,-50.06130421862179
2026-04-15T15:29:38.273,4.0034189226281,4.004659414569105,4.0042083265905575,4.002692461174277,-0.004351665955366577,2.1368266425625393,2.912134105690356,2.6302041190984227,1.6827882339232048,-50.054395824442075
2026-04-15T15:29:38.383,4.0034189226281,4.004659414569105,4.0042083265905575,4.002692461174277,-0.004351665955366577,2.1368266425625393,2.912134105690356,2.6302041190984227,1.6827882339232048,-50.054395824442075
2026-04-15T15:29:38.490,4.0034189226281,4.004659414569105,4.0042083265905575,4.002692461174277,-0.004351665955366577,2.1368266425625393,2.912134105690356,2.6302041190984227,1.6827882339232048,-50.054395824442075
2026-04-15T15:29:38.599,4.002702951592383,4.005225897146815,4.004334211607826,4.0029048921409185,-0.016380985118027505,1.6893447452392962,3.2661857167592956,2.7088822548915203,1.815557588074057,-50.20476231397535
2026-04-15T15:29:38.707,4.002702951592383,4.005225897146815,4.004334211607826,4.0029048921409185,-0.016380985118027505,1.6893447452392962,3.2661857167592956,2.7088822548915203,1.815557588074057,-50.20476231397535
2026-04-15T15:29:38.815,4.002702951592383,4.005225897146815,4.004334211607826,4.0029048921409185,-0.016380985118027505,1.6893447452392962,3.2661857167592956,2.7088822548915203,1.815557588074057,-50.20476231397535
2026-04-15T15:29:38.925,4.003371715746625,4.004955768880592,4.004090309386868,4.002941608604289,-0.008180534513349297,2.1073223416406828,3.09735555036994,2.5564433667923936,1.8385053776803773,-50.10225668141687
2026-04-15T15:29:39.034,4.003371715746625,4.004955768880592,4.004090309386868,4.002941608604289,-0.008180534513349297,2.1073223416406828,3.09735555036994,2.5564433667923936,1.8385053776803773,-50.10225668141687
2026-04-15T15:29:39.142,4.003371715746625,4.004955768880592,4.004090309386868,4.002941608604289,-0.008180534513349297,2.1073223416406828,3.09735555036994,2.5564433667923936,1.8385053776803773,-50.10225668141687
2026-04-15T15:29:39.251,4.0030438901808205,4.004693508427948,4.0041244032457115,4.002598047411325,-0.011367109125974708,1.9024313630128242,2.9334427674676533,2.577752028569691,1.6237796320783815,-50.14208886407469
2026-04-15T15:29:39.361,4.0030438901808205,4.004693508427948,4.0041244032457115,4.002598047411325,-0.011367109125974708,1.9024313630128242,2.9334427674676533,2.577752028569691,1.6237796320783815,-50.14208886407469
2026-04-15T15:29:39.471,4.0030438901808205,4.004693508427948,4.0041244032457115,4.002598047411325,-0.011367109125974708,1.9024313630128242,2.9334427674676533,2.577752028569691,1.6237796320783815,-50.14208886407469
2026-04-15T15:29:39.580,4.00330090542441,4.004627943314787,4.0042083265905575,4.003135681339245,-0.022530078315828102,2.06306589025651,2.8924645717420816,2.6302041190984227,1.9598008370280695,-50.28162597894785
2026-04-15T15:29:39.688,4.00330090542441,4.004627943314787,4.0042083265905575,4.003135681339245,-0.022530078315828102,2.06306589025651,2.8924645717420816,2.6302041190984227,1.9598008370280695,-50.28162597894785
2026-04-15T15:29:39.798,4.00330090542441,4.004627943314787,4.0042083265905575,4.003135681339245,-0.022530078315828102,2.06306589025651,2.8924645717420816,2.6302041190984227,1.9598008370280695,-50.28162597894785
2026-04-15T15:29:39.904,4.003243208124829,4.005128860779337,4.004098177200447,4.0031330587347185,-0.018362636205253934,2.027005078018007,3.2055379870854495,2.561360750279462,1.9581617091990466,-50.22953295256567
2026-04-15T15:29:40.028,4.003243208124829,4.005128860779337,4.004098177200447,4.0031330587347185,-0.018362636205253934,2.027005078018007,3.2055379870854495,2.561360750279462,1.9581617091990466,-50.22953295256567
2026-04-15T15:29:40.137,4.003243208124829,4.005128860779337,4.004098177200447,4.0031330587347185,-0.018362636205253934,2.027005078018007,3.2055379870854495,2.561360750279462,1.9581617091990466,-50.22953295256567
2026-04-15T15:29:40.233,4.003550052854422,4.004690885823422,4.004426002766252,4.002519369275532,-0.019333545657538236,2.2187830340136827,2.9318036396386304,2.7662517289073207,1.5746057972076954,-50.241669320719225
2026-04-15T15:29:40.343,4.003550052854422,4.004690885823422,4.004426002766252,4.002519369275532,-0.019333545657538236,2.2187830340136827,2.9318036396386304,2.7662517289073207,1.5746057972076954,-50.241669320719225
2026-04-15T15:29:40.451,4.003550052854422,4.004690885823422,4.004426002766252,4.002519369275532,-0.019333545657538236,2.2187830340136827,2.9318036396386304,2.7662517289073207,1.5746057972076954,-50.241669320719225
2026-04-15T15:29:40.577,4.00350022336842,4.004231930031295,4.003940820928861,4.00280785577344,-0.026199618143179552,2.187639605262248,2.6449562695596285,2.46301308053809,1.754909858400211,-50.32749522678974
2026-04-15T15:29:40.686,4.00350022336842,4.004231930031295,4.003940820928861,4.00280785577344,-0.026199618143179552,2.187639605262248,2.6449562695596285,2.46301308053809,1.754909858400211,-50.32749522678974
2026-04-15T15:29:40.796,4.00350022336842,4.004231930031295,4.003940820928861,4.00280785577344,-0.026199618143179552,2.187639605262248,2.6449562695596285,2.46301308053809,1.754909858400211,-50.32749522678974
2026-04-15T15:29:40.905,4.003340244492307,4.005076408688808,4.003951311346967,4.003253698542935,-0.012258354212943379,2.0876528076918532,3.172755430504992,2.4695695918541816,2.0335615893340986,-50.15322942766179
2026-04-15T15:29:41.013,4.003340244492307,4.005076408688808,4.003951311346967,4.003253698542935,-0.012258354212943379,2.0876528076918532,3.172755430504992,2.4695695918541816,2.0335615893340986,-50.15322942766179
2026-04-15T15:29:41.137,4.003340244492307,4.005076408688808,4.003951311346967,4.003253698542935,-0.012258354212943379,2.0876528076918532,3.172755430504992,2.4695695918541816,2.0335615893340986,-50.15322942766179
2026-04-15T15:29:41.246,4.0034189226281,4.005026579202806,4.004090309386868,4.0028026105643875,-0.011332255966149118,2.1368266425625393,3.1416120017535576,2.5564433667923936,1.7516316027421652,-50.141653199576865
2026-04-15T15:29:41.355,4.0034189226281,4.005026579202806,4.004090309386868,4.0028026105643875,-0.011332255966149118,2.1368266425625393,3.1416120017535576,2.5564433667923936,1.7516316027421652,-50.141653199576865
2026-04-15T15:29:41.464,4.0034189226281,4.005026579202806,4.004090309386868,4.0028026105643875,-0.011332255966149118,2.1368266425625393,3.1416120017535576,2.5564433667923936,1.7516316027421652,-50.141653199576865
2026-04-15T15:29:41.573,4.003576278899686,4.004638433732893,4.004210949195084,4.0031330587347185,-0.0025393016444358748,2.2351743123039114,2.899021083058173,2.6318432469274455,1.9581617091990466,-50.03174127055545
2026-04-15T15:29:41.683,4.003576278899686,4.004638433732893,4.004210949195084,4.0031330587347185,-0.0025393016444358748,2.2351743123039114,2.899021083058173,2.6318432469274455,1.9581617091990466,-50.03174127055545
2026-04-15T15:29:41.793,4.003576278899686,4.004638433732893,4.004210949195084,4.0031330587347185,-0.0025393016444358748,2.2351743123039114,2.899021083058173,2.6318432469274455,1.9581617091990466,-50.03174127055545
2026-04-15T15:29:41.902,4.003222227288617,4.005128860779337,4.003946066137914,4.002886533909233,0.0017824901739373392,2.013892055385824,3.2055379870854495,2.466291336196136,1.804083693270897,-49.97771887282578
2026-04-15T15:29:42.012,4.003222227288617,4.005128860779337,4.003946066137914,4.002886533909233,0.0017824901739373392,2.013892055385824,3.2055379870854495,2.466291336196136,1.804083693270897,-49.97771887282578
2026-04-15T15:29:42.121,4.003222227288617,4.005128860779337,4.003946066137914,4.002886533909233,0.0017824901739373392,2.013892055385824,3.2055379870854495,2.466291336196136,1.804083693270897,-49.97771887282578
2026-04-15T15:29:42.217,4.003348112305886,4.0048875811629046,4.004098177200447,4.002435445930686,-0.0022256232060055606,2.092570191178922,3.0547382268153456,2.561360750279462,1.5221537066789637,-50.02782029007506
2026-04-15T15:29:42.329,4.003348112305886,4.0048875811629046,4.004098177200447,4.002435445930686,-0.0022256232060055606,2.092570191178922,3.0547382268153456,2.561360750279462,1.5221537066789637,-50.02782029007506
2026-04-15T15:29:42.446,4.003348112305886,4.0048875811629046,4.004098177200447,4.002435445930686,-0.0022256232060055606,2.092570191178922,3.0547382268153456,2.561360750279462,1.5221537066789637,-50.02782029007506
2026-04-15T15:29:42.550,4.003245830729355,4.004541397365415,4.0041663649181345,4.003046512785346,-0.001971693041561973,2.02864420584703,2.838373353384327,2.6039780738340568,1.904070490841292,-50.024646163019526
2026-04-15T15:29:42.667,4.003245830729355,4.004541397365415,4.0041663649181345,4.003046512785346,-0.001971693041561973,2.02864420584703,2.838373353384327,2.6039780738340568,1.904070490841292,-50.024646163019526
2026-04-15T15:29:42.771,4.003245830729355,4.004541397365415,4.0041663649181345,4.003046512785346,-0.001971693041561973,2.02864420584703,2.838373353384327,2.6039780738340568,1.904070490841292,-50.024646163019526
2026-04-15T15:29:42.885,4.004016876460128,4.0045807364333115,4.003885746233806,4.003198623847879,-0.0009460143381231689,2.5105477875797533,2.86296027081967,2.42859139612861,1.9991399049246183,-50.01182517922654
2026-04-15T15:29:42.994,4.004016876460128,4.0045807364333115,4.003885746233806,4.003198623847879,-0.0009460143381231689,2.5105477875797533,2.86296027081967,2.42859139612861,1.9991399049246183,-50.01182517922654
2026-04-15T15:29:43.103,4.004016876460128,4.0045807364333115,4.003885746233806,4.003198623847879,-0.0009460143381231689,2.5105477875797533,2.86296027081967,2.42859139612861,1.9991399049246183,-50.01182517922654
2026-04-15T15:29:43.213,4.002448558953319,4.004866600326693,4.003694296103376,4.0030307771581874,0.0004082798722426308,1.5303493458246331,3.0416252041831626,2.3089350646099405,1.8942357238671548,-49.99489650159697
2026-04-15T15:29:43.321,4.002448558953319,4.004866600326693,4.003694296103376,4.0030307771581874,0.0004082798722426308,1.5303493458246331,3.0416252041831626,2.3089350646099405,1.8942357238671548,-49.99489650159697
2026-04-15T15:29:43.432,4.002448558953319,4.004866600326693,4.003694296103376,4.0030307771581874,0.0004082798722426308,1.5303493458246331,3.0416252041831626,2.3089350646099405,1.8942357238671548,-49.99489650159697
2026-04-15T15:29:43.537,4.002799987959861,4.004790544795426,4.003953933951494,4.002839327027758,-0.012835920861481736,1.7499924749131424,2.9940904971414994,2.4712087196837595,1.7745793923484854,-50.160449010768524
2026-04-15T15:29:43.641,4.002799987959861,4.004790544795426,4.003953933951494,4.002839327027758,-0.012835920861481736,1.7499924749131424,2.9940904971414994,2.4712087196837595,1.7745793923484854,-50.160449010768524
2026-04-15T15:29:43.758,4.002799987959861,4.004790544795426,4.003953933951494,4.002839327027758,-0.012835920861481736,1.7499924749131424,2.9940904971414994,2.4712087196837595,1.7745793923484854,-50.160449010768524
2026-04-15T15:29:43.867,4.003715276939587,4.0051393511974425,4.0043945315119345,4.002980947672185,-0.008857681618532197,2.3220480872421234,3.212094498401541,2.7465821949590463,1.8630922951157203,-50.11072102023165
2026-04-15T15:29:43.976,4.003715276939587,4.0051393511974425,4.0043945315119345,4.002980947672185,-0.008857681618532197,2.3220480872421234,3.212094498401541,2.7465821949590463,1.8630922951157203,-50.11072102023165
2026-04-15T15:29:44.086,4.003715276939587,4.0051393511974425,4.0043945315119345,4.002980947672185,-0.008857681618532197,2.3220480872421234,3.212094498401541,2.7465821949590463,1.8630922951157203,-50.11072102023165
2026-04-15T15:29:44.195,4.002975702463132,4.005086899106914,4.004491567879413,4.002758026287438,-0.009410353152909418,1.8598140394576745,3.1793119418210836,2.8072299246328924,1.7237664296487765,-50.11762941441137
2026-04-15T15:29:44.305,4.002975702463132,4.005086899106914,4.004491567879413,4.002758026287438,-0.009410353152909418,1.8598140394576745,3.1793119418210836,2.8072299246328924,1.7237664296487765,-50.11762941441137
2026-04-15T15:29:44.414,4.002975702463132,4.005086899106914,4.004491567879413,4.002758026287438,-0.009410353152909418,1.8598140394576745,3.1793119418210836,2.8072299246328924,1.7237664296487765,-50.11762941441137
2026-04-15T15:29:44.524,4.002288580077206,4.004874468140272,4.004161119709082,4.0030307771581874,-0.004092756768090763,1.430362548253683,3.0465425876702312,2.600699818176011,1.8942357238671548,-50.05115945960114
2026-04-15T15:29:44.632,4.002288580077206,4.004874468140272,4.004161119709082,4.0030307771581874,-0.004092756768090763,1.430362548253683,3.0465425876702312,2.600699818176011,1.8942357238671548,-50.05115945960114
2026-04-15T15:29:44.740,4.002288580077206,4.004874468140272,4.004161119709082,4.0030307771581874,-0.004092756768090763,1.430362548253683,3.0465425876702312,2.600699818176011,1.8942357238671548,-50.05115945960114
2026-04-15T15:29:44.851,4.003306150633463,4.004945278462486,4.003843784561383,4.002907514745445,0.001747637014111749,2.066344145914556,3.0907990390538487,2.402365350864244,1.81719671590308,-49.978154537323604
2026-04-15T15:29:44.959,4.003306150633463,4.004945278462486,4.003843784561383,4.002907514745445,0.001747637014111749,2.066344145914556,3.0907990390538487,2.402365350864244,1.81719671590308,-49.978154537323604
2026-04-15T15:29:45.068,4.003306150633463,4.004945278462486,4.003843784561383,4.002907514745445,0.001747637014111749,2.066344145914556,3.0907990390538487,2.402365350864244,1.81719671590308,-49.978154537323604
2026-04-15T15:29:45.178,4.002102375155829,4.004756450936583,4.003770351634643,4.00285244005039,-0.0014538746670103438,1.3139844723930594,2.972781835364202,2.3564697716516037,1.7827750314935997,-50.01817343333763
