timestamp_iso,P1_mA,P2_mA,P3_mA,P4_mA,DP_mA,P1_eng,P2_eng,P3_eng,P4_eng,DP_eng
2026-04-14T12:26:05.861,4.003814935911592,4.005784511910946,4.004255533472033,4.003502845972946,4.48406315149833,2.3843349447449924,3.6153199443411665,2.6597084200208343,2.189278733091271,6.0507893937291275
2026-04-14T12:26:05.955,4.003814935911592,4.005784511910946,4.004255533472033,4.003502845972946,4.48406315149833,2.3843349447449924,3.6153199443411665,2.6597084200208343,2.189278733091271,6.0507893937291275
2026-04-14T12:26:06.080,4.003814935911592,4.005784511910946,4.004255533472033,4.003502845972946,4.48406315149833,2.3843349447449924,3.6153199443411665,2.6597084200208343,2.189278733091271,6.0507893937291275
2026-04-14T12:26:06.173,4.003885746233806,4.005480289785879,4.004276514308245,4.00376510642559,0.05101008891616772,2.42859139612861,3.425181116174514,2.6728214426530172,2.353191515993558,-49.36237388854791
2026-04-14T12:26:06.297,4.003885746233806,4.005480289785879,4.004276514308245,4.00376510642559,0.05101008891616772,2.42859139612861,3.425181116174514,2.6728214426530172,2.353191515993558,-49.36237388854791
2026-04-14T12:26:06.391,4.003885746233806,4.005480289785879,4.004276514308245,4.00376510642559,0.05101008891616772,2.42859139612861,3.425181116174514,2.6728214426530172,2.353191515993558,-49.36237388854791
2026-04-14T12:26:06.514,4.003901481860964,4.005682230334415,4.00475120572753,4.0038359167478035,0.03677506263883014,2.438426163102747,3.5513939590092747,2.9695035797061564,2.3974479673771754,-49.540311717014625
2026-04-14T12:26:06.609,4.003901481860964,4.005682230334415,4.00475120572753,4.0038359167478035,0.03677506263883014,2.438426163102747,3.5513939590092747,2.9695035797061564,2.3974479673771754,-49.540311717014625
2026-04-14T12:26:06.732,4.003901481860964,4.005682230334415,4.00475120572753,4.0038359167478035,0.03677506263883014,2.438426163102747,3.5513939590092747,2.9695035797061564,2.3974479673771754,-49.540311717014625
2026-04-14T12:26:06.825,4.003799200284433,4.005372763000295,4.004562378201626,4.003531694622737,0.030665801623687358,2.374500177770855,3.357976875184576,2.85148637601651,2.2073091392105226,-49.61667747970391
2026-04-14T12:26:06.950,4.003799200284433,4.005372763000295,4.004562378201626,4.003531694622737,0.030665801623687358,2.374500177770855,3.357976875184576,2.85148637601651,2.2073091392105226,-49.61667747970391
2026-04-14T12:26:07.045,4.003799200284433,4.005372763000295,4.004562378201626,4.003531694622737,0.030665801623687358,2.374500177770855,3.357976875184576,2.85148637601651,2.2073091392105226,-49.61667747970391
2026-04-14T12:26:07.155,4.004200458776978,4.005524874062829,4.0038778784202265,4.0032353403112495,0.030446724619069356,2.625286735611354,3.4530462892679026,2.4236740126415413,2.0220876945309385,-49.61941594226163
2026-04-14T12:26:07.279,4.004200458776978,4.005524874062829,4.0038778784202265,4.0032353403112495,0.030446724619069356,2.625286735611354,3.4530462892679026,2.4236740126415413,2.0220876945309385,-49.61941594226163
2026-04-14T12:26:07.374,4.004200458776978,4.005524874062829,4.0038778784202265,4.0032353403112495,0.030446724619069356,2.625286735611354,3.4530462892679026,2.4236740126415413,2.0220876945309385,-49.61941594226163
2026-04-14T12:26:07.483,4.00372838996222,4.005585193966937,4.004276514308245,4.003673315267164,0.030192794454625773,2.3302437263872378,3.4907462293354286,2.6728214426530172,2.2958220419777575,-49.62259006931718
2026-04-14T12:26:07.607,4.00372838996222,4.005585193966937,4.004276514308245,4.003673315267164,0.030192794454625773,2.3302437263872378,3.4907462293354286,2.6728214426530172,2.2958220419777575,-49.62259006931718
2026-04-14T12:26:07.701,4.00372838996222,4.005585193966937,4.004276514308245,4.003673315267164,0.030192794454625773,2.3302437263872378,3.4907462293354286,2.6728214426530172,2.2958220419777575,-49.62259006931718
2026-04-14T12:26:07.812,4.003925085301702,4.005522251458302,4.004457474020569,4.003694296103376,0.03083010937715085,2.453178313563953,3.4514071614388797,2.785921262855595,2.3089350646099405,-49.614623632785616
2026-04-14T12:26:07.934,4.003925085301702,4.005522251458302,4.004457474020569,4.003694296103376,0.03083010937715085,2.453178313563953,3.4514071614388797,2.785921262855595,2.3089350646099405,-49.614623632785616
2026-04-14T12:26:08.043,4.003925085301702,4.005522251458302,4.004457474020569,4.003694296103376,0.03083010937715085,2.453178313563953,3.4514071614388797,2.785921262855595,2.3089350646099405,-49.614623632785616
2026-04-14T12:26:08.139,4.003366470537571,4.005336046536925,4.004056215528024,4.003665447453585,0.038612322063921976,2.104044085982082,3.335029085578256,2.5351347050150963,2.290904658490689,-49.51734597420098
2026-04-14T12:26:08.276,4.003366470537571,4.005336046536925,4.004056215528024,4.003665447453585,0.038612322063921976,2.104044085982082,3.335029085578256,2.5351347050150963,2.290904658490689,-49.51734597420098
2026-04-14T12:26:08.370,4.003366470537571,4.005336046536925,4.004056215528024,4.003665447453585,0.038612322063921976,2.104044085982082,3.335029085578256,2.5351347050150963,2.290904658490689,-49.51734597420098
2026-04-14T12:26:08.478,4.003917217488123,4.005454063740615,4.003796577679907,4.003515958995578,0.035744404912559105,2.4482609300768843,3.408789837884285,2.3728610499418323,2.1974743722363854,-49.55319493859301
2026-04-14T12:26:08.589,4.003917217488123,4.005454063740615,4.003796577679907,4.003515958995578,0.035744404912559105,2.4482609300768843,3.408789837884285,2.3728610499418323,2.1974743722363854,-49.55319493859301
2026-04-14T12:26:08.714,4.003917217488123,4.005454063740615,4.003796577679907,4.003515958995578,0.035744404912559105,2.4482609300768843,3.408789837884285,2.3728610499418323,2.1974743722363854,-49.55319493859301
2026-04-14T12:26:08.808,4.004195213567925,4.004981994925856,4.004541397365415,4.003329754074201,0.04106200129737776,2.6220084799533083,3.113746828660169,2.838373353384327,2.0810962963757618,-49.48672498378278
2026-04-14T12:26:08.916,4.004195213567925,4.004981994925856,4.004541397365415,4.003329754074201,0.04106200129737776,2.6220084799533083,3.113746828660169,2.838373353384327,2.0810962963757618,-49.48672498378278
2026-04-14T12:26:09.025,4.004195213567925,4.004981994925856,4.004541397365415,4.003329754074201,0.04106200129737776,2.6220084799533083,3.113746828660169,2.838373353384327,2.0810962963757618,-49.48672498378278
2026-04-14T12:26:09.149,4.003825426329698,4.005357027373137,4.003906727070017,4.003492355554841,0.027872569814807895,2.390891456061084,3.348142108210439,2.441704418760793,2.1827222217757347,-49.651592877314904
2026-04-14T12:26:09.244,4.003825426329698,4.005357027373137,4.003906727070017,4.003492355554841,0.027872569814807895,2.390891456061084,3.348142108210439,2.441704418760793,2.1827222217757347,-49.651592877314904
2026-04-14T12:26:09.352,4.003825426329698,4.005357027373137,4.003906727070017,4.003492355554841,0.027872569814807895,2.390891456061084,3.348142108210439,2.441704418760793,2.1827222217757347,-49.651592877314904
2026-04-14T12:26:09.462,4.003623485781162,4.005160332033654,4.0041034224095,4.003704786521482,0.0225848475669826,2.264678613226323,3.225207521033724,2.564639005937508,2.315491575926032,-49.71768940541272
2026-04-14T12:26:09.570,4.003623485781162,4.005160332033654,4.0041034224095,4.003704786521482,0.0225848475669826,2.264678613226323,3.225207521033724,2.564639005937508,2.315491575926032,-49.71768940541272
2026-04-14T12:26:09.693,4.003623485781162,4.005160332033654,4.0041034224095,4.003704786521482,0.0225848475669826,2.264678613226323,3.225207521033724,2.564639005937508,2.315491575926032,-49.71768940541272
2026-04-14T12:26:09.788,4.003791332470854,4.005128860779337,4.004079818968762,4.003867388002121,0.03399178887561513,2.3695827942837866,3.2055379870854495,2.549886855476302,2.41711750132545,-49.57510263905481
2026-04-14T12:26:09.896,4.003791332470854,4.005128860779337,4.004079818968762,4.003867388002121,0.03399178887561513,2.3695827942837866,3.2055379870854495,2.549886855476302,2.41711750132545,-49.57510263905481
2026-04-14T12:26:10.004,4.003791332470854,4.005128860779337,4.004079818968762,4.003867388002121,0.03399178887561513,2.3695827942837866,3.2055379870854495,2.549886855476302,2.41711750132545,-49.57510263905481
2026-04-14T12:26:10.114,4.004171610127187,4.005642891266518,4.004127025850238,4.003597259735898,0.04464191871374912,2.6072563294921025,3.5268070415739317,2.5793911563987137,2.2482873349360943,-49.44197601607814
2026-04-14T12:26:10.237,4.004171610127187,4.005642891266518,4.004127025850238,4.003597259735898,0.04464191871374912,2.6072563294921025,3.5268070415739317,2.5793911563987137,2.2482873349360943,-49.44197601607814
2026-04-14T12:26:10.333,4.004171610127187,4.005642891266518,4.004127025850238,4.003597259735898,0.04464191871374912,2.6072563294921025,3.5268070415739317,2.5793911563987137,2.2482873349360943,-49.44197601607814
2026-04-14T12:26:10.443,4.003429413046206,4.005461931554194,4.004242420449401,4.003872633211174,0.034658977935133575,2.1433831538786308,3.4137072213713537,2.65151278087572,2.4203957569834955,-49.56676277581083
2026-04-14T12:26:10.550,4.003429413046206,4.005461931554194,4.004242420449401,4.003872633211174,0.034658977935133575,2.1433831538786308,3.4137072213713537,2.65151278087572,2.4203957569834955,-49.56676277581083
2026-04-14T12:26:10.659,4.003429413046206,4.005461931554194,4.004242420449401,4.003872633211174,0.034658977935133575,2.1433831538786308,3.4137072213713537,2.65151278087572,2.4203957569834955,-49.56676277581083
2026-04-14T12:26:10.781,4.003639221408321,4.005288839655449,4.003977537392231,4.003578901504213,0.03487805493975157,2.2745133802004602,3.3055247846558444,2.4859608701444103,2.2368134401329343,-49.56402431325311
2026-04-14T12:26:10.876,4.003639221408321,4.005288839655449,4.003977537392231,4.003578901504213,0.03487805493975157,2.2745133802004602,3.3055247846558444,2.4859608701444103,2.2368134401329343,-49.56402431325311
2026-04-14T12:26:10.985,4.003639221408321,4.005288839655449,4.003977537392231,4.003578901504213,0.03487805493975157,2.2745133802004602,3.3055247846558444,2.4859608701444103,2.2368134401329343,-49.56402431325311
2026-04-14T12:26:11.095,4.004024744273707,4.005398989045561,4.004168987522661,4.0037519934029575,0.040922588658075396,2.515465171066822,3.37436815347536,2.6056172016630796,2.3449958768484436,-49.48846764177406
2026-04-14T12:26:11.204,4.004024744273707,4.005398989045561,4.004168987522661,4.0037519934029575,0.040922588658075396,2.515465171066822,3.37436815347536,2.6056172016630796,2.3449958768484436,-49.48846764177406
2026-04-14T12:26:11.315,4.004024744273707,4.005398989045561,4.004168987522661,4.0037519934029575,0.040922588658075396,2.515465171066822,3.37436815347536,2.6056172016630796,2.3449958768484436,-49.48846764177406
2026-04-14T12:26:11.438,4.004187345754346,4.004981994925856,4.004318475980668,4.003738880380325,0.02985422090203432,2.6170910964662397,3.113746828660169,2.699047487917383,2.3368002377033292,-49.62682223872457
2026-04-14T12:26:11.532,4.004187345754346,4.004981994925856,4.004318475980668,4.003738880380325,0.02985422090203432,2.6170910964662397,3.113746828660169,2.699047487917383,2.3368002377033292,-49.62682223872457
2026-04-14T12:26:11.640,4.004187345754346,4.004981994925856,4.004318475980668,4.003738880380325,0.02985422090203432,2.6170910964662397,3.113746828660169,2.699047487917383,2.3368002377033292,-49.62682223872457
2026-04-14T12:26:11.749,4.004158497104555,4.005519628853776,4.004439115788884,4.003290415006305,0.031337969706038034,2.599060690346988,3.449768033609857,2.774447368052435,2.0565093789404187,-49.60827537867453
2026-04-14T12:26:11.859,4.004158497104555,4.005519628853776,4.004439115788884,4.003290415006305,0.031337969706038034,2.599060690346988,3.449768033609857,2.774447368052435,2.0565093789404187,-49.60827537867453
2026-04-14T12:26:11.968,4.004158497104555,4.005519628853776,4.004439115788884,4.003290415006305,0.031337969706038034,2.599060690346988,3.449768033609857,2.774447368052435,2.0565093789404187,-49.60827537867453
2026-04-14T12:26:12.092,4.003759861216538,4.005642891266518,4.004121780641185,4.003856897584015,0.020817294461541944,2.3499132603360673,3.5268070415739317,2.576112900740668,2.4105609900093583,-49.73978381923072
2026-04-14T12:26:12.187,4.003759861216538,4.005642891266518,4.004121780641185,4.003856897584015,0.020817294461541944,2.3499132603360673,3.5268070415739317,2.576112900740668,2.4105609900093583,-49.73978381923072
2026-04-14T12:26:12.296,4.003759861216538,4.005642891266518,4.004121780641185,4.003856897584015,0.020817294461541944,2.3499132603360673,3.5268070415739317,2.576112900740668,2.4105609900093583,-49.73978381923072
2026-04-14T12:26:12.406,4.00402998948276,4.005050182643544,4.004242420449401,4.003298282819885,0.03584896439203587,2.5187434267248676,3.1563641522147634,2.65151278087572,2.0614267624280425,-49.55188794509955
2026-04-14T12:26:12.515,4.00402998948276,4.005050182643544,4.004242420449401,4.003298282819885,0.03584896439203587,2.5187434267248676,3.1563641522147634,2.65151278087572,2.0614267624280425,-49.55188794509955
2026-04-14T12:26:12.623,4.00402998948276,4.005050182643544,4.004242420449401,4.003298282819885,0.03584896439203587,2.5187434267248676,3.1563641522147634,2.65151278087572,2.0614267624280425,-49.55188794509955
2026-04-14T12:26:12.732,4.0040824415732885,4.0051996711015505,4.004357815048564,4.003479242532208,0.026757268700389,2.551525983305325,3.249794438469067,2.723634405352726,2.1745265826300653,-49.66553414124514
2026-04-14T12:26:12.854,4.0040824415732885,4.0051996711015505,4.004357815048564,4.003479242532208,0.026757268700389,2.551525983305325,3.249794438469067,2.723634405352726,2.1745265826300653,-49.66553414124514
2026-04-14T12:26:12.950,4.0040824415732885,4.0051996711015505,4.004357815048564,4.003479242532208,0.026757268700389,2.551525983305325,3.249794438469067,2.723634405352726,2.1745265826300653,-49.66553414124514
2026-04-14T12:26:13.074,4.0039801599967575,4.00559043917599,4.004155874500029,4.00368380568527,0.027349772417424038,2.487599997973433,3.4940244849934743,2.5974215625179653,2.302378553293849,-49.6581278447822
2026-04-14T12:26:13.183,4.0039801599967575,4.00559043917599,4.004155874500029,4.00368380568527,0.027349772417424038,2.487599997973433,3.4940244849934743,2.5974215625179653,2.302378553293849,-49.6581278447822
2026-04-14T12:26:13.292,4.0039801599967575,4.00559043917599,4.004155874500029,4.00368380568527,0.027349772417424038,2.487599997973433,3.4940244849934743,2.5974215625179653,2.302378553293849,-49.6581278447822
2026-04-14T12:26:13.401,4.003143549152824,4.00550913843567,4.003515958995578,4.004203081381505,0.030904794719634258,1.9647182205151381,3.4432115222937654,2.1974743722363854,2.626925863440377,-49.61369006600457
2026-04-14T12:26:13.511,4.003143549152824,4.00550913843567,4.003515958995578,4.004203081381505,0.030904794719634258,1.9647182205151381,3.4432115222937654,2.1974743722363854,2.626925863440377,-49.61369006600457
2026-04-14T12:26:13.619,4.003143549152824,4.00550913843567,4.003515958995578,4.004203081381505,0.030904794719634258,1.9647182205151381,3.4432115222937654,2.1974743722363854,2.626925863440377,-49.61369006600457
2026-04-14T12:26:13.744,4.003712654335061,4.00512623817481,4.0042686464946655,4.003665447453585,0.02618468107468287,2.3204089594131005,3.2038988592564266,2.6679040591659486,2.290904658490689,-49.672691486566464
2026-04-14T12:26:13.837,4.003712654335061,4.00512623817481,4.0042686464946655,4.003665447453585,0.02618468107468287,2.3204089594131005,3.2038988592564266,2.6679040591659486,2.290904658490689,-49.672691486566464
2026-04-14T12:26:13.947,4.003712654335061,4.00512623817481,4.0042686464946655,4.003665447453585,0.02618468107468287,2.3204089594131005,3.2038988592564266,2.6679040591659486,2.290904658490689,-49.672691486566464
2026-04-14T12:26:14.055,4.003639221408321,4.00532555611882,4.004009008646548,4.003581524108739,0.015056565044655067,2.2745133802004602,3.3284725742627197,2.5056304040926847,2.238452567961957,-49.81179293694181
2026-04-14T12:26:14.165,4.003639221408321,4.00532555611882,4.004009008646548,4.003581524108739,0.015056565044655067,2.2745133802004602,3.3284725742627197,2.5056304040926847,2.238452567961957,-49.81179293694181
2026-04-14T12:26:14.274,4.003639221408321,4.00532555611882,4.004009008646548,4.003581524108739,0.015056565044655067,2.2745133802004602,3.3284725742627197,2.5056304040926847,2.238452567961957,-49.81179293694181
2026-04-14T12:26:14.383,4.003633976199268,4.005341291745978,4.00375723861201,4.003883123629279,0.02039407752080263,2.2712351245424145,3.338307341236302,2.3482741325064893,2.426952268299587,-49.74507403098997
2026-04-14T12:26:14.492,4.003633976199268,4.005341291745978,4.00375723861201,4.003883123629279,0.02039407752080263,2.2712351245424145,3.338307341236302,2.3482741325064893,2.426952268299587,-49.74507403098997
2026-04-14T12:26:14.616,4.003633976199268,4.005341291745978,4.00375723861201,4.003883123629279,0.02039407752080263,2.2712351245424145,3.338307341236302,2.3482741325064893,2.426952268299587,-49.74507403098997
2026-04-14T12:26:14.712,4.003778219448222,4.005076408688808,4.0045807364333115,4.003494978159367,0.020239727813003587,2.3613871551386723,3.172755430504992,2.86296027081967,2.1843613496042025,-49.747003402337455
2026-04-14T12:26:14.821,4.003778219448222,4.005076408688808,4.0045807364333115,4.003494978159367,0.020239727813003587,2.3613871551386723,3.172755430504992,2.86296027081967,2.1843613496042025,-49.747003402337455
2026-04-14T12:26:14.930,4.003778219448222,4.005076408688808,4.0045807364333115,4.003494978159367,0.020239727813003587,2.3613871551386723,3.172755430504992,2.86296027081967,2.1843613496042025,-49.747003402337455
2026-04-14T12:26:15.040,4.004318475980668,4.005165577242707,4.004488945274886,4.003471374718629,0.01864644050669088,2.699047487917383,3.2284857766917696,2.8055907968038696,2.1696091991429967,-49.766919493666364
2026-04-14T12:26:15.150,4.004318475980668,4.005165577242707,4.004488945274886,4.003471374718629,0.01864644050669088,2.699047487917383,3.2284857766917696,2.8055907968038696,2.1696091991429967,-49.766919493666364
2026-04-14T12:26:15.260,4.004318475980668,4.005165577242707,4.004488945274886,4.003471374718629,0.01864644050669088,2.699047487917383,3.2284857766917696,2.8055907968038696,2.1696091991429967,-49.766919493666364
2026-04-14T12:26:15.369,4.003841161956856,4.005270481423764,4.004168987522661,4.003935575719808,0.02849992669166852,2.400726223035221,3.2940508898526843,2.6056172016630796,2.4597348248800444,-49.64375091635414
2026-04-14T12:26:15.477,4.003841161956856,4.005270481423764,4.004168987522661,4.003935575719808,0.02849992669166852,2.400726223035221,3.2940508898526843,2.6056172016630796,2.4597348248800444,-49.64375091635414
2026-04-14T12:26:15.600,4.003841161956856,4.005270481423764,4.004168987522661,4.003935575719808,0.02849992669166852,2.400726223035221,3.2940508898526843,2.6056172016630796,2.4597348248800444,-49.64375091635414
2026-04-14T12:26:15.695,4.003641844012847,4.005461931554194,4.004452228811516,4.003526449413684,0.035600013250424514,2.276152508029483,3.4137072213713537,2.7826430071975494,2.204030883552477,-49.554999834369696
2026-04-14T12:26:15.803,4.003641844012847,4.005461931554194,4.004452228811516,4.003526449413684,0.035600013250424514,2.276152508029483,3.4137072213713537,2.7826430071975494,2.204030883552477,-49.554999834369696
2026-04-14T12:26:15.913,4.003641844012847,4.005461931554194,4.004452228811516,4.003526449413684,0.035600013250424514,2.276152508029483,3.4137072213713537,2.7826430071975494,2.204030883552477,-49.554999834369696
2026-04-14T12:26:16.022,4.003749370798431,4.005414724672718,4.004604339874049,4.003738880380325,0.041017190091887715,2.3433567490194207,3.384202920448942,2.877712421280876,2.3368002377033292,-49.48728512385141
2026-04-14T12:26:16.130,4.003749370798431,4.005414724672718,4.004604339874049,4.003738880380325,0.041017190091887715,2.3433567490194207,3.384202920448942,2.877712421280876,2.3368002377033292,-49.48728512385141
2026-04-14T12:26:16.240,4.003749370798431,4.005414724672718,4.004604339874049,4.003738880380325,0.041017190091887715,2.3433567490194207,3.384202920448942,2.877712421280876,2.3368002377033292,-49.48728512385141
2026-04-14T12:26:16.350,4.003589391922318,4.005273104028291,4.004536152156362,4.003883123629279,0.024342442626758803,2.2433699514490257,3.295690017681707,2.835095097726281,2.426952268299587,-49.69571946716552
2026-04-14T12:26:16.459,4.003589391922318,4.005273104028291,4.004536152156362,4.003883123629279,0.024342442626758803,2.2433699514490257,3.295690017681707,2.835095097726281,2.426952268299587,-49.69571946716552
2026-04-14T12:26:16.570,4.003589391922318,4.005273104028291,4.004536152156362,4.003883123629279,0.024342442626758803,2.2433699514490257,3.295690017681707,2.835095097726281,2.426952268299587,-49.69571946716552
2026-04-14T12:26:16.694,4.003770351634643,4.005296707469029,4.004339456816879,4.003660202244532,0.015539530259381106,2.3564697716516037,3.310442168142913,2.712160510549566,2.287626402832643,-49.80575587175773
2026-04-14T12:26:16.789,4.003770351634643,4.005296707469029,4.004339456816879,4.003660202244532,0.015539530259381106,2.3564697716516037,3.310442168142913,2.712160510549566,2.287626402832643,-49.80575587175773
2026-04-14T12:26:16.898,4.003770351634643,4.005296707469029,4.004339456816879,4.003660202244532,0.015539530259381106,2.3564697716516037,3.310442168142913,2.712160510549566,2.287626402832643,-49.80575587175773
2026-04-14T12:26:17.007,4.0039801599967575,4.005291462259976,4.004231930031295,4.00327205677462,0.018541881027214113,2.487599997973433,3.3071639124848673,2.6449562695596285,2.0450354841372587,-49.76822648715982
2026-04-14T12:26:17.115,4.0039801599967575,4.005291462259976,4.004231930031295,4.00327205677462,0.018541881027214113,2.487599997973433,3.3071639124848673,2.6449562695596285,2.0450354841372587,-49.76822648715982
2026-04-14T12:26:17.225,4.0039801599967575,4.005291462259976,4.004231930031295,4.00327205677462,0.018541881027214113,2.487599997973433,3.3071639124848673,2.6449562695596285,2.0450354841372587,-49.76822648715982
2026-04-14T12:26:17.334,4.003820181120646,4.005359649977663,4.004003763437495,4.003872633211174,0.01781494369370894,2.3876132004035933,3.349781236039462,2.502352148434639,2.4203957569834955,-49.77731320382864
2026-04-14T12:26:17.442,4.003820181120646,4.005359649977663,4.004003763437495,4.003872633211174,0.01781494369370894,2.3876132004035933,3.349781236039462,2.502352148434639,2.4203957569834955,-49.77731320382864
2026-04-14T12:26:17.551,4.003820181120646,4.005359649977663,4.004003763437495,4.003872633211174,0.01781494369370894,2.3876132004035933,3.349781236039462,2.502352148434639,2.4203957569834955,-49.77731320382864
2026-04-14T12:26:17.661,4.003967046974125,4.005569458339778,4.0039985182284425,4.004129648454764,0.01623161443306069,2.4794043588283188,3.4809114623612913,2.499073892776593,2.5810302842277366,-49.79710481958674
2026-04-14T12:26:17.770,4.003967046974125,4.005569458339778,4.0039985182284425,4.004129648454764,0.01623161443306069,2.4794043588283188,3.4809114623612913,2.499073892776593,2.5810302842277366,-49.79710481958674
2026-04-14T12:26:17.893,4.003967046974125,4.005569458339778,4.0039985182284425,4.004129648454764,0.01623161443306069,2.4794043588283188,3.4809114623612913,2.499073892776593,2.5810302842277366,-49.79710481958674
2026-04-14T12:26:17.987,4.003841161956856,4.005695343357047,4.003725767357693,4.003633976199268,0.01563911071602565,2.400726223035221,3.559589598154389,2.328604598558215,2.2712351245424145,-49.804511116049675
2026-04-14T12:26:18.096,4.003841161956856,4.005695343357047,4.003725767357693,4.003633976199268,0.01563911071602565,2.400726223035221,3.559589598154389,2.328604598558215,2.2712351245424145,-49.804511116049675
2026-04-14T12:26:18.206,4.003841161956856,4.005695343357047,4.003725767357693,4.003633976199268,0.01563911071602565,2.400726223035221,3.559589598154389,2.328604598558215,2.2712351245424145,-49.804511116049675
2026-04-14T12:26:18.316,4.003906727070017,4.00562715563936,4.0039198400926495,4.003694296103376,0.02251514124733142,2.441704418760793,3.5169722745997944,2.449900057905907,2.3089350646099405,-49.718560734408356
2026-04-14T12:26:18.424,4.003906727070017,4.00562715563936,4.0039198400926495,4.003694296103376,0.02251514124733142,2.441704418760793,3.5169722745997944,2.449900057905907,2.3089350646099405,-49.718560734408356
2026-04-14T12:26:18.533,4.003906727070017,4.00562715563936,4.0039198400926495,4.003694296103376,0.02251514124733142,2.441704418760793,3.5169722745997944,2.449900057905907,2.3089350646099405,-49.718560734408356
2026-04-14T12:26:18.643,4.004035234691813,4.005375385604822,4.004347324630459,4.003584146713266,0.0226396168181371,2.5220216823829134,3.359616003013599,2.7170778940366347,2.24009169579098,-49.717004789773284
2026-04-14T12:26:18.752,4.004035234691813,4.005375385604822,4.004347324630459,4.003584146713266,0.0226396168181371,2.5220216823829134,3.359616003013599,2.7170778940366347,2.24009169579098,-49.717004789773284
2026-04-14T12:26:18.862,4.004035234691813,4.005375385604822,4.004347324630459,4.003584146713266,0.0226396168181371,2.5220216823829134,3.359616003013599,2.7170778940366347,2.24009169579098,-49.717004789773284
2026-04-14T12:26:18.970,4.003741502984852,4.005388498627454,4.003972292183178,4.003943443533387,0.018716146826342064,2.338439365532352,3.3678116421587134,2.4826826144863645,2.464652208367113,-49.76604816467072
2026-04-14T12:26:19.079,4.003741502984852,4.005388498627454,4.003972292183178,4.003943443533387,0.018716146826342064,2.338439365532352,3.3678116421587134,2.4826826144863645,2.464652208367113,-49.76604816467072
2026-04-14T12:26:19.204,4.003741502984852,4.005388498627454,4.003972292183178,4.003943443533387,0.018716146826342064,2.338439365532352,3.3678116421587134,2.4826826144863645,2.464652208367113,-49.76604816467072
2026-04-14T12:26:19.298,4.004087686782342,4.005378008209348,4.003982782601284,4.003849029770436,0.027125716389973815,2.554804238963926,3.361255130842622,2.489239125802456,2.4056436065222897,-49.66092854512533
2026-04-14T12:26:19.409,4.004087686782342,4.005378008209348,4.003982782601284,4.003849029770436,0.027125716389973815,2.554804238963926,3.361255130842622,2.489239125802456,2.4056436065222897,-49.66092854512533
2026-04-14T12:26:19.521,4.004087686782342,4.005378008209348,4.003982782601284,4.003849029770436,0.027125716389973815,2.554804238963926,3.361255130842622,2.489239125802456,2.4056436065222897,-49.66092854512533
2026-04-14T12:26:19.630,4.003754616007484,4.005430460299877,4.003796577679907,4.004032612087286,0.028957996792233424,2.3466350046774664,3.3940376874230793,2.3728610499418323,2.5203825545538905,-49.638025040097084
2026-04-14T12:26:19.737,4.003754616007484,4.005430460299877,4.003796577679907,4.004032612087286,0.028957996792233424,2.3466350046774664,3.3940376874230793,2.3728610499418323,2.5203825545538905,-49.638025040097084
2026-04-14T12:26:19.847,4.003754616007484,4.005430460299877,4.003796577679907,4.004032612087286,0.028957996792233424,2.3466350046774664,3.3940376874230793,2.3728610499418323,2.5203825545538905,-49.638025040097084
2026-04-14T12:26:19.956,4.0038778784202265,4.005152464220075,4.004182100545293,4.003791332470854,0.023575673110595816,2.4236740126415413,3.2202901375466553,2.613812840808194,2.3695827942837866,-49.70530408611755
2026-04-14T12:26:20.065,4.0038778784202265,4.005152464220075,4.004182100545293,4.003791332470854,0.023575673110595816,2.4236740126415413,3.2202901375466553,2.613812840808194,2.3695827942837866,-49.70530408611755
2026-04-14T12:26:20.173,4.0038778784202265,4.005152464220075,4.004182100545293,4.003791332470854,0.023575673110595816,2.4236740126415413,3.2202901375466553,2.613812840808194,2.3695827942837866,-49.70530408611755
2026-04-14T12:26:20.281,4.003959179160546,4.005178690265339,4.003731012566746,4.00417685533624,0.020528511137272765,2.47448697534125,3.236681415836884,2.3318828542162606,2.6105345851501482,-49.74339361078409
2026-04-14T12:26:20.392,4.003959179160546,4.005178690265339,4.003731012566746,4.00417685533624,0.020528511137272765,2.47448697534125,3.236681415836884,2.3318828542162606,2.6105345851501482,-49.74339361078409
2026-04-14T12:26:20.501,4.003959179160546,4.005178690265339,4.003731012566746,4.00417685533624,0.020528511137272765,2.47448697534125,3.236681415836884,2.3318828542162606,2.6105345851501482,-49.74339361078409
2026-04-14T12:26:20.625,4.0037939550753805,4.004845619490482,4.0043525698395115,4.003565788481581,0.024646163019524665,2.3712219221128095,3.0285121815509797,2.7203561496946804,2.228617800988375,-49.691922962255944
2026-04-14T12:26:20.718,4.0037939550753805,4.004845619490482,4.0043525698395115,4.003565788481581,0.024646163019524665,2.3712219221128095,3.0285121815509797,2.7203561496946804,2.228617800988375,-49.691922962255944
2026-04-14T12:26:20.829,4.0037939550753805,4.004845619490482,4.0043525698395115,4.003565788481581,0.024646163019524665,2.3712219221128095,3.0285121815509797,2.7203561496946804,2.228617800988375,-49.691922962255944
2026-04-14T12:26:20.937,4.003867388002121,4.005288839655449,4.003946066137914,4.0034635069050495,0.029600290737590733,2.41711750132545,3.3055247846558444,2.466291336196136,2.164691815655928,-49.629996365780116
2026-04-14T12:26:21.046,4.003867388002121,4.005288839655449,4.003946066137914,4.0034635069050495,0.029600290737590733,2.41711750132545,3.3055247846558444,2.466291336196136,2.164691815655928,-49.629996365780116
2026-04-14T12:26:21.156,4.003867388002121,4.005288839655449,4.003946066137914,4.0034635069050495,0.029600290737590733,2.41711750132545,3.3055247846558444,2.466291336196136,2.164691815655928,-49.629996365780116
2026-04-14T12:26:21.265,4.004129648454764,4.0054697993677735,4.003932953115282,4.003904104465491,0.033065690628820865,2.5810302842277366,3.4186246048584223,2.4580956970510215,2.44006529093177,-49.58667886713974
2026-04-14T12:26:21.375,4.004129648454764,4.0054697993677735,4.003932953115282,4.003904104465491,0.033065690628820865,2.5810302842277366,3.4186246048584223,2.4580956970510215,2.44006529093177,-49.58667886713974
2026-04-14T12:26:21.482,4.004129648454764,4.0054697993677735,4.003932953115282,4.003904104465491,0.033065690628820865,2.5810302842277366,3.4186246048584223,2.4580956970510215,2.44006529093177,-49.58667886713974
2026-04-14T12:26:21.591,4.0044128897436195,4.0055301192718815,4.004363060257617,4.003623485781162,0.03549545377094774,2.7580560897622064,3.4563245449259483,2.726912661010772,2.264678613226323,-49.55630682786315
2026-04-14T12:26:21.716,4.0044128897436195,4.0055301192718815,4.004363060257617,4.003623485781162,0.03549545377094774,2.7580560897622064,3.4563245449259483,2.726912661010772,2.264678613226323,-49.55630682786315
2026-04-14T12:26:21.825,4.0044128897436195,4.0055301192718815,4.004363060257617,4.003623485781162,0.03549545377094774,2.7580560897622064,3.4563245449259483,2.726912661010772,2.264678613226323,-49.55630682786315
2026-04-14T12:26:21.919,4.0042502882629805,4.005000353157541,4.004161119709082,4.003584146713266,0.037347650264536264,2.6564301643627886,3.125220723463329,2.600699818176011,2.24009169579098,-49.53315437169329
2026-04-14T12:26:22.029,4.0042502882629805,4.005000353157541,4.004161119709082,4.003584146713266,0.037347650264536264,2.6564301643627886,3.125220723463329,2.600699818176011,2.24009169579098,-49.53315437169329
2026-04-14T12:26:22.152,4.0042502882629805,4.005000353157541,4.004161119709082,4.003584146713266,0.037347650264536264,2.6564301643627886,3.125220723463329,2.600699818176011,2.24009169579098,-49.53315437169329
2026-04-14T12:26:22.249,4.003846407165909,4.005155086824601,4.004100799804974,4.004100799804974,0.027693324992847716,2.404004478693267,3.221929265375678,2.562999878108485,2.562999878108485,-49.6538334375894
2026-04-14T12:26:22.357,4.003846407165909,4.005155086824601,4.004100799804974,4.004100799804974,0.027693324992847716,2.404004478693267,3.221929265375678,2.562999878108485,2.562999878108485,-49.6538334375894
2026-04-14T12:26:22.480,4.003846407165909,4.005155086824601,4.004100799804974,4.004100799804974,0.027693324992847716,2.404004478693267,3.221929265375678,2.562999878108485,2.562999878108485,-49.6538334375894
2026-04-14T12:26:22.575,4.0042686464946655,4.004919052417222,4.0043106081670885,4.004009008646548,0.03418099174323976,2.6679040591659486,3.07440776076362,2.6941301044303145,2.5056304040926847,-49.572737603209504
2026-04-14T12:26:22.699,4.0042686464946655,4.004919052417222,4.0043106081670885,4.004009008646548,0.03418099174323976,2.6679040591659486,3.07440776076362,2.6941301044303145,2.5056304040926847,-49.572737603209504
2026-04-14T12:26:22.807,4.0042686464946655,4.004919052417222,4.0043106081670885,4.004009008646548,0.03418099174323976,2.6679040591659486,3.07440776076362,2.6941301044303145,2.5056304040926847,-49.572737603209504
2026-04-14T12:26:22.915,4.004339456816879,4.0054278376953505,4.004127025850238,4.003864765397594,0.02547268080967438,2.712160510549566,3.3923985595940565,2.5793911563987137,2.415478373496427,-49.68159148987907
2026-04-14T12:26:23.025,4.004339456816879,4.0054278376953505,4.004127025850238,4.003864765397594,0.02547268080967438,2.712160510549566,3.3923985595940565,2.5793911563987137,2.415478373496427,-49.68159148987907
2026-04-14T12:26:23.135,4.004339456816879,4.0054278376953505,4.004127025850238,4.003864765397594,0.02547268080967438,2.712160510549566,3.3923985595940565,2.5793911563987137,2.415478373496427,-49.68159148987907
2026-04-14T12:26:23.242,4.004528284342783,4.005239010169447,4.004266023890139,4.003922462697176,0.04365109317013591,2.8301777142392126,3.27438135590441,2.6662649313369258,2.45153918573493,-49.45436133537331
2026-04-14T12:26:23.351,4.004528284342783,4.005239010169447,4.004266023890139,4.003922462697176,0.04365109317013591,2.8301777142392126,3.27438135590441,2.6662649313369258,2.45153918573493,-49.45436133537331
2026-04-14T12:26:23.460,4.004528284342783,4.005239010169447,4.004266023890139,4.003922462697176,0.04365109317013591,2.8301777142392126,3.27438135590441,2.6662649313369258,2.45153918573493,-49.45436133537331
2026-04-14T12:26:23.568,4.004171610127187,4.005461931554194,4.003988027810337,4.003851652374962,0.03276694925888724,2.6072563294921025,3.4137072213713537,2.4925173814605017,2.4072827343513126,-49.59041313426391
2026-04-14T12:26:23.678,4.004171610127187,4.005461931554194,4.003988027810337,4.003851652374962,0.03276694925888724,2.6072563294921025,3.4137072213713537,2.4925173814605017,2.4072827343513126,-49.59041313426391
2026-04-14T12:26:23.786,4.004171610127187,4.005461931554194,4.003988027810337,4.003851652374962,0.03276694925888724,2.6072563294921025,3.4137072213713537,2.4925173814605017,2.4072827343513126,-49.59041313426391
2026-04-14T12:26:23.909,4.004376173280249,4.005267858819238,4.004315853376141,4.003681183080744,0.03374781675683599,2.7351083001558862,3.2924117620236615,2.6974083600883603,2.300739425464826,-49.57815229053955
2026-04-14T12:26:24.004,4.004376173280249,4.005267858819238,4.004315853376141,4.003681183080744,0.03374781675683599,2.7351083001558862,3.2924117620236615,2.6974083600883603,2.300739425464826,-49.57815229053955
2026-04-14T12:26:24.113,4.004376173280249,4.005267858819238,4.004315853376141,4.003681183080744,0.03374781675683599,2.7351083001558862,3.2924117620236615,2.6974083600883603,2.300739425464826,-49.57815229053955
2026-04-14T12:26:24.224,4.004155874500029,4.005275726632817,4.004349947234985,4.003786087261801,0.024890135138303796,2.5974215625179653,3.29732914551073,2.7187170218656576,2.366304538625741,-49.6888733107712
2026-04-14T12:26:24.333,4.004155874500029,4.005275726632817,4.004349947234985,4.003786087261801,0.024890135138303796,2.5974215625179653,3.29732914551073,2.7187170218656576,2.366304538625741,-49.6888733107712
2026-04-14T12:26:24.443,4.004155874500029,4.005275726632817,4.004349947234985,4.003786087261801,0.024890135138303796,2.5974215625179653,3.29732914551073,2.7187170218656576,2.366304538625741,-49.6888733107712
2026-04-14T12:26:24.551,4.004056215528024,4.005498648017564,4.003930330510755,4.004153251895502,0.03610787357931169,2.5351347050150963,3.436655010977674,2.4564565692219986,2.5957824346889424,-49.5486515802586
2026-04-14T12:26:24.660,4.004056215528024,4.005498648017564,4.003930330510755,4.004153251895502,0.03610787357931169,2.5351347050150963,3.436655010977674,2.4564565692219986,2.5957824346889424,-49.5486515802586
2026-04-14T12:26:24.767,4.004056215528024,4.005498648017564,4.003930330510755,4.004153251895502,0.03610787357931169,2.5351347050150963,3.436655010977674,2.4564565692219986,2.5957824346889424,-49.5486515802586
2026-04-14T12:26:24.878,4.004363060257617,4.005210161519656,4.004205703986031,4.004037857296339,0.030322249048263677,2.726912661010772,3.2563509497851584,2.6285649912694,2.5236608102119362,-49.620971886896704
2026-04-14T12:26:24.987,4.004363060257617,4.005210161519656,4.004205703986031,4.004037857296339,0.030322249048263677,2.726912661010772,3.2563509497851584,2.6285649912694,2.5236608102119362,-49.620971886896704
2026-04-14T12:26:25.098,4.004363060257617,4.005210161519656,4.004205703986031,4.004037857296339,0.030322249048263677,2.726912661010772,3.2563509497851584,2.6285649912694,2.5236608102119362,-49.620971886896704
2026-04-14T12:26:25.207,4.004174232731714,4.005183935474392,4.004473209647728,4.003673315267164,0.027713241084176624,2.6088954573211254,3.2399596714949297,2.7957560298297324,2.2958220419777575,-49.65358448644779
2026-04-14T12:26:25.316,4.004174232731714,4.005183935474392,4.004473209647728,4.003673315267164,0.027713241084176624,2.6088954573211254,3.2399596714949297,2.7957560298297324,2.2958220419777575,-49.65358448644779
2026-04-14T12:26:25.425,4.004174232731714,4.005183935474392,4.004473209647728,4.003673315267164,0.027713241084176624,2.6088954573211254,3.2399596714949297,2.7957560298297324,2.2958220419777575,-49.65358448644779
2026-04-14T12:26:25.535,4.003893614047386,4.005690098147994,4.0039198400926495,4.003392696582836,0.025856065567755878,2.4335087796162336,3.5563113424963433,2.449900057905907,2.1204353642723106,-49.67679918040305
2026-04-14T12:26:25.645,4.003893614047386,4.005690098147994,4.0039198400926495,4.003392696582836,0.025856065567755878,2.4335087796162336,3.5563113424963433,2.449900057905907,2.1204353642723106,-49.67679918040305
2026-04-14T12:26:25.768,4.003893614047386,4.005690098147994,4.0039198400926495,4.003392696582836,0.025856065567755878,2.4335087796162336,3.5563113424963433,2.449900057905907,2.1204353642723106,-49.67679918040305
2026-04-14T12:26:25.862,4.003990650414863,4.005341291745978,4.0042266848222425,4.003426790441679,0.01673449573911564,2.4941565092895246,3.338307341236302,2.6416780139015827,2.141744026049608,-49.790818803261054
2026-04-14T12:26:25.970,4.003990650414863,4.005341291745978,4.0042266848222425,4.003426790441679,0.01673449573911564,2.4941565092895246,3.338307341236302,2.6416780139015827,2.141744026049608,-49.790818803261054
2026-04-14T12:26:26.079,4.003990650414863,4.005341291745978,4.0042266848222425,4.003426790441679,0.01673449573911564,2.4941565092895246,3.338307341236302,2.6416780139015827,2.141744026049608,-49.790818803261054
2026-04-14T12:26:26.189,4.003453016486944,4.005684852938941,4.003964424369599,4.003641844012847,0.017735279328393302,2.1581353043398366,3.5530330868382975,2.477765230999296,2.276152508029483,-49.778309008395084
2026-04-14T12:26:26.299,4.003453016486944,4.005684852938941,4.003964424369599,4.003641844012847,0.017735279328393302,2.1581353043398366,3.5530330868382975,2.477765230999296,2.276152508029483,-49.778309008395084
2026-04-14T12:26:26.410,4.003453016486944,4.005684852938941,4.003964424369599,4.003641844012847,0.017735279328393302,2.1581353043398366,3.5530330868382975,2.477765230999296,2.276152508029483,-49.778309008395084
2026-04-14T12:26:26.518,4.003862142793068,4.0056743625208355,4.00414013887287,4.0037100317305345,0.019901154260412137,2.413839245667404,3.546476575522206,2.587586795543828,2.3187698315840777,-49.75123557174485
2026-04-14T12:26:26.628,4.003862142793068,4.0056743625208355,4.00414013887287,4.0037100317305345,0.019901154260412137,2.413839245667404,3.546476575522206,2.587586795543828,2.3187698315840777,-49.75123557174485
2026-04-14T12:26:26.736,4.003862142793068,4.0056743625208355,4.00414013887287,4.0037100317305345,0.019901154260412137,2.413839245667404,3.546476575522206,2.587586795543828,2.3187698315840777,-49.75123557174485
2026-04-14T12:26:26.847,4.004200458776978,4.005438328113456,4.004305362958036,4.003515958995578,0.023451197539790136,2.625286735611354,3.398955070910148,2.690851848772269,2.1974743722363854,-49.70686003075262
2026-04-14T12:26:26.956,4.004200458776978,4.005438328113456,4.004305362958036,4.003515958995578,0.023451197539790136,2.625286735611354,3.398955070910148,2.690851848772269,2.1974743722363854,-49.70686003075262
2026-04-14T12:26:27.064,4.004200458776978,4.005438328113456,4.004305362958036,4.003515958995578,0.023451197539790136,2.625286735611354,3.398955070910148,2.690851848772269,2.1974743722363854,-49.70686003075262
2026-04-14T12:26:27.171,4.003862142793068,4.005364895186716,4.003791332470854,4.003353357514939,0.023575673110595816,2.413839245667404,3.3530594916975076,2.3695827942837866,2.0958484468369676,-49.70530408611755
2026-04-14T12:26:27.279,4.003862142793068,4.005364895186716,4.003791332470854,4.003353357514939,0.023575673110595816,2.413839245667404,3.3530594916975076,2.3695827942837866,2.0958484468369676,-49.70530408611755
2026-04-14T12:26:27.388,4.003862142793068,4.005364895186716,4.003791332470854,4.003353357514939,0.023575673110595816,2.413839245667404,3.3530594916975076,2.3695827942837866,2.0958484468369676,-49.70530408611755
2026-04-14T12:26:27.497,4.00372052214864,4.005755663261155,4.004071951155183,4.004360437653091,0.017197544862512765,2.325326342900169,3.597289538221915,2.5449694719892335,2.725273533181749,-49.78503068921859
2026-04-14T12:26:27.607,4.00372052214864,4.005755663261155,4.004071951155183,4.004360437653091,0.017197544862512765,2.325326342900169,3.597289538221915,2.5449694719892335,2.725273533181749,-49.78503068921859
2026-04-14T12:26:27.730,4.00372052214864,4.005755663261155,4.004071951155183,4.004360437653091,0.017197544862512765,2.325326342900169,3.597289538221915,2.5449694719892335,2.725273533181749,-49.78503068921859
2026-04-14T12:26:27.855,4.003731012566746,4.00584745441958,4.003473997323155,4.003696918707902,0.0172224399766739,2.3318828542162606,3.6546590122377154,2.1712483269720195,2.3105741924389633,-49.78471950029157
2026-04-14T12:26:27.934,4.003731012566746,4.00584745441958,4.003473997323155,4.003696918707902,0.0172224399766739,2.3318828542162606,3.6546590122377154,2.1712483269720195,2.3105741924389633,-49.78471950029157
2026-04-14T12:26:28.044,4.003731012566746,4.00584745441958,4.003473997323155,4.003696918707902,0.0172224399766739,2.3318828542162606,3.6546590122377154,2.1712483269720195,2.3105741924389633,-49.78471950029157
2026-04-14T12:26:28.154,4.004069328550656,4.0049295428353275,4.004092931991394,4.003820181120646,0.020727672050561856,2.5433303441602106,3.0809642720797115,2.5580824946214165,2.3876132004035933,-49.74090409936798
2026-04-14T12:26:28.277,4.004069328550656,4.0049295428353275,4.004092931991394,4.003820181120646,0.020727672050561856,2.5433303441602106,3.0809642720797115,2.5580824946214165,2.3876132004035933,-49.74090409936798
2026-04-14T12:26:28.372,4.004069328550656,4.0049295428353275,4.004092931991394,4.003820181120646,0.020727672050561856,2.5433303441602106,3.0809642720797115,2.5580824946214165,2.3876132004035933,-49.74090409936798
2026-04-14T12:26:28.495,4.003636598803794,4.005341291745978,4.0043315890033,4.003424167837153,0.02224627401439115,2.2728742523714374,3.338307341236302,2.7072431270624975,2.140104898220585,-49.72192157482011
2026-04-14T12:26:28.603,4.003636598803794,4.005341291745978,4.0043315890033,4.003424167837153,0.02224627401439115,2.2728742523714374,3.338307341236302,2.7072431270624975,2.140104898220585,-49.72192157482011
2026-04-14T12:26:28.713,4.003636598803794,4.005341291745978,4.0043315890033,4.003424167837153,0.02224627401439115,2.2728742523714374,3.338307341236302,2.7072431270624975,2.140104898220585,-49.72192157482011
2026-04-14T12:26:28.821,4.003612995363056,4.005178690265339,4.004381418489302,4.003240585520302,0.01797925144717244,2.2581221019102315,3.236681415836884,2.738386555813932,2.0253659501889842,-49.77525935691035
2026-04-14T12:26:28.931,4.003612995363056,4.005178690265339,4.004381418489302,4.003240585520302,0.01797925144717244,2.2581221019102315,3.236681415836884,2.738386555813932,2.0253659501889842,-49.77525935691035
2026-04-14T12:26:29.041,4.003612995363056,4.005178690265339,4.004381418489302,4.003240585520302,0.01797925144717244,2.2581221019102315,3.236681415836884,2.738386555813932,2.0253659501889842,-49.77525935691035
2026-04-14T12:26:29.152,4.003712654335061,4.005076408688808,4.004189968358872,4.003901481860964,0.012407724897910194,2.3204089594131005,3.172755430504992,2.6187302242952626,2.438426163102747,-49.84490343877612
2026-04-14T12:26:29.261,4.003712654335061,4.005076408688808,4.004189968358872,4.003901481860964,0.012407724897910194,2.3204089594131005,3.172755430504992,2.6187302242952626,2.438426163102747,-49.84490343877612
2026-04-14T12:26:29.369,4.003712654335061,4.005076408688808,4.004189968358872,4.003901481860964,0.012407724897910194,2.3204089594131005,3.172755430504992,2.6187302242952626,2.438426163102747,-49.84490343877612
2026-04-14T12:26:29.478,4.004255533472033,4.0053675177912424,4.00352907201821,4.0036916734988495,0.0201501054020235,2.6597084200208343,3.3546986195265305,2.2056700113814998,2.3072959367809176,-49.748123682474706
2026-04-14T12:26:29.587,4.004255533472033,4.0053675177912424,4.00352907201821,4.0036916734988495,0.0201501054020235,2.6597084200208343,3.3546986195265305,2.2056700113814998,2.3072959367809176,-49.748123682474706
2026-04-14T12:26:29.697,4.004255533472033,4.0053675177912424,4.00352907201821,4.0036916734988495,0.0201501054020235,2.6597084200208343,3.3546986195265305,2.2056700113814998,2.3072959367809176,-49.748123682474706
2026-04-14T12:26:29.794,4.0039381983243345,4.005086899106914,4.004224062217716,4.003872633211174,0.009026968394827922,2.4613739527090672,3.1793119418210836,2.64003888607256,2.4203957569834955,-49.88716289506465
2026-04-14T12:26:29.917,4.0039381983243345,4.005086899106914,4.004224062217716,4.003872633211174,0.009026968394827922,2.4613739527090672,3.1793119418210836,2.64003888607256,2.4203957569834955,-49.88716289506465
2026-04-14T12:26:30.026,4.0039381983243345,4.005086899106914,4.004224062217716,4.003872633211174,0.009026968394827922,2.4613739527090672,3.1793119418210836,2.64003888607256,2.4203957569834955,-49.88716289506465
2026-04-14T12:26:30.149,4.00391197227907,4.00475120572753,4.004284382121824,4.003515958995578,0.018203307474622663,2.4449826744188385,2.9695035797061564,2.677738826140086,2.1974743722363854,-49.77245865656722
2026-04-14T12:26:30.243,4.00391197227907,4.00475120572753,4.004284382121824,4.003515958995578,0.018203307474622663,2.4449826744188385,2.9695035797061564,2.677738826140086,2.1974743722363854,-49.77245865656722
2026-04-14T12:26:30.352,4.00391197227907,4.00475120572753,4.004284382121824,4.003515958995578,0.018203307474622663,2.4449826744188385,2.9695035797061564,2.677738826140086,2.1974743722363854,-49.77245865656722
2026-04-14T12:26:30.462,4.003925085301702,4.0050737860842816,4.003885746233806,4.0037336351712725,0.019398272954357188,2.453178313563953,3.1711163026759692,2.42859139612861,2.3335219820452835,-49.75752158807054
2026-04-14T12:26:30.569,4.003925085301702,4.0050737860842816,4.003885746233806,4.0037336351712725,0.019398272954357188,2.453178313563953,3.1711163026759692,2.42859139612861,2.3335219820452835,-49.75752158807054
2026-04-14T12:26:30.670,4.003925085301702,4.0050737860842816,4.003885746233806,4.0037336351712725,0.019398272954357188,2.453178313563953,3.1711163026759692,2.42859139612861,2.3335219820452835,-49.75752158807054
2026-04-14T12:26:30.787,4.003780842052748,4.005375385604822,4.004475832252255,4.004271269099192,0.018492090798891837,2.363026282967695,3.359616003013599,2.7973951576593103,2.6695431869949715,-49.76884886501385
2026-04-14T12:26:30.896,4.003780842052748,4.005375385604822,4.004475832252255,4.004271269099192,0.018492090798891837,2.363026282967695,3.359616003013599,2.7973951576593103,2.6695431869949715,-49.76884886501385
2026-04-14T12:26:30.998,4.003780842052748,4.005375385604822,4.004475832252255,4.004271269099192,0.018492090798891837,2.363026282967695,3.359616003013599,2.7973951576593103,2.6695431869949715,-49.76884886501385
2026-04-14T12:26:31.116,4.003914594883597,4.005443573322509,4.004161119709082,4.003665447453585,0.025641967585970104,2.4466218022478614,3.4022333265681937,2.600699818176011,2.290904658490689,-49.679475405175374
2026-04-14T12:26:31.219,4.003914594883597,4.005443573322509,4.004161119709082,4.003665447453585,0.025641967585970104,2.4466218022478614,3.4022333265681937,2.600699818176011,2.290904658490689,-49.679475405175374
2026-04-14T12:26:31.326,4.003914594883597,4.005443573322509,4.004161119709082,4.003665447453585,0.025641967585970104,2.4466218022478614,3.4022333265681937,2.600699818176011,2.290904658490689,-49.679475405175374
2026-04-14T12:26:31.436,4.0037100317305345,4.005275726632817,4.004391908907408,4.004027366878234,0.026881744271194677,2.3187698315840777,3.29732914551073,2.7449430671300235,2.5171042988964,-49.66397819661007
2026-04-14T12:26:31.552,4.0037100317305345,4.005275726632817,4.004391908907408,4.004027366878234,0.026881744271194677,2.3187698315840777,3.29732914551073,2.7449430671300235,2.5171042988964,-49.66397819661007
2026-04-14T12:26:31.661,4.0037100317305345,4.005275726632817,4.004391908907408,4.004027366878234,0.026881744271194677,2.3187698315840777,3.29732914551073,2.7449430671300235,2.5171042988964,-49.66397819661007
2026-04-14T12:26:31.771,4.00394868874244,4.004806280422585,4.004037857296339,4.003702163916955,0.016450691437678685,2.4679304640251587,3.0039252641156367,2.5236608102119362,2.313852448097009,-49.79436635702902
2026-04-14T12:26:31.880,4.00394868874244,4.004806280422585,4.004037857296339,4.003702163916955,0.016450691437678685,2.4679304640251587,3.0039252641156367,2.5236608102119362,2.313852448097009,-49.79436635702902
2026-04-14T12:26:31.987,4.00394868874244,4.004806280422585,4.004037857296339,4.003702163916955,0.016450691437678685,2.4679304640251587,3.0039252641156367,2.5236608102119362,2.313852448097009,-49.79436635702902
2026-04-14T12:26:32.097,4.0038778784202265,4.005273104028291,4.003786087261801,4.003799200284433,0.0312782214320513,2.4236740126415413,3.295690017681707,2.366304538625741,2.374500177770855,-49.609022232099356
2026-04-14T12:26:32.203,4.0038778784202265,4.005273104028291,4.003786087261801,4.003799200284433,0.0312782214320513,2.4236740126415413,3.295690017681707,2.366304538625741,2.374500177770855,-49.609022232099356
2026-04-14T12:26:32.311,4.0038778784202265,4.005273104028291,4.003786087261801,4.003799200284433,0.0312782214320513,2.4236740126415413,3.295690017681707,2.366304538625741,2.374500177770855,-49.609022232099356
2026-04-14T12:26:32.420,4.0037336351712725,4.005031824411859,4.004229307426769,4.003476619927682,0.022485267110338058,2.3335219820452835,3.1448902574116033,2.6433171417306056,2.1728874548010424,-49.71893416112078
2026-04-14T12:26:32.545,4.0037336351712725,4.005031824411859,4.004229307426769,4.003476619927682,0.022485267110338058,2.3335219820452835,3.1448902574116033,2.6433171417306056,2.1728874548010424,-49.71893416112078
2026-04-14T12:26:32.639,4.0037336351712725,4.005031824411859,4.004229307426769,4.003476619927682,0.022485267110338058,2.3335219820452835,3.1448902574116033,2.6433171417306056,2.1728874548010424,-49.71893416112078
2026-04-14T12:26:32.748,4.004410267139093,4.005210161519656,4.004373550675723,4.003744125589378,0.020404035566467086,2.7564169619331835,3.2563509497851584,2.7334691723268634,2.340078493361375,-49.74494955541916
2026-04-14T12:26:32.858,4.004410267139093,4.005210161519656,4.004373550675723,4.003744125589378,0.020404035566467086,2.7564169619331835,3.2563509497851584,2.7334691723268634,2.340078493361375,-49.74494955541916
2026-04-14T12:26:32.966,4.004410267139093,4.005210161519656,4.004373550675723,4.003744125589378,0.020404035566467086,2.7564169619331835,3.2563509497851584,2.7334691723268634,2.340078493361375,-49.74494955541916
2026-04-14T12:26:33.083,4.003974914787705,4.004835129072376,4.004305362958036,4.003597259735898,0.021459588406899252,2.4843217423153874,3.021955670234888,2.690851848772269,2.2482873349360943,-49.731755144913755
2026-04-14T12:26:33.184,4.003974914787705,4.004835129072376,4.004305362958036,4.003597259735898,0.021459588406899252,2.4843217423153874,3.021955670234888,2.690851848772269,2.2482873349360943,-49.731755144913755
2026-04-14T12:26:33.297,4.003974914787705,4.004835129072376,4.004305362958036,4.003597259735898,0.021459588406899252,2.4843217423153874,3.021955670234888,2.690851848772269,2.2482873349360943,-49.731755144913755
2026-04-14T12:26:33.416,4.003898859256438,4.004992485343962,4.003974914787705,4.0037519934029575,0.02095172807801208,2.436787035273724,3.1203033399762603,2.4843217423153874,2.3449958768484436,-49.738103399024844
2026-04-14T12:26:33.528,4.003898859256438,4.004992485343962,4.003974914787705,4.0037519934029575,0.02095172807801208,2.436787035273724,3.1203033399762603,2.4843217423153874,2.3449958768484436,-49.738103399024844
2026-04-14T12:26:33.636,4.003898859256438,4.004992485343962,4.003974914787705,4.0037519934029575,0.02095172807801208,2.436787035273724,3.1203033399762603,2.4843217423153874,2.3449958768484436,-49.738103399024844
2026-04-14T12:26:33.745,4.004507303506571,4.0053858760229275,4.004318475980668,4.003704786521482,0.02759374453620317,2.8170646916070297,3.3661725143296906,2.699047487917383,2.315491575926032,-49.655078193297456
2026-04-14T12:26:33.840,4.004507303506571,4.0053858760229275,4.004318475980668,4.003704786521482,0.02759374453620317,2.8170646916070297,3.3661725143296906,2.699047487917383,2.315491575926032,-49.655078193297456
2026-04-14T12:26:33.951,4.004507303506571,4.0053858760229275,4.004318475980668,4.003704786521482,0.02759374453620317,2.8170646916070297,3.3661725143296906,2.699047487917383,2.315491575926032,-49.655078193297456
2026-04-14T12:26:34.060,4.004216194404137,4.005414724672718,4.004242420449401,4.003413677419047,0.025268540873553066,2.6351215025854913,3.384202920448942,2.65151278087572,2.1335483869044936,-49.68414323908058
2026-04-14T12:26:34.183,4.004216194404137,4.005414724672718,4.004242420449401,4.003413677419047,0.025268540873553066,2.6351215025854913,3.384202920448942,2.65151278087572,2.1335483869044936,-49.68414323908058
2026-04-14T12:26:34.291,4.004216194404137,4.005414724672718,4.004242420449401,4.003413677419047,0.025268540873553066,2.6351215025854913,3.384202920448942,2.65151278087572,2.1335483869044936,-49.68414323908058
2026-04-14T12:26:34.400,4.0043525698395115,4.005404234254613,4.003696918707902,4.003717899544114,0.014996816770668341,2.7203561496946804,3.3776464091328506,2.3105741924389633,2.3236872150711463,-49.81253979036664
2026-04-14T12:26:34.511,4.0043525698395115,4.005404234254613,4.003696918707902,4.003717899544114,0.014996816770668341,2.7203561496946804,3.3776464091328506,2.3105741924389633,2.3236872150711463,-49.81253979036664
2026-04-14T12:26:34.620,4.0043525698395115,4.005404234254613,4.003696918707902,4.003717899544114,0.014996816770668341,2.7203561496946804,3.3776464091328506,2.3105741924389633,2.3236872150711463,-49.81253979036664
2026-04-14T12:26:34.728,4.003712654335061,4.0053019526780815,4.003870010606647,4.003644466617374,0.015405096642910971,2.3204089594131005,3.3137204238009588,2.4187566291544726,2.277791635858506,-49.80743629196361
2026-04-14T12:26:34.838,4.003712654335061,4.0053019526780815,4.003870010606647,4.003644466617374,0.015405096642910971,2.3204089594131005,3.3137204238009588,2.4187566291544726,2.277791635858506,-49.80743629196361
2026-04-14T12:26:34.949,4.003712654335061,4.0053019526780815,4.003870010606647,4.003644466617374,0.015405096642910971,2.3204089594131005,3.3137204238009588,2.4187566291544726,2.277791635858506,-49.80743629196361
2026-04-14T12:26:35.051,4.00395655655602,4.004961014089645,4.0041847231498195,4.00406670594613,0.009509933609553961,2.4728478475122273,3.100633806027986,2.615451968637217,2.5416912163311878,-49.881125829880574
2026-04-14T12:26:35.181,4.00395655655602,4.004961014089645,4.0041847231498195,4.00406670594613,0.009509933609553961,2.4728478475122273,3.100633806027986,2.615451968637217,2.5416912163311878,-49.881125829880574
2026-04-14T12:26:35.275,4.00395655655602,4.004961014089645,4.0041847231498195,4.00406670594613,0.009509933609553961,2.4728478475122273,3.100633806027986,2.615451968637217,2.5416912163311878,-49.881125829880574
2026-04-14T12:26:35.384,4.003820181120646,4.005128860779337,4.003972292183178,4.003678560476217,0.012288228349936741,2.3876132004035933,3.2055379870854495,2.4826826144863645,2.2991002976358033,-49.846397145625794
2026-04-14T12:26:35.493,4.003820181120646,4.005128860779337,4.003972292183178,4.003678560476217,0.012288228349936741,2.3876132004035933,3.2055379870854495,2.4826826144863645,2.2991002976358033,-49.846397145625794
2026-04-14T12:26:35.601,4.003820181120646,4.005128860779337,4.003972292183178,4.003678560476217,0.012288228349936741,2.3876132004035933,3.2055379870854495,2.4826826144863645,2.2991002976358033,-49.846397145625794
2026-04-14T12:26:35.712,4.004024744273707,4.005165577242707,4.003809690702539,4.003786087261801,0.010540591335824993,2.515465171066822,3.2284857766917696,2.3810566890869467,2.366304538625741,-49.86824260830219
2026-04-14T12:26:35.819,4.004024744273707,4.005165577242707,4.003809690702539,4.003786087261801,0.010540591335824993,2.515465171066822,3.2284857766917696,2.3810566890869467,2.366304538625741,-49.86824260830219
2026-04-14T12:26:35.928,4.004024744273707,4.005165577242707,4.003809690702539,4.003786087261801,0.010540591335824993,2.515465171066822,3.2284857766917696,2.3810566890869467,2.366304538625741,-49.86824260830219
2026-04-14T12:26:36.036,4.003783464657275,4.005454063740615,4.003746748193905,4.003783464657275,0.02036420338380927,2.364665410796718,3.408789837884285,2.341717621190398,2.364665410796718,-49.74544745770238
2026-04-14T12:26:36.144,4.003783464657275,4.005454063740615,4.003746748193905,4.003783464657275,0.02036420338380927,2.364665410796718,3.408789837884285,2.341717621190398,2.364665410796718,-49.74544745770238
2026-04-14T12:26:36.254,4.003783464657275,4.005454063740615,4.003746748193905,4.003783464657275,0.02036420338380927,2.364665410796718,3.408789837884285,2.341717621190398,2.364665410796718,-49.74544745770238
2026-04-14T12:26:36.363,4.003872633211174,4.005406856859139,4.003586769317792,4.003434658255259,0.0054570090241210165,2.4203957569834955,3.3792855369618735,2.241730823620003,2.1466614095366765,-49.93178738719849
2026-04-14T12:26:36.469,4.003872633211174,4.005406856859139,4.003586769317792,4.003434658255259,0.0054570090241210165,2.4203957569834955,3.3792855369618735,2.241730823620003,2.1466614095366765,-49.93178738719849
2026-04-14T12:26:36.577,4.003872633211174,4.005406856859139,4.003586769317792,4.003434658255259,0.0054570090241210165,2.4203957569834955,3.3792855369618735,2.241730823620003,2.1466614095366765,-49.93178738719849
2026-04-14T12:26:36.685,4.003870010606647,4.005079031293334,4.004271269099192,4.003544807645369,0.00949499654105728,2.4187566291544726,3.174394558334015,2.6695431869949715,2.215504778355637,-49.88131254323678
2026-04-14T12:26:36.801,4.003870010606647,4.005079031293334,4.004271269099192,4.003544807645369,0.00949499654105728,2.4187566291544726,3.174394558334015,2.6695431869949715,2.215504778355637,-49.88131254323678
2026-04-14T12:26:36.906,4.003870010606647,4.005079031293334,4.004271269099192,4.003544807645369,0.00949499654105728,2.4187566291544726,3.174394558334015,2.6695431869949715,2.215504778355637,-49.88131254323678
2026-04-14T12:26:37.016,4.003841161956856,4.0051996711015505,4.00414800668645,4.00368380568527,0.02896795483789788,2.400726223035221,3.249794438469067,2.592504179031452,2.302378553293849,-49.63790056452628
2026-04-14T12:26:37.125,4.003841161956856,4.0051996711015505,4.00414800668645,4.00368380568527,0.02896795483789788,2.400726223035221,3.249794438469067,2.592504179031452,2.302378553293849,-49.63790056452628
2026-04-14T12:26:37.234,4.003841161956856,4.0051996711015505,4.00414800668645,4.00368380568527,0.02896795483789788,2.400726223035221,3.249794438469067,2.592504179031452,2.302378553293849,-49.63790056452628
2026-04-14T12:26:37.346,4.003576278899686,4.005482912390406,4.004300117748983,4.003633976199268,0.026428653193462003,2.2351743123039114,3.4268202440035367,2.687573593114223,2.2712351245424145,-49.66964183508173
2026-04-14T12:26:37.452,4.003576278899686,4.005482912390406,4.004300117748983,4.003633976199268,0.026428653193462003,2.2351743123039114,3.4268202440035367,2.687573593114223,2.2712351245424145,-49.66964183508173
2026-04-14T12:26:37.563,4.003576278899686,4.005482912390406,4.004300117748983,4.003633976199268,0.026428653193462003,2.2351743123039114,3.4268202440035367,2.687573593114223,2.2712351245424145,-49.66964183508173
2026-04-14T12:26:37.671,4.0037336351712725,4.005401611650086,4.004276514308245,4.004142761477397,0.01994596546590218,2.3335219820452835,3.3760072813038278,2.6728214426530172,2.589225923372851,-49.75067543167622
2026-04-14T12:26:37.779,4.0037336351712725,4.005401611650086,4.004276514308245,4.004142761477397,0.01994596546590218,2.3335219820452835,3.3760072813038278,2.6728214426530172,2.589225923372851,-49.75067543167622
2026-04-14T12:26:37.887,4.0037336351712725,4.005401611650086,4.004276514308245,4.004142761477397,0.01994596546590218,2.3335219820452835,3.3760072813038278,2.6728214426530172,2.589225923372851,-49.75067543167622
2026-04-14T12:26:38.003,4.003429413046206,4.005288839655449,4.003678560476217,4.003940820928861,0.018004146561333575,2.1433831538786308,3.3055247846558444,2.2991002976358033,2.46301308053809,-49.77494816798333
2026-04-14T12:26:38.133,4.003429413046206,4.005288839655449,4.003678560476217,4.003940820928861,0.018004146561333575,2.1433831538786308,3.3055247846558444,2.2991002976358033,2.46301308053809,-49.77494816798333
2026-04-14T12:26:38.219,4.003429413046206,4.005288839655449,4.003678560476217,4.003940820928861,0.018004146561333575,2.1433831538786308,3.3055247846558444,2.2991002976358033,2.46301308053809,-49.77494816798333
2026-04-14T12:26:38.336,4.0039198400926495,4.00493478804438,4.003841161956856,4.003581524108739,0.013313907053375547,2.449900057905907,3.084242527737757,2.400726223035221,2.238452567961957,-49.8335761618328
2026-04-14T12:26:38.444,4.0039198400926495,4.00493478804438,4.003841161956856,4.003581524108739,0.013313907053375547,2.449900057905907,3.084242527737757,2.400726223035221,2.238452567961957,-49.8335761618328
2026-04-14T12:26:38.551,4.0039198400926495,4.00493478804438,4.003841161956856,4.003581524108739,0.013313907053375547,2.449900057905907,3.084242527737757,2.400726223035221,2.238452567961957,-49.8335761618328
2026-04-14T12:26:38.660,4.003883123629279,4.005026579202806,4.004142761477397,4.003266811565567,0.03073052892050631,2.426952268299587,3.1416120017535576,2.589225923372851,2.041757228479213,-49.61586838849367
2026-04-14T12:26:38.765,4.003883123629279,4.005026579202806,4.004142761477397,4.003266811565567,0.03073052892050631,2.426952268299587,3.1416120017535576,2.589225923372851,2.041757228479213,-49.61586838849367
2026-04-14T12:26:38.877,4.003883123629279,4.005026579202806,4.004142761477397,4.003266811565567,0.03073052892050631,2.426952268299587,3.1416120017535576,2.589225923372851,2.041757228479213,-49.61586838849367
2026-04-14T12:26:38.985,4.004200458776978,4.005220651937762,4.004095554595921,4.003392696582836,0.02367525356724036,2.625286735611354,3.26290746110125,2.5597216224504393,2.1204353642723106,-49.70405933040949
2026-04-14T12:26:39.095,4.004200458776978,4.005220651937762,4.004095554595921,4.003392696582836,0.02367525356724036,2.625286735611354,3.26290746110125,2.5597216224504393,2.1204353642723106,-49.70405933040949
2026-04-14T12:26:39.202,4.004200458776978,4.005220651937762,4.004095554595921,4.003392696582836,0.02367525356724036,2.625286735611354,3.26290746110125,2.5597216224504393,2.1204353642723106,-49.70405933040949
2026-04-14T12:26:39.311,4.003670692662638,4.005246877983026,4.004315853376141,4.003814935911592,0.018188370406125982,2.2941829141487347,3.2792987393914785,2.6974083600883603,2.3843349447449924,-49.772645369923424
2026-04-14T12:26:39.434,4.003670692662638,4.005246877983026,4.004315853376141,4.003814935911592,0.018188370406125982,2.2941829141487347,3.2792987393914785,2.6974083600883603,2.3843349447449924,-49.772645369923424
2026-04-14T12:26:39.544,4.003670692662638,4.005246877983026,4.004315853376141,4.003814935911592,0.018188370406125982,2.2941829141487347,3.2792987393914785,2.6974083600883603,2.3843349447449924,-49.772645369923424
2026-04-14T12:26:39.668,4.003670692662638,4.0052835944463965,4.003825426329698,4.003395319187362,0.02682697502004018,2.2941829141487347,3.3022465289977987,2.390891456061084,2.1220744921013335,-49.664662812249496
2026-04-14T12:26:39.776,4.003670692662638,4.0052835944463965,4.003825426329698,4.003395319187362,0.02682697502004018,2.2941829141487347,3.3022465289977987,2.390891456061084,2.1220744921013335,-49.664662812249496
2026-04-14T12:26:39.872,4.003670692662638,4.0052835944463965,4.003825426329698,4.003395319187362,0.02682697502004018,2.2941829141487347,3.3022465289977987,2.390891456061084,2.1220744921013335,-49.664662812249496
2026-04-14T12:26:39.993,4.003560543272528,4.005490780203985,4.004006386042022,4.003841161956856,0.026622835083918866,2.225339545329774,3.4317376274906053,2.503991276263662,2.400726223035221,-49.66721456145101
2026-04-14T12:26:40.102,4.003560543272528,4.005490780203985,4.004006386042022,4.003841161956856,0.026622835083918866,2.225339545329774,3.4317376274906053,2.503991276263662,2.400726223035221,-49.66721456145101
2026-04-14T12:26:40.208,4.003560543272528,4.005490780203985,4.004006386042022,4.003841161956856,0.026622835083918866,2.225339545329774,3.4317376274906053,2.503991276263662,2.400726223035221,-49.66721456145101
2026-04-14T12:26:40.311,4.003639221408321,4.005168199847233,4.004087686782342,4.003961801765072,0.01790456610468903,2.2745133802004602,3.2301249045207925,2.554804238963926,2.476126103170273,-49.77619292369139
2026-04-14T12:26:40.427,4.003639221408321,4.005168199847233,4.004087686782342,4.003961801765072,0.01790456610468903,2.2745133802004602,3.2301249045207925,2.554804238963926,2.476126103170273,-49.77619292369139
2026-04-14T12:26:40.536,4.003639221408321,4.005168199847233,4.004087686782342,4.003961801765072,0.01790456610468903,2.2745133802004602,3.2301249045207925,2.554804238963926,2.476126103170273,-49.77619292369139
2026-04-14T12:26:40.645,4.004168987522661,4.005218029333236,4.004121780641185,4.003584146713266,0.020652986708078445,2.6056172016630796,3.261268333272227,2.576112900740668,2.24009169579098,-49.74183766614902
2026-04-14T12:26:40.755,4.004168987522661,4.005218029333236,4.004121780641185,4.003584146713266,0.020652986708078445,2.6056172016630796,3.261268333272227,2.576112900740668,2.24009169579098,-49.74183766614902
2026-04-14T12:26:40.862,4.004168987522661,4.005218029333236,4.004121780641185,4.003584146713266,0.020652986708078445,2.6056172016630796,3.261268333272227,2.576112900740668,2.24009169579098,-49.74183766614902
2026-04-14T12:26:40.971,4.003767729030116,4.0051813128698655,4.004037857296339,4.003487110345787,0.021877826324806338,2.354830643822581,3.238320543665907,2.5236608102119362,2.179443966117134,-49.726527170939924
2026-04-14T12:26:41.080,4.003767729030116,4.0051813128698655,4.004037857296339,4.003487110345787,0.021877826324806338,2.354830643822581,3.238320543665907,2.5236608102119362,2.179443966117134,-49.726527170939924
2026-04-14T12:26:41.189,4.003767729030116,4.0051813128698655,4.004037857296339,4.003487110345787,0.021877826324806338,2.354830643822581,3.238320543665907,2.5236608102119362,2.179443966117134,-49.726527170939924
2026-04-14T12:26:41.313,4.003395319187362,4.005406856859139,4.00440502193004,4.003597259735898,0.020916874918186487,2.1220744921013335,3.3792855369618735,2.753138706275138,2.2482873349360943,-49.738539063522666
2026-04-14T12:26:41.407,4.003395319187362,4.005406856859139,4.00440502193004,4.003597259735898,0.020916874918186487,2.1220744921013335,3.3792855369618735,2.753138706275138,2.2482873349360943,-49.738539063522666
2026-04-14T12:26:41.515,4.003395319187362,4.005406856859139,4.00440502193004,4.003597259735898,0.020916874918186487,2.1220744921013335,3.3792855369618735,2.753138706275138,2.2482873349360943,-49.738539063522666
2026-04-14T12:26:41.623,4.0037100317305345,4.0051577094291275,4.0043315890033,4.003437280859785,0.016629936259638864,2.3187698315840777,3.223568393204701,2.7072431270624975,2.1483005373656994,-49.79212579675452
2026-04-14T12:26:41.747,4.0037100317305345,4.0051577094291275,4.0043315890033,4.003437280859785,0.016629936259638864,2.3187698315840777,3.223568393204701,2.7072431270624975,2.1483005373656994,-49.79212579675452
2026-04-14T12:26:41.855,4.0037100317305345,4.0051577094291275,4.0043315890033,4.003437280859785,0.016629936259638864,2.3187698315840777,3.223568393204701,2.7072431270624975,2.1483005373656994,-49.79212579675452
2026-04-14T12:26:41.964,4.003327131469675,4.005100012129546,4.004071951155183,4.003817558516118,0.01462836908108353,2.079457168546739,3.187507580966198,2.5449694719892335,2.3859740725740153,-49.81714538648646
2026-04-14T12:26:42.059,4.003327131469675,4.005100012129546,4.004071951155183,4.003817558516118,0.01462836908108353,2.079457168546739,3.187507580966198,2.5449694719892335,2.3859740725740153,-49.81714538648646
2026-04-14T12:26:42.182,4.003327131469675,4.005100012129546,4.004071951155183,4.003817558516118,0.01462836908108353,2.079457168546739,3.187507580966198,2.5449694719892335,2.3859740725740153,-49.81714538648646
2026-04-14T12:26:42.291,4.003786087261801,4.004874468140272,4.00406670594613,4.003741502984852,0.01619178225040287,2.366304538625741,3.0465425876702312,2.5416912163311878,2.338439365532352,-49.797602721869964
2026-04-14T12:26:42.401,4.003786087261801,4.004874468140272,4.00406670594613,4.003741502984852,0.01619178225040287,2.366304538625741,3.0465425876702312,2.5416912163311878,2.338439365532352,-49.797602721869964
2026-04-14T12:26:42.508,4.003786087261801,4.004874468140272,4.00406670594613,4.003741502984852,0.01619178225040287,2.366304538625741,3.0465425876702312,2.5416912163311878,2.338439365532352,-49.797602721869964
2026-04-14T12:26:42.618,4.003964424369599,4.005527496667355,4.003738880380325,4.003148794361877,0.022435476882015783,2.477765230999296,3.4546854170969254,2.3368002377033292,1.9679964761731839,-49.7195565389748
2026-04-14T12:26:42.728,4.003964424369599,4.005527496667355,4.003738880380325,4.003148794361877,0.022435476882015783,2.477765230999296,3.4546854170969254,2.3368002377033292,1.9679964761731839,-49.7195565389748
2026-04-14T12:26:42.835,4.003964424369599,4.005527496667355,4.003738880380325,4.003148794361877,0.022435476882015783,2.477765230999296,3.4546854170969254,2.3368002377033292,1.9679964761731839,-49.7195565389748
2026-04-14T12:26:42.945,4.003400564396415,4.00508952171144,4.004444360997937,4.00353693983179,0.019577517776317367,2.125352747759379,3.1809510696501064,2.777725623710481,2.2105873948685684,-49.75528102779603
2026-04-14T12:26:43.053,4.003400564396415,4.00508952171144,4.004444360997937,4.00353693983179,0.019577517776317367,2.125352747759379,3.1809510696501064,2.777725623710481,2.2105873948685684,-49.75528102779603
2026-04-14T12:26:43.163,4.003400564396415,4.00508952171144,4.004444360997937,4.00353693983179,0.019577517776317367,2.125352747759379,3.1809510696501064,2.777725623710481,2.2105873948685684,-49.75528102779603
2026-04-14T12:26:43.272,4.003641844012847,4.00528097184187,4.004245043053928,4.003833294143277,0.027728178152673304,2.276152508029483,3.300607401168776,2.653151908704743,2.3958088395481525,-49.653397773091584
2026-04-14T12:26:43.381,4.003641844012847,4.00528097184187,4.004245043053928,4.003833294143277,0.027728178152673304,2.276152508029483,3.300607401168776,2.653151908704743,2.3958088395481525,-49.653397773091584
2026-04-14T12:26:43.490,4.003641844012847,4.00528097184187,4.004245043053928,4.003833294143277,0.027728178152673304,2.276152508029483,3.300607401168776,2.653151908704743,2.3958088395481525,-49.653397773091584
2026-04-14T12:26:43.599,4.003426790441679,4.005273104028291,4.004426002766252,4.003820181120646,0.03250804007161142,2.141744026049608,3.295690017681707,2.7662517289073207,2.3876132004035933,-49.593649499104856
2026-04-14T12:26:43.707,4.003426790441679,4.005273104028291,4.004426002766252,4.003820181120646,0.03250804007161142,2.141744026049608,3.295690017681707,2.7662517289073207,2.3876132004035933,-49.593649499104856
2026-04-14T12:26:43.817,4.003426790441679,4.005273104028291,4.004426002766252,4.003820181120646,0.03250804007161142,2.141744026049608,3.295690017681707,2.7662517289073207,2.3876132004035933,-49.593649499104856
2026-04-14T12:26:43.926,4.003571033690633,4.005212784124183,4.004058838132551,4.003578901504213,0.026871786225530225,2.2318960566458657,3.2579900776141812,2.536773832844119,2.2368134401329343,-49.664102672180874
2026-04-14T12:26:44.034,4.003571033690633,4.005212784124183,4.004058838132551,4.003578901504213,0.026871786225530225,2.2318960566458657,3.2579900776141812,2.536773832844119,2.2368134401329343,-49.664102672180874
2026-04-14T12:26:44.142,4.003571033690633,4.005212784124183,4.004058838132551,4.003578901504213,0.026871786225530225,2.2318960566458657,3.2579900776141812,2.536773832844119,2.2368134401329343,-49.664102672180874
2026-04-14T12:26:44.251,4.003626108385689,4.005409479463665,4.004032612087286,4.003363847933045,0.02130025967626798,2.266317741055901,3.3809246647908964,2.5203825545538905,2.102404958153059,-49.73374675404665
2026-04-14T12:26:44.361,4.003626108385689,4.005409479463665,4.004032612087286,4.003363847933045,0.02130025967626798,2.266317741055901,3.3809246647908964,2.5203825545538905,2.102404958153059,-49.73374675404665
2026-04-14T12:26:44.469,4.003626108385689,4.005409479463665,4.004032612087286,4.003363847933045,0.02130025967626798,2.266317741055901,3.3809246647908964,2.5203825545538905,2.102404958153059,-49.73374675404665
2026-04-14T12:26:44.578,4.003618240572109,4.005440950717983,4.004195213567925,4.003872633211174,0.029525605395107325,2.2614003575682773,3.400594198739171,2.6220084799533083,2.4203957569834955,-49.63092993256116
2026-04-14T12:26:44.685,4.003618240572109,4.005440950717983,4.004195213567925,4.003872633211174,0.029525605395107325,2.2614003575682773,3.400594198739171,2.6220084799533083,2.4203957569834955,-49.63092993256116
2026-04-14T12:26:44.812,4.003618240572109,4.005440950717983,4.004195213567925,4.003872633211174,0.029525605395107325,2.2614003575682773,3.400594198739171,2.6220084799533083,2.4203957569834955,-49.63092993256116
2026-04-14T12:26:44.906,4.003890991442859,4.0052835944463965,4.0042214396131905,4.0041034224095,0.0199310283974055,2.4318696517866556,3.3022465289977987,2.638399758244092,2.564639005937508,-49.75086214503243
2026-04-14T12:26:45.016,4.003890991442859,4.0052835944463965,4.0042214396131905,4.0041034224095,0.0199310283974055,2.4318696517866556,3.3022465289977987,2.638399758244092,2.564639005937508,-49.75086214503243
2026-04-14T12:26:45.126,4.003890991442859,4.0052835944463965,4.0042214396131905,4.0041034224095,0.0199310283974055,2.4318696517866556,3.3022465289977987,2.638399758244092,2.564639005937508,-49.75086214503243
2026-04-14T12:26:45.235,4.003497600763893,4.005257368401132,4.003959179160546,4.002931118186183,0.022435476882015783,2.1860004774332253,3.28585525070757,2.47448697534125,1.8319488663642858,-49.7195565389748
2026-04-14T12:26:45.343,4.003497600763893,4.005257368401132,4.003959179160546,4.002931118186183,0.022435476882015783,2.1860004774332253,3.28585525070757,2.47448697534125,1.8319488663642858,-49.7195565389748
2026-04-14T12:26:45.452,4.003497600763893,4.005257368401132,4.003959179160546,4.002931118186183,0.022435476882015783,2.1860004774332253,3.28585525070757,2.47448697534125,1.8319488663642858,-49.7195565389748
2026-04-14T12:26:45.560,4.003447771277891,4.005359649977663,4.004457474020569,4.003513336391052,0.02715061150413495,2.154857048681791,3.349781236039462,2.785921262855595,2.1958352444073626,-49.66061735619831
2026-04-14T12:26:45.670,4.003447771277891,4.005359649977663,4.004457474020569,4.003513336391052,0.02715061150413495,2.154857048681791,3.349781236039462,2.785921262855595,2.1958352444073626,-49.66061735619831
2026-04-14T12:26:45.778,4.003447771277891,4.005359649977663,4.004457474020569,4.003513336391052,0.02715061150413495,2.154857048681791,3.349781236039462,2.785921262855595,2.1958352444073626,-49.66061735619831
2026-04-14T12:26:45.902,4.003893614047386,4.005291462259976,4.004237175240348,4.003146171757351,0.0214496303612348,2.4335087796162336,3.3071639124848673,2.648234525217674,1.966357348344161,-49.73187962048456
2026-04-14T12:26:45.997,4.003893614047386,4.005291462259976,4.004237175240348,4.003146171757351,0.0214496303612348,2.4335087796162336,3.3071639124848673,2.648234525217674,1.966357348344161,-49.73187962048456
2026-04-14T12:26:46.107,4.003893614047386,4.005291462259976,4.004237175240348,4.003146171757351,0.0214496303612348,2.4335087796162336,3.3071639124848673,2.648234525217674,1.966357348344161,-49.73187962048456
2026-04-14T12:26:46.216,4.003788709866328,4.0051577094291275,4.003974914787705,4.003791332470854,0.021599001046201615,2.3679436664547637,3.223568393204701,2.4843217423153874,2.3695827942837866,-49.73001248692248
2026-04-14T12:26:46.326,4.003788709866328,4.0051577094291275,4.003974914787705,4.003791332470854,0.021599001046201615,2.3679436664547637,3.223568393204701,2.4843217423153874,2.3695827942837866,-49.73001248692248
2026-04-14T12:26:46.435,4.003788709866328,4.0051577094291275,4.003974914787705,4.003791332470854,0.021599001046201615,2.3679436664547637,3.223568393204701,2.4843217423153874,2.3695827942837866,-49.73001248692248
2026-04-14T12:26:46.544,4.003935575719808,4.004989862739436,4.003922462697176,4.003670692662638,0.03502244660188616,2.4597348248800444,3.1186642121472374,2.45153918573493,2.2941829141487347,-49.56221941747642
2026-04-14T12:26:46.654,4.003935575719808,4.004989862739436,4.003922462697176,4.003670692662638,0.03502244660188616,2.4597348248800444,3.1186642121472374,2.45153918573493,2.2941829141487347,-49.56221941747642
2026-04-14T12:26:46.764,4.003935575719808,4.004989862739436,4.003922462697176,4.003670692662638,0.03502244660188616,2.4597348248800444,3.1186642121472374,2.45153918573493,2.2941829141487347,-49.56221941747642
2026-04-14T12:26:46.873,4.004465341834148,4.004950523671539,4.004189968358872,4.003725767357693,0.025263561850720838,2.7908386463426638,3.0940772947118944,2.6187302242952626,2.328604598558215,-49.68420547686599
2026-04-14T12:26:46.982,4.004465341834148,4.004950523671539,4.004189968358872,4.003725767357693,0.025263561850720838,2.7908386463426638,3.0940772947118944,2.6187302242952626,2.328604598558215,-49.68420547686599
2026-04-14T12:26:47.092,4.004465341834148,4.004950523671539,4.004189968358872,4.003725767357693,0.025263561850720838,2.7908386463426638,3.0940772947118944,2.6187302242952626,2.328604598558215,-49.68420547686599
2026-04-14T12:26:47.215,4.003723144753167,4.005267858819238,4.0044784548567804,4.003982782601284,0.039050476073157966,2.326965470729192,3.2924117620236615,2.799034285487778,2.489239125802456,-49.511869049085526
2026-04-14T12:26:47.310,4.003723144753167,4.005267858819238,4.0044784548567804,4.003982782601284,0.039050476073157966,2.326965470729192,3.2924117620236615,2.799034285487778,2.489239125802456,-49.511869049085526
2026-04-14T12:26:47.433,4.003723144753167,4.005267858819238,4.0044784548567804,4.003982782601284,0.039050476073157966,2.326965470729192,3.2924117620236615,2.799034285487778,2.489239125802456,-49.511869049085526
2026-04-14T12:26:47.543,4.004016876460128,4.0051996711015505,4.003712654335061,4.003353357514939,0.026757268700389,2.5105477875797533,3.249794438469067,2.3204089594131005,2.0958484468369676,-49.66553414124514
2026-04-14T12:26:47.651,4.004016876460128,4.0051996711015505,4.003712654335061,4.003353357514939,0.026757268700389,2.5105477875797533,3.249794438469067,2.3204089594131005,2.0958484468369676,-49.66553414124514
2026-04-14T12:26:47.760,4.004016876460128,4.0051996711015505,4.003712654335061,4.003353357514939,0.026757268700389,2.5105477875797533,3.249794438469067,2.3204089594131005,2.0958484468369676,-49.66553414124514
2026-04-14T12:26:47.867,4.003363847933045,4.0052416327739735,4.004197836172452,4.003426790441679,0.022505183201666966,2.102404958153059,3.276020483733433,2.623647607782331,2.141744026049608,-49.718685209979164
2026-04-14T12:26:47.977,4.003363847933045,4.0052416327739735,4.004197836172452,4.003426790441679,0.022505183201666966,2.102404958153059,3.276020483733433,2.623647607782331,2.141744026049608,-49.718685209979164
2026-04-14T12:26:48.085,4.003363847933045,4.0052416327739735,4.004197836172452,4.003426790441679,0.022505183201666966,2.102404958153059,3.276020483733433,2.623647607782331,2.141744026049608,-49.718685209979164
2026-04-14T12:26:48.194,4.004155874500029,4.005577326153357,4.004001140832969,4.003531694622737,0.031118892701420032,2.5974215625179653,3.48582884584836,2.500713020605616,2.2073091392105226,-49.61101384123225
2026-04-14T12:26:48.302,4.004155874500029,4.005577326153357,4.004001140832969,4.003531694622737,0.031118892701420032,2.5974215625179653,3.48582884584836,2.500713020605616,2.2073091392105226,-49.61101384123225
2026-04-14T12:26:48.411,4.004155874500029,4.005577326153357,4.004001140832969,4.003531694622737,0.031118892701420032,2.5974215625179653,3.48582884584836,2.500713020605616,2.2073091392105226,-49.61101384123225
2026-04-14T12:26:48.521,4.003434658255259,4.005640268661992,4.0040640833416035,4.0034399034643116,0.027160569549799403,2.1466614095366765,3.525167913744909,2.540052088502165,2.1499396651947222,-49.6604928806275
2026-04-14T12:26:48.645,4.003434658255259,4.005640268661992,4.0040640833416035,4.0034399034643116,0.027160569549799403,2.1466614095366765,3.525167913744909,2.540052088502165,2.1499396651947222,-49.6604928806275
2026-04-14T12:26:48.740,4.003434658255259,4.005640268661992,4.0040640833416035,4.0034399034643116,0.027160569549799403,2.1466614095366765,3.525167913744909,2.540052088502165,2.1499396651947222,-49.6604928806275
2026-04-14T12:26:48.848,4.003657579640006,4.005475044576826,4.003723144753167,4.0038359167478035,0.02659793996975773,2.2859872750036203,3.421902860516468,2.326965470729192,2.3974479673771754,-49.667525750378026
2026-04-14T12:26:48.958,4.003657579640006,4.005475044576826,4.003723144753167,4.0038359167478035,0.02659793996975773,2.2859872750036203,3.421902860516468,2.326965470729192,2.3974479673771754,-49.667525750378026
2026-04-14T12:26:49.067,4.003657579640006,4.005475044576826,4.003723144753167,4.0038359167478035,0.02659793996975773,2.2859872750036203,3.421902860516468,2.326965470729192,2.3974479673771754,-49.667525750378026
2026-04-14T12:26:49.177,4.003762483821063,4.005357027373137,4.004263401285613,4.00353693983179,0.021753350754000658,2.351552388164535,3.348142108210439,2.664625803507903,2.2105873948685684,-49.72808311557499
2026-04-14T12:26:49.285,4.003762483821063,4.005357027373137,4.004263401285613,4.00353693983179,0.021753350754000658,2.351552388164535,3.348142108210439,2.664625803507903,2.2105873948685684,-49.72808311557499
2026-04-14T12:26:49.395,4.003762483821063,4.005357027373137,4.004263401285613,4.00353693983179,0.021753350754000658,2.351552388164535,3.348142108210439,2.664625803507903,2.2105873948685684,-49.72808311557499
2026-04-14T12:26:49.504,4.003922462697176,4.005194425892498,4.004153251895502,4.003374338351151,0.022076987238095425,2.45153918573493,3.246516182811021,2.5957824346889424,2.1089614694691505,-49.72403765952381
2026-04-14T12:26:49.612,4.003922462697176,4.005194425892498,4.004153251895502,4.003374338351151,0.022076987238095425,2.45153918573493,3.246516182811021,2.5957824346889424,2.1089614694691505,-49.72403765952381
2026-04-14T12:26:49.719,4.003922462697176,4.005194425892498,4.004153251895502,4.003374338351151,0.022076987238095425,2.45153918573493,3.246516182811021,2.5957824346889424,2.1089614694691505,-49.72403765952381
2026-04-14T12:26:49.831,4.003717899544114,4.005236387564921,4.003788709866328,4.003424167837153,0.02987413699336323,2.3236872150711463,3.272742228075387,2.3679436664547637,2.140104898220585,-49.62657328758296
2026-04-14T12:26:49.940,4.003717899544114,4.005236387564921,4.003788709866328,4.003424167837153,0.02987413699336323,2.3236872150711463,3.272742228075387,2.3679436664547637,2.140104898220585,-49.62657328758296
2026-04-14T12:26:50.049,4.003717899544114,4.005236387564921,4.003788709866328,4.003424167837153,0.02987413699336323,2.3236872150711463,3.272742228075387,2.3679436664547637,2.140104898220585,-49.62657328758296
2026-04-14T12:26:50.158,4.003678560476217,4.0057005885661,4.0041663649181345,4.003411054814521,0.03525646067500084,2.2991002976358033,3.5628678538124348,2.6039780738340568,2.1319092590754707,-49.55929424156249
2026-04-14T12:26:50.267,4.003678560476217,4.0057005885661,4.0041663649181345,4.003411054814521,0.03525646067500084,2.2991002976358033,3.5628678538124348,2.6039780738340568,2.1319092590754707,-49.55929424156249
2026-04-14T12:26:50.377,4.003678560476217,4.0057005885661,4.0041663649181345,4.003411054814521,0.03525646067500084,2.2991002976358033,3.5628678538124348,2.6039780738340568,2.1319092590754707,-49.55929424156249
2026-04-14T12:26:50.487,4.003497600763893,4.005286217050923,4.004205703986031,4.003106832689454,0.029749661422557548,2.1860004774332253,3.3038856568268216,2.6285649912694,1.941770430908818,-49.62812923221803
2026-04-14T12:26:50.595,4.003497600763893,4.005286217050923,4.004205703986031,4.003106832689454,0.029749661422557548,2.1860004774332253,3.3038856568268216,2.6285649912694,1.941770430908818,-49.62812923221803
2026-04-14T12:26:50.704,4.003497600763893,4.005286217050923,4.004205703986031,4.003106832689454,0.029749661422557548,2.1860004774332253,3.3038856568268216,2.6285649912694,1.941770430908818,-49.62812923221803
2026-04-14T12:26:50.812,4.003531694622737,4.00520753891513,4.004415512348147,4.003696918707902,0.03814429391769262,2.2073091392105226,3.2547118219561355,2.7596952175917844,2.3105741924389633,-49.52319632602884
2026-04-14T12:26:50.922,4.003531694622737,4.00520753891513,4.004415512348147,4.003696918707902,0.03814429391769262,2.2073091392105226,3.2547118219561355,2.7596952175917844,2.3105741924389633,-49.52319632602884
2026-04-14T12:26:51.030,4.003531694622737,4.00520753891513,4.004415512348147,4.003696918707902,0.03814429391769262,2.2073091392105226,3.2547118219561355,2.7596952175917844,2.3105741924389633,-49.52319632602884
2026-04-14T12:26:51.140,4.003935575719808,4.005745172843049,4.004525661738256,4.003258943751987,0.02005550396821118,2.4597348248800444,3.5907330269058235,2.8285385864101897,2.0368398449921443,-49.749306200397356
2026-04-14T12:26:51.248,4.003935575719808,4.005745172843049,4.004525661738256,4.003258943751987,0.02005550396821118,2.4597348248800444,3.5907330269058235,2.8285385864101897,2.0368398449921443,-49.749306200397356
2026-04-14T12:26:51.356,4.003935575719808,4.005745172843049,4.004525661738256,4.003258943751987,0.02005550396821118,2.4597348248800444,3.5907330269058235,2.8285385864101897,2.0368398449921443,-49.749306200397356
2026-04-14T12:26:51.466,4.003686428289797,4.005309820491661,4.004378795884776,4.003390073978309,0.030471619733230492,2.304017681122872,3.3186378072880274,2.736747427984909,2.1187962364432877,-49.61910475333462
2026-04-14T12:26:51.576,4.003686428289797,4.005309820491661,4.004378795884776,4.003390073978309,0.030471619733230492,2.304017681122872,3.3186378072880274,2.736747427984909,2.1187962364432877,-49.61910475333462
2026-04-14T12:26:51.685,4.003686428289797,4.005309820491661,4.004378795884776,4.003390073978309,0.030471619733230492,2.304017681122872,3.3186378072880274,2.736747427984909,2.1187962364432877,-49.61910475333462
2026-04-14T12:26:51.796,4.003974914787705,4.005498648017564,4.0041663649181345,4.00327205677462,0.027937297111626846,2.4843217423153874,3.436655010977674,2.6039780738340568,2.0450354841372587,-49.65078378610466
2026-04-14T12:26:51.905,4.003974914787705,4.005498648017564,4.0041663649181345,4.00327205677462,0.027937297111626846,2.4843217423153874,3.436655010977674,2.6039780738340568,2.0450354841372587,-49.65078378610466
2026-04-14T12:26:52.014,4.003974914787705,4.005498648017564,4.0041663649181345,4.00327205677462,0.027937297111626846,2.4843217423153874,3.436655010977674,2.6039780738340568,2.0450354841372587,-49.65078378610466
2026-04-14T12:26:52.122,4.00406670594613,4.005396366441033,4.0045597555971,4.00338220616473,0.036028209213996056,2.5416912163311878,3.372729025645782,2.849847248187487,2.113878852956219,-49.54964738482505
2026-04-14T12:26:52.231,4.00406670594613,4.005396366441033,4.0045597555971,4.00338220616473,0.036028209213996056,2.5416912163311878,3.372729025645782,2.849847248187487,2.113878852956219,-49.54964738482505
2026-04-14T12:26:52.343,4.00406670594613,4.005396366441033,4.0045597555971,4.00338220616473,0.036028209213996056,2.5416912163311878,3.372729025645782,2.849847248187487,2.113878852956219,-49.54964738482505
2026-04-14T12:26:52.450,4.0039985182284425,4.0052442553785,4.004255533472033,4.003508091181999,0.03574938393539133,2.499073892776593,3.2776596115624557,2.6597084200208343,2.192556988749317,-49.55313270080761
2026-04-14T12:26:52.559,4.0039985182284425,4.0052442553785,4.004255533472033,4.003508091181999,0.03574938393539133,2.499073892776593,3.2776596115624557,2.6597084200208343,2.192556988749317,-49.55313270080761
2026-04-14T12:26:52.684,4.0039985182284425,4.0052442553785,4.004255533472033,4.003508091181999,0.03574938393539133,2.499073892776593,3.2776596115624557,2.6597084200208343,2.192556988749317,-49.55313270080761
2026-04-14T12:26:52.791,4.00383853935233,4.005275726632817,4.004782676981847,4.003723144753167,0.03324991447361327,2.3990870952061982,3.29732914551073,2.989173113654431,2.326965470729192,-49.58437606907983
2026-04-14T12:26:52.901,4.00383853935233,4.005275726632817,4.004782676981847,4.003723144753167,0.03324991447361327,2.3990870952061982,3.29732914551073,2.989173113654431,2.326965470729192,-49.58437606907983
2026-04-14T12:26:53.008,4.00383853935233,4.005275726632817,4.004782676981847,4.003723144753167,0.03324991447361327,2.3990870952061982,3.29732914551073,2.989173113654431,2.326965470729192,-49.58437606907983
2026-04-14T12:26:53.119,4.004098177200447,4.005218029333236,4.004197836172452,4.004646301546472,0.034688852072126936,2.561360750279462,3.261268333272227,2.623647607782331,2.9039384665452417,-49.56638934909841
2026-04-14T12:26:53.226,4.004098177200447,4.005218029333236,4.004197836172452,4.004646301546472,0.034688852072126936,2.561360750279462,3.261268333272227,2.623647607782331,2.9039384665452417,-49.56638934909841
2026-04-14T12:26:53.337,4.004098177200447,4.005218029333236,4.004197836172452,4.004646301546472,0.034688852072126936,2.561360750279462,3.261268333272227,2.623647607782331,2.9039384665452417,-49.56638934909841
2026-04-14T12:26:53.445,4.00361037275853,4.004690885823422,4.004549265178995,4.003550052854422,0.040748322858947444,2.2564829740812087,2.9318036396386304,2.8432907368719507,2.2187830340136827,-49.49064596426316
2026-04-14T12:26:53.553,4.00361037275853,4.004690885823422,4.004549265178995,4.003550052854422,0.040748322858947444,2.2564829740812087,2.9318036396386304,2.8432907368719507,2.2187830340136827,-49.49064596426316
2026-04-14T12:26:53.663,4.00361037275853,4.004690885823422,4.004549265178995,4.003550052854422,0.040748322858947444,2.2564829740812087,2.9318036396386304,2.8432907368719507,2.2187830340136827,-49.49064596426316
2026-04-14T12:26:53.772,4.004297495144456,4.004950523671539,4.0044784548567804,4.003641844012847,0.03375279577966822,2.6859344652852,3.0940772947118944,2.799034285487778,2.276152508029483,-49.57809005275415
2026-04-14T12:26:53.880,4.004297495144456,4.004950523671539,4.0044784548567804,4.003641844012847,0.03375279577966822,2.6859344652852,3.0940772947118944,2.799034285487778,2.276152508029483,-49.57809005275415
2026-04-14T12:26:53.990,4.004297495144456,4.004950523671539,4.0044784548567804,4.003641844012847,0.03375279577966822,2.6859344652852,3.0940772947118944,2.799034285487778,2.276152508029483,-49.57809005275415
2026-04-14T12:26:54.100,4.004179477940767,4.0052835944463965,4.0042502882629805,4.003167152593562,0.030685717715016266,2.612173712979171,3.3022465289977987,2.6564301643627886,1.979470370976344,-49.616428528562295
2026-04-14T12:26:54.209,4.004179477940767,4.0052835944463965,4.0042502882629805,4.003167152593562,0.030685717715016266,2.612173712979171,3.3022465289977987,2.6564301643627886,1.979470370976344,-49.616428528562295
2026-04-14T12:26:54.319,4.004179477940767,4.0052835944463965,4.0042502882629805,4.003167152593562,0.030685717715016266,2.612173712979171,3.3022465289977987,2.6564301643627886,1.979470370976344,-49.616428528562295
2026-04-14T12:26:54.427,4.003922462697176,4.004871845535746,4.004195213567925,4.003822803725171,0.0422221136172867,2.45153918573493,3.0449034598412084,2.6220084799533083,2.389252328232061,-49.472223579783915
2026-04-14T12:26:54.537,4.003922462697176,4.004871845535746,4.004195213567925,4.003822803725171,0.0422221136172867,2.45153918573493,3.0449034598412084,2.6220084799533083,2.389252328232061,-49.472223579783915
2026-04-14T12:26:54.646,4.003922462697176,4.004871845535746,4.004195213567925,4.003822803725171,0.0422221136172867,2.45153918573493,3.0449034598412084,2.6220084799533083,2.389252328232061,-49.472223579783915
2026-04-14T12:26:54.755,4.004344702025932,4.0053386691414525,4.004452228811516,4.003731012566746,0.042859428539811784,2.715438766207612,3.336668213407834,2.7826430071975494,2.3318828542162606,-49.464257143252354
2026-04-14T12:26:54.864,4.004344702025932,4.0053386691414525,4.004452228811516,4.003731012566746,0.042859428539811784,2.715438766207612,3.336668213407834,2.7826430071975494,2.3318828542162606,-49.464257143252354
2026-04-14T12:26:54.974,4.004344702025932,4.0053386691414525,4.004452228811516,4.003731012566746,0.042859428539811784,2.715438766207612,3.336668213407834,2.7826430071975494,2.3318828542162606,-49.464257143252354
2026-04-14T12:26:55.083,4.00372838996222,4.004856109908587,4.004740715309424,4.003437280859785,0.04196818345284311,2.3302437263872378,3.035068692867071,2.962947068390065,2.1483005373656994,-49.475397706839466
2026-04-14T12:26:55.193,4.00372838996222,4.004856109908587,4.004740715309424,4.003437280859785,0.04196818345284311,2.3302437263872378,3.035068692867071,2.962947068390065,2.1483005373656994,-49.475397706839466
2026-04-14T12:26:55.303,4.00372838996222,4.004856109908587,4.004740715309424,4.003437280859785,0.04196818345284311,2.3302437263872378,3.035068692867071,2.962947068390065,2.1483005373656994,-49.475397706839466
2026-04-14T12:26:55.412,4.004003763437495,4.00516295463818,4.0047249796822655,4.003935575719808,0.030840067422815306,2.502352148434639,3.2268466488627467,2.9531123014159277,2.4597348248800444,-49.61449915721481
2026-04-14T12:26:55.521,4.004003763437495,4.00516295463818,4.0047249796822655,4.003935575719808,0.030840067422815306,2.502352148434639,3.2268466488627467,2.9531123014159277,2.4597348248800444,-49.61449915721481
2026-04-14T12:26:55.628,4.004003763437495,4.00516295463818,4.0047249796822655,4.003935575719808,0.030840067422815306,2.502352148434639,3.2268466488627467,2.9531123014159277,2.4597348248800444,-49.61449915721481
2026-04-14T12:26:55.737,4.003909349674544,4.005123615570284,4.003851652374962,4.003513336391052,0.036376740812251965,2.4433435465898157,3.2022597314274037,2.4072827343513126,2.1958352444073626,-49.54529073984685
2026-04-14T12:26:55.848,4.003909349674544,4.005123615570284,4.003851652374962,4.003513336391052,0.036376740812251965,2.4433435465898157,3.2022597314274037,2.4072827343513126,2.1958352444073626,-49.54529073984685
2026-04-14T12:26:55.957,4.003909349674544,4.005123615570284,4.003851652374962,4.003513336391052,0.036376740812251965,2.4433435465898157,3.2022597314274037,2.4072827343513126,2.1958352444073626,-49.54529073984685
2026-04-14T12:26:56.068,4.004137516268344,4.004992485343962,4.003804445493486,4.003749370798431,0.029037661157549056,2.585947667714805,3.1203033399762603,2.377778433428901,2.3433567490194207,-49.63702923553064
2026-04-14T12:26:56.176,4.004137516268344,4.004992485343962,4.003804445493486,4.003749370798431,0.029037661157549056,2.585947667714805,3.1203033399762603,2.377778433428901,2.3433567490194207,-49.63702923553064
2026-04-14T12:26:56.285,4.004137516268344,4.004992485343962,4.003804445493486,4.003749370798431,0.029037661157549056,2.585947667714805,3.1203033399762603,2.377778433428901,2.3433567490194207,-49.63702923553064
2026-04-14T12:26:56.393,4.004048347714445,4.004822016049744,4.004328966398774,4.0033795835602035,0.032627536619584875,2.5302173215280277,3.013760031089774,2.7056039992334746,2.1122397251271963,-49.59215579225519
2026-04-14T12:26:56.502,4.004048347714445,4.004822016049744,4.004328966398774,4.0033795835602035,0.032627536619584875,2.5302173215280277,3.013760031089774,2.7056039992334746,2.1122397251271963,-49.59215579225519
2026-04-14T12:26:56.611,4.004048347714445,4.004822016049744,4.004328966398774,4.0033795835602035,0.032627536619584875,2.5302173215280277,3.013760031089774,2.7056039992334746,2.1122397251271963,-49.59215579225519
2026-04-14T12:26:56.721,4.003969669578652,4.005393743836507,4.004635811128367,4.00380182288896,0.03024756370578027,2.4810434866573416,3.371089897816759,2.89738195522915,2.376139305599878,-49.62190545367775
2026-04-14T12:26:56.828,4.003969669578652,4.005393743836507,4.004635811128367,4.00380182288896,0.03024756370578027,2.4810434866573416,3.371089897816759,2.89738195522915,2.376139305599878,-49.62190545367775
2026-04-14T12:26:56.939,4.003969669578652,4.005393743836507,4.004635811128367,4.00380182288896,0.03024756370578027,2.4810434866573416,3.371089897816759,2.89738195522915,2.376139305599878,-49.62190545367775
2026-04-14T12:26:57.048,4.004452228811516,4.005517006249249,4.003995895623916,4.0035238268091575,0.028016961476942482,2.7826430071975494,3.448128905780834,2.4974347649475703,2.202391755723454,-49.64978798153822
2026-04-14T12:26:57.156,4.004452228811516,4.005517006249249,4.003995895623916,4.0035238268091575,0.028016961476942482,2.7826430071975494,3.448128905780834,2.4974347649475703,2.202391755723454,-49.64978798153822
2026-04-14T12:26:57.265,4.004452228811516,4.005517006249249,4.003995895623916,4.0035238268091575,0.028016961476942482,2.7826430071975494,3.448128905780834,2.4974347649475703,2.202391755723454,-49.64978798153822
2026-04-14T12:26:57.391,4.0033192636560955,4.005149841615548,4.0038962366519115,4.004108667618553,0.030855004491311986,2.0745397850596703,3.2186510097176324,2.4351479074447013,2.5679172615955537,-49.6143124438586
2026-04-14T12:26:57.484,4.0033192636560955,4.005149841615548,4.0038962366519115,4.004108667618553,0.030855004491311986,2.0745397850596703,3.2186510097176324,2.4351479074447013,2.5679172615955537,-49.6143124438586
2026-04-14T12:26:57.592,4.0033192636560955,4.005149841615548,4.0038962366519115,4.004108667618553,0.030855004491311986,2.0745397850596703,3.2186510097176324,2.4351479074447013,2.5679172615955537,-49.6143124438586
2026-04-14T12:26:57.700,4.004216194404137,4.005141973801969,4.004074573759709,4.003673315267164,0.02825595457288939,2.6351215025854913,3.213733626230564,2.5466085998182564,2.2958220419777575,-49.64680056783888
2026-04-14T12:26:57.824,4.004216194404137,4.005141973801969,4.004074573759709,4.003673315267164,0.02825595457288939,2.6351215025854913,3.213733626230564,2.5466085998182564,2.2958220419777575,-49.64680056783888
2026-04-14T12:26:57.932,4.004216194404137,4.005141973801969,4.004074573759709,4.003673315267164,0.02825595457288939,2.6351215025854913,3.213733626230564,2.5466085998182564,2.2958220419777575,-49.64680056783888
2026-04-14T12:26:58.040,4.004069328550656,4.00554585489904,4.00414800668645,4.003489732950314,0.02154921081787934,2.5433303441602106,3.4661593119000855,2.592504179031452,2.1810830939461567,-49.730634864776505
2026-04-14T12:26:58.150,4.004069328550656,4.00554585489904,4.00414800668645,4.003489732950314,0.02154921081787934,2.5433303441602106,3.4661593119000855,2.592504179031452,2.1810830939461567,-49.730634864776505
2026-04-14T12:26:58.258,4.004069328550656,4.00554585489904,4.00414800668645,4.003489732950314,0.02154921081787934,2.5433303441602106,3.4661593119000855,2.592504179031452,2.1810830939461567,-49.730634864776505
2026-04-14T12:26:58.367,4.0036470892219,4.005333423932399,4.0036916734988495,4.0038542749794885,0.023067812781708642,2.279430763687529,3.333389957749233,2.3072959367809176,2.4089218621803354,-49.71165234022864
2026-04-14T12:26:58.476,4.0036470892219,4.005333423932399,4.0036916734988495,4.0038542749794885,0.023067812781708642,2.279430763687529,3.333389957749233,2.3072959367809176,2.4089218621803354,-49.71165234022864
2026-04-14T12:26:58.585,4.0036470892219,4.005333423932399,4.0036916734988495,4.0038542749794885,0.023067812781708642,2.279430763687529,3.333389957749233,2.3072959367809176,2.4089218621803354,-49.71165234022864
2026-04-14T12:26:58.694,4.003870010606647,4.005231142355868,4.004187345754346,4.0030491353898725,0.023749938909723767,2.4187566291544726,3.2694639724173413,2.6170910964662397,1.9057096186703149,-49.70312576362845
2026-04-14T12:26:58.803,4.003870010606647,4.005231142355868,4.004187345754346,4.0030491353898725,0.023749938909723767,2.4187566291544726,3.2694639724173413,2.6170910964662397,1.9057096186703149,-49.70312576362845
2026-04-14T12:26:58.911,4.003870010606647,4.005231142355868,4.004187345754346,4.0030491353898725,0.023749938909723767,2.4187566291544726,3.2694639724173413,2.6170910964662397,1.9057096186703149,-49.70312576362845
2026-04-14T12:26:59.020,4.003534317227263,4.00562715563936,4.004465341834148,4.003943443533387,0.007458576202676353,2.2089482670395455,3.5169722745997944,2.7908386463426638,2.464652208367113,-49.90676779746654
2026-04-14T12:26:59.130,4.003534317227263,4.00562715563936,4.004465341834148,4.003943443533387,0.007458576202676353,2.2089482670395455,3.5169722745997944,2.7908386463426638,2.464652208367113,-49.90676779746654
2026-04-14T12:26:59.239,4.003534317227263,4.00562715563936,4.004465341834148,4.003943443533387,0.007458576202676353,2.2089482670395455,3.5169722745997944,2.7908386463426638,2.464652208367113,-49.90676779746654
2026-04-14T12:26:59.347,4.0036470892219,4.005593061780517,4.004113912827606,4.004092931991394,0.009539807746547325,2.279430763687529,3.4956636128230523,2.5711955172535994,2.5580824946214165,-49.88075240316816
2026-04-14T12:26:59.455,4.0036470892219,4.005593061780517,4.004113912827606,4.004092931991394,0.009539807746547325,2.279430763687529,3.4956636128230523,2.5711955172535994,2.5580824946214165,-49.88075240316816
2026-04-14T12:26:59.565,4.0036470892219,4.005593061780517,4.004113912827606,4.004092931991394,0.009539807746547325,2.279430763687529,3.4956636128230523,2.5711955172535994,2.5580824946214165,-49.88075240316816
2026-04-14T12:26:59.673,4.004761696145636,4.005721569402311,4.0042214396131905,4.00353693983179,0.012178689847627744,2.976060091022248,3.5759808764446177,2.638399758244092,2.2105873948685684,-49.84776637690465
2026-04-14T12:26:59.782,4.004761696145636,4.005721569402311,4.0042214396131905,4.00353693983179,0.012178689847627744,2.976060091022248,3.5759808764446177,2.638399758244092,2.2105873948685684,-49.84776637690465
2026-04-14T12:26:59.893,4.004761696145636,4.005721569402311,4.0042214396131905,4.00353693983179,0.012178689847627744,2.976060091022248,3.5759808764446177,2.638399758244092,2.2105873948685684,-49.84776637690465
2026-04-14T12:27:00.004,4.0042214396131905,4.0053858760229275,4.004565000806153,4.003544807645369,0.011167948212685621,2.638399758244092,3.3661725143296906,2.8531255038455328,2.215504778355637,-49.86040064734143
2026-04-14T12:27:00.115,4.0042214396131905,4.0053858760229275,4.004565000806153,4.003544807645369,0.011167948212685621,2.638399758244092,3.3661725143296906,2.8531255038455328,2.215504778355637,-49.86040064734143
2026-04-14T12:27:00.224,4.0042214396131905,4.0053858760229275,4.004565000806153,4.003544807645369,0.011167948212685621,2.638399758244092,3.3661725143296906,2.8531255038455328,2.215504778355637,-49.86040064734143
2026-04-14T12:27:00.334,4.003411054814521,4.00550913843567,4.004475832252255,4.003754616007484,0.008713289956397608,2.1319092590754707,3.4432115222937654,2.7973951576593103,2.3466350046774664,-49.89108387554503
2026-04-14T12:27:00.445,4.003411054814521,4.00550913843567,4.004475832252255,4.003754616007484,0.008713289956397608,2.1319092590754707,3.4432115222937654,2.7973951576593103,2.3466350046774664,-49.89108387554503
2026-04-14T12:27:00.555,4.003411054814521,4.00550913843567,4.004475832252255,4.003754616007484,0.008713289956397608,2.1319092590754707,3.4432115222937654,2.7973951576593103,2.3466350046774664,-49.89108387554503
2026-04-14T12:27:00.664,4.004326343794247,4.005204916310604,4.004161119709082,4.003413677419047,0.00861868852258529,2.7039648714044517,3.2530726941276678,2.600699818176011,2.1335483869044936,-49.89226639346768
2026-04-14T12:27:00.772,4.004326343794247,4.005204916310604,4.004161119709082,4.003413677419047,0.00861868852258529,2.7039648714044517,3.2530726941276678,2.600699818176011,2.1335483869044936,-49.89226639346768
2026-04-14T12:27:00.881,4.004326343794247,4.005204916310604,4.004161119709082,4.003413677419047,0.00861868852258529,2.7039648714044517,3.2530726941276678,2.600699818176011,2.1335483869044936,-49.89226639346768
2026-04-14T12:27:00.990,4.004273891703718,4.005419969881771,4.004567623410679,4.003453016486944,0.015554467327877788,2.6711823148239944,3.387481176106988,2.8547646316745556,2.1581353043398366,-49.80556915840153
2026-04-14T12:27:01.100,4.004273891703718,4.005419969881771,4.004567623410679,4.003453016486944,0.015554467327877788,2.6711823148239944,3.387481176106988,2.8547646316745556,2.1581353043398366,-49.80556915840153
2026-04-14T12:27:01.207,4.004273891703718,4.005419969881771,4.004567623410679,4.003453016486944,0.015554467327877788,2.6711823148239944,3.387481176106988,2.8547646316745556,2.1581353043398366,-49.80556915840153
2026-04-14T12:27:01.316,4.004326343794247,4.005194425892498,4.004384041093829,4.003526449413684,0.015489740031058836,2.7039648714044517,3.246516182811021,2.740025683642955,2.204030883552477,-49.80637824961177
2026-04-14T12:27:01.424,4.004326343794247,4.005194425892498,4.004384041093829,4.003526449413684,0.015489740031058836,2.7039648714044517,3.246516182811021,2.740025683642955,2.204030883552477,-49.80637824961177
2026-04-14T12:27:01.533,4.004326343794247,4.005194425892498,4.004384041093829,4.003526449413684,0.015489740031058836,2.7039648714044517,3.246516182811021,2.740025683642955,2.204030883552477,-49.80637824961177
2026-04-14T12:27:01.643,4.003731012566746,4.005378008209348,4.004391908907408,4.003390073978309,0.029122304545696923,2.3318828542162606,3.361255130842622,2.7449430671300235,2.1187962364432877,-49.63597119317879
2026-04-14T12:27:01.753,4.003731012566746,4.005378008209348,4.004391908907408,4.003390073978309,0.029122304545696923,2.3318828542162606,3.361255130842622,2.7449430671300235,2.1187962364432877,-49.63597119317879
2026-04-14T12:27:01.862,4.003731012566746,4.005378008209348,4.004391908907408,4.003390073978309,0.029122304545696923,2.3318828542162606,3.361255130842622,2.7449430671300235,2.1187962364432877,-49.63597119317879
2026-04-14T12:27:01.972,4.004279136912771,4.005336046536925,4.004092931991394,4.003940820928861,0.02100151830633435,2.67446057048204,3.335029085578256,2.5580824946214165,2.46301308053809,-49.73748102117082
2026-04-14T12:27:02.081,4.004279136912771,4.005336046536925,4.004092931991394,4.003940820928861,0.02100151830633435,2.67446057048204,3.335029085578256,2.5580824946214165,2.46301308053809,-49.73748102117082
2026-04-14T12:27:02.190,4.004279136912771,4.005336046536925,4.004092931991394,4.003940820928861,0.02100151830633435,2.67446057048204,3.335029085578256,2.5580824946214165,2.46301308053809,-49.73748102117082
2026-04-14T12:27:02.300,4.004061460737077,4.005357027373137,4.004127025850238,4.003946066137914,0.01845225861623402,2.538412960673142,3.348142108210439,2.5793911563987137,2.466291336196136,-49.76934676729707
2026-04-14T12:27:02.423,4.004061460737077,4.005357027373137,4.004127025850238,4.003946066137914,0.01845225861623402,2.538412960673142,3.348142108210439,2.5793911563987137,2.466291336196136,-49.76934676729707
2026-04-14T12:27:02.516,4.004061460737077,4.005357027373137,4.004127025850238,4.003946066137914,0.01845225861623402,2.538412960673142,3.348142108210439,2.5793911563987137,2.466291336196136,-49.76934676729707
2026-04-14T12:27:02.627,4.003589391922318,4.005718946797785,4.004087686782342,4.003626108385689,0.02444700210623558,2.2433699514490257,3.574341748615595,2.554804238963926,2.266317741055901,-49.69441247367206
2026-04-14T12:27:02.734,4.003589391922318,4.005718946797785,4.004087686782342,4.003626108385689,0.02444700210623558,2.2433699514490257,3.574341748615595,2.554804238963926,2.266317741055901,-49.69441247367206
2026-04-14T12:27:02.846,4.003589391922318,4.005718946797785,4.004087686782342,4.003626108385689,0.02444700210623558,2.2433699514490257,3.574341748615595,2.554804238963926,2.266317741055901,-49.69441247367206
2026-04-14T12:27:02.955,4.003862142793068,4.005729437215891,4.003990650414863,4.003348112305886,0.019263839337887056,2.413839245667404,3.5808982599316863,2.4941565092895246,2.092570191178922,-49.75920200827641
2026-04-14T12:27:03.064,4.003862142793068,4.005729437215891,4.003990650414863,4.003348112305886,0.019263839337887056,2.413839245667404,3.5808982599316863,2.4941565092895246,2.092570191178922,-49.75920200827641
2026-04-14T12:27:03.173,4.003862142793068,4.005729437215891,4.003990650414863,4.003348112305886,0.019263839337887056,2.413839245667404,3.5808982599316863,2.4941565092895246,2.092570191178922,-49.75920200827641
2026-04-14T12:27:03.281,4.0037336351712725,4.005141973801969,4.0042214396131905,4.003731012566746,0.00637812824808305,2.3335219820452835,3.213733626230564,2.638399758244092,2.3318828542162606,-49.92027339689896
2026-04-14T12:27:03.390,4.0037336351712725,4.005141973801969,4.0042214396131905,4.003731012566746,0.00637812824808305,2.3335219820452835,3.213733626230564,2.638399758244092,2.3318828542162606,-49.92027339689896
2026-04-14T12:27:03.497,4.0037336351712725,4.005141973801969,4.0042214396131905,4.003731012566746,0.00637812824808305,2.3335219820452835,3.213733626230564,2.638399758244092,2.3318828542162606,-49.92027339689896
2026-04-14T12:27:03.622,4.003584146713266,4.005273104028291,4.0040640833416035,4.003563165877054,0.005934995216014829,2.24009169579098,3.295690017681707,2.540052088502165,2.226978673158797,-49.925812559799816
2026-04-14T12:27:03.716,4.003584146713266,4.005273104028291,4.0040640833416035,4.003563165877054,0.005934995216014829,2.24009169579098,3.295690017681707,2.540052088502165,2.226978673158797,-49.925812559799816
2026-04-14T12:27:03.826,4.003584146713266,4.005273104028291,4.0040640833416035,4.003563165877054,0.005934995216014829,2.24009169579098,3.295690017681707,2.540052088502165,2.226978673158797,-49.925812559799816
2026-04-14T12:27:03.935,4.003974914787705,4.005173445056286,4.003484487741261,4.003786087261801,0.014827529994372616,2.4843217423153874,3.233403160178838,2.177804838288111,2.366304538625741,-49.81465587507034
2026-04-14T12:27:04.059,4.003974914787705,4.005173445056286,4.003484487741261,4.003786087261801,0.014827529994372616,2.4843217423153874,3.233403160178838,2.177804838288111,2.366304538625741,-49.81465587507034
2026-04-14T12:27:04.168,4.003974914787705,4.005173445056286,4.003484487741261,4.003786087261801,0.014827529994372616,2.4843217423153874,3.233403160178838,2.177804838288111,2.366304538625741,-49.81465587507034
2026-04-14T12:27:04.262,4.003177643011668,4.005490780203985,4.0041244032457115,4.003334999283254,0.018994972104946786,1.9860268822924354,3.4317376274906053,2.577752028569691,2.0843745520338075,-49.76256284868816
2026-04-14T12:27:04.385,4.003177643011668,4.005490780203985,4.0041244032457115,4.003334999283254,0.018994972104946786,1.9860268822924354,3.4317376274906053,2.577752028569691,2.0843745520338075,-49.76256284868816
2026-04-14T12:27:04.493,4.003177643011668,4.005490780203985,4.0041244032457115,4.003334999283254,0.018994972104946786,1.9860268822924354,3.4317376274906053,2.577752028569691,2.0843745520338075,-49.76256284868816
2026-04-14T12:27:04.604,4.003589391922318,4.005231142355868,4.00398540520581,4.003342867096833,0.01573371214983797,2.2433699514490257,3.2694639724173413,2.490878253631479,2.089291935520876,-49.80332859812703
2026-04-14T12:27:04.713,4.003589391922318,4.005231142355868,4.00398540520581,4.003342867096833,0.01573371214983797,2.2433699514490257,3.2694639724173413,2.490878253631479,2.089291935520876,-49.80332859812703
2026-04-14T12:27:04.821,4.003589391922318,4.005231142355868,4.00398540520581,4.003342867096833,0.01573371214983797,2.2433699514490257,3.2694639724173413,2.490878253631479,2.089291935520876,-49.80332859812703
2026-04-14T12:27:04.932,4.0034635069050495,4.005422592486298,4.004098177200447,4.003479242532208,0.019906133283244365,2.164691815655928,3.3891203039360107,2.561360750279462,2.1745265826300653,-49.75117333395945
2026-04-14T12:27:05.040,4.0034635069050495,4.005422592486298,4.004098177200447,4.003479242532208,0.019906133283244365,2.164691815655928,3.3891203039360107,2.561360750279462,2.1745265826300653,-49.75117333395945
2026-04-14T12:27:05.149,4.0034635069050495,4.005422592486298,4.004098177200447,4.003479242532208,0.019906133283244365,2.164691815655928,3.3891203039360107,2.561360750279462,2.1745265826300653,-49.75117333395945
2026-04-14T12:27:05.258,4.003744125589378,4.005501270622091,4.004300117748983,4.003906727070017,0.009544786769379553,2.340078493361375,3.4382941388066968,2.687573593114223,2.441704418760793,-49.88069016538276
2026-04-14T12:27:05.367,4.003744125589378,4.005501270622091,4.004300117748983,4.003906727070017,0.009544786769379553,2.340078493361375,3.4382941388066968,2.687573593114223,2.441704418760793,-49.88069016538276
2026-04-14T12:27:05.477,4.003744125589378,4.005501270622091,4.004300117748983,4.003906727070017,0.009544786769379553,2.340078493361375,3.4382941388066968,2.687573593114223,2.441704418760793,-49.88069016538276
2026-04-14T12:27:05.585,4.0035474302498955,4.005296707469029,4.004111290223079,4.003395319187362,0.019154300835578057,2.21714390618466,3.310442168142913,2.5695563894245765,2.1220744921013335,-49.760571239555276
2026-04-14T12:27:05.695,4.0035474302498955,4.005296707469029,4.004111290223079,4.003395319187362,0.019154300835578057,2.21714390618466,3.310442168142913,2.5695563894245765,2.1220744921013335,-49.760571239555276
2026-04-14T12:27:05.804,4.0035474302498955,4.005296707469029,4.004111290223079,4.003395319187362,0.019154300835578057,2.21714390618466,3.310442168142913,2.5695563894245765,2.1220744921013335,-49.760571239555276
2026-04-14T12:27:05.915,4.003602504944951,4.00584745441958,4.00425815607656,4.003925085301702,0.016376006095195277,2.25156559059414,3.6546590122377154,2.661347547849857,2.453178313563953,-49.79529992381006
2026-04-14T12:27:06.023,4.003602504944951,4.00584745441958,4.00425815607656,4.003925085301702,0.016376006095195277,2.25156559059414,3.6546590122377154,2.661347547849857,2.453178313563953,-49.79529992381006
2026-04-14T12:27:06.132,4.003602504944951,4.00584745441958,4.00425815607656,4.003925085301702,0.016376006095195277,2.25156559059414,3.6546590122377154,2.661347547849857,2.453178313563953,-49.79529992381006
2026-04-14T12:27:06.240,4.003820181120646,4.005322933514293,4.0042502882629805,4.00369954131243,0.014523809601606756,2.3876132004035933,3.3268334464331417,2.6564301643627886,2.3122133202685413,-49.81845237997992
2026-04-14T12:27:06.350,4.003820181120646,4.005322933514293,4.0042502882629805,4.00369954131243,0.014523809601606756,2.3876132004035933,3.3268334464331417,2.6564301643627886,2.3122133202685413,-49.81845237997992
2026-04-14T12:27:06.459,4.003820181120646,4.005322933514293,4.0042502882629805,4.00369954131243,0.014523809601606756,2.3876132004035933,3.3268334464331417,2.6564301643627886,2.3122133202685413,-49.81845237997992
2026-04-14T12:27:06.568,4.0038962366519115,4.0055537227126194,4.00394868874244,4.003568411086107,0.014658243218076891,2.4351479074447013,3.471076695387154,2.4679304640251587,2.230256928816843,-49.81677195977404
2026-04-14T12:27:06.678,4.0038962366519115,4.0055537227126194,4.00394868874244,4.003568411086107,0.014658243218076891,2.4351479074447013,3.471076695387154,2.4679304640251587,2.230256928816843,-49.81677195977404
2026-04-14T12:27:06.786,4.0038962366519115,4.0055537227126194,4.00394868874244,4.003568411086107,0.014658243218076891,2.4351479074447013,3.471076695387154,2.4679304640251587,2.230256928816843,-49.81677195977404
2026-04-14T12:27:06.895,4.0036470892219,4.00561928782578,4.004433870579831,4.0037519934029575,0.018143559200635935,2.279430763687529,3.512054891112726,2.7711691123943893,2.3449958768484436,-49.77320550999205
2026-04-14T12:27:07.005,4.0036470892219,4.00561928782578,4.004433870579831,4.0037519934029575,0.018143559200635935,2.279430763687529,3.512054891112726,2.7711691123943893,2.3449958768484436,-49.77320550999205
2026-04-14T12:27:07.114,4.0036470892219,4.00561928782578,4.004433870579831,4.0037519934029575,0.018143559200635935,2.279430763687529,3.512054891112726,2.7711691123943893,2.3449958768484436,-49.77320550999205
2026-04-14T12:27:07.222,4.003224849893144,4.005270481423764,4.004307985562562,4.0031933786388265,0.01724235606800281,2.015531183214847,3.2940508898526843,2.6924909766012917,1.9958616492665726,-49.784470549149965
2026-04-14T12:27:07.332,4.003224849893144,4.005270481423764,4.004307985562562,4.0031933786388265,0.01724235606800281,2.015531183214847,3.2940508898526843,2.6924909766012917,1.9958616492665726,-49.784470549149965
2026-04-14T12:27:07.441,4.003224849893144,4.005270481423764,4.004307985562562,4.0031933786388265,0.01724235606800281,2.015531183214847,3.2940508898526843,2.6924909766012917,1.9958616492665726,-49.784470549149965
2026-04-14T12:27:07.550,4.003576278899686,4.005401611650086,4.0041663649181345,4.003605127549477,0.019383335885860508,2.2351743123039114,3.3760072813038278,2.6039780738340568,2.253204718423163,-49.757708301426746
2026-04-14T12:27:07.660,4.003576278899686,4.005401611650086,4.0041663649181345,4.003605127549477,0.019383335885860508,2.2351743123039114,3.3760072813038278,2.6039780738340568,2.253204718423163,-49.757708301426746
2026-04-14T12:27:07.769,4.003576278899686,4.005401611650086,4.0041663649181345,4.003605127549477,0.019383335885860508,2.2351743123039114,3.3760072813038278,2.6039780738340568,2.253204718423163,-49.757708301426746
2026-04-14T12:27:07.893,4.003605127549477,4.005522251458302,4.004381418489302,4.003479242532208,0.008155639399188161,2.253204718423163,3.4514071614388797,2.738386555813932,2.1745265826300653,-49.898054507510146
2026-04-14T12:27:07.987,4.003605127549477,4.005522251458302,4.004381418489302,4.003479242532208,0.008155639399188161,2.253204718423163,3.4514071614388797,2.738386555813932,2.1745265826300653,-49.898054507510146
2026-04-14T12:27:08.098,4.003605127549477,4.005522251458302,4.004381418489302,4.003479242532208,0.008155639399188161,2.253204718423163,3.4514071614388797,2.738386555813932,2.1745265826300653,-49.898054507510146
2026-04-14T12:27:08.207,4.003930330510755,4.005579948757884,4.003497600763893,4.003657579640006,0.02502954777760616,2.4564565692219986,3.487467973677383,2.1860004774332253,2.2859872750036203,-49.68713065277992
2026-04-14T12:27:08.316,4.003930330510755,4.005579948757884,4.003497600763893,4.003657579640006,0.02502954777760616,2.4564565692219986,3.487467973677383,2.1860004774332253,2.2859872750036203,-49.68713065277992
2026-04-14T12:27:08.424,4.003930330510755,4.005579948757884,4.003497600763893,4.003657579640006,0.02502954777760616,2.4564565692219986,3.487467973677383,2.1860004774332253,2.2859872750036203,-49.68713065277992
2026-04-14T12:27:08.532,4.003355980119466,4.005724192006838,4.004287004726351,4.003707409126008,0.019174216926906965,2.0974875746659905,3.5776200042736406,2.6793779539691087,2.317130703755055,-49.76032228841366
2026-04-14T12:27:08.641,4.003355980119466,4.005724192006838,4.004287004726351,4.003707409126008,0.019174216926906965,2.0974875746659905,3.5776200042736406,2.6793779539691087,2.317130703755055,-49.76032228841366
2026-04-14T12:27:08.749,4.003355980119466,4.005724192006838,4.004287004726351,4.003707409126008,0.019174216926906965,2.0974875746659905,3.5776200042736406,2.6793779539691087,2.317130703755055,-49.76032228841366
2026-04-14T12:27:08.857,4.004111290223079,4.005252123192079,4.004085064177815,4.0035238268091575,0.026787142837382365,2.5695563894245765,3.2825769950495243,2.553165111134348,2.202391755723454,-49.66516071453272
2026-04-14T12:27:08.966,4.004111290223079,4.005252123192079,4.004085064177815,4.0035238268091575,0.026787142837382365,2.5695563894245765,3.2825769950495243,2.553165111134348,2.202391755723454,-49.66516071453272
2026-04-14T12:27:09.076,4.004111290223079,4.005252123192079,4.004085064177815,4.0035238268091575,0.026787142837382365,2.5695563894245765,3.2825769950495243,2.553165111134348,2.202391755723454,-49.66516071453272
2026-04-14T12:27:09.185,4.00369954131243,4.005183935474392,4.00406670594613,4.00326418896104,0.024735785430504753,2.3122133202685413,3.2399596714949297,2.5416912163311878,2.04011810065019,-49.69080268211869
2026-04-14T12:27:09.294,4.00369954131243,4.005183935474392,4.00406670594613,4.00326418896104,0.024735785430504753,2.3122133202685413,3.2399596714949297,2.5416912163311878,2.04011810065019,-49.69080268211869
2026-04-14T12:27:09.405,4.00369954131243,4.005183935474392,4.00406670594613,4.00326418896104,0.024735785430504753,2.3122133202685413,3.2399596714949297,2.5416912163311878,2.04011810065019,-49.69080268211869
2026-04-14T12:27:09.514,4.003571033690633,4.00535440476861,4.004056215528024,4.004074573759709,0.04570245057701352,2.2318960566458657,3.346502980381416,2.5351347050150963,2.5466085998182564,-49.42871936778733
2026-04-14T12:27:09.623,4.003571033690633,4.00535440476861,4.004056215528024,4.004074573759709,0.04570245057701352,2.2318960566458657,3.346502980381416,2.5351347050150963,2.5466085998182564,-49.42871936778733
2026-04-14T12:27:09.731,4.003571033690633,4.00535440476861,4.004056215528024,4.004074573759709,0.04570245057701352,2.2318960566458657,3.346502980381416,2.5351347050150963,2.5466085998182564,-49.42871936778733
2026-04-14T12:27:09.856,4.003484487741261,4.005422592486298,4.004224062217716,4.0035238268091575,0.03203503290254984,2.177804838288111,3.3891203039360107,2.64003888607256,2.202391755723454,-49.59956208871812
2026-04-14T12:27:09.950,4.003484487741261,4.005422592486298,4.004224062217716,4.0035238268091575,0.03203503290254984,2.177804838288111,3.3891203039360107,2.64003888607256,2.202391755723454,-49.59956208871812
2026-04-14T12:27:10.075,4.003484487741261,4.005422592486298,4.004224062217716,4.0035238268091575,0.03203503290254984,2.177804838288111,3.3891203039360107,2.64003888607256,2.202391755723454,-49.59956208871812
2026-04-14T12:27:10.169,4.00350022336842,4.005690098147994,4.003340244492307,4.003274679379146,0.03321506131378769,2.187639605262248,3.5563113424963433,2.0876528076918532,2.0466746119662815,-49.58481173357765
2026-04-14T12:27:10.292,4.00350022336842,4.005690098147994,4.003340244492307,4.003274679379146,0.03321506131378769,2.187639605262248,3.5563113424963433,2.0876528076918532,2.0466746119662815,-49.58481173357765
2026-04-14T12:27:10.390,4.00350022336842,4.005690098147994,4.003340244492307,4.003274679379146,0.03321506131378769,2.187639605262248,3.5563113424963433,2.0876528076918532,2.0466746119662815,-49.58481173357765
2026-04-14T12:27:10.502,4.003487110345787,4.00561928782578,4.003531694622737,4.003521204204631,0.026712457494898954,2.179443966117134,3.512054891112726,2.2073091392105226,2.200752627894431,-49.66609428131376
2026-04-14T12:27:10.612,4.003487110345787,4.00561928782578,4.003531694622737,4.003521204204631,0.026712457494898954,2.179443966117134,3.512054891112726,2.2073091392105226,2.200752627894431,-49.66609428131376
2026-04-14T12:27:10.717,4.003487110345787,4.00561928782578,4.003531694622737,4.003521204204631,0.026712457494898954,2.179443966117134,3.512054891112726,2.2073091392105226,2.200752627894431,-49.66609428131376
2026-04-14T12:27:10.827,4.003408432209994,4.005094766920493,4.004108667618553,4.003786087261801,0.035112069012866245,2.130270131246448,3.184229325308152,2.5679172615955537,2.366304538625741,-49.56109913733917
2026-04-14T12:27:10.938,4.003408432209994,4.005094766920493,4.004108667618553,4.003786087261801,0.035112069012866245,2.130270131246448,3.184229325308152,2.5679172615955537,2.366304538625741,-49.56109913733917
2026-04-14T12:27:11.049,4.003408432209994,4.005094766920493,4.004108667618553,4.003786087261801,0.035112069012866245,2.130270131246448,3.184229325308152,2.5679172615955537,2.366304538625741,-49.56109913733917
2026-04-14T12:27:11.163,4.003796577679907,4.005257368401132,4.003825426329698,4.003597259735898,0.04610077240359169,2.3728610499418323,3.28585525070757,2.390891456061084,2.2482873349360943,-49.4237403449551
2026-04-14T12:27:11.273,4.003796577679907,4.005257368401132,4.003825426329698,4.003597259735898,0.04610077240359169,2.3728610499418323,3.28585525070757,2.390891456061084,2.2482873349360943,-49.4237403449551
2026-04-14T12:27:11.385,4.003796577679907,4.005257368401132,4.003825426329698,4.003597259735898,0.04610077240359169,2.3728610499418323,3.28585525070757,2.390891456061084,2.2482873349360943,-49.4237403449551
2026-04-14T12:27:11.493,4.003872633211174,4.005406856859139,4.004090309386868,4.00350022336842,0.03339928515858009,2.4203957569834955,3.3792855369618735,2.5564433667923936,2.187639605262248,-49.58250893551775
2026-04-14T12:27:11.601,4.003872633211174,4.005406856859139,4.004090309386868,4.00350022336842,0.03339928515858009,2.4203957569834955,3.3792855369618735,2.5564433667923936,2.187639605262248,-49.58250893551775
2026-04-14T12:27:11.711,4.003872633211174,4.005406856859139,4.004090309386868,4.00350022336842,0.03339928515858009,2.4203957569834955,3.3792855369618735,2.5564433667923936,2.187639605262248,-49.58250893551775
2026-04-14T12:27:11.821,4.004113912827606,4.00531768830524,4.003972292183178,4.003243208124829,0.023839561320703858,2.5711955172535994,3.323555190775096,2.4826826144863645,2.027005078018007,-49.7020054834912
2026-04-14T12:27:11.931,4.004113912827606,4.00531768830524,4.003972292183178,4.003243208124829,0.023839561320703858,2.5711955172535994,3.323555190775096,2.4826826144863645,2.027005078018007,-49.7020054834912
2026-04-14T12:27:12.033,4.004113912827606,4.00531768830524,4.003972292183178,4.003243208124829,0.023839561320703858,2.5711955172535994,3.323555190775096,2.4826826144863645,2.027005078018007,-49.7020054834912
2026-04-14T12:27:12.144,4.003890991442859,4.0051813128698655,4.003542185040843,4.003460884300523,0.03893097952518452,2.4318696517866556,3.238320543665907,2.213865650526614,2.163052687826905,-49.51336275593519
2026-04-14T12:27:12.248,4.003890991442859,4.0051813128698655,4.003542185040843,4.003460884300523,0.03893097952518452,2.4318696517866556,3.238320543665907,2.213865650526614,2.163052687826905,-49.51336275593519
2026-04-14T12:27:12.359,4.003890991442859,4.0051813128698655,4.003542185040843,4.003460884300523,0.03893097952518452,2.4318696517866556,3.238320543665907,2.213865650526614,2.163052687826905,-49.51336275593519
2026-04-14T12:27:12.474,4.004182100545293,4.005231142355868,4.0039801599967575,4.0037336351712725,0.03743727267551636,2.613812840808194,3.2694639724173413,2.487599997973433,2.3335219820452835,-49.53203409155604
2026-04-14T12:27:12.583,4.004182100545293,4.005231142355868,4.0039801599967575,4.0037336351712725,0.03743727267551636,2.613812840808194,3.2694639724173413,2.487599997973433,2.3335219820452835,-49.53203409155604
2026-04-14T12:27:12.692,4.004182100545293,4.005231142355868,4.0039801599967575,4.0037336351712725,0.03743727267551636,2.613812840808194,3.2694639724173413,2.487599997973433,2.3335219820452835,-49.53203409155604
2026-04-14T12:27:12.796,4.003783464657275,4.005621910430307,4.004318475980668,4.003636598803794,0.03613276869347282,2.364665410796718,3.5136940189417487,2.699047487917383,2.2728742523714374,-49.54834039133159
2026-04-14T12:27:12.907,4.003783464657275,4.005621910430307,4.004318475980668,4.003636598803794,0.03613276869347282,2.364665410796718,3.5136940189417487,2.699047487917383,2.2728742523714374,-49.54834039133159
2026-04-14T12:27:13.018,4.003783464657275,4.005621910430307,4.004318475980668,4.003636598803794,0.03613276869347282,2.364665410796718,3.5136940189417487,2.699047487917383,2.2728742523714374,-49.54834039133159
2026-04-14T12:27:13.128,4.003526449413684,4.00535440476861,4.0034215452326265,4.003408432209994,0.029097409431535787,2.204030883552477,3.346502980381416,2.138465770391562,2.130270131246448,-49.636282382105804
2026-04-14T12:27:13.238,4.003526449413684,4.00535440476861,4.0034215452326265,4.003408432209994,0.029097409431535787,2.204030883552477,3.346502980381416,2.138465770391562,2.130270131246448,-49.636282382105804
2026-04-14T12:27:13.347,4.003526449413684,4.00535440476861,4.0034215452326265,4.003408432209994,0.029097409431535787,2.204030883552477,3.346502980381416,2.138465770391562,2.130270131246448,-49.636282382105804
2026-04-14T12:27:13.455,4.003327131469675,4.005307197887134,4.004263401285613,4.003870010606647,0.030760403057499674,2.079457168546739,3.3169986794590045,2.664625803507903,2.4187566291544726,-49.61549496178125
2026-04-14T12:27:13.563,4.003327131469675,4.005307197887134,4.004263401285613,4.003870010606647,0.030760403057499674,2.079457168546739,3.3169986794590045,2.664625803507903,2.4187566291544726,-49.61549496178125
2026-04-14T12:27:13.669,4.003327131469675,4.005307197887134,4.004263401285613,4.003870010606647,0.030760403057499674,2.079457168546739,3.3169986794590045,2.664625803507903,2.4187566291544726,-49.61549496178125
2026-04-14T12:27:13.781,4.004048347714445,4.00536227258219,4.003841161956856,4.003888368838332,0.02315743519268873,2.5302173215280277,3.3514203638684847,2.400726223035221,2.4302305239576327,-49.71053206009139
2026-04-14T12:27:13.905,4.004048347714445,4.00536227258219,4.003841161956856,4.003888368838332,0.02315743519268873,2.5302173215280277,3.3514203638684847,2.400726223035221,2.4302305239576327,-49.71053206009139
2026-04-14T12:27:14.001,4.004048347714445,4.00536227258219,4.003841161956856,4.003888368838332,0.02315743519268873,2.5302173215280277,3.3514203638684847,2.400726223035221,2.4302305239576327,-49.71053206009139
2026-04-14T12:27:14.108,4.003592014526845,4.005218029333236,4.004284382121824,4.00352907201821,0.03059111628120395,2.2450090792780486,3.261268333272227,2.677738826140086,2.2056700113814998,-49.61761104648495
2026-04-14T12:27:14.219,4.003592014526845,4.005218029333236,4.004284382121824,4.00352907201821,0.03059111628120395,2.2450090792780486,3.261268333272227,2.677738826140086,2.2056700113814998,-49.61761104648495
2026-04-14T12:27:14.330,4.003592014526845,4.005218029333236,4.004284382121824,4.00352907201821,0.03059111628120395,2.2450090792780486,3.261268333272227,2.677738826140086,2.2056700113814998,-49.61761104648495
2026-04-14T12:27:14.436,4.003686428289797,4.005514383644723,4.0040404799008655,4.003413677419047,0.02716554857263163,2.304017681122872,3.446489777951811,2.525299938040959,2.1335483869044936,-49.66043064284211
2026-04-14T12:27:14.546,4.003686428289797,4.005514383644723,4.0040404799008655,4.003413677419047,0.02716554857263163,2.304017681122872,3.446489777951811,2.525299938040959,2.1335483869044936,-49.66043064284211
2026-04-14T12:27:14.653,4.003686428289797,4.005514383644723,4.0040404799008655,4.003413677419047,0.02716554857263163,2.304017681122872,3.446489777951811,2.525299938040959,2.1335483869044936,-49.66043064284211
2026-04-14T12:27:14.764,4.0043709280711965,4.005558967921672,4.004287004726351,4.0033192636560955,0.030705633806345174,2.7318300444978405,3.4743549510452,2.6793779539691087,2.0745397850596703,-49.61617957742068
2026-04-14T12:27:14.873,4.0043709280711965,4.005558967921672,4.004287004726351,4.0033192636560955,0.030705633806345174,2.7318300444978405,3.4743549510452,2.6793779539691087,2.0745397850596703,-49.61617957742068
2026-04-14T12:27:14.982,4.0043709280711965,4.005558967921672,4.004287004726351,4.0033192636560955,0.030705633806345174,2.7318300444978405,3.4743549510452,2.6793779539691087,2.0745397850596703,-49.61617957742068
2026-04-14T12:27:15.092,4.003675937871691,4.005658626893677,4.0040221216691805,4.003885746233806,0.022101882352256564,2.2974611698067804,3.536641808548069,2.513826043237799,2.42859139612861,-49.72372647059679
2026-04-14T12:27:15.215,4.003675937871691,4.005658626893677,4.0040221216691805,4.003885746233806,0.022101882352256564,2.2974611698067804,3.536641808548069,2.513826043237799,2.42859139612861,-49.72372647059679
2026-04-14T12:27:15.309,4.003675937871691,4.005658626893677,4.0040221216691805,4.003885746233806,0.022101882352256564,2.2974611698067804,3.536641808548069,2.513826043237799,2.42859139612861,-49.72372647059679
2026-04-14T12:27:15.433,4.004095554595921,4.005223274542288,4.004187345754346,4.004189968358872,0.019816510872264277,2.5597216224504393,3.2645465889302727,2.6170910964662397,2.6187302242952626,-49.7522936140967
2026-04-14T12:27:15.536,4.004095554595921,4.005223274542288,4.004187345754346,4.004189968358872,0.019816510872264277,2.5597216224504393,3.2645465889302727,2.6170910964662397,2.6187302242952626,-49.7522936140967
2026-04-14T12:27:15.640,4.004095554595921,4.005223274542288,4.004187345754346,4.004189968358872,0.019816510872264277,2.5597216224504393,3.2645465889302727,2.6170910964662397,2.6187302242952626,-49.7522936140967
2026-04-14T12:27:15.752,4.003783464657275,4.0055720809443045,4.004300117748983,4.003578901504213,0.02154921081787934,2.364665410796718,3.482550590190314,2.687573593114223,2.2368134401329343,-49.730634864776505
2026-04-14T12:27:15.862,4.003783464657275,4.0055720809443045,4.004300117748983,4.003578901504213,0.02154921081787934,2.364665410796718,3.482550590190314,2.687573593114223,2.2368134401329343,-49.730634864776505
2026-04-14T12:27:15.966,4.003783464657275,4.0055720809443045,4.004300117748983,4.003578901504213,0.02154921081787934,2.364665410796718,3.482550590190314,2.687573593114223,2.2368134401329343,-49.730634864776505
2026-04-14T12:27:16.087,4.003670692662638,4.005223274542288,4.003856897584015,4.003851652374962,0.019916091328908817,2.2941829141487347,3.2645465889302727,2.4105609900093583,2.4072827343513126,-49.75104885838864
2026-04-14T12:27:16.197,4.003670692662638,4.005223274542288,4.003856897584015,4.003851652374962,0.019916091328908817,2.2941829141487347,3.2645465889302727,2.4105609900093583,2.4072827343513126,-49.75104885838864
2026-04-14T12:27:16.307,4.003670692662638,4.005223274542288,4.003856897584015,4.003851652374962,0.019916091328908817,2.2941829141487347,3.2645465889302727,2.4105609900093583,2.4072827343513126,-49.75104885838864
2026-04-14T12:27:16.416,4.003256321147461,4.005233764960394,4.004391908907408,4.003544807645369,0.032139592382026606,2.0352007171631215,3.271103100246364,2.7449430671300235,2.215504778355637,-49.59825509522467
2026-04-14T12:27:16.524,4.003256321147461,4.005233764960394,4.004391908907408,4.003544807645369,0.032139592382026606,2.0352007171631215,3.271103100246364,2.7449430671300235,2.215504778355637,-49.59825509522467
2026-04-14T12:27:16.633,4.003256321147461,4.005233764960394,4.004391908907408,4.003544807645369,0.032139592382026606,2.0352007171631215,3.271103100246364,2.7449430671300235,2.215504778355637,-49.59825509522467
2026-04-14T12:27:16.743,4.003494978159367,4.005307197887134,4.003946066137914,4.003243208124829,0.022345854471035695,2.1843613496042025,3.3169986794590045,2.466291336196136,2.027005078018007,-49.72067681911205
2026-04-14T12:27:16.852,4.003494978159367,4.005307197887134,4.003946066137914,4.003243208124829,0.022345854471035695,2.1843613496042025,3.3169986794590045,2.466291336196136,2.027005078018007,-49.72067681911205
2026-04-14T12:27:16.953,4.003494978159367,4.005307197887134,4.003946066137914,4.003243208124829,0.022345854471035695,2.1843613496042025,3.3169986794590045,2.466291336196136,2.027005078018007,-49.72067681911205
2026-04-14T12:27:17.070,4.003927707906229,4.0056140426167275,4.0044128897436195,4.003988027810337,0.02445696015190003,2.4548174413929758,3.50877663545468,2.7580560897622064,2.4925173814605017,-49.69428799810125
2026-04-14T12:27:17.181,4.003927707906229,4.0056140426167275,4.0044128897436195,4.003988027810337,0.02445696015190003,2.4548174413929758,3.50877663545468,2.7580560897622064,2.4925173814605017,-49.69428799810125
2026-04-14T12:27:17.291,4.003927707906229,4.0056140426167275,4.0044128897436195,4.003988027810337,0.02445696015190003,2.4548174413929758,3.50877663545468,2.7580560897622064,2.4925173814605017,-49.69428799810125
2026-04-14T12:27:17.399,4.003479242532208,4.005690098147994,4.00402998948276,4.0034399034643116,0.03558507618192783,2.1745265826300653,3.5563113424963433,2.5187434267248676,2.1499396651947222,-49.5551865477259
2026-04-14T12:27:17.508,4.003479242532208,4.005690098147994,4.00402998948276,4.0034399034643116,0.03558507618192783,2.1745265826300653,3.5563113424963433,2.5187434267248676,2.1499396651947222,-49.5551865477259
2026-04-14T12:27:17.616,4.003479242532208,4.005690098147994,4.00402998948276,4.0034399034643116,0.03558507618192783,2.1745265826300653,3.5563113424963433,2.5187434267248676,2.1499396651947222,-49.5551865477259
2026-04-14T12:27:17.725,4.004027366878234,4.005480289785879,4.003822803725171,4.003859520188541,0.033314641770432224,2.5171042988964,3.425181116174514,2.389252328232061,2.412200117838381,-49.583566977869594
2026-04-14T12:27:17.832,4.004027366878234,4.005480289785879,4.003822803725171,4.003859520188541,0.033314641770432224,2.5171042988964,3.425181116174514,2.389252328232061,2.412200117838381,-49.583566977869594
2026-04-14T12:27:17.940,4.004027366878234,4.005480289785879,4.003822803725171,4.003859520188541,0.033314641770432224,2.5171042988964,3.425181116174514,2.389252328232061,2.412200117838381,-49.583566977869594
2026-04-14T12:27:18.049,4.004289627330877,4.005359649977663,4.003772974239169,4.003510713786525,0.03531122992615534,2.6810170817981316,3.349781236039462,2.3581088994806265,2.1941961165783397,-49.558609625923054
2026-04-14T12:27:18.159,4.004289627330877,4.005359649977663,4.003772974239169,4.003510713786525,0.03531122992615534,2.6810170817981316,3.349781236039462,2.3581088994806265,2.1941961165783397,-49.558609625923054
2026-04-14T12:27:18.270,4.004289627330877,4.005359649977663,4.003772974239169,4.003510713786525,0.03531122992615534,2.6810170817981316,3.349781236039462,2.3581088994806265,2.1941961165783397,-49.558609625923054
2026-04-14T12:27:18.379,4.003922462697176,4.005160332033654,4.004137516268344,4.003995895623916,0.032064907039543206,2.45153918573493,3.225207521033724,2.585947667714805,2.4974347649475703,-49.59918866200571
2026-04-14T12:27:18.487,4.003922462697176,4.005160332033654,4.004137516268344,4.003995895623916,0.032064907039543206,2.45153918573493,3.225207521033724,2.585947667714805,2.4974347649475703,-49.59918866200571
2026-04-14T12:27:18.596,4.003922462697176,4.005160332033654,4.004137516268344,4.003995895623916,0.032064907039543206,2.45153918573493,3.225207521033724,2.585947667714805,2.4974347649475703,-49.59918866200571
2026-04-14T12:27:18.706,4.0038542749794885,4.005267858819238,4.0041847231498195,4.003665447453585,0.03247816593461806,2.4089218621803354,3.2924117620236615,2.615451968637217,2.290904658490689,-49.59402292581727
2026-04-14T12:27:18.815,4.0038542749794885,4.005267858819238,4.0041847231498195,4.003665447453585,0.03247816593461806,2.4089218621803354,3.2924117620236615,2.615451968637217,2.290904658490689,-49.59402292581727
2026-04-14T12:27:18.924,4.0038542749794885,4.005267858819238,4.0041847231498195,4.003665447453585,0.03247816593461806,2.4089218621803354,3.2924117620236615,2.615451968637217,2.290904658490689,-49.59402292581727
2026-04-14T12:27:19.032,4.004071951155183,4.0051393511974425,4.003974914787705,4.0032956602153575,0.02470591129351139,2.5449694719892335,3.212094498401541,2.4843217423153874,2.0597876345984645,-49.69117610883111
2026-04-14T12:27:19.143,4.004071951155183,4.0051393511974425,4.003974914787705,4.0032956602153575,0.02470591129351139,2.5449694719892335,3.212094498401541,2.4843217423153874,2.0597876345984645,-49.69117610883111
2026-04-14T12:27:19.251,4.004071951155183,4.0051393511974425,4.003974914787705,4.0032956602153575,0.02470591129351139,2.5449694719892335,3.212094498401541,2.4843217423153874,2.0597876345984645,-49.69117610883111
2026-04-14T12:27:19.359,4.003460884300523,4.005459308949669,4.004192590963399,4.003371715746625,0.029201968911012555,2.163052687826905,3.412068093542886,2.6203693521242855,2.1073223416406828,-49.63497538861235
2026-04-14T12:27:19.468,4.003460884300523,4.005459308949669,4.004192590963399,4.003371715746625,0.029201968911012555,2.163052687826905,3.412068093542886,2.6203693521242855,2.1073223416406828,-49.63497538861235
2026-04-14T12:27:19.577,4.003460884300523,4.005459308949669,4.004192590963399,4.003371715746625,0.029201968911012555,2.163052687826905,3.412068093542886,2.6203693521242855,2.1073223416406828,-49.63497538861235
2026-04-14T12:27:19.686,4.003741502984852,4.00497937232133,4.004355192444039,4.0035474302498955,0.04123128807367348,2.338439365532352,3.112107700831146,2.7219952775242584,2.21714390618466,-49.48460889907908
2026-04-14T12:27:19.795,4.003741502984852,4.00497937232133,4.004355192444039,4.0035474302498955,0.04123128807367348,2.338439365532352,3.112107700831146,2.7219952775242584,2.21714390618466,-49.48460889907908
2026-04-14T12:27:19.903,4.003741502984852,4.00497937232133,4.004355192444039,4.0035474302498955,0.04123128807367348,2.338439365532352,3.112107700831146,2.7219952775242584,2.21714390618466,-49.48460889907908
2026-04-14T12:27:20.026,4.0033795835602035,4.005194425892498,4.003990650414863,4.003754616007484,0.035520348885108875,2.1122397251271963,3.246516182811021,2.4941565092895246,2.3466350046774664,-49.55599563893614
2026-04-14T12:27:20.134,4.0033795835602035,4.005194425892498,4.003990650414863,4.003754616007484,0.035520348885108875,2.1122397251271963,3.246516182811021,2.4941565092895246,2.3466350046774664,-49.55599563893614
2026-04-14T12:27:20.243,4.0033795835602035,4.005194425892498,4.003990650414863,4.003754616007484,0.035520348885108875,2.1122397251271963,3.246516182811021,2.4941565092895246,2.3466350046774664,-49.55599563893614
2026-04-14T12:27:20.353,4.003717899544114,4.005086899106914,4.004418134952672,4.003828048934224,0.033618362163198086,2.3236872150711463,3.1793119418210836,2.761334345420252,2.3925305838901068,-49.57977047296002
2026-04-14T12:27:20.477,4.003717899544114,4.005086899106914,4.004418134952672,4.003828048934224,0.033618362163198086,2.3236872150711463,3.1793119418210836,2.761334345420252,2.3925305838901068,-49.57977047296002
2026-04-14T12:27:20.571,4.003717899544114,4.005086899106914,4.004418134952672,4.003828048934224,0.033618362163198086,2.3236872150711463,3.1793119418210836,2.761334345420252,2.3925305838901068,-49.57977047296002
2026-04-14T12:27:20.679,4.003780842052748,4.005233764960394,4.003552675458948,4.0037336351712725,0.04015581914191241,2.363026282967695,3.271103100246364,2.2204221618427056,2.3335219820452835,-49.49805226072609
2026-04-14T12:27:20.789,4.003780842052748,4.005233764960394,4.003552675458948,4.0037336351712725,0.04015581914191241,2.363026282967695,3.271103100246364,2.2204221618427056,2.3335219820452835,-49.49805226072609
2026-04-14T12:27:20.899,4.003780842052748,4.005233764960394,4.003552675458948,4.0037336351712725,0.04015581914191241,2.363026282967695,3.271103100246364,2.2204221618427056,2.3335219820452835,-49.49805226072609
2026-04-14T12:27:21.009,4.003539562436316,4.0056324008484125,4.004058838132551,4.003458261695997,0.02900280799772347,2.2122265226975912,3.52025053025784,2.536773832844119,2.1614135599978823,-49.637464900028455
2026-04-14T12:27:21.118,4.003539562436316,4.0056324008484125,4.004058838132551,4.003458261695997,0.02900280799772347,2.2122265226975912,3.52025053025784,2.536773832844119,2.1614135599978823,-49.637464900028455
2026-04-14T12:27:21.225,4.003539562436316,4.0056324008484125,4.004058838132551,4.003458261695997,0.02900280799772347,2.2122265226975912,3.52025053025784,2.536773832844119,2.1614135599978823,-49.637464900028455
2026-04-14T12:27:21.333,4.00391197227907,4.005315065700714,4.0037336351712725,4.0038359167478035,0.03326485154210996,2.4449826744188385,3.321916062946073,2.3335219820452835,2.3974479673771754,-49.58418935572362
2026-04-14T12:27:21.441,4.00391197227907,4.005315065700714,4.0037336351712725,4.0038359167478035,0.03326485154210996,2.4449826744188385,3.321916062946073,2.3335219820452835,2.3974479673771754,-49.58418935572362
2026-04-14T12:27:21.550,4.00391197227907,4.005315065700714,4.0037336351712725,4.0038359167478035,0.03326485154210996,2.4449826744188385,3.321916062946073,2.3335219820452835,2.3974479673771754,-49.58418935572362
2026-04-14T12:27:21.659,4.003531694622737,4.005359649977663,4.003466129509576,4.003269434170093,0.029595311714758505,2.2073091392105226,3.349781236039462,2.166330943484951,2.043396356308236,-49.630058603565516
2026-04-14T12:27:21.769,4.003531694622737,4.005359649977663,4.003466129509576,4.003269434170093,0.029595311714758505,2.2073091392105226,3.349781236039462,2.166330943484951,2.043396356308236,-49.630058603565516
2026-04-14T12:27:21.875,4.003531694622737,4.005359649977663,4.003466129509576,4.003269434170093,0.029595311714758505,2.2073091392105226,3.349781236039462,2.166330943484951,2.043396356308236,-49.630058603565516
2026-04-14T12:27:21.986,4.003471374718629,4.005506515831144,4.004100799804974,4.004297495144456,0.03943386083123946,2.1696091991429967,3.4415723944647425,2.562999878108485,2.6859344652852,-49.50707673960951
2026-04-14T12:27:22.094,4.003471374718629,4.005506515831144,4.004100799804974,4.004297495144456,0.03943386083123946,2.1696091991429967,3.4415723944647425,2.562999878108485,2.6859344652852,-49.50707673960951
2026-04-14T12:27:22.204,4.003471374718629,4.005506515831144,4.004100799804974,4.004297495144456,0.03943386083123946,2.1696091991429967,3.4415723944647425,2.562999878108485,2.6859344652852,-49.50707673960951
2026-04-14T12:27:22.312,4.004224062217716,4.005094766920493,4.0042686464946655,4.003602504944951,0.04188851908752748,2.64003888607256,3.184229325308152,2.6679040591659486,2.25156559059414,-49.47639351140591
2026-04-14T12:27:22.421,4.004224062217716,4.005094766920493,4.0042686464946655,4.003602504944951,0.04188851908752748,2.64003888607256,3.184229325308152,2.6679040591659486,2.25156559059414,-49.47639351140591
2026-04-14T12:27:22.530,4.004224062217716,4.005094766920493,4.0042686464946655,4.003602504944951,0.04188851908752748,2.64003888607256,3.184229325308152,2.6679040591659486,2.25156559059414,-49.47639351140591
2026-04-14T12:27:22.640,4.004087686782342,4.004895448976484,4.004281759517299,4.00375723861201,0.039050476073157966,2.554804238963926,3.059655610302414,2.676099698311618,2.3482741325064893,-49.511869049085526
2026-04-14T12:27:22.749,4.004087686782342,4.004895448976484,4.004281759517299,4.00375723861201,0.039050476073157966,2.554804238963926,3.059655610302414,2.676099698311618,2.3482741325064893,-49.511869049085526
2026-04-14T12:27:22.857,4.004087686782342,4.004895448976484,4.004281759517299,4.00375723861201,0.039050476073157966,2.554804238963926,3.059655610302414,2.676099698311618,2.3482741325064893,-49.511869049085526
2026-04-14T12:27:22.966,4.004111290223079,4.005503893226617,4.004087686782342,4.003778219448222,0.03340426418141232,2.5695563894245765,3.4399332666357196,2.554804238963926,2.3613871551386723,-49.582446697732344
2026-04-14T12:27:23.075,4.004111290223079,4.005503893226617,4.004087686782342,4.003778219448222,0.03340426418141232,2.5695563894245765,3.4399332666357196,2.554804238963926,2.3613871551386723,-49.582446697732344
2026-04-14T12:27:23.198,4.004111290223079,4.005503893226617,4.004087686782342,4.003778219448222,0.03340426418141232,2.5695563894245765,3.4399332666357196,2.554804238963926,2.3613871551386723,-49.582446697732344
2026-04-14T12:27:23.307,4.00369954131243,4.0050134661801735,4.004027366878234,4.003859520188541,0.04677791950877459,2.3122133202685413,3.1334163626084433,2.5171042988964,2.412200117838381,-49.41527600614032
2026-04-14T12:27:23.415,4.00369954131243,4.0050134661801735,4.004027366878234,4.003859520188541,0.04677791950877459,2.3122133202685413,3.1334163626084433,2.5171042988964,2.412200117838381,-49.41527600614032
2026-04-14T12:27:23.524,4.00369954131243,4.0050134661801735,4.004027366878234,4.003859520188541,0.04677791950877459,2.3122133202685413,3.1334163626084433,2.5171042988964,2.412200117838381,-49.41527600614032
2026-04-14T12:27:23.633,4.003429413046206,4.005364895186716,4.003988027810337,4.003917217488123,0.04697210139923145,2.1433831538786308,3.3530594916975076,2.4925173814605017,2.4482609300768843,-49.41284873250961
2026-04-14T12:27:23.740,4.003429413046206,4.005364895186716,4.003988027810337,4.003917217488123,0.04697210139923145,2.1433831538786308,3.3530594916975076,2.4925173814605017,2.4482609300768843,-49.41284873250961
2026-04-14T12:27:23.848,4.003429413046206,4.005364895186716,4.003988027810337,4.003917217488123,0.04697210139923145,2.1433831538786308,3.3530594916975076,2.4925173814605017,2.4482609300768843,-49.41284873250961
2026-04-14T12:27:23.954,4.003513336391052,4.005598306989569,4.003563165877054,4.003526449413684,0.04658373761831773,2.1958352444073626,3.498941868480543,2.226978673158797,2.204030883552477,-49.41770327977103
2026-04-14T12:27:24.067,4.003513336391052,4.005598306989569,4.003563165877054,4.003526449413684,0.04658373761831773,2.1958352444073626,3.498941868480543,2.226978673158797,2.204030883552477,-49.41770327977103
2026-04-14T12:27:24.175,4.003513336391052,4.005598306989569,4.003563165877054,4.003526449413684,0.04658373761831773,2.1958352444073626,3.498941868480543,2.226978673158797,2.204030883552477,-49.41770327977103
2026-04-14T12:27:24.287,4.00330877323799,4.005527496667355,4.004192590963399,4.003290415006305,0.042530813032884786,2.067983273743579,3.4546854170969254,2.6203693521242855,2.0565093789404187,-49.46836483708894
2026-04-14T12:27:24.395,4.00330877323799,4.005527496667355,4.004192590963399,4.003290415006305,0.042530813032884786,2.067983273743579,3.4546854170969254,2.6203693521242855,2.0565093789404187,-49.46836483708894
2026-04-14T12:27:24.503,4.00330877323799,4.005527496667355,4.004192590963399,4.003290415006305,0.042530813032884786,2.067983273743579,3.4546854170969254,2.6203693521242855,2.0565093789404187,-49.46836483708894
2026-04-14T12:27:24.608,4.004116535432132,4.005270481423764,4.0037939550753805,4.003670692662638,0.0366953982735145,2.5728346450826223,3.2940508898526843,2.3712219221128095,2.2941829141487347,-49.54130752158107
2026-04-14T12:27:24.718,4.004116535432132,4.005270481423764,4.0037939550753805,4.003670692662638,0.0366953982735145,2.5728346450826223,3.2940508898526843,2.3712219221128095,2.2941829141487347,-49.54130752158107
2026-04-14T12:27:24.831,4.004116535432132,4.005270481423764,4.0037939550753805,4.003670692662638,0.0366953982735145,2.5728346450826223,3.2940508898526843,2.3712219221128095,2.2941829141487347,-49.54130752158107
2026-04-14T12:27:24.940,4.003586769317792,4.005328178723346,4.003927707906229,4.003612995363056,0.0379401539815713,2.241730823620003,3.3301117020911875,2.4548174413929758,2.2581221019102315,-49.52574807523036
2026-04-14T12:27:25.047,4.003586769317792,4.005328178723346,4.003927707906229,4.003612995363056,0.0379401539815713,2.241730823620003,3.3301117020911875,2.4548174413929758,2.2581221019102315,-49.52574807523036
2026-04-14T12:27:25.158,4.003586769317792,4.005328178723346,4.003927707906229,4.003612995363056,0.0379401539815713,2.241730823620003,3.3301117020911875,2.4548174413929758,2.2581221019102315,-49.52574807523036
2026-04-14T12:27:25.266,4.0037336351712725,4.005309820491661,4.0042922499354034,4.003977537392231,0.04407431011087522,2.3335219820452835,3.3186378072880274,2.6826562096271545,2.4859608701444103,-49.44907112361406
2026-04-14T12:27:25.374,4.0037336351712725,4.005309820491661,4.0042922499354034,4.003977537392231,0.04407431011087522,2.3335219820452835,3.3186378072880274,2.6826562096271545,2.4859608701444103,-49.44907112361406
2026-04-14T12:27:25.482,4.0037336351712725,4.005309820491661,4.0042922499354034,4.003977537392231,0.04407431011087522,2.3335219820452835,3.3186378072880274,2.6826562096271545,2.4859608701444103,-49.44907112361406
2026-04-14T12:27:25.593,4.004263401285613,4.004919052417222,4.004027366878234,4.003560543272528,0.03351878170655354,2.664625803507903,3.07440776076362,2.5171042988964,2.225339545329774,-49.58101522866808
2026-04-14T12:27:25.703,4.004263401285613,4.004919052417222,4.004027366878234,4.003560543272528,0.03351878170655354,2.664625803507903,3.07440776076362,2.5171042988964,2.225339545329774,-49.58101522866808
2026-04-14T12:27:25.811,4.004263401285613,4.004919052417222,4.004027366878234,4.003560543272528,0.03351878170655354,2.664625803507903,3.07440776076362,2.5171042988964,2.225339545329774,-49.58101522866808
2026-04-14T12:27:25.920,4.003518581600105,4.005328178723346,4.004019499064654,4.003778219448222,0.02939117177863719,2.1991135000654083,3.3301117020911875,2.512186915408776,2.3613871551386723,-49.63261035276704
2026-04-14T12:27:26.029,4.003518581600105,4.005328178723346,4.004019499064654,4.003778219448222,0.02939117177863719,2.1991135000654083,3.3301117020911875,2.512186915408776,2.3613871551386723,-49.63261035276704
2026-04-14T12:27:26.139,4.003518581600105,4.005328178723346,4.004019499064654,4.003778219448222,0.02939117177863719,2.1991135000654083,3.3301117020911875,2.512186915408776,2.3613871551386723,-49.63261035276704
2026-04-14T12:27:26.248,4.00376510642559,4.005152464220075,4.00357365629516,4.003791332470854,0.036312013515433,2.353191515993558,3.2202901375466553,2.2335351844748885,2.3695827942837866,-49.54609983105709
2026-04-14T12:27:26.357,4.00376510642559,4.005152464220075,4.00357365629516,4.003791332470854,0.036312013515433,2.353191515993558,3.2202901375466553,2.2335351844748885,2.3695827942837866,-49.54609983105709
2026-04-14T12:27:26.468,4.00376510642559,4.005152464220075,4.00357365629516,4.003791332470854,0.036312013515433,2.353191515993558,3.2202901375466553,2.2335351844748885,2.3695827942837866,-49.54609983105709
2026-04-14T12:27:26.577,4.003778219448222,4.0050737860842816,4.00452303913373,4.003932953115282,0.030874920582640894,2.3613871551386723,3.1711163026759692,2.826899458581167,2.4580956970510215,-49.61406349271699
2026-04-14T12:27:26.686,4.003778219448222,4.0050737860842816,4.00452303913373,4.003932953115282,0.030874920582640894,2.3613871551386723,3.1711163026759692,2.826899458581167,2.4580956970510215,-49.61406349271699
2026-04-14T12:27:26.796,4.003778219448222,4.0050737860842816,4.00452303913373,4.003932953115282,0.030874920582640894,2.3613871551386723,3.1711163026759692,2.826899458581167,2.4580956970510215,-49.61406349271699
2026-04-14T12:27:26.906,4.0042502882629805,4.005107879943125,4.00391197227907,4.003306150633463,0.020204874653178,2.6564301643627886,3.1924249644532665,2.4449826744188385,2.066344145914556,-49.74743906683528
2026-04-14T12:27:27.017,4.0042502882629805,4.005107879943125,4.00391197227907,4.003306150633463,0.020204874653178,2.6564301643627886,3.1924249644532665,2.4449826744188385,2.066344145914556,-49.74743906683528
2026-04-14T12:27:27.126,4.0042502882629805,4.005107879943125,4.00391197227907,4.003306150633463,0.020204874653178,2.6564301643627886,3.1924249644532665,2.4449826744188385,2.066344145914556,-49.74743906683528
2026-04-14T12:27:27.236,4.003400564396415,4.004798412609006,4.0040404799008655,4.003353357514939,0.027987087339949118,2.125352747759379,2.999007880628568,2.525299938040959,2.0958484468369676,-49.65016140825064
2026-04-14T12:27:27.346,4.003400564396415,4.004798412609006,4.0040404799008655,4.003353357514939,0.027987087339949118,2.125352747759379,2.999007880628568,2.525299938040959,2.0958484468369676,-49.65016140825064
2026-04-14T12:27:27.454,4.003400564396415,4.004798412609006,4.0040404799008655,4.003353357514939,0.027987087339949118,2.125352747759379,2.999007880628568,2.525299938040959,2.0958484468369676,-49.65016140825064
2026-04-14T12:27:27.564,4.003576278899686,4.005333423932399,4.004229307426769,4.00368380568527,0.029221885002341463,2.2351743123039114,3.333389957749233,2.6433171417306056,2.302378553293849,-49.63472643747073
2026-04-14T12:27:27.689,4.003576278899686,4.005333423932399,4.004229307426769,4.00368380568527,0.029221885002341463,2.2351743123039114,3.333389957749233,2.6433171417306056,2.302378553293849,-49.63472643747073
2026-04-14T12:27:27.782,4.003576278899686,4.005333423932399,4.004229307426769,4.00368380568527,0.029221885002341463,2.2351743123039114,3.333389957749233,2.6433171417306056,2.302378553293849,-49.63472643747073
2026-04-14T12:27:27.891,4.003749370798431,4.005336046536925,4.00414800668645,4.003510713786525,0.024820428818652616,2.3433567490194207,3.335029085578256,2.592504179031452,2.1941961165783397,-49.68974463976684
2026-04-14T12:27:28.000,4.003749370798431,4.005336046536925,4.00414800668645,4.003510713786525,0.024820428818652616,2.3433567490194207,3.335029085578256,2.592504179031452,2.1941961165783397,-49.68974463976684
2026-04-14T12:27:28.110,4.003749370798431,4.005336046536925,4.00414800668645,4.003510713786525,0.024820428818652616,2.3433567490194207,3.335029085578256,2.592504179031452,2.1941961165783397,-49.68974463976684
2026-04-14T12:27:28.219,4.003804445493486,4.005107879943125,4.003704786521482,4.003665447453585,0.028016961476942482,2.377778433428901,3.1924249644532665,2.315491575926032,2.290904658490689,-49.64978798153822
2026-04-14T12:27:28.329,4.003804445493486,4.005107879943125,4.003704786521482,4.003665447453585,0.028016961476942482,2.377778433428901,3.1924249644532665,2.315491575926032,2.290904658490689,-49.64978798153822
2026-04-14T12:27:28.438,4.003804445493486,4.005107879943125,4.003704786521482,4.003665447453585,0.028016961476942482,2.377778433428901,3.1924249644532665,2.315491575926032,2.290904658490689,-49.64978798153822
2026-04-14T12:27:28.547,4.00429487253993,4.005063295666176,4.003534317227263,4.00395655655602,0.024895114161136024,2.6842953374561773,3.1645597913598777,2.2089482670395455,2.4728478475122273,-49.6888110729858
2026-04-14T12:27:28.657,4.00429487253993,4.005063295666176,4.003534317227263,4.00395655655602,0.024895114161136024,2.6842953374561773,3.1645597913598777,2.2089482670395455,2.4728478475122273,-49.6888110729858
2026-04-14T12:27:28.766,4.00429487253993,4.005063295666176,4.003534317227263,4.00395655655602,0.024895114161136024,2.6842953374561773,3.1645597913598777,2.2089482670395455,2.4728478475122273,-49.6888110729858
2026-04-14T12:27:28.875,4.003953933951494,4.005278349237344,4.004027366878234,4.003870010606647,0.036670503159353364,2.4712087196837595,3.298968273339753,2.5171042988964,2.4187566291544726,-49.54161871050808
2026-04-14T12:27:28.983,4.003953933951494,4.005278349237344,4.004027366878234,4.003870010606647,0.036670503159353364,2.4712087196837595,3.298968273339753,2.5171042988964,2.4187566291544726,-49.54161871050808
2026-04-14T12:27:29.092,4.003953933951494,4.005278349237344,4.004027366878234,4.003870010606647,0.036670503159353364,2.4712087196837595,3.298968273339753,2.5171042988964,2.4187566291544726,-49.54161871050808
2026-04-14T12:27:29.200,4.004245043053928,4.004937410648908,4.00368380568527,4.003964424369599,0.03849282551594852,2.653151908704743,3.085881655567335,2.302378553293849,2.477765230999296,-49.51883968105064
2026-04-14T12:27:29.310,4.004245043053928,4.004937410648908,4.00368380568527,4.003964424369599,0.03849282551594852,2.653151908704743,3.085881655567335,2.302378553293849,2.477765230999296,-49.51883968105064
2026-04-14T12:27:29.420,4.004245043053928,4.004937410648908,4.00368380568527,4.003964424369599,0.03849282551594852,2.653151908704743,3.085881655567335,2.302378553293849,2.477765230999296,-49.51883968105064
2026-04-14T12:27:29.530,4.00394868874244,4.004780054377321,4.003552675458948,4.003518581600105,0.024681016179350253,2.4679304640251587,2.987533985825408,2.2204221618427056,2.1991135000654083,-49.69148729775812
2026-04-14T12:27:29.639,4.00394868874244,4.004780054377321,4.003552675458948,4.003518581600105,0.024681016179350253,2.4679304640251587,2.987533985825408,2.2204221618427056,2.1991135000654083,-49.69148729775812
2026-04-14T12:27:29.748,4.00394868874244,4.004780054377321,4.003552675458948,4.003518581600105,0.024681016179350253,2.4679304640251587,2.987533985825408,2.2204221618427056,2.1991135000654083,-49.69148729775812
2026-04-14T12:27:29.856,4.0042922499354034,4.004900694185537,4.003890991442859,4.003932953115282,0.022415560790686875,2.6826562096271545,3.06293386596046,2.4318696517866556,2.4580956970510215,-49.719805490116414
2026-04-14T12:27:29.966,4.0042922499354034,4.004900694185537,4.003890991442859,4.003932953115282,0.022415560790686875,2.6826562096271545,3.06293386596046,2.4318696517866556,2.4580956970510215,-49.719805490116414
2026-04-14T12:27:30.075,4.0042922499354034,4.004900694185537,4.003890991442859,4.003932953115282,0.022415560790686875,2.6826562096271545,3.06293386596046,2.4318696517866556,2.4580956970510215,-49.719805490116414
2026-04-14T12:27:30.198,4.003450393882417,4.005060673061649,4.004218817008663,4.003988027810337,0.02353086190510577,2.1564961765108137,3.162920663530855,2.636760630414514,2.4925173814605017,-49.70586422618618
2026-04-14T12:27:30.308,4.003450393882417,4.005060673061649,4.004218817008663,4.003988027810337,0.02353086190510577,2.1564961765108137,3.162920663530855,2.636760630414514,2.4925173814605017,-49.70586422618618
2026-04-14T12:27:30.403,4.003450393882417,4.005060673061649,4.004218817008663,4.003988027810337,0.02353086190510577,2.1564961765108137,3.162920663530855,2.636760630414514,2.4925173814605017,-49.70586422618618
2026-04-14T12:27:30.513,4.003426790441679,4.005047560039017,4.003513336391052,4.003552675458948,0.014254942368666488,2.141744026049608,3.1547250243857405,2.1958352444073626,2.2204221618427056,-49.82181322039167
2026-04-14T12:27:30.622,4.003426790441679,4.005047560039017,4.003513336391052,4.003552675458948,0.014254942368666488,2.141744026049608,3.1547250243857405,2.1958352444073626,2.2204221618427056,-49.82181322039167
2026-04-14T12:27:30.745,4.003426790441679,4.005047560039017,4.003513336391052,4.003552675458948,0.014254942368666488,2.141744026049608,3.1547250243857405,2.1958352444073626,2.2204221618427056,-49.82181322039167
2026-04-14T12:27:30.854,4.003531694622737,4.004491567879413,4.003775596843695,4.003586769317792,0.029869157970531003,2.2073091392105226,2.8072299246328924,2.3597480273096494,2.241730823620003,-49.626635525368364
2026-04-14T12:27:30.951,4.003531694622737,4.004491567879413,4.003775596843695,4.003586769317792,0.029869157970531003,2.2073091392105226,2.8072299246328924,2.3597480273096494,2.241730823620003,-49.626635525368364
2026-04-14T12:27:31.073,4.003531694622737,4.004491567879413,4.003775596843695,4.003586769317792,0.029869157970531003,2.2073091392105226,2.8072299246328924,2.3597480273096494,2.241730823620003,-49.626635525368364
2026-04-14T12:27:31.181,4.003408432209994,4.005173445056286,4.003738880380325,4.003416300023574,0.02568677879146015,2.130270131246448,3.233403160178838,2.3368002377033292,2.1351875147335164,-49.67891526510675
2026-04-14T12:27:31.290,4.003408432209994,4.005173445056286,4.003738880380325,4.003416300023574,0.02568677879146015,2.130270131246448,3.233403160178838,2.3368002377033292,2.1351875147335164,-49.67891526510675
2026-04-14T12:27:31.400,4.003408432209994,4.005173445056286,4.003738880380325,4.003416300023574,0.02568677879146015,2.130270131246448,3.233403160178838,2.3368002377033292,2.1351875147335164,-49.67891526510675
2026-04-14T12:27:31.509,4.004328966398774,4.004735470100371,4.003940820928861,4.004544019969941,0.027145632481302723,2.7056039992334746,2.959668812732019,2.46301308053809,2.84001248121335,-49.660679593983716
2026-04-14T12:27:31.617,4.004328966398774,4.004735470100371,4.003940820928861,4.004544019969941,0.027145632481302723,2.7056039992334746,2.959668812732019,2.46301308053809,2.84001248121335,-49.660679593983716
2026-04-14T12:27:31.724,4.004328966398774,4.004735470100371,4.003940820928861,4.004544019969941,0.027145632481302723,2.7056039992334746,2.959668812732019,2.46301308053809,2.84001248121335,-49.660679593983716
2026-04-14T12:27:31.833,4.003702163916955,4.005141973801969,4.00330877323799,4.004326343794247,0.026851870134201317,2.313852448097009,3.213733626230564,2.067983273743579,2.7039648714044517,-49.66435162332248
2026-04-14T12:27:31.943,4.003702163916955,4.005141973801969,4.00330877323799,4.004326343794247,0.026851870134201317,2.313852448097009,3.213733626230564,2.067983273743579,2.7039648714044517,-49.66435162332248
2026-04-14T12:27:32.053,4.003702163916955,4.005141973801969,4.00330877323799,4.004326343794247,0.026851870134201317,2.313852448097009,3.213733626230564,2.067983273743579,2.7039648714044517,-49.66435162332248
2026-04-14T12:27:32.154,4.003219604684091,4.0051996711015505,4.003870010606647,4.004216194404137,0.032896403852525145,2.0122529275568013,3.249794438469067,2.4187566291544726,2.6351215025854913,-49.58879495184343
2026-04-14T12:27:32.263,4.003219604684091,4.0051996711015505,4.003870010606647,4.004216194404137,0.032896403852525145,2.0122529275568013,3.249794438469067,2.4187566291544726,2.6351215025854913,-49.58879495184343
2026-04-14T12:27:32.383,4.003219604684091,4.0051996711015505,4.003870010606647,4.004216194404137,0.032896403852525145,2.0122529275568013,3.249794438469067,2.4187566291544726,2.6351215025854913,-49.58879495184343
2026-04-14T12:27:32.493,4.003783464657275,4.005364895186716,4.003796577679907,4.003925085301702,0.03362334118603032,2.364665410796718,3.3530594916975076,2.3728610499418323,2.453178313563953,-49.57970823517462
2026-04-14T12:27:32.601,4.003783464657275,4.005364895186716,4.003796577679907,4.003925085301702,0.03362334118603032,2.364665410796718,3.3530594916975076,2.3728610499418323,2.453178313563953,-49.57970823517462
2026-04-14T12:27:32.704,4.003783464657275,4.005364895186716,4.003796577679907,4.003925085301702,0.03362334118603032,2.364665410796718,3.3530594916975076,2.3728610499418323,2.453178313563953,-49.57970823517462
2026-04-14T12:27:32.818,4.003686428289797,4.005128860779337,4.004245043053928,4.003618240572109,0.027947255157291302,2.304017681122872,3.2055379870854495,2.653151908704743,2.2614003575682773,-49.650659310533854
2026-04-14T12:27:32.927,4.003686428289797,4.005128860779337,4.004245043053928,4.003618240572109,0.027947255157291302,2.304017681122872,3.2055379870854495,2.653151908704743,2.2614003575682773,-49.650659310533854
2026-04-14T12:27:33.034,4.003686428289797,4.005128860779337,4.004245043053928,4.003618240572109,0.027947255157291302,2.304017681122872,3.2055379870854495,2.653151908704743,2.2614003575682773,-49.650659310533854
2026-04-14T12:27:33.143,4.003550052854422,4.0051157477567045,4.003974914787705,4.00338220616473,0.035634866410250106,2.2187830340136827,3.197342347940335,2.4843217423153874,2.113878852956219,-49.554564169871874
2026-04-14T12:27:33.252,4.003550052854422,4.0051157477567045,4.003974914787705,4.00338220616473,0.035634866410250106,2.2187830340136827,3.197342347940335,2.4843217423153874,2.113878852956219,-49.554564169871874
2026-04-14T12:27:33.361,4.003550052854422,4.0051157477567045,4.003974914787705,4.00338220616473,0.035634866410250106,2.2187830340136827,3.197342347940335,2.4843217423153874,2.113878852956219,-49.554564169871874
2026-04-14T12:27:33.470,4.0040824415732885,4.005315065700714,4.00361037275853,4.003458261695997,0.02651827560444209,2.551525983305325,3.321916062946073,2.2564829740812087,2.1614135599978823,-49.66852155494447
2026-04-14T12:27:33.579,4.0040824415732885,4.005315065700714,4.00361037275853,4.003458261695997,0.02651827560444209,2.551525983305325,3.321916062946073,2.2564829740812087,2.1614135599978823,-49.66852155494447
2026-04-14T12:27:33.687,4.0040824415732885,4.005315065700714,4.00361037275853,4.003458261695997,0.02651827560444209,2.551525983305325,3.321916062946073,2.2564829740812087,2.1614135599978823,-49.66852155494447
2026-04-14T12:27:33.797,4.003484487741261,4.004987240134909,4.0041034224095,4.004050970318971,0.04151011335227821,2.177804838288111,3.1170250843182146,2.564639005937508,2.5318564493570506,-49.48112358309652
2026-04-14T12:27:33.906,4.003484487741261,4.004987240134909,4.0041034224095,4.004050970318971,0.04151011335227821,2.177804838288111,3.1170250843182146,2.564639005937508,2.5318564493570506,-49.48112358309652
2026-04-14T12:27:34.014,4.003484487741261,4.004987240134909,4.0041034224095,4.004050970318971,0.04151011335227821,2.177804838288111,3.1170250843182146,2.564639005937508,2.5318564493570506,-49.48112358309652
2026-04-14T12:27:34.125,4.003893614047386,4.0048036578180595,4.004373550675723,4.0034818651367345,0.042042868795326524,2.4335087796162336,3.002286136287169,2.7334691723268634,2.176165710459088,-49.474464140058416
2026-04-14T12:27:34.234,4.003893614047386,4.0048036578180595,4.004373550675723,4.0034818651367345,0.042042868795326524,2.4335087796162336,3.002286136287169,2.7334691723268634,2.176165710459088,-49.474464140058416
2026-04-14T12:27:34.343,4.003893614047386,4.0048036578180595,4.004373550675723,4.0034818651367345,0.042042868795326524,2.4335087796162336,3.002286136287169,2.7334691723268634,2.176165710459088,-49.474464140058416
2026-04-14T12:27:34.451,4.003977537392231,4.005118370361231,4.004709244055107,4.004462719229622,0.04908818610292801,2.4859608701444103,3.198981475769358,2.9432775344417905,2.789199518513641,-49.386397673713404
2026-04-14T12:27:34.575,4.003977537392231,4.005118370361231,4.004709244055107,4.004462719229622,0.04908818610292801,2.4859608701444103,3.198981475769358,2.9432775344417905,2.789199518513641,-49.386397673713404
2026-04-14T12:27:34.685,4.003977537392231,4.005118370361231,4.004709244055107,4.004462719229622,0.04908818610292801,2.4859608701444103,3.198981475769358,2.9432775344417905,2.789199518513641,-49.386397673713404
2026-04-14T12:27:34.795,4.003167152593562,4.005501270622091,4.004457474020569,4.003578901504213,0.049844997573426544,1.979470370976344,3.4382941388066968,2.785921262855595,2.2368134401329343,-49.376937530332164
2026-04-14T12:27:34.903,4.003167152593562,4.005501270622091,4.004457474020569,4.003578901504213,0.049844997573426544,1.979470370976344,3.4382941388066968,2.785921262855595,2.2368134401329343,-49.376937530332164
2026-04-14T12:27:35.012,4.003167152593562,4.005501270622091,4.004457474020569,4.003578901504213,0.049844997573426544,1.979470370976344,3.4382941388066968,2.785921262855595,2.2368134401329343,-49.376937530332164
2026-04-14T12:27:35.124,4.003471374718629,4.004842996885955,4.003893614047386,4.003731012566746,0.04693226921657363,2.1696091991429967,3.026873053721957,2.4335087796162336,2.3318828542162606,-49.41334663479283
2026-04-14T12:27:35.231,4.003471374718629,4.004842996885955,4.003893614047386,4.003731012566746,0.04693226921657363,2.1696091991429967,3.026873053721957,2.4335087796162336,2.3318828542162606,-49.41334663479283
2026-04-14T12:27:35.340,4.003471374718629,4.004842996885955,4.003893614047386,4.003731012566746,0.04693226921657363,2.1696091991429967,3.026873053721957,2.4335087796162336,2.3318828542162606,-49.41334663479283
2026-04-14T12:27:35.455,4.0033376218877805,4.0052442553785,4.004488945274886,4.003982782601284,0.03351878170655354,2.0860136798628304,3.2776596115624557,2.8055907968038696,2.489239125802456,-49.58101522866808
2026-04-14T12:27:35.586,4.0033376218877805,4.0052442553785,4.004488945274886,4.003982782601284,0.03351878170655354,2.0860136798628304,3.2776596115624557,2.8055907968038696,2.489239125802456,-49.58101522866808
2026-04-14T12:27:35.672,4.0033376218877805,4.0052442553785,4.004488945274886,4.003982782601284,0.03351878170655354,2.0860136798628304,3.2776596115624557,2.8055907968038696,2.489239125802456,-49.58101522866808
2026-04-14T12:27:35.787,4.00352907201821,4.004829883863323,4.004098177200447,4.004056215528024,0.03872186056623097,2.2056700113814998,3.0186774145768425,2.561360750279462,2.5351347050150963,-49.51597674292211
2026-04-14T12:27:35.896,4.00352907201821,4.004829883863323,4.004098177200447,4.004056215528024,0.03872186056623097,2.2056700113814998,3.0186774145768425,2.561360750279462,2.5351347050150963,-49.51597674292211
2026-04-14T12:27:36.005,4.00352907201821,4.004829883863323,4.004098177200447,4.004056215528024,0.03872186056623097,2.2056700113814998,3.0186774145768425,2.561360750279462,2.5351347050150963,-49.51597674292211
2026-04-14T12:27:36.115,4.003542185040843,4.005023956598279,4.004234552635822,4.003686428289797,0.040464518557510494,2.213865650526614,3.1399728739245347,2.6465953973886513,2.304017681122872,-49.49419351803112
2026-04-14T12:27:36.224,4.003542185040843,4.005023956598279,4.004234552635822,4.003686428289797,0.040464518557510494,2.213865650526614,3.1399728739245347,2.6465953973886513,2.304017681122872,-49.49419351803112
2026-04-14T12:27:36.333,4.003542185040843,4.005023956598279,4.004234552635822,4.003686428289797,0.040464518557510494,2.213865650526614,3.1399728739245347,2.6465953973886513,2.304017681122872,-49.49419351803112
2026-04-14T12:27:36.443,4.003589391922318,4.004856109908587,4.0044548514160425,4.00394868874244,0.042560687169878146,2.2433699514490257,3.035068692867071,2.7842821350265723,2.4679304640251587,-49.46799141037652
2026-04-14T12:27:36.553,4.003589391922318,4.004856109908587,4.0044548514160425,4.00394868874244,0.042560687169878146,2.2433699514490257,3.035068692867071,2.7842821350265723,2.4679304640251587,-49.46799141037652
2026-04-14T12:27:36.662,4.003589391922318,4.004856109908587,4.0044548514160425,4.00394868874244,0.042560687169878146,2.2433699514490257,3.035068692867071,2.7842821350265723,2.4679304640251587,-49.46799141037652
2026-04-14T12:27:36.771,4.004061460737077,4.0051393511974425,4.004100799804974,4.004011631251075,0.039817245589320954,2.538412960673142,3.212094498401541,2.562999878108485,2.5072695319217075,-49.502284430133486
2026-04-14T12:27:36.880,4.004061460737077,4.0051393511974425,4.004100799804974,4.004011631251075,0.039817245589320954,2.538412960673142,3.212094498401541,2.562999878108485,2.5072695319217075,-49.502284430133486
2026-04-14T12:27:36.989,4.004061460737077,4.0051393511974425,4.004100799804974,4.004011631251075,0.039817245589320954,2.538412960673142,3.212094498401541,2.562999878108485,2.5072695319217075,-49.502284430133486
2026-04-14T12:27:37.098,4.003592014526845,4.005370140395769,4.003906727070017,4.004187345754346,0.03553030693077333,2.2450090792780486,3.3563377473555533,2.441704418760793,2.6170910964662397,-49.55587116336533
2026-04-14T12:27:37.206,4.003592014526845,4.005370140395769,4.003906727070017,4.004187345754346,0.03553030693077333,2.2450090792780486,3.3563377473555533,2.441704418760793,2.6170910964662397,-49.55587116336533
2026-04-14T12:27:37.314,4.003592014526845,4.005370140395769,4.003906727070017,4.004187345754346,0.03553030693077333,2.2450090792780486,3.3563377473555533,2.441704418760793,2.6170910964662397,-49.55587116336533
2026-04-14T12:27:37.422,4.0040640833416035,4.005288839655449,4.004517793924677,4.00353693983179,0.03463408282097244,2.540052088502165,3.3055247846558444,2.823621202923121,2.2105873948685684,-49.567073964737844
2026-04-14T12:27:37.532,4.0040640833416035,4.005288839655449,4.004517793924677,4.00353693983179,0.03463408282097244,2.540052088502165,3.3055247846558444,2.823621202923121,2.2105873948685684,-49.567073964737844
2026-04-14T12:27:37.641,4.0040640833416035,4.005288839655449,4.004517793924677,4.00353693983179,0.03463408282097244,2.540052088502165,3.3055247846558444,2.823621202923121,2.2105873948685684,-49.567073964737844
2026-04-14T12:27:37.750,4.004027366878234,4.005262613610185,4.003453016486944,4.0035238268091575,0.04546843650389883,2.5171042988964,3.2891335063656157,2.1581353043398366,2.202391755723454,-49.43164454370127
2026-04-14T12:27:37.859,4.004027366878234,4.005262613610185,4.003453016486944,4.0035238268091575,0.04546843650389883,2.5171042988964,3.2891335063656157,2.1581353043398366,2.202391755723454,-49.43164454370127
2026-04-14T12:27:37.968,4.004027366878234,4.005262613610185,4.003453016486944,4.0035238268091575,0.04546843650389883,2.5171042988964,3.2891335063656157,2.1581353043398366,2.202391755723454,-49.43164454370127
2026-04-14T12:27:38.076,4.003754616007484,4.004981994925856,4.003578901504213,4.0034189226281,0.04003632259393895,2.3466350046774664,3.113746828660169,2.2368134401329343,2.1368266425625393,-49.49954596757576
2026-04-14T12:27:38.185,4.003754616007484,4.004981994925856,4.003578901504213,4.0034189226281,0.04003632259393895,2.3466350046774664,3.113746828660169,2.2368134401329343,2.1368266425625393,-49.49954596757576
2026-04-14T12:27:38.294,4.003754616007484,4.004981994925856,4.003578901504213,4.0034189226281,0.04003632259393895,2.3466350046774664,3.113746828660169,2.2368134401329343,2.1368266425625393,-49.49954596757576
2026-04-14T12:27:38.403,4.0039801599967575,4.005585193966937,4.003804445493486,4.003914594883597,0.0405392038999939,2.487599997973433,3.4907462293354286,2.377778433428901,2.4466218022478614,-49.493259951250074
2026-04-14T12:27:38.512,4.0039801599967575,4.005585193966937,4.003804445493486,4.003914594883597,0.0405392038999939,2.487599997973433,3.4907462293354286,2.377778433428901,2.4466218022478614,-49.493259951250074
2026-04-14T12:27:38.637,4.0039801599967575,4.005585193966937,4.003804445493486,4.003914594883597,0.0405392038999939,2.487599997973433,3.4907462293354286,2.377778433428901,2.4466218022478614,-49.493259951250074
2026-04-14T12:27:38.744,4.0035238268091575,4.005186558078918,4.004247665658454,4.003353357514939,0.048764549618833246,2.202391755723454,3.2415987993239526,2.6547910365337657,2.0958484468369676,-49.390443129764584
2026-04-14T12:27:38.852,4.0035238268091575,4.005186558078918,4.004247665658454,4.003353357514939,0.048764549618833246,2.202391755723454,3.2415987993239526,2.6547910365337657,2.0958484468369676,-49.390443129764584
2026-04-14T12:27:38.962,4.0035238268091575,4.005186558078918,4.004247665658454,4.003353357514939,0.048764549618833246,2.202391755723454,3.2415987993239526,2.6547910365337657,2.0958484468369676,-49.390443129764584
2026-04-14T12:27:39.070,4.0038962366519115,4.00531768830524,4.004016876460128,4.003531694622737,0.04502530347183061,2.4351479074447013,3.323555190775096,2.5105477875797533,2.2073091392105226,-49.43718370660212
2026-04-14T12:27:39.184,4.0038962366519115,4.00531768830524,4.004016876460128,4.003531694622737,0.04502530347183061,2.4351479074447013,3.323555190775096,2.5105477875797533,2.2073091392105226,-49.43718370660212
2026-04-14T12:27:39.291,4.0038962366519115,4.00531768830524,4.004016876460128,4.003531694622737,0.04502530347183061,2.4351479074447013,3.323555190775096,2.5105477875797533,2.2073091392105226,-49.43718370660212
2026-04-14T12:27:39.401,4.004134893663817,4.005120992965757,4.003927707906229,4.003702163916955,0.05677081833305459,2.5843085398857824,3.200620603598381,2.4548174413929758,2.313852448097009,-49.29036477083682
2026-04-14T12:27:39.510,4.004134893663817,4.005120992965757,4.003927707906229,4.003702163916955,0.05677081833305459,2.5843085398857824,3.200620603598381,2.4548174413929758,2.313852448097009,-49.29036477083682
2026-04-14T12:27:39.607,4.004134893663817,4.005120992965757,4.003927707906229,4.003702163916955,0.05677081833305459,2.5843085398857824,3.200620603598381,2.4548174413929758,2.313852448097009,-49.29036477083682
2026-04-14T12:27:39.729,4.003557920668001,4.005522251458302,4.003883123629279,4.003618240572109,0.04867492720785316,2.2237004175007513,3.4514071614388797,2.426952268299587,2.2614003575682773,-49.391563409901835
2026-04-14T12:27:39.836,4.003557920668001,4.005522251458302,4.003883123629279,4.003618240572109,0.04867492720785316,2.2237004175007513,3.4514071614388797,2.426952268299587,2.2614003575682773,-49.391563409901835
2026-04-14T12:27:39.944,4.003557920668001,4.005522251458302,4.003883123629279,4.003618240572109,0.04867492720785316,2.2237004175007513,3.4514071614388797,2.426952268299587,2.2614003575682773,-49.391563409901835
2026-04-14T12:27:40.054,4.003673315267164,4.005370140395769,4.004182100545293,4.004205703986031,0.02827089164138607,2.2958220419777575,3.3563377473555533,2.613812840808194,2.6285649912694,-49.64661385448267
2026-04-14T12:27:40.163,4.003673315267164,4.005370140395769,4.004182100545293,4.004205703986031,0.02827089164138607,2.2958220419777575,3.3563377473555533,2.613812840808194,2.6285649912694,-49.64661385448267
2026-04-14T12:27:40.273,4.003673315267164,4.005370140395769,4.004182100545293,4.004205703986031,0.02827089164138607,2.2958220419777575,3.3563377473555533,2.613812840808194,2.6285649912694,-49.64661385448267
2026-04-14T12:27:40.382,4.0033192636560955,4.005624533034833,4.003841161956856,4.003602504944951,0.03560997129608897,2.0745397850596703,3.5153331467707716,2.400726223035221,2.25156559059414,-49.55487535879889
2026-04-14T12:27:40.491,4.0033192636560955,4.005624533034833,4.003841161956856,4.003602504944951,0.03560997129608897,2.0745397850596703,3.5153331467707716,2.400726223035221,2.25156559059414,-49.55487535879889
2026-04-14T12:27:40.600,4.0033192636560955,4.005624533034833,4.003841161956856,4.003602504944951,0.03560997129608897,2.0745397850596703,3.5153331467707716,2.400726223035221,2.25156559059414,-49.55487535879889
2026-04-14T12:27:40.710,4.003363847933045,4.005286217050923,4.004163742313608,4.003741502984852,0.03970770708701196,2.102404958153059,3.3038856568268216,2.602338946005034,2.338439365532352,-49.50365366141235
2026-04-14T12:27:40.818,4.003363847933045,4.005286217050923,4.004163742313608,4.003741502984852,0.03970770708701196,2.102404958153059,3.3038856568268216,2.602338946005034,2.338439365532352,-49.50365366141235
2026-04-14T12:27:40.927,4.003363847933045,4.005286217050923,4.004163742313608,4.003741502984852,0.03970770708701196,2.102404958153059,3.3038856568268216,2.602338946005034,2.338439365532352,-49.50365366141235
2026-04-14T12:27:41.037,4.0040824415732885,4.005249500587553,4.004085064177815,4.0036077501540035,0.04351665955366577,2.551525983305325,3.2809378672205014,2.553165111134348,2.254843846252186,-49.45604175557918
2026-04-14T12:27:41.147,4.0040824415732885,4.005249500587553,4.004085064177815,4.0036077501540035,0.04351665955366577,2.551525983305325,3.2809378672205014,2.553165111134348,2.254843846252186,-49.45604175557918
2026-04-14T12:27:41.256,4.0040824415732885,4.005249500587553,4.004085064177815,4.0036077501540035,0.04351665955366577,2.551525983305325,3.2809378672205014,2.553165111134348,2.254843846252186,-49.45604175557918
2026-04-14T12:27:41.366,4.00350022336842,4.005346536955031,4.00421357179961,4.003817558516118,0.029366276664476054,2.187639605262248,3.3415855968943475,2.6334823747564684,2.3859740725740153,-49.632921541694046
2026-04-14T12:27:41.474,4.00350022336842,4.005346536955031,4.00421357179961,4.003817558516118,0.029366276664476054,2.187639605262248,3.3415855968943475,2.6334823747564684,2.3859740725740153,-49.632921541694046
2026-04-14T12:27:41.576,4.00350022336842,4.005346536955031,4.00421357179961,4.003817558516118,0.029366276664476054,2.187639605262248,3.3415855968943475,2.6334823747564684,2.3859740725740153,-49.632921541694046
2026-04-14T12:27:41.691,4.003232717706723,4.005404234254613,4.003618240572109,4.003717899544114,0.02023474879017136,2.0204485667019156,3.3776464091328506,2.2614003575682773,2.3236872150711463,-49.747065640122855
2026-04-14T12:27:41.801,4.003232717706723,4.005404234254613,4.003618240572109,4.003717899544114,0.02023474879017136,2.0204485667019156,3.3776464091328506,2.2614003575682773,2.3236872150711463,-49.747065640122855
2026-04-14T12:27:41.909,4.003232717706723,4.005404234254613,4.003618240572109,4.003717899544114,0.02023474879017136,2.0204485667019156,3.3776464091328506,2.2614003575682773,2.3236872150711463,-49.747065640122855
2026-04-14T12:27:42.019,4.003224849893144,4.005131483383864,4.003770351634643,4.003597259735898,0.030003591587001138,2.015531183214847,3.2071771149150274,2.3564697716516037,2.2482873349360943,-49.624955105162485
2026-04-14T12:27:42.127,4.003224849893144,4.005131483383864,4.003770351634643,4.003597259735898,0.030003591587001138,2.015531183214847,3.2071771149150274,2.3564697716516037,2.2482873349360943,-49.624955105162485
2026-04-14T12:27:42.237,4.003224849893144,4.005131483383864,4.003770351634643,4.003597259735898,0.030003591587001138,2.015531183214847,3.2071771149150274,2.3564697716516037,2.2482873349360943,-49.624955105162485
2026-04-14T12:27:42.347,4.0039198400926495,4.0051996711015505,4.00402998948276,4.003770351634643,0.020428930680628222,2.449900057905907,3.249794438469067,2.5187434267248676,2.3564697716516037,-49.74463836649215
2026-04-14T12:27:42.456,4.0039198400926495,4.0051996711015505,4.00402998948276,4.003770351634643,0.020428930680628222,2.449900057905907,3.249794438469067,2.5187434267248676,2.3564697716516037,-49.74463836649215
2026-04-14T12:27:42.563,4.0039198400926495,4.0051996711015505,4.00402998948276,4.003770351634643,0.020428930680628222,2.449900057905907,3.249794438469067,2.5187434267248676,2.3564697716516037,-49.74463836649215
2026-04-14T12:27:42.673,4.003807068098013,4.00493478804438,4.004090309386868,4.004315853376141,0.024924988298129388,2.379417561257924,3.084242527737757,2.5564433667923936,2.6974083600883603,-49.68843764627338
2026-04-14T12:27:42.782,4.003807068098013,4.00493478804438,4.004090309386868,4.004315853376141,0.024924988298129388,2.379417561257924,3.084242527737757,2.5564433667923936,2.6974083600883603,-49.68843764627338
2026-04-14T12:27:42.890,4.003807068098013,4.00493478804438,4.004090309386868,4.004315853376141,0.024924988298129388,2.379417561257924,3.084242527737757,2.5564433667923936,2.6974083600883603,-49.68843764627338
2026-04-14T12:27:42.999,4.00322747249767,4.005128860779337,4.004161119709082,4.004224062217716,0.0347734954602748,2.01717031104387,3.2055379870854495,2.600699818176011,2.64003888607256,-49.565331306746565
2026-04-14T12:27:43.108,4.00322747249767,4.005128860779337,4.004161119709082,4.004224062217716,0.0347734954602748,2.01717031104387,3.2055379870854495,2.600699818176011,2.64003888607256,-49.565331306746565
2026-04-14T12:27:43.217,4.00322747249767,4.005128860779337,4.004161119709082,4.004224062217716,0.0347734954602748,2.01717031104387,3.2055379870854495,2.600699818176011,2.64003888607256,-49.565331306746565
2026-04-14T12:27:43.327,4.003654957035479,4.005037069620911,4.003555298063475,4.003555298063475,0.03938407060291719,2.2843481471745974,3.148168513069649,2.2220612896717284,2.2220612896717284,-49.50769911746353
2026-04-14T12:27:43.435,4.003654957035479,4.005037069620911,4.003555298063475,4.003555298063475,0.03938407060291719,2.2843481471745974,3.148168513069649,2.2220612896717284,2.2220612896717284,-49.50769911746353
2026-04-14T12:27:43.544,4.003654957035479,4.005037069620911,4.003555298063475,4.003555298063475,0.03938407060291719,2.2843481471745974,3.148168513069649,2.2220612896717284,2.2220612896717284,-49.50769911746353
2026-04-14T12:27:43.655,4.003725767357693,4.004926920230801,4.003411054814521,4.003736257775799,0.03448969115883785,2.328604598558215,3.0793251442506886,2.1319092590754707,2.3351611098743064,-49.56887886051452
2026-04-14T12:27:43.775,4.003725767357693,4.004926920230801,4.003411054814521,4.003736257775799,0.03448969115883785,2.328604598558215,3.0793251442506886,2.1319092590754707,2.3351611098743064,-49.56887886051452
2026-04-14T12:27:43.872,4.003725767357693,4.004926920230801,4.003411054814521,4.003736257775799,0.03448969115883785,2.328604598558215,3.0793251442506886,2.1319092590754707,2.3351611098743064,-49.56887886051452
2026-04-14T12:27:43.994,4.003602504944951,4.005233764960394,4.0036470892219,4.0036497118264265,0.04081802917859863,2.25156559059414,3.271103100246364,2.279430763687529,2.2810698915165517,-49.48977463526752
2026-04-14T12:27:44.103,4.003602504944951,4.005233764960394,4.0036470892219,4.0036497118264265,0.04081802917859863,2.25156559059414,3.271103100246364,2.279430763687529,2.2810698915165517,-49.48977463526752
2026-04-14T12:27:44.226,4.003602504944951,4.005233764960394,4.0036470892219,4.0036497118264265,0.04081802917859863,2.25156559059414,3.271103100246364,2.279430763687529,2.2810698915165517,-49.48977463526752
2026-04-14T12:27:44.320,4.003088474457769,4.005333423932399,4.00425815607656,4.003917217488123,0.04094748377223653,1.9302965361056579,3.333389957749233,2.661347547849857,2.4482609300768843,-49.48815645284704
2026-04-14T12:27:44.428,4.003088474457769,4.005333423932399,4.00425815607656,4.003917217488123,0.04094748377223653,1.9302965361056579,3.333389957749233,2.661347547849857,2.4482609300768843,-49.48815645284704
2026-04-14T12:27:44.537,4.003088474457769,4.005333423932399,4.00425815607656,4.003917217488123,0.04094748377223653,1.9302965361056579,3.333389957749233,2.661347547849857,2.4482609300768843,-49.48815645284704
2026-04-14T12:27:44.646,4.004087686782342,4.0051996711015505,4.003990650414863,4.004318475980668,0.031218473158064572,2.554804238963926,3.249794438469067,2.4941565092895246,2.699047487917383,-49.60976908552419
2026-04-14T12:27:44.755,4.004087686782342,4.0051996711015505,4.003990650414863,4.004318475980668,0.031218473158064572,2.554804238963926,3.249794438469067,2.4941565092895246,2.699047487917383,-49.60976908552419
2026-04-14T12:27:44.863,4.004087686782342,4.0051996711015505,4.003990650414863,4.004318475980668,0.031218473158064572,2.554804238963926,3.249794438469067,2.4941565092895246,2.699047487917383,-49.60976908552419
2026-04-14T12:27:44.973,4.003652334430953,4.005212784124183,4.00368380568527,4.004069328550656,0.03797002811856466,2.2827090193455746,3.2579900776141812,2.302378553293849,2.5433303441602106,-49.52537464851794
2026-04-14T12:27:45.081,4.003652334430953,4.005212784124183,4.00368380568527,4.004069328550656,0.03797002811856466,2.2827090193455746,3.2579900776141812,2.302378553293849,2.5433303441602106,-49.52537464851794
2026-04-14T12:27:45.190,4.003652334430953,4.005212784124183,4.00368380568527,4.004069328550656,0.03797002811856466,2.2827090193455746,3.2579900776141812,2.302378553293849,2.5433303441602106,-49.52537464851794
2026-04-14T12:27:45.297,4.003633976199268,4.005454063740615,4.003778219448222,4.003662824849059,0.042242029708615604,2.2712351245424145,3.408789837884285,2.3613871551386723,2.289265530661666,-49.47197462864231
2026-04-14T12:27:45.407,4.003633976199268,4.005454063740615,4.003778219448222,4.003662824849059,0.042242029708615604,2.2712351245424145,3.408789837884285,2.3613871551386723,2.289265530661666,-49.47197462864231
2026-04-14T12:27:45.518,4.003633976199268,4.005454063740615,4.003778219448222,4.003662824849059,0.042242029708615604,2.2712351245424145,3.408789837884285,2.3613871551386723,2.289265530661666,-49.47197462864231
2026-04-14T12:27:45.626,4.00380182288896,4.00543570550893,4.003851652374962,4.004239797844875,0.046026087061108285,2.376139305599878,3.397315943081125,2.4072827343513126,2.649873653046697,-49.42467391173614
2026-04-14T12:27:45.737,4.00380182288896,4.00543570550893,4.003851652374962,4.004239797844875,0.046026087061108285,2.376139305599878,3.397315943081125,2.4072827343513126,2.649873653046697,-49.42467391173614
2026-04-14T12:27:45.844,4.00380182288896,4.00543570550893,4.003851652374962,4.004239797844875,0.046026087061108285,2.376139305599878,3.397315943081125,2.4072827343513126,2.649873653046697,-49.42467391173614
2026-04-14T12:27:45.952,4.0040404799008655,4.0055301192718815,4.004187345754346,4.003961801765072,0.038009860301222484,2.525299938040959,3.4563245449259483,2.6170910964662397,2.476126103170273,-49.52487674623472
2026-04-14T12:27:46.060,4.0040404799008655,4.0055301192718815,4.004187345754346,4.003961801765072,0.038009860301222484,2.525299938040959,3.4563245449259483,2.6170910964662397,2.476126103170273,-49.52487674623472
2026-04-14T12:27:46.170,4.0040404799008655,4.0055301192718815,4.004187345754346,4.003961801765072,0.038009860301222484,2.525299938040959,3.4563245449259483,2.6170910964662397,2.476126103170273,-49.52487674623472
2026-04-14T12:27:46.278,4.003602504944951,4.005320310909767,4.0040824415732885,4.00414800668645,0.03461416672964353,2.25156559059414,3.325194318604119,2.551525983305325,2.592504179031452,-49.56732291587946
2026-04-14T12:27:46.389,4.003602504944951,4.005320310909767,4.0040824415732885,4.00414800668645,0.03461416672964353,2.25156559059414,3.325194318604119,2.551525983305325,2.592504179031452,-49.56732291587946
2026-04-14T12:27:46.510,4.003602504944951,4.005320310909767,4.0040824415732885,4.00414800668645,0.03461416672964353,2.25156559059414,3.325194318604119,2.551525983305325,2.592504179031452,-49.56732291587946
2026-04-14T12:27:46.618,4.003744125589378,4.004981994925856,4.004284382121824,4.003731012566746,0.04053422487716167,2.340078493361375,3.113746828660169,2.677738826140086,2.3318828542162606,-49.493322189035474
2026-04-14T12:27:46.727,4.003744125589378,4.004981994925856,4.004284382121824,4.003731012566746,0.04053422487716167,2.340078493361375,3.113746828660169,2.677738826140086,2.3318828542162606,-49.493322189035474
2026-04-14T12:27:46.837,4.003744125589378,4.004981994925856,4.004284382121824,4.003731012566746,0.04053422487716167,2.340078493361375,3.113746828660169,2.677738826140086,2.3318828542162606,-49.493322189035474
2026-04-14T12:27:46.946,4.003791332470854,4.005309820491661,4.0041663649181345,4.003814935911592,0.03846295137895516,2.3695827942837866,3.3186378072880274,2.6039780738340568,2.3843349447449924,-49.51921310776306
2026-04-14T12:27:47.056,4.003791332470854,4.005309820491661,4.0041663649181345,4.003814935911592,0.03846295137895516,2.3695827942837866,3.3186378072880274,2.6039780738340568,2.3843349447449924,-49.51921310776306
2026-04-14T12:27:47.163,4.003791332470854,4.005309820491661,4.0041663649181345,4.003814935911592,0.03846295137895516,2.3695827942837866,3.3186378072880274,2.6039780738340568,2.3843349447449924,-49.51921310776306
2026-04-14T12:27:47.273,4.00357365629516,4.005414724672718,4.004245043053928,4.0040221216691805,0.043974729654230674,2.2335351844748885,3.384202920448942,2.653151908704743,2.513826043237799,-49.45031587932212
2026-04-14T12:27:47.373,4.00357365629516,4.005414724672718,4.004245043053928,4.0040221216691805,0.043974729654230674,2.2335351844748885,3.384202920448942,2.653151908704743,2.513826043237799,-49.45031587932212
2026-04-14T12:27:47.494,4.00357365629516,4.005414724672718,4.004245043053928,4.0040221216691805,0.043974729654230674,2.2335351844748885,3.384202920448942,2.653151908704743,2.513826043237799,-49.45031587932212
2026-04-14T12:27:47.604,4.003951311346967,4.005370140395769,4.004418134952672,4.004342079421406,0.048306479518268344,2.4695695918541816,3.3563377473555533,2.761334345420252,2.713799638378589,-49.396169006021644
2026-04-14T12:27:47.714,4.003951311346967,4.005370140395769,4.004418134952672,4.004342079421406,0.048306479518268344,2.4695695918541816,3.3563377473555533,2.761334345420252,2.713799638378589,-49.396169006021644
2026-04-14T12:27:47.823,4.003951311346967,4.005370140395769,4.004418134952672,4.004342079421406,0.048306479518268344,2.4695695918541816,3.3563377473555533,2.761334345420252,2.713799638378589,-49.396169006021644
2026-04-14T12:27:47.920,4.003967046974125,4.005189180683445,4.004061460737077,4.003612995363056,0.049108102194256924,2.4794043588283188,3.2432379271529754,2.538412960673142,2.2581221019102315,-49.38614872257179
2026-04-14T12:27:48.029,4.003967046974125,4.005189180683445,4.004061460737077,4.003612995363056,0.049108102194256924,2.4794043588283188,3.2432379271529754,2.538412960673142,2.2581221019102315,-49.38614872257179
2026-04-14T12:27:48.140,4.003967046974125,4.005189180683445,4.004061460737077,4.003612995363056,0.049108102194256924,2.4794043588283188,3.2432379271529754,2.538412960673142,2.2581221019102315,-49.38614872257179
2026-04-14T12:27:48.250,4.003741502984852,4.005079031293334,4.004050970318971,4.0042266848222425,0.04916287144541142,2.338439365532352,3.174394558334015,2.5318564493570506,2.6416780139015827,-49.38546410693236
2026-04-14T12:27:48.361,4.003741502984852,4.005079031293334,4.004050970318971,4.0042266848222425,0.04916287144541142,2.338439365532352,3.174394558334015,2.5318564493570506,2.6416780139015827,-49.38546410693236
2026-04-14T12:27:48.469,4.003741502984852,4.005079031293334,4.004050970318971,4.0042266848222425,0.04916287144541142,2.338439365532352,3.174394558334015,2.5318564493570506,2.6416780139015827,-49.38546410693236
2026-04-14T12:27:48.578,4.004006386042022,4.005517006249249,4.004344702025932,4.003796577679907,0.03605808335098942,2.503991276263662,3.448128905780834,2.715438766207612,2.3728610499418323,-49.549273958112636
2026-04-14T12:27:48.687,4.004006386042022,4.005517006249249,4.004344702025932,4.003796577679907,0.03605808335098942,2.503991276263662,3.448128905780834,2.715438766207612,2.3728610499418323,-49.549273958112636
2026-04-14T12:27:48.796,4.004006386042022,4.005517006249249,4.004344702025932,4.003796577679907,0.03605808335098942,2.503991276263662,3.448128905780834,2.715438766207612,2.3728610499418323,-49.549273958112636
2026-04-14T12:27:48.905,4.0036680700581115,4.005060673061649,4.003927707906229,4.003628730990215,0.03865713326941202,2.292543786319712,3.162920663530855,2.4548174413929758,2.2679568688843688,-49.51678583413235
2026-04-14T12:27:49.014,4.0036680700581115,4.005060673061649,4.003927707906229,4.003628730990215,0.03865713326941202,2.292543786319712,3.162920663530855,2.4548174413929758,2.2679568688843688,-49.51678583413235
2026-04-14T12:27:49.122,4.0036680700581115,4.005060673061649,4.003927707906229,4.003628730990215,0.03865713326941202,2.292543786319712,3.162920663530855,2.4548174413929758,2.2679568688843688,-49.51678583413235
2026-04-14T12:27:49.232,4.004182100545293,4.005433082904403,4.004399776720987,4.004071951155183,0.03964297979019301,2.613812840808194,3.395676815252102,2.749860450617092,2.5449694719892335,-49.50446275262259
2026-04-14T12:27:49.341,4.004182100545293,4.005433082904403,4.004399776720987,4.004071951155183,0.03964297979019301,2.613812840808194,3.395676815252102,2.749860450617092,2.5449694719892335,-49.50446275262259
2026-04-14T12:27:49.464,4.004182100545293,4.005433082904403,4.004399776720987,4.004071951155183,0.03964297979019301,2.613812840808194,3.395676815252102,2.749860450617092,2.5449694719892335,-49.50446275262259
2026-04-14T12:27:49.572,4.004032612087286,4.005548477503567,4.004019499064654,4.003605127549477,0.04234658918809238,2.5203825545538905,3.4677984397291084,2.512186915408776,2.253204718423163,-49.47066763514884
2026-04-14T12:27:49.682,4.004032612087286,4.005548477503567,4.004019499064654,4.003605127549477,0.04234658918809238,2.5203825545538905,3.4677984397291084,2.512186915408776,2.253204718423163,-49.47066763514884
2026-04-14T12:27:49.790,4.004032612087286,4.005548477503567,4.004019499064654,4.003605127549477,0.04234658918809238,2.5203825545538905,3.4677984397291084,2.512186915408776,2.253204718423163,-49.47066763514884
2026-04-14T12:27:49.900,4.003783464657275,4.005050182643544,4.00429487253993,4.003799200284433,0.033115480857143144,2.364665410796718,3.1563641522147634,2.6842953374561773,2.374500177770855,-49.58605648928571
2026-04-14T12:27:50.010,4.003783464657275,4.005050182643544,4.00429487253993,4.003799200284433,0.033115480857143144,2.364665410796718,3.1563641522147634,2.6842953374561773,2.374500177770855,-49.58605648928571
2026-04-14T12:27:50.107,4.003783464657275,4.005050182643544,4.00429487253993,4.003799200284433,0.033115480857143144,2.364665410796718,3.1563641522147634,2.6842953374561773,2.374500177770855,-49.58605648928571
2026-04-14T12:27:50.229,4.003518581600105,4.005254745796606,4.0036916734988495,4.003678560476217,0.035604992273256746,2.1991135000654083,3.284216122878547,2.3072959367809176,2.2991002976358033,-49.554937596584296
2026-04-14T12:27:50.325,4.003518581600105,4.005254745796606,4.0036916734988495,4.003678560476217,0.035604992273256746,2.1991135000654083,3.284216122878547,2.3072959367809176,2.2991002976358033,-49.554937596584296
2026-04-14T12:27:50.448,4.003518581600105,4.005254745796606,4.0036916734988495,4.003678560476217,0.035604992273256746,2.1991135000654083,3.284216122878547,2.3072959367809176,2.2991002976358033,-49.554937596584296
2026-04-14T12:27:50.557,4.003856897584015,4.005039692225438,4.004342079421406,4.004195213567925,0.03809450368937034,2.4105609900093583,3.149807640898672,2.713799638378589,2.6220084799533083,-49.523818703882874
2026-04-14T12:27:50.665,4.003856897584015,4.005039692225438,4.004342079421406,4.004195213567925,0.03809450368937034,2.4105609900093583,3.149807640898672,2.713799638378589,2.6220084799533083,-49.523818703882874
2026-04-14T12:27:50.775,4.003856897584015,4.005039692225438,4.004342079421406,4.004195213567925,0.03809450368937034,2.4105609900093583,3.149807640898672,2.713799638378589,2.6220084799533083,-49.523818703882874
2026-04-14T12:27:50.883,4.004134893663817,4.005506515831144,4.004703998846054,4.0040640833416035,0.038781608840217696,2.5843085398857824,3.4415723944647425,2.939999278783745,2.540052088502165,-49.51522988949728
2026-04-14T12:27:50.993,4.004134893663817,4.005506515831144,4.004703998846054,4.0040640833416035,0.038781608840217696,2.5843085398857824,3.4415723944647425,2.939999278783745,2.540052088502165,-49.51522988949728
2026-04-14T12:27:51.102,4.004134893663817,4.005506515831144,4.004703998846054,4.0040640833416035,0.038781608840217696,2.5843085398857824,3.4415723944647425,2.939999278783745,2.540052088502165,-49.51522988949728
2026-04-14T12:27:51.209,4.004113912827606,4.0053386691414525,4.00425815607656,4.003560543272528,0.035709551752733514,2.5711955172535994,3.336668213407834,2.661347547849857,2.225339545329774,-49.55363060309083
2026-04-14T12:27:51.318,4.004113912827606,4.0053386691414525,4.00425815607656,4.003560543272528,0.035709551752733514,2.5711955172535994,3.336668213407834,2.661347547849857,2.225339545329774,-49.55363060309083
2026-04-14T12:27:51.428,4.004113912827606,4.0053386691414525,4.00425815607656,4.003560543272528,0.035709551752733514,2.5711955172535994,3.336668213407834,2.661347547849857,2.225339545329774,-49.55363060309083
2026-04-14T12:27:51.537,4.003961801765072,4.005029201807332,4.004009008646548,4.004129648454764,0.03014798324913573,2.476126103170273,3.1432511295825805,2.5056304040926847,2.5810302842277366,-49.623150209385805
2026-04-14T12:27:51.638,4.003961801765072,4.005029201807332,4.004009008646548,4.004129648454764,0.03014798324913573,2.476126103170273,3.1432511295825805,2.5056304040926847,2.5810302842277366,-49.623150209385805
2026-04-14T12:27:51.754,4.003961801765072,4.005029201807332,4.004009008646548,4.004129648454764,0.03014798324913573,2.476126103170273,3.1432511295825805,2.5056304040926847,2.5810302842277366,-49.623150209385805
2026-04-14T12:27:51.862,4.003841161956856,4.005288839655449,4.004058838132551,4.003982782601284,0.034200907834568674,2.400726223035221,3.3055247846558444,2.536773832844119,2.489239125802456,-49.57248865206789
2026-04-14T12:27:51.971,4.003841161956856,4.005288839655449,4.004058838132551,4.003982782601284,0.034200907834568674,2.400726223035221,3.3055247846558444,2.536773832844119,2.489239125802456,-49.57248865206789
2026-04-14T12:27:52.081,4.003841161956856,4.005288839655449,4.004058838132551,4.003982782601284,0.034200907834568674,2.400726223035221,3.3055247846558444,2.536773832844119,2.489239125802456,-49.57248865206789
2026-04-14T12:27:52.189,4.003917217488123,4.004955768880592,4.003791332470854,4.003314018447043,0.04342205811985345,2.4482609300768843,3.09735555036994,2.3695827942837866,2.0712615294016246,-49.45722427350183
2026-04-14T12:27:52.297,4.003917217488123,4.004955768880592,4.003791332470854,4.003314018447043,0.04342205811985345,2.4482609300768843,3.09735555036994,2.3695827942837866,2.0712615294016246,-49.45722427350183
2026-04-14T12:27:52.408,4.003917217488123,4.004955768880592,4.003791332470854,4.003314018447043,0.04342205811985345,2.4482609300768843,3.09735555036994,2.3695827942837866,2.0712615294016246,-49.45722427350183
2026-04-14T12:27:52.515,4.003804445493486,4.005204916310604,4.003702163916955,4.00372838996222,0.04500040835766948,2.377778433428901,3.2530726941276678,2.313852448097009,2.3302437263872378,-49.437494895529134
2026-04-14T12:27:52.625,4.003804445493486,4.005204916310604,4.003702163916955,4.00372838996222,0.04500040835766948,2.377778433428901,3.2530726941276678,2.313852448097009,2.3302437263872378,-49.437494895529134
2026-04-14T12:27:52.734,4.003804445493486,4.005204916310604,4.003702163916955,4.00372838996222,0.04500040835766948,2.377778433428901,3.2530726941276678,2.313852448097009,2.3302437263872378,-49.437494895529134
2026-04-14T12:27:52.844,4.004318475980668,4.005270481423764,4.004168987522661,4.003883123629279,0.04479128939871593,2.699047487917383,3.2940508898526843,2.6056172016630796,2.426952268299587,-49.44010888251605
2026-04-14T12:27:52.953,4.004318475980668,4.005270481423764,4.004168987522661,4.003883123629279,0.04479128939871593,2.699047487917383,3.2940508898526843,2.6056172016630796,2.426952268299587,-49.44010888251605
2026-04-14T12:27:53.061,4.004318475980668,4.005270481423764,4.004168987522661,4.003883123629279,0.04479128939871593,2.699047487917383,3.2940508898526843,2.6056172016630796,2.426952268299587,-49.44010888251605
2026-04-14T12:27:53.170,4.0038359167478035,4.005482912390406,4.004551887783521,4.003843784561383,0.030207731523122453,2.3974479673771754,3.4268202440035367,2.8449298647004184,2.402365350864244,-49.62240335596097
2026-04-14T12:27:53.279,4.0038359167478035,4.005482912390406,4.004551887783521,4.003843784561383,0.030207731523122453,2.3974479673771754,3.4268202440035367,2.8449298647004184,2.402365350864244,-49.62240335596097
2026-04-14T12:27:53.403,4.0038359167478035,4.005482912390406,4.004551887783521,4.003843784561383,0.030207731523122453,2.3974479673771754,3.4268202440035367,2.8449298647004184,2.402365350864244,-49.62240335596097
2026-04-14T12:27:53.514,4.004050970318971,4.005517006249249,4.004087686782342,4.003867388002121,0.036939370392293634,2.5318564493570506,3.448128905780834,2.554804238963926,2.41711750132545,-49.53825787009633
2026-04-14T12:27:53.652,4.004050970318971,4.005517006249249,4.004087686782342,4.003867388002121,0.036939370392293634,2.5318564493570506,3.448128905780834,2.554804238963926,2.41711750132545,-49.53825787009633
2026-04-14T12:27:53.745,4.004050970318971,4.005517006249249,4.004087686782342,4.003867388002121,0.036939370392293634,2.5318564493570506,3.448128905780834,2.554804238963926,2.41711750132545,-49.53825787009633
2026-04-14T12:27:53.854,4.0037336351712725,4.005414724672718,4.003568411086107,4.003612995363056,0.036605775862534405,2.3335219820452835,3.384202920448942,2.230256928816843,2.2581221019102315,-49.54242780171832
2026-04-14T12:27:53.963,4.0037336351712725,4.005414724672718,4.003568411086107,4.003612995363056,0.036605775862534405,2.3335219820452835,3.384202920448942,2.230256928816843,2.2581221019102315,-49.54242780171832
2026-04-14T12:27:54.071,4.0037336351712725,4.005414724672718,4.003568411086107,4.003612995363056,0.036605775862534405,2.3335219820452835,3.384202920448942,2.230256928816843,2.2581221019102315,-49.54242780171832
2026-04-14T12:27:54.182,4.004016876460128,4.005480289785879,4.003932953115282,4.003814935911592,0.028450136463346248,2.5105477875797533,3.425181116174514,2.4580956970510215,2.3843349447449924,-49.64437329420817
2026-04-14T12:27:54.291,4.004016876460128,4.005480289785879,4.003932953115282,4.003814935911592,0.028450136463346248,2.5105477875797533,3.425181116174514,2.4580956970510215,2.3843349447449924,-49.64437329420817
2026-04-14T12:27:54.400,4.004016876460128,4.005480289785879,4.003932953115282,4.003814935911592,0.028450136463346248,2.5105477875797533,3.425181116174514,2.4580956970510215,2.3843349447449924,-49.64437329420817
2026-04-14T12:27:54.507,4.003851652374962,4.005417347277245,4.0041034224095,4.004074573759709,0.03183587198926075,2.4072827343513126,3.385842048277965,2.564639005937508,2.5466085998182564,-49.60205160013424
2026-04-14T12:27:54.616,4.003851652374962,4.005417347277245,4.0041034224095,4.004074573759709,0.03183587198926075,2.4072827343513126,3.385842048277965,2.564639005937508,2.5466085998182564,-49.60205160013424
2026-04-14T12:27:54.726,4.003851652374962,4.005417347277245,4.0041034224095,4.004074573759709,0.03183587198926075,2.4072827343513126,3.385842048277965,2.564639005937508,2.5466085998182564,-49.60205160013424
2026-04-14T12:27:54.833,4.004203081381505,4.00559043917599,4.004339456816879,4.003707409126008,0.03342915929557345,2.626925863440377,3.4940244849934743,2.712160510549566,2.317130703755055,-49.58213550880533
2026-04-14T12:27:54.942,4.004203081381505,4.00559043917599,4.004339456816879,4.003707409126008,0.03342915929557345,2.626925863440377,3.4940244849934743,2.712160510549566,2.317130703755055,-49.58213550880533
2026-04-14T12:27:55.049,4.004203081381505,4.00559043917599,4.004339456816879,4.003707409126008,0.03342915929557345,2.626925863440377,3.4940244849934743,2.712160510549566,2.317130703755055,-49.58213550880533
2026-04-14T12:27:55.158,4.003870010606647,4.0054881575994585,4.004171610127187,4.004090309386868,0.02972974533122864,2.4187566291544726,3.4300984996615824,2.6072563294921025,2.5564433667923936,-49.62837818335964
2026-04-14T12:27:55.266,4.003870010606647,4.0054881575994585,4.004171610127187,4.004090309386868,0.02972974533122864,2.4187566291544726,3.4300984996615824,2.6072563294921025,2.5564433667923936,-49.62837818335964
2026-04-14T12:27:55.375,4.003870010606647,4.0054881575994585,4.004171610127187,4.004090309386868,0.02972974533122864,2.4187566291544726,3.4300984996615824,2.6072563294921025,2.5564433667923936,-49.62837818335964
2026-04-14T12:27:55.484,4.004032612087286,4.0049295428353275,4.003689050894323,4.004108667618553,0.032044990948214294,2.5203825545538905,3.0809642720797115,2.3056568089518947,2.5679172615955537,-49.59943761314732
2026-04-14T12:27:55.593,4.004032612087286,4.0049295428353275,4.003689050894323,4.004108667618553,0.032044990948214294,2.5203825545538905,3.0809642720797115,2.3056568089518947,2.5679172615955537,-49.59943761314732
2026-04-14T12:27:55.702,4.004032612087286,4.0049295428353275,4.003689050894323,4.004108667618553,0.032044990948214294,2.5203825545538905,3.0809642720797115,2.3056568089518947,2.5679172615955537,-49.59943761314732
2026-04-14T12:27:55.810,4.00444173839341,4.005406856859139,4.003974914787705,4.003731012566746,0.038074587598041436,2.776086495881458,3.3792855369618735,2.4843217423153874,2.3318828542162606,-49.52406765502448
2026-04-14T12:27:55.919,4.00444173839341,4.005406856859139,4.003974914787705,4.003731012566746,0.038074587598041436,2.776086495881458,3.3792855369618735,2.4843217423153874,2.3318828542162606,-49.52406765502448
2026-04-14T12:27:56.029,4.00444173839341,4.005406856859139,4.003974914787705,4.003731012566746,0.038074587598041436,2.776086495881458,3.3792855369618735,2.4843217423153874,2.3318828542162606,-49.52406765502448
2026-04-14T12:27:56.139,4.003867388002121,4.005239010169447,4.0037939550753805,4.003927707906229,0.041410532895633664,2.41711750132545,3.27438135590441,2.3712219221128095,2.4548174413929758,-49.48236833880458
2026-04-14T12:27:56.248,4.003867388002121,4.005239010169447,4.0037939550753805,4.003927707906229,0.041410532895633664,2.41711750132545,3.27438135590441,2.3712219221128095,2.4548174413929758,-49.48236833880458
2026-04-14T12:27:56.358,4.003867388002121,4.005239010169447,4.0037939550753805,4.003927707906229,0.041410532895633664,2.41711750132545,3.27438135590441,2.3712219221128095,2.4548174413929758,-49.48236833880458
2026-04-14T12:27:56.467,4.003922462697176,4.005419969881771,4.004142761477397,4.003977537392231,0.03337936906725118,2.45153918573493,3.387481176106988,2.589225923372851,2.4859608701444103,-49.582757886659365
2026-04-14T12:27:56.577,4.003922462697176,4.005419969881771,4.004142761477397,4.003977537392231,0.03337936906725118,2.45153918573493,3.387481176106988,2.589225923372851,2.4859608701444103,-49.582757886659365
2026-04-14T12:27:56.686,4.003922462697176,4.005419969881771,4.004142761477397,4.003977537392231,0.03337936906725118,2.45153918573493,3.387481176106988,2.589225923372851,2.4859608701444103,-49.582757886659365
2026-04-14T12:27:56.797,4.004231930031295,4.005412102068192,4.00398540520581,4.003641844012847,0.03792521691307462,2.6449562695596285,3.3825637926199192,2.490878253631479,2.276152508029483,-49.52593478858657
2026-04-14T12:27:56.904,4.004231930031295,4.005412102068192,4.00398540520581,4.003641844012847,0.03792521691307462,2.6449562695596285,3.3825637926199192,2.490878253631479,2.276152508029483,-49.52593478858657
2026-04-14T12:27:57.027,4.004231930031295,4.005412102068192,4.00398540520581,4.003641844012847,0.03792521691307462,2.6449562695596285,3.3825637926199192,2.490878253631479,2.276152508029483,-49.52593478858657
2026-04-14T12:27:57.121,4.003744125589378,4.005378008209348,4.004323721189721,4.003702163916955,0.029928906244517727,2.340078493361375,3.361255130842622,2.702325743575429,2.313852448097009,-49.62588867194353
2026-04-14T12:27:57.246,4.003744125589378,4.005378008209348,4.004323721189721,4.003702163916955,0.029928906244517727,2.340078493361375,3.361255130842622,2.702325743575429,2.313852448097009,-49.62588867194353
2026-04-14T12:27:57.341,4.003744125589378,4.005378008209348,4.004323721189721,4.003702163916955,0.029928906244517727,2.340078493361375,3.361255130842622,2.702325743575429,2.313852448097009,-49.62588867194353
2026-04-14T12:27:57.450,4.003925085301702,4.005152464220075,4.004363060257617,4.003828048934224,0.03205494899387875,2.453178313563953,3.2202901375466553,2.726912661010772,2.3925305838901068,-49.599313137576516
2026-04-14T12:27:57.560,4.003925085301702,4.005152464220075,4.004363060257617,4.003828048934224,0.03205494899387875,2.453178313563953,3.2202901375466553,2.726912661010772,2.3925305838901068,-49.599313137576516
2026-04-14T12:27:57.684,4.003925085301702,4.005152464220075,4.004363060257617,4.003828048934224,0.03205494899387875,2.453178313563953,3.2202901375466553,2.726912661010772,2.3925305838901068,-49.599313137576516
2026-04-14T12:27:57.793,4.004043102505392,4.005574703548831,4.003859520188541,4.003392696582836,0.04020063034740245,2.526939065869982,3.484189718019337,2.412200117838381,2.1204353642723106,-49.49749212065747
2026-04-14T12:27:57.902,4.004043102505392,4.005574703548831,4.003859520188541,4.003392696582836,0.04020063034740245,2.526939065869982,3.484189718019337,2.412200117838381,2.1204353642723106,-49.49749212065747
2026-04-14T12:27:58.011,4.004043102505392,4.005574703548831,4.003859520188541,4.003392696582836,0.04020063034740245,2.526939065869982,3.484189718019337,2.412200117838381,2.1204353642723106,-49.49749212065747
2026-04-14T12:27:58.106,4.003767729030116,4.005330801327872,4.00399327301939,4.0037939550753805,0.028554695942823023,2.354830643822581,3.3317508299202103,2.4957956371185475,2.3712219221128095,-49.64306630071471
2026-04-14T12:27:58.216,4.003767729030116,4.005330801327872,4.00399327301939,4.0037939550753805,0.028554695942823023,2.354830643822581,3.3317508299202103,2.4957956371185475,2.3712219221128095,-49.64306630071471
2026-04-14T12:27:58.341,4.003767729030116,4.005330801327872,4.00399327301939,4.0037939550753805,0.028554695942823023,2.354830643822581,3.3317508299202103,2.4957956371185475,2.3712219221128095,-49.64306630071471
2026-04-14T12:27:58.449,4.003502845972946,4.005600929594095,4.00361037275853,4.003694296103376,0.04296398801928855,2.189278733091271,3.5005809963095658,2.2564829740812087,2.3089350646099405,-49.462950149758896
2026-04-14T12:27:58.558,4.003502845972946,4.005600929594095,4.00361037275853,4.003694296103376,0.04296398801928855,2.189278733091271,3.5005809963095658,2.2564829740812087,2.3089350646099405,-49.462950149758896
2026-04-14T12:27:58.667,4.003502845972946,4.005600929594095,4.00361037275853,4.003694296103376,0.04296398801928855,2.189278733091271,3.5005809963095658,2.2564829740812087,2.3089350646099405,-49.462950149758896
2026-04-14T12:27:58.775,4.004071951155183,4.005155086824601,4.0037939550753805,4.003741502984852,0.040359959078033726,2.5449694719892335,3.221929265375678,2.3712219221128095,2.338439365532352,-49.495500511524575
2026-04-14T12:27:58.880,4.004071951155183,4.005155086824601,4.0037939550753805,4.003741502984852,0.040359959078033726,2.5449694719892335,3.221929265375678,2.3712219221128095,2.338439365532352,-49.495500511524575
2026-04-14T12:27:58.996,4.004071951155183,4.005155086824601,4.0037939550753805,4.003741502984852,0.040359959078033726,2.5449694719892335,3.221929265375678,2.3712219221128095,2.338439365532352,-49.495500511524575
2026-04-14T12:27:59.105,4.0039381983243345,4.005404234254613,4.004168987522661,4.0039198400926495,0.049033416851773516,2.4613739527090672,3.3776464091328506,2.6056172016630796,2.449900057905907,-49.38708228935283
2026-04-14T12:27:59.213,4.0039381983243345,4.005404234254613,4.004168987522661,4.0039198400926495,0.049033416851773516,2.4613739527090672,3.3776464091328506,2.6056172016630796,2.449900057905907,-49.38708228935283
2026-04-14T12:27:59.310,4.0039381983243345,4.005404234254613,4.004168987522661,4.0039198400926495,0.049033416851773516,2.4613739527090672,3.3776464091328506,2.6056172016630796,2.449900057905907,-49.38708228935283
2026-04-14T12:27:59.432,4.0038123133070656,4.005766153679261,4.0041244032457115,4.003783464657275,0.03878658786304992,2.3826958169159695,3.6038460495380065,2.577752028569691,2.364665410796718,-49.51516765171188
2026-04-14T12:27:59.541,4.0038123133070656,4.005766153679261,4.0041244032457115,4.003783464657275,0.03878658786304992,2.3826958169159695,3.6038460495380065,2.577752028569691,2.364665410796718,-49.51516765171188
2026-04-14T12:27:59.641,4.0038123133070656,4.005766153679261,4.0041244032457115,4.003783464657275,0.03878658786304992,2.3826958169159695,3.6038460495380065,2.577752028569691,2.364665410796718,-49.51516765171188
2026-04-14T12:27:59.758,4.003077984039663,4.005430460299877,4.004349947234985,4.003943443533387,0.03863223815525088,1.9237400247895664,3.3940376874230793,2.7187170218656576,2.464652208367113,-49.517097023059364
2026-04-14T12:27:59.867,4.003077984039663,4.005430460299877,4.004349947234985,4.003943443533387,0.03863223815525088,1.9237400247895664,3.3940376874230793,2.7187170218656576,2.464652208367113,-49.517097023059364
2026-04-14T12:27:59.976,4.003077984039663,4.005430460299877,4.004349947234985,4.003943443533387,0.03863223815525088,1.9237400247895664,3.3940376874230793,2.7187170218656576,2.464652208367113,-49.517097023059364
2026-04-14T12:28:00.084,4.003518581600105,4.00550913843567,4.004224062217716,4.003237962915777,0.037900321798913485,2.1991135000654083,3.4432115222937654,2.64003888607256,2.0237268223605165,-49.52624597751358
2026-04-14T12:28:00.194,4.003518581600105,4.00550913843567,4.004224062217716,4.003237962915777,0.037900321798913485,2.1991135000654083,3.4432115222937654,2.64003888607256,2.0237268223605165,-49.52624597751358
2026-04-14T12:28:00.303,4.003518581600105,4.00550913843567,4.004224062217716,4.003237962915777,0.037900321798913485,2.1991135000654083,3.4432115222937654,2.64003888607256,2.0237268223605165,-49.52624597751358
2026-04-14T12:28:00.414,4.003623485781162,4.005165577242707,4.003772974239169,4.003542185040843,0.03782563645643008,2.264678613226323,3.2284857766917696,2.3581088994806265,2.213865650526614,-49.527179544294626
2026-04-14T12:28:00.522,4.003623485781162,4.005165577242707,4.003772974239169,4.003542185040843,0.03782563645643008,2.264678613226323,3.2284857766917696,2.3581088994806265,2.213865650526614,-49.527179544294626
2026-04-14T12:28:00.629,4.003623485781162,4.005165577242707,4.003772974239169,4.003542185040843,0.03782563645643008,2.264678613226323,3.2284857766917696,2.3581088994806265,2.213865650526614,-49.527179544294626
2026-04-14T12:28:00.737,4.004113912827606,4.005044937434491,4.003615617967583,4.003198623847879,0.039667874904354146,2.5711955172535994,3.1530858965567177,2.2597612297392544,1.9991399049246183,-49.50415156369557
2026-04-14T12:28:00.846,4.004113912827606,4.005044937434491,4.003615617967583,4.003198623847879,0.039667874904354146,2.5711955172535994,3.1530858965567177,2.2597612297392544,1.9991399049246183,-49.50415156369557
2026-04-14T12:28:00.956,4.004113912827606,4.005044937434491,4.003615617967583,4.003198623847879,0.039667874904354146,2.5711955172535994,3.1530858965567177,2.2597612297392544,1.9991399049246183,-49.50415156369557
2026-04-14T12:28:01.063,4.004153251895502,4.005168199847233,4.004053592923498,4.003660202244532,0.04673808732611678,2.5957824346889424,3.2301249045207925,2.5334955771860734,2.287626402832643,-49.41577390842354
2026-04-14T12:28:01.173,4.004153251895502,4.005168199847233,4.004053592923498,4.003660202244532,0.04673808732611678,2.5957824346889424,3.2301249045207925,2.5334955771860734,2.287626402832643,-49.41577390842354
2026-04-14T12:28:01.281,4.004153251895502,4.005168199847233,4.004053592923498,4.003660202244532,0.04673808732611678,2.5957824346889424,3.2301249045207925,2.5334955771860734,2.287626402832643,-49.41577390842354
2026-04-14T12:28:01.391,4.003712654335061,4.00513410598839,4.004011631251075,4.003316641051569,0.055361754871534295,2.3204089594131005,3.208816242743495,2.5072695319217075,2.0729006572306474,-49.307978064105825
2026-04-14T12:28:01.499,4.003712654335061,4.00513410598839,4.004011631251075,4.003316641051569,0.055361754871534295,2.3204089594131005,3.208816242743495,2.5072695319217075,2.0729006572306474,-49.307978064105825
2026-04-14T12:28:01.608,4.003712654335061,4.00513410598839,4.004011631251075,4.003316641051569,0.055361754871534295,2.3204089594131005,3.208816242743495,2.5072695319217075,2.0729006572306474,-49.307978064105825
2026-04-14T12:28:01.718,4.003447771277891,4.005144596406495,4.004470587043201,4.0036497118264265,0.050178592103185767,2.154857048681791,3.2153727540595867,2.7941169020007095,2.2810698915165517,-49.372767598710176
2026-04-14T12:28:01.830,4.003447771277891,4.005144596406495,4.004470587043201,4.0036497118264265,0.050178592103185767,2.154857048681791,3.2153727540595867,2.7941169020007095,2.2810698915165517,-49.372767598710176
2026-04-14T12:28:01.939,4.003447771277891,4.005144596406495,4.004470587043201,4.0036497118264265,0.050178592103185767,2.154857048681791,3.2153727540595867,2.7941169020007095,2.2810698915165517,-49.372767598710176
2026-04-14T12:28:02.047,4.003172397802615,4.005561590526199,4.0042686464946655,4.003833294143277,0.05174698429533734,1.9827486266343897,3.4759940788742227,2.6679040591659486,2.3958088395481525,-49.35316269630828
2026-04-14T12:28:02.156,4.003172397802615,4.005561590526199,4.0042686464946655,4.003833294143277,0.05174698429533734,1.9827486266343897,3.4759940788742227,2.6679040591659486,2.3958088395481525,-49.35316269630828
2026-04-14T12:28:02.265,4.003172397802615,4.005561590526199,4.0042686464946655,4.003833294143277,0.05174698429533734,1.9827486266343897,3.4759940788742227,2.6679040591659486,2.3958088395481525,-49.35316269630828
2026-04-14T12:28:02.373,4.003571033690633,4.0051996711015505,4.004100799804974,4.004092931991394,0.04745506661395749,2.2318960566458657,3.249794438469067,2.562999878108485,2.5580824946214165,-49.40681166732553
2026-04-14T12:28:02.482,4.003571033690633,4.0051996711015505,4.004100799804974,4.004092931991394,0.04745506661395749,2.2318960566458657,3.249794438469067,2.562999878108485,2.5580824946214165,-49.40681166732553
2026-04-14T12:28:02.592,4.003571033690633,4.0051996711015505,4.004100799804974,4.004092931991394,0.04745506661395749,2.2318960566458657,3.249794438469067,2.562999878108485,2.5580824946214165,-49.40681166732553
2026-04-14T12:28:02.699,4.003589391922318,4.005564213130725,4.003914594883597,4.003686428289797,0.04601612901544383,2.2433699514490257,3.4776332067032456,2.4466218022478614,2.304017681122872,-49.42479838730695
2026-04-14T12:28:02.810,4.003589391922318,4.005564213130725,4.003914594883597,4.003686428289797,0.04601612901544383,2.2433699514490257,3.4776332067032456,2.4466218022478614,2.304017681122872,-49.42479838730695
2026-04-14T12:28:02.919,4.003589391922318,4.005564213130725,4.003914594883597,4.003686428289797,0.04601612901544383,2.2433699514490257,3.4776332067032456,2.4466218022478614,2.304017681122872,-49.42479838730695
2026-04-14T12:28:03.028,4.003770351634643,4.005370140395769,4.003788709866328,4.003211736870512,0.04381042190076717,2.3564697716516037,3.3563377473555533,2.3679436664547637,2.0073355440697327,-49.452369726240406
2026-04-14T12:28:03.139,4.003770351634643,4.005370140395769,4.003788709866328,4.003211736870512,0.04381042190076717,2.3564697716516037,3.3563377473555533,2.3679436664547637,2.0073355440697327,-49.452369726240406
2026-04-14T12:28:03.247,4.003770351634643,4.005370140395769,4.003788709866328,4.003211736870512,0.04381042190076717,2.3564697716516037,3.3563377473555533,2.3679436664547637,2.0073355440697327,-49.452369726240406
2026-04-14T12:28:03.370,4.003605127549477,4.00539112123198,4.0039985182284425,4.00350022336842,0.05006407457804454,2.253204718423163,3.3694507699877363,2.499073892776593,2.187639605262248,-49.37419906777444
2026-04-14T12:28:03.477,4.003605127549477,4.00539112123198,4.0039985182284425,4.00350022336842,0.05006407457804454,2.253204718423163,3.3694507699877363,2.499073892776593,2.187639605262248,-49.37419906777444
2026-04-14T12:28:03.585,4.003605127549477,4.00539112123198,4.0039985182284425,4.00350022336842,0.05006407457804454,2.253204718423163,3.3694507699877363,2.499073892776593,2.187639605262248,-49.37419906777444
2026-04-14T12:28:03.694,4.003870010606647,4.005194425892498,4.003964424369599,4.003925085301702,0.043571428804820275,2.4187566291544726,3.246516182811021,2.477765230999296,2.453178313563953,-49.45535713993975
2026-04-14T12:28:03.804,4.003870010606647,4.005194425892498,4.003964424369599,4.003925085301702,0.043571428804820275,2.4187566291544726,3.246516182811021,2.477765230999296,2.453178313563953,-49.45535713993975
2026-04-14T12:28:03.928,4.003870010606647,4.005194425892498,4.003964424369599,4.003925085301702,0.043571428804820275,2.4187566291544726,3.246516182811021,2.477765230999296,2.453178313563953,-49.45535713993975
2026-04-14T12:28:04.022,4.0038123133070656,4.005595684385042,4.0041060450140264,4.003652334430953,0.049879850733252136,2.3826958169159695,3.49730274065152,2.566278133766531,2.2827090193455746,-49.37650186583435
2026-04-14T12:28:04.132,4.0038123133070656,4.005595684385042,4.0041060450140264,4.003652334430953,0.049879850733252136,2.3826958169159695,3.49730274065152,2.566278133766531,2.2827090193455746,-49.37650186583435
2026-04-14T12:28:04.242,4.0038123133070656,4.005595684385042,4.0041060450140264,4.003652334430953,0.049879850733252136,2.3826958169159695,3.49730274065152,2.566278133766531,2.2827090193455746,-49.37650186583435
2026-04-14T12:28:04.350,4.004011631251075,4.00528097184187,4.003487110345787,4.003783464657275,0.03893097952518452,2.5072695319217075,3.300607401168776,2.179443966117134,2.364665410796718,-49.51336275593519
2026-04-14T12:28:04.462,4.004011631251075,4.00528097184187,4.003487110345787,4.003783464657275,0.03893097952518452,2.5072695319217075,3.300607401168776,2.179443966117134,2.364665410796718,-49.51336275593519
2026-04-14T12:28:04.571,4.004011631251075,4.00528097184187,4.003487110345787,4.003783464657275,0.03893097952518452,2.5072695319217075,3.300607401168776,2.179443966117134,2.364665410796718,-49.51336275593519
2026-04-14T12:28:04.682,4.003224849893144,4.005202293706077,4.004074573759709,4.004239797844875,0.041176518822518986,2.015531183214847,3.2514335662980898,2.5466085998182564,2.649873653046697,-49.485293514718514
2026-04-14T12:28:04.787,4.003224849893144,4.005202293706077,4.004074573759709,4.004239797844875,0.041176518822518986,2.015531183214847,3.2514335662980898,2.5466085998182564,2.649873653046697,-49.485293514718514
2026-04-14T12:28:04.901,4.003224849893144,4.005202293706077,4.004074573759709,4.004239797844875,0.041176518822518986,2.015531183214847,3.2514335662980898,2.5466085998182564,2.649873653046697,-49.485293514718514
2026-04-14T12:28:05.008,4.003678560476217,4.0053858760229275,4.00444173839341,4.00361037275853,0.04625512211139073,2.2991002976358033,3.3661725143296906,2.776086495881458,2.2564829740812087,-49.42181097360761
2026-04-14T12:28:05.117,4.003678560476217,4.0053858760229275,4.00444173839341,4.00361037275853,0.04625512211139073,2.2991002976358033,3.3661725143296906,2.776086495881458,2.2564829740812087,-49.42181097360761
2026-04-14T12:28:05.226,4.003678560476217,4.0053858760229275,4.00444173839341,4.00361037275853,0.04625512211139073,2.2991002976358033,3.3661725143296906,2.776086495881458,2.2564829740812087,-49.42181097360761
2026-04-14T12:28:05.335,4.003665447453585,4.0053675177912424,4.003471374718629,4.003508091181999,0.0479878220570058,2.290904658490689,3.3546986195265305,2.1696091991429967,2.192556988749317,-49.40015222428743
2026-04-14T12:28:05.443,4.003665447453585,4.0053675177912424,4.003471374718629,4.003508091181999,0.0479878220570058,2.290904658490689,3.3546986195265305,2.1696091991429967,2.192556988749317,-49.40015222428743
2026-04-14T12:28:05.554,4.003665447453585,4.0053675177912424,4.003471374718629,4.003508091181999,0.0479878220570058,2.290904658490689,3.3546986195265305,2.1696091991429967,2.192556988749317,-49.40015222428743
2026-04-14T12:28:05.663,4.003927707906229,4.0051813128698655,4.004019499064654,4.004460096625095,0.04565763937152347,2.4548174413929758,3.238320543665907,2.512186915408776,2.787560390684618,-49.42927950785595
2026-04-14T12:28:05.772,4.003927707906229,4.0051813128698655,4.004019499064654,4.004460096625095,0.04565763937152347,2.4548174413929758,3.238320543665907,2.512186915408776,2.787560390684618,-49.42927950785595
2026-04-14T12:28:05.881,4.003927707906229,4.0051813128698655,4.004019499064654,4.004460096625095,0.04565763937152347,2.4548174413929758,3.238320543665907,2.512186915408776,2.787560390684618,-49.42927950785595
2026-04-14T12:28:05.990,4.003211736870512,4.005558967921672,4.004384041093829,4.0037939550753805,0.04759447925325985,2.0073355440697327,3.4743549510452,2.740025683642955,2.3712219221128095,-49.40506900933425
2026-04-14T12:28:06.101,4.003211736870512,4.005558967921672,4.004384041093829,4.0037939550753805,0.04759447925325985,2.0073355440697327,3.4743549510452,2.740025683642955,2.3712219221128095,-49.40506900933425
2026-04-14T12:28:06.209,4.003211736870512,4.005558967921672,4.004384041093829,4.0037939550753805,0.04759447925325985,2.0073355440697327,3.4743549510452,2.740025683642955,2.3712219221128095,-49.40506900933425
2026-04-14T12:28:06.318,4.004315853376141,4.00512623817481,4.0041244032457115,4.003557920668001,0.04846580824889961,2.6974083600883603,3.2038988592564266,2.577752028569691,2.2237004175007513,-49.39417739688876
2026-04-14T12:28:06.427,4.004315853376141,4.00512623817481,4.0041244032457115,4.003557920668001,0.04846580824889961,2.6974083600883603,3.2038988592564266,2.577752028569691,2.2237004175007513,-49.39417739688876
2026-04-14T12:28:06.531,4.004315853376141,4.00512623817481,4.0041244032457115,4.003557920668001,0.04846580824889961,2.6974083600883603,3.2038988592564266,2.577752028569691,2.2237004175007513,-49.39417739688876
2026-04-14T12:28:06.645,4.003332376678728,4.005593061780517,4.003932953115282,4.003681183080744,0.052946928797904094,2.0827354242047846,3.4956636128230523,2.4580956970510215,2.300739425464826,-49.338163390026196
2026-04-14T12:28:06.755,4.003332376678728,4.005593061780517,4.003932953115282,4.003681183080744,0.052946928797904094,2.0827354242047846,3.4956636128230523,2.4580956970510215,2.300739425464826,-49.338163390026196
2026-04-14T12:28:06.864,4.003332376678728,4.005593061780517,4.003932953115282,4.003681183080744,0.052946928797904094,2.0827354242047846,3.4956636128230523,2.4580956970510215,2.300739425464826,-49.338163390026196
2026-04-14T12:28:06.973,4.0034189226281,4.005204916310604,4.004132271059291,4.003636598803794,0.045204548293790794,2.1368266425625393,3.2530726941276678,2.5826694120567595,2.2728742523714374,-49.43494314632761
2026-04-14T12:28:07.082,4.0034189226281,4.005204916310604,4.004132271059291,4.003636598803794,0.045204548293790794,2.1368266425625393,3.2530726941276678,2.5826694120567595,2.2728742523714374,-49.43494314632761
2026-04-14T12:28:07.190,4.0034189226281,4.005204916310604,4.004132271059291,4.003636598803794,0.045204548293790794,2.1368266425625393,3.2530726941276678,2.5826694120567595,2.2728742523714374,-49.43494314632761
2026-04-14T12:28:07.301,4.004134893663817,4.0048036578180595,4.004016876460128,4.003736257775799,0.03633192960676192,2.5843085398857824,3.002286136287169,2.5105477875797533,2.3351611098743064,-49.54585087991548
2026-04-14T12:28:07.410,4.004134893663817,4.0048036578180595,4.004016876460128,4.003736257775799,0.03633192960676192,2.5843085398857824,3.002286136287169,2.5105477875797533,2.3351611098743064,-49.54585087991548
2026-04-14T12:28:07.520,4.004134893663817,4.0048036578180595,4.004016876460128,4.003736257775799,0.03633192960676192,2.5843085398857824,3.002286136287169,2.5105477875797533,2.3351611098743064,-49.54585087991548
2026-04-14T12:28:07.624,4.003571033690633,4.004947901067013,4.003565788481581,4.004069328550656,0.04180885472221184,2.2318960566458657,3.0924381668828715,2.228617800988375,2.5433303441602106,-49.47738931597235
2026-04-14T12:28:07.735,4.003571033690633,4.004947901067013,4.003565788481581,4.004069328550656,0.04180885472221184,2.2318960566458657,3.0924381668828715,2.228617800988375,2.5433303441602106,-49.47738931597235
2026-04-14T12:28:07.846,4.003571033690633,4.004947901067013,4.003565788481581,4.004069328550656,0.04180885472221184,2.2318960566458657,3.0924381668828715,2.228617800988375,2.5433303441602106,-49.47738931597235
2026-04-14T12:28:07.956,4.003809690702539,4.00561928782578,4.004153251895502,4.0041244032457115,0.04232667309676347,2.3810566890869467,3.512054891112726,2.5957824346889424,2.577752028569691,-49.47091658629046
2026-04-14T12:28:08.065,4.003809690702539,4.00561928782578,4.004153251895502,4.0041244032457115,0.04232667309676347,2.3810566890869467,3.512054891112726,2.5957824346889424,2.577752028569691,-49.47091658629046
2026-04-14T12:28:08.175,4.003809690702539,4.00561928782578,4.004153251895502,4.0041244032457115,0.04232667309676347,2.3810566890869467,3.512054891112726,2.5957824346889424,2.577752028569691,-49.47091658629046
2026-04-14T12:28:08.284,4.003951311346967,4.005050182643544,4.004745960518477,4.003817558516118,0.05618329363885178,2.4695695918541816,3.1563641522147634,2.9662253240481107,2.3859740725740153,-49.297708829514356
2026-04-14T12:28:08.394,4.003951311346967,4.005050182643544,4.004745960518477,4.003817558516118,0.05618329363885178,2.4695695918541816,3.1563641522147634,2.9662253240481107,2.3859740725740153,-49.297708829514356
2026-04-14T12:28:08.504,4.003951311346967,4.005050182643544,4.004745960518477,4.003817558516118,0.05618329363885178,2.4695695918541816,3.1563641522147634,2.9662253240481107,2.3859740725740153,-49.297708829514356
2026-04-14T12:28:08.607,4.0036470892219,4.005349159559557,4.003807068098013,4.00361037275853,0.047499877819447534,2.279430763687529,3.3432247247233704,2.379417561257924,2.2564829740812087,-49.406251527256906
2026-04-14T12:28:08.722,4.0036470892219,4.005349159559557,4.003807068098013,4.00361037275853,0.047499877819447534,2.279430763687529,3.3432247247233704,2.379417561257924,2.2564829740812087,-49.406251527256906
2026-04-14T12:28:08.831,4.0036470892219,4.005349159559557,4.003807068098013,4.00361037275853,0.047499877819447534,2.279430763687529,3.3432247247233704,2.379417561257924,2.2564829740812087,-49.406251527256906
2026-04-14T12:28:08.940,4.003741502984852,4.004903316790063,4.0045597555971,4.004305362958036,0.048605220888201975,2.338439365532352,3.064572993789483,2.849847248187487,2.690851848772269,-49.39243473889747
2026-04-14T12:28:09.050,4.003741502984852,4.004903316790063,4.0045597555971,4.004305362958036,0.048605220888201975,2.338439365532352,3.064572993789483,2.849847248187487,2.690851848772269,-49.39243473889747
2026-04-14T12:28:09.161,4.003741502984852,4.004903316790063,4.0045597555971,4.004305362958036,0.048605220888201975,2.338439365532352,3.064572993789483,2.849847248187487,2.690851848772269,-49.39243473889747
2026-04-14T12:28:09.271,4.00421357179961,4.004890203767431,4.004284382121824,4.003534317227263,0.03748706290383863,2.6334823747564684,3.0563773546443684,2.677738826140086,2.2089482670395455,-49.53141171370202
2026-04-14T12:28:09.382,4.00421357179961,4.004890203767431,4.004284382121824,4.003534317227263,0.03748706290383863,2.6334823747564684,3.0563773546443684,2.677738826140086,2.2089482670395455,-49.53141171370202
2026-04-14T12:28:09.491,4.00421357179961,4.004890203767431,4.004284382121824,4.003534317227263,0.03748706290383863,2.6334823747564684,3.0563773546443684,2.677738826140086,2.2089482670395455,-49.53141171370202
2026-04-14T12:28:09.600,4.003822803725171,4.0046410563374195,4.003796577679907,4.003846407165909,0.04079313406443749,2.389252328232061,2.900660210887196,2.3728610499418323,2.404004478693267,-49.49008582419453
2026-04-14T12:28:09.711,4.003822803725171,4.0046410563374195,4.003796577679907,4.003846407165909,0.04079313406443749,2.389252328232061,2.900660210887196,2.3728610499418323,2.404004478693267,-49.49008582419453
2026-04-14T12:28:09.819,4.003822803725171,4.0046410563374195,4.003796577679907,4.003846407165909,0.04079313406443749,2.389252328232061,2.900660210887196,2.3728610499418323,2.404004478693267,-49.49008582419453
2026-04-14T12:28:09.928,4.0036680700581115,4.0055117610401965,4.004161119709082,4.003494978159367,0.038532657698606344,2.292543786319712,3.4448506501227882,2.600699818176011,2.1843613496042025,-49.51834177876742
2026-04-14T12:28:10.038,4.0036680700581115,4.0055117610401965,4.004161119709082,4.003494978159367,0.038532657698606344,2.292543786319712,3.4448506501227882,2.600699818176011,2.1843613496042025,-49.51834177876742
2026-04-14T12:28:10.147,4.0036680700581115,4.0055117610401965,4.004161119709082,4.003494978159367,0.038532657698606344,2.292543786319712,3.4448506501227882,2.600699818176011,2.1843613496042025,-49.51834177876742
2026-04-14T12:28:10.257,4.004043102505392,4.005086899106914,4.003780842052748,4.003731012566746,0.034235760994394265,2.526939065869982,3.1793119418210836,2.363026282967695,2.3318828542162606,-49.57205298757007
2026-04-14T12:28:10.365,4.004043102505392,4.005086899106914,4.003780842052748,4.003731012566746,0.034235760994394265,2.526939065869982,3.1793119418210836,2.363026282967695,2.3318828542162606,-49.57205298757007
2026-04-14T12:28:10.474,4.004043102505392,4.005086899106914,4.003780842052748,4.003731012566746,0.034235760994394265,2.526939065869982,3.1793119418210836,2.363026282967695,2.3318828542162606,-49.57205298757007
2026-04-14T12:28:10.583,4.003445148673364,4.00512623817481,4.004001140832969,4.003599882340424,0.044148995453358625,2.153217920852768,3.2038988592564266,2.500713020605616,2.249926462765117,-49.44813755683302
2026-04-14T12:28:10.691,4.003445148673364,4.00512623817481,4.004001140832969,4.003599882340424,0.044148995453358625,2.153217920852768,3.2038988592564266,2.500713020605616,2.249926462765117,-49.44813755683302
2026-04-14T12:28:10.802,4.003445148673364,4.00512623817481,4.004001140832969,4.003599882340424,0.044148995453358625,2.153217920852768,3.2038988592564266,2.500713020605616,2.249926462765117,-49.44813755683302
2026-04-14T12:28:10.910,4.0035474302498955,4.005189180683445,4.004635811128367,4.00338220616473,0.05184158572914966,2.21714390618466,3.2432379271529754,2.89738195522915,2.113878852956219,-49.35198017838563
2026-04-14T12:28:11.019,4.0035474302498955,4.005189180683445,4.004635811128367,4.00338220616473,0.05184158572914966,2.21714390618466,3.2432379271529754,2.89738195522915,2.113878852956219,-49.35198017838563
2026-04-14T12:28:11.128,4.0035474302498955,4.005189180683445,4.004635811128367,4.00338220616473,0.05184158572914966,2.21714390618466,3.2432379271529754,2.89738195522915,2.113878852956219,-49.35198017838563
2026-04-14T12:28:11.236,4.004179477940767,4.0050554278525965,4.004035234691813,4.003374338351151,0.03909030825581578,2.612173712979171,3.159642407872809,2.5220216823829134,2.1089614694691505,-49.511371146802304
2026-04-14T12:28:11.346,4.004179477940767,4.0050554278525965,4.004035234691813,4.003374338351151,0.03909030825581578,2.612173712979171,3.159642407872809,2.5220216823829134,2.1089614694691505,-49.511371146802304
2026-04-14T12:28:11.454,4.004179477940767,4.0050554278525965,4.004035234691813,4.003374338351151,0.03909030825581578,2.612173712979171,3.159642407872809,2.5220216823829134,2.1089614694691505,-49.511371146802304
2026-04-14T12:28:11.565,4.0044364931843575,4.004473209647728,4.003932953115282,4.0040640833416035,0.04396477160856622,2.772808240223412,2.7957560298297324,2.4580956970510215,2.540052088502165,-49.45044035489292
2026-04-14T12:28:11.674,4.0044364931843575,4.004473209647728,4.003932953115282,4.0040640833416035,0.04396477160856622,2.772808240223412,2.7957560298297324,2.4580956970510215,2.540052088502165,-49.45044035489292
2026-04-14T12:28:11.783,4.0044364931843575,4.004473209647728,4.003932953115282,4.0040640833416035,0.04396477160856622,2.772808240223412,2.7957560298297324,2.4580956970510215,2.540052088502165,-49.45044035489292
2026-04-14T12:28:11.892,4.004003763437495,4.00558257136241,4.003925085301702,4.0036470892219,0.041614672831754976,2.502352148434639,3.4891071015064057,2.453178313563953,2.279430763687529,-49.47981658960307
2026-04-14T12:28:12.001,4.004003763437495,4.00558257136241,4.003925085301702,4.0036470892219,0.041614672831754976,2.502352148434639,3.4891071015064057,2.453178313563953,2.279430763687529,-49.47981658960307
2026-04-14T12:28:12.110,4.004003763437495,4.00558257136241,4.003925085301702,4.0036470892219,0.041614672831754976,2.502352148434639,3.4891071015064057,2.453178313563953,2.279430763687529,-49.47981658960307
2026-04-14T12:28:12.219,4.00361037275853,4.005071163479756,4.004009008646548,4.003715276939587,0.04962094154597633,2.2564829740812087,3.1694771748475015,2.5056304040926847,2.3220480872421234,-49.379738230675294
2026-04-14T12:28:12.328,4.00361037275853,4.005071163479756,4.004009008646548,4.003715276939587,0.04962094154597633,2.2564829740812087,3.1694771748475015,2.5056304040926847,2.3220480872421234,-49.379738230675294
2026-04-14T12:28:12.436,4.00361037275853,4.005071163479756,4.004009008646548,4.003715276939587,0.04962094154597633,2.2564829740812087,3.1694771748475015,2.5056304040926847,2.3220480872421234,-49.379738230675294
2026-04-14T12:28:12.544,4.003964424369599,4.005440950717983,4.003964424369599,4.003717899544114,0.050352857902313725,2.477765230999296,3.400594198739171,2.477765230999296,2.3236872150711463,-49.370589276221075
2026-04-14T12:28:12.654,4.003964424369599,4.005440950717983,4.003964424369599,4.003717899544114,0.050352857902313725,2.477765230999296,3.400594198739171,2.477765230999296,2.3236872150711463,-49.370589276221075
2026-04-14T12:28:12.763,4.003964424369599,4.005440950717983,4.003964424369599,4.003717899544114,0.050352857902313725,2.477765230999296,3.400594198739171,2.477765230999296,2.3236872150711463,-49.370589276221075
2026-04-14T12:28:12.872,4.003628730990215,4.005309820491661,4.003791332470854,4.003678560476217,0.052857306386924006,2.2679568688843688,3.3186378072880274,2.3695827942837866,2.2991002976358033,-49.33928367016345
2026-04-14T12:28:12.982,4.003628730990215,4.005309820491661,4.003791332470854,4.003678560476217,0.052857306386924006,2.2679568688843688,3.3186378072880274,2.3695827942837866,2.2991002976358033,-49.33928367016345
2026-04-14T12:28:13.091,4.003628730990215,4.005309820491661,4.003791332470854,4.003678560476217,0.052857306386924006,2.2679568688843688,3.3186378072880274,2.3695827942837866,2.2991002976358033,-49.33928367016345
2026-04-14T12:28:13.200,4.003466129509576,4.005149841615548,4.00414013887287,4.003744125589378,0.05204572566527097,2.166330943484951,3.2186510097176324,2.587586795543828,2.340078493361375,-49.34942842918411
2026-04-14T12:28:13.323,4.003466129509576,4.005149841615548,4.00414013887287,4.003744125589378,0.05204572566527097,2.166330943484951,3.2186510097176324,2.587586795543828,2.340078493361375,-49.34942842918411
2026-04-14T12:28:13.419,4.003466129509576,4.005149841615548,4.00414013887287,4.003744125589378,0.05204572566527097,2.166330943484951,3.2186510097176324,2.587586795543828,2.340078493361375,-49.34942842918411
2026-04-14T12:28:13.542,4.003594637131371,4.005548477503567,4.004426002766252,4.003930330510755,0.05877736453444215,2.2466482071070715,3.4677984397291084,2.7662517289073207,2.4564565692219986,-49.26528294331947
2026-04-14T12:28:13.652,4.003594637131371,4.005548477503567,4.004426002766252,4.003930330510755,0.05877736453444215,2.2466482071070715,3.4677984397291084,2.7662517289073207,2.4564565692219986,-49.26528294331947
2026-04-14T12:28:13.762,4.003594637131371,4.005548477503567,4.004426002766252,4.003930330510755,0.05877736453444215,2.2466482071070715,3.4677984397291084,2.7662517289073207,2.4564565692219986,-49.26528294331947
2026-04-14T12:28:13.869,4.00414800668645,4.005307197887134,4.004378795884776,4.004019499064654,0.04379050580943827,2.592504179031452,3.3169986794590045,2.736747427984909,2.512186915408776,-49.45261867738202
2026-04-14T12:28:13.978,4.00414800668645,4.005307197887134,4.004378795884776,4.004019499064654,0.04379050580943827,2.592504179031452,3.3169986794590045,2.736747427984909,2.512186915408776,-49.45261867738202
2026-04-14T12:28:14.087,4.00414800668645,4.005307197887134,4.004378795884776,4.004019499064654,0.04379050580943827,2.592504179031452,3.3169986794590045,2.736747427984909,2.512186915408776,-49.45261867738202
2026-04-14T12:28:14.197,4.003453016486944,4.005398989045561,4.003935575719808,4.003473997323155,0.04813719274197262,2.1581353043398366,3.37436815347536,2.4597348248800444,2.1712483269720195,-49.39828509072534
2026-04-14T12:28:14.306,4.003453016486944,4.005398989045561,4.003935575719808,4.003473997323155,0.04813719274197262,2.1581353043398366,3.37436815347536,2.4597348248800444,2.1712483269720195,-49.39828509072534
2026-04-14T12:28:14.414,4.003453016486944,4.005398989045561,4.003935575719808,4.003473997323155,0.04813719274197262,2.1581353043398366,3.37436815347536,2.4597348248800444,2.1712483269720195,-49.39828509072534
2026-04-14T12:28:14.523,4.003626108385689,4.005223274542288,4.004087686782342,4.003859520188541,0.044263512978499855,2.266317741055901,3.2645465889302727,2.554804238963926,2.412200117838381,-49.446706087768746
2026-04-14T12:28:14.633,4.003626108385689,4.005223274542288,4.004087686782342,4.003859520188541,0.044263512978499855,2.266317741055901,3.2645465889302727,2.554804238963926,2.412200117838381,-49.446706087768746
2026-04-14T12:28:14.741,4.003626108385689,4.005223274542288,4.004087686782342,4.003859520188541,0.044263512978499855,2.266317741055901,3.2645465889302727,2.554804238963926,2.412200117838381,-49.446706087768746
2026-04-14T12:28:14.851,4.0034635069050495,4.005197048497024,4.004132271059291,4.003605127549477,0.04968566884279528,2.164691815655928,3.248155310640044,2.5826694120567595,2.253204718423163,-49.37892913946506
2026-04-14T12:28:14.958,4.0034635069050495,4.005197048497024,4.004132271059291,4.003605127549477,0.04968566884279528,2.164691815655928,3.248155310640044,2.5826694120567595,2.253204718423163,-49.37892913946506
2026-04-14T12:28:15.067,4.0034635069050495,4.005197048497024,4.004132271059291,4.003605127549477,0.04968566884279528,2.164691815655928,3.248155310640044,2.5826694120567595,2.253204718423163,-49.37892913946506
2026-04-14T12:28:15.191,4.003799200284433,4.005249500587553,4.004155874500029,4.004433870579831,0.036421552017742005,2.374500177770855,3.2809378672205014,2.5974215625179653,2.7711691123943893,-49.54473059977823
2026-04-14T12:28:15.286,4.003799200284433,4.005249500587553,4.004155874500029,4.004433870579831,0.036421552017742005,2.374500177770855,3.2809378672205014,2.5974215625179653,2.7711691123943893,-49.54473059977823
2026-04-14T12:28:15.394,4.003799200284433,4.005249500587553,4.004155874500029,4.004433870579831,0.036421552017742005,2.374500177770855,3.2809378672205014,2.5974215625179653,2.7711691123943893,-49.54473059977823
2026-04-14T12:28:15.502,4.003670692662638,4.00516295463818,4.004195213567925,4.003885746233806,0.0355601810677667,2.2941829141487347,3.2268466488627467,2.6220084799533083,2.42859139612861,-49.55549773665292
2026-04-14T12:28:15.610,4.003670692662638,4.00516295463818,4.004195213567925,4.003885746233806,0.0355601810677667,2.2941829141487347,3.2268466488627467,2.6220084799533083,2.42859139612861,-49.55549773665292
2026-04-14T12:28:15.720,4.003670692662638,4.00516295463818,4.004195213567925,4.003885746233806,0.0355601810677667,2.2941829141487347,3.2268466488627467,2.6220084799533083,2.42859139612861,-49.55549773665292
2026-04-14T12:28:15.829,4.003846407165909,4.005388498627454,4.003759861216538,4.003353357514939,0.03877662981738547,2.404004478693267,3.3678116421587134,2.3499132603360673,2.0958484468369676,-49.515292127282684
2026-04-14T12:28:15.939,4.003846407165909,4.005388498627454,4.003759861216538,4.003353357514939,0.03877662981738547,2.404004478693267,3.3678116421587134,2.3499132603360673,2.0958484468369676,-49.515292127282684
2026-04-14T12:28:16.048,4.003846407165909,4.005388498627454,4.003759861216538,4.003353357514939,0.03877662981738547,2.404004478693267,3.3678116421587134,2.3499132603360673,2.0958484468369676,-49.515292127282684
2026-04-14T12:28:16.156,4.003702163916955,4.00531768830524,4.004085064177815,4.003888368838332,0.03962804272169632,2.313852448097009,3.323555190775096,2.553165111134348,2.4302305239576327,-49.504649465978794
2026-04-14T12:28:16.265,4.003702163916955,4.00531768830524,4.004085064177815,4.003888368838332,0.03962804272169632,2.313852448097009,3.323555190775096,2.553165111134348,2.4302305239576327,-49.504649465978794
2026-04-14T12:28:16.373,4.003702163916955,4.00531768830524,4.004085064177815,4.003888368838332,0.03962804272169632,2.313852448097009,3.323555190775096,2.553165111134348,2.4302305239576327,-49.504649465978794
2026-04-14T12:28:16.482,4.003502845972946,4.0055117610401965,4.003670692662638,4.003009796321976,0.050118843829199046,2.189278733091271,3.4448506501227882,2.2941829141487347,1.8811227012349718,-49.37351445213501
2026-04-14T12:28:16.592,4.003502845972946,4.0055117610401965,4.003670692662638,4.003009796321976,0.050118843829199046,2.189278733091271,3.4448506501227882,2.2941829141487347,1.8811227012349718,-49.37351445213501
2026-04-14T12:28:16.702,4.003502845972946,4.0055117610401965,4.003670692662638,4.003009796321976,0.050118843829199046,2.189278733091271,3.4448506501227882,2.2941829141487347,1.8811227012349718,-49.37351445213501
2026-04-14T12:28:16.812,4.004127025850238,4.005191803287971,4.004155874500029,4.0036077501540035,0.052419152377688016,2.5793911563987137,3.2448770549819983,2.5974215625179653,2.254843846252186,-49.3447605952789
2026-04-14T12:28:16.921,4.004127025850238,4.005191803287971,4.004155874500029,4.0036077501540035,0.052419152377688016,2.5793911563987137,3.2448770549819983,2.5974215625179653,2.254843846252186,-49.3447605952789
2026-04-14T12:28:17.029,4.004127025850238,4.005191803287971,4.004155874500029,4.0036077501540035,0.052419152377688016,2.5793911563987137,3.2448770549819983,2.5974215625179653,2.254843846252186,-49.3447605952789
2026-04-14T12:28:17.138,4.003641844012847,4.00531768830524,4.004305362958036,4.003959179160546,0.053763488542389354,2.276152508029483,3.323555190775096,2.690851848772269,2.47448697534125,-49.327956393220134
2026-04-14T12:28:17.261,4.003641844012847,4.00531768830524,4.004305362958036,4.003959179160546,0.053763488542389354,2.276152508029483,3.323555190775096,2.690851848772269,2.47448697534125,-49.327956393220134
2026-04-14T12:28:17.371,4.003641844012847,4.00531768830524,4.004305362958036,4.003959179160546,0.053763488542389354,2.276152508029483,3.323555190775096,2.690851848772269,2.47448697534125,-49.327956393220134
2026-04-14T12:28:17.480,4.003885746233806,4.005372763000295,4.003890991442859,4.003843784561383,0.04691733214807695,2.42859139612861,3.357976875184576,2.4318696517866556,2.402365350864244,-49.41353334814904
2026-04-14T12:28:17.588,4.003885746233806,4.005372763000295,4.003890991442859,4.003843784561383,0.04691733214807695,2.42859139612861,3.357976875184576,2.4318696517866556,2.402365350864244,-49.41353334814904
2026-04-14T12:28:17.699,4.003885746233806,4.005372763000295,4.003890991442859,4.003843784561383,0.04691733214807695,2.42859139612861,3.357976875184576,2.4318696517866556,2.402365350864244,-49.41353334814904
2026-04-14T12:28:17.806,4.0036470892219,4.004984617530383,4.004163742313608,4.003744125589378,0.04266026762652269,2.279430763687529,3.1153859564891917,2.602338946005034,2.340078493361375,-49.46674665466846
2026-04-14T12:28:17.917,4.0036470892219,4.004984617530383,4.004163742313608,4.003744125589378,0.04266026762652269,2.279430763687529,3.1153859564891917,2.602338946005034,2.340078493361375,-49.46674665466846
2026-04-14T12:28:18.028,4.0036470892219,4.004984617530383,4.004163742313608,4.003744125589378,0.04266026762652269,2.279430763687529,3.1153859564891917,2.602338946005034,2.340078493361375,-49.46674665466846
2026-04-14T12:28:18.137,4.003571033690633,4.005396366441033,4.003759861216538,4.003403187000941,0.04142049094129812,2.2318960566458657,3.372729025645782,2.3499132603360673,2.126991875588402,-49.48224386323377
2026-04-14T12:28:18.261,4.003571033690633,4.005396366441033,4.003759861216538,4.003403187000941,0.04142049094129812,2.2318960566458657,3.372729025645782,2.3499132603360673,2.126991875588402,-49.48224386323377
2026-04-14T12:28:18.371,4.003571033690633,4.005396366441033,4.003759861216538,4.003403187000941,0.04142049094129812,2.2318960566458657,3.372729025645782,2.3499132603360673,2.126991875588402,-49.48224386323377
2026-04-14T12:28:18.479,4.003274679379146,4.0052416327739735,4.004399776720987,4.003974914787705,0.03069567576068072,2.0466746119662815,3.276020483733433,2.749860450617092,2.4843217423153874,-49.61630405299149
2026-04-14T12:28:18.589,4.003274679379146,4.0052416327739735,4.004399776720987,4.003974914787705,0.03069567576068072,2.0466746119662815,3.276020483733433,2.749860450617092,2.4843217423153874,-49.61630405299149
2026-04-14T12:28:18.699,4.003274679379146,4.0052416327739735,4.004399776720987,4.003974914787705,0.03069567576068072,2.0466746119662815,3.276020483733433,2.749860450617092,2.4843217423153874,-49.61630405299149
2026-04-14T12:28:18.809,4.00357365629516,4.00539112123198,4.004654169360052,4.003526449413684,0.044636939690916894,2.2335351844748885,3.3694507699877363,2.9088558500323103,2.204030883552477,-49.442038253863544
2026-04-14T12:28:18.917,4.00357365629516,4.00539112123198,4.004654169360052,4.003526449413684,0.044636939690916894,2.2335351844748885,3.3694507699877363,2.9088558500323103,2.204030883552477,-49.442038253863544
2026-04-14T12:28:19.025,4.00357365629516,4.00539112123198,4.004654169360052,4.003526449413684,0.044636939690916894,2.2335351844748885,3.3694507699877363,2.9088558500323103,2.204030883552477,-49.442038253863544
2026-04-14T12:28:19.134,4.003959179160546,4.005501270622091,4.004533529551836,4.003849029770436,0.03216448749618774,2.47448697534125,3.4382941388066968,2.8334559698972583,2.4056436065222897,-49.59794390629765
2026-04-14T12:28:19.242,4.003959179160546,4.005501270622091,4.004533529551836,4.003849029770436,0.03216448749618774,2.47448697534125,3.4382941388066968,2.8334559698972583,2.4056436065222897,-49.59794390629765
2026-04-14T12:28:19.354,4.003959179160546,4.005501270622091,4.004533529551836,4.003849029770436,0.03216448749618774,2.47448697534125,3.4382941388066968,2.8334559698972583,2.4056436065222897,-49.59794390629765
2026-04-14T12:28:19.462,4.003224849893144,4.005370140395769,4.004287004726351,4.003539562436316,0.042102617069313245,2.015531183214847,3.3563377473555533,2.6793779539691087,2.2122265226975912,-49.47371728663359
2026-04-14T12:28:19.571,4.003224849893144,4.005370140395769,4.004287004726351,4.003539562436316,0.042102617069313245,2.015531183214847,3.3563377473555533,2.6793779539691087,2.2122265226975912,-49.47371728663359
2026-04-14T12:28:19.681,4.003224849893144,4.005370140395769,4.004287004726351,4.003539562436316,0.042102617069313245,2.015531183214847,3.3563377473555533,2.6793779539691087,2.2122265226975912,-49.47371728663359
2026-04-14T12:28:19.791,4.004150629290976,4.005383253418401,4.003744125589378,4.003715276939587,0.030566221167042808,2.5941433068599196,3.3645333865006677,2.340078493361375,2.3220480872421234,-49.61792223541197
2026-04-14T12:28:19.901,4.004150629290976,4.005383253418401,4.003744125589378,4.003715276939587,0.030566221167042808,2.5941433068599196,3.3645333865006677,2.340078493361375,2.3220480872421234,-49.61792223541197
2026-04-14T12:28:20.010,4.004150629290976,4.005383253418401,4.003744125589378,4.003715276939587,0.030566221167042808,2.5941433068599196,3.3645333865006677,2.340078493361375,2.3220480872421234,-49.61792223541197
2026-04-14T12:28:20.120,4.003660202244532,4.005149841615548,4.004499435692992,4.00376510642559,0.02961024878325519,2.287626402832643,3.2186510097176324,2.812147308119961,2.353191515993558,-49.62987189020931
2026-04-14T12:28:20.229,4.003660202244532,4.005149841615548,4.004499435692992,4.00376510642559,0.02961024878325519,2.287626402832643,3.2186510097176324,2.812147308119961,2.353191515993558,-49.62987189020931
2026-04-14T12:28:20.339,4.003660202244532,4.005149841615548,4.004499435692992,4.00376510642559,0.02961024878325519,2.287626402832643,3.2186510097176324,2.812147308119961,2.353191515993558,-49.62987189020931
2026-04-14T12:28:20.446,4.003872633211174,4.005288839655449,4.004433870579831,4.003906727070017,0.034041579103937396,2.4203957569834955,3.3055247846558444,2.7711691123943893,2.441704418760793,-49.57448026120078
2026-04-14T12:28:20.554,4.003872633211174,4.005288839655449,4.004433870579831,4.003906727070017,0.034041579103937396,2.4203957569834955,3.3055247846558444,2.7711691123943893,2.441704418760793,-49.57448026120078
2026-04-14T12:28:20.664,4.003872633211174,4.005288839655449,4.004433870579831,4.003906727070017,0.034041579103937396,2.4203957569834955,3.3055247846558444,2.7711691123943893,2.441704418760793,-49.57448026120078
2026-04-14T12:28:20.771,4.003686428289797,4.005543232294514,4.004090309386868,4.003707409126008,0.035047341716047294,2.304017681122872,3.4645201840710627,2.5564433667923936,2.317130703755055,-49.561908228549406
2026-04-14T12:28:20.883,4.003686428289797,4.005543232294514,4.004090309386868,4.003707409126008,0.035047341716047294,2.304017681122872,3.4645201840710627,2.5564433667923936,2.317130703755055,-49.561908228549406
2026-04-14T12:28:20.991,4.003686428289797,4.005543232294514,4.004090309386868,4.003707409126008,0.035047341716047294,2.304017681122872,3.4645201840710627,2.5564433667923936,2.317130703755055,-49.561908228549406
2026-04-14T12:28:21.101,4.003279924588199,4.005375385604822,4.004224062217716,4.00406670594613,0.03441002679352221,2.0499528676243273,3.359616003013599,2.64003888607256,2.5416912163311878,-49.569874665080974
2026-04-14T12:28:21.210,4.003279924588199,4.005375385604822,4.004224062217716,4.00406670594613,0.03441002679352221,2.0499528676243273,3.359616003013599,2.64003888607256,2.5416912163311878,-49.569874665080974
2026-04-14T12:28:21.310,4.003279924588199,4.005375385604822,4.004224062217716,4.00406670594613,0.03441002679352221,2.0499528676243273,3.359616003013599,2.64003888607256,2.5416912163311878,-49.569874665080974
2026-04-14T12:28:21.428,4.003864765397594,4.005579948757884,4.004210949195084,4.003859520188541,0.03994172116012664,2.415478373496427,3.487467973677383,2.6318432469274455,2.412200117838381,-49.50072848549842
2026-04-14T12:28:21.537,4.003864765397594,4.005579948757884,4.004210949195084,4.003859520188541,0.03994172116012664,2.415478373496427,3.487467973677383,2.6318432469274455,2.412200117838381,-49.50072848549842
2026-04-14T12:28:21.645,4.003864765397594,4.005579948757884,4.004210949195084,4.003859520188541,0.03994172116012664,2.415478373496427,3.487467973677383,2.6318432469274455,2.412200117838381,-49.50072848549842
2026-04-14T12:28:21.754,4.004231930031295,4.0054724219723,4.004289627330877,4.004111290223079,0.04069355360779295,2.6449562695596285,3.420263732687445,2.6810170817981316,2.5695563894245765,-49.49133057990259
2026-04-14T12:28:21.864,4.004231930031295,4.0054724219723,4.004289627330877,4.004111290223079,0.04069355360779295,2.6449562695596285,3.420263732687445,2.6810170817981316,2.5695563894245765,-49.49133057990259
2026-04-14T12:28:21.975,4.004231930031295,4.0054724219723,4.004289627330877,4.004111290223079,0.04069355360779295,2.6449562695596285,3.420263732687445,2.6810170817981316,2.5695563894245765,-49.49133057990259
2026-04-14T12:28:22.085,4.0042214396131905,4.005105257338599,4.004210949195084,4.003828048934224,0.03635184569809083,2.638399758244092,3.1907858366242436,2.6318432469274455,2.3925305838901068,-49.54560192877386
2026-04-14T12:28:22.193,4.0042214396131905,4.005105257338599,4.004210949195084,4.003828048934224,0.03635184569809083,2.638399758244092,3.1907858366242436,2.6318432469274455,2.3925305838901068,-49.54560192877386
2026-04-14T12:28:22.303,4.0042214396131905,4.005105257338599,4.004210949195084,4.003828048934224,0.03635184569809083,2.638399758244092,3.1907858366242436,2.6318432469274455,2.3925305838901068,-49.54560192877386
2026-04-14T12:28:22.410,4.00350022336842,4.005480289785879,4.003988027810337,4.00391197227907,0.03823391632867271,2.187639605262248,3.425181116174514,2.4925173814605017,2.4449826744188385,-49.52207604589159
2026-04-14T12:28:22.514,4.00350022336842,4.005480289785879,4.003988027810337,4.00391197227907,0.03823391632867271,2.187639605262248,3.425181116174514,2.4925173814605017,2.4449826744188385,-49.52207604589159
2026-04-14T12:28:22.629,4.00350022336842,4.005480289785879,4.003988027810337,4.00391197227907,0.03823391632867271,2.187639605262248,3.425181116174514,2.4925173814605017,2.4449826744188385,-49.52207604589159
2026-04-14T12:28:22.739,4.0042266848222425,4.0053439143505045,4.004218817008663,4.003515958995578,0.03919984675812479,2.6416780139015827,3.3399464690653247,2.636760630414514,2.1974743722363854,-49.51000191552344
2026-04-14T12:28:22.848,4.0042266848222425,4.0053439143505045,4.004218817008663,4.003515958995578,0.03919984675812479,2.6416780139015827,3.3399464690653247,2.636760630414514,2.1974743722363854,-49.51000191552344
2026-04-14T12:28:22.956,4.0042266848222425,4.0053439143505045,4.004218817008663,4.003515958995578,0.03919984675812479,2.6416780139015827,3.3399464690653247,2.636760630414514,2.1974743722363854,-49.51000191552344
2026-04-14T12:28:23.066,4.003930330510755,4.00554585489904,4.00414800668645,4.0039801599967575,0.036386698857916414,2.4564565692219986,3.4661593119000855,2.592504179031452,2.487599997973433,-49.54516626427605
2026-04-14T12:28:23.175,4.003930330510755,4.00554585489904,4.00414800668645,4.0039801599967575,0.036386698857916414,2.4564565692219986,3.4661593119000855,2.592504179031452,2.487599997973433,-49.54516626427605
2026-04-14T12:28:23.280,4.003930330510755,4.00554585489904,4.00414800668645,4.0039801599967575,0.036386698857916414,2.4564565692219986,3.4661593119000855,2.592504179031452,2.487599997973433,-49.54516626427605
2026-04-14T12:28:23.391,4.003673315267164,4.005438328113456,4.004365682862144,4.004323721189721,0.03455939747848903,2.2958220419777575,3.398955070910148,2.7285517888397948,2.702325743575429,-49.56800753151889
2026-04-14T12:28:23.502,4.003673315267164,4.005438328113456,4.004365682862144,4.004323721189721,0.03455939747848903,2.2958220419777575,3.398955070910148,2.7285517888397948,2.702325743575429,-49.56800753151889
2026-04-14T12:28:23.611,4.003673315267164,4.005438328113456,4.004365682862144,4.004323721189721,0.03455939747848903,2.2958220419777575,3.398955070910148,2.7285517888397948,2.702325743575429,-49.56800753151889
2026-04-14T12:28:23.719,4.003633976199268,4.005357027373137,4.00444173839341,4.004344702025932,0.037681244794295486,2.2712351245424145,3.348142108210439,2.776086495881458,2.715438766207612,-49.528984440071305
2026-04-14T12:28:23.828,4.003633976199268,4.005357027373137,4.00444173839341,4.004344702025932,0.037681244794295486,2.2712351245424145,3.348142108210439,2.776086495881458,2.715438766207612,-49.528984440071305
2026-04-14T12:28:23.936,4.003633976199268,4.005357027373137,4.00444173839341,4.004344702025932,0.037681244794295486,2.2712351245424145,3.348142108210439,2.776086495881458,2.715438766207612,-49.528984440071305
2026-04-14T12:28:24.059,4.00406670594613,4.005771398888314,4.003880501024753,4.003846407165909,0.03589377559752592,2.5416912163311878,3.607124305196052,2.425313140470564,2.404004478693267,-49.55132780503092
2026-04-14T12:28:24.167,4.00406670594613,4.005771398888314,4.003880501024753,4.003846407165909,0.03589377559752592,2.5416912163311878,3.607124305196052,2.425313140470564,2.404004478693267,-49.55132780503092
2026-04-14T12:28:24.276,4.00406670594613,4.005771398888314,4.003880501024753,4.003846407165909,0.03589377559752592,2.5416912163311878,3.607124305196052,2.425313140470564,2.404004478693267,-49.55132780503092
2026-04-14T12:28:24.385,4.003568411086107,4.0053675177912424,4.003943443533387,4.004119158036659,0.031791060783770704,2.230256928816843,3.3546986195265305,2.464652208367113,2.574473772911645,-49.60261174020287
2026-04-14T12:28:24.494,4.003568411086107,4.0053675177912424,4.003943443533387,4.004119158036659,0.031791060783770704,2.230256928816843,3.3546986195265305,2.464652208367113,2.574473772911645,-49.60261174020287
2026-04-14T12:28:24.603,4.003568411086107,4.0053675177912424,4.003943443533387,4.004119158036659,0.031791060783770704,2.230256928816843,3.3546986195265305,2.464652208367113,2.574473772911645,-49.60261174020287
2026-04-14T12:28:24.711,4.003783464657275,4.005506515831144,4.004339456816879,4.003329754074201,0.034106306400756355,2.364665410796718,3.4415723944647425,2.712160510549566,2.0810962963757618,-49.57367116999055
2026-04-14T12:28:24.820,4.003783464657275,4.005506515831144,4.004339456816879,4.003329754074201,0.034106306400756355,2.364665410796718,3.4415723944647425,2.712160510549566,2.0810962963757618,-49.57367116999055
2026-04-14T12:28:24.932,4.003783464657275,4.005506515831144,4.004339456816879,4.003329754074201,0.034106306400756355,2.364665410796718,3.4415723944647425,2.712160510549566,2.0810962963757618,-49.57367116999055
2026-04-14T12:28:25.042,4.004218817008663,4.005257368401132,4.003990650414863,4.003689050894323,0.04349674346233687,2.636760630414514,3.28585525070757,2.4941565092895246,2.3056568089518947,-49.45629070672079
2026-04-14T12:28:25.151,4.004218817008663,4.005257368401132,4.003990650414863,4.003689050894323,0.04349674346233687,2.636760630414514,3.28585525070757,2.4941565092895246,2.3056568089518947,-49.45629070672079
2026-04-14T12:28:25.261,4.004218817008663,4.005257368401132,4.003990650414863,4.003689050894323,0.04349674346233687,2.636760630414514,3.28585525070757,2.4941565092895246,2.3056568089518947,-49.45629070672079
2026-04-14T12:28:25.369,4.003959179160546,4.005270481423764,4.003967046974125,4.004281759517299,0.03620247501312401,2.47448697534125,3.2940508898526843,2.4794043588283188,2.676099698311618,-49.54746906233595
2026-04-14T12:28:25.479,4.003959179160546,4.005270481423764,4.003967046974125,4.004281759517299,0.03620247501312401,2.47448697534125,3.2940508898526843,2.4794043588283188,2.676099698311618,-49.54746906233595
2026-04-14T12:28:25.588,4.003959179160546,4.005270481423764,4.003967046974125,4.004281759517299,0.03620247501312401,2.47448697534125,3.2940508898526843,2.4794043588283188,2.676099698311618,-49.54746906233595
2026-04-14T12:28:25.697,4.004234552635822,4.005480289785879,4.003778219448222,4.003515958995578,0.0431183377270876,2.6465953973886513,3.425181116174514,2.3613871551386723,2.1974743722363854,-49.46102077841141
2026-04-14T12:28:25.805,4.004234552635822,4.005480289785879,4.003778219448222,4.003515958995578,0.0431183377270876,2.6465953973886513,3.425181116174514,2.3613871551386723,2.1974743722363854,-49.46102077841141
2026-04-14T12:28:25.914,4.004234552635822,4.005480289785879,4.003778219448222,4.003515958995578,0.0431183377270876,2.6465953973886513,3.425181116174514,2.3613871551386723,2.1974743722363854,-49.46102077841141
2026-04-14T12:28:26.023,4.003321886260622,4.005346536955031,4.003515958995578,4.003888368838332,0.03941892376274278,2.076178912888693,3.3415855968943475,2.1974743722363854,2.4302305239576327,-49.50726345296572
2026-04-14T12:28:26.133,4.003321886260622,4.005346536955031,4.003515958995578,4.003888368838332,0.03941892376274278,2.076178912888693,3.3415855968943475,2.1974743722363854,2.4302305239576327,-49.50726345296572
2026-04-14T12:28:26.242,4.003321886260622,4.005346536955031,4.003515958995578,4.003888368838332,0.03941892376274278,2.076178912888693,3.3415855968943475,2.1974743722363854,2.4302305239576327,-49.50726345296572
2026-04-14T12:28:26.350,4.003623485781162,4.005448818531562,4.004009008646548,4.0037519934029575,0.043193023069571006,2.264678613226323,3.4055115822262394,2.5056304040926847,2.3449958768484436,-49.46008721163036
2026-04-14T12:28:26.458,4.003623485781162,4.005448818531562,4.004009008646548,4.0037519934029575,0.043193023069571006,2.264678613226323,3.4055115822262394,2.5056304040926847,2.3449958768484436,-49.46008721163036
2026-04-14T12:28:26.567,4.003623485781162,4.005448818531562,4.004009008646548,4.0037519934029575,0.043193023069571006,2.264678613226323,3.4055115822262394,2.5056304040926847,2.3449958768484436,-49.46008721163036
2026-04-14T12:28:26.675,4.003557920668001,4.0053858760229275,4.004465341834148,4.003518581600105,0.03501248855622171,2.2237004175007513,3.3661725143296906,2.7908386463426638,2.1991135000654083,-49.56234389304723
2026-04-14T12:28:26.785,4.003557920668001,4.0053858760229275,4.004465341834148,4.003518581600105,0.03501248855622171,2.2237004175007513,3.3661725143296906,2.7908386463426638,2.1991135000654083,-49.56234389304723
2026-04-14T12:28:26.894,4.003557920668001,4.0053858760229275,4.004465341834148,4.003518581600105,0.03501248855622171,2.2237004175007513,3.3661725143296906,2.7908386463426638,2.1991135000654083,-49.56234389304723
2026-04-14T12:28:27.003,4.003670692662638,4.005593061780517,4.004011631251075,4.00466990498721,0.031288179477715755,2.2941829141487347,3.4956636128230523,2.5072695319217075,2.9186906170064475,-49.608897756528556
2026-04-14T12:28:27.111,4.003670692662638,4.005593061780517,4.004011631251075,4.00466990498721,0.031288179477715755,2.2941829141487347,3.4956636128230523,2.5072695319217075,2.9186906170064475,-49.608897756528556
2026-04-14T12:28:27.222,4.003670692662638,4.005593061780517,4.004011631251075,4.00466990498721,0.031288179477715755,2.2941829141487347,3.4956636128230523,2.5072695319217075,2.9186906170064475,-49.608897756528556
2026-04-14T12:28:27.329,4.003951311346967,4.005635023452939,4.00376510642559,4.004113912827606,0.031537130619327114,2.4695695918541816,3.521889658086863,2.353191515993558,2.5711955172535994,-49.60578586725841
2026-04-14T12:28:27.436,4.003951311346967,4.005635023452939,4.00376510642559,4.004113912827606,0.031537130619327114,2.4695695918541816,3.521889658086863,2.353191515993558,2.5711955172535994,-49.60578586725841
2026-04-14T12:28:27.560,4.003951311346967,4.005635023452939,4.00376510642559,4.004113912827606,0.031537130619327114,2.4695695918541816,3.521889658086863,2.353191515993558,2.5711955172535994,-49.60578586725841
2026-04-14T12:28:27.655,4.002894401722813,4.005684852938941,4.003696918707902,4.003628730990215,0.02630915664548855,1.8090010767579656,3.5530330868382975,2.3105741924389633,2.2679568688843688,-49.67113554193139
2026-04-14T12:28:27.763,4.002894401722813,4.005684852938941,4.003696918707902,4.003628730990215,0.02630915664548855,1.8090010767579656,3.5530330868382975,2.3105741924389633,2.2679568688843688,-49.67113554193139
2026-04-14T12:28:27.872,4.002894401722813,4.005684852938941,4.003696918707902,4.003628730990215,0.02630915664548855,1.8090010767579656,3.5530330868382975,2.3105741924389633,2.2679568688843688,-49.67113554193139
2026-04-14T12:28:27.981,4.003542185040843,4.005383253418401,4.004163742313608,4.00402998948276,0.02825595457288939,2.213865650526614,3.3645333865006677,2.602338946005034,2.5187434267248676,-49.64680056783888
2026-04-14T12:28:28.091,4.003542185040843,4.005383253418401,4.004163742313608,4.00402998948276,0.02825595457288939,2.213865650526614,3.3645333865006677,2.602338946005034,2.5187434267248676,-49.64680056783888
2026-04-14T12:28:28.213,4.003542185040843,4.005383253418401,4.004163742313608,4.00402998948276,0.02825595457288939,2.213865650526614,3.3645333865006677,2.602338946005034,2.5187434267248676,-49.64680056783888
2026-04-14T12:28:28.323,4.0034215452326265,4.005406856859139,4.004024744273707,4.004108667618553,0.03490295005391271,2.138465770391562,3.3792855369618735,2.515465171066822,2.5679172615955537,-49.56371312432609
2026-04-14T12:28:28.433,4.0034215452326265,4.005406856859139,4.004024744273707,4.004108667618553,0.03490295005391271,2.138465770391562,3.3792855369618735,2.515465171066822,2.5679172615955537,-49.56371312432609
2026-04-14T12:28:28.541,4.0034215452326265,4.005406856859139,4.004024744273707,4.004108667618553,0.03490295005391271,2.138465770391562,3.3792855369618735,2.515465171066822,2.5679172615955537,-49.56371312432609
2026-04-14T12:28:28.638,4.00372052214864,4.005514383644723,4.004179477940767,4.003660202244532,0.031059144427433304,2.325326342900169,3.446489777951811,2.612173712979171,2.287626402832643,-49.61176069465708
2026-04-14T12:28:28.760,4.00372052214864,4.005514383644723,4.004179477940767,4.003660202244532,0.031059144427433304,2.325326342900169,3.446489777951811,2.612173712979171,2.287626402832643,-49.61176069465708
2026-04-14T12:28:28.869,4.00372052214864,4.005514383644723,4.004179477940767,4.003660202244532,0.031059144427433304,2.325326342900169,3.446489777951811,2.612173712979171,2.287626402832643,-49.61176069465708
2026-04-14T12:28:28.979,4.0036470892219,4.00536227258219,4.004108667618553,4.003791332470854,0.03086994155980867,2.279430763687529,3.3514203638684847,2.5679172615955537,2.3695827942837866,-49.61412573050239
2026-04-14T12:28:29.087,4.0036470892219,4.00536227258219,4.004108667618553,4.003791332470854,0.03086994155980867,2.279430763687529,3.3514203638684847,2.5679172615955537,2.3695827942837866,-49.61412573050239
2026-04-14T12:28:29.196,4.0036470892219,4.00536227258219,4.004108667618553,4.003791332470854,0.03086994155980867,2.279430763687529,3.3514203638684847,2.5679172615955537,2.3695827942837866,-49.61412573050239
2026-04-14T12:28:29.305,4.003224849893144,4.005149841615548,4.004092931991394,4.003817558516118,0.03717836348824054,2.015531183214847,3.2186510097176324,2.5580824946214165,2.3859740725740153,-49.535270456396994
2026-04-14T12:28:29.413,4.003224849893144,4.005149841615548,4.004092931991394,4.003817558516118,0.03717836348824054,2.015531183214847,3.2186510097176324,2.5580824946214165,2.3859740725740153,-49.535270456396994
2026-04-14T12:28:29.521,4.003224849893144,4.005149841615548,4.004092931991394,4.003817558516118,0.03717836348824054,2.015531183214847,3.2186510097176324,2.5580824946214165,2.3859740725740153,-49.535270456396994
2026-04-14T12:28:29.630,4.003484487741261,4.0056979659615735,4.003904104465491,4.003822803725171,0.024043701256825173,2.177804838288111,3.561228725983412,2.44006529093177,2.389252328232061,-49.69945373428968
2026-04-14T12:28:29.739,4.003484487741261,4.0056979659615735,4.003904104465491,4.003822803725171,0.024043701256825173,2.177804838288111,3.561228725983412,2.44006529093177,2.389252328232061,-49.69945373428968
2026-04-14T12:28:29.850,4.003484487741261,4.0056979659615735,4.003904104465491,4.003822803725171,0.024043701256825173,2.177804838288111,3.561228725983412,2.44006529093177,2.389252328232061,-49.69945373428968
2026-04-14T12:28:29.960,4.003626108385689,4.005598306989569,4.004155874500029,4.003329754074201,0.02972974533122864,2.266317741055901,3.498941868480543,2.5974215625179653,2.0810962963757618,-49.62837818335964
2026-04-14T12:28:30.069,4.003626108385689,4.005598306989569,4.004155874500029,4.003329754074201,0.02972974533122864,2.266317741055901,3.498941868480543,2.5974215625179653,2.0810962963757618,-49.62837818335964
2026-04-14T12:28:30.179,4.003626108385689,4.005598306989569,4.004155874500029,4.003329754074201,0.02972974533122864,2.266317741055901,3.498941868480543,2.5974215625179653,2.0810962963757618,-49.62837818335964
2026-04-14T12:28:30.288,4.00380182288896,4.005375385604822,4.003922462697176,4.0032353403112495,0.03028241686560586,2.376139305599878,3.359616003013599,2.45153918573493,2.0220876945309385,-49.621469789179926
2026-04-14T12:28:30.396,4.00380182288896,4.005375385604822,4.003922462697176,4.0032353403112495,0.03028241686560586,2.376139305599878,3.359616003013599,2.45153918573493,2.0220876945309385,-49.621469789179926
2026-04-14T12:28:30.506,4.00380182288896,4.005375385604822,4.003922462697176,4.0032353403112495,0.03028241686560586,2.376139305599878,3.359616003013599,2.45153918573493,2.0220876945309385,-49.621469789179926
2026-04-14T12:28:30.613,4.003209114265985,4.005378008209348,4.0041034224095,4.003513336391052,0.03173629153261621,2.00569641624071,3.361255130842622,2.564639005937508,2.1958352444073626,-49.603296355842296
2026-04-14T12:28:30.722,4.003209114265985,4.005378008209348,4.0041034224095,4.003513336391052,0.03173629153261621,2.00569641624071,3.361255130842622,2.564639005937508,2.1958352444073626,-49.603296355842296
2026-04-14T12:28:30.831,4.003209114265985,4.005378008209348,4.0041034224095,4.003513336391052,0.03173629153261621,2.00569641624071,3.361255130842622,2.564639005937508,2.1958352444073626,-49.603296355842296
2026-04-14T12:28:30.939,4.003849029770436,4.00566387210273,4.003932953115282,4.003712654335061,0.026264345439998508,2.4056436065222897,3.5399200642061146,2.4580956970510215,2.3204089594131005,-49.67169568200001
2026-04-14T12:28:31.049,4.003849029770436,4.00566387210273,4.003932953115282,4.003712654335061,0.026264345439998508,2.4056436065222897,3.5399200642061146,2.4580956970510215,2.3204089594131005,-49.67169568200001
2026-04-14T12:28:31.156,4.003849029770436,4.00566387210273,4.003932953115282,4.003712654335061,0.026264345439998508,2.4056436065222897,3.5399200642061146,2.4580956970510215,2.3204089594131005,-49.67169568200001
2026-04-14T12:28:31.265,4.002860307863969,4.005808115351684,4.004111290223079,4.003904104465491,0.029022724089052376,1.7876924149806683,3.6300720948023724,2.5695563894245765,2.44006529093177,-49.63721594888685
2026-04-14T12:28:31.376,4.002860307863969,4.005808115351684,4.004111290223079,4.003904104465491,0.029022724089052376,1.7876924149806683,3.6300720948023724,2.5695563894245765,2.44006529093177,-49.63721594888685
2026-04-14T12:28:31.484,4.002860307863969,4.005808115351684,4.004111290223079,4.003904104465491,0.029022724089052376,1.7876924149806683,3.6300720948023724,2.5695563894245765,2.44006529093177,-49.63721594888685
2026-04-14T12:28:31.594,4.00311732310756,4.005868435255792,4.004216194404137,4.004061460737077,0.015937852085959284,1.9483269422249094,3.6677720348698983,2.6351215025854913,2.538412960673142,-49.80077684892551
2026-04-14T12:28:31.703,4.00311732310756,4.005868435255792,4.004216194404137,4.004061460737077,0.015937852085959284,1.9483269422249094,3.6677720348698983,2.6351215025854913,2.538412960673142,-49.80077684892551
2026-04-14T12:28:31.813,4.00311732310756,4.005868435255792,4.004216194404137,4.004061460737077,0.015937852085959284,1.9483269422249094,3.6677720348698983,2.6351215025854913,2.538412960673142,-49.80077684892551
2026-04-14T12:28:31.922,4.003872633211174,4.005236387564921,4.003862142793068,4.003400564396415,0.02839536721219175,2.4203957569834955,3.272742228075387,2.413839245667404,2.125352747759379,-49.6450579098476
2026-04-14T12:28:32.032,4.003872633211174,4.005236387564921,4.003862142793068,4.003400564396415,0.02839536721219175,2.4203957569834955,3.272742228075387,2.413839245667404,2.125352747759379,-49.6450579098476
2026-04-14T12:28:32.140,4.003872633211174,4.005236387564921,4.003862142793068,4.003400564396415,0.02839536721219175,2.4203957569834955,3.272742228075387,2.413839245667404,2.125352747759379,-49.6450579098476
2026-04-14T12:28:32.250,4.003395319187362,4.0053675177912424,4.0038359167478035,4.003615617967583,0.024695953247846937,2.1220744921013335,3.3546986195265305,2.3974479673771754,2.2597612297392544,-49.691300584401915
2026-04-14T12:28:32.359,4.003395319187362,4.0053675177912424,4.0038359167478035,4.003615617967583,0.024695953247846937,2.1220744921013335,3.3546986195265305,2.3974479673771754,2.2597612297392544,-49.691300584401915
2026-04-14T12:28:32.468,4.003395319187362,4.0053675177912424,4.0038359167478035,4.003615617967583,0.024695953247846937,2.1220744921013335,3.3546986195265305,2.3974479673771754,2.2597612297392544,-49.691300584401915
2026-04-14T12:28:32.577,4.004061460737077,4.005535364480934,4.0043106081670885,4.003712654335061,0.03327978861060664,2.538412960673142,3.459602800583994,2.6941301044303145,2.3204089594131005,-49.58400264236742
2026-04-14T12:28:32.687,4.004061460737077,4.005535364480934,4.0043106081670885,4.003712654335061,0.03327978861060664,2.538412960673142,3.459602800583994,2.6941301044303145,2.3204089594131005,-49.58400264236742
2026-04-14T12:28:32.795,4.004061460737077,4.005535364480934,4.0043106081670885,4.003712654335061,0.03327978861060664,2.538412960673142,3.459602800583994,2.6941301044303145,2.3204089594131005,-49.58400264236742
2026-04-14T12:28:32.919,4.003432035650733,4.005336046536925,4.004006386042022,4.003413677419047,0.024063617348154084,2.1450222817082087,3.335029085578256,2.503991276263662,2.1335483869044936,-49.699204783148076
2026-04-14T12:28:33.012,4.003432035650733,4.005336046536925,4.004006386042022,4.003413677419047,0.024063617348154084,2.1450222817082087,3.335029085578256,2.503991276263662,2.1335483869044936,-49.699204783148076
2026-04-14T12:28:33.136,4.003432035650733,4.005336046536925,4.004006386042022,4.003413677419047,0.024063617348154084,2.1450222817082087,3.335029085578256,2.503991276263662,2.1335483869044936,-49.699204783148076
2026-04-14T12:28:33.246,4.003932953115282,4.005485534994932,4.004300117748983,4.003631353594741,0.02129030163060353,2.4580956970510215,3.4284593718325596,2.687573593114223,2.2695959967133916,-49.733871229617456
2026-04-14T12:28:33.355,4.003932953115282,4.005485534994932,4.004300117748983,4.003631353594741,0.02129030163060353,2.4580956970510215,3.4284593718325596,2.687573593114223,2.2695959967133916,-49.733871229617456
2026-04-14T12:28:33.464,4.003932953115282,4.005485534994932,4.004300117748983,4.003631353594741,0.02129030163060353,2.4580956970510215,3.4284593718325596,2.687573593114223,2.2695959967133916,-49.733871229617456
2026-04-14T12:28:33.574,4.003775596843695,4.005532741876409,4.004027366878234,4.003641844012847,0.013572816240651361,2.3597480273096494,3.4579636727555263,2.5171042988964,2.276152508029483,-49.83033979699186
2026-04-14T12:28:33.682,4.003775596843695,4.005532741876409,4.004027366878234,4.003641844012847,0.013572816240651361,2.3597480273096494,3.4579636727555263,2.5171042988964,2.276152508029483,-49.83033979699186
2026-04-14T12:28:33.778,4.003775596843695,4.005532741876409,4.004027366878234,4.003641844012847,0.013572816240651361,2.3597480273096494,3.4579636727555263,2.5171042988964,2.276152508029483,-49.83033979699186
2026-04-14T12:28:33.901,4.003841161956856,4.005404234254613,4.004137516268344,4.003479242532208,0.028743898810447654,2.400726223035221,3.3776464091328506,2.585947667714805,2.1745265826300653,-49.6407012648694
2026-04-14T12:28:34.010,4.003841161956856,4.005404234254613,4.004137516268344,4.003479242532208,0.028743898810447654,2.400726223035221,3.3776464091328506,2.585947667714805,2.1745265826300653,-49.6407012648694
2026-04-14T12:28:34.118,4.003841161956856,4.005404234254613,4.004137516268344,4.003479242532208,0.028743898810447654,2.400726223035221,3.3776464091328506,2.585947667714805,2.1745265826300653,-49.6407012648694
2026-04-14T12:28:34.228,4.003770351634643,4.005296707469029,4.004334211607826,4.003675937871691,0.02812649997925148,2.3564697716516037,3.310442168142913,2.7088822548915203,2.2974611698067804,-49.64841875025935
2026-04-14T12:28:34.337,4.003770351634643,4.005296707469029,4.004334211607826,4.003675937871691,0.02812649997925148,2.3564697716516037,3.310442168142913,2.7088822548915203,2.2974611698067804,-49.64841875025935
2026-04-14T12:28:34.446,4.003770351634643,4.005296707469029,4.004334211607826,4.003675937871691,0.02812649997925148,2.3564697716516037,3.310442168142913,2.7088822548915203,2.2974611698067804,-49.64841875025935
2026-04-14T12:28:34.555,4.003584146713266,4.005370140395769,4.004276514308245,4.00326418896104,0.029948822335846635,2.24009169579098,3.3563377473555533,2.6728214426530172,2.04011810065019,-49.625639720801914
2026-04-14T12:28:34.664,4.003584146713266,4.005370140395769,4.004276514308245,4.00326418896104,0.029948822335846635,2.24009169579098,3.3563377473555533,2.6728214426530172,2.04011810065019,-49.625639720801914
2026-04-14T12:28:34.763,4.003584146713266,4.005370140395769,4.004276514308245,4.00326418896104,0.029948822335846635,2.24009169579098,3.3563377473555533,2.6728214426530172,2.04011810065019,-49.625639720801914
2026-04-14T12:28:34.881,4.0042266848222425,4.005600929594095,4.003807068098013,4.0035474302498955,0.014757823674721435,2.6416780139015827,3.5005809963095658,2.379417561257924,2.21714390618466,-49.81552720406599
2026-04-14T12:28:34.991,4.0042266848222425,4.005600929594095,4.003807068098013,4.0035474302498955,0.014757823674721435,2.6416780139015827,3.5005809963095658,2.379417561257924,2.21714390618466,-49.81552720406599
2026-04-14T12:28:35.100,4.0042266848222425,4.005600929594095,4.003807068098013,4.0035474302498955,0.014757823674721435,2.6416780139015827,3.5005809963095658,2.379417561257924,2.21714390618466,-49.81552720406599
2026-04-14T12:28:35.208,4.003883123629279,4.005359649977663,4.004386663698355,4.004142761477397,0.008633625591081974,2.426952268299587,3.349781236039462,2.7416648114719777,2.589225923372851,-49.89207968011147
2026-04-14T12:28:35.316,4.003883123629279,4.005359649977663,4.004386663698355,4.004142761477397,0.008633625591081974,2.426952268299587,3.349781236039462,2.7416648114719777,2.589225923372851,-49.89207968011147
2026-04-14T12:28:35.426,4.003883123629279,4.005359649977663,4.004386663698355,4.004142761477397,0.008633625591081974,2.426952268299587,3.349781236039462,2.7416648114719777,2.589225923372851,-49.89207968011147
2026-04-14T12:28:35.536,4.003967046974125,4.0052599910056585,4.00414800668645,4.003791332470854,0.006502603818888729,2.4794043588283188,3.287494378536593,2.592504179031452,2.3695827942837866,-49.91871745226389
2026-04-14T12:28:35.645,4.003967046974125,4.0052599910056585,4.00414800668645,4.003791332470854,0.006502603818888729,2.4794043588283188,3.287494378536593,2.592504179031452,2.3695827942837866,-49.91871745226389
2026-04-14T12:28:35.753,4.003967046974125,4.0052599910056585,4.00414800668645,4.003791332470854,0.006502603818888729,2.4794043588283188,3.287494378536593,2.592504179031452,2.3695827942837866,-49.91871745226389
2026-04-14T12:28:35.861,4.003904104465491,4.005587816571463,4.003982782601284,4.003119945712086,0.007727443435616621,2.44006529093177,3.4923853571644514,2.489239125802456,1.9499660700539323,-49.90340695705479
2026-04-14T12:28:35.970,4.003904104465491,4.005587816571463,4.003982782601284,4.003119945712086,0.007727443435616621,2.44006529093177,3.4923853571644514,2.489239125802456,1.9499660700539323,-49.90340695705479
2026-04-14T12:28:36.080,4.003904104465491,4.005587816571463,4.003982782601284,4.003119945712086,0.007727443435616621,2.44006529093177,3.4923853571644514,2.489239125802456,1.9499660700539323,-49.90340695705479
2026-04-14T12:28:36.190,4.003070116226084,4.0054697993677735,4.003953933951494,4.00334548970136,0.0019019867219107923,1.9188226413024978,3.4186246048584223,2.4712087196837595,2.090931063349899,-49.97622516597611
2026-04-14T12:28:36.298,4.003070116226084,4.0054697993677735,4.003953933951494,4.00334548970136,0.0019019867219107923,1.9188226413024978,3.4186246048584223,2.4712087196837595,2.090931063349899,-49.97622516597611
2026-04-14T12:28:36.407,4.003070116226084,4.0054697993677735,4.003953933951494,4.00334548970136,0.0019019867219107923,1.9188226413024978,3.4186246048584223,2.4712087196837595,2.090931063349899,-49.97622516597611
2026-04-14T12:28:36.515,4.0039985182284425,4.005477667181353,4.004203081381505,4.00368380568527,0.004326770841205441,2.499073892776593,3.423541988345491,2.626925863440377,2.302378553293849,-49.94591536448493
2026-04-14T12:28:36.625,4.0039985182284425,4.005477667181353,4.004203081381505,4.00368380568527,0.004326770841205441,2.499073892776593,3.423541988345491,2.626925863440377,2.302378553293849,-49.94591536448493
2026-04-14T12:28:36.734,4.0039985182284425,4.005477667181353,4.004203081381505,4.00368380568527,0.004326770841205441,2.499073892776593,3.423541988345491,2.626925863440377,2.302378553293849,-49.94591536448493
2026-04-14T12:28:36.843,4.003513336391052,4.0052835944463965,4.004003763437495,4.003502845972946,0.011581207107760477,2.1958352444073626,3.3022465289977987,2.502352148434639,2.189278733091271,-49.855234911153
2026-04-14T12:28:36.952,4.003513336391052,4.0052835944463965,4.004003763437495,4.003502845972946,0.011581207107760477,2.1958352444073626,3.3022465289977987,2.502352148434639,2.189278733091271,-49.855234911153
2026-04-14T12:28:37.061,4.003513336391052,4.0052835944463965,4.004003763437495,4.003502845972946,0.011581207107760477,2.1958352444073626,3.3022465289977987,2.502352148434639,2.189278733091271,-49.855234911153
2026-04-14T12:28:37.170,4.00330090542441,4.005333423932399,4.004612207687629,4.003434658255259,0.006408002385076413,2.06306589025651,3.333389957749233,2.8826298047679444,2.1466614095366765,-49.91989997018654
2026-04-14T12:28:37.279,4.00330090542441,4.005333423932399,4.004612207687629,4.003434658255259,0.006408002385076413,2.06306589025651,3.333389957749233,2.8826298047679444,2.1466614095366765,-49.91989997018654
2026-04-14T12:28:37.388,4.00330090542441,4.005333423932399,4.004612207687629,4.003434658255259,0.006408002385076413,2.06306589025651,3.333389957749233,2.8826298047679444,2.1466614095366765,-49.91989997018654
2026-04-14T12:28:37.497,4.004014253855601,4.004940033253433,4.003770351634643,4.003964424369599,0.005033792083381705,2.5089086597507304,3.087520783395803,2.3564697716516037,2.477765230999296,-49.93707759895773
2026-04-14T12:28:37.622,4.004014253855601,4.004940033253433,4.003770351634643,4.003964424369599,0.005033792083381705,2.5089086597507304,3.087520783395803,2.3564697716516037,2.477765230999296,-49.93707759895773
2026-04-14T12:28:37.716,4.004014253855601,4.004940033253433,4.003770351634643,4.003964424369599,0.005033792083381705,2.5089086597507304,3.087520783395803,2.3564697716516037,2.477765230999296,-49.93707759895773
2026-04-14T12:28:37.839,4.003783464657275,4.005375385604822,4.003807068098013,4.003770351634643,0.018098747995145888,2.364665410796718,3.359616003013599,2.379417561257924,2.3564697716516037,-49.773765650060675
2026-04-14T12:28:37.949,4.003783464657275,4.005375385604822,4.003807068098013,4.003770351634643,0.018098747995145888,2.364665410796718,3.359616003013599,2.379417561257924,2.3564697716516037,-49.773765650060675
2026-04-14T12:28:38.044,4.003783464657275,4.005375385604822,4.003807068098013,4.003770351634643,0.018098747995145888,2.364665410796718,3.359616003013599,2.379417561257924,2.3564697716516037,-49.773765650060675
2026-04-14T12:28:38.153,4.003870010606647,4.005650759080098,4.003565788481581,4.00394868874244,0.019572538753485143,2.4187566291544726,3.5317244250610003,2.228617800988375,2.4679304640251587,-49.75534326558144
2026-04-14T12:28:38.262,4.003870010606647,4.005650759080098,4.003565788481581,4.00394868874244,0.019572538753485143,2.4187566291544726,3.5317244250610003,2.228617800988375,2.4679304640251587,-49.75534326558144
2026-04-14T12:28:38.385,4.003870010606647,4.005650759080098,4.003565788481581,4.00394868874244,0.019572538753485143,2.4187566291544726,3.5317244250610003,2.228617800988375,2.4679304640251587,-49.75534326558144
2026-04-14T12:28:38.492,4.003964424369599,4.005527496667355,4.003885746233806,4.003841161956856,0.01567894289868347,2.477765230999296,3.4546854170969254,2.42859139612861,2.400726223035221,-49.80401321376646
2026-04-14T12:28:38.601,4.003964424369599,4.005527496667355,4.003885746233806,4.003841161956856,0.01567894289868347,2.477765230999296,3.4546854170969254,2.42859139612861,2.400726223035221,-49.80401321376646
2026-04-14T12:28:38.711,4.003964424369599,4.005527496667355,4.003885746233806,4.003841161956856,0.01567894289868347,2.477765230999296,3.4546854170969254,2.42859139612861,2.400726223035221,-49.80401321376646
2026-04-14T12:28:38.821,4.004121780641185,4.005640268661992,4.004252910867507,4.003917217488123,0.01989119621474768,2.576112900740668,3.525167913744909,2.6580692921918114,2.4482609300768843,-49.75136004731565
2026-04-14T12:28:38.930,4.004121780641185,4.005640268661992,4.004252910867507,4.003917217488123,0.01989119621474768,2.576112900740668,3.525167913744909,2.6580692921918114,2.4482609300768843,-49.75136004731565
2026-04-14T12:28:39.039,4.004121780641185,4.005640268661992,4.004252910867507,4.003917217488123,0.01989119621474768,2.576112900740668,3.525167913744909,2.6580692921918114,2.4482609300768843,-49.75136004731565
2026-04-14T12:28:39.149,4.003426790441679,4.0058186057697895,4.003906727070017,4.004077196364236,0.009928171527461047,2.141744026049608,3.636628606118464,2.441704418760793,2.5482477276472792,-49.875897855906736
2026-04-14T12:28:39.258,4.003426790441679,4.0058186057697895,4.003906727070017,4.004077196364236,0.009928171527461047,2.141744026049608,3.636628606118464,2.441704418760793,2.5482477276472792,-49.875897855906736
2026-04-14T12:28:39.366,4.003426790441679,4.0058186057697895,4.003906727070017,4.004077196364236,0.009928171527461047,2.141744026049608,3.636628606118464,2.441704418760793,2.5482477276472792,-49.875897855906736
2026-04-14T12:28:39.476,4.003424167837153,4.00550913843567,4.00399327301939,4.004037857296339,0.01060033960981172,2.140104898220585,3.4432115222937654,2.4957956371185475,2.5236608102119362,-49.86749575487735
2026-04-14T12:28:39.585,4.003424167837153,4.00550913843567,4.00399327301939,4.004037857296339,0.01060033960981172,2.140104898220585,3.4432115222937654,2.4957956371185475,2.5236608102119362,-49.86749575487735
2026-04-14T12:28:39.694,4.003424167837153,4.00550913843567,4.00399327301939,4.004037857296339,0.01060033960981172,2.140104898220585,3.4432115222937654,2.4957956371185475,2.5236608102119362,-49.86749575487735
2026-04-14T12:28:39.804,4.00361037275853,4.005291462259976,4.004205703986031,4.003411054814521,0.01595776817728819,2.2564829740812087,3.3071639124848673,2.6285649912694,2.1319092590754707,-49.800527897783894
2026-04-14T12:28:39.912,4.00361037275853,4.005291462259976,4.004205703986031,4.003411054814521,0.01595776817728819,2.2564829740812087,3.3071639124848673,2.6285649912694,2.1319092590754707,-49.800527897783894
2026-04-14T12:28:40.021,4.00361037275853,4.005291462259976,4.004205703986031,4.003411054814521,0.01595776817728819,2.2564829740812087,3.3071639124848673,2.6285649912694,2.1319092590754707,-49.800527897783894
2026-04-14T12:28:40.129,4.003859520188541,4.005288839655449,4.004397154116461,4.004260778681086,0.010336451399703678,2.412200117838381,3.3055247846558444,2.748221322788069,2.66298667567888,-49.870794357503705
2026-04-14T12:28:40.239,4.003859520188541,4.005288839655449,4.004397154116461,4.004260778681086,0.010336451399703678,2.412200117838381,3.3055247846558444,2.748221322788069,2.66298667567888,-49.870794357503705
2026-04-14T12:28:40.347,4.003859520188541,4.005288839655449,4.004397154116461,4.004260778681086,0.010336451399703678,2.412200117838381,3.3055247846558444,2.748221322788069,2.66298667567888,-49.870794357503705
2026-04-14T12:28:40.455,4.0039198400926495,4.005299330073555,4.00414013887287,4.00368380568527,0.007886772166247892,2.449900057905907,3.312081295971936,2.587586795543828,2.302378553293849,-49.901415347921905
2026-04-14T12:28:40.564,4.0039198400926495,4.005299330073555,4.00414013887287,4.00368380568527,0.007886772166247892,2.449900057905907,3.312081295971936,2.587586795543828,2.302378553293849,-49.901415347921905
2026-04-14T12:28:40.672,4.0039198400926495,4.005299330073555,4.00414013887287,4.00368380568527,0.007886772166247892,2.449900057905907,3.312081295971936,2.587586795543828,2.302378553293849,-49.901415347921905
2026-04-14T12:28:40.781,4.003843784561383,4.00573730502947,4.003387451373783,4.00376510642559,0.014145403866357488,2.402365350864244,3.585815643418755,2.117157108614265,2.353191515993558,-49.82318245167053
2026-04-14T12:28:40.890,4.003843784561383,4.00573730502947,4.003387451373783,4.00376510642559,0.014145403866357488,2.402365350864244,3.585815643418755,2.117157108614265,2.353191515993558,-49.82318245167053
2026-04-14T12:28:40.999,4.003843784561383,4.00573730502947,4.003387451373783,4.00376510642559,0.014145403866357488,2.402365350864244,3.585815643418755,2.117157108614265,2.353191515993558,-49.82318245167053
2026-04-14T12:28:41.123,4.003639221408321,4.005753040656629,4.003413677419047,4.003736257775799,0.01713779658852604,2.2745133802004602,3.595650410392892,2.1335483869044936,2.3351611098743064,-49.78577754264342
2026-04-14T12:28:41.217,4.003639221408321,4.005753040656629,4.003413677419047,4.003736257775799,0.01713779658852604,2.2745133802004602,3.595650410392892,2.1335483869044936,2.3351611098743064,-49.78577754264342
2026-04-14T12:28:41.325,4.003639221408321,4.005753040656629,4.003413677419047,4.003736257775799,0.01713779658852604,2.2745133802004602,3.595650410392892,2.1335483869044936,2.3351611098743064,-49.78577754264342
2026-04-14T12:28:41.450,4.003578901504213,4.0053439143505045,4.0037939550753805,4.004053592923498,0.0075083664309986255,2.2368134401329343,3.3399464690653247,2.3712219221128095,2.5334955771860734,-49.90614541961252
2026-04-14T12:28:41.560,4.003578901504213,4.0053439143505045,4.0037939550753805,4.004053592923498,0.0075083664309986255,2.2368134401329343,3.3399464690653247,2.3712219221128095,2.5334955771860734,-49.90614541961252
2026-04-14T12:28:41.670,4.003578901504213,4.0053439143505045,4.0037939550753805,4.004053592923498,0.0075083664309986255,2.2368134401329343,3.3399464690653247,2.3712219221128095,2.5334955771860734,-49.90614541961252
2026-04-14T12:28:41.780,4.003867388002121,4.005648136475571,4.004132271059291,4.003731012566746,0.011232675509504575,2.41711750132545,3.5300852972319774,2.5826694120567595,2.3318828542162606,-49.85959155613119
2026-04-14T12:28:41.889,4.003867388002121,4.005648136475571,4.004132271059291,4.003731012566746,0.011232675509504575,2.41711750132545,3.5300852972319774,2.5826694120567595,2.3318828542162606,-49.85959155613119
2026-04-14T12:28:41.998,4.003867388002121,4.005648136475571,4.004132271059291,4.003731012566746,0.011232675509504575,2.41711750132545,3.5300852972319774,2.5826694120567595,2.3318828542162606,-49.85959155613119
2026-04-14T12:28:42.107,4.0036470892219,4.005375385604822,4.004271269099192,4.0039198400926495,0.0059648693530081915,2.279430763687529,3.359616003013599,2.6695431869949715,2.449900057905907,-49.925439133087394
2026-04-14T12:28:42.230,4.0036470892219,4.005375385604822,4.004271269099192,4.0039198400926495,0.0059648693530081915,2.279430763687529,3.359616003013599,2.6695431869949715,2.449900057905907,-49.925439133087394
2026-04-14T12:28:42.338,4.0036470892219,4.005375385604822,4.004271269099192,4.0039198400926495,0.0059648693530081915,2.279430763687529,3.359616003013599,2.6695431869949715,2.449900057905907,-49.925439133087394
2026-04-14T12:28:42.448,4.003862142793068,4.005249500587553,4.003898859256438,4.003581524108739,0.008494212951779611,2.413839245667404,3.2809378672205014,2.436787035273724,2.238452567961957,-49.89382233810276
2026-04-14T12:28:42.557,4.003862142793068,4.005249500587553,4.003898859256438,4.003581524108739,0.008494212951779611,2.413839245667404,3.2809378672205014,2.436787035273724,2.238452567961957,-49.89382233810276
2026-04-14T12:28:42.667,4.003862142793068,4.005249500587553,4.003898859256438,4.003581524108739,0.008494212951779611,2.413839245667404,3.2809378672205014,2.436787035273724,2.238452567961957,-49.89382233810276
2026-04-14T12:28:42.777,4.004019499064654,4.005451441136088,4.004231930031295,4.00406670594613,0.0152457679122797,2.512186915408776,3.4071507100552623,2.6449562695596285,2.5416912163311878,-49.809427901096505
2026-04-14T12:28:42.884,4.004019499064654,4.005451441136088,4.004231930031295,4.00406670594613,0.0152457679122797,2.512186915408776,3.4071507100552623,2.6449562695596285,2.5416912163311878,-49.809427901096505
2026-04-14T12:28:42.994,4.004019499064654,4.005451441136088,4.004231930031295,4.00406670594613,0.0152457679122797,2.512186915408776,3.4071507100552623,2.6449562695596285,2.5416912163311878,-49.809427901096505
2026-04-14T12:28:43.105,4.004119158036659,4.005561590526199,4.00444173839341,4.003369093142098,0.015668984853019017,2.574473772911645,3.4759940788742227,2.776086495881458,2.105683213811105,-49.80413768933726
2026-04-14T12:28:43.214,4.004119158036659,4.005561590526199,4.00444173839341,4.003369093142098,0.015668984853019017,2.574473772911645,3.4759940788742227,2.776086495881458,2.105683213811105,-49.80413768933726
2026-04-14T12:28:43.322,4.004119158036659,4.005561590526199,4.00444173839341,4.003369093142098,0.015668984853019017,2.574473772911645,3.4759940788742227,2.776086495881458,2.105683213811105,-49.80413768933726
2026-04-14T12:28:43.432,4.0043106081670885,4.005692720752521,4.004006386042022,4.004014253855601,0.016605041145477728,2.6941301044303145,3.557950470325366,2.503991276263662,2.5089086597507304,-49.792436985681526
2026-04-14T12:28:43.540,4.0043106081670885,4.005692720752521,4.004006386042022,4.004014253855601,0.016605041145477728,2.6941301044303145,3.557950470325366,2.503991276263662,2.5089086597507304,-49.792436985681526
2026-04-14T12:28:43.651,4.0043106081670885,4.005692720752521,4.004006386042022,4.004014253855601,0.016605041145477728,2.6941301044303145,3.557950470325366,2.503991276263662,2.5089086597507304,-49.792436985681526
2026-04-14T12:28:43.759,4.003508091181999,4.005897283905583,4.003725767357693,4.003670692662638,0.012676592130850465,2.192556988749317,3.68580244098915,2.328604598558215,2.2941829141487347,-49.84154259836437
2026-04-14T12:28:43.867,4.003508091181999,4.005897283905583,4.003725767357693,4.003670692662638,0.012676592130850465,2.192556988749317,3.68580244098915,2.328604598558215,2.2941829141487347,-49.84154259836437
2026-04-14T12:28:43.976,4.003508091181999,4.005897283905583,4.003725767357693,4.003670692662638,0.012676592130850465,2.192556988749317,3.68580244098915,2.328604598558215,2.2941829141487347,-49.84154259836437
2026-04-14T12:28:44.086,4.003731012566746,4.005341291745978,4.003982782601284,4.003982782601284,0.010625234723972856,2.3318828542162606,3.338307341236302,2.489239125802456,2.489239125802456,-49.86718456595034
2026-04-14T12:28:44.196,4.003731012566746,4.005341291745978,4.003982782601284,4.003982782601284,0.010625234723972856,2.3318828542162606,3.338307341236302,2.489239125802456,2.489239125802456,-49.86718456595034
2026-04-14T12:28:44.306,4.003731012566746,4.005341291745978,4.003982782601284,4.003982782601284,0.010625234723972856,2.3318828542162606,3.338307341236302,2.489239125802456,2.489239125802456,-49.86718456595034
2026-04-14T12:28:44.415,4.003494978159367,4.005223274542288,4.003906727070017,4.003927707906229,0.012293207372768969,2.1843613496042025,3.2645465889302727,2.441704418760793,2.4548174413929758,-49.84633490784039
2026-04-14T12:28:44.524,4.003494978159367,4.005223274542288,4.003906727070017,4.003927707906229,0.012293207372768969,2.1843613496042025,3.2645465889302727,2.441704418760793,2.4548174413929758,-49.84633490784039
2026-04-14T12:28:44.633,4.003494978159367,4.005223274542288,4.003906727070017,4.003927707906229,0.012293207372768969,2.1843613496042025,3.2645465889302727,2.441704418760793,2.4548174413929758,-49.84633490784039
2026-04-14T12:28:44.742,4.003597259735898,4.005440950717983,4.003841161956856,4.003862142793068,0.011984507957170883,2.2482873349360943,3.400594198739171,2.400726223035221,2.413839245667404,-49.85019365053536
2026-04-14T12:28:44.851,4.003597259735898,4.005440950717983,4.003841161956856,4.003862142793068,0.011984507957170883,2.2482873349360943,3.400594198739171,2.400726223035221,2.413839245667404,-49.85019365053536
2026-04-14T12:28:44.960,4.003597259735898,4.005440950717983,4.003841161956856,4.003862142793068,0.011984507957170883,2.2482873349360943,3.400594198739171,2.400726223035221,2.413839245667404,-49.85019365053536
2026-04-14T12:28:45.067,4.003849029770436,4.005823850978842,4.003930330510755,4.003809690702539,0.00988833934480323,2.4056436065222897,3.6399068617765096,2.4564565692219986,2.3810566890869467,-49.876395758189965
2026-04-14T12:28:45.177,4.003849029770436,4.005823850978842,4.003930330510755,4.003809690702539,0.00988833934480323,2.4056436065222897,3.6399068617765096,2.4564565692219986,2.3810566890869467,-49.876395758189965
2026-04-14T12:28:45.285,4.003849029770436,4.005823850978842,4.003930330510755,4.003809690702539,0.00988833934480323,2.4056436065222897,3.6399068617765096,2.4564565692219986,2.3810566890869467,-49.876395758189965
2026-04-14T12:28:45.391,4.003641844012847,4.005857944837686,4.0039198400926495,4.003639221408321,0.006602184275533274,2.276152508029483,3.661215523553807,2.449900057905907,2.2745133802004602,-49.91747269655583
2026-04-14T12:28:45.503,4.003641844012847,4.005857944837686,4.0039198400926495,4.003639221408321,0.006602184275533274,2.276152508029483,3.661215523553807,2.449900057905907,2.2745133802004602,-49.91747269655583
2026-04-14T12:28:45.613,4.003641844012847,4.005857944837686,4.0039198400926495,4.003639221408321,0.006602184275533274,2.276152508029483,3.661215523553807,2.449900057905907,2.2745133802004602,-49.91747269655583
2026-04-14T12:28:45.723,4.004134893663817,4.005829096187895,4.004050970318971,4.003961801765072,0.00523793201950302,2.5843085398857824,3.6431851174345553,2.5318564493570506,2.476126103170273,-49.93452584975621
2026-04-14T12:28:45.831,4.004134893663817,4.005829096187895,4.004050970318971,4.003961801765072,0.00523793201950302,2.5843085398857824,3.6431851174345553,2.5318564493570506,2.476126103170273,-49.93452584975621
2026-04-14T12:28:45.939,4.004134893663817,4.005829096187895,4.004050970318971,4.003961801765072,0.00523793201950302,2.5843085398857824,3.6431851174345553,2.5318564493570506,2.476126103170273,-49.93452584975621
2026-04-14T12:28:46.049,4.003479242532208,4.005831718792422,4.004134893663817,4.003274679379146,-0.008952283052344514,2.1745265826300653,3.644824245263578,2.5843085398857824,2.0466746119662815,-50.1119035381543
2026-04-14T12:28:46.158,4.003479242532208,4.005831718792422,4.004134893663817,4.003274679379146,-0.008952283052344514,2.1745265826300653,3.644824245263578,2.5843085398857824,2.0466746119662815,-50.1119035381543
2026-04-14T12:28:46.266,4.003479242532208,4.005831718792422,4.004134893663817,4.003274679379146,-0.008952283052344514,2.1745265826300653,3.644824245263578,2.5843085398857824,2.0466746119662815,-50.1119035381543
2026-04-14T12:28:46.377,4.003830671538751,4.005742550238523,4.003686428289797,4.003791332470854,0.0015385180551582063,2.3941697117191296,3.5890938990768007,2.304017681122872,2.3695827942837866,-49.98076852431052
2026-04-14T12:28:46.487,4.003830671538751,4.005742550238523,4.003686428289797,4.003791332470854,0.0015385180551582063,2.3941697117191296,3.5890938990768007,2.304017681122872,2.3695827942837866,-49.98076852431052
2026-04-14T12:28:46.596,4.003830671538751,4.005742550238523,4.003686428289797,4.003791332470854,0.0015385180551582063,2.3941697117191296,3.5890938990768007,2.304017681122872,2.3695827942837866,-49.98076852431052
2026-04-14T12:28:46.703,4.004210949195084,4.0054278376953505,4.004001140832969,4.003623485781162,-0.0021260427493610167,2.6318432469274455,3.3923985595940565,2.500713020605616,2.264678613226323,-50.02657553436701
2026-04-14T12:28:46.810,4.004210949195084,4.0054278376953505,4.004001140832969,4.003623485781162,-0.0021260427493610167,2.6318432469274455,3.3923985595940565,2.500713020605616,2.264678613226323,-50.02657553436701
2026-04-14T12:28:46.923,4.004210949195084,4.0054278376953505,4.004001140832969,4.003623485781162,-0.0021260427493610167,2.6318432469274455,3.3923985595940565,2.500713020605616,2.264678613226323,-50.02657553436701
2026-04-14T12:28:47.029,4.003846407165909,4.00562715563936,4.003788709866328,4.003817558516118,-0.00983357009364873,2.404004478693267,3.5169722745997944,2.3679436664547637,2.3859740725740153,-50.122919626170614
2026-04-14T12:28:47.139,4.003846407165909,4.00562715563936,4.003788709866328,4.003817558516118,-0.00983357009364873,2.404004478693267,3.5169722745997944,2.3679436664547637,2.3859740725740153,-50.122919626170614
2026-04-14T12:28:47.248,4.003846407165909,4.00562715563936,4.003788709866328,4.003817558516118,-0.00983357009364873,2.404004478693267,3.5169722745997944,2.3679436664547637,2.3859740725740153,-50.122919626170614
2026-04-14T12:28:47.357,4.00375723861201,4.0055720809443045,4.003762483821063,4.003712654335061,-0.006970631965118087,2.3482741325064893,3.482550590190314,2.351552388164535,2.3204089594131005,-50.08713289956398
2026-04-14T12:28:47.466,4.00375723861201,4.0055720809443045,4.003762483821063,4.003712654335061,-0.006970631965118087,2.3482741325064893,3.482550590190314,2.351552388164535,2.3204089594131005,-50.08713289956398
2026-04-14T12:28:47.590,4.00375723861201,4.0055720809443045,4.003762483821063,4.003712654335061,-0.006970631965118087,2.3482741325064893,3.482550590190314,2.351552388164535,2.3204089594131005,-50.08713289956398
2026-04-14T12:28:47.685,4.003935575719808,4.0056140426167275,4.003922462697176,4.003673315267164,-0.0029226864025173696,2.4597348248800444,3.50877663545468,2.45153918573493,2.2958220419777575,-50.036533580031474
2026-04-14T12:28:47.808,4.003935575719808,4.0056140426167275,4.003922462697176,4.003673315267164,-0.0029226864025173696,2.4597348248800444,3.50877663545468,2.45153918573493,2.2958220419777575,-50.036533580031474
2026-04-14T12:28:47.916,4.003935575719808,4.0056140426167275,4.003922462697176,4.003673315267164,-0.0029226864025173696,2.4597348248800444,3.50877663545468,2.45153918573493,2.2958220419777575,-50.036533580031474
2026-04-14T12:28:48.026,4.003552675458948,4.005829096187895,4.003686428289797,4.003552675458948,-0.0034405047770689986,2.2204221618427056,3.6431851174345553,2.304017681122872,2.2204221618427056,-50.04300630971337
2026-04-14T12:28:48.135,4.003552675458948,4.005829096187895,4.003686428289797,4.003552675458948,-0.0034405047770689986,2.2204221618427056,3.6431851174345553,2.304017681122872,2.2204221618427056,-50.04300630971337
2026-04-14T12:28:48.243,4.003552675458948,4.005829096187895,4.003686428289797,4.003552675458948,-0.0034405047770689986,2.2204221618427056,3.6431851174345553,2.304017681122872,2.2204221618427056,-50.04300630971337
2026-04-14T12:28:48.353,4.00402998948276,4.005815983165263,4.003961801765072,4.004024744273707,-0.005780645508215785,2.5187434267248676,3.634989478289441,2.476126103170273,2.515465171066822,-50.07225806885269
2026-04-14T12:28:48.452,4.00402998948276,4.005815983165263,4.003961801765072,4.004024744273707,-0.005780645508215785,2.5187434267248676,3.634989478289441,2.476126103170273,2.515465171066822,-50.07225806885269
2026-04-14T12:28:48.562,4.00402998948276,4.005815983165263,4.003961801765072,4.004024744273707,-0.005780645508215785,2.5187434267248676,3.634989478289441,2.476126103170273,2.515465171066822,-50.07225806885269
2026-04-14T12:28:48.679,4.003453016486944,4.005611420012201,4.0042214396131905,4.003870010606647,-0.01312968320858314,2.1581353043398366,3.5071375076256572,2.638399758244092,2.4187566291544726,-50.16412104010729
2026-04-14T12:28:48.787,4.003453016486944,4.005611420012201,4.0042214396131905,4.003870010606647,-0.01312968320858314,2.1581353043398366,3.5071375076256572,2.638399758244092,2.4187566291544726,-50.16412104010729
2026-04-14T12:28:48.896,4.003453016486944,4.005611420012201,4.0042214396131905,4.003870010606647,-0.01312968320858314,2.1581353043398366,3.5071375076256572,2.638399758244092,2.4187566291544726,-50.16412104010729
2026-04-14T12:28:49.006,4.002944231208815,4.0054461959270355,4.004142761477397,4.003749370798431,-0.012586969719870375,1.8401445055094001,3.4038724543972165,2.589225923372851,2.3433567490194207,-50.15733712149838
2026-04-14T12:28:49.116,4.002944231208815,4.0054461959270355,4.004142761477397,4.003749370798431,-0.012586969719870375,1.8401445055094001,3.4038724543972165,2.589225923372851,2.3433567490194207,-50.15733712149838
2026-04-14T12:28:49.224,4.002944231208815,4.0054461959270355,4.004142761477397,4.003749370798431,-0.012586969719870375,1.8401445055094001,3.4038724543972165,2.589225923372851,2.3433567490194207,-50.15733712149838
2026-04-14T12:28:49.333,4.003883123629279,4.005595684385042,4.0040404799008655,4.003807068098013,-0.01412548777502858,2.426952268299587,3.49730274065152,2.525299938040959,2.379417561257924,-50.17656859718785
2026-04-14T12:28:49.443,4.003883123629279,4.005595684385042,4.0040404799008655,4.003807068098013,-0.01412548777502858,2.426952268299587,3.49730274065152,2.525299938040959,2.379417561257924,-50.17656859718785
2026-04-14T12:28:49.551,4.003883123629279,4.005595684385042,4.0040404799008655,4.003807068098013,-0.01412548777502858,2.426952268299587,3.49730274065152,2.525299938040959,2.379417561257924,-50.17656859718785
2026-04-14T12:28:49.662,4.003581524108739,4.005666494707257,4.004011631251075,4.0037939550753805,-0.011780368021049568,2.238452567961957,3.5415591920356926,2.5072695319217075,2.3712219221128095,-50.147254600263125
2026-04-14T12:28:49.771,4.003581524108739,4.005666494707257,4.004011631251075,4.0037939550753805,-0.011780368021049568,2.238452567961957,3.5415591920356926,2.5072695319217075,2.3712219221128095,-50.147254600263125
2026-04-14T12:28:49.879,4.003581524108739,4.005666494707257,4.004011631251075,4.0037939550753805,-0.011780368021049568,2.238452567961957,3.5415591920356926,2.5072695319217075,2.3712219221128095,-50.147254600263125
2026-04-14T12:28:49.990,4.0033795835602035,4.005653381684625,4.004216194404137,4.003539562436316,-0.00974394768266864,2.1122397251271963,3.5333635528905782,2.6351215025854913,2.2122265226975912,-50.121799346033356
2026-04-14T12:28:50.091,4.0033795835602035,4.005653381684625,4.004216194404137,4.003539562436316,-0.00974394768266864,2.1122397251271963,3.5333635528905782,2.6351215025854913,2.2122265226975912,-50.121799346033356
2026-04-14T12:28:50.208,4.0033795835602035,4.005653381684625,4.004216194404137,4.003539562436316,-0.00974394768266864,2.1122397251271963,3.5333635528905782,2.6351215025854913,2.2122265226975912,-50.121799346033356
2026-04-14T12:28:50.316,4.003749370798431,4.005548477503567,4.003901481860964,4.00425815607656,-0.015649068761690102,2.3433567490194207,3.4677984397291084,2.438426163102747,2.661347547849857,-50.19561335952113
2026-04-14T12:28:50.425,4.003749370798431,4.005548477503567,4.003901481860964,4.00425815607656,-0.015649068761690102,2.3433567490194207,3.4677984397291084,2.438426163102747,2.661347547849857,-50.19561335952113
2026-04-14T12:28:50.536,4.003749370798431,4.005548477503567,4.003901481860964,4.00425815607656,-0.015649068761690102,2.3433567490194207,3.4677984397291084,2.438426163102747,2.661347547849857,-50.19561335952113
2026-04-14T12:28:50.644,4.003466129509576,4.005611420012201,4.0042214396131905,4.003468752114102,-0.011655892450243887,2.166330943484951,3.5071375076256572,2.638399758244092,2.167970071313974,-50.145698655628046
2026-04-14T12:28:50.755,4.003466129509576,4.005611420012201,4.0042214396131905,4.003468752114102,-0.011655892450243887,2.166330943484951,3.5071375076256572,2.638399758244092,2.167970071313974,-50.145698655628046
2026-04-14T12:28:50.864,4.003466129509576,4.005611420012201,4.0042214396131905,4.003468752114102,-0.011655892450243887,2.166330943484951,3.5071375076256572,2.638399758244092,2.167970071313974,-50.145698655628046
2026-04-14T12:28:50.972,4.003654957035479,4.005608797407675,4.003731012566746,4.00330877323799,-0.009883360321971001,2.2843481471745974,3.5054983797966344,2.3318828542162606,2.067983273743579,-50.123542004024635
2026-04-14T12:28:51.083,4.003654957035479,4.005608797407675,4.003731012566746,4.00330877323799,-0.009883360321971001,2.2843481471745974,3.5054983797966344,2.3318828542162606,2.067983273743579,-50.123542004024635
2026-04-14T12:28:51.192,4.003654957035479,4.005608797407675,4.003731012566746,4.00330877323799,-0.009883360321971001,2.2843481471745974,3.5054983797966344,2.3318828542162606,2.067983273743579,-50.123542004024635
2026-04-14T12:28:51.300,4.003828048934224,4.0057163241932585,4.004439115788884,4.003578901504213,-0.00856889829426302,2.3925305838901068,3.572702620786572,2.774447368052435,2.2368134401329343,-50.10711122867829
2026-04-14T12:28:51.409,4.003828048934224,4.0057163241932585,4.004439115788884,4.003578901504213,-0.00856889829426302,2.3925305838901068,3.572702620786572,2.774447368052435,2.2368134401329343,-50.10711122867829
2026-04-14T12:28:51.518,4.003828048934224,4.0057163241932585,4.004439115788884,4.003578901504213,-0.00856889829426302,2.3925305838901068,3.572702620786572,2.774447368052435,2.2368134401329343,-50.10711122867829
2026-04-14T12:28:51.626,4.003518581600105,4.005351782164084,4.004197836172452,4.003846407165909,-0.00819547158184598,2.1991135000654083,3.3448638525523933,2.623647607782331,2.404004478693267,-50.102443394773076
2026-04-14T12:28:51.738,4.003518581600105,4.005351782164084,4.004197836172452,4.003846407165909,-0.00819547158184598,2.1991135000654083,3.3448638525523933,2.623647607782331,2.404004478693267,-50.102443394773076
2026-04-14T12:28:51.846,4.003518581600105,4.005351782164084,4.004197836172452,4.003846407165909,-0.00819547158184598,2.1991135000654083,3.3448638525523933,2.623647607782331,2.404004478693267,-50.102443394773076
2026-04-14T12:28:51.955,4.003762483821063,4.005212784124183,4.004339456816879,4.003618240572109,-0.008105849170865891,2.351552388164535,3.2579900776141812,2.712160510549566,2.2614003575682773,-50.10132311463582
2026-04-14T12:28:52.063,4.003762483821063,4.005212784124183,4.004339456816879,4.003618240572109,-0.008105849170865891,2.351552388164535,3.2579900776141812,2.712160510549566,2.2614003575682773,-50.10132311463582
2026-04-14T12:28:52.172,4.003762483821063,4.005212784124183,4.004339456816879,4.003618240572109,-0.008105849170865891,2.351552388164535,3.2579900776141812,2.712160510549566,2.2614003575682773,-50.10132311463582
2026-04-14T12:28:52.281,4.003786087261801,4.005711078984206,4.0039985182284425,4.002928495581656,0.0020613154525420626,2.366304538625741,3.5694243651285262,2.499073892776593,1.830309738535263,-49.974233556843224
2026-04-14T12:28:52.389,4.003786087261801,4.005711078984206,4.0039985182284425,4.002928495581656,0.0020613154525420626,2.366304538625741,3.5694243651285262,2.499073892776593,1.830309738535263,-49.974233556843224
2026-04-14T12:28:52.497,4.003786087261801,4.005711078984206,4.0039985182284425,4.002928495581656,0.0020613154525420626,2.366304538625741,3.5694243651285262,2.499073892776593,1.830309738535263,-49.974233556843224
2026-04-14T12:28:52.606,4.0038123133070656,4.00562715563936,4.003552675458948,4.003977537392231,-0.007941541417402392,2.3826958169159695,3.5169722745997944,2.2204221618427056,2.4859608701444103,-50.09926926771753
2026-04-14T12:28:52.716,4.0038123133070656,4.00562715563936,4.003552675458948,4.003977537392231,-0.007941541417402392,2.3826958169159695,3.5169722745997944,2.2204221618427056,2.4859608701444103,-50.09926926771753
2026-04-14T12:28:52.840,4.0038123133070656,4.00562715563936,4.003552675458948,4.003977537392231,-0.007941541417402392,2.3826958169159695,3.5169722745997944,2.2204221618427056,2.4859608701444103,-50.09926926771753
2026-04-14T12:28:52.947,4.003754616007484,4.005173445056286,4.00429487253993,4.003925085301702,-0.013159557345576502,2.3466350046774664,3.233403160178838,2.6842953374561773,2.453178313563953,-50.16449446681971
2026-04-14T12:28:53.055,4.003754616007484,4.005173445056286,4.00429487253993,4.003925085301702,-0.013159557345576502,2.3466350046774664,3.233403160178838,2.6842953374561773,2.453178313563953,-50.16449446681971
2026-04-14T12:28:53.165,4.003754616007484,4.005173445056286,4.00429487253993,4.003925085301702,-0.013159557345576502,2.3466350046774664,3.233403160178838,2.6842953374561773,2.453178313563953,-50.16449446681971
2026-04-14T12:28:53.273,4.003510713786525,4.005307197887134,4.003783464657275,4.003652334430953,-0.008170576467684843,2.1941961165783397,3.3169986794590045,2.364665410796718,2.2827090193455746,-50.10213220584606
2026-04-14T12:28:53.385,4.003510713786525,4.005307197887134,4.003783464657275,4.003652334430953,-0.008170576467684843,2.1941961165783397,3.3169986794590045,2.364665410796718,2.2827090193455746,-50.10213220584606
2026-04-14T12:28:53.492,4.003510713786525,4.005307197887134,4.003783464657275,4.003652334430953,-0.008170576467684843,2.1941961165783397,3.3169986794590045,2.364665410796718,2.2827090193455746,-50.10213220584606
2026-04-14T12:28:53.600,4.003550052854422,4.005708456379679,4.004053592923498,4.003243208124829,-0.009136506897136921,2.2187830340136827,3.5677852372995034,2.5334955771860734,2.027005078018007,-50.11420633621421
2026-04-14T12:28:53.709,4.003550052854422,4.005708456379679,4.004053592923498,4.003243208124829,-0.009136506897136921,2.2187830340136827,3.5677852372995034,2.5334955771860734,2.027005078018007,-50.11420633621421
2026-04-14T12:28:53.817,4.003550052854422,4.005708456379679,4.004053592923498,4.003243208124829,-0.009136506897136921,2.2187830340136827,3.5677852372995034,2.5334955771860734,2.027005078018007,-50.11420633621421
2026-04-14T12:28:53.927,4.0036680700581115,4.005320310909767,4.004197836172452,4.0038752558157,-0.012412703920742422,2.292543786319712,3.325194318604119,2.623647607782331,2.4220348848125184,-50.15515879900928
2026-04-14T12:28:54.037,4.0036680700581115,4.005320310909767,4.004197836172452,4.0038752558157,-0.012412703920742422,2.292543786319712,3.325194318604119,2.623647607782331,2.4220348848125184,-50.15515879900928
2026-04-14T12:28:54.146,4.0036680700581115,4.005320310909767,4.004197836172452,4.0038752558157,-0.012412703920742422,2.292543786319712,3.325194318604119,2.623647607782331,2.4220348848125184,-50.15515879900928
2026-04-14T12:28:54.255,4.003927707906229,4.005223274542288,4.003689050894323,4.003167152593562,-0.011143053098524485,2.4548174413929758,3.2645465889302727,2.3056568089518947,1.979470370976344,-50.13928816373156
2026-04-14T12:28:54.364,4.003927707906229,4.005223274542288,4.003689050894323,4.003167152593562,-0.011143053098524485,2.4548174413929758,3.2645465889302727,2.3056568089518947,1.979470370976344,-50.13928816373156
2026-04-14T12:28:54.471,4.003927707906229,4.005223274542288,4.003689050894323,4.003167152593562,-0.011143053098524485,2.4548174413929758,3.2645465889302727,2.3056568089518947,1.979470370976344,-50.13928816373156
2026-04-14T12:28:54.580,4.003169775198089,4.005718946797785,4.003508091181999,4.003426790441679,-0.000776727561827444,1.9811094988053668,3.574341748615595,2.192556988749317,2.141744026049608,-50.00970909452285
2026-04-14T12:28:54.689,4.003169775198089,4.005718946797785,4.003508091181999,4.003426790441679,-0.000776727561827444,1.9811094988053668,3.574341748615595,2.192556988749317,2.141744026049608,-50.00970909452285
2026-04-14T12:28:54.798,4.003169775198089,4.005718946797785,4.003508091181999,4.003426790441679,-0.000776727561827444,1.9811094988053668,3.574341748615595,2.192556988749317,2.141744026049608,-50.00970909452285
2026-04-14T12:28:54.905,4.0034215452326265,4.005784511910946,4.00350022336842,4.0039985182284425,-0.0017078048314539314,2.138465770391562,3.6153199443411665,2.187639605262248,2.499073892776593,-50.02134756039317
2026-04-14T12:28:55.014,4.0034215452326265,4.005784511910946,4.00350022336842,4.0039985182284425,-0.0017078048314539314,2.138465770391562,3.6153199443411665,2.187639605262248,2.499073892776593,-50.02134756039317
2026-04-14T12:28:55.122,4.0034215452326265,4.005784511910946,4.00350022336842,4.0039985182284425,-0.0017078048314539314,2.138465770391562,3.6153199443411665,2.187639605262248,2.499073892776593,-50.02134756039317
2026-04-14T12:28:55.232,4.004050970318971,4.005658626893677,4.003403187000941,4.004163742313608,0.0004331749864037668,2.5318564493570506,3.536641808548069,2.126991875588402,2.602338946005034,-49.994585312669955
2026-04-14T12:28:55.355,4.004050970318971,4.005658626893677,4.003403187000941,4.004163742313608,0.0004331749864037668,2.5318564493570506,3.536641808548069,2.126991875588402,2.602338946005034,-49.994585312669955
2026-04-14T12:28:55.463,4.004050970318971,4.005658626893677,4.003403187000941,4.004163742313608,0.0004331749864037668,2.5318564493570506,3.536641808548069,2.126991875588402,2.602338946005034,-49.994585312669955
2026-04-14T12:28:55.572,4.0036916734988495,4.005419969881771,4.003974914787705,4.003492355554841,0.009982940778615546,2.3072959367809176,3.387481176106988,2.4843217423153874,2.1827222217757347,-49.87521324026731
2026-04-14T12:28:55.681,4.0036916734988495,4.005419969881771,4.003974914787705,4.003492355554841,0.009982940778615546,2.3072959367809176,3.387481176106988,2.4843217423153874,2.1827222217757347,-49.87521324026731
2026-04-14T12:28:55.790,4.0036916734988495,4.005419969881771,4.003974914787705,4.003492355554841,0.009982940778615546,2.3072959367809176,3.387481176106988,2.4843217423153874,2.1827222217757347,-49.87521324026731
2026-04-14T12:28:55.914,4.003106832689454,4.00505280524807,4.003704786521482,4.003951311346967,0.0029127283568529147,1.941770430908818,3.1580032800437863,2.315491575926032,2.4695695918541816,-49.96359089553934
2026-04-14T12:28:56.008,4.003106832689454,4.00505280524807,4.003704786521482,4.003951311346967,0.0029127283568529147,1.941770430908818,3.1580032800437863,2.315491575926032,2.4695695918541816,-49.96359089553934
2026-04-14T12:28:56.107,4.003106832689454,4.00505280524807,4.003704786521482,4.003951311346967,0.0029127283568529147,1.941770430908818,3.1580032800437863,2.315491575926032,2.4695695918541816,-49.96359089553934
2026-04-14T12:28:56.229,4.003736257775799,4.005422592486298,4.003534317227263,4.003589391922318,0.006492645773224275,2.3351611098743064,3.3891203039360107,2.2089482670395455,2.2433699514490257,-49.9188419278347
2026-04-14T12:28:56.339,4.003736257775799,4.005422592486298,4.003534317227263,4.003589391922318,0.006492645773224275,2.3351611098743064,3.3891203039360107,2.2089482670395455,2.2433699514490257,-49.9188419278347
2026-04-14T12:28:56.449,4.003736257775799,4.005422592486298,4.003534317227263,4.003589391922318,0.006492645773224275,2.3351611098743064,3.3891203039360107,2.2089482670395455,2.2433699514490257,-49.9188419278347
2026-04-14T12:28:56.557,4.003859520188541,4.005383253418401,4.003731012566746,4.003780842052748,0.005068645243207295,2.412200117838381,3.3645333865006677,2.3318828542162606,2.363026282967695,-49.93664193445991
2026-04-14T12:28:56.666,4.003859520188541,4.005383253418401,4.003731012566746,4.003780842052748,0.005068645243207295,2.412200117838381,3.3645333865006677,2.3318828542162606,2.363026282967695,-49.93664193445991
2026-04-14T12:28:56.775,4.003859520188541,4.005383253418401,4.003731012566746,4.003780842052748,0.005068645243207295,2.412200117838381,3.3645333865006677,2.3318828542162606,2.363026282967695,-49.93664193445991
2026-04-14T12:28:56.883,4.003864765397594,4.005687475543468,4.00421357179961,4.003542185040843,0.012606885811199283,2.415478373496427,3.5546722146673204,2.6334823747564684,2.213865650526614,-49.842413927360006
2026-04-14T12:28:56.994,4.003864765397594,4.005687475543468,4.00421357179961,4.003542185040843,0.012606885811199283,2.415478373496427,3.5546722146673204,2.6334823747564684,2.213865650526614,-49.842413927360006
2026-04-14T12:28:57.102,4.003864765397594,4.005687475543468,4.00421357179961,4.003542185040843,0.012606885811199283,2.415478373496427,3.5546722146673204,2.6334823747564684,2.213865650526614,-49.842413927360006
2026-04-14T12:28:57.213,4.0035474302498955,4.005477667181353,4.0039198400926495,4.00368380568527,0.015260704980776382,2.21714390618466,3.423541988345491,2.449900057905907,2.302378553293849,-49.80924118774029
2026-04-14T12:28:57.321,4.0035474302498955,4.005477667181353,4.0039198400926495,4.00368380568527,0.015260704980776382,2.21714390618466,3.423541988345491,2.449900057905907,2.302378553293849,-49.80924118774029
2026-04-14T12:28:57.430,4.0035474302498955,4.005477667181353,4.0039198400926495,4.00368380568527,0.015260704980776382,2.21714390618466,3.423541988345491,2.449900057905907,2.302378553293849,-49.80924118774029
2026-04-14T12:28:57.538,4.003628730990215,4.005398989045561,4.003531694622737,4.004111290223079,0.013622606468973631,2.2679568688843688,3.37436815347536,2.2073091392105226,2.5695563894245765,-49.82971741913783
2026-04-14T12:28:57.648,4.003628730990215,4.005398989045561,4.003531694622737,4.004111290223079,0.013622606468973631,2.2679568688843688,3.37436815347536,2.2073091392105226,2.5695563894245765,-49.82971741913783
2026-04-14T12:28:57.757,4.003628730990215,4.005398989045561,4.003531694622737,4.004111290223079,0.013622606468973631,2.2679568688843688,3.37436815347536,2.2073091392105226,2.5695563894245765,-49.82971741913783
2026-04-14T12:28:57.865,4.003723144753167,4.00561928782578,4.003846407165909,4.002912759954498,0.016794244013102363,2.326965470729192,3.512054891112726,2.404004478693267,1.8204749715611257,-49.790071949836225
2026-04-14T12:28:57.972,4.003723144753167,4.00561928782578,4.003846407165909,4.002912759954498,0.016794244013102363,2.326965470729192,3.512054891112726,2.404004478693267,1.8204749715611257,-49.790071949836225
2026-04-14T12:28:58.080,4.003723144753167,4.00561928782578,4.003846407165909,4.002912759954498,0.016794244013102363,2.326965470729192,3.512054891112726,2.404004478693267,1.8204749715611257,-49.790071949836225
2026-04-14T12:28:58.189,4.003843784561383,4.0055537227126194,4.004452228811516,4.003623485781162,0.00885270259569997,2.402365350864244,3.471076695387154,2.7826430071975494,2.264678613226323,-49.88934121755375
2026-04-14T12:28:58.298,4.003843784561383,4.0055537227126194,4.004452228811516,4.003623485781162,0.00885270259569997,2.402365350864244,3.471076695387154,2.7826430071975494,2.264678613226323,-49.88934121755375
2026-04-14T12:28:58.409,4.003843784561383,4.0055537227126194,4.004452228811516,4.003623485781162,0.00885270259569997,2.402365350864244,3.471076695387154,2.7826430071975494,2.264678613226323,-49.88934121755375
2026-04-14T12:28:58.518,4.003935575719808,4.005425215090824,4.003605127549477,4.0038359167478035,0.002210686137508879,2.4597348248800444,3.3907594317650336,2.253204718423163,2.3974479673771754,-49.97236642328114
2026-04-14T12:28:58.627,4.003935575719808,4.005425215090824,4.003605127549477,4.0038359167478035,0.002210686137508879,2.4597348248800444,3.3907594317650336,2.253204718423163,2.3974479673771754,-49.97236642328114
2026-04-14T12:28:58.737,4.003935575719808,4.005425215090824,4.003605127549477,4.0038359167478035,0.002210686137508879,2.4597348248800444,3.3907594317650336,2.253204718423163,2.3974479673771754,-49.97236642328114
2026-04-14T12:28:58.846,4.003453016486944,4.005401611650086,4.004127025850238,4.003497600763893,0.011297402806323527,2.1581353043398366,3.3760072813038278,2.5793911563987137,2.1860004774332253,-49.85878246492096
2026-04-14T12:28:58.953,4.003453016486944,4.005401611650086,4.004127025850238,4.003497600763893,0.011297402806323527,2.1581353043398366,3.3760072813038278,2.5793911563987137,2.1860004774332253,-49.85878246492096
2026-04-14T12:28:59.063,4.003453016486944,4.005401611650086,4.004127025850238,4.003497600763893,0.011297402806323527,2.1581353043398366,3.3760072813038278,2.5793911563987137,2.1860004774332253,-49.85878246492096
2026-04-14T12:28:59.171,4.003807068098013,4.005881548278424,4.004326343794247,4.00394868874244,0.01049080110750272,2.379417561257924,3.6759676740150127,2.7039648714044517,2.4679304640251587,-49.86886498615621
2026-04-14T12:28:59.280,4.003807068098013,4.005881548278424,4.004326343794247,4.00394868874244,0.01049080110750272,2.379417561257924,3.6759676740150127,2.7039648714044517,2.4679304640251587,-49.86886498615621
2026-04-14T12:28:59.389,4.003807068098013,4.005881548278424,4.004326343794247,4.00394868874244,0.01049080110750272,2.379417561257924,3.6759676740150127,2.7039648714044517,2.4679304640251587,-49.86886498615621
2026-04-14T12:28:59.512,4.003576278899686,4.0053675177912424,4.004048347714445,4.003841161956856,0.010286661171381405,2.2351743123039114,3.3546986195265305,2.5302173215280277,2.400726223035221,-49.871416735357734
2026-04-14T12:28:59.621,4.003576278899686,4.0053675177912424,4.004048347714445,4.003841161956856,0.010286661171381405,2.2351743123039114,3.3546986195265305,2.5302173215280277,2.400726223035221,-49.871416735357734
2026-04-14T12:28:59.729,4.003576278899686,4.0053675177912424,4.004048347714445,4.003841161956856,0.010286661171381405,2.2351743123039114,3.3546986195265305,2.5302173215280277,2.400726223035221,-49.871416735357734
2026-04-14T12:28:59.841,4.003652334430953,4.005873680464845,4.004239797844875,4.003744125589378,0.01437443891663994,2.2827090193455746,3.671050290527944,2.649873653046697,2.340078493361375,-49.820319513542
2026-04-14T12:28:59.935,4.003652334430953,4.005873680464845,4.004239797844875,4.003744125589378,0.01437443891663994,2.2827090193455746,3.671050290527944,2.649873653046697,2.340078493361375,-49.820319513542
2026-04-14T12:29:00.058,4.003652334430953,4.005873680464845,4.004239797844875,4.003744125589378,0.01437443891663994,2.2827090193455746,3.671050290527944,2.649873653046697,2.340078493361375,-49.820319513542
2026-04-14T12:29:00.154,4.003631353594741,4.0056560042891505,4.004297495144456,4.003717899544114,0.004157484064909716,2.2695959967133916,3.535002680719046,2.6859344652852,2.3236872150711463,-49.948031449188626
2026-04-14T12:29:00.277,4.003631353594741,4.0056560042891505,4.004297495144456,4.003717899544114,0.004157484064909716,2.2695959967133916,3.535002680719046,2.6859344652852,2.3236872150711463,-49.948031449188626
2026-04-14T12:29:00.372,4.003631353594741,4.0056560042891505,4.004297495144456,4.003717899544114,0.004157484064909716,2.2695959967133916,3.535002680719046,2.6859344652852,2.3236872150711463,-49.948031449188626
2026-04-14T12:29:00.495,4.003623485781162,4.0054724219723,4.003788709866328,4.004242420449401,0.013612648423309177,2.264678613226323,3.420263732687445,2.3679436664547637,2.65151278087572,-49.829841894708636
2026-04-14T12:29:00.603,4.003623485781162,4.0054724219723,4.003788709866328,4.004242420449401,0.013612648423309177,2.264678613226323,3.420263732687445,2.3679436664547637,2.65151278087572,-49.829841894708636
2026-04-14T12:29:00.700,4.003623485781162,4.0054724219723,4.003788709866328,4.004242420449401,0.013612648423309177,2.264678613226323,3.420263732687445,2.3679436664547637,2.65151278087572,-49.829841894708636
2026-04-14T12:29:00.823,4.003731012566746,4.005475044576826,4.003796577679907,4.003704786521482,0.01341348751002009,2.3318828542162606,3.421902860516468,2.3728610499418323,2.315491575926032,-49.832331406124744
2026-04-14T12:29:00.933,4.003731012566746,4.005475044576826,4.003796577679907,4.003704786521482,0.01341348751002009,2.3318828542162606,3.421902860516468,2.3728610499418323,2.315491575926032,-49.832331406124744
2026-04-14T12:29:01.042,4.003731012566746,4.005475044576826,4.003796577679907,4.003704786521482,0.01341348751002009,2.3318828542162606,3.421902860516468,2.3728610499418323,2.315491575926032,-49.832331406124744
2026-04-14T12:29:01.151,4.003783464657275,4.005176067660813,4.003741502984852,4.003822803725171,0.008753122139055427,2.364665410796718,3.235042288007861,2.338439365532352,2.389252328232061,-49.89058597326181
2026-04-14T12:29:01.260,4.003783464657275,4.005176067660813,4.003741502984852,4.003822803725171,0.008753122139055427,2.364665410796718,3.235042288007861,2.338439365532352,2.389252328232061,-49.89058597326181
2026-04-14T12:29:01.369,4.003783464657275,4.005176067660813,4.003741502984852,4.003822803725171,0.008753122139055427,2.364665410796718,3.235042288007861,2.338439365532352,2.389252328232061,-49.89058597326181
2026-04-14T12:29:01.477,4.003778219448222,4.005629778243886,4.004515171320151,4.004009008646548,0.004625512211139073,2.3613871551386723,3.5186114024288173,2.8219820750940983,2.5056304040926847,-49.94218109736076
2026-04-14T12:29:01.586,4.003778219448222,4.005629778243886,4.004515171320151,4.004009008646548,0.004625512211139073,2.3613871551386723,3.5186114024288173,2.8219820750940983,2.5056304040926847,-49.94218109736076
2026-04-14T12:29:01.694,4.003778219448222,4.005629778243886,4.004515171320151,4.004009008646548,0.004625512211139073,2.3613871551386723,3.5186114024288173,2.8219820750940983,2.5056304040926847,-49.94218109736076
2026-04-14T12:29:01.803,4.00380182288896,4.005330801327872,4.003408432209994,4.003807068098013,0.005661148960242332,2.376139305599878,3.3317508299202103,2.130270131246448,2.379417561257924,-49.929235637996975
2026-04-14T12:29:01.912,4.00380182288896,4.005330801327872,4.003408432209994,4.003807068098013,0.005661148960242332,2.376139305599878,3.3317508299202103,2.130270131246448,2.379417561257924,-49.929235637996975
2026-04-14T12:29:02.020,4.00380182288896,4.005330801327872,4.003408432209994,4.003807068098013,0.005661148960242332,2.376139305599878,3.3317508299202103,2.130270131246448,2.379417561257924,-49.929235637996975
2026-04-14T12:29:02.130,4.003618240572109,4.005475044576826,4.003817558516118,4.003822803725171,0.0037591622383315398,2.2614003575682773,3.421902860516468,2.3859740725740153,2.389252328232061,-49.95301047202085
2026-04-14T12:29:02.238,4.003618240572109,4.005475044576826,4.003817558516118,4.003822803725171,0.0037591622383315398,2.2614003575682773,3.421902860516468,2.3859740725740153,2.389252328232061,-49.95301047202085
2026-04-14T12:29:02.347,4.003618240572109,4.005475044576826,4.003817558516118,4.003822803725171,0.0037591622383315398,2.2614003575682773,3.421902860516468,2.3859740725740153,2.389252328232061,-49.95301047202085
2026-04-14T12:29:02.456,4.004161119709082,4.005443573322509,4.004365682862144,4.003673315267164,0.012965375455119641,2.600699818176011,3.4022333265681937,2.7285517888397948,2.2958220419777575,-49.837932806811004
2026-04-14T12:29:02.566,4.004161119709082,4.005443573322509,4.004365682862144,4.003673315267164,0.012965375455119641,2.600699818176011,3.4022333265681937,2.7285517888397948,2.2958220419777575,-49.837932806811004
2026-04-14T12:29:02.675,4.004161119709082,4.005443573322509,4.004365682862144,4.003673315267164,0.012965375455119641,2.600699818176011,3.4022333265681937,2.7285517888397948,2.2958220419777575,-49.837932806811004
2026-04-14T12:29:02.783,4.003652334430953,4.005336046536925,4.004058838132551,4.003736257775799,0.01118786430401453,2.2827090193455746,3.335029085578256,2.536773832844119,2.3351611098743064,-49.860151696199814
2026-04-14T12:29:02.892,4.003652334430953,4.005336046536925,4.004058838132551,4.003736257775799,0.01118786430401453,2.2827090193455746,3.335029085578256,2.536773832844119,2.3351611098743064,-49.860151696199814
2026-04-14T12:29:03.002,4.003652334430953,4.005336046536925,4.004058838132551,4.003736257775799,0.01118786430401453,2.2827090193455746,3.335029085578256,2.536773832844119,2.3351611098743064,-49.860151696199814
2026-04-14T12:29:03.111,4.00399327301939,4.005713701588732,4.003788709866328,4.004111290223079,0.00821040865034266,2.4957956371185475,3.571063492957549,2.3679436664547637,2.5695563894245765,-49.89736989187072
2026-04-14T12:29:03.222,4.00399327301939,4.005713701588732,4.003788709866328,4.004111290223079,0.00821040865034266,2.4957956371185475,3.571063492957549,2.3679436664547637,2.5695563894245765,-49.89736989187072
2026-04-14T12:29:03.330,4.00399327301939,4.005713701588732,4.003788709866328,4.004111290223079,0.00821040865034266,2.4957956371185475,3.571063492957549,2.3679436664547637,2.5695563894245765,-49.89736989187072
2026-04-14T12:29:03.438,4.003883123629279,4.005635023452939,4.004090309386868,4.003673315267164,0.0020015671785553364,2.426952268299587,3.521889658086863,2.5564433667923936,2.2958220419777575,-49.97498041026806
2026-04-14T12:29:03.547,4.003883123629279,4.005635023452939,4.004090309386868,4.003673315267164,0.0020015671785553364,2.426952268299587,3.521889658086863,2.5564433667923936,2.2958220419777575,-49.97498041026806
2026-04-14T12:29:03.656,4.003883123629279,4.005635023452939,4.004090309386868,4.003673315267164,0.0020015671785553364,2.426952268299587,3.521889658086863,2.5564433667923936,2.2958220419777575,-49.97498041026806
2026-04-14T12:29:03.765,4.003592014526845,4.005868435255792,4.004119158036659,4.00361037275853,0.006741596914835636,2.2450090792780486,3.6677720348698983,2.574473772911645,2.2564829740812087,-49.915730038564554
2026-04-14T12:29:03.874,4.003592014526845,4.005868435255792,4.004119158036659,4.00361037275853,0.006741596914835636,2.2450090792780486,3.6677720348698983,2.574473772911645,2.2564829740812087,-49.915730038564554
2026-04-14T12:29:03.983,4.003592014526845,4.005868435255792,4.004119158036659,4.00361037275853,0.006741596914835636,2.2450090792780486,3.6677720348698983,2.574473772911645,2.2564829740812087,-49.915730038564554
2026-04-14T12:29:04.093,4.003555298063475,4.005155086824601,4.004260778681086,4.003791332470854,-0.0029127283568529147,2.2220612896717284,3.221929265375678,2.66298667567888,2.3695827942837866,-50.03640910446067
2026-04-14T12:29:04.203,4.003555298063475,4.005155086824601,4.004260778681086,4.003791332470854,-0.0029127283568529147,2.2220612896717284,3.221929265375678,2.66298667567888,2.3695827942837866,-50.03640910446067
2026-04-14T12:29:04.311,4.003555298063475,4.005155086824601,4.004260778681086,4.003791332470854,-0.0029127283568529147,2.2220612896717284,3.221929265375678,2.66298667567888,2.3695827942837866,-50.03640910446067
2026-04-14T12:29:04.419,4.004014253855601,4.00550913843567,4.003576278899686,4.00391197227907,0.0012696508222179374,2.5089086597507304,3.4432115222937654,2.2351743123039114,2.4449826744188385,-49.98412936472227
2026-04-14T12:29:04.529,4.004014253855601,4.00550913843567,4.003576278899686,4.00391197227907,0.0012696508222179374,2.5089086597507304,3.4432115222937654,2.2351743123039114,2.4449826744188385,-49.98412936472227
2026-04-14T12:29:04.639,4.004014253855601,4.00550913843567,4.003576278899686,4.00391197227907,0.0012696508222179374,2.5089086597507304,3.4432115222937654,2.2351743123039114,2.4449826744188385,-49.98412936472227
2026-04-14T12:29:04.747,4.003534317227263,4.005522251458302,4.0042686464946655,4.004079818968762,0.018198328451790435,2.2089482670395455,3.4514071614388797,2.6679040591659486,2.549886855476302,-49.77252089435262
2026-04-14T12:29:04.857,4.003534317227263,4.005522251458302,4.0042686464946655,4.004079818968762,0.018198328451790435,2.2089482670395455,3.4514071614388797,2.6679040591659486,2.549886855476302,-49.77252089435262
2026-04-14T12:29:04.979,4.003534317227263,4.005522251458302,4.0042686464946655,4.004079818968762,0.018198328451790435,2.2089482670395455,3.4514071614388797,2.6679040591659486,2.549886855476302,-49.77252089435262
2026-04-14T12:29:05.087,4.0033612253285185,4.00559043917599,4.003951311346967,4.003274679379146,0.008743164093390971,2.100765830324036,3.4940244849934743,2.4695695918541816,2.0466746119662815,-49.890710448832614
2026-04-14T12:29:05.197,4.0033612253285185,4.00559043917599,4.003951311346967,4.003274679379146,0.008743164093390971,2.100765830324036,3.4940244849934743,2.4695695918541816,2.0466746119662815,-49.890710448832614
2026-04-14T12:29:05.306,4.0033612253285185,4.00559043917599,4.003951311346967,4.003274679379146,0.008743164093390971,2.100765830324036,3.4940244849934743,2.4695695918541816,2.0466746119662815,-49.890710448832614
2026-04-14T12:29:05.416,4.003508091181999,4.005477667181353,4.004583359037838,4.003639221408321,0.01245253610340024,2.192556988749317,3.423541988345491,2.864599398648693,2.2745133802004602,-49.8443432987075
2026-04-14T12:29:05.524,4.003508091181999,4.005477667181353,4.004583359037838,4.003639221408321,0.01245253610340024,2.192556988749317,3.423541988345491,2.864599398648693,2.2745133802004602,-49.8443432987075
2026-04-14T12:29:05.634,4.003508091181999,4.005477667181353,4.004583359037838,4.003639221408321,0.01245253610340024,2.192556988749317,3.423541988345491,2.864599398648693,2.2745133802004602,-49.8443432987075
2026-04-14T12:29:05.743,4.003888368838332,4.005433082904403,4.004027366878234,4.004087686782342,0.01721248193100945,2.4302305239576327,3.395676815252102,2.5171042988964,2.554804238963926,-49.78484397586238
2026-04-14T12:29:05.851,4.003888368838332,4.005433082904403,4.004027366878234,4.004087686782342,0.01721248193100945,2.4302305239576327,3.395676815252102,2.5171042988964,2.554804238963926,-49.78484397586238
2026-04-14T12:29:05.960,4.003888368838332,4.005433082904403,4.004027366878234,4.004087686782342,0.01721248193100945,2.4302305239576327,3.395676815252102,2.5171042988964,2.554804238963926,-49.78484397586238
2026-04-14T12:29:06.068,4.0039801599967575,4.005703211170626,4.003888368838332,4.004032612087286,0.018372594250918386,2.487599997973433,3.5645069816414576,2.4302305239576327,2.5203825545538905,-49.770342571863516
2026-04-14T12:29:06.177,4.0039801599967575,4.005703211170626,4.003888368838332,4.004032612087286,0.018372594250918386,2.487599997973433,3.5645069816414576,2.4302305239576327,2.5203825545538905,-49.770342571863516
2026-04-14T12:29:06.287,4.0039801599967575,4.005703211170626,4.003888368838332,4.004032612087286,0.018372594250918386,2.487599997973433,3.5645069816414576,2.4302305239576327,2.5203825545538905,-49.770342571863516
2026-04-14T12:29:06.395,4.003426790441679,4.005197048497024,4.003870010606647,4.0042922499354034,0.011780368021049568,2.141744026049608,3.248155310640044,2.4187566291544726,2.6826562096271545,-49.85274539973688
2026-04-14T12:29:06.505,4.003426790441679,4.005197048497024,4.003870010606647,4.0042922499354034,0.011780368021049568,2.141744026049608,3.248155310640044,2.4187566291544726,2.6826562096271545,-49.85274539973688
2026-04-14T12:29:06.614,4.003426790441679,4.005197048497024,4.003870010606647,4.0042922499354034,0.011780368021049568,2.141744026049608,3.248155310640044,2.4187566291544726,2.6826562096271545,-49.85274539973688
2026-04-14T12:29:06.723,4.003717899544114,4.005438328113456,4.004620075501208,4.00372838996222,0.027723199129841076,2.3236872150711463,3.398955070910148,2.887547188255013,2.3302437263872378,-49.65346001087699
2026-04-14T12:29:06.833,4.003717899544114,4.005438328113456,4.004620075501208,4.00372838996222,0.027723199129841076,2.3236872150711463,3.398955070910148,2.887547188255013,2.3302437263872378,-49.65346001087699
2026-04-14T12:29:06.941,4.003717899544114,4.005438328113456,4.004620075501208,4.00372838996222,0.027723199129841076,2.3236872150711463,3.398955070910148,2.887547188255013,2.3302437263872378,-49.65346001087699
2026-04-14T12:29:07.050,4.003961801765072,4.005315065700714,4.004100799804974,4.003334999283254,0.024486834288893394,2.476126103170273,3.321916062946073,2.562999878108485,2.0843745520338075,-49.69391457138883
2026-04-14T12:29:07.159,4.003961801765072,4.005315065700714,4.004100799804974,4.003334999283254,0.024486834288893394,2.476126103170273,3.321916062946073,2.562999878108485,2.0843745520338075,-49.69391457138883
2026-04-14T12:29:07.267,4.003961801765072,4.005315065700714,4.004100799804974,4.003334999283254,0.024486834288893394,2.476126103170273,3.321916062946073,2.562999878108485,2.0843745520338075,-49.69391457138883
2026-04-14T12:29:07.376,4.003772974239169,4.005718946797785,4.004179477940767,4.0036497118264265,0.019711951392787502,2.3581088994806265,3.574341748615595,2.612173712979171,2.2810698915165517,-49.75360060759015
2026-04-14T12:29:07.485,4.003772974239169,4.005718946797785,4.004179477940767,4.0036497118264265,0.019711951392787502,2.3581088994806265,3.574341748615595,2.612173712979171,2.2810698915165517,-49.75360060759015
2026-04-14T12:29:07.596,4.003772974239169,4.005718946797785,4.004179477940767,4.0036497118264265,0.019711951392787502,2.3581088994806265,3.574341748615595,2.612173712979171,2.2810698915165517,-49.75360060759015
2026-04-14T12:29:07.704,4.003513336391052,4.005288839655449,4.004446983602463,4.003862142793068,0.019682077255794142,2.1958352444073626,3.3055247846558444,2.7793647515395037,2.413839245667404,-49.75397403430257
2026-04-14T12:29:07.813,4.003513336391052,4.005288839655449,4.004446983602463,4.003862142793068,0.019682077255794142,2.1958352444073626,3.3055247846558444,2.7793647515395037,2.413839245667404,-49.75397403430257
2026-04-14T12:29:07.922,4.003513336391052,4.005288839655449,4.004446983602463,4.003862142793068,0.019682077255794142,2.1958352444073626,3.3055247846558444,2.7793647515395037,2.413839245667404,-49.75397403430257
2026-04-14T12:29:08.030,4.003898859256438,4.005726814611365,4.003657579640006,4.004027366878234,0.018661377575187564,2.436787035273724,3.5792591321032186,2.2859872750036203,2.5171042988964,-49.76673278031016
2026-04-14T12:29:08.141,4.003898859256438,4.005726814611365,4.003657579640006,4.004027366878234,0.018661377575187564,2.436787035273724,3.5792591321032186,2.2859872750036203,2.5171042988964,-49.76673278031016
2026-04-14T12:29:08.249,4.003898859256438,4.005726814611365,4.003657579640006,4.004027366878234,0.018661377575187564,2.436787035273724,3.5792591321032186,2.2859872750036203,2.5171042988964,-49.76673278031016
2026-04-14T12:29:08.358,4.003841161956856,4.005781889306419,4.003550052854422,4.0041847231498195,0.020115252242197908,2.400726223035221,3.6136808165121437,2.2187830340136827,2.615451968637217,-49.74855934697253
2026-04-14T12:29:08.467,4.003841161956856,4.005781889306419,4.003550052854422,4.0041847231498195,0.020115252242197908,2.400726223035221,3.6136808165121437,2.2187830340136827,2.615451968637217,-49.74855934697253
2026-04-14T12:29:08.576,4.003841161956856,4.005781889306419,4.003550052854422,4.0041847231498195,0.020115252242197908,2.400726223035221,3.6136808165121437,2.2187830340136827,2.615451968637217,-49.74855934697253
2026-04-14T12:29:08.685,4.00361037275853,4.005412102068192,4.00444960620699,4.003715276939587,0.01279110965599169,2.2564829740812087,3.3825637926199192,2.7810038793685266,2.3220480872421234,-49.840111129300105
2026-04-14T12:29:08.795,4.00361037275853,4.005412102068192,4.00444960620699,4.003715276939587,0.01279110965599169,2.2564829740812087,3.3825637926199192,2.7810038793685266,2.3220480872421234,-49.840111129300105
2026-04-14T12:29:08.903,4.00361037275853,4.005412102068192,4.00444960620699,4.003715276939587,0.01279110965599169,2.2564829740812087,3.3825637926199192,2.7810038793685266,2.3220480872421234,-49.840111129300105
2026-04-14T12:29:09.013,4.004014253855601,4.005721569402311,4.004533529551836,4.003101587480401,0.01997086058006332,2.5089086597507304,3.5759808764446177,2.8334559698972583,1.9384921752507722,-49.75036424274921
2026-04-14T12:29:09.124,4.004014253855601,4.005721569402311,4.004533529551836,4.003101587480401,0.01997086058006332,2.5089086597507304,3.5759808764446177,2.8334559698972583,1.9384921752507722,-49.75036424274921
2026-04-14T12:29:09.234,4.004014253855601,4.005721569402311,4.004533529551836,4.003101587480401,0.01997086058006332,2.5089086597507304,3.5759808764446177,2.8334559698972583,1.9384921752507722,-49.75036424274921
2026-04-14T12:29:09.342,4.003589391922318,4.005871057860318,4.003872633211174,4.003571033690633,0.016853992287089087,2.2433699514490257,3.669411162698921,2.4203957569834955,2.2318960566458657,-49.78932509641139
2026-04-14T12:29:09.451,4.003589391922318,4.005871057860318,4.003872633211174,4.003571033690633,0.016853992287089087,2.2433699514490257,3.669411162698921,2.4203957569834955,2.2318960566458657,-49.78932509641139
2026-04-14T12:29:09.559,4.003589391922318,4.005871057860318,4.003872633211174,4.003571033690633,0.016853992287089087,2.2433699514490257,3.669411162698921,2.4203957569834955,2.2318960566458657,-49.78932509641139
2026-04-14T12:29:09.683,4.003870010606647,4.005438328113456,4.004045725109918,4.003872633211174,0.015614215601864514,2.4187566291544726,3.398955070910148,2.528578193699005,2.4203957569834955,-49.804822304976696
2026-04-14T12:29:09.778,4.003870010606647,4.005438328113456,4.004045725109918,4.003872633211174,0.015614215601864514,2.4187566291544726,3.398955070910148,2.528578193699005,2.4203957569834955,-49.804822304976696
2026-04-14T12:29:09.887,4.003870010606647,4.005438328113456,4.004045725109918,4.003872633211174,0.015614215601864514,2.4187566291544726,3.398955070910148,2.528578193699005,2.4203957569834955,-49.804822304976696
2026-04-14T12:29:09.997,4.003510713786525,4.005535364480934,4.003670692662638,4.0036916734988495,0.032074865085207654,2.1941961165783397,3.459602800583994,2.2941829141487347,2.3072959367809176,-49.5990641864349
2026-04-14T12:29:10.121,4.003510713786525,4.005535364480934,4.003670692662638,4.0036916734988495,0.032074865085207654,2.1941961165783397,3.459602800583994,2.2941829141487347,2.3072959367809176,-49.5990641864349
2026-04-14T12:29:10.216,4.003510713786525,4.005535364480934,4.003670692662638,4.0036916734988495,0.032074865085207654,2.1941961165783397,3.459602800583994,2.2941829141487347,2.3072959367809176,-49.5990641864349
2026-04-14T12:29:10.340,4.003314018447043,4.005564213130725,4.003890991442859,4.003476619927682,0.030471619733230492,2.0712615294016246,3.4776332067032456,2.4318696517866556,2.1728874548010424,-49.61910475333462
2026-04-14T12:29:10.448,4.003314018447043,4.005564213130725,4.003890991442859,4.003476619927682,0.030471619733230492,2.0712615294016246,3.4776332067032456,2.4318696517866556,2.1728874548010424,-49.61910475333462
2026-04-14T12:29:10.557,4.003314018447043,4.005564213130725,4.003890991442859,4.003476619927682,0.030471619733230492,2.0712615294016246,3.4776332067032456,2.4318696517866556,2.1728874548010424,-49.61910475333462
2026-04-14T12:29:10.666,4.003641844012847,4.005440950717983,4.004420757557199,4.003694296103376,0.02734479339459181,2.276152508029483,3.400594198739171,2.762973473249275,2.3089350646099405,-49.65819008256761
2026-04-14T12:29:10.775,4.003641844012847,4.005440950717983,4.004420757557199,4.003694296103376,0.02734479339459181,2.276152508029483,3.400594198739171,2.762973473249275,2.3089350646099405,-49.65819008256761
2026-04-14T12:29:10.884,4.003641844012847,4.005440950717983,4.004420757557199,4.003694296103376,0.02734479339459181,2.276152508029483,3.400594198739171,2.762973473249275,2.3089350646099405,-49.65819008256761
2026-04-14T12:29:10.992,4.003539562436316,4.005684852938941,4.004643678941946,4.003982782601284,0.035306250903323115,2.2122265226975912,3.5530330868382975,2.902299338716219,2.489239125802456,-49.55867186370846
2026-04-14T12:29:11.102,4.003539562436316,4.005684852938941,4.004643678941946,4.003982782601284,0.035306250903323115,2.2122265226975912,3.5530330868382975,2.902299338716219,2.489239125802456,-49.55867186370846
2026-04-14T12:29:11.211,4.003539562436316,4.005684852938941,4.004643678941946,4.003982782601284,0.035306250903323115,2.2122265226975912,3.5530330868382975,2.902299338716219,2.489239125802456,-49.55867186370846
2026-04-14T12:29:11.320,4.003974914787705,4.005721569402311,4.004541397365415,4.003484487741261,0.03143755016268257,2.4843217423153874,3.5759808764446177,2.838373353384327,2.177804838288111,-49.60703062296647
2026-04-14T12:29:11.429,4.003974914787705,4.005721569402311,4.004541397365415,4.003484487741261,0.03143755016268257,2.4843217423153874,3.5759808764446177,2.838373353384327,2.177804838288111,-49.60703062296647
2026-04-14T12:29:11.538,4.003974914787705,4.005721569402311,4.004541397365415,4.003484487741261,0.03143755016268257,2.4843217423153874,3.5759808764446177,2.838373353384327,2.177804838288111,-49.60703062296647
2026-04-14T12:29:11.647,4.003904104465491,4.005795002329052,4.004011631251075,4.003156662175456,0.026926555476684724,2.44006529093177,3.621876455657258,2.5072695319217075,1.9729138596602525,-49.663418056541445
2026-04-14T12:29:11.758,4.003904104465491,4.005795002329052,4.004011631251075,4.003156662175456,0.026926555476684724,2.44006529093177,3.621876455657258,2.5072695319217075,1.9729138596602525,-49.663418056541445
2026-04-14T12:29:11.867,4.003904104465491,4.005795002329052,4.004011631251075,4.003156662175456,0.026926555476684724,2.44006529093177,3.621876455657258,2.5072695319217075,1.9729138596602525,-49.663418056541445
2026-04-14T12:29:11.975,4.00357365629516,4.005477667181353,4.00406670594613,4.003432035650733,0.031776123715274024,2.2335351844748885,3.423541988345491,2.5416912163311878,2.1450222817082087,-49.602798453559075
2026-04-14T12:29:12.100,4.00357365629516,4.005477667181353,4.00406670594613,4.003432035650733,0.031776123715274024,2.2335351844748885,3.423541988345491,2.5416912163311878,2.1450222817082087,-49.602798453559075
2026-04-14T12:29:12.194,4.00357365629516,4.005477667181353,4.00406670594613,4.003432035650733,0.031776123715274024,2.2335351844748885,3.423541988345491,2.5416912163311878,2.1450222817082087,-49.602798453559075
2026-04-14T12:29:12.303,4.003592014526845,4.005703211170626,4.0043945315119345,4.003589391922318,0.0226396168181371,2.2450090792780486,3.5645069816414576,2.7465821949590463,2.2433699514490257,-49.717004789773284
2026-04-14T12:29:12.412,4.003592014526845,4.005703211170626,4.0043945315119345,4.003589391922318,0.0226396168181371,2.2450090792780486,3.5645069816414576,2.7465821949590463,2.2433699514490257,-49.717004789773284
2026-04-14T12:29:12.521,4.003592014526845,4.005703211170626,4.0043945315119345,4.003589391922318,0.0226396168181371,2.2450090792780486,3.5645069816414576,2.7465821949590463,2.2433699514490257,-49.717004789773284
2026-04-14T12:29:12.630,4.003851652374962,4.005868435255792,4.00463318852384,4.003641844012847,0.021544231795047115,2.4072827343513126,3.6677720348698983,2.8957428274001273,2.276152508029483,-49.73069710256191
2026-04-14T12:29:12.740,4.003851652374962,4.005868435255792,4.00463318852384,4.003641844012847,0.021544231795047115,2.4072827343513126,3.6677720348698983,2.8957428274001273,2.276152508029483,-49.73069710256191
2026-04-14T12:29:12.842,4.003851652374962,4.005868435255792,4.00463318852384,4.003641844012847,0.021544231795047115,2.4072827343513126,3.6677720348698983,2.8957428274001273,2.276152508029483,-49.73069710256191
2026-04-14T12:29:12.957,4.003731012566746,4.005524874062829,4.004460096625095,4.004098177200447,0.024810470772988164,2.3318828542162606,3.4530462892679026,2.787560390684618,2.561360750279462,-49.68986911533765
2026-04-14T12:29:13.066,4.003731012566746,4.005524874062829,4.004460096625095,4.004098177200447,0.024810470772988164,2.3318828542162606,3.4530462892679026,2.787560390684618,2.561360750279462,-49.68986911533765
2026-04-14T12:29:13.175,4.003731012566746,4.005524874062829,4.004460096625095,4.004098177200447,0.024810470772988164,2.3318828542162606,3.4530462892679026,2.787560390684618,2.561360750279462,-49.68986911533765
2026-04-14T12:29:13.283,4.003408432209994,4.005637646057465,4.004315853376141,4.004163742313608,0.027837716654982303,2.130270131246448,3.523528785915886,2.6974083600883603,2.602338946005034,-49.65202854181272
2026-04-14T12:29:13.391,4.003408432209994,4.005637646057465,4.004315853376141,4.004163742313608,0.027837716654982303,2.130270131246448,3.523528785915886,2.6974083600883603,2.602338946005034,-49.65202854181272
2026-04-14T12:29:13.500,4.003408432209994,4.005637646057465,4.004315853376141,4.004163742313608,0.027837716654982303,2.130270131246448,3.523528785915886,2.6974083600883603,2.602338946005034,-49.65202854181272
2026-04-14T12:29:13.609,4.003400564396415,4.005918264741794,4.004357815048564,4.003306150633463,0.0286791715136287,2.125352747759379,3.698915463621333,2.723634405352726,2.066344145914556,-49.64151035607964
2026-04-14T12:29:13.719,4.003400564396415,4.005918264741794,4.004357815048564,4.003306150633463,0.0286791715136287,2.125352747759379,3.698915463621333,2.723634405352726,2.066344145914556,-49.64151035607964
2026-04-14T12:29:13.828,4.003400564396415,4.005918264741794,4.004357815048564,4.003306150633463,0.0286791715136287,2.125352747759379,3.698915463621333,2.723634405352726,2.066344145914556,-49.64151035607964
2026-04-14T12:29:13.936,4.003542185040843,4.005456686345141,4.004108667618553,4.003678560476217,0.03134294872887026,2.213865650526614,3.410428965713308,2.5679172615955537,2.2991002976358033,-49.60821314088912
2026-04-14T12:29:14.045,4.003542185040843,4.005456686345141,4.004108667618553,4.003678560476217,0.03134294872887026,2.213865650526614,3.410428965713308,2.5679172615955537,2.2991002976358033,-49.60821314088912
2026-04-14T12:29:14.155,4.003542185040843,4.005456686345141,4.004108667618553,4.003678560476217,0.03134294872887026,2.213865650526614,3.410428965713308,2.5679172615955537,2.2991002976358033,-49.60821314088912
2026-04-14T12:29:14.263,4.0041244032457115,4.0054461959270355,4.003914594883597,4.003885746233806,0.03395693571578954,2.577752028569691,3.4038724543972165,2.4466218022478614,2.42859139612861,-49.57553830355263
2026-04-14T12:29:14.373,4.0041244032457115,4.0054461959270355,4.003914594883597,4.003885746233806,0.03395693571578954,2.577752028569691,3.4038724543972165,2.4466218022478614,2.42859139612861,-49.57553830355263
2026-04-14T12:29:14.482,4.0041244032457115,4.0054461959270355,4.003914594883597,4.003885746233806,0.03395693571578954,2.577752028569691,3.4038724543972165,2.4466218022478614,2.42859139612861,-49.57553830355263
2026-04-14T12:29:14.591,4.003804445493486,4.0055720809443045,4.004174232731714,4.003995895623916,0.027280066097772854,2.377778433428901,3.482550590190314,2.6088954573211254,2.4974347649475703,-49.65899917377784
2026-04-14T12:29:14.714,4.003804445493486,4.0055720809443045,4.004174232731714,4.003995895623916,0.027280066097772854,2.377778433428901,3.482550590190314,2.6088954573211254,2.4974347649475703,-49.65899917377784
2026-04-14T12:29:14.824,4.003804445493486,4.0055720809443045,4.004174232731714,4.003995895623916,0.027280066097772854,2.377778433428901,3.482550590190314,2.6088954573211254,2.4974347649475703,-49.65899917377784
2026-04-14T12:29:14.932,4.003930330510755,4.005291462259976,4.004321098585194,4.004168987522661,0.028245996527224933,2.4564565692219986,3.3071639124848673,2.700686615746406,2.6056172016630796,-49.64692504340969
2026-04-14T12:29:15.042,4.003930330510755,4.005291462259976,4.004321098585194,4.004168987522661,0.028245996527224933,2.4564565692219986,3.3071639124848673,2.700686615746406,2.6056172016630796,-49.64692504340969
2026-04-14T12:29:15.138,4.003930330510755,4.005291462259976,4.004321098585194,4.004168987522661,0.028245996527224933,2.4564565692219986,3.3071639124848673,2.700686615746406,2.6056172016630796,-49.64692504340969
2026-04-14T12:29:15.262,4.003492355554841,4.005312443096187,4.004003763437495,4.003864765397594,0.02645354830762314,2.1827222217757347,3.3202769351170502,2.502352148434639,2.415478373496427,-49.66933064615471
2026-04-14T12:29:15.356,4.003492355554841,4.005312443096187,4.004003763437495,4.003864765397594,0.02645354830762314,2.1827222217757347,3.3202769351170502,2.502352148434639,2.415478373496427,-49.66933064615471
2026-04-14T12:29:15.467,4.003492355554841,4.005312443096187,4.004003763437495,4.003864765397594,0.02645354830762314,2.1827222217757347,3.3202769351170502,2.502352148434639,2.415478373496427,-49.66933064615471
2026-04-14T12:29:15.577,4.004242420449401,4.005233764960394,4.004300117748983,4.003615617967583,0.026891702316859133,2.65151278087572,3.271103100246364,2.687573593114223,2.2597612297392544,-49.66385372103926
2026-04-14T12:29:15.685,4.004242420449401,4.005233764960394,4.004300117748983,4.003615617967583,0.026891702316859133,2.65151278087572,3.271103100246364,2.687573593114223,2.2597612297392544,-49.66385372103926
2026-04-14T12:29:15.796,4.004242420449401,4.005233764960394,4.004300117748983,4.003615617967583,0.026891702316859133,2.65151278087572,3.271103100246364,2.687573593114223,2.2597612297392544,-49.66385372103926
2026-04-14T12:29:15.905,4.003670692662638,4.005482912390406,4.0040221216691805,4.003479242532208,0.03274703316755833,2.2941829141487347,3.4268202440035367,2.513826043237799,2.1745265826300653,-49.590662085405526
2026-04-14T12:29:16.013,4.003670692662638,4.005482912390406,4.0040221216691805,4.003479242532208,0.03274703316755833,2.2941829141487347,3.4268202440035367,2.513826043237799,2.1745265826300653,-49.590662085405526
2026-04-14T12:29:16.137,4.003670692662638,4.005482912390406,4.0040221216691805,4.003479242532208,0.03274703316755833,2.2941829141487347,3.4268202440035367,2.513826043237799,2.1745265826300653,-49.590662085405526
2026-04-14T12:29:16.246,4.003704786521482,4.0055301192718815,4.004095554595921,4.00402998948276,0.030685717715016266,2.315491575926032,3.4563245449259483,2.5597216224504393,2.5187434267248676,-49.616428528562295
2026-04-14T12:29:16.355,4.003704786521482,4.0055301192718815,4.004095554595921,4.00402998948276,0.030685717715016266,2.315491575926032,3.4563245449259483,2.5597216224504393,2.5187434267248676,-49.616428528562295
2026-04-14T12:29:16.463,4.003704786521482,4.0055301192718815,4.004095554595921,4.00402998948276,0.030685717715016266,2.315491575926032,3.4563245449259483,2.5597216224504393,2.5187434267248676,-49.616428528562295
2026-04-14T12:29:16.572,4.00395655655602,4.00535440476861,4.004116535432132,4.0032773019836725,0.03490295005391271,2.4728478475122273,3.346502980381416,2.5728346450826223,2.0483137397953044,-49.56371312432609
2026-04-14T12:29:16.681,4.00395655655602,4.00535440476861,4.004116535432132,4.0032773019836725,0.03490295005391271,2.4728478475122273,3.346502980381416,2.5728346450826223,2.0483137397953044,-49.56371312432609
2026-04-14T12:29:16.791,4.00395655655602,4.00535440476861,4.004116535432132,4.0032773019836725,0.03490295005391271,2.4728478475122273,3.346502980381416,2.5728346450826223,2.0483137397953044,-49.56371312432609
2026-04-14T12:29:16.901,4.003909349674544,4.00535440476861,4.004132271059291,4.003953933951494,0.030362081230921496,2.4433435465898157,3.346502980381416,2.5826694120567595,2.4712087196837595,-49.62047398461348
2026-04-14T12:29:17.011,4.003909349674544,4.00535440476861,4.004132271059291,4.003953933951494,0.030362081230921496,2.4433435465898157,3.346502980381416,2.5826694120567595,2.4712087196837595,-49.62047398461348
2026-04-14T12:29:17.106,4.003909349674544,4.00535440476861,4.004132271059291,4.003953933951494,0.030362081230921496,2.4433435465898157,3.346502980381416,2.5826694120567595,2.4712087196837595,-49.62047398461348
2026-04-14T12:29:17.229,4.003492355554841,4.005726814611365,4.0036680700581115,4.003568411086107,0.026000457229890462,2.1827222217757347,3.5792591321032186,2.292543786319712,2.230256928816843,-49.674994284626365
2026-04-14T12:29:17.339,4.003492355554841,4.005726814611365,4.0036680700581115,4.003568411086107,0.026000457229890462,2.1827222217757347,3.5792591321032186,2.292543786319712,2.230256928816843,-49.674994284626365
2026-04-14T12:29:17.448,4.003492355554841,4.005726814611365,4.0036680700581115,4.003568411086107,0.026000457229890462,2.1827222217757347,3.5792591321032186,2.292543786319712,2.230256928816843,-49.674994284626365
2026-04-14T12:29:17.556,4.003893614047386,4.005750418052102,4.003689050894323,4.003112077898507,0.04158977771759384,2.4335087796162336,3.5940112825638693,2.3056568089518947,1.9450486865668637,-49.480127778530075
2026-04-14T12:29:17.665,4.003893614047386,4.005750418052102,4.003689050894323,4.003112077898507,0.04158977771759384,2.4335087796162336,3.5940112825638693,2.3056568089518947,1.9450486865668637,-49.480127778530075
2026-04-14T12:29:17.776,4.003893614047386,4.005750418052102,4.003689050894323,4.003112077898507,0.04158977771759384,2.4335087796162336,3.5940112825638693,2.3056568089518947,1.9450486865668637,-49.480127778530075
2026-04-14T12:29:17.885,4.004237175240348,4.005645513871045,4.00391197227907,4.003754616007484,0.030401913413579312,2.648234525217674,3.5284461694029545,2.4449826744188385,2.3466350046774664,-49.61997608233026
2026-04-14T12:29:17.992,4.004237175240348,4.005645513871045,4.00391197227907,4.003754616007484,0.030401913413579312,2.648234525217674,3.5284461694029545,2.4449826744188385,2.3466350046774664,-49.61997608233026
2026-04-14T12:29:18.102,4.004237175240348,4.005645513871045,4.00391197227907,4.003754616007484,0.030401913413579312,2.648234525217674,3.5284461694029545,2.4449826744188385,2.3466350046774664,-49.61997608233026
2026-04-14T12:29:18.211,4.003447771277891,4.0054278376953505,4.004108667618553,4.0037336351712725,0.0336581943458559,2.154857048681791,3.3923985595940565,2.5679172615955537,2.3335219820452835,-49.5792725706768
2026-04-14T12:29:18.318,4.003447771277891,4.0054278376953505,4.004108667618553,4.0037336351712725,0.0336581943458559,2.154857048681791,3.3923985595940565,2.5679172615955537,2.3335219820452835,-49.5792725706768
2026-04-14T12:29:18.430,4.003447771277891,4.0054278376953505,4.004108667618553,4.0037336351712725,0.0336581943458559,2.154857048681791,3.3923985595940565,2.5679172615955537,2.3335219820452835,-49.5792725706768
2026-04-14T12:29:18.538,4.004210949195084,4.005742550238523,4.0042083265905575,4.003332376678728,0.03467889402646248,2.6318432469274455,3.5890938990768007,2.6302041190984227,2.0827354242047846,-49.566513824669215
2026-04-14T12:29:18.647,4.004210949195084,4.005742550238523,4.0042083265905575,4.003332376678728,0.03467889402646248,2.6318432469274455,3.5890938990768007,2.6302041190984227,2.0827354242047846,-49.566513824669215
2026-04-14T12:29:18.757,4.004210949195084,4.005742550238523,4.0042083265905575,4.003332376678728,0.03467889402646248,2.6318432469274455,3.5890938990768007,2.6302041190984227,2.0827354242047846,-49.566513824669215
2026-04-14T12:29:18.865,4.00417685533624,4.0058186057697895,4.00444960620699,4.003644466617374,0.03518177533251743,2.6105345851501482,3.636628606118464,2.7810038793685266,2.277791635858506,-49.560227808343534
2026-04-14T12:29:18.973,4.00417685533624,4.0058186057697895,4.00444960620699,4.003644466617374,0.03518177533251743,2.6105345851501482,3.636628606118464,2.7810038793685266,2.277791635858506,-49.560227808343534
2026-04-14T12:29:19.083,4.00417685533624,4.0058186057697895,4.00444960620699,4.003644466617374,0.03518177533251743,2.6105345851501482,3.636628606118464,2.7810038793685266,2.277791635858506,-49.560227808343534
2026-04-14T12:29:19.191,4.00368380568527,4.005065918270702,4.004087686782342,4.003261566356514,0.04182877081354075,2.302378553293849,3.1661989191889006,2.554804238963926,2.038478972821167,-49.47714036483074
2026-04-14T12:29:19.300,4.00368380568527,4.005065918270702,4.004087686782342,4.003261566356514,0.04182877081354075,2.302378553293849,3.1661989191889006,2.554804238963926,2.038478972821167,-49.47714036483074
2026-04-14T12:29:19.410,4.00368380568527,4.005065918270702,4.004087686782342,4.003261566356514,0.04182877081354075,2.302378553293849,3.1661989191889006,2.554804238963926,2.038478972821167,-49.47714036483074
2026-04-14T12:29:19.519,4.003880501024753,4.005598306989569,4.004158497104555,4.003636598803794,0.03481830666576484,2.425313140470564,3.498941868480543,2.599060690346988,2.2728742523714374,-49.56477116667794
2026-04-14T12:29:19.628,4.003880501024753,4.005598306989569,4.004158497104555,4.003636598803794,0.03481830666576484,2.425313140470564,3.498941868480543,2.599060690346988,2.2728742523714374,-49.56477116667794
2026-04-14T12:29:19.736,4.003880501024753,4.005598306989569,4.004158497104555,4.003636598803794,0.03481830666576484,2.425313140470564,3.498941868480543,2.599060690346988,2.2728742523714374,-49.56477116667794
2026-04-14T12:29:19.845,4.003497600763893,4.005750418052102,4.003927707906229,4.003859520188541,0.04515973708830075,2.1860004774332253,3.5940112825638693,2.4548174413929758,2.412200117838381,-49.43550328639624
2026-04-14T12:29:19.952,4.003497600763893,4.005750418052102,4.003927707906229,4.003859520188541,0.04515973708830075,2.1860004774332253,3.5940112825638693,2.4548174413929758,2.412200117838381,-49.43550328639624
2026-04-14T12:29:20.061,4.003497600763893,4.005750418052102,4.003927707906229,4.003859520188541,0.04515973708830075,2.1860004774332253,3.5940112825638693,2.4548174413929758,2.412200117838381,-49.43550328639624
2026-04-14T12:29:20.169,4.003652334430953,4.005750418052102,4.004210949195084,4.0040824415732885,0.03652611149721877,2.2827090193455746,3.5940112825638693,2.6318432469274455,2.551525983305325,-49.54342360628476
2026-04-14T12:29:20.279,4.003652334430953,4.005750418052102,4.004210949195084,4.0040824415732885,0.03652611149721877,2.2827090193455746,3.5940112825638693,2.6318432469274455,2.551525983305325,-49.54342360628476
2026-04-14T12:29:20.388,4.003652334430953,4.005750418052102,4.004210949195084,4.0040824415732885,0.03652611149721877,2.2827090193455746,3.5940112825638693,2.6318432469274455,2.551525983305325,-49.54342360628476
2026-04-14T12:29:20.512,4.003426790441679,4.00566387210273,4.004494190483939,4.003552675458948,0.02896795483789788,2.141744026049608,3.5399200642061146,2.8088690524619153,2.2204221618427056,-49.63790056452628
2026-04-14T12:29:20.608,4.003426790441679,4.00566387210273,4.004494190483939,4.003552675458948,0.02896795483789788,2.141744026049608,3.5399200642061146,2.8088690524619153,2.2204221618427056,-49.63790056452628
2026-04-14T12:29:20.730,4.003426790441679,4.00566387210273,4.004494190483939,4.003552675458948,0.02896795483789788,2.141744026049608,3.5399200642061146,2.8088690524619153,2.2204221618427056,-49.63790056452628
2026-04-14T12:29:20.839,4.0038123133070656,4.005690098147994,4.004646301546472,4.003476619927682,0.03968779099568305,2.3826958169159695,3.5563113424963433,2.9039384665452417,2.1728874548010424,-49.503902612553965
2026-04-14T12:29:20.949,4.0038123133070656,4.005690098147994,4.004646301546472,4.003476619927682,0.03968779099568305,2.3826958169159695,3.5563113424963433,2.9039384665452417,2.1728874548010424,-49.503902612553965
2026-04-14T12:29:21.057,4.0038123133070656,4.005690098147994,4.004646301546472,4.003476619927682,0.03968779099568305,2.3826958169159695,3.5563113424963433,2.9039384665452417,2.1728874548010424,-49.503902612553965
2026-04-14T12:29:21.167,4.0034635069050495,4.0056140426167275,4.004045725109918,4.003502845972946,0.04625512211139073,2.164691815655928,3.50877663545468,2.528578193699005,2.189278733091271,-49.42181097360761
2026-04-14T12:29:21.277,4.0034635069050495,4.0056140426167275,4.004045725109918,4.003502845972946,0.04625512211139073,2.164691815655928,3.50877663545468,2.528578193699005,2.189278733091271,-49.42181097360761
2026-04-14T12:29:21.386,4.0034635069050495,4.0056140426167275,4.004045725109918,4.003502845972946,0.04625512211139073,2.164691815655928,3.50877663545468,2.528578193699005,2.189278733091271,-49.42181097360761
2026-04-14T12:29:21.496,4.0039198400926495,4.004958391485118,4.003715276939587,4.0037336351712725,0.04442782073196335,2.449900057905907,3.098994678198963,2.3220480872421234,2.3335219820452835,-49.44465224085046
2026-04-14T12:29:21.604,4.0039198400926495,4.004958391485118,4.003715276939587,4.0037336351712725,0.04442782073196335,2.449900057905907,3.098994678198963,2.3220480872421234,2.3335219820452835,-49.44465224085046
2026-04-14T12:29:21.712,4.0039198400926495,4.004958391485118,4.003715276939587,4.0037336351712725,0.04442782073196335,2.449900057905907,3.098994678198963,2.3220480872421234,2.3335219820452835,-49.44465224085046
2026-04-14T12:29:21.822,4.004037857296339,4.005593061780517,4.00394868874244,4.003471374718629,0.0375916223833154,2.5236608102119362,3.4956636128230523,2.4679304640251587,2.1696091991429967,-49.530104720208556
2026-04-14T12:29:21.930,4.004037857296339,4.005593061780517,4.00394868874244,4.003471374718629,0.0375916223833154,2.5236608102119362,3.4956636128230523,2.4679304640251587,2.1696091991429967,-49.530104720208556
2026-04-14T12:29:22.040,4.004037857296339,4.005593061780517,4.00394868874244,4.003471374718629,0.0375916223833154,2.5236608102119362,3.4956636128230523,2.4679304640251587,2.1696091991429967,-49.530104720208556
2026-04-14T12:29:22.149,4.003022909344608,4.0052835944463965,4.003867388002121,4.003555298063475,0.03784555254775899,1.8893183403800862,3.3022465289977987,2.41711750132545,2.2220612896717284,-49.52693059315301
2026-04-14T12:29:22.259,4.003022909344608,4.0052835944463965,4.003867388002121,4.003555298063475,0.03784555254775899,1.8893183403800862,3.3022465289977987,2.41711750132545,2.2220612896717284,-49.52693059315301
2026-04-14T12:29:22.369,4.003022909344608,4.0052835944463965,4.003867388002121,4.003555298063475,0.03784555254775899,1.8893183403800862,3.3022465289977987,2.41711750132545,2.2220612896717284,-49.52693059315301
2026-04-14T12:29:22.477,4.003820181120646,4.005871057860318,4.004462719229622,4.003555298063475,0.043581386850484724,2.3876132004035933,3.669411162698921,2.789199518513641,2.2220612896717284,-49.45523266436894
2026-04-14T12:29:22.587,4.003820181120646,4.005871057860318,4.004462719229622,4.003555298063475,0.043581386850484724,2.3876132004035933,3.669411162698921,2.789199518513641,2.2220612896717284,-49.45523266436894
2026-04-14T12:29:22.696,4.003820181120646,4.005871057860318,4.004462719229622,4.003555298063475,0.043581386850484724,2.3876132004035933,3.669411162698921,2.789199518513641,2.2220612896717284,-49.45523266436894
2026-04-14T12:29:22.806,4.003626108385689,4.005296707469029,4.003723144753167,4.003510713786525,0.039518504219387324,2.266317741055901,3.310442168142913,2.326965470729192,2.1941961165783397,-49.50601869725766
2026-04-14T12:29:22.913,4.003626108385689,4.005296707469029,4.003723144753167,4.003510713786525,0.039518504219387324,2.266317741055901,3.310442168142913,2.326965470729192,2.1941961165783397,-49.50601869725766
2026-04-14T12:29:23.022,4.003626108385689,4.005296707469029,4.003723144753167,4.003510713786525,0.039518504219387324,2.266317741055901,3.310442168142913,2.326965470729192,2.1941961165783397,-49.50601869725766
2026-04-14T12:29:23.126,4.00395655655602,4.005223274542288,4.004050970318971,4.003552675458948,0.04167940012857393,2.4728478475122273,3.2645465889302727,2.5318564493570506,2.2204221618427056,-49.479007498392825
2026-04-14T12:29:23.240,4.00395655655602,4.005223274542288,4.004050970318971,4.003552675458948,0.04167940012857393,2.4728478475122273,3.2645465889302727,2.5318564493570506,2.2204221618427056,-49.479007498392825
2026-04-14T12:29:23.342,4.00395655655602,4.005223274542288,4.004050970318971,4.003552675458948,0.04167940012857393,2.4728478475122273,3.2645465889302727,2.5318564493570506,2.2204221618427056,-49.479007498392825
2026-04-14T12:29:23.457,4.003568411086107,4.005330801327872,4.0047879221909,4.003426790441679,0.046982059444895904,2.230256928816843,3.3317508299202103,2.9924513693124766,2.141744026049608,-49.4127242569388
2026-04-14T12:29:23.565,4.003568411086107,4.005330801327872,4.0047879221909,4.003426790441679,0.046982059444895904,2.230256928816843,3.3317508299202103,2.9924513693124766,2.141744026049608,-49.4127242569388
2026-04-14T12:29:23.674,4.003568411086107,4.005330801327872,4.0047879221909,4.003426790441679,0.046982059444895904,2.230256928816843,3.3317508299202103,2.9924513693124766,2.141744026049608,-49.4127242569388
2026-04-14T12:29:23.783,4.0035474302498955,4.004837751676902,4.004263401285613,4.003311395842516,0.04608085631226278,2.21714390618466,3.023594798063911,2.664625803507903,2.0696224015726017,-49.423989296096714
2026-04-14T12:29:23.894,4.0035474302498955,4.004837751676902,4.004263401285613,4.003311395842516,0.04608085631226278,2.21714390618466,3.023594798063911,2.664625803507903,2.0696224015726017,-49.423989296096714
2026-04-14T12:29:24.002,4.0035474302498955,4.004837751676902,4.004263401285613,4.003311395842516,0.04608085631226278,2.21714390618466,3.023594798063911,2.664625803507903,2.0696224015726017,-49.423989296096714
2026-04-14T12:29:24.113,4.003633976199268,4.005949735996111,4.004690885823422,4.003243208124829,0.05166234090718948,2.2712351245424145,3.7185849975696073,2.9318036396386304,2.027005078018007,-49.35422073866013
2026-04-14T12:29:24.221,4.003633976199268,4.005949735996111,4.004690885823422,4.003243208124829,0.05166234090718948,2.2712351245424145,3.7185849975696073,2.9318036396386304,2.027005078018007,-49.35422073866013
2026-04-14T12:29:24.329,4.003633976199268,4.005949735996111,4.004690885823422,4.003243208124829,0.05166234090718948,2.2712351245424145,3.7185849975696073,2.9318036396386304,2.027005078018007,-49.35422073866013
2026-04-14T12:29:24.438,4.004648924150999,4.005564213130725,4.004735470100371,4.003232717706723,0.0452792336362742,2.9055775943742645,3.4776332067032456,2.959668812732019,2.0204485667019156,-49.434009579546576
2026-04-14T12:29:24.548,4.004648924150999,4.005564213130725,4.004735470100371,4.003232717706723,0.0452792336362742,2.9055775943742645,3.4776332067032456,2.959668812732019,2.0204485667019156,-49.434009579546576
2026-04-14T12:29:24.655,4.004648924150999,4.005564213130725,4.004735470100371,4.003232717706723,0.0452792336362742,2.9055775943742645,3.4776332067032456,2.959668812732019,2.0204485667019156,-49.434009579546576
2026-04-14T12:29:24.764,4.003353357514939,4.0052599910056585,4.004077196364236,4.003282547192725,0.04947654988384173,2.0958484468369676,3.287494378536593,2.5482477276472792,2.05159199545335,-49.38154312645197
2026-04-14T12:29:24.872,4.003353357514939,4.0052599910056585,4.004077196364236,4.003282547192725,0.04947654988384173,2.0958484468369676,3.287494378536593,2.5482477276472792,2.05159199545335,-49.38154312645197
2026-04-14T12:29:24.996,4.003353357514939,4.0052599910056585,4.004077196364236,4.003282547192725,0.04947654988384173,2.0958484468369676,3.287494378536593,2.5482477276472792,2.05159199545335,-49.38154312645197
2026-04-14T12:29:25.092,4.003355980119466,4.005252123192079,4.004252910867507,4.003413677419047,0.04598127585561824,2.0974875746659905,3.2825769950495243,2.6580692921918114,2.1335483869044936,-49.42523405180477
2026-04-14T12:29:25.200,4.003355980119466,4.005252123192079,4.004252910867507,4.003413677419047,0.04598127585561824,2.0974875746659905,3.2825769950495243,2.6580692921918114,2.1335483869044936,-49.42523405180477
2026-04-14T12:29:25.310,4.003355980119466,4.005252123192079,4.004252910867507,4.003413677419047,0.04598127585561824,2.0974875746659905,3.2825769950495243,2.6580692921918114,2.1335483869044936,-49.42523405180477
2026-04-14T12:29:25.419,4.003762483821063,4.005349159559557,4.004418134952672,4.003804445493486,0.048764549618833246,2.351552388164535,3.3432247247233704,2.761334345420252,2.377778433428901,-49.390443129764584
2026-04-14T12:29:25.529,4.003762483821063,4.005349159559557,4.004418134952672,4.003804445493486,0.048764549618833246,2.351552388164535,3.3432247247233704,2.761334345420252,2.377778433428901,-49.390443129764584
2026-04-14T12:29:25.639,4.003762483821063,4.005349159559557,4.004418134952672,4.003804445493486,0.048764549618833246,2.351552388164535,3.3432247247233704,2.761334345420252,2.377778433428901,-49.390443129764584
2026-04-14T12:29:25.747,4.003298282819885,4.005204916310604,4.0042214396131905,4.003849029770436,0.05698491631484036,2.0614267624280425,3.2530726941276678,2.638399758244092,2.4056436065222897,-49.287688546064494
2026-04-14T12:29:25.856,4.003298282819885,4.005204916310604,4.0042214396131905,4.003849029770436,0.05698491631484036,2.0614267624280425,3.2530726941276678,2.638399758244092,2.4056436065222897,-49.287688546064494
2026-04-14T12:29:25.981,4.003298282819885,4.005204916310604,4.0042214396131905,4.003849029770436,0.05698491631484036,2.0614267624280425,3.2530726941276678,2.638399758244092,2.4056436065222897,-49.287688546064494
2026-04-14T12:29:26.090,4.003746748193905,4.005396366441033,4.004153251895502,4.0033795835602035,0.05412197818630972,2.341717621190398,3.372729025645782,2.5957824346889424,2.1122397251271963,-49.32347527267113
2026-04-14T12:29:26.197,4.003746748193905,4.005396366441033,4.004153251895502,4.0033795835602035,0.05412197818630972,2.341717621190398,3.372729025645782,2.5957824346889424,2.1122397251271963,-49.32347527267113
2026-04-14T12:29:26.307,4.003746748193905,4.005396366441033,4.004153251895502,4.0033795835602035,0.05412197818630972,2.341717621190398,3.372729025645782,2.5957824346889424,2.1122397251271963,-49.32347527267113
2026-04-14T12:29:26.415,4.003592014526845,4.0053019526780815,4.004069328550656,4.003497600763893,0.05771185364834553,2.2450090792780486,3.3137204238009588,2.5433303441602106,2.1860004774332253,-49.27860182939568
2026-04-14T12:29:26.523,4.003592014526845,4.0053019526780815,4.004069328550656,4.003497600763893,0.05771185364834553,2.2450090792780486,3.3137204238009588,2.5433303441602106,2.1860004774332253,-49.27860182939568
2026-04-14T12:29:26.631,4.003592014526845,4.0053019526780815,4.004069328550656,4.003497600763893,0.05771185364834553,2.2450090792780486,3.3137204238009588,2.5433303441602106,2.1860004774332253,-49.27860182939568
2026-04-14T12:29:26.741,4.0039198400926495,4.0051577094291275,4.004798412609006,4.003702163916955,0.062158121037524425,2.449900057905907,3.223568393204701,2.999007880628568,2.313852448097009,-49.22302348703094
2026-04-14T12:29:26.849,4.0039198400926495,4.0051577094291275,4.004798412609006,4.003702163916955,0.062158121037524425,2.449900057905907,3.223568393204701,2.999007880628568,2.313852448097009,-49.22302348703094
2026-04-14T12:29:26.957,4.0039198400926495,4.0051577094291275,4.004798412609006,4.003702163916955,0.062158121037524425,2.449900057905907,3.223568393204701,2.999007880628568,2.313852448097009,-49.22302348703094
2026-04-14T12:29:27.066,4.003843784561383,4.0052442553785,4.004381418489302,4.0035238268091575,0.04583190517065142,2.402365350864244,3.2776596115624557,2.738386555813932,2.202391755723454,-49.42710118536686
2026-04-14T12:29:27.174,4.003843784561383,4.0052442553785,4.004381418489302,4.0035238268091575,0.04583190517065142,2.402365350864244,3.2776596115624557,2.738386555813932,2.202391755723454,-49.42710118536686
2026-04-14T12:29:27.281,4.003843784561383,4.0052442553785,4.004381418489302,4.0035238268091575,0.04583190517065142,2.402365350864244,3.2776596115624557,2.738386555813932,2.202391755723454,-49.42710118536686
2026-04-14T12:29:27.389,4.0035238268091575,4.005503893226617,4.004011631251075,4.0033612253285185,0.05297680293489746,2.202391755723454,3.4399332666357196,2.5072695319217075,2.100765830324036,-49.33778996331378
2026-04-14T12:29:27.499,4.0035238268091575,4.005503893226617,4.004011631251075,4.0033612253285185,0.05297680293489746,2.202391755723454,3.4399332666357196,2.5072695319217075,2.100765830324036,-49.33778996331378
2026-04-14T12:29:27.608,4.0035238268091575,4.005503893226617,4.004011631251075,4.0033612253285185,0.05297680293489746,2.202391755723454,3.4399332666357196,2.5072695319217075,2.100765830324036,-49.33778996331378
2026-04-14T12:29:27.718,4.0038778784202265,4.005430460299877,4.004119158036659,4.003633976199268,0.04483112158137375,2.4236740126415413,3.3940376874230793,2.574473772911645,2.2712351245424145,-49.43961098023283
2026-04-14T12:29:27.826,4.0038778784202265,4.005430460299877,4.004119158036659,4.003633976199268,0.04483112158137375,2.4236740126415413,3.3940376874230793,2.574473772911645,2.2712351245424145,-49.43961098023283
2026-04-14T12:29:27.936,4.0038778784202265,4.005430460299877,4.004119158036659,4.003633976199268,0.04483112158137375,2.4236740126415413,3.3940376874230793,2.574473772911645,2.2712351245424145,-49.43961098023283
2026-04-14T12:29:28.045,4.003148794361877,4.005606174803148,4.004533529551836,4.003809690702539,0.05176192136383403,1.9679964761731839,3.5038592519676115,2.8334559698972583,2.3810566890869467,-49.352975982952074
2026-04-14T12:29:28.155,4.003148794361877,4.005606174803148,4.004533529551836,4.003809690702539,0.05176192136383403,1.9679964761731839,3.5038592519676115,2.8334559698972583,2.3810566890869467,-49.352975982952074
2026-04-14T12:29:28.277,4.003148794361877,4.005606174803148,4.004533529551836,4.003809690702539,0.05176192136383403,1.9679964761731839,3.5038592519676115,2.8334559698972583,2.3810566890869467,-49.352975982952074
2026-04-14T12:29:28.373,4.003261566356514,4.005212784124183,4.004470587043201,4.002684593360698,0.04037987516936263,2.038478972821167,3.2579900776141812,2.7941169020007095,1.6778708504361362,-49.49525156038297
2026-04-14T12:29:28.481,4.003261566356514,4.005212784124183,4.004470587043201,4.002684593360698,0.04037987516936263,2.038478972821167,3.2579900776141812,2.7941169020007095,1.6778708504361362,-49.49525156038297
2026-04-14T12:29:28.604,4.003261566356514,4.005212784124183,4.004470587043201,4.002684593360698,0.04037987516936263,2.038478972821167,3.2579900776141812,2.7941169020007095,1.6778708504361362,-49.49525156038297
2026-04-14T12:29:28.712,4.002975702463132,4.00550913843567,4.004302740353509,4.003508091181999,0.04936701138153274,1.8598140394576745,3.4432115222937654,2.689212720943246,2.192556988749317,-49.38291235773084
2026-04-14T12:29:28.819,4.002975702463132,4.00550913843567,4.004302740353509,4.003508091181999,0.04936701138153274,1.8598140394576745,3.4432115222937654,2.689212720943246,2.192556988749317,-49.38291235773084
2026-04-14T12:29:28.930,4.002975702463132,4.00550913843567,4.004302740353509,4.003508091181999,0.04936701138153274,1.8598140394576745,3.4432115222937654,2.689212720943246,2.192556988749317,-49.38291235773084
2026-04-14T12:29:29.038,4.003285169797252,4.005480289785879,4.004323721189721,4.003922462697176,0.047016912604721496,2.053231123282373,3.425181116174514,2.702325743575429,2.45153918573493,-49.41228859244099
2026-04-14T12:29:29.146,4.003285169797252,4.005480289785879,4.004323721189721,4.003922462697176,0.047016912604721496,2.053231123282373,3.425181116174514,2.702325743575429,2.45153918573493,-49.41228859244099
2026-04-14T12:29:29.255,4.003285169797252,4.005480289785879,4.004323721189721,4.003922462697176,0.047016912604721496,2.053231123282373,3.425181116174514,2.702325743575429,2.45153918573493,-49.41228859244099
2026-04-14T12:29:29.365,4.003445148673364,4.005383253418401,4.003922462697176,4.003872633211174,0.05502318131894284,2.153217920852768,3.3645333865006677,2.45153918573493,2.4203957569834955,-49.31221023351321
2026-04-14T12:29:29.473,4.003445148673364,4.005383253418401,4.003922462697176,4.003872633211174,0.05502318131894284,2.153217920852768,3.3645333865006677,2.45153918573493,2.4203957569834955,-49.31221023351321
2026-04-14T12:29:29.582,4.003445148673364,4.005383253418401,4.003922462697176,4.003872633211174,0.05502318131894284,2.153217920852768,3.3645333865006677,2.45153918573493,2.4203957569834955,-49.31221023351321
2026-04-14T12:29:29.691,4.003932953115282,4.005734682424944,4.0042083265905575,4.003531694622737,0.04637461865936419,2.4580956970510215,3.584176515589732,2.6302041190984227,2.2073091392105226,-49.42031726675795
2026-04-14T12:29:29.815,4.003932953115282,4.005734682424944,4.0042083265905575,4.003531694622737,0.04637461865936419,2.4580956970510215,3.584176515589732,2.6302041190984227,2.2073091392105226,-49.42031726675795
2026-04-14T12:29:29.910,4.003932953115282,4.005734682424944,4.0042083265905575,4.003531694622737,0.04637461865936419,2.4580956970510215,3.584176515589732,2.6302041190984227,2.2073091392105226,-49.42031726675795
2026-04-14T12:29:30.019,4.003754616007484,4.005406856859139,4.004355192444039,4.003447771277891,0.04460706555392353,2.3466350046774664,3.3792855369618735,2.7219952775242584,2.154857048681791,-49.44241168057595
2026-04-14T12:29:30.128,4.003754616007484,4.005406856859139,4.004355192444039,4.003447771277891,0.04460706555392353,2.3466350046774664,3.3792855369618735,2.7219952775242584,2.154857048681791,-49.44241168057595
2026-04-14T12:29:30.236,4.003754616007484,4.005406856859139,4.004355192444039,4.003447771277891,0.04460706555392353,2.3466350046774664,3.3792855369618735,2.7219952775242584,2.154857048681791,-49.44241168057595
2026-04-14T12:29:30.344,4.003576278899686,4.0051996711015505,4.004237175240348,4.00369954131243,0.05505305545593621,2.2351743123039114,3.249794438469067,2.648234525217674,2.3122133202685413,-49.3118368068008
2026-04-14T12:29:30.452,4.003576278899686,4.0051996711015505,4.004237175240348,4.00369954131243,0.05505305545593621,2.2351743123039114,3.249794438469067,2.648234525217674,2.3122133202685413,-49.3118368068008
2026-04-14T12:29:30.562,4.003576278899686,4.0051996711015505,4.004237175240348,4.00369954131243,0.05505305545593621,2.2351743123039114,3.249794438469067,2.648234525217674,2.3122133202685413,-49.3118368068008
2026-04-14T12:29:30.670,4.003353357514939,4.005063295666176,4.004373550675723,4.003369093142098,0.052946928797904094,2.0958484468369676,3.1645597913598777,2.7334691723268634,2.105683213811105,-49.338163390026196
2026-04-14T12:29:30.778,4.003353357514939,4.005063295666176,4.004373550675723,4.003369093142098,0.052946928797904094,2.0958484468369676,3.1645597913598777,2.7334691723268634,2.105683213811105,-49.338163390026196
2026-04-14T12:29:30.889,4.003353357514939,4.005063295666176,4.004373550675723,4.003369093142098,0.052946928797904094,2.0958484468369676,3.1645597913598777,2.7334691723268634,2.105683213811105,-49.338163390026196
2026-04-14T12:29:30.998,4.003104210084929,4.005141973801969,4.0043315890033,4.003935575719808,0.05980802226071318,1.9401313030803502,3.213733626230564,2.7072431270624975,2.4597348248800444,-49.252399721741085
2026-04-14T12:29:31.107,4.003104210084929,4.005141973801969,4.0043315890033,4.003935575719808,0.05980802226071318,1.9401313030803502,3.213733626230564,2.7072431270624975,2.4597348248800444,-49.252399721741085
2026-04-14T12:29:31.217,4.003104210084929,4.005141973801969,4.0043315890033,4.003935575719808,0.05980802226071318,1.9401313030803502,3.213733626230564,2.7072431270624975,2.4597348248800444,-49.252399721741085
2026-04-14T12:29:31.327,4.004349947234985,4.005304575282608,4.00391197227907,4.00376510642559,0.05146317999390039,2.7187170218656576,3.3153595516299816,2.4449826744188385,2.353191515993558,-49.35671025007625
2026-04-14T12:29:31.436,4.004349947234985,4.005304575282608,4.00391197227907,4.00376510642559,0.05146317999390039,2.7187170218656576,3.3153595516299816,2.4449826744188385,2.353191515993558,-49.35671025007625
2026-04-14T12:29:31.544,4.004349947234985,4.005304575282608,4.00391197227907,4.00376510642559,0.05146317999390039,2.7187170218656576,3.3153595516299816,2.4449826744188385,2.353191515993558,-49.35671025007625
2026-04-14T12:29:31.667,4.003374338351151,4.005393743836507,4.0041034224095,4.003946066137914,0.05415185232330308,2.1089614694691505,3.371089897816759,2.564639005937508,2.466291336196136,-49.32310184595871
2026-04-14T12:29:31.777,4.003374338351151,4.005393743836507,4.0041034224095,4.003946066137914,0.05415185232330308,2.1089614694691505,3.371089897816759,2.564639005937508,2.466291336196136,-49.32310184595871
2026-04-14T12:29:31.887,4.003374338351151,4.005393743836507,4.0041034224095,4.003946066137914,0.05415185232330308,2.1089614694691505,3.371089897816759,2.564639005937508,2.466291336196136,-49.32310184595871
2026-04-14T12:29:31.982,4.003644466617374,4.004774809168268,4.004591226851417,4.003411054814521,0.05442071955624335,2.277791635858506,2.9842557301673622,2.8695167821357614,2.1319092590754707,-49.31974100554696
2026-04-14T12:29:32.092,4.003644466617374,4.004774809168268,4.004591226851417,4.003411054814521,0.05442071955624335,2.277791635858506,2.9842557301673622,2.8695167821357614,2.1319092590754707,-49.31974100554696
2026-04-14T12:29:32.214,4.003644466617374,4.004774809168268,4.004591226851417,4.003411054814521,0.05442071955624335,2.277791635858506,2.9842557301673622,2.8695167821357614,2.1319092590754707,-49.31974100554696
2026-04-14T12:29:32.322,4.003940820928861,4.005223274542288,4.004069328550656,4.003518581600105,0.053673866131409266,2.46301308053809,3.2645465889302727,2.5433303441602106,2.1991135000654083,-49.329076673357385
2026-04-14T12:29:32.432,4.003940820928861,4.005223274542288,4.004069328550656,4.003518581600105,0.053673866131409266,2.46301308053809,3.2645465889302727,2.5433303441602106,2.1991135000654083,-49.329076673357385
2026-04-14T12:29:32.540,4.003940820928861,4.005223274542288,4.004069328550656,4.003518581600105,0.053673866131409266,2.46301308053809,3.2645465889302727,2.5433303441602106,2.1991135000654083,-49.329076673357385
2026-04-14T12:29:32.648,4.003712654335061,4.004921675021748,4.003883123629279,4.003791332470854,0.038039734438215844,2.3204089594131005,3.076046888592643,2.426952268299587,2.3695827942837866,-49.5245033195223
2026-04-14T12:29:32.758,4.003712654335061,4.004921675021748,4.003883123629279,4.003791332470854,0.038039734438215844,2.3204089594131005,3.076046888592643,2.426952268299587,2.3695827942837866,-49.5245033195223
2026-04-14T12:29:32.867,4.003712654335061,4.004921675021748,4.003883123629279,4.003791332470854,0.038039734438215844,2.3204089594131005,3.076046888592643,2.426952268299587,2.3695827942837866,-49.5245033195223
2026-04-14T12:29:32.976,4.003723144753167,4.005144596406495,4.004045725109918,4.003749370798431,0.03542574745129656,2.326965470729192,3.2153727540595867,2.528578193699005,2.3433567490194207,-49.5571781568588
2026-04-14T12:29:33.083,4.003723144753167,4.005144596406495,4.004045725109918,4.003749370798431,0.03542574745129656,2.326965470729192,3.2153727540595867,2.528578193699005,2.3433567490194207,-49.5571781568588
2026-04-14T12:29:33.194,4.003723144753167,4.005144596406495,4.004045725109918,4.003749370798431,0.03542574745129656,2.326965470729192,3.2153727540595867,2.528578193699005,2.3433567490194207,-49.5571781568588
2026-04-14T12:29:33.305,4.003901481860964,4.005328178723346,4.004127025850238,4.004090309386868,0.034026642035440716,2.438426163102747,3.3301117020911875,2.5793911563987137,2.5564433667923936,-49.57466697455699
2026-04-14T12:29:33.414,4.003901481860964,4.005328178723346,4.004127025850238,4.004090309386868,0.034026642035440716,2.438426163102747,3.3301117020911875,2.5793911563987137,2.5564433667923936,-49.57466697455699
2026-04-14T12:29:33.524,4.003901481860964,4.005328178723346,4.004127025850238,4.004090309386868,0.034026642035440716,2.438426163102747,3.3301117020911875,2.5793911563987137,2.5564433667923936,-49.57466697455699
2026-04-14T12:29:33.633,4.003571033690633,4.004987240134909,4.003686428289797,4.00380182288896,0.030207731523122453,2.2318960566458657,3.1170250843182146,2.304017681122872,2.376139305599878,-49.62240335596097
2026-04-14T12:29:33.742,4.003571033690633,4.004987240134909,4.003686428289797,4.00380182288896,0.030207731523122453,2.2318960566458657,3.1170250843182146,2.304017681122872,2.376139305599878,-49.62240335596097
2026-04-14T12:29:33.851,4.003571033690633,4.004987240134909,4.003686428289797,4.00380182288896,0.030207731523122453,2.2318960566458657,3.1170250843182146,2.304017681122872,2.376139305599878,-49.62240335596097
2026-04-14T12:29:33.960,4.003770351634643,4.005191803287971,4.003990650414863,4.003665447453585,0.047071681855876,2.3564697716516037,3.2448770549819983,2.4941565092895246,2.290904658490689,-49.41160397680155
2026-04-14T12:29:34.069,4.003770351634643,4.005191803287971,4.003990650414863,4.003665447453585,0.047071681855876,2.3564697716516037,3.2448770549819983,2.4941565092895246,2.290904658490689,-49.41160397680155
2026-04-14T12:29:34.176,4.003770351634643,4.005191803287971,4.003990650414863,4.003665447453585,0.047071681855876,2.3564697716516037,3.2448770549819983,2.4941565092895246,2.290904658490689,-49.41160397680155
2026-04-14T12:29:34.286,4.003746748193905,4.004895448976484,4.003568411086107,4.003502845972946,0.03967285392718637,2.341717621190398,3.059655610302414,2.230256928816843,2.189278733091271,-49.50408932591017
2026-04-14T12:29:34.396,4.003746748193905,4.004895448976484,4.003568411086107,4.003502845972946,0.03967285392718637,2.341717621190398,3.059655610302414,2.230256928816843,2.189278733091271,-49.50408932591017
2026-04-14T12:29:34.504,4.003746748193905,4.004895448976484,4.003568411086107,4.003502845972946,0.03967285392718637,2.341717621190398,3.059655610302414,2.230256928816843,2.189278733091271,-49.50408932591017
2026-04-14T12:29:34.614,4.003484487741261,4.005005598366594,4.00463318852384,4.003508091181999,0.04759447925325985,2.177804838288111,3.1284989791213746,2.8957428274001273,2.192556988749317,-49.40506900933425
2026-04-14T12:29:34.724,4.003484487741261,4.005005598366594,4.00463318852384,4.003508091181999,0.04759447925325985,2.177804838288111,3.1284989791213746,2.8957428274001273,2.192556988749317,-49.40506900933425
2026-04-14T12:29:34.833,4.003484487741261,4.005005598366594,4.00463318852384,4.003508091181999,0.04759447925325985,2.177804838288111,3.1284989791213746,2.8957428274001273,2.192556988749317,-49.40506900933425
2026-04-14T12:29:34.941,4.003867388002121,4.005351782164084,4.00398540520581,4.003696918707902,0.04700197553622481,2.41711750132545,3.3448638525523933,2.490878253631479,2.3105741924389633,-49.41247530579719
2026-04-14T12:29:35.049,4.003867388002121,4.005351782164084,4.00398540520581,4.003696918707902,0.04700197553622481,2.41711750132545,3.3448638525523933,2.490878253631479,2.3105741924389633,-49.41247530579719
2026-04-14T12:29:35.159,4.003867388002121,4.005351782164084,4.00398540520581,4.003696918707902,0.04700197553622481,2.41711750132545,3.3448638525523933,2.490878253631479,2.3105741924389633,-49.41247530579719
2026-04-14T12:29:35.269,4.003560543272528,4.005304575282608,4.004315853376141,4.003245830729355,0.04721109449517836,2.225339545329774,3.3153595516299816,2.6974083600883603,2.02864420584703,-49.40986131881027
2026-04-14T12:29:35.377,4.003560543272528,4.005304575282608,4.004315853376141,4.003245830729355,0.04721109449517836,2.225339545329774,3.3153595516299816,2.6974083600883603,2.02864420584703,-49.40986131881027
2026-04-14T12:29:35.486,4.003560543272528,4.005304575282608,4.004315853376141,4.003245830729355,0.04721109449517836,2.225339545329774,3.3153595516299816,2.6974083600883603,2.02864420584703,-49.40986131881027
2026-04-14T12:29:35.595,4.0035474302498955,4.005029201807332,4.003775596843695,4.00345563909147,0.04994955705290332,2.21714390618466,3.1432511295825805,2.3597480273096494,2.1597744321688594,-49.37563053683871
2026-04-14T12:29:35.703,4.0035474302498955,4.005029201807332,4.003775596843695,4.00345563909147,0.04994955705290332,2.21714390618466,3.1432511295825805,2.3597480273096494,2.1597744321688594,-49.37563053683871
2026-04-14T12:29:35.812,4.0035474302498955,4.005029201807332,4.003775596843695,4.00345563909147,0.04994955705290332,2.21714390618466,3.1432511295825805,2.3597480273096494,2.1597744321688594,-49.37563053683871
2026-04-14T12:29:35.922,4.00361037275853,4.005105257338599,4.003846407165909,4.003681183080744,0.05251375381150033,2.2564829740812087,3.1907858366242436,2.404004478693267,2.300739425464826,-49.34357807735625
2026-04-14T12:29:36.030,4.00361037275853,4.005105257338599,4.003846407165909,4.003681183080744,0.05251375381150033,2.2564829740812087,3.1907858366242436,2.404004478693267,2.300739425464826,-49.34357807735625
2026-04-14T12:29:36.138,4.00361037275853,4.005105257338599,4.003846407165909,4.003681183080744,0.05251375381150033,2.2564829740812087,3.1907858366242436,2.404004478693267,2.300739425464826,-49.34357807735625
2026-04-14T12:29:36.248,4.003678560476217,4.0047669413546885,4.0039198400926495,4.004111290223079,0.05451034196722344,2.2991002976358033,2.9793383466802936,2.449900057905907,2.5695563894245765,-49.31862072540971
2026-04-14T12:29:36.358,4.003678560476217,4.0047669413546885,4.0039198400926495,4.004111290223079,0.05451034196722344,2.2991002976358033,2.9793383466802936,2.449900057905907,2.5695563894245765,-49.31862072540971
2026-04-14T12:29:36.466,4.003678560476217,4.0047669413546885,4.0039198400926495,4.004111290223079,0.05451034196722344,2.2991002976358033,2.9793383466802936,2.449900057905907,2.5695563894245765,-49.31862072540971
2026-04-14T12:29:36.575,4.0038542749794885,4.005422592486298,4.003612995363056,4.0034215452326265,0.056646342762248905,2.4089218621803354,3.3891203039360107,2.2581221019102315,2.138465770391562,-49.29192071547189
2026-04-14T12:29:36.685,4.0038542749794885,4.005422592486298,4.003612995363056,4.0034215452326265,0.056646342762248905,2.4089218621803354,3.3891203039360107,2.2581221019102315,2.138465770391562,-49.29192071547189
2026-04-14T12:29:36.810,4.0038542749794885,4.005422592486298,4.003612995363056,4.0034215452326265,0.056646342762248905,2.4089218621803354,3.3891203039360107,2.2581221019102315,2.138465770391562,-49.29192071547189
2026-04-14T12:29:36.918,4.003953933951494,4.005409479463665,4.003969669578652,4.00330090542441,0.04920270362806924,2.4712087196837595,3.3809246647908964,2.4810434866573416,2.06306589025651,-49.38496620464913
2026-04-14T12:29:37.042,4.003953933951494,4.005409479463665,4.003969669578652,4.00330090542441,0.04920270362806924,2.4712087196837595,3.3809246647908964,2.4810434866573416,2.06306589025651,-49.38496620464913
2026-04-14T12:29:37.150,4.003953933951494,4.005409479463665,4.003969669578652,4.00330090542441,0.04920270362806924,2.4712087196837595,3.3809246647908964,2.4810434866573416,2.06306589025651,-49.38496620464913
2026-04-14T12:29:37.261,4.003306150633463,4.005642891266518,4.004439115788884,4.00380182288896,0.044542338257104575,2.066344145914556,3.5268070415739317,2.774447368052435,2.376139305599878,-49.443220771786194
2026-04-14T12:29:37.369,4.003306150633463,4.005642891266518,4.004439115788884,4.00380182288896,0.044542338257104575,2.066344145914556,3.5268070415739317,2.774447368052435,2.376139305599878,-49.443220771786194
2026-04-14T12:29:37.478,4.003306150633463,4.005642891266518,4.004439115788884,4.00380182288896,0.044542338257104575,2.066344145914556,3.5268070415739317,2.774447368052435,2.376139305599878,-49.443220771786194
2026-04-14T12:29:37.588,4.003633976199268,4.005482912390406,4.004302740353509,4.003628730990215,0.04347184834817573,2.2712351245424145,3.4268202440035367,2.689212720943246,2.2679568688843688,-49.45660189564781
2026-04-14T12:29:37.696,4.003633976199268,4.005482912390406,4.004302740353509,4.003628730990215,0.04347184834817573,2.2712351245424145,3.4268202440035367,2.689212720943246,2.2679568688843688,-49.45660189564781
2026-04-14T12:29:37.806,4.003633976199268,4.005482912390406,4.004302740353509,4.003628730990215,0.04347184834817573,2.2712351245424145,3.4268202440035367,2.689212720943246,2.2679568688843688,-49.45660189564781
2026-04-14T12:29:37.915,4.004247665658454,4.005380630813875,4.004428625370778,4.00394868874244,0.04731565397465513,2.6547910365337657,3.362894258671645,2.7678908567363436,2.4679304640251587,-49.408554325316814
2026-04-14T12:29:38.024,4.004247665658454,4.005380630813875,4.004428625370778,4.00394868874244,0.04731565397465513,2.6547910365337657,3.362894258671645,2.7678908567363436,2.4679304640251587,-49.408554325316814
2026-04-14T12:29:38.133,4.004247665658454,4.005380630813875,4.004428625370778,4.00394868874244,0.04731565397465513,2.6547910365337657,3.362894258671645,2.7678908567363436,2.4679304640251587,-49.408554325316814
2026-04-14T12:29:38.242,4.00376510642559,4.005084276502387,4.00368380568527,4.003901481860964,0.04961098350031187,2.353191515993558,3.1776728139920607,2.302378553293849,2.438426163102747,-49.3798627062461
2026-04-14T12:29:38.342,4.00376510642559,4.005084276502387,4.00368380568527,4.003901481860964,0.04961098350031187,2.353191515993558,3.1776728139920607,2.302378553293849,2.438426163102747,-49.3798627062461
2026-04-14T12:29:38.459,4.00376510642559,4.005084276502387,4.00368380568527,4.003901481860964,0.04961098350031187,2.353191515993558,3.1776728139920607,2.302378553293849,2.438426163102747,-49.3798627062461
2026-04-14T12:29:38.567,4.003369093142098,4.005454063740615,4.004003763437495,4.003867388002121,0.05855828752982416,2.105683213811105,3.408789837884285,2.502352148434639,2.41711750132545,-49.2680214058772
2026-04-14T12:29:38.676,4.003369093142098,4.005454063740615,4.004003763437495,4.003867388002121,0.05855828752982416,2.105683213811105,3.408789837884285,2.502352148434639,2.41711750132545,-49.2680214058772
2026-04-14T12:29:38.786,4.003369093142098,4.005454063740615,4.004003763437495,4.003867388002121,0.05855828752982416,2.105683213811105,3.408789837884285,2.502352148434639,2.41711750132545,-49.2680214058772
2026-04-14T12:29:38.897,4.0036470892219,4.005459308949669,4.003521204204631,4.003707409126008,0.05342491498979791,2.279430763687529,3.412068093542886,2.200752627894431,2.317130703755055,-49.33218856262753
2026-04-14T12:29:39.006,4.0036470892219,4.005459308949669,4.003521204204631,4.003707409126008,0.05342491498979791,2.279430763687529,3.412068093542886,2.200752627894431,2.317130703755055,-49.33218856262753
2026-04-14T12:29:39.115,4.0036470892219,4.005459308949669,4.003521204204631,4.003707409126008,0.05342491498979791,2.279430763687529,3.412068093542886,2.200752627894431,2.317130703755055,-49.33218856262753
2026-04-14T12:29:39.223,4.003870010606647,4.005136728592916,4.004203081381505,4.00368380568527,0.05516757298107743,2.4187566291544726,3.210455370572518,2.626925863440377,2.302378553293849,-49.31040533773653
2026-04-14T12:29:39.333,4.003870010606647,4.005136728592916,4.004203081381505,4.00368380568527,0.05516757298107743,2.4187566291544726,3.210455370572518,2.626925863440377,2.302378553293849,-49.31040533773653
2026-04-14T12:29:39.443,4.003870010606647,4.005136728592916,4.004203081381505,4.00368380568527,0.05516757298107743,2.4187566291544726,3.210455370572518,2.626925863440377,2.302378553293849,-49.31040533773653
2026-04-14T12:29:39.553,4.003592014526845,4.005044937434491,4.003623485781162,4.003513336391052,0.06195398110140311,2.2450090792780486,3.1530858965567177,2.264678613226323,2.1958352444073626,-49.22557523623246
2026-04-14T12:29:39.662,4.003592014526845,4.005044937434491,4.003623485781162,4.003513336391052,0.06195398110140311,2.2450090792780486,3.1530858965567177,2.264678613226323,2.1958352444073626,-49.22557523623246
2026-04-14T12:29:39.770,4.003592014526845,4.005044937434491,4.003623485781162,4.003513336391052,0.06195398110140311,2.2450090792780486,3.1530858965567177,2.264678613226323,2.1958352444073626,-49.22557523623246
2026-04-14T12:29:39.879,4.003521204204631,4.005388498627454,4.0036916734988495,4.003077984039663,0.050840802139871986,2.200752627894431,3.3678116421587134,2.3072959367809176,1.9237400247895664,-49.3644899732516
2026-04-14T12:29:39.989,4.003521204204631,4.005388498627454,4.0036916734988495,4.003077984039663,0.050840802139871986,2.200752627894431,3.3678116421587134,2.3072959367809176,1.9237400247895664,-49.3644899732516
2026-04-14T12:29:40.098,4.003521204204631,4.005388498627454,4.0036916734988495,4.003077984039663,0.050840802139871986,2.200752627894431,3.3678116421587134,2.3072959367809176,1.9237400247895664,-49.3644899732516
2026-04-14T12:29:40.206,4.0036497118264265,4.005178690265339,4.003657579640006,4.003670692662638,0.05077109582022081,2.2810698915165517,3.236681415836884,2.2859872750036203,2.2941829141487347,-49.36536130224724
2026-04-14T12:29:40.317,4.0036497118264265,4.005178690265339,4.003657579640006,4.003670692662638,0.05077109582022081,2.2810698915165517,3.236681415836884,2.2859872750036203,2.2941829141487347,-49.36536130224724
2026-04-14T12:29:40.425,4.0036497118264265,4.005178690265339,4.003657579640006,4.003670692662638,0.05077109582022081,2.2810698915165517,3.236681415836884,2.2859872750036203,2.2941829141487347,-49.36536130224724
2026-04-14T12:29:40.535,4.003673315267164,4.004884958558378,4.003888368838332,4.0038542749794885,0.04755962609343426,2.2958220419777575,3.0530990989863227,2.4302305239576327,2.4089218621803354,-49.40550467383208
2026-04-14T12:29:40.644,4.003673315267164,4.004884958558378,4.003888368838332,4.0038542749794885,0.04755962609343426,2.2958220419777575,3.0530990989863227,2.4302305239576327,2.4089218621803354,-49.40550467383208
2026-04-14T12:29:40.752,4.003673315267164,4.004884958558378,4.003888368838332,4.0038542749794885,0.04755962609343426,2.2958220419777575,3.0530990989863227,2.4302305239576327,2.4089218621803354,-49.40550467383208
2026-04-14T12:29:40.861,4.003408432209994,4.005160332033654,4.003602504944951,4.003856897584015,0.04094748377223653,2.130270131246448,3.225207521033724,2.25156559059414,2.4105609900093583,-49.48815645284704
2026-04-14T12:29:40.969,4.003408432209994,4.005160332033654,4.003602504944951,4.003856897584015,0.04094748377223653,2.130270131246448,3.225207521033724,2.25156559059414,2.4105609900093583,-49.48815645284704
2026-04-14T12:29:41.077,4.003408432209994,4.005160332033654,4.003602504944951,4.003856897584015,0.04094748377223653,2.130270131246448,3.225207521033724,2.25156559059414,2.4105609900093583,-49.48815645284704
2026-04-14T12:29:41.188,4.003723144753167,4.005215406728709,4.003974914787705,4.003675937871691,0.03302087942333082,2.326965470729192,3.259629205443204,2.4843217423153874,2.2974611698067804,-49.58723900720837
2026-04-14T12:29:41.296,4.003723144753167,4.005215406728709,4.003974914787705,4.003675937871691,0.03302087942333082,2.326965470729192,3.259629205443204,2.4843217423153874,2.2974611698067804,-49.58723900720837
2026-04-14T12:29:41.404,4.003723144753167,4.005215406728709,4.003974914787705,4.003675937871691,0.03302087942333082,2.326965470729192,3.259629205443204,2.4843217423153874,2.2974611698067804,-49.58723900720837
2026-04-14T12:29:41.526,4.003670692662638,4.005616665221254,4.0038123133070656,4.003466129509576,0.03230887915832233,2.2941829141487347,3.510415763283703,2.3826958169159695,2.166330943484951,-49.59613901052097
2026-04-14T12:29:41.635,4.003670692662638,4.005616665221254,4.0038123133070656,4.003466129509576,0.03230887915832233,2.2941829141487347,3.510415763283703,2.3826958169159695,2.166330943484951,-49.59613901052097
2026-04-14T12:29:41.738,4.003670692662638,4.005616665221254,4.0038123133070656,4.003466129509576,0.03230887915832233,2.2941829141487347,3.510415763283703,2.3826958169159695,2.166330943484951,-49.59613901052097
2026-04-14T12:29:41.854,4.00357365629516,4.005645513871045,4.004659414569105,4.003665447453585,0.033299704701935544,2.2335351844748885,3.5284461694029545,2.912134105690356,2.290904658490689,-49.58375369122581
2026-04-14T12:29:41.964,4.00357365629516,4.005645513871045,4.004659414569105,4.003665447453585,0.033299704701935544,2.2335351844748885,3.5284461694029545,2.912134105690356,2.290904658490689,-49.58375369122581
2026-04-14T12:29:42.074,4.00357365629516,4.005645513871045,4.004659414569105,4.003665447453585,0.033299704701935544,2.2335351844748885,3.5284461694029545,2.912134105690356,2.290904658490689,-49.58375369122581
2026-04-14T12:29:42.183,4.004098177200447,4.00494265585796,4.004229307426769,4.003772974239169,0.020015671785553364,2.561360750279462,3.089159911224826,2.6433171417306056,2.3581088994806265,-49.749804102680585
2026-04-14T12:29:42.291,4.004098177200447,4.00494265585796,4.004229307426769,4.003772974239169,0.020015671785553364,2.561360750279462,3.089159911224826,2.6433171417306056,2.3581088994806265,-49.749804102680585
2026-04-14T12:29:42.400,4.004098177200447,4.00494265585796,4.004229307426769,4.003772974239169,0.020015671785553364,2.561360750279462,3.089159911224826,2.6433171417306056,2.3581088994806265,-49.749804102680585
2026-04-14T12:29:42.510,4.003862142793068,4.00508952171144,4.0043709280711965,4.003571033690633,0.019034804287604602,2.413839245667404,3.1809510696501064,2.7318300444978405,2.2318960566458657,-49.76206494640494
2026-04-14T12:29:42.619,4.003862142793068,4.00508952171144,4.0043709280711965,4.003571033690633,0.019034804287604602,2.413839245667404,3.1809510696501064,2.7318300444978405,2.2318960566458657,-49.76206494640494
2026-04-14T12:29:42.728,4.003862142793068,4.00508952171144,4.0043709280711965,4.003571033690633,0.019034804287604602,2.413839245667404,3.1809510696501064,2.7318300444978405,2.2318960566458657,-49.76206494640494
2026-04-14T12:29:42.836,4.003788709866328,4.005543232294514,4.003982782601284,4.003369093142098,0.027568849422042033,2.3679436664547637,3.4645201840710627,2.489239125802456,2.105683213811105,-49.65538938222448
2026-04-14T12:29:42.945,4.003788709866328,4.005543232294514,4.003982782601284,4.003369093142098,0.027568849422042033,2.3679436664547637,3.4645201840710627,2.489239125802456,2.105683213811105,-49.65538938222448
2026-04-14T12:29:43.054,4.003788709866328,4.005543232294514,4.003982782601284,4.003369093142098,0.027568849422042033,2.3679436664547637,3.4645201840710627,2.489239125802456,2.105683213811105,-49.65538938222448
2026-04-14T12:29:43.165,4.003791332470854,4.00543570550893,4.004315853376141,4.003904104465491,0.04139061680430476,2.3695827942837866,3.397315943081125,2.6974083600883603,2.44006529093177,-49.48261728994619
2026-04-14T12:29:43.273,4.003791332470854,4.00543570550893,4.004315853376141,4.003904104465491,0.04139061680430476,2.3695827942837866,3.397315943081125,2.6974083600883603,2.44006529093177,-49.48261728994619
2026-04-14T12:29:43.383,4.003791332470854,4.00543570550893,4.004315853376141,4.003904104465491,0.04139061680430476,2.3695827942837866,3.397315943081125,2.6974083600883603,2.44006529093177,-49.48261728994619
2026-04-14T12:29:43.491,4.004014253855601,4.005176067660813,4.004171610127187,4.003778219448222,0.03789534277608126,2.5089086597507304,3.235042288007861,2.6072563294921025,2.3613871551386723,-49.52630821529899
2026-04-14T12:29:43.602,4.004014253855601,4.005176067660813,4.004171610127187,4.003778219448222,0.03789534277608126,2.5089086597507304,3.235042288007861,2.6072563294921025,2.3613871551386723,-49.52630821529899
2026-04-14T12:29:43.710,4.004014253855601,4.005176067660813,4.004171610127187,4.003778219448222,0.03789534277608126,2.5089086597507304,3.235042288007861,2.6072563294921025,2.3613871551386723,-49.52630821529899
2026-04-14T12:29:43.819,4.003544807645369,4.005351782164084,4.00357365629516,4.004307985562562,0.02923184304800592,2.215504778355637,3.3448638525523933,2.2335351844748885,2.6924909766012917,-49.634601961899925
2026-04-14T12:29:43.928,4.003544807645369,4.005351782164084,4.00357365629516,4.004307985562562,0.02923184304800592,2.215504778355637,3.3448638525523933,2.2335351844748885,2.6924909766012917,-49.634601961899925
2026-04-14T12:29:44.038,4.003544807645369,4.005351782164084,4.00357365629516,4.004307985562562,0.02923184304800592,2.215504778355637,3.3448638525523933,2.2335351844748885,2.6924909766012917,-49.634601961899925
2026-04-14T12:29:44.142,4.003497600763893,4.005275726632817,4.003922462697176,4.003612995363056,0.022808903594432824,2.1860004774332253,3.29732914551073,2.45153918573493,2.2581221019102315,-49.71488870506959
2026-04-14T12:29:44.253,4.003497600763893,4.005275726632817,4.003922462697176,4.003612995363056,0.022808903594432824,2.1860004774332253,3.29732914551073,2.45153918573493,2.2581221019102315,-49.71488870506959
2026-04-14T12:29:44.363,4.003497600763893,4.005275726632817,4.003922462697176,4.003612995363056,0.022808903594432824,2.1860004774332253,3.29732914551073,2.45153918573493,2.2581221019102315,-49.71488870506959
2026-04-14T12:29:44.468,4.0042502882629805,4.005577326153357,4.0042083265905575,4.0033795835602035,0.028300765778379432,2.6564301643627886,3.48582884584836,2.6302041190984227,2.1122397251271963,-49.64624042777025
2026-04-14T12:29:44.582,4.0042502882629805,4.005577326153357,4.0042083265905575,4.0033795835602035,0.028300765778379432,2.6564301643627886,3.48582884584836,2.6302041190984227,2.1122397251271963,-49.64624042777025
2026-04-14T12:29:44.693,4.0042502882629805,4.005577326153357,4.0042083265905575,4.0033795835602035,0.028300765778379432,2.6564301643627886,3.48582884584836,2.6302041190984227,2.1122397251271963,-49.64624042777025
2026-04-14T12:29:44.800,4.003694296103376,4.0051157477567045,4.003893614047386,4.003544807645369,0.029879116016195455,2.3089350646099405,3.197342347940335,2.4335087796162336,2.215504778355637,-49.62651104979756
2026-04-14T12:29:44.909,4.003694296103376,4.0051157477567045,4.003893614047386,4.003544807645369,0.029879116016195455,2.3089350646099405,3.197342347940335,2.4335087796162336,2.215504778355637,-49.62651104979756
2026-04-14T12:29:45.018,4.003694296103376,4.0051157477567045,4.003893614047386,4.003544807645369,0.029879116016195455,2.3089350646099405,3.197342347940335,2.4335087796162336,2.215504778355637,-49.62651104979756
2026-04-14T12:29:45.127,4.003518581600105,4.005231142355868,4.003964424369599,4.003673315267164,0.0241034495308119,2.1991135000654083,3.2694639724173413,2.477765230999296,2.2958220419777575,-49.698706880864854
2026-04-14T12:29:45.236,4.003518581600105,4.005231142355868,4.003964424369599,4.003673315267164,0.0241034495308119,2.1991135000654083,3.2694639724173413,2.477765230999296,2.2958220419777575,-49.698706880864854
2026-04-14T12:29:45.344,4.003518581600105,4.005231142355868,4.003964424369599,4.003673315267164,0.0241034495308119,2.1991135000654083,3.2694639724173413,2.477765230999296,2.2958220419777575,-49.698706880864854
2026-04-14T12:29:45.453,4.003922462697176,4.005265236214712,4.003946066137914,4.003935575719808,0.023695169658569267,2.45153918573493,3.2907726341951937,2.466291336196136,2.4597348248800444,-49.703810379267885
2026-04-14T12:29:45.561,4.003922462697176,4.005265236214712,4.003946066137914,4.003935575719808,0.023695169658569267,2.45153918573493,3.2907726341951937,2.466291336196136,2.4597348248800444,-49.703810379267885
2026-04-14T12:29:45.671,4.003922462697176,4.005265236214712,4.003946066137914,4.003935575719808,0.023695169658569267,2.45153918573493,3.2907726341951937,2.466291336196136,2.4597348248800444,-49.703810379267885
2026-04-14T12:29:45.780,4.003458261695997,4.00532555611882,4.004182100545293,4.003563165877054,0.028689129559293154,2.1614135599978823,3.3284725742627197,2.613812840808194,2.226978673158797,-49.641385880508835
2026-04-14T12:29:45.892,4.003458261695997,4.00532555611882,4.004182100545293,4.003563165877054,0.028689129559293154,2.1614135599978823,3.3284725742627197,2.613812840808194,2.226978673158797,-49.641385880508835
2026-04-14T12:29:46.002,4.003458261695997,4.00532555611882,4.004182100545293,4.003563165877054,0.028689129559293154,2.1614135599978823,3.3284725742627197,2.613812840808194,2.226978673158797,-49.641385880508835
2026-04-14T12:29:46.110,4.003468752114102,4.004871845535746,4.004321098585194,4.003489732950314,0.02776801033533112,2.167970071313974,3.0449034598412084,2.700686615746406,2.1810830939461567,-49.65289987080836
2026-04-14T12:29:46.220,4.003468752114102,4.004871845535746,4.004321098585194,4.003489732950314,0.02776801033533112,2.167970071313974,3.0449034598412084,2.700686615746406,2.1810830939461567,-49.65289987080836
2026-04-14T12:29:46.329,4.003468752114102,4.004871845535746,4.004321098585194,4.003489732950314,0.02776801033533112,2.167970071313974,3.0449034598412084,2.700686615746406,2.1810830939461567,-49.65289987080836
2026-04-14T12:29:46.437,4.003424167837153,4.005110502547652,4.003851652374962,4.003395319187362,0.027957213202955754,2.140104898220585,3.1940640922822894,2.4072827343513126,2.1220744921013335,-49.650534834963054
2026-04-14T12:29:46.548,4.003424167837153,4.005110502547652,4.003851652374962,4.003395319187362,0.027957213202955754,2.140104898220585,3.1940640922822894,2.4072827343513126,2.1220744921013335,-49.650534834963054
2026-04-14T12:29:46.655,4.003424167837153,4.005110502547652,4.003851652374962,4.003395319187362,0.027957213202955754,2.140104898220585,3.1940640922822894,2.4072827343513126,2.1220744921013335,-49.650534834963054
2026-04-14T12:29:46.765,4.003631353594741,4.005131483383864,4.003592014526845,4.003468752114102,0.028061772682432526,2.2695959967133916,3.2071771149150274,2.2450090792780486,2.167970071313974,-49.649227841469596
2026-04-14T12:29:46.874,4.003631353594741,4.005131483383864,4.003592014526845,4.003468752114102,0.028061772682432526,2.2695959967133916,3.2071771149150274,2.2450090792780486,2.167970071313974,-49.649227841469596
2026-04-14T12:29:46.984,4.003631353594741,4.005131483383864,4.003592014526845,4.003468752114102,0.028061772682432526,2.2695959967133916,3.2071771149150274,2.2450090792780486,2.167970071313974,-49.649227841469596
2026-04-14T12:29:47.095,4.003639221408321,4.005231142355868,4.003927707906229,4.004001140832969,0.02477561761316257,2.2745133802004602,3.2694639724173413,2.4548174413929758,2.500713020605616,-49.69030477983547
2026-04-14T12:29:47.203,4.003639221408321,4.005231142355868,4.003927707906229,4.004001140832969,0.02477561761316257,2.2745133802004602,3.2694639724173413,2.4548174413929758,2.500713020605616,-49.69030477983547
2026-04-14T12:29:47.313,4.003639221408321,4.005231142355868,4.003927707906229,4.004001140832969,0.02477561761316257,2.2745133802004602,3.2694639724173413,2.4548174413929758,2.500713020605616,-49.69030477983547
2026-04-14T12:29:47.422,4.003849029770436,4.004940033253433,4.003434658255259,4.00380182288896,0.026797100883046817,2.4056436065222897,3.087520783395803,2.1466614095366765,2.376139305599878,-49.66503623896191
2026-04-14T12:29:47.532,4.003849029770436,4.004940033253433,4.003434658255259,4.00380182288896,0.026797100883046817,2.4056436065222897,3.087520783395803,2.1466614095366765,2.376139305599878,-49.66503623896191
2026-04-14T12:29:47.640,4.003849029770436,4.004940033253433,4.003434658255259,4.00380182288896,0.026797100883046817,2.4056436065222897,3.087520783395803,2.1466614095366765,2.376139305599878,-49.66503623896191
2026-04-14T12:29:47.751,4.003413677419047,4.005026579202806,4.003888368838332,4.003770351634643,0.01913438474424915,2.1335483869044936,3.1416120017535576,2.4302305239576327,2.3564697716516037,-49.76082019069688
2026-04-14T12:29:47.859,4.003413677419047,4.005026579202806,4.003888368838332,4.003770351634643,0.01913438474424915,2.1335483869044936,3.1416120017535576,2.4302305239576327,2.3564697716516037,-49.76082019069688
2026-04-14T12:29:47.968,4.003413677419047,4.005026579202806,4.003888368838332,4.003770351634643,0.01913438474424915,2.1335483869044936,3.1416120017535576,2.4302305239576327,2.3564697716516037,-49.76082019069688
2026-04-14T12:29:48.076,4.00334548970136,4.004842996885955,4.003707409126008,4.003515958995578,0.031810976875099616,2.090931063349899,3.026873053721957,2.317130703755055,2.1974743722363854,-49.60236278906125
2026-04-14T12:29:48.185,4.00334548970136,4.004842996885955,4.003707409126008,4.003515958995578,0.031810976875099616,2.090931063349899,3.026873053721957,2.317130703755055,2.1974743722363854,-49.60236278906125
2026-04-14T12:29:48.310,4.00334548970136,4.004842996885955,4.003707409126008,4.003515958995578,0.031810976875099616,2.090931063349899,3.026873053721957,2.317130703755055,2.1974743722363854,-49.60236278906125
2026-04-14T12:29:48.418,4.004339456816879,4.0051813128698655,4.003833294143277,4.003620863176636,0.023291868809158865,2.712160510549566,3.238320543665907,2.3958088395481525,2.2630394853973,-49.708851639885516
2026-04-14T12:29:48.528,4.004339456816879,4.0051813128698655,4.003833294143277,4.003620863176636,0.023291868809158865,2.712160510549566,3.238320543665907,2.3958088395481525,2.2630394853973,-49.708851639885516
2026-04-14T12:29:48.637,4.004339456816879,4.0051813128698655,4.003833294143277,4.003620863176636,0.023291868809158865,2.712160510549566,3.238320543665907,2.3958088395481525,2.2630394853973,-49.708851639885516
2026-04-14T12:29:48.760,4.0037519934029575,4.005120992965757,4.003715276939587,4.004237175240348,0.027190443686792767,2.3449958768484436,3.200620603598381,2.3220480872421234,2.648234525217674,-49.660119453915094
2026-04-14T12:29:48.868,4.0037519934029575,4.005120992965757,4.003715276939587,4.004237175240348,0.027190443686792767,2.3449958768484436,3.200620603598381,2.3220480872421234,2.648234525217674,-49.660119453915094
2026-04-14T12:29:48.977,4.0037519934029575,4.005120992965757,4.003715276939587,4.004237175240348,0.027190443686792767,2.3449958768484436,3.200620603598381,2.3220480872421234,2.648234525217674,-49.660119453915094
2026-04-14T12:29:49.086,4.0034189226281,4.005100012129546,4.003332376678728,4.004024744273707,0.017660593985909898,2.1368266425625393,3.187507580966198,2.0827354242047846,2.515465171066822,-49.77924257517613
2026-04-14T12:29:49.211,4.0034189226281,4.005100012129546,4.003332376678728,4.004024744273707,0.017660593985909898,2.1368266425625393,3.187507580966198,2.0827354242047846,2.515465171066822,-49.77924257517613
2026-04-14T12:29:49.306,4.0034189226281,4.005100012129546,4.003332376678728,4.004024744273707,0.017660593985909898,2.1368266425625393,3.187507580966198,2.0827354242047846,2.515465171066822,-49.77924257517613
2026-04-14T12:29:49.413,4.00338220616473,4.005412102068192,4.0038778784202265,4.003589391922318,0.030003591587001138,2.113878852956219,3.3825637926199192,2.4236740126415413,2.2433699514490257,-49.624955105162485
2026-04-14T12:29:49.522,4.00338220616473,4.005412102068192,4.0038778784202265,4.003589391922318,0.030003591587001138,2.113878852956219,3.3825637926199192,2.4236740126415413,2.2433699514490257,-49.624955105162485
2026-04-14T12:29:49.630,4.00338220616473,4.005412102068192,4.0038778784202265,4.003589391922318,0.030003591587001138,2.113878852956219,3.3825637926199192,2.4236740126415413,2.2433699514490257,-49.624955105162485
2026-04-14T12:29:49.739,4.00311732310756,4.004974127112277,4.003437280859785,4.003479242532208,0.023899309594690585,1.9483269422249094,3.1088294451731002,2.1483005373656994,2.1745265826300653,-49.70125863006637
2026-04-14T12:29:49.847,4.00311732310756,4.004974127112277,4.003437280859785,4.003479242532208,0.023899309594690585,1.9483269422249094,3.1088294451731002,2.1483005373656994,2.1745265826300653,-49.70125863006637
2026-04-14T12:29:49.955,4.00311732310756,4.004974127112277,4.003437280859785,4.003479242532208,0.023899309594690585,1.9483269422249094,3.1088294451731002,2.1483005373656994,2.1745265826300653,-49.70125863006637
2026-04-14T12:29:50.064,4.003662824849059,4.005320310909767,4.0036680700581115,4.003678560476217,0.026035310389716057,2.289265530661666,3.325194318604119,2.292543786319712,2.2991002976358033,-49.67455862012855
2026-04-14T12:29:50.173,4.003662824849059,4.005320310909767,4.0036680700581115,4.003678560476217,0.026035310389716057,2.289265530661666,3.325194318604119,2.292543786319712,2.2991002976358033,-49.67455862012855
2026-04-14T12:29:50.281,4.003662824849059,4.005320310909767,4.0036680700581115,4.003678560476217,0.026035310389716057,2.289265530661666,3.325194318604119,2.292543786319712,2.2991002976358033,-49.67455862012855
2026-04-14T12:29:50.391,4.0034818651367345,4.005357027373137,4.0041060450140264,4.003738880380325,0.03001852865549782,2.176165710459088,3.348142108210439,2.566278133766531,2.3368002377033292,-49.62476839180628
2026-04-14T12:29:50.501,4.0034818651367345,4.005357027373137,4.0041060450140264,4.003738880380325,0.03001852865549782,2.176165710459088,3.348142108210439,2.566278133766531,2.3368002377033292,-49.62476839180628
2026-04-14T12:29:50.610,4.0034818651367345,4.005357027373137,4.0041060450140264,4.003738880380325,0.03001852865549782,2.176165710459088,3.348142108210439,2.566278133766531,2.3368002377033292,-49.62476839180628
2026-04-14T12:29:50.719,4.0030910970622955,4.0049111846036425,4.003416300023574,4.004360437653091,0.034370194610864394,1.9319356639346807,3.0694903772765514,2.1351875147335164,2.725273533181749,-49.570372567364196
2026-04-14T12:29:50.829,4.0030910970622955,4.0049111846036425,4.003416300023574,4.004360437653091,0.034370194610864394,1.9319356639346807,3.0694903772765514,2.1351875147335164,2.725273533181749,-49.570372567364196
2026-04-14T12:29:50.938,4.0030910970622955,4.0049111846036425,4.003416300023574,4.004360437653091,0.034370194610864394,1.9319356639346807,3.0694903772765514,2.1351875147335164,2.725273533181749,-49.570372567364196
2026-04-14T12:29:51.046,4.003140926548298,4.005396366441033,4.003479242532208,4.004187345754346,0.022634637795304877,1.9630790926861152,3.372729025645782,2.1745265826300653,2.6170910964662397,-49.717067027558684
2026-04-14T12:29:51.156,4.003140926548298,4.005396366441033,4.003479242532208,4.004187345754346,0.022634637795304877,1.9630790926861152,3.372729025645782,2.1745265826300653,2.6170910964662397,-49.717067027558684
2026-04-14T12:29:51.264,4.003140926548298,4.005396366441033,4.003479242532208,4.004187345754346,0.022634637795304877,1.9630790926861152,3.372729025645782,2.1745265826300653,2.6170910964662397,-49.717067027558684
2026-04-14T12:29:51.373,4.003689050894323,4.005299330073555,4.003316641051569,4.003636598803794,0.027723199129841076,2.3056568089518947,3.312081295971936,2.0729006572306474,2.2728742523714374,-49.65346001087699
2026-04-14T12:29:51.482,4.003689050894323,4.005299330073555,4.003316641051569,4.003636598803794,0.027723199129841076,2.3056568089518947,3.312081295971936,2.0729006572306474,2.2728742523714374,-49.65346001087699
2026-04-14T12:29:51.592,4.003689050894323,4.005299330073555,4.003316641051569,4.003636598803794,0.027723199129841076,2.3056568089518947,3.312081295971936,2.0729006572306474,2.2728742523714374,-49.65346001087699
2026-04-14T12:29:51.700,4.00398540520581,4.005336046536925,4.004043102505392,4.003898859256438,0.0313130745918769,2.490878253631479,3.335029085578256,2.526939065869982,2.436787035273724,-49.608586567601535
2026-04-14T12:29:51.810,4.00398540520581,4.005336046536925,4.004043102505392,4.003898859256438,0.0313130745918769,2.490878253631479,3.335029085578256,2.526939065869982,2.436787035273724,-49.608586567601535
2026-04-14T12:29:51.919,4.00398540520581,4.005336046536925,4.004043102505392,4.003898859256438,0.0313130745918769,2.490878253631479,3.335029085578256,2.526939065869982,2.436787035273724,-49.608586567601535
2026-04-14T12:29:52.029,4.003589391922318,4.005144596406495,4.0033612253285185,4.0039985182284425,0.01890037067113447,2.2433699514490257,3.2153727540595867,2.100765830324036,2.499073892776593,-49.76374536661082
2026-04-14T12:29:52.138,4.003589391922318,4.005144596406495,4.0033612253285185,4.0039985182284425,0.01890037067113447,2.2433699514490257,3.2153727540595867,2.100765830324036,2.499073892776593,-49.76374536661082
2026-04-14T12:29:52.247,4.003589391922318,4.005144596406495,4.0033612253285185,4.0039985182284425,0.01890037067113447,2.2433699514490257,3.2153727540595867,2.100765830324036,2.499073892776593,-49.76374536661082
2026-04-14T12:29:52.359,4.003715276939587,4.005191803287971,4.0043315890033,4.003927707906229,0.029560458554932913,2.3220480872421234,3.2448770549819983,2.7072431270624975,2.4548174413929758,-49.630494268063345
2026-04-14T12:29:52.476,4.003715276939587,4.005191803287971,4.0043315890033,4.003927707906229,0.029560458554932913,2.3220480872421234,3.2448770549819983,2.7072431270624975,2.4548174413929758,-49.630494268063345
2026-04-14T12:29:52.576,4.003715276939587,4.005191803287971,4.0043315890033,4.003927707906229,0.029560458554932913,2.3220480872421234,3.2448770549819983,2.7072431270624975,2.4548174413929758,-49.630494268063345
2026-04-14T12:29:52.693,4.003487110345787,4.005249500587553,4.004171610127187,4.003922462697176,0.023814666206542722,2.179443966117134,3.2809378672205014,2.6072563294921025,2.45153918573493,-49.70231667241822
2026-04-14T12:29:52.806,4.003487110345787,4.005249500587553,4.004171610127187,4.003922462697176,0.023814666206542722,2.179443966117134,3.2809378672205014,2.6072563294921025,2.45153918573493,-49.70231667241822
2026-04-14T12:29:52.910,4.003487110345787,4.005249500587553,4.004171610127187,4.003922462697176,0.023814666206542722,2.179443966117134,3.2809378672205014,2.6072563294921025,2.45153918573493,-49.70231667241822
2026-04-14T12:29:53.025,4.003148794361877,4.005330801327872,4.0039801599967575,4.004127025850238,0.018785853145993243,1.9679964761731839,3.3317508299202103,2.487599997973433,2.5793911563987137,-49.765176835675085
2026-04-14T12:29:53.134,4.003148794361877,4.005330801327872,4.0039801599967575,4.004127025850238,0.018785853145993243,1.9679964761731839,3.3317508299202103,2.487599997973433,2.5793911563987137,-49.765176835675085
2026-04-14T12:29:53.236,4.003148794361877,4.005330801327872,4.0039801599967575,4.004127025850238,0.018785853145993243,1.9679964761731839,3.3317508299202103,2.487599997973433,2.5793911563987137,-49.765176835675085
2026-04-14T12:29:53.342,4.003670692662638,4.005194425892498,4.004111290223079,4.00421357179961,0.024536624517215666,2.2941829141487347,3.246516182811021,2.5695563894245765,2.6334823747564684,-49.6932921935348
2026-04-14T12:29:53.450,4.003670692662638,4.005194425892498,4.004111290223079,4.00421357179961,0.024536624517215666,2.2941829141487347,3.246516182811021,2.5695563894245765,2.6334823747564684,-49.6932921935348
2026-04-14T12:29:53.571,4.003670692662638,4.005194425892498,4.004111290223079,4.00421357179961,0.024536624517215666,2.2941829141487347,3.246516182811021,2.5695563894245765,2.6334823747564684,-49.6932921935348
2026-04-14T12:29:53.676,4.003515958995578,4.005433082904403,4.004116535432132,4.003988027810337,0.02583117045359474,2.1974743722363854,3.395676815252102,2.5728346450826223,2.4925173814605017,-49.677110369330066
2026-04-14T12:29:53.792,4.003515958995578,4.005433082904403,4.004116535432132,4.003988027810337,0.02583117045359474,2.1974743722363854,3.395676815252102,2.5728346450826223,2.4925173814605017,-49.677110369330066
2026-04-14T12:29:53.893,4.003515958995578,4.005433082904403,4.004116535432132,4.003988027810337,0.02583117045359474,2.1974743722363854,3.395676815252102,2.5728346450826223,2.4925173814605017,-49.677110369330066
2026-04-14T12:29:54.009,4.0032956602153575,4.005288839655449,4.004053592923498,4.003951311346967,0.023257015649333274,2.0597876345984645,3.3055247846558444,2.5334955771860734,2.4695695918541816,-49.70928730438333
2026-04-14T12:29:54.109,4.0032956602153575,4.005288839655449,4.004053592923498,4.003951311346967,0.023257015649333274,2.0597876345984645,3.3055247846558444,2.5334955771860734,2.4695695918541816,-49.70928730438333
2026-04-14T12:29:54.227,4.0032956602153575,4.005288839655449,4.004053592923498,4.003951311346967,0.023257015649333274,2.0597876345984645,3.3055247846558444,2.5334955771860734,2.4695695918541816,-49.70928730438333
2026-04-14T12:29:54.337,4.00398540520581,4.005231142355868,4.0037519934029575,4.003620863176636,0.026443590261958687,2.490878253631479,3.2694639724173413,2.3449958768484436,2.2630394853973,-49.66945512172551
2026-04-14T12:29:54.446,4.00398540520581,4.005231142355868,4.0037519934029575,4.003620863176636,0.026443590261958687,2.490878253631479,3.2694639724173413,2.3449958768484436,2.2630394853973,-49.66945512172551
2026-04-14T12:29:54.556,4.00398540520581,4.005231142355868,4.0037519934029575,4.003620863176636,0.026443590261958687,2.490878253631479,3.2694639724173413,2.3449958768484436,2.2630394853973,-49.66945512172551
2026-04-14T12:29:54.664,4.003531694622737,4.005645513871045,4.004095554595921,4.004688263218895,0.030640906509526222,2.2073091392105226,3.5284461694029545,2.5597216224504393,2.9301645118096076,-49.616988668630924
2026-04-14T12:29:54.772,4.003531694622737,4.005645513871045,4.004095554595921,4.004688263218895,0.030640906509526222,2.2073091392105226,3.5284461694029545,2.5597216224504393,2.9301645118096076,-49.616988668630924
2026-04-14T12:29:54.881,4.003531694622737,4.005645513871045,4.004095554595921,4.004688263218895,0.030640906509526222,2.2073091392105226,3.5284461694029545,2.5597216224504393,2.9301645118096076,-49.616988668630924
2026-04-14T12:29:54.989,4.003830671538751,4.004992485343962,4.004132271059291,4.003681183080744,0.030048402792491182,2.3941697117191296,3.1203033399762603,2.5826694120567595,2.300739425464826,-49.62439496509386
2026-04-14T12:29:55.098,4.003830671538751,4.004992485343962,4.004132271059291,4.003681183080744,0.030048402792491182,2.3941697117191296,3.1203033399762603,2.5826694120567595,2.300739425464826,-49.62439496509386
2026-04-14T12:29:55.207,4.003830671538751,4.004992485343962,4.004132271059291,4.003681183080744,0.030048402792491182,2.3941697117191296,3.1203033399762603,2.5826694120567595,2.300739425464826,-49.62439496509386
2026-04-14T12:29:55.317,4.003447771277891,4.005018711389226,4.003526449413684,4.003922462697176,0.02239066567652574,2.154857048681791,3.136694618266489,2.204030883552477,2.45153918573493,-49.72011667904343
2026-04-14T12:29:55.426,4.003447771277891,4.005018711389226,4.003526449413684,4.003922462697176,0.02239066567652574,2.154857048681791,3.136694618266489,2.204030883552477,2.45153918573493,-49.72011667904343
2026-04-14T12:29:55.534,4.003447771277891,4.005018711389226,4.003526449413684,4.003922462697176,0.02239066567652574,2.154857048681791,3.136694618266489,2.204030883552477,2.45153918573493,-49.72011667904343
2026-04-14T12:29:55.643,4.003447771277891,4.004992485343962,4.003988027810337,4.0041060450140264,0.020548427228601677,2.154857048681791,3.1203033399762603,2.4925173814605017,2.566278133766531,-49.74314465964248
2026-04-14T12:29:55.752,4.003447771277891,4.004992485343962,4.003988027810337,4.0041060450140264,0.020548427228601677,2.154857048681791,3.1203033399762603,2.4925173814605017,2.566278133766531,-49.74314465964248
2026-04-14T12:29:55.860,4.003447771277891,4.004992485343962,4.003988027810337,4.0041060450140264,0.020548427228601677,2.154857048681791,3.1203033399762603,2.4925173814605017,2.566278133766531,-49.74314465964248
2026-04-14T12:29:55.969,4.003563165877054,4.004984617530383,4.003694296103376,4.003833294143277,0.02888829047258224,2.226978673158797,3.1153859564891917,2.3089350646099405,2.3958088395481525,-49.63889636909272
2026-04-14T12:29:56.078,4.003563165877054,4.004984617530383,4.003694296103376,4.003833294143277,0.02888829047258224,2.226978673158797,3.1153859564891917,2.3089350646099405,2.3958088395481525,-49.63889636909272
2026-04-14T12:29:56.187,4.003563165877054,4.004984617530383,4.003694296103376,4.003833294143277,0.02888829047258224,2.226978673158797,3.1153859564891917,2.3089350646099405,2.3958088395481525,-49.63889636909272
2026-04-14T12:29:56.296,4.003972292183178,4.005380630813875,4.003901481860964,4.004011631251075,0.04328762450338332,2.4826826144863645,3.362894258671645,2.438426163102747,2.5072695319217075,-49.45890469370771
2026-04-14T12:29:56.405,4.003972292183178,4.005380630813875,4.003901481860964,4.004011631251075,0.04328762450338332,2.4826826144863645,3.362894258671645,2.438426163102747,2.5072695319217075,-49.45890469370771
2026-04-14T12:29:56.514,4.003972292183178,4.005380630813875,4.003901481860964,4.004011631251075,0.04328762450338332,2.4826826144863645,3.362894258671645,2.438426163102747,2.5072695319217075,-49.45890469370771
2026-04-14T12:29:56.623,4.00380182288896,4.005029201807332,4.004289627330877,4.003429413046206,0.045991233901282694,2.376139305599878,3.1432511295825805,2.6810170817981316,2.1433831538786308,-49.425109576233965
2026-04-14T12:29:56.731,4.00380182288896,4.005029201807332,4.004289627330877,4.003429413046206,0.045991233901282694,2.376139305599878,3.1432511295825805,2.6810170817981316,2.1433831538786308,-49.425109576233965
2026-04-14T12:29:56.856,4.00380182288896,4.005029201807332,4.004289627330877,4.003429413046206,0.045991233901282694,2.376139305599878,3.1432511295825805,2.6810170817981316,2.1433831538786308,-49.425109576233965
2026-04-14T12:29:56.964,4.0034189226281,4.0052442553785,4.004019499064654,4.003584146713266,0.04205282684099097,2.1368266425625393,3.2776596115624557,2.512186915408776,2.24009169579098,-49.474339664487616
2026-04-14T12:29:57.073,4.0034189226281,4.0052442553785,4.004019499064654,4.003584146713266,0.04205282684099097,2.1368266425625393,3.2776596115624557,2.512186915408776,2.24009169579098,-49.474339664487616
2026-04-14T12:29:57.169,4.0034189226281,4.0052442553785,4.004019499064654,4.003584146713266,0.04205282684099097,2.1368266425625393,3.2776596115624557,2.512186915408776,2.24009169579098,-49.474339664487616
2026-04-14T12:29:57.292,4.003355980119466,4.005419969881771,4.004502058297518,4.004197836172452,0.04592152758163151,2.0974875746659905,3.387481176106988,2.813786435948984,2.623647607782331,-49.42598090522961
2026-04-14T12:29:57.387,4.003355980119466,4.005419969881771,4.004502058297518,4.004197836172452,0.04592152758163151,2.0974875746659905,3.387481176106988,2.813786435948984,2.623647607782331,-49.42598090522961
2026-04-14T12:29:57.510,4.003355980119466,4.005419969881771,4.004502058297518,4.004197836172452,0.04592152758163151,2.0974875746659905,3.387481176106988,2.813786435948984,2.623647607782331,-49.42598090522961
2026-04-14T12:29:57.619,4.003906727070017,4.004926920230801,4.0045597555971,4.00375723861201,0.035619929341753426,2.441704418760793,3.0793251442506886,2.849847248187487,2.3482741325064893,-49.55475088322808
2026-04-14T12:29:57.728,4.003906727070017,4.004926920230801,4.0045597555971,4.00375723861201,0.035619929341753426,2.441704418760793,3.0793251442506886,2.849847248187487,2.3482741325064893,-49.55475088322808
2026-04-14T12:29:57.839,4.003906727070017,4.004926920230801,4.0045597555971,4.00375723861201,0.035619929341753426,2.441704418760793,3.0793251442506886,2.849847248187487,2.3482741325064893,-49.55475088322808
2026-04-14T12:29:57.947,4.003628730990215,4.005291462259976,4.00383853935233,4.003940820928861,0.04854547261421525,2.2679568688843688,3.3071639124848673,2.3990870952061982,2.46301308053809,-49.39318159232231
2026-04-14T12:29:58.055,4.003628730990215,4.005291462259976,4.00383853935233,4.003940820928861,0.04854547261421525,2.2679568688843688,3.3071639124848673,2.3990870952061982,2.46301308053809,-49.39318159232231
2026-04-14T12:29:58.164,4.003628730990215,4.005291462259976,4.00383853935233,4.003940820928861,0.04854547261421525,2.2679568688843688,3.3071639124848673,2.3990870952061982,2.46301308053809,-49.39318159232231
2026-04-14T12:29:58.274,4.00395655655602,4.005406856859139,4.0039381983243345,4.003731012566746,0.049436717701183915,2.4728478475122273,3.3792855369618735,2.4613739527090672,2.3318828542162606,-49.3820410287352
2026-04-14T12:29:58.384,4.00395655655602,4.005406856859139,4.0039381983243345,4.003731012566746,0.049436717701183915,2.4728478475122273,3.3792855369618735,2.4613739527090672,2.3318828542162606,-49.3820410287352
2026-04-14T12:29:58.494,4.00395655655602,4.005406856859139,4.0039381983243345,4.003731012566746,0.049436717701183915,2.4728478475122273,3.3792855369618735,2.4613739527090672,2.3318828542162606,-49.3820410287352
2026-04-14T12:29:58.604,4.003460884300523,4.0052416327739735,4.004255533472033,4.003846407165909,0.052239907555727834,2.163052687826905,3.276020483733433,2.6597084200208343,2.404004478693267,-49.3470011555534
2026-04-14T12:29:58.713,4.003460884300523,4.0052416327739735,4.004255533472033,4.003846407165909,0.052239907555727834,2.163052687826905,3.276020483733433,2.6597084200208343,2.404004478693267,-49.3470011555534
2026-04-14T12:29:58.823,4.003460884300523,4.0052416327739735,4.004255533472033,4.003846407165909,0.052239907555727834,2.163052687826905,3.276020483733433,2.6597084200208343,2.404004478693267,-49.3470011555534
2026-04-14T12:29:58.931,4.00467777280079,4.005322933514293,4.003972292183178,4.004061460737077,0.046026087061108285,2.923608000493516,3.3268334464331417,2.4826826144863645,2.538412960673142,-49.42467391173614
2026-04-14T12:29:59.040,4.00467777280079,4.005322933514293,4.003972292183178,4.004061460737077,0.046026087061108285,2.923608000493516,3.3268334464331417,2.4826826144863645,2.538412960673142,-49.42467391173614
2026-04-14T12:29:59.148,4.00467777280079,4.005322933514293,4.003972292183178,4.004061460737077,0.046026087061108285,2.923608000493516,3.3268334464331417,2.4826826144863645,2.538412960673142,-49.42467391173614
2026-04-14T12:29:59.257,4.003872633211174,4.005364895186716,4.003754616007484,4.003628730990215,0.05296186586640078,2.4203957569834955,3.3530594916975076,2.3466350046774664,2.2679568688843688,-49.337976676669996
2026-04-14T12:29:59.368,4.003872633211174,4.005364895186716,4.003754616007484,4.003628730990215,0.05296186586640078,2.4203957569834955,3.3530594916975076,2.3466350046774664,2.2679568688843688,-49.337976676669996
2026-04-14T12:29:59.478,4.003872633211174,4.005364895186716,4.003754616007484,4.003628730990215,0.05296186586640078,2.4203957569834955,3.3530594916975076,2.3466350046774664,2.2679568688843688,-49.337976676669996
2026-04-14T12:29:59.586,4.003589391922318,4.005113125152178,4.003641844012847,4.004515171320151,0.05262827133664155,2.2433699514490257,3.1957032201113122,2.276152508029483,2.8219820750940983,-49.34214660829198
2026-04-14T12:29:59.694,4.003589391922318,4.005113125152178,4.003641844012847,4.004515171320151,0.05262827133664155,2.2433699514490257,3.1957032201113122,2.276152508029483,2.8219820750940983,-49.34214660829198
2026-04-14T12:29:59.805,4.003589391922318,4.005113125152178,4.003641844012847,4.004515171320151,0.05262827133664155,2.2433699514490257,3.1957032201113122,2.276152508029483,2.8219820750940983,-49.34214660829198
2026-04-14T12:29:59.913,4.003736257775799,4.005336046536925,4.00375723861201,4.003828048934224,0.05738323814141853,2.3351611098743064,3.335029085578256,2.3482741325064893,2.3925305838901068,-49.28270952323227
2026-04-14T12:30:00.020,4.003736257775799,4.005336046536925,4.00375723861201,4.003828048934224,0.05738323814141853,2.3351611098743064,3.335029085578256,2.3482741325064893,2.3925305838901068,-49.28270952323227
2026-04-14T12:30:00.129,4.003736257775799,4.005336046536925,4.00375723861201,4.003828048934224,0.05738323814141853,2.3351611098743064,3.335029085578256,2.3482741325064893,2.3925305838901068,-49.28270952323227
2026-04-14T12:30:00.237,4.003922462697176,4.005228519751341,4.003904104465491,4.004609585083103,0.04292913485946296,2.45153918573493,3.2678248445883185,2.44006529093177,2.8809906769394766,-49.46338581425671
2026-04-14T12:30:00.346,4.003922462697176,4.005228519751341,4.003904104465491,4.004609585083103,0.04292913485946296,2.45153918573493,3.2678248445883185,2.44006529093177,2.8809906769394766,-49.46338581425671
2026-04-14T12:30:00.454,4.003922462697176,4.005228519751341,4.003904104465491,4.004609585083103,0.04292913485946296,2.45153918573493,3.2678248445883185,2.44006529093177,2.8809906769394766,-49.46338581425671
2026-04-14T12:30:00.563,4.003563165877054,4.005204916310604,4.004009008646548,4.004355192444039,0.03533114601748425,2.226978673158797,3.2530726941276678,2.5056304040926847,2.7219952775242584,-49.55836067478145
2026-04-14T12:30:00.672,4.003563165877054,4.005204916310604,4.004009008646548,4.004355192444039,0.03533114601748425,2.226978673158797,3.2530726941276678,2.5056304040926847,2.7219952775242584,-49.55836067478145
2026-04-14T12:30:00.781,4.003563165877054,4.005204916310604,4.004009008646548,4.004355192444039,0.03533114601748425,2.226978673158797,3.2530726941276678,2.5056304040926847,2.7219952775242584,-49.55836067478145
2026-04-14T12:30:00.890,4.00429487253993,4.0055720809443045,4.003898859256438,4.004087686782342,0.040071175753764544,2.6842953374561773,3.482550590190314,2.436787035273724,2.554804238963926,-49.49911030307794
2026-04-14T12:30:00.999,4.00429487253993,4.0055720809443045,4.003898859256438,4.004087686782342,0.040071175753764544,2.6842953374561773,3.482550590190314,2.436787035273724,2.554804238963926,-49.49911030307794
2026-04-14T12:30:01.107,4.00429487253993,4.0055720809443045,4.003898859256438,4.004087686782342,0.040071175753764544,2.6842953374561773,3.482550590190314,2.436787035273724,2.554804238963926,-49.49911030307794
2026-04-14T12:30:01.231,4.0034189226281,4.005178690265339,4.0040221216691805,4.004119158036659,0.03204996997104652,2.1368266425625393,3.236681415836884,2.513826043237799,2.574473772911645,-49.59937537536192
2026-04-14T12:30:01.325,4.0034189226281,4.005178690265339,4.0040221216691805,4.004119158036659,0.03204996997104652,2.1368266425625393,3.236681415836884,2.513826043237799,2.574473772911645,-49.59937537536192
2026-04-14T12:30:01.435,4.0034189226281,4.005178690265339,4.0040221216691805,4.004119158036659,0.03204996997104652,2.1368266425625393,3.236681415836884,2.513826043237799,2.574473772911645,-49.59937537536192
2026-04-14T12:30:01.544,4.003560543272528,4.005144596406495,4.003990650414863,4.004011631251075,0.041141665662693394,2.225339545329774,3.2153727540595867,2.4941565092895246,2.5072695319217075,-49.48572917921633
2026-04-14T12:30:01.653,4.003560543272528,4.005144596406495,4.003990650414863,4.004011631251075,0.041141665662693394,2.225339545329774,3.2153727540595867,2.4941565092895246,2.5072695319217075,-49.48572917921633
2026-04-14T12:30:01.777,4.003560543272528,4.005144596406495,4.003990650414863,4.004011631251075,0.041141665662693394,2.225339545329774,3.2153727540595867,2.4941565092895246,2.5072695319217075,-49.48572917921633
2026-04-14T12:30:01.888,4.003922462697176,4.005372763000295,4.0036077501540035,4.004155874500029,0.046319849408209685,2.45153918573493,3.357976875184576,2.254843846252186,2.5974215625179653,-49.421001882397384
2026-04-14T12:30:01.995,4.003922462697176,4.005372763000295,4.0036077501540035,4.004155874500029,0.046319849408209685,2.45153918573493,3.357976875184576,2.254843846252186,2.5974215625179653,-49.421001882397384
2026-04-14T12:30:02.105,4.003922462697176,4.005372763000295,4.0036077501540035,4.004155874500029,0.046319849408209685,2.45153918573493,3.357976875184576,2.254843846252186,2.5974215625179653,-49.421001882397384
2026-04-14T12:30:02.214,4.003487110345787,4.005797624933578,4.004357815048564,4.004168987522661,0.04245612769040138,2.179443966117134,3.623515583486281,2.723634405352726,2.6056172016630796,-49.469298403869985
2026-04-14T12:30:02.324,4.003487110345787,4.005797624933578,4.004357815048564,4.004168987522661,0.04245612769040138,2.179443966117134,3.623515583486281,2.723634405352726,2.6056172016630796,-49.469298403869985
2026-04-14T12:30:02.432,4.003487110345787,4.005797624933578,4.004357815048564,4.004168987522661,0.04245612769040138,2.179443966117134,3.623515583486281,2.723634405352726,2.6056172016630796,-49.469298403869985
2026-04-14T12:30:02.543,4.003589391922318,4.005086899106914,4.003599882340424,4.003825426329698,0.052414173354855785,2.2433699514490257,3.1793119418210836,2.249926462765117,2.390891456061084,-49.3448228330643
2026-04-14T12:30:02.651,4.003589391922318,4.005086899106914,4.003599882340424,4.003825426329698,0.052414173354855785,2.2433699514490257,3.1793119418210836,2.249926462765117,2.390891456061084,-49.3448228330643
2026-04-14T12:30:02.761,4.003589391922318,4.005086899106914,4.003599882340424,4.003825426329698,0.052414173354855785,2.2433699514490257,3.1793119418210836,2.249926462765117,2.390891456061084,-49.3448228330643
2026-04-14T12:30:02.870,4.003494978159367,4.005144596406495,4.004058838132551,4.0033612253285185,0.05033294181098482,2.1843613496042025,3.2153727540595867,2.536773832844119,2.100765830324036,-49.37083822736269
2026-04-14T12:30:02.977,4.003494978159367,4.005144596406495,4.004058838132551,4.0033612253285185,0.05033294181098482,2.1843613496042025,3.2153727540595867,2.536773832844119,2.100765830324036,-49.37083822736269
2026-04-14T12:30:03.087,4.003494978159367,4.005144596406495,4.004058838132551,4.0033612253285185,0.05033294181098482,2.1843613496042025,3.2153727540595867,2.536773832844119,2.100765830324036,-49.37083822736269
2026-04-14T12:30:03.195,4.003384828769256,4.005068540875229,4.0042922499354034,4.003429413046206,0.04483112158137375,2.115517980785242,3.1678380470179235,2.6826562096271545,2.1433831538786308,-49.43961098023283
2026-04-14T12:30:03.305,4.003384828769256,4.005068540875229,4.0042922499354034,4.003429413046206,0.04483112158137375,2.115517980785242,3.1678380470179235,2.6826562096271545,2.1433831538786308,-49.43961098023283
2026-04-14T12:30:03.416,4.003384828769256,4.005068540875229,4.0042922499354034,4.003429413046206,0.04483112158137375,2.115517980785242,3.1678380470179235,2.6826562096271545,2.1433831538786308,-49.43961098023283
2026-04-14T12:30:03.525,4.004077196364236,4.005215406728709,4.004336834212353,4.004150629290976,0.05545635630534661,2.5482477276472792,3.259629205443204,2.710521382720543,2.5941433068599196,-49.30679554618317
2026-04-14T12:30:03.634,4.004077196364236,4.005215406728709,4.004336834212353,4.004150629290976,0.05545635630534661,2.5482477276472792,3.259629205443204,2.710521382720543,2.5941433068599196,-49.30679554618317
2026-04-14T12:30:03.743,4.004077196364236,4.005215406728709,4.004336834212353,4.004150629290976,0.05545635630534661,2.5482477276472792,3.259629205443204,2.710521382720543,2.5941433068599196,-49.30679554618317
2026-04-14T12:30:03.853,4.00361037275853,4.005044937434491,4.004334211607826,4.003670692662638,0.054007460661168495,2.2564829740812087,3.1530858965567177,2.7088822548915203,2.2941829141487347,-49.32490674173539
2026-04-14T12:30:03.962,4.00361037275853,4.005044937434491,4.004334211607826,4.003670692662638,0.054007460661168495,2.2564829740812087,3.1530858965567177,2.7088822548915203,2.2941829141487347,-49.32490674173539
2026-04-14T12:30:04.070,4.00361037275853,4.005044937434491,4.004334211607826,4.003670692662638,0.054007460661168495,2.2564829740812087,3.1530858965567177,2.7088822548915203,2.2941829141487347,-49.32490674173539
2026-04-14T12:30:04.180,4.003759861216538,4.0051157477567045,4.004384041093829,4.003146171757351,0.05560074796748119,2.3499132603360673,3.197342347940335,2.740025683642955,1.966357348344161,-49.30499065040648
2026-04-14T12:30:04.287,4.003759861216538,4.0051157477567045,4.004384041093829,4.003146171757351,0.05560074796748119,2.3499132603360673,3.197342347940335,2.740025683642955,1.966357348344161,-49.30499065040648
2026-04-14T12:30:04.397,4.003759861216538,4.0051157477567045,4.004384041093829,4.003146171757351,0.05560074796748119,2.3499132603360673,3.197342347940335,2.740025683642955,1.966357348344161,-49.30499065040648
2026-04-14T12:30:04.504,4.00352907201821,4.005430460299877,4.004153251895502,4.003597259735898,0.04582692614781919,2.2056700113814998,3.3940376874230793,2.5957824346889424,2.2482873349360943,-49.42716342315226
2026-04-14T12:30:04.615,4.00352907201821,4.005430460299877,4.004153251895502,4.003597259735898,0.04582692614781919,2.2056700113814998,3.3940376874230793,2.5957824346889424,2.2482873349360943,-49.42716342315226
2026-04-14T12:30:04.725,4.00352907201821,4.005430460299877,4.004153251895502,4.003597259735898,0.04582692614781919,2.2056700113814998,3.3940376874230793,2.5957824346889424,2.2482873349360943,-49.42716342315226
2026-04-14T12:30:04.834,4.003696918707902,4.005517006249249,4.003738880380325,4.00345563909147,0.04321791818373214,2.3105741924389633,3.448128905780834,2.3368002377033292,2.1597744321688594,-49.45977602270335
2026-04-14T12:30:04.943,4.003696918707902,4.005517006249249,4.003738880380325,4.00345563909147,0.04321791818373214,2.3105741924389633,3.448128905780834,2.3368002377033292,2.1597744321688594,-49.45977602270335
2026-04-14T12:30:05.053,4.003696918707902,4.005517006249249,4.003738880380325,4.00345563909147,0.04321791818373214,2.3105741924389633,3.448128905780834,2.3368002377033292,2.1597744321688594,-49.45977602270335
2026-04-14T12:30:05.160,4.003521204204631,4.005320310909767,4.004423380161725,4.004006386042022,0.04978027027660759,2.200752627894431,3.325194318604119,2.764612601078298,2.503991276263662,-49.37774662154241
2026-04-14T12:30:05.268,4.003521204204631,4.005320310909767,4.004423380161725,4.004006386042022,0.04978027027660759,2.200752627894431,3.325194318604119,2.764612601078298,2.503991276263662,-49.37774662154241
2026-04-14T12:30:05.377,4.003521204204631,4.005320310909767,4.004423380161725,4.004006386042022,0.04978027027660759,2.200752627894431,3.325194318604119,2.764612601078298,2.503991276263662,-49.37774662154241
2026-04-14T12:30:05.487,4.003786087261801,4.005273104028291,4.003830671538751,4.0040404799008655,0.04814715078763707,2.366304538625741,3.295690017681707,2.3941697117191296,2.525299938040959,-49.39816061515454
2026-04-14T12:30:05.596,4.003786087261801,4.005273104028291,4.003830671538751,4.0040404799008655,0.04814715078763707,2.366304538625741,3.295690017681707,2.3941697117191296,2.525299938040959,-49.39816061515454
2026-04-14T12:30:05.707,4.003786087261801,4.005273104028291,4.003830671538751,4.0040404799008655,0.04814715078763707,2.366304538625741,3.295690017681707,2.3941697117191296,2.525299938040959,-49.39816061515454
2026-04-14T12:30:05.815,4.0034215452326265,4.005519628853776,4.004035234691813,4.0038962366519115,0.040628826310973996,2.138465770391562,3.449768033609857,2.5220216823829134,2.4351479074447013,-49.492139671112824
2026-04-14T12:30:05.925,4.0034215452326265,4.005519628853776,4.004035234691813,4.0038962366519115,0.040628826310973996,2.138465770391562,3.449768033609857,2.5220216823829134,2.4351479074447013,-49.492139671112824
2026-04-14T12:30:06.033,4.0034215452326265,4.005519628853776,4.004035234691813,4.0038962366519115,0.040628826310973996,2.138465770391562,3.449768033609857,2.5220216823829134,2.4351479074447013,-49.492139671112824
2026-04-14T12:30:06.141,4.003240585520302,4.005102634734072,4.004384041093829,4.003584146713266,0.04410418424786858,2.0253659501889842,3.1891467087952208,2.740025683642955,2.24009169579098,-49.44869769690165
2026-04-14T12:30:06.251,4.003240585520302,4.005102634734072,4.004384041093829,4.003584146713266,0.04410418424786858,2.0253659501889842,3.1891467087952208,2.740025683642955,2.24009169579098,-49.44869769690165
2026-04-14T12:30:06.362,4.003240585520302,4.005102634734072,4.004384041093829,4.003584146713266,0.04410418424786858,2.0253659501889842,3.1891467087952208,2.740025683642955,2.24009169579098,-49.44869769690165
2026-04-14T12:30:06.470,4.003746748193905,4.0048770907448,4.004342079421406,4.003880501024753,0.0446020865310913,2.341717621190398,3.048181715499809,2.713799638378589,2.425313140470564,-49.44247391836136
2026-04-14T12:30:06.580,4.003746748193905,4.0048770907448,4.004342079421406,4.003880501024753,0.0446020865310913,2.341717621190398,3.048181715499809,2.713799638378589,2.425313140470564,-49.44247391836136
2026-04-14T12:30:06.688,4.003746748193905,4.0048770907448,4.004342079421406,4.003880501024753,0.0446020865310913,2.341717621190398,3.048181715499809,2.713799638378589,2.425313140470564,-49.44247391836136
2026-04-14T12:30:06.796,4.004079818968762,4.0055720809443045,4.004150629290976,4.003597259735898,0.051532886313551574,2.549886855476302,3.482550590190314,2.5941433068599196,2.2482873349360943,-49.35583892108061
2026-04-14T12:30:06.907,4.004079818968762,4.0055720809443045,4.004150629290976,4.003597259735898,0.051532886313551574,2.549886855476302,3.482550590190314,2.5941433068599196,2.2482873349360943,-49.35583892108061
2026-04-14T12:30:07.017,4.004079818968762,4.0055720809443045,4.004150629290976,4.003597259735898,0.051532886313551574,2.549886855476302,3.482550590190314,2.5941433068599196,2.2482873349360943,-49.35583892108061
2026-04-14T12:30:07.125,4.004323721189721,4.005002975762068,4.003468752114102,4.004462719229622,0.0451149258828107,2.702325743575429,3.1268598512923518,2.167970071313974,2.789199518513641,-49.43606342646486
2026-04-14T12:30:07.235,4.004323721189721,4.005002975762068,4.003468752114102,4.004462719229622,0.0451149258828107,2.702325743575429,3.1268598512923518,2.167970071313974,2.789199518513641,-49.43606342646486
2026-04-14T12:30:07.343,4.004323721189721,4.005002975762068,4.003468752114102,4.004462719229622,0.0451149258828107,2.702325743575429,3.1268598512923518,2.167970071313974,2.789199518513641,-49.43606342646486
2026-04-14T12:30:07.450,4.003589391922318,4.005527496667355,4.004271269099192,4.004113912827606,0.047111514038533815,2.2433699514490257,3.4546854170969254,2.6695431869949715,2.5711955172535994,-49.41110607451833
2026-04-14T12:30:07.561,4.003589391922318,4.005527496667355,4.004271269099192,4.004113912827606,0.047111514038533815,2.2433699514490257,3.4546854170969254,2.6695431869949715,2.5711955172535994,-49.41110607451833
2026-04-14T12:30:07.670,4.003589391922318,4.005527496667355,4.004271269099192,4.004113912827606,0.047111514038533815,2.2433699514490257,3.4546854170969254,2.6695431869949715,2.5711955172535994,-49.41110607451833
2026-04-14T12:30:07.779,4.004045725109918,4.005257368401132,4.004342079421406,4.003578901504213,0.0397326022011731,2.528578193699005,3.28585525070757,2.713799638378589,2.2368134401329343,-49.503342472485336
2026-04-14T12:30:07.903,4.004045725109918,4.005257368401132,4.004342079421406,4.003578901504213,0.0397326022011731,2.528578193699005,3.28585525070757,2.713799638378589,2.2368134401329343,-49.503342472485336
2026-04-14T12:30:08.004,4.004045725109918,4.005257368401132,4.004342079421406,4.003578901504213,0.0397326022011731,2.528578193699005,3.28585525070757,2.713799638378589,2.2368134401329343,-49.503342472485336
2026-04-14T12:30:08.108,4.003880501024753,4.005186558078918,4.004321098585194,4.003487110345787,0.04213249120630661,2.425313140470564,3.2415987993239526,2.700686615746406,2.179443966117134,-49.473343859921165
2026-04-14T12:30:08.219,4.003880501024753,4.005186558078918,4.004321098585194,4.003487110345787,0.04213249120630661,2.425313140470564,3.2415987993239526,2.700686615746406,2.179443966117134,-49.473343859921165
2026-04-14T12:30:08.330,4.003880501024753,4.005186558078918,4.004321098585194,4.003487110345787,0.04213249120630661,2.425313140470564,3.2415987993239526,2.700686615746406,2.179443966117134,-49.473343859921165
2026-04-14T12:30:08.448,4.003843784561383,4.005315065700714,4.004360437653091,4.003442526068838,0.03867704936074093,2.402365350864244,3.321916062946073,2.725273533181749,2.151578793023745,-49.516536882990735
2026-04-14T12:30:08.545,4.003843784561383,4.005315065700714,4.004360437653091,4.003442526068838,0.03867704936074093,2.402365350864244,3.321916062946073,2.725273533181749,2.151578793023745,-49.516536882990735
2026-04-14T12:30:08.656,4.003843784561383,4.005315065700714,4.004360437653091,4.003442526068838,0.03867704936074093,2.402365350864244,3.321916062946073,2.725273533181749,2.151578793023745,-49.516536882990735
2026-04-14T12:30:08.774,4.003476619927682,4.005396366441033,4.004245043053928,4.004074573759709,0.031074081495929988,2.1728874548010424,3.372729025645782,2.653151908704743,2.5466085998182564,-49.61157398130088
2026-04-14T12:30:08.883,4.003476619927682,4.005396366441033,4.004245043053928,4.004074573759709,0.031074081495929988,2.1728874548010424,3.372729025645782,2.653151908704743,2.5466085998182564,-49.61157398130088
2026-04-14T12:30:08.993,4.003476619927682,4.005396366441033,4.004245043053928,4.004074573759709,0.031074081495929988,2.1728874548010424,3.372729025645782,2.653151908704743,2.5466085998182564,-49.61157398130088
2026-04-14T12:30:09.094,4.003468752114102,4.00508952171144,4.004627943314787,4.004142761477397,0.0378306154792623,2.167970071313974,3.1809510696501064,2.8924645717420816,2.589225923372851,-49.52711730650922
2026-04-14T12:30:09.204,4.003468752114102,4.00508952171144,4.004627943314787,4.004142761477397,0.0378306154792623,2.167970071313974,3.1809510696501064,2.8924645717420816,2.589225923372851,-49.52711730650922
2026-04-14T12:30:09.320,4.003468752114102,4.00508952171144,4.004627943314787,4.004142761477397,0.0378306154792623,2.167970071313974,3.1809510696501064,2.8924645717420816,2.589225923372851,-49.52711730650922
2026-04-14T12:30:09.428,4.003620863176636,4.005086899106914,4.00429487253993,4.00399327301939,0.0424411906219047,2.2630394853973,3.1793119418210836,2.6842953374561773,2.4957956371185475,-49.46948511722619
2026-04-14T12:30:09.530,4.003620863176636,4.005086899106914,4.00429487253993,4.00399327301939,0.0424411906219047,2.2630394853973,3.1793119418210836,2.6842953374561773,2.4957956371185475,-49.46948511722619
2026-04-14T12:30:09.649,4.003620863176636,4.005086899106914,4.00429487253993,4.00399327301939,0.0424411906219047,2.2630394853973,3.1793119418210836,2.6842953374561773,2.4957956371185475,-49.46948511722619
2026-04-14T12:30:09.759,4.003675937871691,4.005519628853776,4.0038359167478035,4.004011631251075,0.0351021109672018,2.2974611698067804,3.449768033609857,2.3974479673771754,2.5072695319217075,-49.56122361290998
2026-04-14T12:30:09.866,4.003675937871691,4.005519628853776,4.0038359167478035,4.004011631251075,0.0351021109672018,2.2974611698067804,3.449768033609857,2.3974479673771754,2.5072695319217075,-49.56122361290998
2026-04-14T12:30:09.974,4.003675937871691,4.005519628853776,4.0038359167478035,4.004011631251075,0.0351021109672018,2.2974611698067804,3.449768033609857,2.3974479673771754,2.5072695319217075,-49.56122361290998
2026-04-14T12:30:10.081,4.003888368838332,4.005501270622091,4.003738880380325,4.003599882340424,0.03514194314985961,2.4302305239576327,3.4382941388066968,2.3368002377033292,2.249926462765117,-49.560725710626755
2026-04-14T12:30:10.191,4.003888368838332,4.005501270622091,4.003738880380325,4.003599882340424,0.03514194314985961,2.4302305239576327,3.4382941388066968,2.3368002377033292,2.249926462765117,-49.560725710626755
2026-04-14T12:30:10.299,4.003888368838332,4.005501270622091,4.003738880380325,4.003599882340424,0.03514194314985961,2.4302305239576327,3.4382941388066968,2.3368002377033292,2.249926462765117,-49.560725710626755
2026-04-14T12:30:10.422,4.003618240572109,4.005669117311783,4.004245043053928,4.003681183080744,0.037646391634469895,2.2614003575682773,3.5431983198641603,2.653151908704743,2.300739425464826,-49.52942010456913
2026-04-14T12:30:10.517,4.003618240572109,4.005669117311783,4.004245043053928,4.003681183080744,0.037646391634469895,2.2614003575682773,3.5431983198641603,2.653151908704743,2.300739425464826,-49.52942010456913
2026-04-14T12:30:10.624,4.003618240572109,4.005669117311783,4.004245043053928,4.003681183080744,0.037646391634469895,2.2614003575682773,3.5431983198641603,2.653151908704743,2.300739425464826,-49.52942010456913
2026-04-14T12:30:10.733,4.003555298063475,4.005236387564921,4.004326343794247,4.004365682862144,0.03880152493154661,2.2220612896717284,3.272742228075387,2.7039648714044517,2.7285517888397948,-49.51498093835567
2026-04-14T12:30:10.843,4.003555298063475,4.005236387564921,4.004326343794247,4.004365682862144,0.03880152493154661,2.2220612896717284,3.272742228075387,2.7039648714044517,2.7285517888397948,-49.51498093835567
2026-04-14T12:30:10.952,4.003555298063475,4.005236387564921,4.004326343794247,4.004365682862144,0.03880152493154661,2.2220612896717284,3.272742228075387,2.7039648714044517,2.7285517888397948,-49.51498093835567
2026-04-14T12:30:11.061,4.003689050894323,4.005454063740615,4.003959179160546,4.003696918707902,0.03720325860240167,2.3056568089518947,3.408789837884285,2.47448697534125,2.3105741924389633,-49.53495926746998
2026-04-14T12:30:11.171,4.003689050894323,4.005454063740615,4.003959179160546,4.003696918707902,0.03720325860240167,2.3056568089518947,3.408789837884285,2.47448697534125,2.3105741924389633,-49.53495926746998
2026-04-14T12:30:11.281,4.003689050894323,4.005454063740615,4.003959179160546,4.003696918707902,0.03720325860240167,2.3056568089518947,3.408789837884285,2.47448697534125,2.3105741924389633,-49.53495926746998
2026-04-14T12:30:11.391,4.003526449413684,4.005792379724525,4.004858732513114,4.003568411086107,0.0553816709628632,2.204030883552477,3.620237327828235,3.036707820696094,2.230256928816843,-49.30772911296421
2026-04-14T12:30:11.499,4.003526449413684,4.005792379724525,4.004858732513114,4.003568411086107,0.0553816709628632,2.204030883552477,3.620237327828235,3.036707820696094,2.230256928816843,-49.30772911296421
2026-04-14T12:30:11.609,4.003526449413684,4.005792379724525,4.004858732513114,4.003568411086107,0.0553816709628632,2.204030883552477,3.620237327828235,3.036707820696094,2.230256928816843,-49.30772911296421
2026-04-14T12:30:11.717,4.00345563909147,4.005328178723346,4.003738880380325,4.0042922499354034,0.05418670548312867,2.1597744321688594,3.3301117020911875,2.3368002377033292,2.6826562096271545,-49.32266618146089
2026-04-14T12:30:11.826,4.00345563909147,4.005328178723346,4.003738880380325,4.0042922499354034,0.05418670548312867,2.1597744321688594,3.3301117020911875,2.3368002377033292,2.6826562096271545,-49.32266618146089
2026-04-14T12:30:11.938,4.00345563909147,4.005328178723346,4.003738880380325,4.0042922499354034,0.05418670548312867,2.1597744321688594,3.3301117020911875,2.3368002377033292,2.6826562096271545,-49.32266618146089
2026-04-14T12:30:12.046,4.00326418896104,4.005443573322509,4.004402399325514,4.003374338351151,0.03556516009059892,2.04011810065019,3.4022333265681937,2.751499578446115,2.1089614694691505,-49.55543549886751
2026-04-14T12:30:12.155,4.00326418896104,4.005443573322509,4.004402399325514,4.003374338351151,0.03556516009059892,2.04011810065019,3.4022333265681937,2.751499578446115,2.1089614694691505,-49.55543549886751
2026-04-14T12:30:12.264,4.00326418896104,4.005443573322509,4.004402399325514,4.003374338351151,0.03556516009059892,2.04011810065019,3.4022333265681937,2.751499578446115,2.1089614694691505,-49.55543549886751
2026-04-14T12:30:12.372,4.003741502984852,4.005194425892498,4.003830671538751,4.003796577679907,0.025397995467190973,2.338439365532352,3.246516182811021,2.3941697117191296,2.3728610499418323,-49.68252505666012
2026-04-14T12:30:12.483,4.003741502984852,4.005194425892498,4.003830671538751,4.003796577679907,0.025397995467190973,2.338439365532352,3.246516182811021,2.3941697117191296,2.3728610499418323,-49.68252505666012
2026-04-14T12:30:12.593,4.003741502984852,4.005194425892498,4.003830671538751,4.003796577679907,0.025397995467190973,2.338439365532352,3.246516182811021,2.3941697117191296,2.3728610499418323,-49.68252505666012
2026-04-14T12:30:12.702,4.003290415006305,4.0049715045077505,4.004452228811516,4.003615617967583,0.034200907834568674,2.0565093789404187,3.1071903173440774,2.7826430071975494,2.2597612297392544,-49.57248865206789
2026-04-14T12:30:12.810,4.003290415006305,4.0049715045077505,4.004452228811516,4.003615617967583,0.034200907834568674,2.0565093789404187,3.1071903173440774,2.7826430071975494,2.2597612297392544,-49.57248865206789
2026-04-14T12:30:12.919,4.003290415006305,4.0049715045077505,4.004452228811516,4.003615617967583,0.034200907834568674,2.0565093789404187,3.1071903173440774,2.7826430071975494,2.2597612297392544,-49.57248865206789
2026-04-14T12:30:13.042,4.00334548970136,4.005220651937762,4.003492355554841,4.004074573759709,0.01954266461649178,2.090931063349899,3.26290746110125,2.1827222217757347,2.5466085998182564,-49.75571669229385
2026-04-14T12:30:13.151,4.00334548970136,4.005220651937762,4.003492355554841,4.004074573759709,0.01954266461649178,2.090931063349899,3.26290746110125,2.1827222217757347,2.5466085998182564,-49.75571669229385
2026-04-14T12:30:13.260,4.00334548970136,4.005220651937762,4.003492355554841,4.004074573759709,0.01954266461649178,2.090931063349899,3.26290746110125,2.1827222217757347,2.5466085998182564,-49.75571669229385
2026-04-14T12:30:13.369,4.003943443533387,4.005477667181353,4.0041034224095,4.004271269099192,0.03539089429147097,2.464652208367113,3.423541988345491,2.564639005937508,2.6695431869949715,-49.55761382135661
2026-04-14T12:30:13.478,4.003943443533387,4.005477667181353,4.0041034224095,4.004271269099192,0.03539089429147097,2.464652208367113,3.423541988345491,2.564639005937508,2.6695431869949715,-49.55761382135661
2026-04-14T12:30:13.586,4.003943443533387,4.005477667181353,4.0041034224095,4.004271269099192,0.03539089429147097,2.464652208367113,3.423541988345491,2.564639005937508,2.6695431869949715,-49.55761382135661
2026-04-14T12:30:13.695,4.003673315267164,4.005503893226617,4.003770351634643,4.003557920668001,0.02810658388792257,2.2958220419777575,3.4399332666357196,2.3564697716516037,2.2237004175007513,-49.64866770140097
2026-04-14T12:30:13.803,4.003673315267164,4.005503893226617,4.003770351634643,4.003557920668001,0.02810658388792257,2.2958220419777575,3.4399332666357196,2.3564697716516037,2.2237004175007513,-49.64866770140097
2026-04-14T12:30:13.912,4.003673315267164,4.005503893226617,4.003770351634643,4.003557920668001,0.02810658388792257,2.2958220419777575,3.4399332666357196,2.3564697716516037,2.2237004175007513,-49.64866770140097
2026-04-14T12:30:14.022,4.003717899544114,4.005404234254613,4.004218817008663,4.004347324630459,0.028962975815065652,2.3236872150711463,3.3776464091328506,2.636760630414514,2.7170778940366347,-49.637962802311684
2026-04-14T12:30:14.132,4.003717899544114,4.005404234254613,4.004218817008663,4.004347324630459,0.028962975815065652,2.3236872150711463,3.3776464091328506,2.636760630414514,2.7170778940366347,-49.637962802311684
2026-04-14T12:30:14.241,4.003717899544114,4.005404234254613,4.004218817008663,4.004347324630459,0.028962975815065652,2.3236872150711463,3.3776464091328506,2.636760630414514,2.7170778940366347,-49.637962802311684
2026-04-14T12:30:14.351,4.003314018447043,4.005215406728709,4.003825426329698,4.0036077501540035,0.026269324462830732,2.0712615294016246,3.259629205443204,2.390891456061084,2.254843846252186,-49.67163344421461
2026-04-14T12:30:14.459,4.003314018447043,4.005215406728709,4.003825426329698,4.0036077501540035,0.026269324462830732,2.0712615294016246,3.259629205443204,2.390891456061084,2.254843846252186,-49.67163344421461
2026-04-14T12:30:14.568,4.003314018447043,4.005215406728709,4.003825426329698,4.0036077501540035,0.026269324462830732,2.0712615294016246,3.259629205443204,2.390891456061084,2.254843846252186,-49.67163344421461
2026-04-14T12:30:14.677,4.003311395842516,4.005265236214712,4.003652334430953,4.004273891703718,0.018950160899456742,2.0696224015726017,3.2907726341951937,2.2827090193455746,2.6711823148239944,-49.76312298875679
2026-04-14T12:30:14.788,4.003311395842516,4.005265236214712,4.003652334430953,4.004273891703718,0.018950160899456742,2.0696224015726017,3.2907726341951937,2.2827090193455746,2.6711823148239944,-49.76312298875679
2026-04-14T12:30:14.897,4.003311395842516,4.005265236214712,4.003652334430953,4.004273891703718,0.018950160899456742,2.0696224015726017,3.2907726341951937,2.2827090193455746,2.6711823148239944,-49.76312298875679
2026-04-14T12:30:15.008,4.003526449413684,4.005558967921672,4.004174232731714,4.00376510642559,0.01624655150155737,2.204030883552477,3.4743549510452,2.6088954573211254,2.353191515993558,-49.79691810623053
2026-04-14T12:30:15.115,4.003526449413684,4.005558967921672,4.004174232731714,4.00376510642559,0.01624655150155737,2.204030883552477,3.4743549510452,2.6088954573211254,2.353191515993558,-49.79691810623053
2026-04-14T12:30:15.223,4.003526449413684,4.005558967921672,4.004174232731714,4.00376510642559,0.01624655150155737,2.204030883552477,3.4743549510452,2.6088954573211254,2.353191515993558,-49.79691810623053
2026-04-14T12:30:15.333,4.003376960955677,4.005637646057465,4.003914594883597,4.003736257775799,0.012860815975642871,2.1106005972981734,3.523528785915886,2.4466218022478614,2.3351611098743064,-49.83923980030446
2026-04-14T12:30:15.442,4.003376960955677,4.005637646057465,4.003914594883597,4.003736257775799,0.012860815975642871,2.1106005972981734,3.523528785915886,2.4466218022478614,2.3351611098743064,-49.83923980030446
2026-04-14T12:30:15.550,4.003376960955677,4.005637646057465,4.003914594883597,4.003736257775799,0.012860815975642871,2.1106005972981734,3.523528785915886,2.4466218022478614,2.3351611098743064,-49.83923980030446
2026-04-14T12:30:15.660,4.003508091181999,4.0053439143505045,4.004129648454764,4.003526449413684,0.02355077799643468,2.192556988749317,3.3399464690653247,2.5810302842277366,2.204030883552477,-49.705615275044565
2026-04-14T12:30:15.770,4.003508091181999,4.0053439143505045,4.004129648454764,4.003526449413684,0.02355077799643468,2.192556988749317,3.3399464690653247,2.5810302842277366,2.204030883552477,-49.705615275044565
2026-04-14T12:30:15.881,4.003508091181999,4.0053439143505045,4.004129648454764,4.003526449413684,0.02355077799643468,2.192556988749317,3.3399464690653247,2.5810302842277366,2.204030883552477,-49.705615275044565
2026-04-14T12:30:15.989,4.003796577679907,4.005522251458302,4.00414013887287,4.004090309386868,0.0336581943458559,2.3728610499418323,3.4514071614388797,2.587586795543828,2.5564433667923936,-49.5792725706768
2026-04-14T12:30:16.098,4.003796577679907,4.005522251458302,4.00414013887287,4.004090309386868,0.0336581943458559,2.3728610499418323,3.4514071614388797,2.587586795543828,2.5564433667923936,-49.5792725706768
2026-04-14T12:30:16.206,4.003796577679907,4.005522251458302,4.00414013887287,4.004090309386868,0.0336581943458559,2.3728610499418323,3.4514071614388797,2.587586795543828,2.5564433667923936,-49.5792725706768
2026-04-14T12:30:16.317,4.003780842052748,4.0056324008484125,4.003885746233806,4.004001140832969,0.028689129559293154,2.363026282967695,3.52025053025784,2.42859139612861,2.500713020605616,-49.641385880508835
2026-04-14T12:30:16.425,4.003780842052748,4.0056324008484125,4.003885746233806,4.004001140832969,0.028689129559293154,2.363026282967695,3.52025053025784,2.42859139612861,2.500713020605616,-49.641385880508835
2026-04-14T12:30:16.535,4.003780842052748,4.0056324008484125,4.003885746233806,4.004001140832969,0.028689129559293154,2.363026282967695,3.52025053025784,2.42859139612861,2.500713020605616,-49.641385880508835
2026-04-14T12:30:16.642,4.003298282819885,4.005569458339778,4.004386663698355,4.003447771277891,0.024143281713469716,2.0614267624280425,3.4809114623612913,2.7416648114719777,2.154857048681791,-49.698208978581626
2026-04-14T12:30:16.750,4.003298282819885,4.005569458339778,4.004386663698355,4.003447771277891,0.024143281713469716,2.0614267624280425,3.4809114623612913,2.7416648114719777,2.154857048681791,-49.698208978581626
2026-04-14T12:30:16.859,4.003298282819885,4.005569458339778,4.004386663698355,4.003447771277891,0.024143281713469716,2.0614267624280425,3.4809114623612913,2.7416648114719777,2.154857048681791,-49.698208978581626
2026-04-14T12:30:16.967,4.004087686782342,4.005477667181353,4.004336834212353,4.003780842052748,0.036451426154735365,2.554804238963926,3.423541988345491,2.710521382720543,2.363026282967695,-49.544357173065805
2026-04-14T12:30:17.078,4.004087686782342,4.005477667181353,4.004336834212353,4.003780842052748,0.036451426154735365,2.554804238963926,3.423541988345491,2.710521382720543,2.363026282967695,-49.544357173065805
2026-04-14T12:30:17.185,4.004087686782342,4.005477667181353,4.004336834212353,4.003780842052748,0.036451426154735365,2.554804238963926,3.423541988345491,2.710521382720543,2.363026282967695,-49.544357173065805
2026-04-14T12:30:17.294,4.003552675458948,4.0054278376953505,4.004360437653091,4.003741502984852,0.029187031842515875,2.2204221618427056,3.3923985595940565,2.725273533181749,2.338439365532352,-49.63516210196855
2026-04-14T12:30:17.403,4.003552675458948,4.0054278376953505,4.004360437653091,4.003741502984852,0.029187031842515875,2.2204221618427056,3.3923985595940565,2.725273533181749,2.338439365532352,-49.63516210196855
2026-04-14T12:30:17.527,4.003552675458948,4.0054278376953505,4.004360437653091,4.003741502984852,0.029187031842515875,2.2204221618427056,3.3923985595940565,2.725273533181749,2.338439365532352,-49.63516210196855
2026-04-14T12:30:17.635,4.003479242532208,4.005496025413038,4.004053592923498,4.003334999283254,0.024551561585712346,2.1745265826300653,3.435015883148651,2.5334955771860734,2.0843745520338075,-49.693105480178595
2026-04-14T12:30:17.743,4.003479242532208,4.005496025413038,4.004053592923498,4.003334999283254,0.024551561585712346,2.1745265826300653,3.435015883148651,2.5334955771860734,2.0843745520338075,-49.693105480178595
2026-04-14T12:30:17.852,4.003479242532208,4.005496025413038,4.004053592923498,4.003334999283254,0.024551561585712346,2.1745265826300653,3.435015883148651,2.5334955771860734,2.0843745520338075,-49.693105480178595
2026-04-14T12:30:17.962,4.0031514169664035,4.005401611650086,4.0039985182284425,4.003804445493486,0.025069379960263975,1.9696356040022067,3.3760072813038278,2.499073892776593,2.377778433428901,-49.6866327504967
2026-04-14T12:30:18.071,4.0031514169664035,4.005401611650086,4.0039985182284425,4.003804445493486,0.025069379960263975,1.9696356040022067,3.3760072813038278,2.499073892776593,2.377778433428901,-49.6866327504967
2026-04-14T12:30:18.180,4.0031514169664035,4.005401611650086,4.0039985182284425,4.003804445493486,0.025069379960263975,1.9696356040022067,3.3760072813038278,2.499073892776593,2.377778433428901,-49.6866327504967
2026-04-14T12:30:18.289,4.003864765397594,4.005829096187895,4.003893614047386,4.0038778784202265,0.030964542993620992,2.415478373496427,3.6431851174345553,2.4335087796162336,2.4236740126415413,-49.61294321257974
2026-04-14T12:30:18.398,4.003864765397594,4.005829096187895,4.003893614047386,4.0038778784202265,0.030964542993620992,2.415478373496427,3.6431851174345553,2.4335087796162336,2.4236740126415413,-49.61294321257974
2026-04-14T12:30:18.509,4.003864765397594,4.005829096187895,4.003893614047386,4.0038778784202265,0.030964542993620992,2.415478373496427,3.6431851174345553,2.4335087796162336,2.4236740126415413,-49.61294321257974
2026-04-14T12:30:18.618,4.003576278899686,4.005577326153357,4.0039381983243345,4.003817558516118,0.029879116016195455,2.2351743123039114,3.48582884584836,2.4613739527090672,2.3859740725740153,-49.62651104979756
2026-04-14T12:30:18.726,4.003576278899686,4.005577326153357,4.0039381983243345,4.003817558516118,0.029879116016195455,2.2351743123039114,3.48582884584836,2.4613739527090672,2.3859740725740153,-49.62651104979756
2026-04-14T12:30:18.834,4.003576278899686,4.005577326153357,4.0039381983243345,4.003817558516118,0.029879116016195455,2.2351743123039114,3.48582884584836,2.4613739527090672,2.3859740725740153,-49.62651104979756
2026-04-14T12:30:18.944,4.003783464657275,4.005648136475571,4.003856897584015,4.0038359167478035,0.02923184304800592,2.364665410796718,3.5300852972319774,2.4105609900093583,2.3974479673771754,-49.634601961899925
2026-04-14T12:30:19.053,4.003783464657275,4.005648136475571,4.003856897584015,4.0038359167478035,0.02923184304800592,2.364665410796718,3.5300852972319774,2.4105609900093583,2.3974479673771754,-49.634601961899925
2026-04-14T12:30:19.163,4.003783464657275,4.005648136475571,4.003856897584015,4.0038359167478035,0.02923184304800592,2.364665410796718,3.5300852972319774,2.4105609900093583,2.3974479673771754,-49.634601961899925
2026-04-14T12:30:19.271,4.003526449413684,4.005616665221254,4.0036077501540035,4.003340244492307,0.025059421914599523,2.204030883552477,3.510415763283703,2.254843846252186,2.0876528076918532,-49.686757226067506
2026-04-14T12:30:19.382,4.003526449413684,4.005616665221254,4.0036077501540035,4.003340244492307,0.025059421914599523,2.204030883552477,3.510415763283703,2.254843846252186,2.0876528076918532,-49.686757226067506
2026-04-14T12:30:19.491,4.003526449413684,4.005616665221254,4.0036077501540035,4.003340244492307,0.025059421914599523,2.204030883552477,3.510415763283703,2.254843846252186,2.0876528076918532,-49.686757226067506
2026-04-14T12:30:19.601,4.003209114265985,4.005288839655449,4.004205703986031,4.003597259735898,0.02995878038151109,2.00569641624071,3.3055247846558444,2.6285649912694,2.2482873349360943,-49.625515245231114
2026-04-14T12:30:19.712,4.003209114265985,4.005288839655449,4.004205703986031,4.003597259735898,0.02995878038151109,2.00569641624071,3.3055247846558444,2.6285649912694,2.2482873349360943,-49.625515245231114
2026-04-14T12:30:19.821,4.003209114265985,4.005288839655449,4.004205703986031,4.003597259735898,0.02995878038151109,2.00569641624071,3.3055247846558444,2.6285649912694,2.2482873349360943,-49.625515245231114
2026-04-14T12:30:19.931,4.003626108385689,4.005328178723346,4.003623485781162,4.003809690702539,0.03568465663857238,2.266317741055901,3.3301117020911875,2.264678613226323,2.3810566890869467,-49.553941792017845
2026-04-14T12:30:20.042,4.003626108385689,4.005328178723346,4.003623485781162,4.003809690702539,0.03568465663857238,2.266317741055901,3.3301117020911875,2.264678613226323,2.3810566890869467,-49.553941792017845
2026-04-14T12:30:20.150,4.003626108385689,4.005328178723346,4.003623485781162,4.003809690702539,0.03568465663857238,2.266317741055901,3.3301117020911875,2.264678613226323,2.3810566890869467,-49.553941792017845
2026-04-14T12:30:20.260,4.003605127549477,4.005438328113456,4.004491567879413,4.004192590963399,0.042152407297635516,2.253204718423163,3.398955070910148,2.8072299246328924,2.6203693521242855,-49.47309490877956
2026-04-14T12:30:20.369,4.003605127549477,4.005438328113456,4.004491567879413,4.004192590963399,0.042152407297635516,2.253204718423163,3.398955070910148,2.8072299246328924,2.6203693521242855,-49.47309490877956
2026-04-14T12:30:20.477,4.003605127549477,4.005438328113456,4.004491567879413,4.004192590963399,0.042152407297635516,2.253204718423163,3.398955070910148,2.8072299246328924,2.6203693521242855,-49.47309490877956
2026-04-14T12:30:20.587,4.003397941791889,4.005315065700714,4.003951311346967,4.003940820928861,0.04209763804648102,2.1237136199303563,3.321916062946073,2.4695695918541816,2.46301308053809,-49.47377952441899
2026-04-14T12:30:20.695,4.003397941791889,4.005315065700714,4.003951311346967,4.003940820928861,0.04209763804648102,2.1237136199303563,3.321916062946073,2.4695695918541816,2.46301308053809,-49.47377952441899
2026-04-14T12:30:20.804,4.003397941791889,4.005315065700714,4.003951311346967,4.003940820928861,0.04209763804648102,2.1237136199303563,3.321916062946073,2.4695695918541816,2.46301308053809,-49.47377952441899
2026-04-14T12:30:20.912,4.00345563909147,4.0051813128698655,4.004318475980668,4.003814935911592,0.03583900634637142,2.1597744321688594,3.238320543665907,2.699047487917383,2.3843349447449924,-49.55201242067035
2026-04-14T12:30:21.020,4.00345563909147,4.0051813128698655,4.004318475980668,4.003814935911592,0.03583900634637142,2.1597744321688594,3.238320543665907,2.699047487917383,2.3843349447449924,-49.55201242067035
2026-04-14T12:30:21.130,4.00345563909147,4.0051813128698655,4.004318475980668,4.003814935911592,0.03583900634637142,2.1597744321688594,3.238320543665907,2.699047487917383,2.3843349447449924,-49.55201242067035
2026-04-14T12:30:21.239,4.003342867096833,4.00520753891513,4.003814935911592,4.00417685533624,0.038831399068539975,2.089291935520876,3.2547118219561355,2.3843349447449924,2.6105345851501482,-49.51460751164325
2026-04-14T12:30:21.348,4.003342867096833,4.00520753891513,4.003814935911592,4.00417685533624,0.038831399068539975,2.089291935520876,3.2547118219561355,2.3843349447449924,2.6105345851501482,-49.51460751164325
2026-04-14T12:30:21.456,4.003342867096833,4.00520753891513,4.003814935911592,4.00417685533624,0.038831399068539975,2.089291935520876,3.2547118219561355,2.3843349447449924,2.6105345851501482,-49.51460751164325
2026-04-14T12:30:21.565,4.003015041531029,4.005574703548831,4.0042214396131905,4.003786087261801,0.0356697195700757,1.8844009568930176,3.484189718019337,2.638399758244092,2.366304538625741,-49.55412850537405
2026-04-14T12:30:21.673,4.003015041531029,4.005574703548831,4.0042214396131905,4.003786087261801,0.0356697195700757,1.8844009568930176,3.484189718019337,2.638399758244092,2.366304538625741,-49.55412850537405
2026-04-14T12:30:21.783,4.003015041531029,4.005574703548831,4.0042214396131905,4.003786087261801,0.0356697195700757,1.8844009568930176,3.484189718019337,2.638399758244092,2.366304538625741,-49.55412850537405
2026-04-14T12:30:21.893,4.00353693983179,4.005039692225438,4.003581524108739,4.004349947234985,0.04214742827480329,2.2105873948685684,3.149807640898672,2.238452567961957,2.7187170218656576,-49.47315714656496
2026-04-14T12:30:22.003,4.00353693983179,4.005039692225438,4.003581524108739,4.004349947234985,0.04214742827480329,2.2105873948685684,3.149807640898672,2.238452567961957,2.7187170218656576,-49.47315714656496
2026-04-14T12:30:22.112,4.00353693983179,4.005039692225438,4.003581524108739,4.004349947234985,0.04214742827480329,2.2105873948685684,3.149807640898672,2.238452567961957,2.7187170218656576,-49.47315714656496
2026-04-14T12:30:22.222,4.0036916734988495,4.0051813128698655,4.004231930031295,4.004056215528024,0.02394412080018063,2.3072959367809176,3.238320543665907,2.6449562695596285,2.5351347050150963,-49.70069848999774
2026-04-14T12:30:22.332,4.0036916734988495,4.0051813128698655,4.004231930031295,4.004056215528024,0.02394412080018063,2.3072959367809176,3.238320543665907,2.6449562695596285,2.5351347050150963,-49.70069848999774
2026-04-14T12:30:22.441,4.0036916734988495,4.0051813128698655,4.004231930031295,4.004056215528024,0.02394412080018063,2.3072959367809176,3.238320543665907,2.6449562695596285,2.5351347050150963,-49.70069848999774
2026-04-14T12:30:22.550,4.003424167837153,4.0056324008484125,4.003843784561383,4.004045725109918,0.032672347825074916,2.140104898220585,3.52025053025784,2.402365350864244,2.528578193699005,-49.59159565218656
2026-04-14T12:30:22.660,4.003424167837153,4.0056324008484125,4.003843784561383,4.004045725109918,0.032672347825074916,2.140104898220585,3.52025053025784,2.402365350864244,2.528578193699005,-49.59159565218656
2026-04-14T12:30:22.770,4.003424167837153,4.0056324008484125,4.003843784561383,4.004045725109918,0.032672347825074916,2.140104898220585,3.52025053025784,2.402365350864244,2.528578193699005,-49.59159565218656
2026-04-14T12:30:22.879,4.003833294143277,4.0052835944463965,4.004565000806153,4.003652334430953,0.0219077004617997,2.3958088395481525,3.3022465289977987,2.8531255038455328,2.2827090193455746,-49.7261537442275
2026-04-14T12:30:22.988,4.003833294143277,4.0052835944463965,4.004565000806153,4.003652334430953,0.0219077004617997,2.3958088395481525,3.3022465289977987,2.8531255038455328,2.2827090193455746,-49.7261537442275
2026-04-14T12:30:23.098,4.003833294143277,4.0052835944463965,4.004565000806153,4.003652334430953,0.0219077004617997,2.3958088395481525,3.3022465289977987,2.8531255038455328,2.2827090193455746,-49.7261537442275
2026-04-14T12:30:23.207,4.003484487741261,4.005406856859139,4.0045990946649965,4.003592014526845,0.02796717124862021,2.177804838288111,3.3792855369618735,2.87443416562283,2.2450090792780486,-49.65041035939225
2026-04-14T12:30:23.316,4.003484487741261,4.005406856859139,4.0045990946649965,4.003592014526845,0.02796717124862021,2.177804838288111,3.3792855369618735,2.87443416562283,2.2450090792780486,-49.65041035939225
2026-04-14T12:30:23.426,4.003484487741261,4.005406856859139,4.0045990946649965,4.003592014526845,0.02796717124862021,2.177804838288111,3.3792855369618735,2.87443416562283,2.2450090792780486,-49.65041035939225
2026-04-14T12:30:23.534,4.003437280859785,4.005401611650086,4.00352907201821,4.003639221408321,0.026219534234508464,2.1483005373656994,3.3760072813038278,2.2056700113814998,2.2745133802004602,-49.67225582206864
2026-04-14T12:30:23.643,4.003437280859785,4.005401611650086,4.00352907201821,4.003639221408321,0.026219534234508464,2.1483005373656994,3.3760072813038278,2.2056700113814998,2.2745133802004602,-49.67225582206864
2026-04-14T12:30:23.749,4.003437280859785,4.005401611650086,4.00352907201821,4.003639221408321,0.026219534234508464,2.1483005373656994,3.3760072813038278,2.2056700113814998,2.2745133802004602,-49.67225582206864
2026-04-14T12:30:23.860,4.003843784561383,4.0055537227126194,4.004289627330877,4.0040404799008655,0.02169858150284616,2.402365350864244,3.471076695387154,2.6810170817981316,2.525299938040959,-49.728767731214425
2026-04-14T12:30:23.971,4.003843784561383,4.0055537227126194,4.004289627330877,4.0040404799008655,0.02169858150284616,2.402365350864244,3.471076695387154,2.6810170817981316,2.525299938040959,-49.728767731214425
2026-04-14T12:30:24.080,4.003843784561383,4.0055537227126194,4.004289627330877,4.0040404799008655,0.02169858150284616,2.402365350864244,3.471076695387154,2.6810170817981316,2.525299938040959,-49.728767731214425
2026-04-14T12:30:24.189,4.00350022336842,4.0056140426167275,4.0047669413546885,4.003487110345787,0.02506440093743175,2.187639605262248,3.50877663545468,2.9793383466802936,2.179443966117134,-49.686694988282106
2026-04-14T12:30:24.297,4.00350022336842,4.0056140426167275,4.0047669413546885,4.003487110345787,0.02506440093743175,2.187639605262248,3.50877663545468,2.9793383466802936,2.179443966117134,-49.686694988282106
2026-04-14T12:30:24.408,4.00350022336842,4.0056140426167275,4.0047669413546885,4.003487110345787,0.02506440093743175,2.187639605262248,3.50877663545468,2.9793383466802936,2.179443966117134,-49.686694988282106
2026-04-14T12:30:24.518,4.003214359475038,4.005252123192079,4.004357815048564,4.004048347714445,0.019692035301458594,2.0089746718987556,3.2825769950495243,2.723634405352726,2.5302173215280277,-49.753849558731766
2026-04-14T12:30:24.625,4.003214359475038,4.005252123192079,4.004357815048564,4.004048347714445,0.019692035301458594,2.0089746718987556,3.2825769950495243,2.723634405352726,2.5302173215280277,-49.753849558731766
2026-04-14T12:30:24.733,4.003214359475038,4.005252123192079,4.004357815048564,4.004048347714445,0.019692035301458594,2.0089746718987556,3.2825769950495243,2.723634405352726,2.5302173215280277,-49.753849558731766
2026-04-14T12:30:24.843,4.0034399034643116,4.005023956598279,4.004092931991394,4.003531694622737,0.029082472363039104,2.1499396651947222,3.1399728739245347,2.5580824946214165,2.2073091392105226,-49.63646909546201
2026-04-14T12:30:24.960,4.0034399034643116,4.005023956598279,4.004092931991394,4.003531694622737,0.029082472363039104,2.1499396651947222,3.1399728739245347,2.5580824946214165,2.2073091392105226,-49.63646909546201
2026-04-14T12:30:25.064,4.0034399034643116,4.005023956598279,4.004092931991394,4.003531694622737,0.029082472363039104,2.1499396651947222,3.1399728739245347,2.5580824946214165,2.2073091392105226,-49.63646909546201
2026-04-14T12:30:25.182,4.003508091181999,4.005191803287971,4.003988027810337,4.003972292183178,0.03060605334970063,2.192556988749317,3.2448770549819983,2.4925173814605017,2.4826826144863645,-49.61742433312874
2026-04-14T12:30:25.291,4.003508091181999,4.005191803287971,4.003988027810337,4.003972292183178,0.03060605334970063,2.192556988749317,3.2448770549819983,2.4925173814605017,2.4826826144863645,-49.61742433312874
2026-04-14T12:30:25.399,4.003508091181999,4.005191803287971,4.003988027810337,4.003972292183178,0.03060605334970063,2.192556988749317,3.2448770549819983,2.4925173814605017,2.4826826144863645,-49.61742433312874
2026-04-14T12:30:25.508,4.003266811565567,4.0055301192718815,4.003951311346967,4.003670692662638,0.032373606455141285,2.041757228479213,3.4563245449259483,2.4695695918541816,2.2941829141487347,-49.595329919310736
2026-04-14T12:30:25.611,4.003266811565567,4.0055301192718815,4.003951311346967,4.003670692662638,0.032373606455141285,2.041757228479213,3.4563245449259483,2.4695695918541816,2.2941829141487347,-49.595329919310736
2026-04-14T12:30:25.717,4.003266811565567,4.0055301192718815,4.003951311346967,4.003670692662638,0.032373606455141285,2.041757228479213,3.4563245449259483,2.4695695918541816,2.2941829141487347,-49.595329919310736
2026-04-14T12:30:25.835,4.003759861216538,4.004968881903224,4.003563165877054,4.003662824849059,0.038308601671156114,2.3499132603360673,3.1055511895150545,2.226978673158797,2.289265530661666,-49.521142479110544
2026-04-14T12:30:25.944,4.003759861216538,4.004968881903224,4.003563165877054,4.003662824849059,0.038308601671156114,2.3499132603360673,3.1055511895150545,2.226978673158797,2.289265530661666,-49.521142479110544
2026-04-14T12:30:26.044,4.003759861216538,4.004968881903224,4.003563165877054,4.003662824849059,0.038308601671156114,2.3499132603360673,3.1055511895150545,2.226978673158797,2.289265530661666,-49.521142479110544
2026-04-14T12:30:26.161,4.003636598803794,4.004926920230801,4.00352907201821,4.003746748193905,0.04129103634766021,2.2728742523714374,3.0793251442506886,2.2056700113814998,2.341717621190398,-49.48386204565425
2026-04-14T12:30:26.270,4.003636598803794,4.004926920230801,4.00352907201821,4.003746748193905,0.04129103634766021,2.2728742523714374,3.0793251442506886,2.2056700113814998,2.341717621190398,-49.48386204565425
2026-04-14T12:30:26.378,4.003636598803794,4.004926920230801,4.00352907201821,4.003746748193905,0.04129103634766021,2.2728742523714374,3.0793251442506886,2.2056700113814998,2.341717621190398,-49.48386204565425
2026-04-14T12:30:26.486,4.003893614047386,4.005084276502387,4.003746748193905,4.003563165877054,0.03557511813626338,2.4335087796162336,3.1776728139920607,2.341717621190398,2.226978673158797,-49.5553110232967
2026-04-14T12:30:26.594,4.003893614047386,4.005084276502387,4.003746748193905,4.003563165877054,0.03557511813626338,2.4335087796162336,3.1776728139920607,2.341717621190398,2.226978673158797,-49.5553110232967
2026-04-14T12:30:26.703,4.003893614047386,4.005084276502387,4.003746748193905,4.003563165877054,0.03557511813626338,2.4335087796162336,3.1776728139920607,2.341717621190398,2.226978673158797,-49.5553110232967
2026-04-14T12:30:26.815,4.0038359167478035,4.00532555611882,4.004313230771615,4.004043102505392,0.03691945430096472,2.3974479673771754,3.3284725742627197,2.6957692322593374,2.526939065869982,-49.538506821237945
2026-04-14T12:30:26.922,4.0038359167478035,4.00532555611882,4.004313230771615,4.004043102505392,0.03691945430096472,2.3974479673771754,3.3284725742627197,2.6957692322593374,2.526939065869982,-49.538506821237945
2026-04-14T12:30:27.032,4.0038359167478035,4.00532555611882,4.004313230771615,4.004043102505392,0.03691945430096472,2.3974479673771754,3.3284725742627197,2.6957692322593374,2.526939065869982,-49.538506821237945
2026-04-14T12:30:27.141,4.003780842052748,4.005008220971121,4.003807068098013,4.003468752114102,0.03600331409983492,2.363026282967695,3.1301381069503975,2.379417561257924,2.167970071313974,-49.549958573752065
2026-04-14T12:30:27.251,4.003780842052748,4.005008220971121,4.003807068098013,4.003468752114102,0.03600331409983492,2.363026282967695,3.1301381069503975,2.379417561257924,2.167970071313974,-49.549958573752065
2026-04-14T12:30:27.360,4.003780842052748,4.005008220971121,4.003807068098013,4.003468752114102,0.03600331409983492,2.363026282967695,3.1301381069503975,2.379417561257924,2.167970071313974,-49.549958573752065
2026-04-14T12:30:27.467,4.0034215452326265,4.005349159559557,4.004145384081923,4.004205703986031,0.033050753560324185,2.138465770391562,3.3432247247233704,2.590865051201874,2.6285649912694,-49.586865580495946
2026-04-14T12:30:27.575,4.0034215452326265,4.005349159559557,4.004145384081923,4.004205703986031,0.033050753560324185,2.138465770391562,3.3432247247233704,2.590865051201874,2.6285649912694,-49.586865580495946
2026-04-14T12:30:27.685,4.0034215452326265,4.005349159559557,4.004145384081923,4.004205703986031,0.033050753560324185,2.138465770391562,3.3432247247233704,2.590865051201874,2.6285649912694,-49.586865580495946
2026-04-14T12:30:27.795,4.003914594883597,4.004777431772794,4.003964424369599,4.004297495144456,0.03249310300311474,2.4466218022478614,2.985894857996385,2.477765230999296,2.6859344652852,-49.59383621246107
2026-04-14T12:30:27.906,4.003914594883597,4.004777431772794,4.003964424369599,4.004297495144456,0.03249310300311474,2.4466218022478614,2.985894857996385,2.477765230999296,2.6859344652852,-49.59383621246107
2026-04-14T12:30:28.015,4.003914594883597,4.004777431772794,4.003964424369599,4.004297495144456,0.03249310300311474,2.4466218022478614,2.985894857996385,2.477765230999296,2.6859344652852,-49.59383621246107
2026-04-14T12:30:28.125,4.003358602723992,4.005792379724525,4.004593849455944,4.004287004726351,0.03682485286715241,2.0991267024950133,3.620237327828235,2.8711559099647843,2.6793779539691087,-49.539689339160596
2026-04-14T12:30:28.233,4.003358602723992,4.005792379724525,4.004593849455944,4.004287004726351,0.03682485286715241,2.0991267024950133,3.620237327828235,2.8711559099647843,2.6793779539691087,-49.539689339160596
2026-04-14T12:30:28.342,4.003358602723992,4.005792379724525,4.004593849455944,4.004287004726351,0.03682485286715241,2.0991267024950133,3.620237327828235,2.8711559099647843,2.6793779539691087,-49.539689339160596
2026-04-14T12:30:28.451,4.003846407165909,4.005396366441033,4.004071951155183,4.003631353594741,0.03288644580686069,2.404004478693267,3.372729025645782,2.5449694719892335,2.2695959967133916,-49.58891942741424
2026-04-14T12:30:28.560,4.003846407165909,4.005396366441033,4.004071951155183,4.003631353594741,0.03288644580686069,2.404004478693267,3.372729025645782,2.5449694719892335,2.2695959967133916,-49.58891942741424
2026-04-14T12:30:28.670,4.003846407165909,4.005396366441033,4.004071951155183,4.003631353594741,0.03288644580686069,2.404004478693267,3.372729025645782,2.5449694719892335,2.2695959967133916,-49.58891942741424
2026-04-14T12:30:28.779,4.003702163916955,4.005131483383864,4.00444173839341,4.003694296103376,0.03540583135996765,2.313852448097009,3.2071771149150274,2.776086495881458,2.3089350646099405,-49.557427108000404
2026-04-14T12:30:28.903,4.003702163916955,4.005131483383864,4.00444173839341,4.003694296103376,0.03540583135996765,2.313852448097009,3.2071771149150274,2.776086495881458,2.3089350646099405,-49.557427108000404
2026-04-14T12:30:28.998,4.003702163916955,4.005131483383864,4.00444173839341,4.003694296103376,0.03540583135996765,2.313852448097009,3.2071771149150274,2.776086495881458,2.3089350646099405,-49.557427108000404
2026-04-14T12:30:29.107,4.00376510642559,4.005236387564921,4.003707409126008,4.004260778681086,0.02154921081787934,2.353191515993558,3.272742228075387,2.317130703755055,2.66298667567888,-49.730634864776505
2026-04-14T12:30:29.221,4.00376510642559,4.005236387564921,4.003707409126008,4.004260778681086,0.02154921081787934,2.353191515993558,3.272742228075387,2.317130703755055,2.66298667567888,-49.730634864776505
2026-04-14T12:30:29.338,4.00376510642559,4.005236387564921,4.003707409126008,4.004260778681086,0.02154921081787934,2.353191515993558,3.272742228075387,2.317130703755055,2.66298667567888,-49.730634864776505
2026-04-14T12:30:29.447,4.004032612087286,4.005522251458302,4.004305362958036,4.0039985182284425,0.029206947933844783,2.5203825545538905,3.4514071614388797,2.690851848772269,2.499073892776593,-49.63491315082694
2026-04-14T12:30:29.556,4.004032612087286,4.005522251458302,4.004305362958036,4.0039985182284425,0.029206947933844783,2.5203825545538905,3.4514071614388797,2.690851848772269,2.499073892776593,-49.63491315082694
2026-04-14T12:30:29.666,4.004032612087286,4.005522251458302,4.004305362958036,4.0039985182284425,0.029206947933844783,2.5203825545538905,3.4514071614388797,2.690851848772269,2.499073892776593,-49.63491315082694
2026-04-14T12:30:29.773,4.004061460737077,4.005579948757884,4.003927707906229,4.003851652374962,0.02802194049977471,2.538412960673142,3.487467973677383,2.4548174413929758,2.4072827343513126,-49.64972574375282
2026-04-14T12:30:29.883,4.004061460737077,4.005579948757884,4.003927707906229,4.003851652374962,0.02802194049977471,2.538412960673142,3.487467973677383,2.4548174413929758,2.4072827343513126,-49.64972574375282
2026-04-14T12:30:29.991,4.004061460737077,4.005579948757884,4.003927707906229,4.003851652374962,0.02802194049977471,2.538412960673142,3.487467973677383,2.4548174413929758,2.4072827343513126,-49.64972574375282
2026-04-14T12:30:30.102,4.004095554595921,4.005490780203985,4.004134893663817,4.003828048934224,0.024481855266061166,2.5597216224504393,3.4317376274906053,2.5843085398857824,2.3925305838901068,-49.69397680917423
2026-04-14T12:30:30.211,4.004095554595921,4.005490780203985,4.004134893663817,4.003828048934224,0.024481855266061166,2.5597216224504393,3.4317376274906053,2.5843085398857824,2.3925305838901068,-49.69397680917423
2026-04-14T12:30:30.320,4.004095554595921,4.005490780203985,4.004134893663817,4.003828048934224,0.024481855266061166,2.5597216224504393,3.4317376274906053,2.5843085398857824,2.3925305838901068,-49.69397680917423
2026-04-14T12:30:30.430,4.003198623847879,4.00566387210273,4.004266023890139,4.004499435692992,0.02502456875477393,1.9991399049246183,3.5399200642061146,2.6662649313369258,2.812147308119961,-49.68719289056532
2026-04-14T12:30:30.538,4.003198623847879,4.00566387210273,4.004266023890139,4.004499435692992,0.02502456875477393,1.9991399049246183,3.5399200642061146,2.6662649313369258,2.812147308119961,-49.68719289056532
2026-04-14T12:30:30.649,4.003198623847879,4.00566387210273,4.004266023890139,4.004499435692992,0.02502456875477393,1.9991399049246183,3.5399200642061146,2.6662649313369258,2.812147308119961,-49.68719289056532
2026-04-14T12:30:30.760,4.003521204204631,4.005152464220075,4.0040824415732885,4.003717899544114,0.02548761787817106,2.200752627894431,3.2202901375466553,2.551525983305325,2.3236872150711463,-49.68140477652286
2026-04-14T12:30:30.868,4.003521204204631,4.005152464220075,4.0040824415732885,4.003717899544114,0.02548761787817106,2.200752627894431,3.2202901375466553,2.551525983305325,2.3236872150711463,-49.68140477652286
2026-04-14T12:30:30.977,4.003521204204631,4.005152464220075,4.0040824415732885,4.003717899544114,0.02548761787817106,2.200752627894431,3.2202901375466553,2.551525983305325,2.3236872150711463,-49.68140477652286
2026-04-14T12:30:31.084,4.003303528028937,4.005149841615548,4.003791332470854,4.0037336351712725,0.016714579647786724,2.064705018085533,3.2186510097176324,2.3695827942837866,2.3335219820452835,-49.79106775440267
2026-04-14T12:30:31.192,4.003303528028937,4.005149841615548,4.003791332470854,4.0037336351712725,0.016714579647786724,2.064705018085533,3.2186510097176324,2.3695827942837866,2.3335219820452835,-49.79106775440267
2026-04-14T12:30:31.301,4.003303528028937,4.005149841615548,4.003791332470854,4.0037336351712725,0.016714579647786724,2.064705018085533,3.2186510097176324,2.3695827942837866,2.3335219820452835,-49.79106775440267
2026-04-14T12:30:31.408,4.003935575719808,4.004916429812695,4.003531694622737,4.003967046974125,0.029301549367657102,2.4597348248800444,3.072768632934597,2.2073091392105226,2.4794043588283188,-49.63373063290429
2026-04-14T12:30:31.516,4.003935575719808,4.004916429812695,4.003531694622737,4.003967046974125,0.029301549367657102,2.4597348248800444,3.072768632934597,2.2073091392105226,2.4794043588283188,-49.63373063290429
2026-04-14T12:30:31.625,4.003935575719808,4.004916429812695,4.003531694622737,4.003967046974125,0.029301549367657102,2.4597348248800444,3.072768632934597,2.2073091392105226,2.4794043588283188,-49.63373063290429
2026-04-14T12:30:31.733,4.003334999283254,4.005461931554194,4.003744125589378,4.003578901504213,0.03498261441922834,2.0843745520338075,3.4137072213713537,2.340078493361375,2.2368134401329343,-49.56271731975965
2026-04-14T12:30:31.842,4.003334999283254,4.005461931554194,4.003744125589378,4.003578901504213,0.03498261441922834,2.0843745520338075,3.4137072213713537,2.340078493361375,2.2368134401329343,-49.56271731975965
2026-04-14T12:30:31.965,4.003334999283254,4.005461931554194,4.003744125589378,4.003578901504213,0.03498261441922834,2.0843745520338075,3.4137072213713537,2.340078493361375,2.2368134401329343,-49.56271731975965
2026-04-14T12:30:32.074,4.002954721626921,4.005682230334415,4.003376960955677,4.004182100545293,0.038343454830981706,1.8467010168254916,3.5513939590092747,2.1106005972981734,2.613812840808194,-49.52070681461273
2026-04-14T12:30:32.182,4.002954721626921,4.005682230334415,4.003376960955677,4.004182100545293,0.038343454830981706,1.8467010168254916,3.5513939590092747,2.1106005972981734,2.613812840808194,-49.52070681461273
2026-04-14T12:30:32.292,4.002954721626921,4.005682230334415,4.003376960955677,4.004182100545293,0.038343454830981706,1.8467010168254916,3.5513939590092747,2.1106005972981734,2.613812840808194,-49.52070681461273
2026-04-14T12:30:32.401,4.003825426329698,4.005254745796606,4.003804445493486,4.004161119709082,0.024237883147282032,2.390891456061084,3.284216122878547,2.377778433428901,2.600699818176011,-49.697026460658975
2026-04-14T12:30:32.508,4.003825426329698,4.005254745796606,4.003804445493486,4.004161119709082,0.024237883147282032,2.390891456061084,3.284216122878547,2.377778433428901,2.600699818176011,-49.697026460658975
2026-04-14T12:30:32.618,4.003825426329698,4.005254745796606,4.003804445493486,4.004161119709082,0.024237883147282032,2.390891456061084,3.284216122878547,2.377778433428901,2.600699818176011,-49.697026460658975
2026-04-14T12:30:32.726,4.003620863176636,4.005711078984206,4.003880501024753,4.004234552635822,0.029381213732972734,2.2630394853973,3.5694243651285262,2.425313140470564,2.6465953973886513,-49.632734828337846
2026-04-14T12:30:32.835,4.003620863176636,4.005711078984206,4.003880501024753,4.004234552635822,0.029381213732972734,2.2630394853973,3.5694243651285262,2.425313140470564,2.6465953973886513,-49.632734828337846
2026-04-14T12:30:32.944,4.003620863176636,4.005711078984206,4.003880501024753,4.004234552635822,0.029381213732972734,2.2630394853973,3.5694243651285262,2.425313140470564,2.6465953973886513,-49.632734828337846
2026-04-14T12:30:33.054,4.003704786521482,4.005396366441033,4.003898859256438,4.004119158036659,0.030197773477457997,2.315491575926032,3.372729025645782,2.436787035273724,2.574473772911645,-49.62252783153178
2026-04-14T12:30:33.163,4.003704786521482,4.005396366441033,4.003898859256438,4.004119158036659,0.030197773477457997,2.315491575926032,3.372729025645782,2.436787035273724,2.574473772911645,-49.62252783153178
2026-04-14T12:30:33.271,4.003704786521482,4.005396366441033,4.003898859256438,4.004119158036659,0.030197773477457997,2.315491575926032,3.372729025645782,2.436787035273724,2.574473772911645,-49.62252783153178
2026-04-14T12:30:33.381,4.004043102505392,4.005815983165263,4.004035234691813,4.003872633211174,0.03801981834688693,2.526939065869982,3.634989478289441,2.5220216823829134,2.4203957569834955,-49.52475227066391
2026-04-14T12:30:33.490,4.004043102505392,4.005815983165263,4.004035234691813,4.003872633211174,0.03801981834688693,2.526939065869982,3.634989478289441,2.5220216823829134,2.4203957569834955,-49.52475227066391
2026-04-14T12:30:33.614,4.004043102505392,4.005815983165263,4.004035234691813,4.003872633211174,0.03801981834688693,2.526939065869982,3.634989478289441,2.5220216823829134,2.4203957569834955,-49.52475227066391
2026-04-14T12:30:33.707,4.003487110345787,4.005795002329052,4.004252910867507,4.004014253855601,0.04686256289692245,2.179443966117134,3.621876455657258,2.6580692921918114,2.5089086597507304,-49.414217963788474
2026-04-14T12:30:33.816,4.003487110345787,4.005795002329052,4.004252910867507,4.004014253855601,0.04686256289692245,2.179443966117134,3.621876455657258,2.6580692921918114,2.5089086597507304,-49.414217963788474
2026-04-14T12:30:33.925,4.003487110345787,4.005795002329052,4.004252910867507,4.004014253855601,0.04686256289692245,2.179443966117134,3.621876455657258,2.6580692921918114,2.5089086597507304,-49.414217963788474
2026-04-14T12:30:34.034,4.003371715746625,4.004840374281429,4.0042502882629805,4.003471374718629,0.04488091180969602,2.1073223416406828,3.025233925892934,2.6564301643627886,2.1696091991429967,-49.4389886023788
2026-04-14T12:30:34.143,4.003371715746625,4.004840374281429,4.0042502882629805,4.003471374718629,0.04488091180969602,2.1073223416406828,3.025233925892934,2.6564301643627886,2.1696091991429967,-49.4389886023788
2026-04-14T12:30:34.251,4.003371715746625,4.004840374281429,4.0042502882629805,4.003471374718629,0.04488091180969602,2.1073223416406828,3.025233925892934,2.6564301643627886,2.1696091991429967,-49.4389886023788
2026-04-14T12:30:34.360,4.003353357514939,4.005637646057465,4.004014253855601,4.003550052854422,0.04091263061241094,2.0958484468369676,3.523528785915886,2.5089086597507304,2.2187830340136827,-49.488592117344865
2026-04-14T12:30:34.469,4.003353357514939,4.005637646057465,4.004014253855601,4.003550052854422,0.04091263061241094,2.0958484468369676,3.523528785915886,2.5089086597507304,2.2187830340136827,-49.488592117344865
2026-04-14T12:30:34.579,4.003353357514939,4.005637646057465,4.004014253855601,4.003550052854422,0.04091263061241094,2.0958484468369676,3.523528785915886,2.5089086597507304,2.2187830340136827,-49.488592117344865
2026-04-14T12:30:34.687,4.00326418896104,4.005398989045561,4.004189968358872,4.004003763437495,0.04410916327070081,2.04011810065019,3.37436815347536,2.6187302242952626,2.502352148434639,-49.44863545911624
2026-04-14T12:30:34.795,4.00326418896104,4.005398989045561,4.004189968358872,4.004003763437495,0.04410916327070081,2.04011810065019,3.37436815347536,2.6187302242952626,2.502352148434639,-49.44863545911624
2026-04-14T12:30:34.904,4.00326418896104,4.005398989045561,4.004189968358872,4.004003763437495,0.04410916327070081,2.04011810065019,3.37436815347536,2.6187302242952626,2.502352148434639,-49.44863545911624
2026-04-14T12:30:35.015,4.003864765397594,4.005370140395769,4.003833294143277,4.00369954131243,0.03717836348824054,2.415478373496427,3.3563377473555533,2.3958088395481525,2.3122133202685413,-49.535270456396994
2026-04-14T12:30:35.122,4.003864765397594,4.005370140395769,4.003833294143277,4.00369954131243,0.03717836348824054,2.415478373496427,3.3563377473555533,2.3958088395481525,2.3122133202685413,-49.535270456396994
2026-04-14T12:30:35.233,4.003864765397594,4.005370140395769,4.003833294143277,4.00369954131243,0.03717836348824054,2.415478373496427,3.3563377473555533,2.3958088395481525,2.3122133202685413,-49.535270456396994
2026-04-14T12:30:35.341,4.003230095102197,4.005797624933578,4.00398540520581,4.003707409126008,0.049516382066499554,2.0188094388728928,3.623515583486281,2.490878253631479,2.317130703755055,-49.38104522416876
2026-04-14T12:30:35.450,4.003230095102197,4.005797624933578,4.00398540520581,4.003707409126008,0.049516382066499554,2.0188094388728928,3.623515583486281,2.490878253631479,2.317130703755055,-49.38104522416876
2026-04-14T12:30:35.560,4.003230095102197,4.005797624933578,4.00398540520581,4.003707409126008,0.049516382066499554,2.0188094388728928,3.623515583486281,2.490878253631479,2.317130703755055,-49.38104522416876
2026-04-14T12:30:35.670,4.00361037275853,4.005210161519656,4.004363060257617,4.003780842052748,0.03576432100388802,2.2564829740812087,3.2563509497851584,2.726912661010772,2.363026282967695,-49.5529459874514
2026-04-14T12:30:35.778,4.00361037275853,4.005210161519656,4.004363060257617,4.003780842052748,0.03576432100388802,2.2564829740812087,3.2563509497851584,2.726912661010772,2.363026282967695,-49.5529459874514
2026-04-14T12:30:35.901,4.00361037275853,4.005210161519656,4.004363060257617,4.003780842052748,0.03576432100388802,2.2564829740812087,3.2563509497851584,2.726912661010772,2.363026282967695,-49.5529459874514
2026-04-14T12:30:36.009,4.003098964875875,4.005454063740615,4.004229307426769,4.004092931991394,0.04961098350031187,1.9368530474217494,3.408789837884285,2.6433171417306056,2.5580824946214165,-49.3798627062461
2026-04-14T12:30:36.106,4.003098964875875,4.005454063740615,4.004229307426769,4.004092931991394,0.04961098350031187,1.9368530474217494,3.408789837884285,2.6433171417306056,2.5580824946214165,-49.3798627062461
2026-04-14T12:30:36.228,4.003098964875875,4.005454063740615,4.004229307426769,4.004092931991394,0.04961098350031187,1.9368530474217494,3.408789837884285,2.6433171417306056,2.5580824946214165,-49.3798627062461
2026-04-14T12:30:36.338,4.003429413046206,4.0053858760229275,4.003738880380325,4.003804445493486,0.04932717919887492,2.1433831538786308,3.3661725143296906,2.3368002377033292,2.377778433428901,-49.38341026001407
2026-04-14T12:30:36.447,4.003429413046206,4.0053858760229275,4.003738880380325,4.003804445493486,0.04932717919887492,2.1433831538786308,3.3661725143296906,2.3368002377033292,2.377778433428901,-49.38341026001407
2026-04-14T12:30:36.557,4.003429413046206,4.0053858760229275,4.003738880380325,4.003804445493486,0.04932717919887492,2.1433831538786308,3.3661725143296906,2.3368002377033292,2.377778433428901,-49.38341026001407
2026-04-14T12:30:36.665,4.003219604684091,4.00589203869653,4.0041663649181345,4.003796577679907,0.044243596887170944,2.0122529275568013,3.682524185331104,2.6039780738340568,2.3728610499418323,-49.44695503891036
2026-04-14T12:30:36.774,4.003219604684091,4.00589203869653,4.0041663649181345,4.003796577679907,0.044243596887170944,2.0122529275568013,3.682524185331104,2.6039780738340568,2.3728610499418323,-49.44695503891036
2026-04-14T12:30:36.883,4.003219604684091,4.00589203869653,4.0041663649181345,4.003796577679907,0.044243596887170944,2.0122529275568013,3.682524185331104,2.6039780738340568,2.3728610499418323,-49.44695503891036
2026-04-14T12:30:36.992,4.003466129509576,4.0052442553785,4.003977537392231,4.003494978159367,0.027882527860472347,2.166330943484951,3.2776596115624557,2.4859608701444103,2.1843613496042025,-49.6514684017441
2026-04-14T12:30:37.102,4.003466129509576,4.0052442553785,4.003977537392231,4.003494978159367,0.027882527860472347,2.166330943484951,3.2776596115624557,2.4859608701444103,2.1843613496042025,-49.6514684017441
2026-04-14T12:30:37.210,4.003466129509576,4.0052442553785,4.003977537392231,4.003494978159367,0.027882527860472347,2.166330943484951,3.2776596115624557,2.4859608701444103,2.1843613496042025,-49.6514684017441
2026-04-14T12:30:37.319,4.003788709866328,4.0053439143505045,4.003620863176636,4.004203081381505,0.03700907671194481,2.3679436664547637,3.3399464690653247,2.2630394853973,2.626925863440377,-49.537386541100695
2026-04-14T12:30:37.428,4.003788709866328,4.0053439143505045,4.003620863176636,4.004203081381505,0.03700907671194481,2.3679436664547637,3.3399464690653247,2.2630394853973,2.626925863440377,-49.537386541100695
2026-04-14T12:30:37.536,4.003788709866328,4.0053439143505045,4.003620863176636,4.004203081381505,0.03700907671194481,2.3679436664547637,3.3399464690653247,2.2630394853973,2.626925863440377,-49.537386541100695
2026-04-14T12:30:37.645,4.0030071737174495,4.005485534994932,4.0037100317305345,4.003885746233806,0.039682811972850826,1.879483573405949,3.4284593718325596,2.3187698315840777,2.42859139612861,-49.503964850339365
2026-04-14T12:30:37.754,4.0030071737174495,4.005485534994932,4.0037100317305345,4.003885746233806,0.039682811972850826,1.879483573405949,3.4284593718325596,2.3187698315840777,2.42859139612861,-49.503964850339365
2026-04-14T12:30:37.862,4.0030071737174495,4.005485534994932,4.0037100317305345,4.003885746233806,0.039682811972850826,1.879483573405949,3.4284593718325596,2.3187698315840777,2.42859139612861,-49.503964850339365
2026-04-14T12:30:37.968,4.003626108385689,4.005517006249249,4.004027366878234,4.003870010606647,0.03791027984457794,2.266317741055901,3.448128905780834,2.5171042988964,2.4187566291544726,-49.526121501942775
2026-04-14T12:30:38.078,4.003626108385689,4.005517006249249,4.004027366878234,4.003870010606647,0.03791027984457794,2.266317741055901,3.448128905780834,2.5171042988964,2.4187566291544726,-49.526121501942775
2026-04-14T12:30:38.187,4.003626108385689,4.005517006249249,4.004027366878234,4.003870010606647,0.03791027984457794,2.266317741055901,3.448128905780834,2.5171042988964,2.4187566291544726,-49.526121501942775
2026-04-14T12:30:38.295,4.003953933951494,4.005467176763247,4.00421357179961,4.003266811565567,0.03192549440024084,2.4712087196837595,3.4169854770293995,2.6334823747564684,2.041757228479213,-49.60093131999699
2026-04-14T12:30:38.403,4.003953933951494,4.005467176763247,4.00421357179961,4.003266811565567,0.03192549440024084,2.4712087196837595,3.4169854770293995,2.6334823747564684,2.041757228479213,-49.60093131999699
2026-04-14T12:30:38.513,4.003953933951494,4.005467176763247,4.00421357179961,4.003266811565567,0.03192549440024084,2.4712087196837595,3.4169854770293995,2.6334823747564684,2.041757228479213,-49.60093131999699
2026-04-14T12:30:38.622,4.003633976199268,4.0053675177912424,4.004216194404137,4.004119158036659,0.03151223550516598,2.2712351245424145,3.3546986195265305,2.6351215025854913,2.574473772911645,-49.606097056185426
2026-04-14T12:30:38.731,4.003633976199268,4.0053675177912424,4.004216194404137,4.004119158036659,0.03151223550516598,2.2712351245424145,3.3546986195265305,2.6351215025854913,2.574473772911645,-49.606097056185426
2026-04-14T12:30:38.855,4.003633976199268,4.0053675177912424,4.004216194404137,4.004119158036659,0.03151223550516598,2.2712351245424145,3.3546986195265305,2.6351215025854913,2.574473772911645,-49.606097056185426
2026-04-14T12:30:38.950,4.003219604684091,4.0054697993677735,4.0042922499354034,4.004045725109918,0.023097686918702003,2.0122529275568013,3.4186246048584223,2.6826562096271545,2.528578193699005,-49.711278913516225
2026-04-14T12:30:39.059,4.003219604684091,4.0054697993677735,4.0042922499354034,4.004045725109918,0.023097686918702003,2.0122529275568013,3.4186246048584223,2.6826562096271545,2.528578193699005,-49.711278913516225
2026-04-14T12:30:39.169,4.003219604684091,4.0054697993677735,4.0042922499354034,4.004045725109918,0.023097686918702003,2.0122529275568013,3.4186246048584223,2.6826562096271545,2.528578193699005,-49.711278913516225
2026-04-14T12:30:39.292,4.0037100317305345,4.005364895186716,4.004053592923498,4.003870010606647,0.026886723294026905,2.3187698315840777,3.3530594916975076,2.5334955771860734,2.4187566291544726,-49.66391595882466
2026-04-14T12:30:39.401,4.0037100317305345,4.005364895186716,4.004053592923498,4.003870010606647,0.026886723294026905,2.3187698315840777,3.3530594916975076,2.5334955771860734,2.4187566291544726,-49.66391595882466
2026-04-14T12:30:39.509,4.0037100317305345,4.005364895186716,4.004053592923498,4.003870010606647,0.026886723294026905,2.3187698315840777,3.3530594916975076,2.5334955771860734,2.4187566291544726,-49.66391595882466
2026-04-14T12:30:39.618,4.0032956602153575,4.005375385604822,4.004179477940767,4.004016876460128,0.026956429613678088,2.0597876345984645,3.359616003013599,2.612173712979171,2.5105477875797533,-49.663044629829024
2026-04-14T12:30:39.726,4.0032956602153575,4.005375385604822,4.004179477940767,4.004016876460128,0.026956429613678088,2.0597876345984645,3.359616003013599,2.612173712979171,2.5105477875797533,-49.663044629829024
2026-04-14T12:30:39.834,4.0032956602153575,4.005375385604822,4.004179477940767,4.004016876460128,0.026956429613678088,2.0597876345984645,3.359616003013599,2.612173712979171,2.5105477875797533,-49.663044629829024
2026-04-14T12:30:39.944,4.003070116226084,4.00513410598839,4.00440502193004,4.004035234691813,0.03642653104057423,1.9188226413024978,3.208816242743495,2.753138706275138,2.5220216823829134,-49.54466836199282
2026-04-14T12:30:40.054,4.003070116226084,4.00513410598839,4.00440502193004,4.004035234691813,0.03642653104057423,1.9188226413024978,3.208816242743495,2.753138706275138,2.5220216823829134,-49.54466836199282
2026-04-14T12:30:40.163,4.003070116226084,4.00513410598839,4.00440502193004,4.004035234691813,0.03642653104057423,1.9188226413024978,3.208816242743495,2.753138706275138,2.5220216823829134,-49.54466836199282
2026-04-14T12:30:40.271,4.00394868874244,4.005307197887134,4.004003763437495,4.004069328550656,0.014379417939472169,2.4679304640251587,3.3169986794590045,2.502352148434639,2.5433303441602106,-49.820257275756596
2026-04-14T12:30:40.381,4.00394868874244,4.005307197887134,4.004003763437495,4.004069328550656,0.014379417939472169,2.4679304640251587,3.3169986794590045,2.502352148434639,2.5433303441602106,-49.820257275756596
2026-04-14T12:30:40.490,4.00394868874244,4.005307197887134,4.004003763437495,4.004069328550656,0.014379417939472169,2.4679304640251587,3.3169986794590045,2.502352148434639,2.5433303441602106,-49.820257275756596
2026-04-14T12:30:40.600,4.0029468538133415,4.004981994925856,4.003846407165909,4.00399327301939,0.013463277738342362,1.841783633338423,3.113746828660169,2.404004478693267,2.4957956371185475,-49.83170902827072
2026-04-14T12:30:40.709,4.0029468538133415,4.004981994925856,4.003846407165909,4.00399327301939,0.013463277738342362,1.841783633338423,3.113746828660169,2.404004478693267,2.4957956371185475,-49.83170902827072
2026-04-14T12:30:40.818,4.0029468538133415,4.004981994925856,4.003846407165909,4.00399327301939,0.013463277738342362,1.841783633338423,3.113746828660169,2.404004478693267,2.4957956371185475,-49.83170902827072
2026-04-14T12:30:40.926,4.003332376678728,4.004850864699534,4.00414800668645,4.003644466617374,0.019975839602895548,2.0827354242047846,3.0317904372090254,2.592504179031452,2.277791635858506,-49.75030200496381
2026-04-14T12:30:41.036,4.003332376678728,4.004850864699534,4.00414800668645,4.003644466617374,0.019975839602895548,2.0827354242047846,3.0317904372090254,2.592504179031452,2.277791635858506,-49.75030200496381
2026-04-14T12:30:41.145,4.003332376678728,4.004850864699534,4.00414800668645,4.003644466617374,0.019975839602895548,2.0827354242047846,3.0317904372090254,2.592504179031452,2.277791635858506,-49.75030200496381
2026-04-14T12:30:41.254,4.003222227288617,4.0049951079484885,4.004014253855601,4.003822803725171,0.02684191208853686,2.013892055385824,3.121942467805283,2.5089086597507304,2.389252328232061,-49.66447609889329
2026-04-14T12:30:41.362,4.003222227288617,4.0049951079484885,4.004014253855601,4.003822803725171,0.02684191208853686,2.013892055385824,3.121942467805283,2.5089086597507304,2.389252328232061,-49.66447609889329
2026-04-14T12:30:41.471,4.003222227288617,4.0049951079484885,4.004014253855601,4.003822803725171,0.02684191208853686,2.013892055385824,3.121942467805283,2.5089086597507304,2.389252328232061,-49.66447609889329
2026-04-14T12:30:41.581,4.003772974239169,4.005202293706077,4.004507303506571,4.003969669578652,0.019119447675752466,2.3581088994806265,3.2514335662980898,2.8170646916070297,2.4810434866573416,-49.7610069040531
2026-04-14T12:30:41.690,4.003772974239169,4.005202293706077,4.004507303506571,4.003969669578652,0.019119447675752466,2.3581088994806265,3.2514335662980898,2.8170646916070297,2.4810434866573416,-49.7610069040531
2026-04-14T12:30:41.799,4.003772974239169,4.005202293706077,4.004507303506571,4.003969669578652,0.019119447675752466,2.3581088994806265,3.2514335662980898,2.8170646916070297,2.4810434866573416,-49.7610069040531
2026-04-14T12:30:41.907,4.003487110345787,4.0052416327739735,4.004528284342783,4.003466129509576,0.020418972634963766,2.179443966117134,3.276020483733433,2.8301777142392126,2.166330943484951,-49.744762842062954
2026-04-14T12:30:42.014,4.003487110345787,4.0052416327739735,4.004528284342783,4.003466129509576,0.020418972634963766,2.179443966117134,3.276020483733433,2.8301777142392126,2.166330943484951,-49.744762842062954
2026-04-14T12:30:42.123,4.003487110345787,4.0052416327739735,4.004528284342783,4.003466129509576,0.020418972634963766,2.179443966117134,3.276020483733433,2.8301777142392126,2.166330943484951,-49.744762842062954
2026-04-14T12:30:42.231,4.003909349674544,4.0050737860842816,4.003893614047386,4.0039198400926495,0.02462126790536353,2.4433435465898157,3.1711163026759692,2.4335087796162336,2.449900057905907,-49.69223415118296
2026-04-14T12:30:42.341,4.003909349674544,4.0050737860842816,4.003893614047386,4.0039198400926495,0.02462126790536353,2.4433435465898157,3.1711163026759692,2.4335087796162336,2.449900057905907,-49.69223415118296
2026-04-14T12:30:42.464,4.003909349674544,4.0050737860842816,4.003893614047386,4.0039198400926495,0.02462126790536353,2.4433435465898157,3.1711163026759692,2.4335087796162336,2.449900057905907,-49.69223415118296
2026-04-14T12:30:42.573,4.003890991442859,4.00536227258219,4.004546642574468,4.003563165877054,0.02151933668088598,2.4318696517866556,3.3514203638684847,2.8416516090423727,2.226978673158797,-49.731008291488926
2026-04-14T12:30:42.682,4.003890991442859,4.00536227258219,4.004546642574468,4.003563165877054,0.02151933668088598,2.4318696517866556,3.3514203638684847,2.8416516090423727,2.226978673158797,-49.731008291488926
2026-04-14T12:30:42.790,4.003890991442859,4.00536227258219,4.004546642574468,4.003563165877054,0.02151933668088598,2.4318696517866556,3.3514203638684847,2.8416516090423727,2.226978673158797,-49.731008291488926
2026-04-14T12:30:42.900,4.003067493621558,4.0051577094291275,4.004153251895502,4.003521204204631,0.019179195949739193,1.917183513473475,3.223568393204701,2.5957824346889424,2.200752627894431,-49.76026005062826
2026-04-14T12:30:43.009,4.003067493621558,4.0051577094291275,4.004153251895502,4.003521204204631,0.019179195949739193,1.917183513473475,3.223568393204701,2.5957824346889424,2.200752627894431,-49.76026005062826
2026-04-14T12:30:43.118,4.003067493621558,4.0051577094291275,4.004153251895502,4.003521204204631,0.019179195949739193,1.917183513473475,3.223568393204701,2.5957824346889424,2.200752627894431,-49.76026005062826
2026-04-14T12:30:43.228,4.003424167837153,4.005220651937762,4.003946066137914,4.003657579640006,0.031108934655755576,2.140104898220585,3.26290746110125,2.466291336196136,2.2859872750036203,-49.61113831680306
2026-04-14T12:30:43.336,4.003424167837153,4.005220651937762,4.003946066137914,4.003657579640006,0.031108934655755576,2.140104898220585,3.26290746110125,2.466291336196136,2.2859872750036203,-49.61113831680306
2026-04-14T12:30:43.444,4.003424167837153,4.005220651937762,4.003946066137914,4.003657579640006,0.031108934655755576,2.140104898220585,3.26290746110125,2.466291336196136,2.2859872750036203,-49.61113831680306
2026-04-14T12:30:43.554,4.003825426329698,4.005419969881771,4.004585981642364,4.003670692662638,0.023207225421011002,2.390891456061084,3.387481176106988,2.8662385264777157,2.2941829141487347,-49.70990968223737
2026-04-14T12:30:43.662,4.003825426329698,4.005419969881771,4.004585981642364,4.003670692662638,0.023207225421011002,2.390891456061084,3.387481176106988,2.8662385264777157,2.2941829141487347,-49.70990968223737
2026-04-14T12:30:43.772,4.003825426329698,4.005419969881771,4.004585981642364,4.003670692662638,0.023207225421011002,2.390891456061084,3.387481176106988,2.8662385264777157,2.2941829141487347,-49.70990968223737
2026-04-14T12:30:43.882,4.003660202244532,4.005275726632817,4.0042266848222425,4.00414013887287,0.029615227806087416,2.287626402832643,3.29732914551073,2.6416780139015827,2.587586795543828,-49.62980965242391
2026-04-14T12:30:43.990,4.003660202244532,4.005275726632817,4.0042266848222425,4.00414013887287,0.029615227806087416,2.287626402832643,3.29732914551073,2.6416780139015827,2.587586795543828,-49.62980965242391
2026-04-14T12:30:44.100,4.003660202244532,4.005275726632817,4.0042266848222425,4.00414013887287,0.029615227806087416,2.287626402832643,3.29732914551073,2.6416780139015827,2.587586795543828,-49.62980965242391
2026-04-14T12:30:44.208,4.003518581600105,4.0055301192718815,4.003620863176636,4.003657579640006,0.0213400918589258,2.1991135000654083,3.4563245449259483,2.2630394853973,2.2859872750036203,-49.73324885176343
2026-04-14T12:30:44.317,4.003518581600105,4.0055301192718815,4.003620863176636,4.003657579640006,0.0213400918589258,2.1991135000654083,3.4563245449259483,2.2630394853973,2.2859872750036203,-49.73324885176343
2026-04-14T12:30:44.421,4.003518581600105,4.0055301192718815,4.003620863176636,4.003657579640006,0.0213400918589258,2.1991135000654083,3.4563245449259483,2.2630394853973,2.2859872750036203,-49.73324885176343
2026-04-14T12:30:44.533,4.003502845972946,4.0058186057697895,4.0040824415732885,4.0041060450140264,0.014722970514895845,2.189278733091271,3.636628606118464,2.551525983305325,2.566278133766531,-49.8159628685638
2026-04-14T12:30:44.641,4.003502845972946,4.0058186057697895,4.0040824415732885,4.0041060450140264,0.014722970514895845,2.189278733091271,3.636628606118464,2.551525983305325,2.566278133766531,-49.8159628685638
2026-04-14T12:30:44.750,4.003502845972946,4.0058186057697895,4.0040824415732885,4.0041060450140264,0.014722970514895845,2.189278733091271,3.636628606118464,2.551525983305325,2.566278133766531,-49.8159628685638
2026-04-14T12:30:44.860,4.003620863176636,4.005359649977663,4.00395655655602,4.003828048934224,0.026393800033636415,2.2630394853973,3.349781236039462,2.4728478475122273,2.3925305838901068,-49.67007749957955
2026-04-14T12:30:44.971,4.003620863176636,4.005359649977663,4.00395655655602,4.003828048934224,0.026393800033636415,2.2630394853973,3.349781236039462,2.4728478475122273,2.3925305838901068,-49.67007749957955
2026-04-14T12:30:45.079,4.003620863176636,4.005359649977663,4.00395655655602,4.003828048934224,0.026393800033636415,2.2630394853973,3.349781236039462,2.4728478475122273,2.3925305838901068,-49.67007749957955
2026-04-14T12:30:45.185,4.00352907201821,4.005404234254613,4.00399327301939,4.003841161956856,0.02896795483789788,2.2056700113814998,3.3776464091328506,2.4957956371185475,2.400726223035221,-49.63790056452628
2026-04-14T12:30:45.309,4.00352907201821,4.005404234254613,4.00399327301939,4.003841161956856,0.02896795483789788,2.2056700113814998,3.3776464091328506,2.4957956371185475,2.400726223035221,-49.63790056452628
2026-04-14T12:30:45.418,4.00352907201821,4.005404234254613,4.00399327301939,4.003841161956856,0.02896795483789788,2.2056700113814998,3.3776464091328506,2.4957956371185475,2.400726223035221,-49.63790056452628
2026-04-14T12:30:45.527,4.003311395842516,4.005501270622091,4.004570246015206,4.003888368838332,0.032498082025946964,2.0696224015726017,3.4382941388066968,2.8564037595035785,2.4302305239576327,-49.59377397467566
2026-04-14T12:30:45.622,4.003311395842516,4.005501270622091,4.004570246015206,4.003888368838332,0.032498082025946964,2.0696224015726017,3.4382941388066968,2.8564037595035785,2.4302305239576327,-49.59377397467566
2026-04-14T12:30:45.745,4.003311395842516,4.005501270622091,4.004570246015206,4.003888368838332,0.032498082025946964,2.0696224015726017,3.4382941388066968,2.8564037595035785,2.4302305239576327,-49.59377397467566
2026-04-14T12:30:45.840,4.003342867096833,4.005236387564921,4.0041847231498195,4.003969669578652,0.025880960681917014,2.089291935520876,3.272742228075387,2.615451968637217,2.4810434866573416,-49.67648799147604
2026-04-14T12:30:45.964,4.003342867096833,4.005236387564921,4.0041847231498195,4.003969669578652,0.025880960681917014,2.089291935520876,3.272742228075387,2.615451968637217,2.4810434866573416,-49.67648799147604
2026-04-14T12:30:46.074,4.003342867096833,4.005236387564921,4.0041847231498195,4.003969669578652,0.025880960681917014,2.089291935520876,3.272742228075387,2.615451968637217,2.4810434866573416,-49.67648799147604
2026-04-14T12:30:46.169,4.003088474457769,4.005328178723346,4.0042214396131905,4.003930330510755,0.024720848362008073,1.9302965361056579,3.3301117020911875,2.638399758244092,2.4564565692219986,-49.6909893954749
2026-04-14T12:30:46.293,4.003088474457769,4.005328178723346,4.0042214396131905,4.003930330510755,0.024720848362008073,1.9302965361056579,3.3301117020911875,2.638399758244092,2.4564565692219986,-49.6909893954749
2026-04-14T12:30:46.401,4.003088474457769,4.005328178723346,4.0042214396131905,4.003930330510755,0.024720848362008073,1.9302965361056579,3.3301117020911875,2.638399758244092,2.4564565692219986,-49.6909893954749
2026-04-14T12:30:46.510,4.003778219448222,4.005745172843049,4.003982782601284,4.004069328550656,0.024855281978478208,2.3613871551386723,3.5907330269058235,2.489239125802456,2.5433303441602106,-49.68930897526902
2026-04-14T12:30:46.619,4.003778219448222,4.005745172843049,4.003982782601284,4.004069328550656,0.024855281978478208,2.3613871551386723,3.5907330269058235,2.489239125802456,2.5433303441602106,-49.68930897526902
2026-04-14T12:30:46.728,4.003778219448222,4.005745172843049,4.003982782601284,4.004069328550656,0.024855281978478208,2.3613871551386723,3.5907330269058235,2.489239125802456,2.5433303441602106,-49.68930897526902
2026-04-14T12:30:46.837,4.003804445493486,4.005419969881771,4.004224062217716,4.004037857296339,0.021569126909208255,2.377778433428901,3.387481176106988,2.64003888607256,2.5236608102119362,-49.7303859136349
2026-04-14T12:30:46.946,4.003804445493486,4.005419969881771,4.004224062217716,4.004037857296339,0.021569126909208255,2.377778433428901,3.387481176106988,2.64003888607256,2.5236608102119362,-49.7303859136349
2026-04-14T12:30:47.056,4.003804445493486,4.005419969881771,4.004224062217716,4.004037857296339,0.021569126909208255,2.377778433428901,3.387481176106988,2.64003888607256,2.5236608102119362,-49.7303859136349
2026-04-14T12:30:47.166,4.002920627768077,4.005585193966937,4.004418134952672,4.003615617967583,0.02839536721219175,1.8253923550481943,3.4907462293354286,2.761334345420252,2.2597612297392544,-49.6450579098476
2026-04-14T12:30:47.276,4.002920627768077,4.005585193966937,4.004418134952672,4.003615617967583,0.02839536721219175,1.8253923550481943,3.4907462293354286,2.761334345420252,2.2597612297392544,-49.6450579098476
2026-04-14T12:30:47.385,4.002920627768077,4.005585193966937,4.004418134952672,4.003615617967583,0.02839536721219175,1.8253923550481943,3.4907462293354286,2.761334345420252,2.2597612297392544,-49.6450579098476
2026-04-14T12:30:47.494,4.0033376218877805,4.005346536955031,4.00459647206047,4.003560543272528,0.037019034757609266,2.0860136798628304,3.3415855968943475,2.872795037793807,2.225339545329774,-49.53726206552989
2026-04-14T12:30:47.604,4.0033376218877805,4.005346536955031,4.00459647206047,4.003560543272528,0.037019034757609266,2.0860136798628304,3.3415855968943475,2.872795037793807,2.225339545329774,-49.53726206552989
2026-04-14T12:30:47.712,4.0033376218877805,4.005346536955031,4.00459647206047,4.003560543272528,0.037019034757609266,2.0860136798628304,3.3415855968943475,2.872795037793807,2.225339545329774,-49.53726206552989
2026-04-14T12:30:47.809,4.003237962915777,4.005608797407675,4.004231930031295,4.003513336391052,0.038448014310458474,2.0237268223605165,3.5054983797966344,2.6449562695596285,2.1958352444073626,-49.51939982111927
2026-04-14T12:30:47.921,4.003237962915777,4.005608797407675,4.004231930031295,4.003513336391052,0.038448014310458474,2.0237268223605165,3.5054983797966344,2.6449562695596285,2.1958352444073626,-49.51939982111927
2026-04-14T12:30:48.031,4.003237962915777,4.005608797407675,4.004231930031295,4.003513336391052,0.038448014310458474,2.0237268223605165,3.5054983797966344,2.6449562695596285,2.1958352444073626,-49.51939982111927
2026-04-14T12:30:48.142,4.00383853935233,4.005430460299877,4.004473209647728,4.0039198400926495,0.03758664336048317,2.3990870952061982,3.3940376874230793,2.7957560298297324,2.449900057905907,-49.53016695799396
2026-04-14T12:30:48.253,4.00383853935233,4.005430460299877,4.004473209647728,4.0039198400926495,0.03758664336048317,2.3990870952061982,3.3940376874230793,2.7957560298297324,2.449900057905907,-49.53016695799396
2026-04-14T12:30:48.364,4.00383853935233,4.005430460299877,4.004473209647728,4.0039198400926495,0.03758664336048317,2.3990870952061982,3.3940376874230793,2.7957560298297324,2.449900057905907,-49.53016695799396
2026-04-14T12:30:48.469,4.003927707906229,4.005467176763247,4.004541397365415,4.00394868874244,0.051393473674249214,2.4548174413929758,3.4169854770293995,2.838373353384327,2.4679304640251587,-49.35758157907188
2026-04-14T12:30:48.586,4.003927707906229,4.005467176763247,4.004541397365415,4.00394868874244,0.051393473674249214,2.4548174413929758,3.4169854770293995,2.838373353384327,2.4679304640251587,-49.35758157907188
2026-04-14T12:30:48.693,4.003927707906229,4.005467176763247,4.004541397365415,4.00394868874244,0.051393473674249214,2.4548174413929758,3.4169854770293995,2.838373353384327,2.4679304640251587,-49.35758157907188
2026-04-14T12:30:48.802,4.003143549152824,4.00520753891513,4.003849029770436,4.00429487253993,0.051473138039564846,1.9647182205151381,3.2547118219561355,2.4056436065222897,2.6842953374561773,-49.35658577450544
2026-04-14T12:30:48.911,4.003143549152824,4.00520753891513,4.003849029770436,4.00429487253993,0.051473138039564846,1.9647182205151381,3.2547118219561355,2.4056436065222897,2.6842953374561773,-49.35658577450544
2026-04-14T12:30:49.021,4.003143549152824,4.00520753891513,4.003849029770436,4.00429487253993,0.051473138039564846,1.9647182205151381,3.2547118219561355,2.4056436065222897,2.6842953374561773,-49.35658577450544
2026-04-14T12:30:49.130,4.003780842052748,4.005490780203985,4.003689050894323,4.004077196364236,0.03619251696745955,2.363026282967695,3.4317376274906053,2.3056568089518947,2.5482477276472792,-49.54759353790676
2026-04-14T12:30:49.235,4.003780842052748,4.005490780203985,4.003689050894323,4.004077196364236,0.03619251696745955,2.363026282967695,3.4317376274906053,2.3056568089518947,2.5482477276472792,-49.54759353790676
2026-04-14T12:30:49.349,4.003780842052748,4.005490780203985,4.003689050894323,4.004077196364236,0.03619251696745955,2.363026282967695,3.4317376274906053,2.3056568089518947,2.5482477276472792,-49.54759353790676
2026-04-14T12:30:49.458,4.003571033690633,4.005480289785879,4.003830671538751,4.003466129509576,0.04303867336177196,2.2318960566458657,3.425181116174514,2.3941697117191296,2.166330943484951,-49.46201658297785
2026-04-14T12:30:49.567,4.003571033690633,4.005480289785879,4.003830671538751,4.003466129509576,0.04303867336177196,2.2318960566458657,3.425181116174514,2.3941697117191296,2.166330943484951,-49.46201658297785
2026-04-14T12:30:49.676,4.003571033690633,4.005480289785879,4.003830671538751,4.003466129509576,0.04303867336177196,2.2318960566458657,3.425181116174514,2.3941697117191296,2.166330943484951,-49.46201658297785
2026-04-14T12:30:49.785,4.0036680700581115,4.005480289785879,4.00372052214864,4.00369954131243,0.0420030366126687,2.292543786319712,3.425181116174514,2.325326342900169,2.3122133202685413,-49.474962042341645
2026-04-14T12:30:49.894,4.0036680700581115,4.005480289785879,4.00372052214864,4.00369954131243,0.0420030366126687,2.292543786319712,3.425181116174514,2.325326342900169,2.3122133202685413,-49.474962042341645
2026-04-14T12:30:50.000,4.0036680700581115,4.005480289785879,4.00372052214864,4.00369954131243,0.0420030366126687,2.292543786319712,3.425181116174514,2.325326342900169,2.3122133202685413,-49.474962042341645
2026-04-14T12:30:50.112,4.003775596843695,4.005370140395769,4.004069328550656,4.004011631251075,0.03744225169834858,2.3597480273096494,3.3563377473555533,2.5433303441602106,2.5072695319217075,-49.53197185377064
2026-04-14T12:30:50.220,4.003775596843695,4.005370140395769,4.004069328550656,4.004011631251075,0.03744225169834858,2.3597480273096494,3.3563377473555533,2.5433303441602106,2.5072695319217075,-49.53197185377064
2026-04-14T12:30:50.329,4.003775596843695,4.005370140395769,4.004069328550656,4.004011631251075,0.03744225169834858,2.3597480273096494,3.3563377473555533,2.5433303441602106,2.5072695319217075,-49.53197185377064
2026-04-14T12:30:50.437,4.003054380598925,4.005223274542288,4.0038752558157,4.004153251895502,0.04038485419219486,1.9089878743283606,3.2645465889302727,2.4220348848125184,2.5957824346889424,-49.49518932259757
2026-04-14T12:30:50.547,4.003054380598925,4.005223274542288,4.0038752558157,4.004153251895502,0.04038485419219486,1.9089878743283606,3.2645465889302727,2.4220348848125184,2.5957824346889424,-49.49518932259757
2026-04-14T12:30:50.658,4.003054380598925,4.005223274542288,4.0038752558157,4.004153251895502,0.04038485419219486,1.9089878743283606,3.2645465889302727,2.4220348848125184,2.5957824346889424,-49.49518932259757
2026-04-14T12:30:50.766,4.0034818651367345,4.004989862739436,4.004043102505392,4.003974914787705,0.03073052892050631,2.176165710459088,3.1186642121472374,2.526939065869982,2.4843217423153874,-49.61586838849367
2026-04-14T12:30:50.877,4.0034818651367345,4.004989862739436,4.004043102505392,4.003974914787705,0.03073052892050631,2.176165710459088,3.1186642121472374,2.526939065869982,2.4843217423153874,-49.61586838849367
2026-04-14T12:30:50.985,4.0034818651367345,4.004989862739436,4.004043102505392,4.003974914787705,0.03073052892050631,2.176165710459088,3.1186642121472374,2.526939065869982,2.4843217423153874,-49.61586838849367
2026-04-14T12:30:51.096,4.003555298063475,4.005315065700714,4.004111290223079,4.003602504944951,0.038467930401787385,2.2220612896717284,3.321916062946073,2.5695563894245765,2.25156559059414,-49.51915086997766
2026-04-14T12:30:51.203,4.003555298063475,4.005315065700714,4.004111290223079,4.003602504944951,0.038467930401787385,2.2220612896717284,3.321916062946073,2.5695563894245765,2.25156559059414,-49.51915086997766
2026-04-14T12:30:51.311,4.003555298063475,4.005315065700714,4.004111290223079,4.003602504944951,0.038467930401787385,2.2220612896717284,3.321916062946073,2.5695563894245765,2.25156559059414,-49.51915086997766
2026-04-14T12:30:51.421,4.003531694622737,4.005018711389226,4.003828048934224,4.003796577679907,0.0427897222201606,2.2073091392105226,3.136694618266489,2.3925305838901068,2.3728610499418323,-49.46512847224799
2026-04-14T12:30:51.529,4.003531694622737,4.005018711389226,4.003828048934224,4.003796577679907,0.0427897222201606,2.2073091392105226,3.136694618266489,2.3925305838901068,2.3728610499418323,-49.46512847224799
2026-04-14T12:30:51.639,4.003531694622737,4.005018711389226,4.003828048934224,4.003796577679907,0.0427897222201606,2.2073091392105226,3.136694618266489,2.3925305838901068,2.3728610499418323,-49.46512847224799
2026-04-14T12:30:51.747,4.003458261695997,4.005451441136088,4.004357815048564,4.003969669578652,0.03624230719578182,2.1614135599978823,3.4071507100552623,2.723634405352726,2.4810434866573416,-49.54697116005273
2026-04-14T12:30:51.856,4.003458261695997,4.005451441136088,4.004357815048564,4.003969669578652,0.03624230719578182,2.1614135599978823,3.4071507100552623,2.723634405352726,2.4810434866573416,-49.54697116005273
2026-04-14T12:30:51.981,4.003458261695997,4.005451441136088,4.004357815048564,4.003969669578652,0.03624230719578182,2.1614135599978823,3.4071507100552623,2.723634405352726,2.4810434866573416,-49.54697116005273
2026-04-14T12:30:52.091,4.003334999283254,4.005239010169447,4.003770351634643,4.004189968358872,0.03661573390819886,2.0843745520338075,3.27438135590441,2.3564697716516037,2.6187302242952626,-49.54230332614751
2026-04-14T12:30:52.200,4.003334999283254,4.005239010169447,4.003770351634643,4.004189968358872,0.03661573390819886,2.0843745520338075,3.27438135590441,2.3564697716516037,2.6187302242952626,-49.54230332614751
2026-04-14T12:30:52.323,4.003334999283254,4.005239010169447,4.003770351634643,4.004189968358872,0.03661573390819886,2.0843745520338075,3.27438135590441,2.3564697716516037,2.6187302242952626,-49.54230332614751
2026-04-14T12:30:52.419,4.0037519934029575,4.005784511910946,4.003662824849059,4.0036470892219,0.03053136800721722,2.3449958768484436,3.6153199443411665,2.289265530661666,2.279430763687529,-49.61835789990979
2026-04-14T12:30:52.540,4.0037519934029575,4.005784511910946,4.003662824849059,4.0036470892219,0.03053136800721722,2.3449958768484436,3.6153199443411665,2.289265530661666,2.279430763687529,-49.61835789990979
2026-04-14T12:30:52.652,4.0037519934029575,4.005784511910946,4.003662824849059,4.0036470892219,0.03053136800721722,2.3449958768484436,3.6153199443411665,2.289265530661666,2.279430763687529,-49.61835789990979
2026-04-14T12:30:52.761,4.003369093142098,4.00494265585796,4.004111290223079,4.004252910867507,0.034912908099577165,2.105683213811105,3.089159911224826,2.5695563894245765,2.6580692921918114,-49.563588648755285
2026-04-14T12:30:52.872,4.003369093142098,4.00494265585796,4.004111290223079,4.004252910867507,0.034912908099577165,2.105683213811105,3.089159911224826,2.5695563894245765,2.6580692921918114,-49.563588648755285
2026-04-14T12:30:52.995,4.003369093142098,4.00494265585796,4.004111290223079,4.004252910867507,0.034912908099577165,2.105683213811105,3.089159911224826,2.5695563894245765,2.6580692921918114,-49.563588648755285
2026-04-14T12:30:53.105,4.003453016486944,4.005068540875229,4.003744125589378,4.00353693983179,0.042256966777112284,2.1581353043398366,3.1678380470179235,2.340078493361375,2.2105873948685684,-49.4717879152861
2026-04-14T12:30:53.200,4.003453016486944,4.005068540875229,4.003744125589378,4.00353693983179,0.042256966777112284,2.1581353043398366,3.1678380470179235,2.340078493361375,2.2105873948685684,-49.4717879152861
2026-04-14T12:30:53.324,4.003453016486944,4.005068540875229,4.003744125589378,4.00353693983179,0.042256966777112284,2.1581353043398366,3.1678380470179235,2.340078493361375,2.2105873948685684,-49.4717879152861
2026-04-14T12:30:53.420,4.003232717706723,4.005149841615548,4.004019499064654,4.003589391922318,0.033966893761453995,2.0204485667019156,3.2186510097176324,2.512186915408776,2.2433699514490257,-49.575413827981826
2026-04-14T12:30:53.530,4.003232717706723,4.005149841615548,4.004019499064654,4.003589391922318,0.033966893761453995,2.0204485667019156,3.2186510097176324,2.512186915408776,2.2433699514490257,-49.575413827981826
2026-04-14T12:30:53.642,4.003232717706723,4.005149841615548,4.004019499064654,4.003589391922318,0.033966893761453995,2.0204485667019156,3.2186510097176324,2.512186915408776,2.2433699514490257,-49.575413827981826
2026-04-14T12:30:53.754,4.003796577679907,4.005564213130725,4.0043709280711965,4.0033376218877805,0.03576930002672024,2.3728610499418323,3.4776332067032456,2.7318300444978405,2.0860136798628304,-49.552883749666
2026-04-14T12:30:53.864,4.003796577679907,4.005564213130725,4.0043709280711965,4.0033376218877805,0.03576930002672024,2.3728610499418323,3.4776332067032456,2.7318300444978405,2.0860136798628304,-49.552883749666
2026-04-14T12:30:53.969,4.003796577679907,4.005564213130725,4.0043709280711965,4.0033376218877805,0.03576930002672024,2.3728610499418323,3.4776332067032456,2.7318300444978405,2.0860136798628304,-49.552883749666
2026-04-14T12:30:54.087,4.003602504944951,4.005257368401132,4.004252910867507,4.00352907201821,0.021459588406899252,2.25156559059414,3.28585525070757,2.6580692921918114,2.2056700113814998,-49.731755144913755
2026-04-14T12:30:54.195,4.003602504944951,4.005257368401132,4.004252910867507,4.00352907201821,0.021459588406899252,2.25156559059414,3.28585525070757,2.6580692921918114,2.2056700113814998,-49.731755144913755
2026-04-14T12:30:54.304,4.003602504944951,4.005257368401132,4.004252910867507,4.00352907201821,0.021459588406899252,2.25156559059414,3.28585525070757,2.6580692921918114,2.2056700113814998,-49.731755144913755
2026-04-14T12:30:54.413,4.003508091181999,4.005393743836507,4.003576278899686,4.003555298063475,0.03662071293103109,2.192556988749317,3.371089897816759,2.2351743123039114,2.2220612896717284,-49.54224108836211
2026-04-14T12:30:54.524,4.003508091181999,4.005393743836507,4.003576278899686,4.003555298063475,0.03662071293103109,2.192556988749317,3.371089897816759,2.2351743123039114,2.2220612896717284,-49.54224108836211
2026-04-14T12:30:54.632,4.003508091181999,4.005393743836507,4.003576278899686,4.003555298063475,0.03662071293103109,2.192556988749317,3.371089897816759,2.2351743123039114,2.2220612896717284,-49.54224108836211
2026-04-14T12:30:54.742,4.003046512785346,4.005252123192079,4.003702163916955,4.003494978159367,0.030889857651137578,1.904070490841292,3.2825769950495243,2.313852448097009,2.1843613496042025,-49.61387677936078
2026-04-14T12:30:54.851,4.003046512785346,4.005252123192079,4.003702163916955,4.003494978159367,0.030889857651137578,1.904070490841292,3.2825769950495243,2.313852448097009,2.1843613496042025,-49.61387677936078
2026-04-14T12:30:54.961,4.003046512785346,4.005252123192079,4.003702163916955,4.003494978159367,0.030889857651137578,1.904070490841292,3.2825769950495243,2.313852448097009,2.1843613496042025,-49.61387677936078
2026-04-14T12:30:55.070,4.00330877323799,4.0049531462760655,4.003898859256438,4.003841161956856,0.025985520161393782,2.067983273743579,3.0957164225409173,2.436787035273724,2.400726223035221,-49.67518099798258
2026-04-14T12:30:55.179,4.00330877323799,4.0049531462760655,4.003898859256438,4.003841161956856,0.025985520161393782,2.067983273743579,3.0957164225409173,2.436787035273724,2.400726223035221,-49.67518099798258
2026-04-14T12:30:55.283,4.00330877323799,4.0049531462760655,4.003898859256438,4.003841161956856,0.025985520161393782,2.067983273743579,3.0957164225409173,2.436787035273724,2.400726223035221,-49.67518099798258
2026-04-14T12:30:55.395,4.00345563909147,4.005574703548831,4.004266023890139,4.0033192636560955,0.023421323402796772,2.1597744321688594,3.484189718019337,2.6662649313369258,2.0745397850596703,-49.70723345746504
2026-04-14T12:30:55.504,4.00345563909147,4.005574703548831,4.004266023890139,4.0033192636560955,0.023421323402796772,2.1597744321688594,3.484189718019337,2.6662649313369258,2.0745397850596703,-49.70723345746504
2026-04-14T12:30:55.614,4.00345563909147,4.005574703548831,4.004266023890139,4.0033192636560955,0.023421323402796772,2.1597744321688594,3.484189718019337,2.6662649313369258,2.0745397850596703,-49.70723345746504
2026-04-14T12:30:55.724,4.003497600763893,4.005732059820417,4.003972292183178,4.003484487741261,0.025303394033378654,2.1860004774332253,3.582537387760709,2.4826826144863645,2.177804838288111,-49.68370757458277
2026-04-14T12:30:55.832,4.003497600763893,4.005732059820417,4.003972292183178,4.003484487741261,0.025303394033378654,2.1860004774332253,3.582537387760709,2.4826826144863645,2.177804838288111,-49.68370757458277
2026-04-14T12:30:55.940,4.003497600763893,4.005732059820417,4.003972292183178,4.003484487741261,0.025303394033378654,2.1860004774332253,3.582537387760709,2.4826826144863645,2.177804838288111,-49.68370757458277
2026-04-14T12:30:56.050,4.003799200284433,4.00581073795621,4.003560543272528,4.003618240572109,0.030929689833795394,2.374500177770855,3.6317112226313952,2.225339545329774,2.2614003575682773,-49.61337887707756
2026-04-14T12:30:56.159,4.003799200284433,4.00581073795621,4.003560543272528,4.003618240572109,0.030929689833795394,2.374500177770855,3.6317112226313952,2.225339545329774,2.2614003575682773,-49.61337887707756
2026-04-14T12:30:56.263,4.003799200284433,4.00581073795621,4.003560543272528,4.003618240572109,0.030929689833795394,2.374500177770855,3.6317112226313952,2.225339545329774,2.2614003575682773,-49.61337887707756
2026-04-14T12:30:56.375,4.003552675458948,4.004908561999116,4.0039801599967575,4.003602504944951,0.03337439004441895,2.2204221618427056,3.0678512494475285,2.487599997973433,2.25156559059414,-49.582820124444765
2026-04-14T12:30:56.485,4.003552675458948,4.004908561999116,4.0039801599967575,4.003602504944951,0.03337439004441895,2.2204221618427056,3.0678512494475285,2.487599997973433,2.25156559059414,-49.582820124444765
2026-04-14T12:30:56.595,4.003552675458948,4.004908561999116,4.0039801599967575,4.003602504944951,0.03337439004441895,2.2204221618427056,3.0678512494475285,2.487599997973433,2.25156559059414,-49.582820124444765
2026-04-14T12:30:56.704,4.003804445493486,4.005482912390406,4.004006386042022,4.00334548970136,0.030820151331486398,2.377778433428901,3.4268202440035367,2.503991276263662,2.090931063349899,-49.61474810835642
2026-04-14T12:30:56.814,4.003804445493486,4.005482912390406,4.004006386042022,4.00334548970136,0.030820151331486398,2.377778433428901,3.4268202440035367,2.503991276263662,2.090931063349899,-49.61474810835642
2026-04-14T12:30:56.924,4.003804445493486,4.005482912390406,4.004006386042022,4.00334548970136,0.030820151331486398,2.377778433428901,3.4268202440035367,2.503991276263662,2.090931063349899,-49.61474810835642
2026-04-14T12:30:57.033,4.003539562436316,4.005433082904403,4.004121780641185,4.003670692662638,0.035520348885108875,2.2122265226975912,3.395676815252102,2.576112900740668,2.2941829141487347,-49.55599563893614
2026-04-14T12:30:57.141,4.003539562436316,4.005433082904403,4.004121780641185,4.003670692662638,0.035520348885108875,2.2122265226975912,3.395676815252102,2.576112900740668,2.2941829141487347,-49.55599563893614
2026-04-14T12:30:57.250,4.003539562436316,4.005433082904403,4.004121780641185,4.003670692662638,0.035520348885108875,2.2122265226975912,3.395676815252102,2.576112900740668,2.2941829141487347,-49.55599563893614
2026-04-14T12:30:57.359,4.003786087261801,4.005396366441033,4.004037857296339,4.0038752558157,0.03943386083123946,2.366304538625741,3.372729025645782,2.5236608102119362,2.4220348848125184,-49.50707673960951
2026-04-14T12:30:57.469,4.003786087261801,4.005396366441033,4.004037857296339,4.0038752558157,0.03943386083123946,2.366304538625741,3.372729025645782,2.5236608102119362,2.4220348848125184,-49.50707673960951
2026-04-14T12:30:57.579,4.003786087261801,4.005396366441033,4.004037857296339,4.0038752558157,0.03943386083123946,2.366304538625741,3.372729025645782,2.5236608102119362,2.4220348848125184,-49.50707673960951
2026-04-14T12:30:57.688,4.00345563909147,4.005795002329052,4.0043315890033,4.003497600763893,0.036809915798655723,2.1597744321688594,3.621876455657258,2.7072431270624975,2.1860004774332253,-49.5398760525168
2026-04-14T12:30:57.798,4.00345563909147,4.005795002329052,4.0043315890033,4.003497600763893,0.036809915798655723,2.1597744321688594,3.621876455657258,2.7072431270624975,2.1860004774332253,-49.5398760525168
2026-04-14T12:30:57.907,4.00345563909147,4.005795002329052,4.0043315890033,4.003497600763893,0.036809915798655723,2.1597744321688594,3.621876455657258,2.7072431270624975,2.1860004774332253,-49.5398760525168
2026-04-14T12:30:58.015,4.003744125589378,4.005797624933578,4.004373550675723,4.003369093142098,0.035714530775565745,2.340078493361375,3.623515583486281,2.7334691723268634,2.105683213811105,-49.55356836530543
2026-04-14T12:30:58.124,4.003744125589378,4.005797624933578,4.004373550675723,4.003369093142098,0.035714530775565745,2.340078493361375,3.623515583486281,2.7334691723268634,2.105683213811105,-49.55356836530543
2026-04-14T12:30:58.233,4.003744125589378,4.005797624933578,4.004373550675723,4.003369093142098,0.035714530775565745,2.340078493361375,3.623515583486281,2.7334691723268634,2.105683213811105,-49.55356836530543
2026-04-14T12:30:58.343,4.003471374718629,4.0054461959270355,4.0037519934029575,4.003615617967583,0.03576432100388802,2.1696091991429967,3.4038724543972165,2.3449958768484436,2.2597612297392544,-49.5529459874514
2026-04-14T12:30:58.452,4.003471374718629,4.0054461959270355,4.0037519934029575,4.003615617967583,0.03576432100388802,2.1696091991429967,3.4038724543972165,2.3449958768484436,2.2597612297392544,-49.5529459874514
2026-04-14T12:30:58.560,4.003471374718629,4.0054461959270355,4.0037519934029575,4.003615617967583,0.03576432100388802,2.1696091991429967,3.4038724543972165,2.3449958768484436,2.2597612297392544,-49.5529459874514
2026-04-14T12:30:58.669,4.003314018447043,4.005498648017564,4.003707409126008,4.004111290223079,0.04031514787254368,2.0712615294016246,3.436655010977674,2.317130703755055,2.5695563894245765,-49.496060651593204
2026-04-14T12:30:58.778,4.003314018447043,4.005498648017564,4.003707409126008,4.004111290223079,0.04031514787254368,2.0712615294016246,3.436655010977674,2.317130703755055,2.5695563894245765,-49.496060651593204
2026-04-14T12:30:58.888,4.003314018447043,4.005498648017564,4.003707409126008,4.004111290223079,0.04031514787254368,2.0712615294016246,3.436655010977674,2.317130703755055,2.5695563894245765,-49.496060651593204
2026-04-14T12:30:59.010,4.003772974239169,4.005640268661992,4.003946066137914,4.00352907201821,0.042261945799944516,2.3581088994806265,3.525167913744909,2.466291336196136,2.2056700113814998,-49.47172567750069
2026-04-14T12:30:59.119,4.003772974239169,4.005640268661992,4.003946066137914,4.00352907201821,0.042261945799944516,2.3581088994806265,3.525167913744909,2.466291336196136,2.2056700113814998,-49.47172567750069
2026-04-14T12:30:59.228,4.003772974239169,4.005640268661992,4.003946066137914,4.00352907201821,0.042261945799944516,2.3581088994806265,3.525167913744909,2.466291336196136,2.2056700113814998,-49.47172567750069
2026-04-14T12:30:59.337,4.0035474302498955,4.005690098147994,4.003626108385689,4.003870010606647,0.037666307725798806,2.21714390618466,3.5563113424963433,2.266317741055901,2.4187566291544726,-49.52917115342751
2026-04-14T12:30:59.445,4.0035474302498955,4.005690098147994,4.003626108385689,4.003870010606647,0.037666307725798806,2.21714390618466,3.5563113424963433,2.266317741055901,2.4187566291544726,-49.52917115342751
2026-04-14T12:30:59.548,4.0035474302498955,4.005690098147994,4.003626108385689,4.003870010606647,0.037666307725798806,2.21714390618466,3.5563113424963433,2.266317741055901,2.4187566291544726,-49.52917115342751
2026-04-14T12:30:59.662,4.003633976199268,4.005333423932399,4.003925085301702,4.0039985182284425,0.04289428169963737,2.2712351245424145,3.333389957749233,2.453178313563953,2.499073892776593,-49.46382147875453
2026-04-14T12:30:59.770,4.003633976199268,4.005333423932399,4.003925085301702,4.0039985182284425,0.04289428169963737,2.2712351245424145,3.333389957749233,2.453178313563953,2.499073892776593,-49.46382147875453
2026-04-14T12:30:59.880,4.003633976199268,4.005333423932399,4.003925085301702,4.0039985182284425,0.04289428169963737,2.2712351245424145,3.333389957749233,2.453178313563953,2.499073892776593,-49.46382147875453
2026-04-14T12:30:59.989,4.003180265616194,4.005535364480934,4.004328966398774,4.0041060450140264,0.029411087869966098,1.9876660101214583,3.459602800583994,2.7056039992334746,2.566278133766531,-49.632361401625424
2026-04-14T12:31:00.101,4.003180265616194,4.005535364480934,4.004328966398774,4.0041060450140264,0.029411087869966098,1.9876660101214583,3.459602800583994,2.7056039992334746,2.566278133766531,-49.632361401625424
2026-04-14T12:31:00.209,4.003180265616194,4.005535364480934,4.004328966398774,4.0041060450140264,0.029411087869966098,1.9876660101214583,3.459602800583994,2.7056039992334746,2.566278133766531,-49.632361401625424
2026-04-14T12:31:00.318,4.003489732950314,4.00520753891513,4.004323721189721,4.003565788481581,0.02677718479171791,2.1810830939461567,3.2547118219561355,2.702325743575429,2.228617800988375,-49.665285190103525
2026-04-14T12:31:00.428,4.003489732950314,4.00520753891513,4.004323721189721,4.003565788481581,0.02677718479171791,2.1810830939461567,3.2547118219561355,2.702325743575429,2.228617800988375,-49.665285190103525
2026-04-14T12:31:00.536,4.003489732950314,4.00520753891513,4.004323721189721,4.003565788481581,0.02677718479171791,2.1810830939461567,3.2547118219561355,2.702325743575429,2.228617800988375,-49.665285190103525
2026-04-14T12:31:00.639,4.003967046974125,4.005503893226617,4.003804445493486,4.003689050894323,0.019044762333269058,2.4794043588283188,3.4399332666357196,2.377778433428901,2.3056568089518947,-49.76194047083414
2026-04-14T12:31:00.748,4.003967046974125,4.005503893226617,4.003804445493486,4.003689050894323,0.019044762333269058,2.4794043588283188,3.4399332666357196,2.377778433428901,2.3056568089518947,-49.76194047083414
2026-04-14T12:31:00.860,4.003967046974125,4.005503893226617,4.003804445493486,4.003689050894323,0.019044762333269058,2.4794043588283188,3.4399332666357196,2.377778433428901,2.3056568089518947,-49.76194047083414
2026-04-14T12:31:00.972,4.003660202244532,4.005464554158721,4.003841161956856,4.003702163916955,0.028529800828661883,2.287626402832643,3.4153463492003766,2.400726223035221,2.313852448097009,-49.64337748964173
2026-04-14T12:31:01.083,4.003660202244532,4.005464554158721,4.003841161956856,4.003702163916955,0.028529800828661883,2.287626402832643,3.4153463492003766,2.400726223035221,2.313852448097009,-49.64337748964173
2026-04-14T12:31:01.186,4.003660202244532,4.005464554158721,4.003841161956856,4.003702163916955,0.028529800828661883,2.287626402832643,3.4153463492003766,2.400726223035221,2.313852448097009,-49.64337748964173
2026-04-14T12:31:01.301,4.003550052854422,4.00539112123198,4.004439115788884,4.003974914787705,0.03568963566140461,2.2187830340136827,3.3694507699877363,2.774447368052435,2.4843217423153874,-49.553879554232445
2026-04-14T12:31:01.409,4.003550052854422,4.00539112123198,4.004439115788884,4.003974914787705,0.03568963566140461,2.2187830340136827,3.3694507699877363,2.774447368052435,2.4843217423153874,-49.553879554232445
2026-04-14T12:31:01.519,4.003550052854422,4.00539112123198,4.004439115788884,4.003974914787705,0.03568963566140461,2.2187830340136827,3.3694507699877363,2.774447368052435,2.4843217423153874,-49.553879554232445
2026-04-14T12:31:01.627,4.003615617967583,4.005388498627454,4.004281759517299,4.003626108385689,0.024486834288893394,2.2597612297392544,3.3678116421587134,2.676099698311618,2.266317741055901,-49.69391457138883
2026-04-14T12:31:01.737,4.003615617967583,4.005388498627454,4.004281759517299,4.003626108385689,0.024486834288893394,2.2597612297392544,3.3678116421587134,2.676099698311618,2.266317741055901,-49.69391457138883
2026-04-14T12:31:01.847,4.003615617967583,4.005388498627454,4.004281759517299,4.003626108385689,0.024486834288893394,2.2597612297392544,3.3678116421587134,2.676099698311618,2.266317741055901,-49.69391457138883
2026-04-14T12:31:01.956,4.003770351634643,4.005275726632817,4.004271269099192,4.0038962366519115,0.009241066376613693,2.3564697716516037,3.29732914551073,2.6695431869949715,2.4351479074447013,-49.884486670292326
2026-04-14T12:31:02.065,4.003770351634643,4.005275726632817,4.004271269099192,4.0038962366519115,0.009241066376613693,2.3564697716516037,3.29732914551073,2.6695431869949715,2.4351479074447013,-49.884486670292326
2026-04-14T12:31:02.175,4.003770351634643,4.005275726632817,4.004271269099192,4.0038962366519115,0.009241066376613693,2.3564697716516037,3.29732914551073,2.6695431869949715,2.4351479074447013,-49.884486670292326
2026-04-14T12:31:02.282,4.0031907560343,4.005805492747157,4.003599882340424,4.003542185040843,0.008160618422020389,1.9942225214375497,3.6284329669733495,2.249926462765117,2.213865650526614,-49.897992269724746
2026-04-14T12:31:02.392,4.0031907560343,4.005805492747157,4.003599882340424,4.003542185040843,0.008160618422020389,1.9942225214375497,3.6284329669733495,2.249926462765117,2.213865650526614,-49.897992269724746
2026-04-14T12:31:02.501,4.0031907560343,4.005805492747157,4.003599882340424,4.003542185040843,0.008160618422020389,1.9942225214375497,3.6284329669733495,2.249926462765117,2.213865650526614,-49.897992269724746
2026-04-14T12:31:02.612,4.00357365629516,4.005745172843049,4.004129648454764,4.00376510642559,0.01266663408518601,2.2335351844748885,3.5907330269058235,2.5810302842277366,2.353191515993558,-49.84166707393518
2026-04-14T12:31:02.721,4.00357365629516,4.005745172843049,4.004129648454764,4.00376510642559,0.01266663408518601,2.2335351844748885,3.5907330269058235,2.5810302842277366,2.353191515993558,-49.84166707393518
2026-04-14T12:31:02.830,4.00357365629516,4.005745172843049,4.004129648454764,4.00376510642559,0.01266663408518601,2.2335351844748885,3.5907330269058235,2.5810302842277366,2.353191515993558,-49.84166707393518
2026-04-14T12:31:02.939,4.003694296103376,4.005865812651265,4.003746748193905,4.003479242532208,0.013971138067229537,2.3089350646099405,3.6661329070408755,2.341717621190398,2.1745265826300653,-49.825360774159634
2026-04-14T12:31:03.046,4.003694296103376,4.005865812651265,4.003746748193905,4.003479242532208,0.013971138067229537,2.3089350646099405,3.6661329070408755,2.341717621190398,2.1745265826300653,-49.825360774159634
2026-04-14T12:31:03.157,4.003694296103376,4.005865812651265,4.003746748193905,4.003479242532208,0.013971138067229537,2.3089350646099405,3.6661329070408755,2.341717621190398,2.1745265826300653,-49.825360774159634
2026-04-14T12:31:03.266,4.003846407165909,4.005239010169447,4.0038962366519115,4.003841161956856,0.006507582841720957,2.404004478693267,3.27438135590441,2.4351479074447013,2.400726223035221,-49.918655214478484
2026-04-14T12:31:03.375,4.003846407165909,4.005239010169447,4.0038962366519115,4.003841161956856,0.006507582841720957,2.404004478693267,3.27438135590441,2.4351479074447013,2.400726223035221,-49.918655214478484
2026-04-14T12:31:03.484,4.003846407165909,4.005239010169447,4.0038962366519115,4.003841161956856,0.006507582841720957,2.404004478693267,3.27438135590441,2.4351479074447013,2.400726223035221,-49.918655214478484
2026-04-14T12:31:03.594,4.0039198400926495,4.00535440476861,4.00402998948276,4.0035054685774725,0.019194133018235873,2.449900057905907,3.346502980381416,2.5187434267248676,2.190917860920294,-49.760073337272054
2026-04-14T12:31:03.703,4.0039198400926495,4.00535440476861,4.00402998948276,4.0035054685774725,0.019194133018235873,2.449900057905907,3.346502980381416,2.5187434267248676,2.190917860920294,-49.760073337272054
2026-04-14T12:31:03.810,4.0039198400926495,4.00535440476861,4.00402998948276,4.0035054685774725,0.019194133018235873,2.449900057905907,3.346502980381416,2.5187434267248676,2.190917860920294,-49.760073337272054
2026-04-14T12:31:03.919,4.003681183080744,4.005262613610185,4.0044128897436195,4.003715276939587,0.014902215336856026,2.300739425464826,3.2891335063656157,2.7580560897622064,2.3220480872421234,-49.8137223082893
2026-04-14T12:31:04.030,4.003681183080744,4.005262613610185,4.0044128897436195,4.003715276939587,0.014902215336856026,2.300739425464826,3.2891335063656157,2.7580560897622064,2.3220480872421234,-49.8137223082893
2026-04-14T12:31:04.138,4.003681183080744,4.005262613610185,4.0044128897436195,4.003715276939587,0.014902215336856026,2.300739425464826,3.2891335063656157,2.7580560897622064,2.3220480872421234,-49.8137223082893
2026-04-14T12:31:04.252,4.00376510642559,4.005734682424944,4.003961801765072,4.003893614047386,0.009883360321971001,2.353191515993558,3.584176515589732,2.476126103170273,2.4335087796162336,-49.876457995975365
2026-04-14T12:31:04.369,4.00376510642559,4.005734682424944,4.003961801765072,4.003893614047386,0.009883360321971001,2.353191515993558,3.584176515589732,2.476126103170273,2.4335087796162336,-49.876457995975365
2026-04-14T12:31:04.467,4.00376510642559,4.005734682424944,4.003961801765072,4.003893614047386,0.009883360321971001,2.353191515993558,3.584176515589732,2.476126103170273,2.4335087796162336,-49.876457995975365
2026-04-14T12:31:04.588,4.004069328550656,4.0057005885661,4.0040221216691805,4.003597259735898,0.011919780660351929,2.5433303441602106,3.5628678538124348,2.513826043237799,2.2482873349360943,-49.8510027417456
2026-04-14T12:31:04.696,4.004069328550656,4.0057005885661,4.0040221216691805,4.003597259735898,0.011919780660351929,2.5433303441602106,3.5628678538124348,2.513826043237799,2.2482873349360943,-49.8510027417456
2026-04-14T12:31:04.807,4.004069328550656,4.0057005885661,4.0040221216691805,4.003597259735898,0.011919780660351929,2.5433303441602106,3.5628678538124348,2.513826043237799,2.2482873349360943,-49.8510027417456
2026-04-14T12:31:04.916,4.004001140832969,4.0054278376953505,4.004035234691813,4.0040221216691805,0.021260427493610165,2.500713020605616,3.3923985595940565,2.5220216823829134,2.513826043237799,-49.73424465632987
2026-04-14T12:31:05.024,4.004001140832969,4.0054278376953505,4.004035234691813,4.0040221216691805,0.021260427493610165,2.500713020605616,3.3923985595940565,2.5220216823829134,2.513826043237799,-49.73424465632987
2026-04-14T12:31:05.134,4.004001140832969,4.0054278376953505,4.004035234691813,4.0040221216691805,0.021260427493610165,2.500713020605616,3.3923985595940565,2.5220216823829134,2.513826043237799,-49.73424465632987
2026-04-14T12:31:05.243,4.0036680700581115,4.005826473583369,4.004365682862144,4.003696918707902,0.020583280388427265,2.292543786319712,3.6415459896055324,2.7285517888397948,2.3105741924389633,-49.74270899514466
2026-04-14T12:31:05.353,4.0036680700581115,4.005826473583369,4.004365682862144,4.003696918707902,0.020583280388427265,2.292543786319712,3.6415459896055324,2.7285517888397948,2.3105741924389633,-49.74270899514466
2026-04-14T12:31:05.461,4.0036680700581115,4.005826473583369,4.004365682862144,4.003696918707902,0.020583280388427265,2.292543786319712,3.6415459896055324,2.7285517888397948,2.3105741924389633,-49.74270899514466
2026-04-14T12:31:05.570,4.003237962915777,4.005682230334415,4.004389286302882,4.003686428289797,0.02449679233455785,2.0237268223605165,3.5513939590092747,2.7433039393010006,2.304017681122872,-49.693790095818024
2026-04-14T12:31:05.679,4.003237962915777,4.005682230334415,4.004389286302882,4.003686428289797,0.02449679233455785,2.0237268223605165,3.5513939590092747,2.7433039393010006,2.304017681122872,-49.693790095818024
2026-04-14T12:31:05.787,4.003237962915777,4.005682230334415,4.004389286302882,4.003686428289797,0.02449679233455785,2.0237268223605165,3.5513939590092747,2.7433039393010006,2.304017681122872,-49.693790095818024
2026-04-14T12:31:05.897,4.003783464657275,4.005501270622091,4.004606962478576,4.003820181120646,0.022236315968726696,2.364665410796718,3.4382941388066968,2.8793515491098987,2.3876132004035933,-49.722046050390915
2026-04-14T12:31:05.999,4.003783464657275,4.005501270622091,4.004606962478576,4.003820181120646,0.022236315968726696,2.364665410796718,3.4382941388066968,2.8793515491098987,2.3876132004035933,-49.722046050390915
2026-04-14T12:31:06.116,4.003783464657275,4.005501270622091,4.004606962478576,4.003820181120646,0.022236315968726696,2.364665410796718,3.4382941388066968,2.8793515491098987,2.3876132004035933,-49.722046050390915
2026-04-14T12:31:06.225,4.003639221408321,4.005349159559557,4.003754616007484,4.004027366878234,0.032532935185772556,2.2745133802004602,3.3432247247233704,2.3466350046774664,2.5171042988964,-49.59333831017784
2026-04-14T12:31:06.333,4.003639221408321,4.005349159559557,4.003754616007484,4.004027366878234,0.032532935185772556,2.2745133802004602,3.3432247247233704,2.3466350046774664,2.5171042988964,-49.59333831017784
2026-04-14T12:31:06.443,4.003639221408321,4.005349159559557,4.003754616007484,4.004027366878234,0.032532935185772556,2.2745133802004602,3.3432247247233704,2.3466350046774664,2.5171042988964,-49.59333831017784
2026-04-14T12:31:06.552,4.003660202244532,4.005477667181353,4.004163742313608,4.003704786521482,0.02809164681942589,2.287626402832643,3.423541988345491,2.602338946005034,2.315491575926032,-49.648854414757174
2026-04-14T12:31:06.661,4.003660202244532,4.005477667181353,4.004163742313608,4.003704786521482,0.02809164681942589,2.287626402832643,3.423541988345491,2.602338946005034,2.315491575926032,-49.648854414757174
2026-04-14T12:31:06.769,4.003660202244532,4.005477667181353,4.004163742313608,4.003704786521482,0.02809164681942589,2.287626402832643,3.423541988345491,2.602338946005034,2.315491575926032,-49.648854414757174
2026-04-14T12:31:06.878,4.003316641051569,4.005823850978842,4.004276514308245,4.0038778784202265,0.03400672594411181,2.0729006572306474,3.6399068617765096,2.6728214426530172,2.4236740126415413,-49.574915925698605
2026-04-14T12:31:06.986,4.003316641051569,4.005823850978842,4.004276514308245,4.0038778784202265,0.03400672594411181,2.0729006572306474,3.6399068617765096,2.6728214426530172,2.4236740126415413,-49.574915925698605
2026-04-14T12:31:07.096,4.003316641051569,4.005823850978842,4.004276514308245,4.0038778784202265,0.03400672594411181,2.0729006572306474,3.6399068617765096,2.6728214426530172,2.4236740126415413,-49.574915925698605
2026-04-14T12:31:07.206,4.003972292183178,4.0053439143505045,4.003964424369599,4.0035238268091575,0.025507533969499972,2.4826826144863645,3.3399464690653247,2.477765230999296,2.202391755723454,-49.68115582538125
2026-04-14T12:31:07.315,4.003972292183178,4.0053439143505045,4.003964424369599,4.0035238268091575,0.025507533969499972,2.4826826144863645,3.3399464690653247,2.477765230999296,2.202391755723454,-49.68115582538125
2026-04-14T12:31:07.422,4.003972292183178,4.0053439143505045,4.003964424369599,4.0035238268091575,0.025507533969499972,2.4826826144863645,3.3399464690653247,2.477765230999296,2.202391755723454,-49.68115582538125
2026-04-14T12:31:07.533,4.0034818651367345,4.005409479463665,4.00429487253993,4.003820181120646,0.02866423444513202,2.176165710459088,3.3809246647908964,2.6842953374561773,2.3876132004035933,-49.64169706943585
2026-04-14T12:31:07.642,4.0034818651367345,4.005409479463665,4.00429487253993,4.003820181120646,0.02866423444513202,2.176165710459088,3.3809246647908964,2.6842953374561773,2.3876132004035933,-49.64169706943585
2026-04-14T12:31:07.751,4.0034818651367345,4.005409479463665,4.00429487253993,4.003820181120646,0.02866423444513202,2.176165710459088,3.3809246647908964,2.6842953374561773,2.3876132004035933,-49.64169706943585
2026-04-14T12:31:07.860,4.003772974239169,4.005346536955031,4.004544019969941,4.003644466617374,0.03335447395309005,2.3581088994806265,3.3415855968943475,2.84001248121335,2.277791635858506,-49.58306907558637
2026-04-14T12:31:07.969,4.003772974239169,4.005346536955031,4.004544019969941,4.003644466617374,0.03335447395309005,2.3581088994806265,3.3415855968943475,2.84001248121335,2.277791635858506,-49.58306907558637
2026-04-14T12:31:08.077,4.003772974239169,4.005346536955031,4.004544019969941,4.003644466617374,0.03335447395309005,2.3581088994806265,3.3415855968943475,2.84001248121335,2.277791635858506,-49.58306907558637
2026-04-14T12:31:08.184,4.003974914787705,4.005425215090824,4.004014253855601,4.004061460737077,0.0321744455418522,2.4843217423153874,3.3907594317650336,2.5089086597507304,2.538412960673142,-49.597819430726844
2026-04-14T12:31:08.294,4.003974914787705,4.005425215090824,4.004014253855601,4.004061460737077,0.0321744455418522,2.4843217423153874,3.3907594317650336,2.5089086597507304,2.538412960673142,-49.597819430726844
2026-04-14T12:31:08.406,4.003974914787705,4.005425215090824,4.004014253855601,4.004061460737077,0.0321744455418522,2.4843217423153874,3.3907594317650336,2.5089086597507304,2.538412960673142,-49.597819430726844
2026-04-14T12:31:08.513,4.003914594883597,4.005899906510109,4.004667282382684,4.0037100317305345,0.02604526843538051,2.4466218022478614,3.6874415688181728,2.9170514891774246,2.3187698315840777,-49.67443414455774
2026-04-14T12:31:08.635,4.003914594883597,4.005899906510109,4.004667282382684,4.0037100317305345,0.02604526843538051,2.4466218022478614,3.6874415688181728,2.9170514891774246,2.3187698315840777,-49.67443414455774
2026-04-14T12:31:08.745,4.003914594883597,4.005899906510109,4.004667282382684,4.0037100317305345,0.02604526843538051,2.4466218022478614,3.6874415688181728,2.9170514891774246,2.3187698315840777,-49.67443414455774
2026-04-14T12:31:08.854,4.003497600763893,4.005005598366594,4.00425815607656,4.004473209647728,0.02832068186970834,2.1860004774332253,3.1284989791213746,2.661347547849857,2.7957560298297324,-49.64599147662865
2026-04-14T12:31:08.964,4.003497600763893,4.005005598366594,4.00425815607656,4.004473209647728,0.02832068186970834,2.1860004774332253,3.1284989791213746,2.661347547849857,2.7957560298297324,-49.64599147662865
2026-04-14T12:31:09.064,4.003497600763893,4.005005598366594,4.00425815607656,4.004473209647728,0.02832068186970834,2.1860004774332253,3.1284989791213746,2.661347547849857,2.7957560298297324,-49.64599147662865
2026-04-14T12:31:09.184,4.00380182288896,4.005312443096187,4.004570246015206,4.003395319187362,0.025567282243486696,2.376139305599878,3.3202769351170502,2.8564037595035785,2.1220744921013335,-49.68040897195642
2026-04-14T12:31:09.293,4.00380182288896,4.005312443096187,4.004570246015206,4.003395319187362,0.025567282243486696,2.376139305599878,3.3202769351170502,2.8564037595035785,2.1220744921013335,-49.68040897195642
2026-04-14T12:31:09.387,4.00380182288896,4.005312443096187,4.004570246015206,4.003395319187362,0.025567282243486696,2.376139305599878,3.3202769351170502,2.8564037595035785,2.1220744921013335,-49.68040897195642
2026-04-14T12:31:09.497,4.003408432209994,4.005501270622091,4.004200458776978,4.003904104465491,0.033419201249909,2.130270131246448,3.4382941388066968,2.625286735611354,2.44006529093177,-49.58225998437614
2026-04-14T12:31:09.607,4.003408432209994,4.005501270622091,4.004200458776978,4.003904104465491,0.033419201249909,2.130270131246448,3.4382941388066968,2.625286735611354,2.44006529093177,-49.58225998437614
2026-04-14T12:31:09.716,4.003408432209994,4.005501270622091,4.004200458776978,4.003904104465491,0.033419201249909,2.130270131246448,3.4382941388066968,2.625286735611354,2.44006529093177,-49.58225998437614
2026-04-14T12:31:09.826,4.003597259735898,4.005079031293334,4.004554510388047,4.003772974239169,0.030352123185257044,2.2482873349360943,3.174394558334015,2.8465689925294413,2.3581088994806265,-49.62059846018428
2026-04-14T12:31:09.936,4.003597259735898,4.005079031293334,4.004554510388047,4.003772974239169,0.030352123185257044,2.2482873349360943,3.174394558334015,2.8465689925294413,2.3581088994806265,-49.62059846018428
2026-04-14T12:31:10.046,4.003597259735898,4.005079031293334,4.004554510388047,4.003772974239169,0.030352123185257044,2.2482873349360943,3.174394558334015,2.8465689925294413,2.3581088994806265,-49.62059846018428
2026-04-14T12:31:10.155,4.0039198400926495,4.005684852938941,4.004690885823422,4.003772974239169,0.028962975815065652,2.449900057905907,3.5530330868382975,2.9318036396386304,2.3581088994806265,-49.637962802311684
2026-04-14T12:31:10.266,4.0039198400926495,4.005684852938941,4.004690885823422,4.003772974239169,0.028962975815065652,2.449900057905907,3.5530330868382975,2.9318036396386304,2.3581088994806265,-49.637962802311684
2026-04-14T12:31:10.373,4.0039198400926495,4.005684852938941,4.004690885823422,4.003772974239169,0.028962975815065652,2.449900057905907,3.5530330868382975,2.9318036396386304,2.3581088994806265,-49.637962802311684
2026-04-14T12:31:10.482,4.003943443533387,4.005438328113456,4.004349947234985,4.003741502984852,0.03177114469244179,2.464652208367113,3.398955070910148,2.7187170218656576,2.338439365532352,-49.60286069134448
2026-04-14T12:31:10.605,4.003943443533387,4.005438328113456,4.004349947234985,4.003741502984852,0.03177114469244179,2.464652208367113,3.398955070910148,2.7187170218656576,2.338439365532352,-49.60286069134448
2026-04-14T12:31:10.713,4.003943443533387,4.005438328113456,4.004349947234985,4.003741502984852,0.03177114469244179,2.464652208367113,3.398955070910148,2.7187170218656576,2.338439365532352,-49.60286069134448
2026-04-14T12:31:10.824,4.00459647206047,4.004976749716803,4.004832506467849,4.003988027810337,0.03294619408084742,2.872795037793807,3.110468573002123,3.0203165424058653,2.4925173814605017,-49.58817257398941
2026-04-14T12:31:10.932,4.00459647206047,4.004976749716803,4.004832506467849,4.003988027810337,0.03294619408084742,2.872795037793807,3.110468573002123,3.0203165424058653,2.4925173814605017,-49.58817257398941
2026-04-14T12:31:11.041,4.00459647206047,4.004976749716803,4.004832506467849,4.003988027810337,0.03294619408084742,2.872795037793807,3.110468573002123,3.0203165424058653,2.4925173814605017,-49.58817257398941
2026-04-14T12:31:11.151,4.003324508865148,4.005448818531562,4.00417685533624,4.003426790441679,0.037790783296604485,2.077818040717716,3.4055115822262394,2.6105345851501482,2.141744026049608,-49.52761520879244
2026-04-14T12:31:11.246,4.003324508865148,4.005448818531562,4.00417685533624,4.003426790441679,0.037790783296604485,2.077818040717716,3.4055115822262394,2.6105345851501482,2.141744026049608,-49.52761520879244
2026-04-14T12:31:11.369,4.003324508865148,4.005448818531562,4.00417685533624,4.003426790441679,0.037790783296604485,2.077818040717716,3.4055115822262394,2.6105345851501482,2.141744026049608,-49.52761520879244
2026-04-14T12:31:11.476,4.003584146713266,4.0053439143505045,4.004483700065833,4.003704786521482,0.04070849067628963,2.24009169579098,3.3399464690653247,2.802312541145824,2.315491575926032,-49.49114386654638
2026-04-14T12:31:11.584,4.003584146713266,4.0053439143505045,4.004483700065833,4.003704786521482,0.04070849067628963,2.24009169579098,3.3399464690653247,2.802312541145824,2.315491575926032,-49.49114386654638
2026-04-14T12:31:11.694,4.003584146713266,4.0053439143505045,4.004483700065833,4.003704786521482,0.04070849067628963,2.24009169579098,3.3399464690653247,2.802312541145824,2.315491575926032,-49.49114386654638
2026-04-14T12:31:11.805,4.003371715746625,4.005294084864502,4.004019499064654,4.004457474020569,0.03562988738741788,2.1073223416406828,3.30880304031389,2.512186915408776,2.785921262855595,-49.554626407657274
2026-04-14T12:31:11.912,4.003371715746625,4.005294084864502,4.004019499064654,4.004457474020569,0.03562988738741788,2.1073223416406828,3.30880304031389,2.512186915408776,2.785921262855595,-49.554626407657274
2026-04-14T12:31:12.022,4.003371715746625,4.005294084864502,4.004019499064654,4.004457474020569,0.03562988738741788,2.1073223416406828,3.30880304031389,2.512186915408776,2.785921262855595,-49.554626407657274
2026-04-14T12:31:12.130,4.003432035650733,4.005378008209348,4.004179477940767,4.003662824849059,0.0388911473425267,2.1450222817082087,3.361255130842622,2.612173712979171,2.289265530661666,-49.51386065821842
2026-04-14T12:31:12.239,4.003432035650733,4.005378008209348,4.004179477940767,4.003662824849059,0.0388911473425267,2.1450222817082087,3.361255130842622,2.612173712979171,2.289265530661666,-49.51386065821842
2026-04-14T12:31:12.350,4.003432035650733,4.005378008209348,4.004179477940767,4.003662824849059,0.0388911473425267,2.1450222817082087,3.361255130842622,2.612173712979171,2.289265530661666,-49.51386065821842
2026-04-14T12:31:12.459,4.003654957035479,4.005086899106914,4.003660202244532,4.003571033690633,0.040464518557510494,2.2843481471745974,3.1793119418210836,2.287626402832643,2.2318960566458657,-49.49419351803112
2026-04-14T12:31:12.568,4.003654957035479,4.005086899106914,4.003660202244532,4.003571033690633,0.040464518557510494,2.2843481471745974,3.1793119418210836,2.287626402832643,2.2318960566458657,-49.49419351803112
2026-04-14T12:31:12.678,4.003654957035479,4.005086899106914,4.003660202244532,4.003571033690633,0.040464518557510494,2.2843481471745974,3.1793119418210836,2.287626402832643,2.2318960566458657,-49.49419351803112
2026-04-14T12:31:12.787,4.003820181120646,4.005120992965757,4.003809690702539,4.003581524108739,0.035933607780183736,2.3876132004035933,3.200620603598381,2.3810566890869467,2.238452567961957,-49.5508299027477
2026-04-14T12:31:12.895,4.003820181120646,4.005120992965757,4.003809690702539,4.003581524108739,0.035933607780183736,2.3876132004035933,3.200620603598381,2.3810566890869467,2.238452567961957,-49.5508299027477
2026-04-14T12:31:13.006,4.003820181120646,4.005120992965757,4.003809690702539,4.003581524108739,0.035933607780183736,2.3876132004035933,3.200620603598381,2.3810566890869467,2.238452567961957,-49.5508299027477
2026-04-14T12:31:13.114,4.003466129509576,4.005569458339778,4.003969669578652,4.0038778784202265,0.040484434648839406,2.166330943484951,3.4809114623612913,2.4810434866573416,2.4236740126415413,-49.49394456688951
2026-04-14T12:31:13.225,4.003466129509576,4.005569458339778,4.003969669578652,4.0038778784202265,0.040484434648839406,2.166330943484951,3.4809114623612913,2.4810434866573416,2.4236740126415413,-49.49394456688951
2026-04-14T12:31:13.334,4.003466129509576,4.005569458339778,4.003969669578652,4.0038778784202265,0.040484434648839406,2.166330943484951,3.4809114623612913,2.4810434866573416,2.4236740126415413,-49.49394456688951
2026-04-14T12:31:13.444,4.003135681339245,4.005273104028291,4.004328966398774,4.003927707906229,0.041535008466439344,1.9598008370280695,3.295690017681707,2.7056039992334746,2.4548174413929758,-49.48081239416951
2026-04-14T12:31:13.552,4.003135681339245,4.005273104028291,4.004328966398774,4.003927707906229,0.041535008466439344,1.9598008370280695,3.295690017681707,2.7056039992334746,2.4548174413929758,-49.48081239416951
2026-04-14T12:31:13.661,4.003135681339245,4.005273104028291,4.004328966398774,4.003927707906229,0.041535008466439344,1.9598008370280695,3.295690017681707,2.7056039992334746,2.4548174413929758,-49.48081239416951
2026-04-14T12:31:13.770,4.003796577679907,4.00531768830524,4.00368380568527,4.003953933951494,0.031337969706038034,2.3728610499418323,3.323555190775096,2.302378553293849,2.4712087196837595,-49.60827537867453
2026-04-14T12:31:13.879,4.003796577679907,4.00531768830524,4.00368380568527,4.003953933951494,0.031337969706038034,2.3728610499418323,3.323555190775096,2.302378553293849,2.4712087196837595,-49.60827537867453
2026-04-14T12:31:13.990,4.003796577679907,4.00531768830524,4.00368380568527,4.003953933951494,0.031337969706038034,2.3728610499418323,3.323555190775096,2.302378553293849,2.4712087196837595,-49.60827537867453
2026-04-14T12:31:14.100,4.003814935911592,4.005223274542288,4.003867388002121,4.004043102505392,0.03069567576068072,2.3843349447449924,3.2645465889302727,2.41711750132545,2.526939065869982,-49.61630405299149
2026-04-14T12:31:14.209,4.003814935911592,4.005223274542288,4.003867388002121,4.004043102505392,0.03069567576068072,2.3843349447449924,3.2645465889302727,2.41711750132545,2.526939065869982,-49.61630405299149
2026-04-14T12:31:14.318,4.003814935911592,4.005223274542288,4.003867388002121,4.004043102505392,0.03069567576068072,2.3843349447449924,3.2645465889302727,2.41711750132545,2.526939065869982,-49.61630405299149
2026-04-14T12:31:14.428,4.003660202244532,4.005252123192079,4.0044784548567804,4.003717899544114,0.03600829312266715,2.287626402832643,3.2825769950495243,2.799034285487778,2.3236872150711463,-49.54989633596666
2026-04-14T12:31:14.537,4.003660202244532,4.005252123192079,4.0044784548567804,4.003717899544114,0.03600829312266715,2.287626402832643,3.2825769950495243,2.799034285487778,2.3236872150711463,-49.54989633596666
2026-04-14T12:31:14.645,4.003660202244532,4.005252123192079,4.0044784548567804,4.003717899544114,0.03600829312266715,2.287626402832643,3.2825769950495243,2.799034285487778,2.3236872150711463,-49.54989633596666
2026-04-14T12:31:14.754,4.0045597555971,4.00528097184187,4.004092931991394,4.004300117748983,0.03537595722297429,2.849847248187487,3.300607401168776,2.5580824946214165,2.687573593114223,-49.55780053471282
2026-04-14T12:31:14.863,4.0045597555971,4.00528097184187,4.004092931991394,4.004300117748983,0.03537595722297429,2.849847248187487,3.300607401168776,2.5580824946214165,2.687573593114223,-49.55780053471282
2026-04-14T12:31:14.973,4.0045597555971,4.00528097184187,4.004092931991394,4.004300117748983,0.03537595722297429,2.849847248187487,3.300607401168776,2.5580824946214165,2.687573593114223,-49.55780053471282
2026-04-14T12:31:15.081,4.0039198400926495,4.005635023452939,4.003741502984852,4.003909349674544,0.037506978995167535,2.449900057905907,3.521889658086863,2.338439365532352,2.4433435465898157,-49.531162762560406
2026-04-14T12:31:15.191,4.0039198400926495,4.005635023452939,4.003741502984852,4.003909349674544,0.037506978995167535,2.449900057905907,3.521889658086863,2.338439365532352,2.4433435465898157,-49.531162762560406
2026-04-14T12:31:15.301,4.0039198400926495,4.005635023452939,4.003741502984852,4.003909349674544,0.037506978995167535,2.449900057905907,3.521889658086863,2.338439365532352,2.4433435465898157,-49.531162762560406
2026-04-14T12:31:15.410,4.003927707906229,4.005265236214712,4.004077196364236,4.003940820928861,0.04362121903314254,2.4548174413929758,3.2907726341951937,2.5482477276472792,2.46301308053809,-49.454734762085714
2026-04-14T12:31:15.520,4.003927707906229,4.005265236214712,4.004077196364236,4.003940820928861,0.04362121903314254,2.4548174413929758,3.2907726341951937,2.5482477276472792,2.46301308053809,-49.454734762085714
2026-04-14T12:31:15.630,4.003927707906229,4.005265236214712,4.004077196364236,4.003940820928861,0.04362121903314254,2.4548174413929758,3.2907726341951937,2.5482477276472792,2.46301308053809,-49.454734762085714
2026-04-14T12:31:15.736,4.0036470892219,4.005346536955031,4.0035474302498955,4.004053592923498,0.03682485286715241,2.279430763687529,3.3415855968943475,2.21714390618466,2.5334955771860734,-49.539689339160596
2026-04-14T12:31:15.846,4.0036470892219,4.005346536955031,4.0035474302498955,4.004053592923498,0.03682485286715241,2.279430763687529,3.3415855968943475,2.21714390618466,2.5334955771860734,-49.539689339160596
2026-04-14T12:31:15.956,4.0036470892219,4.005346536955031,4.0035474302498955,4.004053592923498,0.03682485286715241,2.279430763687529,3.3415855968943475,2.21714390618466,2.5334955771860734,-49.539689339160596
2026-04-14T12:31:16.066,4.00368380568527,4.005393743836507,4.003864765397594,4.004195213567925,0.02776801033533112,2.302378553293849,3.371089897816759,2.415478373496427,2.6220084799533083,-49.65289987080836
2026-04-14T12:31:16.174,4.00368380568527,4.005393743836507,4.003864765397594,4.004195213567925,0.02776801033533112,2.302378553293849,3.371089897816759,2.415478373496427,2.6220084799533083,-49.65289987080836
2026-04-14T12:31:16.284,4.00368380568527,4.005393743836507,4.003864765397594,4.004195213567925,0.02776801033533112,2.302378553293849,3.371089897816759,2.415478373496427,2.6220084799533083,-49.65289987080836
2026-04-14T12:31:16.393,4.003397941791889,4.005123615570284,4.004305362958036,4.004237175240348,0.03214955042769106,2.1237136199303563,3.2022597314274037,2.690851848772269,2.648234525217674,-49.598130619653865
2026-04-14T12:31:16.501,4.003397941791889,4.005123615570284,4.004305362958036,4.004237175240348,0.03214955042769106,2.1237136199303563,3.2022597314274037,2.690851848772269,2.648234525217674,-49.598130619653865
2026-04-14T12:31:16.611,4.003397941791889,4.005123615570284,4.004305362958036,4.004237175240348,0.03214955042769106,2.1237136199303563,3.2022597314274037,2.690851848772269,2.648234525217674,-49.598130619653865
2026-04-14T12:31:16.720,4.003982782601284,4.005333423932399,4.003974914787705,4.003366470537571,0.039697749041347506,2.489239125802456,3.333389957749233,2.4843217423153874,2.104044085982082,-49.50377813698316
2026-04-14T12:31:16.830,4.003982782601284,4.005333423932399,4.003974914787705,4.003366470537571,0.039697749041347506,2.489239125802456,3.333389957749233,2.4843217423153874,2.104044085982082,-49.50377813698316
2026-04-14T12:31:16.938,4.003982782601284,4.005333423932399,4.003974914787705,4.003366470537571,0.039697749041347506,2.489239125802456,3.333389957749233,2.4843217423153874,2.104044085982082,-49.50377813698316
2026-04-14T12:31:17.046,4.003893614047386,4.0053858760229275,4.003772974239169,4.004182100545293,0.031298137523380204,2.4335087796162336,3.3661725143296906,2.3581088994806265,2.613812840808194,-49.60877328095775
2026-04-14T12:31:17.156,4.003893614047386,4.0053858760229275,4.003772974239169,4.004182100545293,0.031298137523380204,2.4335087796162336,3.3661725143296906,2.3581088994806265,2.613812840808194,-49.60877328095775
2026-04-14T12:31:17.266,4.003893614047386,4.0053858760229275,4.003772974239169,4.004182100545293,0.031298137523380204,2.4335087796162336,3.3661725143296906,2.3581088994806265,2.613812840808194,-49.60877328095775
2026-04-14T12:31:17.375,4.003479242532208,4.0053439143505045,4.004287004726351,4.003741502984852,0.03607799944231833,2.1745265826300653,3.3399464690653247,2.6793779539691087,2.338439365532352,-49.54902500697102
2026-04-14T12:31:17.484,4.003479242532208,4.0053439143505045,4.004287004726351,4.003741502984852,0.03607799944231833,2.1745265826300653,3.3399464690653247,2.6793779539691087,2.338439365532352,-49.54902500697102
2026-04-14T12:31:17.594,4.003479242532208,4.0053439143505045,4.004287004726351,4.003741502984852,0.03607799944231833,2.1745265826300653,3.3399464690653247,2.6793779539691087,2.338439365532352,-49.54902500697102
2026-04-14T12:31:17.703,4.004092931991394,4.005844831815054,4.003780842052748,4.003961801765072,0.03568963566140461,2.5580824946214165,3.6530198844086925,2.363026282967695,2.476126103170273,-49.553879554232445
2026-04-14T12:31:17.813,4.004092931991394,4.005844831815054,4.003780842052748,4.003961801765072,0.03568963566140461,2.5580824946214165,3.6530198844086925,2.363026282967695,2.476126103170273,-49.553879554232445
2026-04-14T12:31:17.922,4.004092931991394,4.005844831815054,4.003780842052748,4.003961801765072,0.03568963566140461,2.5580824946214165,3.6530198844086925,2.363026282967695,2.476126103170273,-49.553879554232445
2026-04-14T12:31:18.030,4.004195213567925,4.005595684385042,4.003704786521482,4.004161119709082,0.03301590040049859,2.6220084799533083,3.49730274065152,2.315491575926032,2.600699818176011,-49.58730124499377
2026-04-14T12:31:18.139,4.004195213567925,4.005595684385042,4.003704786521482,4.004161119709082,0.03301590040049859,2.6220084799533083,3.49730274065152,2.315491575926032,2.600699818176011,-49.58730124499377
2026-04-14T12:31:18.247,4.004195213567925,4.005595684385042,4.003704786521482,4.004161119709082,0.03301590040049859,2.6220084799533083,3.49730274065152,2.315491575926032,2.600699818176011,-49.58730124499377
2026-04-14T12:31:18.371,4.003982782601284,4.0051996711015505,4.004155874500029,4.003550052854422,0.03024756370578027,2.489239125802456,3.249794438469067,2.5974215625179653,2.2187830340136827,-49.62190545367775
2026-04-14T12:31:18.481,4.003982782601284,4.0051996711015505,4.004155874500029,4.003550052854422,0.03024756370578027,2.489239125802456,3.249794438469067,2.5974215625179653,2.2187830340136827,-49.62190545367775
2026-04-14T12:31:18.589,4.003982782601284,4.0051996711015505,4.004155874500029,4.003550052854422,0.03024756370578027,2.489239125802456,3.249794438469067,2.5974215625179653,2.2187830340136827,-49.62190545367775
2026-04-14T12:31:18.697,4.003576278899686,4.005419969881771,4.003930330510755,4.004168987522661,0.027638555741693212,2.2351743123039114,3.387481176106988,2.4564565692219986,2.6056172016630796,-49.654518053228834
2026-04-14T12:31:18.807,4.003576278899686,4.005419969881771,4.003930330510755,4.004168987522661,0.027638555741693212,2.2351743123039114,3.387481176106988,2.4564565692219986,2.6056172016630796,-49.654518053228834
2026-04-14T12:31:18.915,4.003576278899686,4.005419969881771,4.003930330510755,4.004168987522661,0.027638555741693212,2.2351743123039114,3.387481176106988,2.4564565692219986,2.6056172016630796,-49.654518053228834
2026-04-14T12:31:19.024,4.00406670594613,4.005763531074734,4.004095554595921,4.003935575719808,0.027001240819168132,2.5416912163311878,3.6022069217089836,2.5597216224504393,2.4597348248800444,-49.6624844897604
2026-04-14T12:31:19.134,4.00406670594613,4.005763531074734,4.004095554595921,4.003935575719808,0.027001240819168132,2.5416912163311878,3.6022069217089836,2.5597216224504393,2.4597348248800444,-49.6624844897604
2026-04-14T12:31:19.243,4.00406670594613,4.005763531074734,4.004095554595921,4.003935575719808,0.027001240819168132,2.5416912163311878,3.6022069217089836,2.5597216224504393,2.4597348248800444,-49.6624844897604
2026-04-14T12:31:19.352,4.003783464657275,4.00513410598839,4.004342079421406,4.003518581600105,0.019697014324290822,2.364665410796718,3.208816242743495,2.713799638378589,2.1991135000654083,-49.753787320946365
2026-04-14T12:31:19.460,4.003783464657275,4.00513410598839,4.004342079421406,4.003518581600105,0.019697014324290822,2.364665410796718,3.208816242743495,2.713799638378589,2.1991135000654083,-49.753787320946365
2026-04-14T12:31:19.568,4.003783464657275,4.00513410598839,4.004342079421406,4.003518581600105,0.019697014324290822,2.364665410796718,3.208816242743495,2.713799638378589,2.1991135000654083,-49.753787320946365
2026-04-14T12:31:19.679,4.00406670594613,4.005598306989569,4.003851652374962,4.0044784548567804,0.015061544067487295,2.5416912163311878,3.498941868480543,2.4072827343513126,2.799034285487778,-49.811730699156406
2026-04-14T12:31:19.787,4.00406670594613,4.005598306989569,4.003851652374962,4.0044784548567804,0.015061544067487295,2.5416912163311878,3.498941868480543,2.4072827343513126,2.799034285487778,-49.811730699156406
2026-04-14T12:31:19.896,4.00406670594613,4.005598306989569,4.003851652374962,4.0044784548567804,0.015061544067487295,2.5416912163311878,3.498941868480543,2.4072827343513126,2.799034285487778,-49.811730699156406
2026-04-14T12:31:20.005,4.0034635069050495,4.005246877983026,4.004009008646548,4.003754616007484,0.024242862170114263,2.164691815655928,3.2792987393914785,2.5056304040926847,2.3466350046774664,-49.696964222873575
2026-04-14T12:31:20.114,4.0034635069050495,4.005246877983026,4.004009008646548,4.003754616007484,0.024242862170114263,2.164691815655928,3.2792987393914785,2.5056304040926847,2.3466350046774664,-49.696964222873575
2026-04-14T12:31:20.224,4.0034635069050495,4.005246877983026,4.004009008646548,4.003754616007484,0.024242862170114263,2.164691815655928,3.2792987393914785,2.5056304040926847,2.3466350046774664,-49.696964222873575
2026-04-14T12:31:20.331,4.003426790441679,4.0054697993677735,4.004630565919314,4.004043102505392,0.03135788579736694,2.141744026049608,3.4186246048584223,2.8941036995711045,2.526939065869982,-49.60802642753291
2026-04-14T12:31:20.441,4.003426790441679,4.0054697993677735,4.004630565919314,4.004043102505392,0.03135788579736694,2.141744026049608,3.4186246048584223,2.8941036995711045,2.526939065869982,-49.60802642753291
2026-04-14T12:31:20.550,4.003426790441679,4.0054697993677735,4.004630565919314,4.004043102505392,0.03135788579736694,2.141744026049608,3.4186246048584223,2.8941036995711045,2.526939065869982,-49.60802642753291
2026-04-14T12:31:20.659,4.0036916734988495,4.0055720809443045,4.004504680902045,4.003741502984852,0.026906639385355813,2.3072959367809176,3.482550590190314,2.815425563778007,2.338439365532352,-49.66366700768305
2026-04-14T12:31:20.767,4.0036916734988495,4.0055720809443045,4.004504680902045,4.003741502984852,0.026906639385355813,2.3072959367809176,3.482550590190314,2.815425563778007,2.338439365532352,-49.66366700768305
2026-04-14T12:31:20.878,4.0036916734988495,4.0055720809443045,4.004504680902045,4.003741502984852,0.026906639385355813,2.3072959367809176,3.482550590190314,2.815425563778007,2.338439365532352,-49.66366700768305
2026-04-14T12:31:20.986,4.003560543272528,4.005561590526199,4.004360437653091,4.00395655655602,0.02987413699336323,2.225339545329774,3.4759940788742227,2.725273533181749,2.4728478475122273,-49.62657328758296
2026-04-14T12:31:21.095,4.003560543272528,4.005561590526199,4.004360437653091,4.00395655655602,0.02987413699336323,2.225339545329774,3.4759940788742227,2.725273533181749,2.4728478475122273,-49.62657328758296
2026-04-14T12:31:21.205,4.003560543272528,4.005561590526199,4.004360437653091,4.00395655655602,0.02987413699336323,2.225339545329774,3.4759940788742227,2.725273533181749,2.4728478475122273,-49.62657328758296
2026-04-14T12:31:21.313,4.003932953115282,4.005218029333236,4.003856897584015,4.004197836172452,0.02276907141177501,2.4580956970510215,3.261268333272227,2.4105609900093583,2.623647607782331,-49.71538660735281
2026-04-14T12:31:21.422,4.003932953115282,4.005218029333236,4.003856897584015,4.004197836172452,0.02276907141177501,2.4580956970510215,3.261268333272227,2.4105609900093583,2.623647607782331,-49.71538660735281
2026-04-14T12:31:21.531,4.003932953115282,4.005218029333236,4.003856897584015,4.004197836172452,0.02276907141177501,2.4580956970510215,3.261268333272227,2.4105609900093583,2.623647607782331,-49.71538660735281
2026-04-14T12:31:21.640,4.004045725109918,4.00516295463818,4.004281759517299,4.003641844012847,0.024153239759134172,2.528578193699005,3.2268466488627467,2.676099698311618,2.276152508029483,-49.698084503010826
2026-04-14T12:31:21.751,4.004045725109918,4.00516295463818,4.004281759517299,4.003641844012847,0.024153239759134172,2.528578193699005,3.2268466488627467,2.676099698311618,2.276152508029483,-49.698084503010826
2026-04-14T12:31:21.859,4.004045725109918,4.00516295463818,4.004281759517299,4.003641844012847,0.024153239759134172,2.528578193699005,3.2268466488627467,2.676099698311618,2.276152508029483,-49.698084503010826
2026-04-14T12:31:21.968,4.003814935911592,4.0051157477567045,4.004378795884776,4.004050970318971,0.033588488026204726,2.3843349447449924,3.197342347940335,2.736747427984909,2.5318564493570506,-49.58014389967244
2026-04-14T12:31:22.078,4.003814935911592,4.0051157477567045,4.004378795884776,4.004050970318971,0.033588488026204726,2.3843349447449924,3.197342347940335,2.736747427984909,2.5318564493570506,-49.58014389967244
2026-04-14T12:31:22.188,4.003814935911592,4.0051157477567045,4.004378795884776,4.004050970318971,0.033588488026204726,2.3843349447449924,3.197342347940335,2.736747427984909,2.5318564493570506,-49.58014389967244
2026-04-14T12:31:22.296,4.003510713786525,4.005661249498203,4.004504680902045,4.003429413046206,0.03256280932276592,2.1941961165783397,3.5382809363770917,2.815425563778007,2.1433831538786308,-49.59296488346542
2026-04-14T12:31:22.405,4.003510713786525,4.005661249498203,4.004504680902045,4.003429413046206,0.03256280932276592,2.1941961165783397,3.5382809363770917,2.815425563778007,2.1433831538786308,-49.59296488346542
2026-04-14T12:31:22.513,4.003510713786525,4.005661249498203,4.004504680902045,4.003429413046206,0.03256280932276592,2.1941961165783397,3.5382809363770917,2.815425563778007,2.1433831538786308,-49.59296488346542
2026-04-14T12:31:22.622,4.003594637131371,4.005519628853776,4.004001140832969,4.003628730990215,0.018213265520287115,2.2466482071070715,3.449768033609857,2.500713020605616,2.2679568688843688,-49.77233418099642
2026-04-14T12:31:22.731,4.003594637131371,4.005519628853776,4.004001140832969,4.003628730990215,0.018213265520287115,2.2466482071070715,3.449768033609857,2.500713020605616,2.2679568688843688,-49.77233418099642
2026-04-14T12:31:22.841,4.003594637131371,4.005519628853776,4.004001140832969,4.003628730990215,0.018213265520287115,2.2466482071070715,3.449768033609857,2.500713020605616,2.2679568688843688,-49.77233418099642
2026-04-14T12:31:22.950,4.003731012566746,4.005204916310604,4.004242420449401,4.003594637131371,0.02645354830762314,2.3318828542162606,3.2530726941276678,2.65151278087572,2.2466482071070715,-49.66933064615471
2026-04-14T12:31:23.059,4.003731012566746,4.005204916310604,4.004242420449401,4.003594637131371,0.02645354830762314,2.3318828542162606,3.2530726941276678,2.65151278087572,2.2466482071070715,-49.66933064615471
2026-04-14T12:31:23.169,4.003731012566746,4.005204916310604,4.004242420449401,4.003594637131371,0.02645354830762314,2.3318828542162606,3.2530726941276678,2.65151278087572,2.2466482071070715,-49.66933064615471
2026-04-14T12:31:23.278,4.003778219448222,4.0055117610401965,4.00414800668645,4.003639221408321,0.02474574347616921,2.3613871551386723,3.4448506501227882,2.592504179031452,2.2745133802004602,-49.69067820654789
2026-04-14T12:31:23.403,4.003778219448222,4.0055117610401965,4.00414800668645,4.003639221408321,0.02474574347616921,2.3613871551386723,3.4448506501227882,2.592504179031452,2.2745133802004602,-49.69067820654789
2026-04-14T12:31:23.511,4.003778219448222,4.0055117610401965,4.00414800668645,4.003639221408321,0.02474574347616921,2.3613871551386723,3.4448506501227882,2.592504179031452,2.2745133802004602,-49.69067820654789
2026-04-14T12:31:23.619,4.003749370798431,4.005621910430307,4.004074573759709,4.003922462697176,0.034957719305067206,2.3433567490194207,3.5136940189417487,2.5466085998182564,2.45153918573493,-49.563028508686656
2026-04-14T12:31:23.729,4.003749370798431,4.005621910430307,4.004074573759709,4.003922462697176,0.034957719305067206,2.3433567490194207,3.5136940189417487,2.5466085998182564,2.45153918573493,-49.563028508686656
2026-04-14T12:31:23.838,4.003749370798431,4.005621910430307,4.004074573759709,4.003922462697176,0.034957719305067206,2.3433567490194207,3.5136940189417487,2.5466085998182564,2.45153918573493,-49.563028508686656
2026-04-14T12:31:23.948,4.004189968358872,4.0052442553785,4.0042686464946655,4.004061460737077,0.035520348885108875,2.6187302242952626,3.2776596115624557,2.6679040591659486,2.538412960673142,-49.55599563893614
2026-04-14T12:31:24.058,4.004189968358872,4.0052442553785,4.0042686464946655,4.004061460737077,0.035520348885108875,2.6187302242952626,3.2776596115624557,2.6679040591659486,2.538412960673142,-49.55599563893614
2026-04-14T12:31:24.166,4.004189968358872,4.0052442553785,4.0042686464946655,4.004061460737077,0.035520348885108875,2.6187302242952626,3.2776596115624557,2.6679040591659486,2.538412960673142,-49.55599563893614
2026-04-14T12:31:24.275,4.003515958995578,4.0051996711015505,4.0043525698395115,4.004016876460128,0.03463408282097244,2.1974743722363854,3.249794438469067,2.7203561496946804,2.5105477875797533,-49.567073964737844
2026-04-14T12:31:24.384,4.003515958995578,4.0051996711015505,4.0043525698395115,4.004016876460128,0.03463408282097244,2.1974743722363854,3.249794438469067,2.7203561496946804,2.5105477875797533,-49.567073964737844
2026-04-14T12:31:24.493,4.003515958995578,4.0051996711015505,4.0043525698395115,4.004016876460128,0.03463408282097244,2.1974743722363854,3.249794438469067,2.7203561496946804,2.5105477875797533,-49.567073964737844
2026-04-14T12:31:24.603,4.003780842052748,4.005031824411859,4.004565000806153,4.003599882340424,0.030352123185257044,2.363026282967695,3.1448902574116033,2.8531255038455328,2.249926462765117,-49.62059846018428
2026-04-14T12:31:24.711,4.003780842052748,4.005031824411859,4.004565000806153,4.003599882340424,0.030352123185257044,2.363026282967695,3.1448902574116033,2.8531255038455328,2.249926462765117,-49.62059846018428
2026-04-14T12:31:24.820,4.003780842052748,4.005031824411859,4.004565000806153,4.003599882340424,0.030352123185257044,2.363026282967695,3.1448902574116033,2.8531255038455328,2.249926462765117,-49.62059846018428
2026-04-14T12:31:24.930,4.0036077501540035,4.005173445056286,4.004604339874049,4.0038752558157,0.032438333751960244,2.254843846252186,3.233403160178838,2.877712421280876,2.4220348848125184,-49.5945208281005
2026-04-14T12:31:25.037,4.0036077501540035,4.005173445056286,4.004604339874049,4.0038752558157,0.032438333751960244,2.254843846252186,3.233403160178838,2.877712421280876,2.4220348848125184,-49.5945208281005
2026-04-14T12:31:25.147,4.0036077501540035,4.005173445056286,4.004604339874049,4.0038752558157,0.032438333751960244,2.254843846252186,3.233403160178838,2.877712421280876,2.4220348848125184,-49.5945208281005
2026-04-14T12:31:25.256,4.003969669578652,4.005519628853776,4.003870010606647,4.004195213567925,0.0360730204194861,2.4810434866573416,3.449768033609857,2.4187566291544726,2.6220084799533083,-49.54908724475642
2026-04-14T12:31:25.365,4.003969669578652,4.005519628853776,4.003870010606647,4.004195213567925,0.0360730204194861,2.4810434866573416,3.449768033609857,2.4187566291544726,2.6220084799533083,-49.54908724475642
2026-04-14T12:31:25.474,4.003969669578652,4.005519628853776,4.003870010606647,4.004195213567925,0.0360730204194861,2.4810434866573416,3.449768033609857,2.4187566291544726,2.6220084799533083,-49.54908724475642
2026-04-14T12:31:25.582,4.003376960955677,4.005448818531562,4.0039198400926495,4.003510713786525,0.03185080905775743,2.1106005972981734,3.4055115822262394,2.449900057905907,2.1941961165783397,-49.60186488677803
2026-04-14T12:31:25.694,4.003376960955677,4.005448818531562,4.0039198400926495,4.003510713786525,0.03185080905775743,2.1106005972981734,3.4055115822262394,2.449900057905907,2.1941961165783397,-49.60186488677803
2026-04-14T12:31:25.802,4.003376960955677,4.005448818531562,4.0039198400926495,4.003510713786525,0.03185080905775743,2.1106005972981734,3.4055115822262394,2.449900057905907,2.1941961165783397,-49.60186488677803
2026-04-14T12:31:25.912,4.003744125589378,4.00539112123198,4.0041244032457115,4.003298282819885,0.03125830534072239,2.340078493361375,3.3694507699877363,2.577752028569691,2.0614267624280425,-49.60927118324097
2026-04-14T12:31:26.021,4.003744125589378,4.00539112123198,4.0041244032457115,4.003298282819885,0.03125830534072239,2.340078493361375,3.3694507699877363,2.577752028569691,2.0614267624280425,-49.60927118324097
2026-04-14T12:31:26.129,4.003744125589378,4.00539112123198,4.0041244032457115,4.003298282819885,0.03125830534072239,2.340078493361375,3.3694507699877363,2.577752028569691,2.0614267624280425,-49.60927118324097
2026-04-14T12:31:26.240,4.003376960955677,4.005370140395769,4.003974914787705,4.00357365629516,0.03741237756135522,2.1106005972981734,3.3563377473555533,2.4843217423153874,2.2335351844748885,-49.53234528048306
2026-04-14T12:31:26.348,4.003376960955677,4.005370140395769,4.003974914787705,4.00357365629516,0.03741237756135522,2.1106005972981734,3.3563377473555533,2.4843217423153874,2.2335351844748885,-49.53234528048306
2026-04-14T12:31:26.458,4.003376960955677,4.005370140395769,4.003974914787705,4.00357365629516,0.03741237756135522,2.1106005972981734,3.3563377473555533,2.4843217423153874,2.2335351844748885,-49.53234528048306
2026-04-14T12:31:26.566,4.00330877323799,4.0054461959270355,4.00448632267036,4.003334999283254,0.03686468504981023,2.067983273743579,3.4038724543972165,2.8039516689748467,2.0843745520338075,-49.539191436877374
2026-04-14T12:31:26.673,4.00330877323799,4.0054461959270355,4.00448632267036,4.003334999283254,0.03686468504981023,2.067983273743579,3.4038724543972165,2.8039516689748467,2.0843745520338075,-49.539191436877374
2026-04-14T12:31:26.797,4.00330877323799,4.0054461959270355,4.00448632267036,4.003334999283254,0.03686468504981023,2.067983273743579,3.4038724543972165,2.8039516689748467,2.0843745520338075,-49.539191436877374
2026-04-14T12:31:26.890,4.004129648454764,4.004992485343962,4.003893614047386,4.003775596843695,0.039239678940782605,2.5810302842277366,3.1203033399762603,2.4335087796162336,2.3597480273096494,-49.50950401324022
2026-04-14T12:31:26.997,4.004129648454764,4.004992485343962,4.003893614047386,4.003775596843695,0.039239678940782605,2.5810302842277366,3.1203033399762603,2.4335087796162336,2.3597480273096494,-49.50950401324022
2026-04-14T12:31:27.107,4.004129648454764,4.004992485343962,4.003893614047386,4.003775596843695,0.039239678940782605,2.5810302842277366,3.1203033399762603,2.4335087796162336,2.3597480273096494,-49.50950401324022
2026-04-14T12:31:27.232,4.003618240572109,4.005131483383864,4.003890991442859,4.0033192636560955,0.02891318558674338,2.2614003575682773,3.2071771149150274,2.4318696517866556,2.0745397850596703,-49.638585180165705
2026-04-14T12:31:27.355,4.003618240572109,4.005131483383864,4.003890991442859,4.0033192636560955,0.02891318558674338,2.2614003575682773,3.2071771149150274,2.4318696517866556,2.0745397850596703,-49.638585180165705
2026-04-14T12:31:27.464,4.003618240572109,4.005131483383864,4.003890991442859,4.0033192636560955,0.02891318558674338,2.2614003575682773,3.2071771149150274,2.4318696517866556,2.0745397850596703,-49.638585180165705
2026-04-14T12:31:27.573,4.004187345754346,4.005430460299877,4.003778219448222,4.003557920668001,0.03291631994385405,2.6170910964662397,3.3940376874230793,2.3613871551386723,2.2237004175007513,-49.588546000701825
2026-04-14T12:31:27.681,4.004187345754346,4.005430460299877,4.003778219448222,4.003557920668001,0.03291631994385405,2.6170910964662397,3.3940376874230793,2.3613871551386723,2.2237004175007513,-49.588546000701825
2026-04-14T12:31:27.789,4.004187345754346,4.005430460299877,4.003778219448222,4.003557920668001,0.03291631994385405,2.6170910964662397,3.3940376874230793,2.3613871551386723,2.2237004175007513,-49.588546000701825
2026-04-14T12:31:27.896,4.003376960955677,4.005687475543468,4.003662824849059,4.00417685533624,0.03424074001722649,2.1106005972981734,3.5546722146673204,2.289265530661666,2.6105345851501482,-49.57199074978467
2026-04-14T12:31:28.005,4.003376960955677,4.005687475543468,4.003662824849059,4.00417685533624,0.03424074001722649,2.1106005972981734,3.5546722146673204,2.289265530661666,2.6105345851501482,-49.57199074978467
2026-04-14T12:31:28.112,4.003376960955677,4.005687475543468,4.003662824849059,4.00417685533624,0.03424074001722649,2.1106005972981734,3.5546722146673204,2.289265530661666,2.6105345851501482,-49.57199074978467
2026-04-14T12:31:28.221,4.0037100317305345,4.005498648017564,4.003626108385689,4.003654957035479,0.026752289677556773,2.3187698315840777,3.436655010977674,2.266317741055901,2.2843481471745974,-49.66559637903054
2026-04-14T12:31:28.330,4.0037100317305345,4.005498648017564,4.003626108385689,4.003654957035479,0.026752289677556773,2.3187698315840777,3.436655010977674,2.266317741055901,2.2843481471745974,-49.66559637903054
2026-04-14T12:31:28.435,4.0037100317305345,4.005498648017564,4.003626108385689,4.003654957035479,0.026752289677556773,2.3187698315840777,3.436655010977674,2.266317741055901,2.2843481471745974,-49.66559637903054
2026-04-14T12:31:28.546,4.0040404799008655,4.0056324008484125,4.004530906947309,4.003972292183178,0.02914719965985806,2.525299938040959,3.52025053025784,2.8318168420682355,2.4826826144863645,-49.635660004251775
2026-04-14T12:31:28.655,4.0040404799008655,4.0056324008484125,4.004530906947309,4.003972292183178,0.02914719965985806,2.525299938040959,3.52025053025784,2.8318168420682355,2.4826826144863645,-49.635660004251775
2026-04-14T12:31:28.764,4.0040404799008655,4.0056324008484125,4.004530906947309,4.003972292183178,0.02914719965985806,2.525299938040959,3.52025053025784,2.8318168420682355,2.4826826144863645,-49.635660004251775
2026-04-14T12:31:28.872,4.003702163916955,4.005152464220075,4.003775596843695,4.0032956602153575,0.024252820215778716,2.313852448097009,3.2202901375466553,2.3597480273096494,2.0597876345984645,-49.69683974730277
2026-04-14T12:31:28.981,4.003702163916955,4.005152464220075,4.003775596843695,4.0032956602153575,0.024252820215778716,2.313852448097009,3.2202901375466553,2.3597480273096494,2.0597876345984645,-49.69683974730277
2026-04-14T12:31:29.091,4.003702163916955,4.005152464220075,4.003775596843695,4.0032956602153575,0.024252820215778716,2.313852448097009,3.2202901375466553,2.3597480273096494,2.0597876345984645,-49.69683974730277
2026-04-14T12:31:29.200,4.003589391922318,4.005351782164084,4.003846407165909,4.003969669578652,0.026702499449234498,2.2433699514490257,3.3448638525523933,2.404004478693267,2.4810434866573416,-49.66621875688457
2026-04-14T12:31:29.310,4.003589391922318,4.005351782164084,4.003846407165909,4.003969669578652,0.026702499449234498,2.2433699514490257,3.3448638525523933,2.404004478693267,2.4810434866573416,-49.66621875688457
2026-04-14T12:31:29.419,4.003589391922318,4.005351782164084,4.003846407165909,4.003969669578652,0.026702499449234498,2.2433699514490257,3.3448638525523933,2.404004478693267,2.4810434866573416,-49.66621875688457
2026-04-14T12:31:29.529,4.0039198400926495,4.005606174803148,4.003560543272528,4.003374338351151,0.022495225156002514,2.449900057905907,3.5038592519676115,2.225339545329774,2.1089614694691505,-49.71880968554997
2026-04-14T12:31:29.638,4.0039198400926495,4.005606174803148,4.003560543272528,4.003374338351151,0.022495225156002514,2.449900057905907,3.5038592519676115,2.225339545329774,2.1089614694691505,-49.71880968554997
2026-04-14T12:31:29.761,4.0039198400926495,4.005606174803148,4.003560543272528,4.003374338351151,0.022495225156002514,2.449900057905907,3.5038592519676115,2.225339545329774,2.1089614694691505,-49.71880968554997
2026-04-14T12:31:29.856,4.004127025850238,4.005322933514293,4.00414013887287,4.004003763437495,0.023580652133428043,2.5793911563987137,3.3268334464331417,2.587586795543828,2.502352148434639,-49.70524184833215
2026-04-14T12:31:29.980,4.004127025850238,4.005322933514293,4.00414013887287,4.004003763437495,0.023580652133428043,2.5793911563987137,3.3268334464331417,2.587586795543828,2.502352148434639,-49.70524184833215
2026-04-14T12:31:30.089,4.004127025850238,4.005322933514293,4.00414013887287,4.004003763437495,0.023580652133428043,2.5793911563987137,3.3268334464331417,2.587586795543828,2.502352148434639,-49.70524184833215
2026-04-14T12:31:30.184,4.003678560476217,4.005454063740615,4.003914594883597,4.003817558516118,0.01989617523757991,2.2991002976358033,3.408789837884285,2.4466218022478614,2.3859740725740153,-49.75129780953026
2026-04-14T12:31:30.308,4.003678560476217,4.005454063740615,4.003914594883597,4.003817558516118,0.01989617523757991,2.2991002976358033,3.408789837884285,2.4466218022478614,2.3859740725740153,-49.75129780953026
2026-04-14T12:31:30.409,4.003678560476217,4.005454063740615,4.003914594883597,4.003817558516118,0.01989617523757991,2.2991002976358033,3.408789837884285,2.4466218022478614,2.3859740725740153,-49.75129780953026
2026-04-14T12:31:30.526,4.004410267139093,4.005600929594095,4.004155874500029,4.004035234691813,0.02402378516549626,2.7564169619331835,3.5005809963095658,2.5974215625179653,2.5220216823829134,-49.6997026854313
2026-04-14T12:31:30.623,4.004410267139093,4.005600929594095,4.004155874500029,4.004035234691813,0.02402378516549626,2.7564169619331835,3.5005809963095658,2.5974215625179653,2.5220216823829134,-49.6997026854313
2026-04-14T12:31:30.744,4.004410267139093,4.005600929594095,4.004155874500029,4.004035234691813,0.02402378516549626,2.7564169619331835,3.5005809963095658,2.5974215625179653,2.5220216823829134,-49.6997026854313
2026-04-14T12:31:30.841,4.003633976199268,4.005422592486298,4.004174232731714,4.003453016486944,0.027389604600081854,2.2712351245424145,3.3891203039360107,2.6088954573211254,2.1581353043398366,-49.65762994249898
2026-04-14T12:31:30.963,4.003633976199268,4.005422592486298,4.004174232731714,4.003453016486944,0.027389604600081854,2.2712351245424145,3.3891203039360107,2.6088954573211254,2.1581353043398366,-49.65762994249898
2026-04-14T12:31:31.072,4.003633976199268,4.005422592486298,4.004174232731714,4.003453016486944,0.027389604600081854,2.2712351245424145,3.3891203039360107,2.6088954573211254,2.1581353043398366,-49.65762994249898
2026-04-14T12:31:31.183,4.003678560476217,4.005212784124183,4.004363060257617,4.003358602723992,0.029331423504650463,2.2991002976358033,3.2579900776141812,2.726912661010772,2.0991267024950133,-49.63335720619187
2026-04-14T12:31:31.291,4.003678560476217,4.005212784124183,4.004363060257617,4.003358602723992,0.029331423504650463,2.2991002976358033,3.2579900776141812,2.726912661010772,2.0991267024950133,-49.63335720619187
2026-04-14T12:31:31.399,4.003678560476217,4.005212784124183,4.004363060257617,4.003358602723992,0.029331423504650463,2.2991002976358033,3.2579900776141812,2.726912661010772,2.0991267024950133,-49.63335720619187
2026-04-14T12:31:31.510,4.003623485781162,4.005357027373137,4.004168987522661,4.003670692662638,0.02321220444384323,2.264678613226323,3.348142108210439,2.6056172016630796,2.2941829141487347,-49.70984744445196
2026-04-14T12:31:31.620,4.003623485781162,4.005357027373137,4.004168987522661,4.003670692662638,0.02321220444384323,2.264678613226323,3.348142108210439,2.6056172016630796,2.2941829141487347,-49.70984744445196
2026-04-14T12:31:31.730,4.003623485781162,4.005357027373137,4.004168987522661,4.003670692662638,0.02321220444384323,2.264678613226323,3.348142108210439,2.6056172016630796,2.2941829141487347,-49.70984744445196
2026-04-14T12:31:31.839,4.004045725109918,4.005372763000295,4.00429487253993,4.00357365629516,0.03430048829121322,2.528578193699005,3.357976875184576,2.6842953374561773,2.2335351844748885,-49.57124389635983
2026-04-14T12:31:31.934,4.004045725109918,4.005372763000295,4.00429487253993,4.00357365629516,0.03430048829121322,2.528578193699005,3.357976875184576,2.6842953374561773,2.2335351844748885,-49.57124389635983
2026-04-14T12:31:32.044,4.004045725109918,4.005372763000295,4.00429487253993,4.00357365629516,0.03430048829121322,2.528578193699005,3.357976875184576,2.6842953374561773,2.2335351844748885,-49.57124389635983
2026-04-14T12:31:32.168,4.003487110345787,4.005225897146815,4.004245043053928,4.003778219448222,0.02907749334020688,2.179443966117134,3.2661857167592956,2.653151908704743,2.3613871551386723,-49.63653133324741
2026-04-14T12:31:32.276,4.003487110345787,4.005225897146815,4.004245043053928,4.003778219448222,0.02907749334020688,2.179443966117134,3.2661857167592956,2.653151908704743,2.3613871551386723,-49.63653133324741
2026-04-14T12:31:32.386,4.003487110345787,4.005225897146815,4.004245043053928,4.003778219448222,0.02907749334020688,2.179443966117134,3.2661857167592956,2.653151908704743,2.3613871551386723,-49.63653133324741
2026-04-14T12:31:32.494,4.003864765397594,4.005131483383864,4.004334211607826,4.0041060450140264,0.026821995997207953,2.415478373496427,3.2071771149150274,2.7088822548915203,2.566278133766531,-49.6647250500349
2026-04-14T12:31:32.602,4.003864765397594,4.005131483383864,4.004334211607826,4.0041060450140264,0.026821995997207953,2.415478373496427,3.2071771149150274,2.7088822548915203,2.566278133766531,-49.6647250500349
2026-04-14T12:31:32.711,4.003864765397594,4.005131483383864,4.004334211607826,4.0041060450140264,0.026821995997207953,2.415478373496427,3.2071771149150274,2.7088822548915203,2.566278133766531,-49.6647250500349
2026-04-14T12:31:32.821,4.00357365629516,4.004801035213532,4.003744125589378,4.003990650414863,0.03792521691307462,2.2335351844748885,3.000647008457591,2.340078493361375,2.4941565092895246,-49.52593478858657
2026-04-14T12:31:32.929,4.00357365629516,4.004801035213532,4.003744125589378,4.003990650414863,0.03792521691307462,2.2335351844748885,3.000647008457591,2.340078493361375,2.4941565092895246,-49.52593478858657
2026-04-14T12:31:33.037,4.00357365629516,4.004801035213532,4.003744125589378,4.003990650414863,0.03792521691307462,2.2335351844748885,3.000647008457591,2.340078493361375,2.4941565092895246,-49.52593478858657
2026-04-14T12:31:33.145,4.003565788481581,4.00475120572753,4.003678560476217,4.0034635069050495,0.031044207358936624,2.228617800988375,2.9695035797061564,2.2991002976358033,2.164691815655928,-49.61194740801329
2026-04-14T12:31:33.253,4.003565788481581,4.00475120572753,4.003678560476217,4.0034635069050495,0.031044207358936624,2.228617800988375,2.9695035797061564,2.2991002976358033,2.164691815655928,-49.61194740801329
2026-04-14T12:31:33.361,4.003565788481581,4.00475120572753,4.003678560476217,4.0034635069050495,0.031044207358936624,2.228617800988375,2.9695035797061564,2.2991002976358033,2.164691815655928,-49.61194740801329
2026-04-14T12:31:33.471,4.003791332470854,4.005438328113456,4.004444360997937,4.003494978159367,0.03223917283867115,2.3695827942837866,3.398955070910148,2.777725623710481,2.1843613496042025,-49.597010339516615
2026-04-14T12:31:33.580,4.003791332470854,4.005438328113456,4.004444360997937,4.003494978159367,0.03223917283867115,2.3695827942837866,3.398955070910148,2.777725623710481,2.1843613496042025,-49.597010339516615
2026-04-14T12:31:33.688,4.003791332470854,4.005438328113456,4.004444360997937,4.003494978159367,0.03223917283867115,2.3695827942837866,3.398955070910148,2.777725623710481,2.1843613496042025,-49.597010339516615
2026-04-14T12:31:33.799,4.003859520188541,4.00517082245176,4.004384041093829,4.00361037275853,0.027041073001825948,2.412200117838381,3.2317640323498154,2.740025683642955,2.2564829740812087,-49.66198658747717
2026-04-14T12:31:33.908,4.003859520188541,4.00517082245176,4.004384041093829,4.00361037275853,0.027041073001825948,2.412200117838381,3.2317640323498154,2.740025683642955,2.2564829740812087,-49.66198658747717
2026-04-14T12:31:34.017,4.003859520188541,4.00517082245176,4.004384041093829,4.00361037275853,0.027041073001825948,2.412200117838381,3.2317640323498154,2.740025683642955,2.2564829740812087,-49.66198658747717
2026-04-14T12:31:34.126,4.003253698542935,4.005375385604822,4.004142761477397,4.00376510642559,0.035191733378181884,2.0335615893340986,3.359616003013599,2.589225923372851,2.353191515993558,-49.56010333277273
2026-04-14T12:31:34.235,4.003253698542935,4.005375385604822,4.004142761477397,4.00376510642559,0.035191733378181884,2.0335615893340986,3.359616003013599,2.589225923372851,2.353191515993558,-49.56010333277273
2026-04-14T12:31:34.345,4.003253698542935,4.005375385604822,4.004142761477397,4.00376510642559,0.035191733378181884,2.0335615893340986,3.359616003013599,2.589225923372851,2.353191515993558,-49.56010333277273
2026-04-14T12:31:34.454,4.003867388002121,4.0053439143505045,4.003673315267164,4.003605127549477,0.039224741872285925,2.41711750132545,3.3399464690653247,2.2958220419777575,2.253204718423163,-49.509690726596425
2026-04-14T12:31:34.563,4.003867388002121,4.0053439143505045,4.003673315267164,4.003605127549477,0.039224741872285925,2.41711750132545,3.3399464690653247,2.2958220419777575,2.253204718423163,-49.509690726596425
2026-04-14T12:31:34.672,4.003867388002121,4.0053439143505045,4.003673315267164,4.003605127549477,0.039224741872285925,2.41711750132545,3.3399464690653247,2.2958220419777575,2.253204718423163,-49.509690726596425
2026-04-14T12:31:34.780,4.0035054685774725,4.0051157477567045,4.0039381983243345,4.003893614047386,0.023520903859441316,2.190917860920294,3.197342347940335,2.4613739527090672,2.4335087796162336,-49.70598870175698
2026-04-14T12:31:34.890,4.0035054685774725,4.0051157477567045,4.0039381983243345,4.003893614047386,0.023520903859441316,2.190917860920294,3.197342347940335,2.4613739527090672,2.4335087796162336,-49.70598870175698
2026-04-14T12:31:34.998,4.0035054685774725,4.0051157477567045,4.0039381983243345,4.003893614047386,0.023520903859441316,2.190917860920294,3.197342347940335,2.4613739527090672,2.4335087796162336,-49.70598870175698
2026-04-14T12:31:35.107,4.004014253855601,4.005482912390406,4.003833294143277,4.00402998948276,0.04884919300698111,2.5089086597507304,3.4268202440035367,2.3958088395481525,2.5187434267248676,-49.389385087412734
2026-04-14T12:31:35.216,4.004014253855601,4.005482912390406,4.003833294143277,4.00402998948276,0.04884919300698111,2.5089086597507304,3.4268202440035367,2.3958088395481525,2.5187434267248676,-49.389385087412734
2026-04-14T12:31:35.328,4.004014253855601,4.005482912390406,4.003833294143277,4.00402998948276,0.04884919300698111,2.5089086597507304,3.4268202440035367,2.3958088395481525,2.5187434267248676,-49.389385087412734
2026-04-14T12:31:35.436,4.00417685533624,4.005042314829964,4.004079818968762,4.004009008646548,0.041744127425392887,2.6105345851501482,3.151446768727695,2.549886855476302,2.5056304040926847,-49.47819840718259
2026-04-14T12:31:35.548,4.00417685533624,4.005042314829964,4.004079818968762,4.004009008646548,0.041744127425392887,2.6105345851501482,3.151446768727695,2.549886855476302,2.5056304040926847,-49.47819840718259
2026-04-14T12:31:35.666,4.00417685533624,4.005042314829964,4.004079818968762,4.004009008646548,0.041744127425392887,2.6105345851501482,3.151446768727695,2.549886855476302,2.5056304040926847,-49.47819840718259
2026-04-14T12:31:35.774,4.003990650414863,4.005210161519656,4.0041034224095,4.003644466617374,0.05554099969349447,2.4941565092895246,3.2563509497851584,2.564639005937508,2.277791635858506,-49.305737503831324
2026-04-14T12:31:35.881,4.003990650414863,4.005210161519656,4.0041034224095,4.003644466617374,0.05554099969349447,2.4941565092895246,3.2563509497851584,2.564639005937508,2.277791635858506,-49.305737503831324
2026-04-14T12:31:35.993,4.003990650414863,4.005210161519656,4.0041034224095,4.003644466617374,0.05554099969349447,2.4941565092895246,3.2563509497851584,2.564639005937508,2.277791635858506,-49.305737503831324
2026-04-14T12:31:36.102,4.003211736870512,4.005131483383864,4.004326343794247,4.003670692662638,0.032687284893571596,2.0073355440697327,3.2071771149150274,2.7039648714044517,2.2941829141487347,-49.591408938830355
2026-04-14T12:31:36.210,4.003211736870512,4.005131483383864,4.004326343794247,4.003670692662638,0.032687284893571596,2.0073355440697327,3.2071771149150274,2.7039648714044517,2.2941829141487347,-49.591408938830355
2026-04-14T12:31:36.310,4.003211736870512,4.005131483383864,4.004326343794247,4.003670692662638,0.032687284893571596,2.0073355440697327,3.2071771149150274,2.7039648714044517,2.2941829141487347,-49.591408938830355
2026-04-14T12:31:36.425,4.003473997323155,4.005160332033654,4.004027366878234,4.003809690702539,0.0369343913694614,2.1712483269720195,3.225207521033724,2.5171042988964,2.3810566890869467,-49.53832010788173
2026-04-14T12:31:36.536,4.003473997323155,4.005160332033654,4.004027366878234,4.003809690702539,0.0369343913694614,2.1712483269720195,3.225207521033724,2.5171042988964,2.3810566890869467,-49.53832010788173
2026-04-14T12:31:36.642,4.003473997323155,4.005160332033654,4.004027366878234,4.003809690702539,0.0369343913694614,2.1712483269720195,3.225207521033724,2.5171042988964,2.3810566890869467,-49.53832010788173
2026-04-14T12:31:36.754,4.003825426329698,4.00566387210273,4.004507303506571,4.003820181120646,0.03908532923298356,2.390891456061084,3.5399200642061146,2.8170646916070297,2.3876132004035933,-49.511433384587704
2026-04-14T12:31:36.864,4.003825426329698,4.00566387210273,4.004507303506571,4.003820181120646,0.03908532923298356,2.390891456061084,3.5399200642061146,2.8170646916070297,2.3876132004035933,-49.511433384587704
2026-04-14T12:31:36.965,4.003825426329698,4.00566387210273,4.004507303506571,4.003820181120646,0.03908532923298356,2.390891456061084,3.5399200642061146,2.8170646916070297,2.3876132004035933,-49.511433384587704
2026-04-14T12:31:37.085,4.003571033690633,4.005220651937762,4.003817558516118,4.003712654335061,0.04706670283304377,2.2318960566458657,3.26290746110125,2.3859740725740153,2.3204089594131005,-49.41166621458695
2026-04-14T12:31:37.193,4.003571033690633,4.005220651937762,4.003817558516118,4.003712654335061,0.04706670283304377,2.2318960566458657,3.26290746110125,2.3859740725740153,2.3204089594131005,-49.41166621458695
2026-04-14T12:31:37.304,4.003571033690633,4.005220651937762,4.003817558516118,4.003712654335061,0.04706670283304377,2.2318960566458657,3.26290746110125,2.3859740725740153,2.3204089594131005,-49.41166621458695
2026-04-14T12:31:37.411,4.003626108385689,4.005388498627454,4.004703998846054,4.004121780641185,0.04213249120630661,2.266317741055901,3.3678116421587134,2.939999278783745,2.576112900740668,-49.473343859921165
2026-04-14T12:31:37.521,4.003626108385689,4.005388498627454,4.004703998846054,4.004121780641185,0.04213249120630661,2.266317741055901,3.3678116421587134,2.939999278783745,2.576112900740668,-49.473343859921165
2026-04-14T12:31:37.627,4.003626108385689,4.005388498627454,4.004703998846054,4.004121780641185,0.04213249120630661,2.266317741055901,3.3678116421587134,2.939999278783745,2.576112900740668,-49.473343859921165
2026-04-14T12:31:37.732,4.00398540520581,4.005566835735252,4.004006386042022,4.003578901504213,0.04564270230302679,2.490878253631479,3.4792723345322685,2.503991276263662,2.2368134401329343,-49.42946622121217
2026-04-14T12:31:37.850,4.00398540520581,4.005566835735252,4.004006386042022,4.003578901504213,0.04564270230302679,2.490878253631479,3.4792723345322685,2.503991276263662,2.2368134401329343,-49.42946622121217
2026-04-14T12:31:37.956,4.00398540520581,4.005566835735252,4.004006386042022,4.003578901504213,0.04564270230302679,2.490878253631479,3.4792723345322685,2.503991276263662,2.2368134401329343,-49.42946622121217
2026-04-14T12:31:38.068,4.003707409126008,4.005378008209348,4.0045990946649965,4.004349947234985,0.046195373837404005,2.317130703755055,3.361255130842622,2.87443416562283,2.7187170218656576,-49.42255782703245
2026-04-14T12:31:38.176,4.003707409126008,4.005378008209348,4.0045990946649965,4.004349947234985,0.046195373837404005,2.317130703755055,3.361255130842622,2.87443416562283,2.7187170218656576,-49.42255782703245
2026-04-14T12:31:38.284,4.003707409126008,4.005378008209348,4.0045990946649965,4.004349947234985,0.046195373837404005,2.317130703755055,3.361255130842622,2.87443416562283,2.7187170218656576,-49.42255782703245
2026-04-14T12:31:38.393,4.003224849893144,4.005307197887134,4.00421357179961,4.004218817008663,0.04368096730712927,2.015531183214847,3.3169986794590045,2.6334823747564684,2.636760630414514,-49.453987908660885
2026-04-14T12:31:38.502,4.003224849893144,4.005307197887134,4.00421357179961,4.004218817008663,0.04368096730712927,2.015531183214847,3.3169986794590045,2.6334823747564684,2.636760630414514,-49.453987908660885
2026-04-14T12:31:38.609,4.003224849893144,4.005307197887134,4.00421357179961,4.004218817008663,0.04368096730712927,2.015531183214847,3.3169986794590045,2.6334823747564684,2.636760630414514,-49.453987908660885
2026-04-14T12:31:38.717,4.004056215528024,4.005886793487477,4.0043315890033,4.004016876460128,0.03959816858470296,2.5351347050150963,3.6792459296730584,2.7072431270624975,2.5105477875797533,-49.505022892691215
2026-04-14T12:31:38.826,4.004056215528024,4.005886793487477,4.0043315890033,4.004016876460128,0.03959816858470296,2.5351347050150963,3.6792459296730584,2.7072431270624975,2.5105477875797533,-49.505022892691215
2026-04-14T12:31:38.935,4.004056215528024,4.005886793487477,4.0043315890033,4.004016876460128,0.03959816858470296,2.5351347050150963,3.6792459296730584,2.7072431270624975,2.5105477875797533,-49.505022892691215
2026-04-14T12:31:39.044,4.0036497118264265,4.0053386691414525,4.0041663649181345,4.00414013887287,0.03446977506750894,2.2810698915165517,3.336668213407834,2.6039780738340568,2.587586795543828,-49.56912781165614
2026-04-14T12:31:39.153,4.0036497118264265,4.0053386691414525,4.0041663649181345,4.00414013887287,0.03446977506750894,2.2810698915165517,3.336668213407834,2.6039780738340568,2.587586795543828,-49.56912781165614
2026-04-14T12:31:39.263,4.0036497118264265,4.0053386691414525,4.0041663649181345,4.00414013887287,0.03446977506750894,2.2810698915165517,3.336668213407834,2.6039780738340568,2.587586795543828,-49.56912781165614
2026-04-14T12:31:39.376,4.003571033690633,4.005034447016385,4.003820181120646,4.004079818968762,0.039349217443091604,2.2318960566458657,3.146529385240626,2.3876132004035933,2.549886855476302,-49.50813478196135
2026-04-14T12:31:39.481,4.003571033690633,4.005034447016385,4.003820181120646,4.004079818968762,0.039349217443091604,2.2318960566458657,3.146529385240626,2.3876132004035933,2.549886855476302,-49.50813478196135
2026-04-14T12:31:39.591,4.003571033690633,4.005034447016385,4.003820181120646,4.004079818968762,0.039349217443091604,2.2318960566458657,3.146529385240626,2.3876132004035933,2.549886855476302,-49.50813478196135
2026-04-14T12:31:39.714,4.004197836172452,4.005648136475571,4.004284382121824,4.0033612253285185,0.022629658772472645,2.623647607782331,3.5300852972319774,2.677738826140086,2.100765830324036,-49.71712926534409
2026-04-14T12:31:39.814,4.004197836172452,4.005648136475571,4.004284382121824,4.0033612253285185,0.022629658772472645,2.623647607782331,3.5300852972319774,2.677738826140086,2.100765830324036,-49.71712926534409
2026-04-14T12:31:39.931,4.004197836172452,4.005648136475571,4.004284382121824,4.0033612253285185,0.022629658772472645,2.623647607782331,3.5300852972319774,2.677738826140086,2.100765830324036,-49.71712926534409
2026-04-14T12:31:40.040,4.0034215452326265,4.005648136475571,4.004001140832969,4.003602504944951,0.032293942089825646,2.138465770391562,3.5300852972319774,2.500713020605616,2.25156559059414,-49.59632572387718
2026-04-14T12:31:40.149,4.0034215452326265,4.005648136475571,4.004001140832969,4.003602504944951,0.032293942089825646,2.138465770391562,3.5300852972319774,2.500713020605616,2.25156559059414,-49.59632572387718
2026-04-14T12:31:40.248,4.0034215452326265,4.005648136475571,4.004001140832969,4.003602504944951,0.032293942089825646,2.138465770391562,3.5300852972319774,2.500713020605616,2.25156559059414,-49.59632572387718
2026-04-14T12:31:40.366,4.0037939550753805,4.005404234254613,4.004365682862144,4.003502845972946,0.035047341716047294,2.3712219221128095,3.3776464091328506,2.7285517888397948,2.189278733091271,-49.561908228549406
2026-04-14T12:31:40.476,4.0037939550753805,4.005404234254613,4.004365682862144,4.003502845972946,0.035047341716047294,2.3712219221128095,3.3776464091328506,2.7285517888397948,2.189278733091271,-49.561908228549406
2026-04-14T12:31:40.584,4.0037939550753805,4.005404234254613,4.004365682862144,4.003502845972946,0.035047341716047294,2.3712219221128095,3.3776464091328506,2.7285517888397948,2.189278733091271,-49.561908228549406
2026-04-14T12:31:40.695,4.004077196364236,4.005718946797785,4.004171610127187,4.0037519934029575,0.027678387924351032,2.5482477276472792,3.574341748615595,2.6072563294921025,2.3449958768484436,-49.65402015094561
2026-04-14T12:31:40.803,4.004077196364236,4.005718946797785,4.004171610127187,4.0037519934029575,0.027678387924351032,2.5482477276472792,3.574341748615595,2.6072563294921025,2.3449958768484436,-49.65402015094561
2026-04-14T12:31:40.911,4.004077196364236,4.005718946797785,4.004171610127187,4.0037519934029575,0.027678387924351032,2.5482477276472792,3.574341748615595,2.6072563294921025,2.3449958768484436,-49.65402015094561
2026-04-14T12:31:41.021,4.0040824415732885,4.005378008209348,4.004517793924677,4.003898859256438,0.028534779851494114,2.551525983305325,3.361255130842622,2.823621202923121,2.436787035273724,-49.64331525185632
2026-04-14T12:31:41.131,4.0040824415732885,4.005378008209348,4.004517793924677,4.003898859256438,0.028534779851494114,2.551525983305325,3.361255130842622,2.823621202923121,2.436787035273724,-49.64331525185632
2026-04-14T12:31:41.240,4.0040824415732885,4.005378008209348,4.004517793924677,4.003898859256438,0.028534779851494114,2.551525983305325,3.361255130842622,2.823621202923121,2.436787035273724,-49.64331525185632
2026-04-14T12:31:41.348,4.00380182288896,4.005378008209348,4.0043709280711965,4.004187345754346,0.022161630626243288,2.376139305599878,3.361255130842622,2.7318300444978405,2.6170910964662397,-49.72297961717196
2026-04-14T12:31:41.457,4.00380182288896,4.005378008209348,4.0043709280711965,4.004187345754346,0.022161630626243288,2.376139305599878,3.361255130842622,2.7318300444978405,2.6170910964662397,-49.72297961717196
2026-04-14T12:31:41.565,4.00380182288896,4.005378008209348,4.0043709280711965,4.004187345754346,0.022161630626243288,2.376139305599878,3.361255130842622,2.7318300444978405,2.6170910964662397,-49.72297961717196
2026-04-14T12:31:41.675,4.003568411086107,4.005414724672718,4.0044364931843575,4.004108667618553,0.026015394298387146,2.230256928816843,3.384202920448942,2.772808240223412,2.5679172615955537,-49.674807571270165
2026-04-14T12:31:41.781,4.003568411086107,4.005414724672718,4.0044364931843575,4.004108667618553,0.026015394298387146,2.230256928816843,3.384202920448942,2.772808240223412,2.5679172615955537,-49.674807571270165
2026-04-14T12:31:41.891,4.003568411086107,4.005414724672718,4.0044364931843575,4.004108667618553,0.026015394298387146,2.230256928816843,3.384202920448942,2.772808240223412,2.5679172615955537,-49.674807571270165
2026-04-14T12:31:42.001,4.0036077501540035,4.005215406728709,4.004121780641185,4.003712654335061,0.02073265107339408,2.254843846252186,3.259629205443204,2.576112900740668,2.3204089594131005,-49.740841861582574
2026-04-14T12:31:42.108,4.0036077501540035,4.005215406728709,4.004121780641185,4.003712654335061,0.02073265107339408,2.254843846252186,3.259629205443204,2.576112900740668,2.3204089594131005,-49.740841861582574
2026-04-14T12:31:42.216,4.0036077501540035,4.005215406728709,4.004121780641185,4.003712654335061,0.02073265107339408,2.254843846252186,3.259629205443204,2.576112900740668,2.3204089594131005,-49.740841861582574
2026-04-14T12:31:42.325,4.003458261695997,4.005304575282608,4.004210949195084,4.003914594883597,0.030103172043645682,2.1614135599978823,3.3153595516299816,2.6318432469274455,2.4466218022478614,-49.62371034945443
2026-04-14T12:31:42.449,4.003458261695997,4.005304575282608,4.004210949195084,4.003914594883597,0.030103172043645682,2.1614135599978823,3.3153595516299816,2.6318432469274455,2.4466218022478614,-49.62371034945443
2026-04-14T12:31:42.558,4.003458261695997,4.005304575282608,4.004210949195084,4.003914594883597,0.030103172043645682,2.1614135599978823,3.3153595516299816,2.6318432469274455,2.4466218022478614,-49.62371034945443
2026-04-14T12:31:42.654,4.003584146713266,4.005218029333236,4.004614830292155,4.004111290223079,0.01866635659801979,2.24009169579098,3.261268333272227,2.8842689325969673,2.5695563894245765,-49.76667054252476
2026-04-14T12:31:42.770,4.003584146713266,4.005218029333236,4.004614830292155,4.004111290223079,0.01866635659801979,2.24009169579098,3.261268333272227,2.8842689325969673,2.5695563894245765,-49.76667054252476
2026-04-14T12:31:42.881,4.003584146713266,4.005218029333236,4.004614830292155,4.004111290223079,0.01866635659801979,2.24009169579098,3.261268333272227,2.8842689325969673,2.5695563894245765,-49.76667054252476
2026-04-14T12:31:42.981,4.003775596843695,4.005577326153357,4.004342079421406,4.003817558516118,0.024531645494383438,2.3597480273096494,3.48582884584836,2.713799638378589,2.3859740725740153,-49.69335443132021
2026-04-14T12:31:43.099,4.003775596843695,4.005577326153357,4.004342079421406,4.003817558516118,0.024531645494383438,2.3597480273096494,3.48582884584836,2.713799638378589,2.3859740725740153,-49.69335443132021
2026-04-14T12:31:43.200,4.003775596843695,4.005577326153357,4.004342079421406,4.003817558516118,0.024531645494383438,2.3597480273096494,3.48582884584836,2.713799638378589,2.3859740725740153,-49.69335443132021
2026-04-14T12:31:43.316,4.004079818968762,4.00505280524807,4.004349947234985,4.003652334430953,0.031885662217583016,2.549886855476302,3.1580032800437863,2.7187170218656576,2.2827090193455746,-49.60142922228022
2026-04-14T12:31:43.428,4.004079818968762,4.00505280524807,4.004349947234985,4.003652334430953,0.031885662217583016,2.549886855476302,3.1580032800437863,2.7187170218656576,2.2827090193455746,-49.60142922228022
2026-04-14T12:31:43.536,4.004079818968762,4.00505280524807,4.004349947234985,4.003652334430953,0.031885662217583016,2.549886855476302,3.1580032800437863,2.7187170218656576,2.2827090193455746,-49.60142922228022
2026-04-14T12:31:43.641,4.004195213567925,4.005501270622091,4.004342079421406,4.004237175240348,0.030929689833795394,2.6220084799533083,3.4382941388066968,2.713799638378589,2.648234525217674,-49.61337887707756
2026-04-14T12:31:43.754,4.004195213567925,4.005501270622091,4.004342079421406,4.004237175240348,0.030929689833795394,2.6220084799533083,3.4382941388066968,2.713799638378589,2.648234525217674,-49.61337887707756
2026-04-14T12:31:43.863,4.004195213567925,4.005501270622091,4.004342079421406,4.004237175240348,0.030929689833795394,2.6220084799533083,3.4382941388066968,2.713799638378589,2.648234525217674,-49.61337887707756
2026-04-14T12:31:43.966,4.00352907201821,4.005566835735252,4.004376173280249,4.004460096625095,0.0444925480287823,2.2056700113814998,3.4792723345322685,2.7351083001558862,2.787560390684618,-49.44384314964022
2026-04-14T12:31:44.075,4.00352907201821,4.005566835735252,4.004376173280249,4.004460096625095,0.0444925480287823,2.2056700113814998,3.4792723345322685,2.7351083001558862,2.787560390684618,-49.44384314964022
2026-04-14T12:31:44.191,4.00352907201821,4.005566835735252,4.004376173280249,4.004460096625095,0.0444925480287823,2.2056700113814998,3.4792723345322685,2.7351083001558862,2.787560390684618,-49.44384314964022
2026-04-14T12:31:44.299,4.003146171757351,4.005666494707257,4.004738092704898,4.004056215528024,0.03582904830070697,1.966357348344161,3.5415591920356926,2.961307940561042,2.5351347050150963,-49.55213689624116
2026-04-14T12:31:44.411,4.003146171757351,4.005666494707257,4.004738092704898,4.004056215528024,0.03582904830070697,1.966357348344161,3.5415591920356926,2.961307940561042,2.5351347050150963,-49.55213689624116
2026-04-14T12:31:44.521,4.003146171757351,4.005666494707257,4.004738092704898,4.004056215528024,0.03582904830070697,1.966357348344161,3.5415591920356926,2.961307940561042,2.5351347050150963,-49.55213689624116
2026-04-14T12:31:44.630,4.003571033690633,4.005152464220075,4.004460096625095,4.004009008646548,0.043870170174753906,2.2318960566458657,3.2202901375466553,2.787560390684618,2.5056304040926847,-49.45162287281558
2026-04-14T12:31:44.740,4.003571033690633,4.005152464220075,4.004460096625095,4.004009008646548,0.043870170174753906,2.2318960566458657,3.2202901375466553,2.787560390684618,2.5056304040926847,-49.45162287281558
2026-04-14T12:31:44.848,4.003571033690633,4.005152464220075,4.004460096625095,4.004009008646548,0.043870170174753906,2.2318960566458657,3.2202901375466553,2.787560390684618,2.5056304040926847,-49.45162287281558
2026-04-14T12:31:44.956,4.0039381983243345,4.005218029333236,4.003859520188541,4.003904104465491,0.03515688021835629,2.4613739527090672,3.261268333272227,2.412200117838381,2.44006529093177,-49.56053899727055
2026-04-14T12:31:45.065,4.0039381983243345,4.005218029333236,4.003859520188541,4.003904104465491,0.03515688021835629,2.4613739527090672,3.261268333272227,2.412200117838381,2.44006529093177,-49.56053899727055
2026-04-14T12:31:45.173,4.0039381983243345,4.005218029333236,4.003859520188541,4.003904104465491,0.03515688021835629,2.4613739527090672,3.261268333272227,2.412200117838381,2.44006529093177,-49.56053899727055
2026-04-14T12:31:45.285,4.003230095102197,4.005454063740615,4.004032612087286,4.003633976199268,0.03214457140485884,2.0188094388728928,3.408789837884285,2.5203825545538905,2.2712351245424145,-49.598192857439265
2026-04-14T12:31:45.394,4.003230095102197,4.005454063740615,4.004032612087286,4.003633976199268,0.03214457140485884,2.0188094388728928,3.408789837884285,2.5203825545538905,2.2712351245424145,-49.598192857439265
2026-04-14T12:31:45.502,4.003230095102197,4.005454063740615,4.004032612087286,4.003633976199268,0.03214457140485884,2.0188094388728928,3.408789837884285,2.5203825545538905,2.2712351245424145,-49.598192857439265
2026-04-14T12:31:45.612,4.003841161956856,4.005425215090824,4.004266023890139,4.003696918707902,0.052035767619606516,2.400726223035221,3.3907594317650336,2.6662649313369258,2.3105741924389633,-49.349552904754916
2026-04-14T12:31:45.720,4.003841161956856,4.005425215090824,4.004266023890139,4.003696918707902,0.052035767619606516,2.400726223035221,3.3907594317650336,2.6662649313369258,2.3105741924389633,-49.349552904754916
2026-04-14T12:31:45.831,4.003841161956856,4.005425215090824,4.004266023890139,4.003696918707902,0.052035767619606516,2.400726223035221,3.3907594317650336,2.6662649313369258,2.3105741924389633,-49.349552904754916
2026-04-14T12:31:45.939,4.0041847231498195,4.005307197887134,4.004646301546472,4.003426790441679,0.06723174530356395,2.615451968637217,3.3169986794590045,2.9039384665452417,2.141744026049608,-49.15960318370545
2026-04-14T12:31:46.048,4.0041847231498195,4.005307197887134,4.004646301546472,4.003426790441679,0.06723174530356395,2.615451968637217,3.3169986794590045,2.9039384665452417,2.141744026049608,-49.15960318370545
2026-04-14T12:31:46.156,4.0041847231498195,4.005307197887134,4.004646301546472,4.003426790441679,0.06723174530356395,2.615451968637217,3.3169986794590045,2.9039384665452417,2.141744026049608,-49.15960318370545
2026-04-14T12:31:46.266,4.004001140832969,4.005372763000295,4.00417685533624,4.003557920668001,0.06472729681895366,2.500713020605616,3.357976875184576,2.6105345851501482,2.2237004175007513,-49.19090878976308
2026-04-14T12:31:46.376,4.004001140832969,4.005372763000295,4.00417685533624,4.003557920668001,0.06472729681895366,2.500713020605616,3.357976875184576,2.6105345851501482,2.2237004175007513,-49.19090878976308
2026-04-14T12:31:46.486,4.004001140832969,4.005372763000295,4.00417685533624,4.003557920668001,0.06472729681895366,2.500713020605616,3.357976875184576,2.6105345851501482,2.2237004175007513,-49.19090878976308
2026-04-14T12:31:46.594,4.003623485781162,4.005451441136088,4.004284382121824,4.003494978159367,0.07097099145056658,2.264678613226323,3.4071507100552623,2.677738826140086,2.1843613496042025,-49.11286260686792
2026-04-14T12:31:46.704,4.003623485781162,4.005451441136088,4.004284382121824,4.003494978159367,0.07097099145056658,2.264678613226323,3.4071507100552623,2.677738826140086,2.1843613496042025,-49.11286260686792
2026-04-14T12:31:46.814,4.003623485781162,4.005451441136088,4.004284382121824,4.003494978159367,0.07097099145056658,2.264678613226323,3.4071507100552623,2.677738826140086,2.1843613496042025,-49.11286260686792
2026-04-14T12:31:46.924,4.003269434170093,4.00536227258219,4.004242420449401,4.003925085301702,0.0765773711596544,2.043396356308236,3.3514203638684847,2.65151278087572,2.453178313563953,-49.04278286050432
2026-04-14T12:31:47.032,4.003269434170093,4.00536227258219,4.004242420449401,4.003925085301702,0.0765773711596544,2.043396356308236,3.3514203638684847,2.65151278087572,2.453178313563953,-49.04278286050432
2026-04-14T12:31:47.141,4.003269434170093,4.00536227258219,4.004242420449401,4.003925085301702,0.0765773711596544,2.043396356308236,3.3514203638684847,2.65151278087572,2.453178313563953,-49.04278286050432
2026-04-14T12:31:47.250,4.003959179160546,4.005176067660813,4.004297495144456,4.00380182288896,0.04787330453186458,2.47448697534125,3.235042288007861,2.6859344652852,2.376139305599878,-49.40158369335169
2026-04-14T12:31:47.360,4.003959179160546,4.005176067660813,4.004297495144456,4.00380182288896,0.04787330453186458,2.47448697534125,3.235042288007861,2.6859344652852,2.376139305599878,-49.40158369335169
2026-04-14T12:31:47.468,4.003959179160546,4.005176067660813,4.004297495144456,4.00380182288896,0.04787330453186458,2.47448697534125,3.235042288007861,2.6859344652852,2.376139305599878,-49.40158369335169
2026-04-14T12:31:47.577,4.003290415006305,4.005215406728709,4.003951311346967,4.004426002766252,0.031492319413837074,2.0565093789404187,3.259629205443204,2.4695695918541816,2.7662517289073207,-49.60634600732703
2026-04-14T12:31:47.686,4.003290415006305,4.005215406728709,4.003951311346967,4.004426002766252,0.031492319413837074,2.0565093789404187,3.259629205443204,2.4695695918541816,2.7662517289073207,-49.60634600732703
2026-04-14T12:31:47.795,4.003290415006305,4.005215406728709,4.003951311346967,4.004426002766252,0.031492319413837074,2.0565093789404187,3.259629205443204,2.4695695918541816,2.7662517289073207,-49.60634600732703
2026-04-14T12:31:47.903,4.004525661738256,4.005621910430307,4.004095554595921,4.003901481860964,0.04793803182868353,2.8285385864101897,3.5136940189417487,2.5597216224504393,2.438426163102747,-49.40077460214145
2026-04-14T12:31:48.013,4.004525661738256,4.005621910430307,4.004095554595921,4.003901481860964,0.04793803182868353,2.8285385864101897,3.5136940189417487,2.5597216224504393,2.438426163102747,-49.40077460214145
2026-04-14T12:31:48.122,4.004525661738256,4.005621910430307,4.004095554595921,4.003901481860964,0.04793803182868353,2.8285385864101897,3.5136940189417487,2.5597216224504393,2.438426163102747,-49.40077460214145
2026-04-14T12:31:48.232,4.003628730990215,4.005419969881771,4.004016876460128,4.003969669578652,0.04680281462293573,2.2679568688843688,3.387481176106988,2.5105477875797533,2.4810434866573416,-49.4149648172133
2026-04-14T12:31:48.356,4.003628730990215,4.005419969881771,4.004016876460128,4.003969669578652,0.04680281462293573,2.2679568688843688,3.387481176106988,2.5105477875797533,2.4810434866573416,-49.4149648172133
2026-04-14T12:31:48.464,4.003628730990215,4.005419969881771,4.004016876460128,4.003969669578652,0.04680281462293573,2.2679568688843688,3.387481176106988,2.5105477875797533,2.4810434866573416,-49.4149648172133
2026-04-14T12:31:48.573,4.003526449413684,4.005726814611365,4.00444960620699,4.003466129509576,0.051547823382048254,2.204030883552477,3.5792591321032186,2.7810038793685266,2.166330943484951,-49.3556522077244
2026-04-14T12:31:48.682,4.003526449413684,4.005726814611365,4.00444960620699,4.003466129509576,0.051547823382048254,2.204030883552477,3.5792591321032186,2.7810038793685266,2.166330943484951,-49.3556522077244
2026-04-14T12:31:48.792,4.003526449413684,4.005726814611365,4.00444960620699,4.003466129509576,0.051547823382048254,2.204030883552477,3.5792591321032186,2.7810038793685266,2.166330943484951,-49.3556522077244
2026-04-14T12:31:48.901,4.003565788481581,4.005577326153357,4.004940033253433,4.003390073978309,0.03778580427377226,2.228617800988375,3.48582884584836,3.087520783395803,2.1187962364432877,-49.52767744657785
2026-04-14T12:31:49.011,4.003565788481581,4.005577326153357,4.004940033253433,4.003390073978309,0.03778580427377226,2.228617800988375,3.48582884584836,3.087520783395803,2.1187962364432877,-49.52767744657785
2026-04-14T12:31:49.118,4.003565788481581,4.005577326153357,4.004940033253433,4.003390073978309,0.03778580427377226,2.228617800988375,3.48582884584836,3.087520783395803,2.1187962364432877,-49.52767744657785
2026-04-14T12:31:49.225,4.003515958995578,4.005676985125362,4.0043106081670885,4.004001140832969,0.041579819671929384,2.1974743722363854,3.548115703351229,2.6941301044303145,2.500713020605616,-49.48025225410088
2026-04-14T12:31:49.334,4.003515958995578,4.005676985125362,4.0043106081670885,4.004001140832969,0.041579819671929384,2.1974743722363854,3.548115703351229,2.6941301044303145,2.500713020605616,-49.48025225410088
2026-04-14T12:31:49.439,4.003515958995578,4.005676985125362,4.0043106081670885,4.004001140832969,0.041579819671929384,2.1974743722363854,3.548115703351229,2.6941301044303145,2.500713020605616,-49.48025225410088
2026-04-14T12:31:49.552,4.003366470537571,4.005322933514293,4.0038752558157,4.004134893663817,0.04561780718886565,2.104044085982082,3.3268334464331417,2.4220348848125184,2.5843085398857824,-49.42977741013918
2026-04-14T12:31:49.661,4.003366470537571,4.005322933514293,4.0038752558157,4.004134893663817,0.04561780718886565,2.104044085982082,3.3268334464331417,2.4220348848125184,2.5843085398857824,-49.42977741013918
2026-04-14T12:31:49.771,4.003366470537571,4.005322933514293,4.0038752558157,4.004134893663817,0.04561780718886565,2.104044085982082,3.3268334464331417,2.4220348848125184,2.5843085398857824,-49.42977741013918
2026-04-14T12:31:49.881,4.003972292183178,4.00528097184187,4.0045387747608885,4.003888368838332,0.050223403308675814,2.4826826144863645,3.300607401168776,2.836734225555304,2.4302305239576327,-49.372207458641554
2026-04-14T12:31:49.983,4.003972292183178,4.00528097184187,4.0045387747608885,4.003888368838332,0.050223403308675814,2.4826826144863645,3.300607401168776,2.836734225555304,2.4302305239576327,-49.372207458641554
2026-04-14T12:31:50.098,4.003972292183178,4.00528097184187,4.0045387747608885,4.003888368838332,0.050223403308675814,2.4826826144863645,3.300607401168776,2.836734225555304,2.4302305239576327,-49.372207458641554
2026-04-14T12:31:50.209,4.0038752558157,4.0053386691414525,4.003988027810337,4.003846407165909,0.03901064389050015,2.4220348848125184,3.336668213407834,2.4925173814605017,2.404004478693267,-49.51236695136875
2026-04-14T12:31:50.316,4.0038752558157,4.0053386691414525,4.003988027810337,4.003846407165909,0.03901064389050015,2.4220348848125184,3.336668213407834,2.4925173814605017,2.404004478693267,-49.51236695136875
2026-04-14T12:31:50.425,4.0038752558157,4.0053386691414525,4.003988027810337,4.003846407165909,0.03901064389050015,2.4220348848125184,3.336668213407834,2.4925173814605017,2.404004478693267,-49.51236695136875
2026-04-14T12:31:50.533,4.004024744273707,4.005341291745978,4.004287004726351,4.003615617967583,0.04922261971939815,2.515465171066822,3.338307341236302,2.6793779539691087,2.2597612297392544,-49.38471725350752
2026-04-14T12:31:50.642,4.004024744273707,4.005341291745978,4.004287004726351,4.003615617967583,0.04922261971939815,2.515465171066822,3.338307341236302,2.6793779539691087,2.2597612297392544,-49.38471725350752
2026-04-14T12:31:50.750,4.004024744273707,4.005341291745978,4.004287004726351,4.003615617967583,0.04922261971939815,2.515465171066822,3.338307341236302,2.6793779539691087,2.2597612297392544,-49.38471725350752
2026-04-14T12:31:50.860,4.003395319187362,4.00561928782578,4.003859520188541,4.00357365629516,0.048167066878965985,2.1220744921013335,3.512054891112726,2.412200117838381,2.2335351844748885,-49.39791166401293
2026-04-14T12:31:50.968,4.003395319187362,4.00561928782578,4.003859520188541,4.00357365629516,0.048167066878965985,2.1220744921013335,3.512054891112726,2.412200117838381,2.2335351844748885,-49.39791166401293
2026-04-14T12:31:51.078,4.003395319187362,4.00561928782578,4.003859520188541,4.00357365629516,0.048167066878965985,2.1220744921013335,3.512054891112726,2.412200117838381,2.2335351844748885,-49.39791166401293
2026-04-14T12:31:51.187,4.003458261695997,4.0058002475381045,4.004342079421406,4.003935575719808,0.032453270820456924,2.1614135599978823,3.6251547113153038,2.713799638378589,2.4597348248800444,-49.594334114744285
2026-04-14T12:31:51.297,4.003458261695997,4.0058002475381045,4.004342079421406,4.003935575719808,0.032453270820456924,2.1614135599978823,3.6251547113153038,2.713799638378589,2.4597348248800444,-49.594334114744285
2026-04-14T12:31:51.405,4.003458261695997,4.0058002475381045,4.004342079421406,4.003935575719808,0.032453270820456924,2.1614135599978823,3.6251547113153038,2.713799638378589,2.4597348248800444,-49.594334114744285
2026-04-14T12:31:51.516,4.003817558516118,4.005417347277245,4.003778219448222,4.00376510642559,0.044920743992353844,2.3859740725740153,3.385842048277965,2.3613871551386723,2.353191515993558,-49.43849070009558
2026-04-14T12:31:51.625,4.003817558516118,4.005417347277245,4.003778219448222,4.00376510642559,0.044920743992353844,2.3859740725740153,3.385842048277965,2.3613871551386723,2.353191515993558,-49.43849070009558
2026-04-14T12:31:51.731,4.003817558516118,4.005417347277245,4.003778219448222,4.00376510642559,0.044920743992353844,2.3859740725740153,3.385842048277965,2.3613871551386723,2.353191515993558,-49.43849070009558
2026-04-14T12:31:51.841,4.004074573759709,4.0053858760229275,4.004085064177815,4.003870010606647,0.03614272673913728,2.5466085998182564,3.3661725143296906,2.553165111134348,2.4187566291544726,-49.548215915760785
2026-04-14T12:31:51.965,4.004074573759709,4.0053858760229275,4.004085064177815,4.003870010606647,0.03614272673913728,2.5466085998182564,3.3661725143296906,2.553165111134348,2.4187566291544726,-49.548215915760785
2026-04-14T12:31:52.075,4.004074573759709,4.0053858760229275,4.004085064177815,4.003870010606647,0.03614272673913728,2.5466085998182564,3.3661725143296906,2.553165111134348,2.4187566291544726,-49.548215915760785
2026-04-14T12:31:52.182,4.003285169797252,4.00531768830524,4.004079818968762,4.004108667618553,0.04017573523324131,2.053231123282373,3.323555190775096,2.549886855476302,2.5679172615955537,-49.497803309584484
2026-04-14T12:31:52.281,4.003285169797252,4.00531768830524,4.004079818968762,4.004108667618553,0.04017573523324131,2.053231123282373,3.323555190775096,2.549886855476302,2.5679172615955537,-49.497803309584484
2026-04-14T12:31:52.388,4.003285169797252,4.00531768830524,4.004079818968762,4.004108667618553,0.04017573523324131,2.053231123282373,3.323555190775096,2.549886855476302,2.5679172615955537,-49.497803309584484
2026-04-14T12:31:52.500,4.003927707906229,4.005249500587553,4.004053592923498,4.00417685533624,0.026672625312241138,2.4548174413929758,3.2809378672205014,2.5334955771860734,2.6105345851501482,-49.66659218359698
2026-04-14T12:31:52.619,4.003927707906229,4.005249500587553,4.004053592923498,4.00417685533624,0.026672625312241138,2.4548174413929758,3.2809378672205014,2.5334955771860734,2.6105345851501482,-49.66659218359698
2026-04-14T12:31:52.728,4.003927707906229,4.005249500587553,4.004053592923498,4.00417685533624,0.026672625312241138,2.4548174413929758,3.2809378672205014,2.5334955771860734,2.6105345851501482,-49.66659218359698
2026-04-14T12:31:52.838,4.003576278899686,4.0051577094291275,4.004100799804974,4.004043102505392,0.03332957883892891,2.2351743123039114,3.223568393204701,2.562999878108485,2.526939065869982,-49.58338026451339
2026-04-14T12:31:52.945,4.003576278899686,4.0051577094291275,4.004100799804974,4.004043102505392,0.03332957883892891,2.2351743123039114,3.223568393204701,2.562999878108485,2.526939065869982,-49.58338026451339
2026-04-14T12:31:53.054,4.003576278899686,4.0051577094291275,4.004100799804974,4.004043102505392,0.03332957883892891,2.2351743123039114,3.223568393204701,2.562999878108485,2.526939065869982,-49.58338026451339
2026-04-14T12:31:53.163,4.003458261695997,4.005524874062829,4.003851652374962,4.004347324630459,0.029749661422557548,2.1614135599978823,3.4530462892679026,2.4072827343513126,2.7170778940366347,-49.62812923221803
2026-04-14T12:31:53.272,4.003458261695997,4.005524874062829,4.003851652374962,4.004347324630459,0.029749661422557548,2.1614135599978823,3.4530462892679026,2.4072827343513126,2.7170778940366347,-49.62812923221803
2026-04-14T12:31:53.380,4.003458261695997,4.005524874062829,4.003851652374962,4.004347324630459,0.029749661422557548,2.1614135599978823,3.4530462892679026,2.4072827343513126,2.7170778940366347,-49.62812923221803
2026-04-14T12:31:53.489,4.003487110345787,4.005587816571463,4.003977537392231,4.003599882340424,0.025328289147539793,2.179443966117134,3.4923853571644514,2.4859608701444103,2.249926462765117,-49.683396385655755
2026-04-14T12:31:53.597,4.003487110345787,4.005587816571463,4.003977537392231,4.003599882340424,0.025328289147539793,2.179443966117134,3.4923853571644514,2.4859608701444103,2.249926462765117,-49.683396385655755
2026-04-14T12:31:53.707,4.003487110345787,4.005587816571463,4.003977537392231,4.003599882340424,0.025328289147539793,2.179443966117134,3.4923853571644514,2.4859608701444103,2.249926462765117,-49.683396385655755
2026-04-14T12:31:53.816,4.003665447453585,4.005537987085461,4.0040640833416035,4.003466129509576,0.030396934390747088,2.290904658490689,3.461241928413017,2.540052088502165,2.166330943484951,-49.62003832011566
2026-04-14T12:31:53.925,4.003665447453585,4.005537987085461,4.0040640833416035,4.003466129509576,0.030396934390747088,2.290904658490689,3.461241928413017,2.540052088502165,2.166330943484951,-49.62003832011566
2026-04-14T12:31:54.032,4.003665447453585,4.005537987085461,4.0040640833416035,4.003466129509576,0.030396934390747088,2.290904658490689,3.461241928413017,2.540052088502165,2.166330943484951,-49.62003832011566
2026-04-14T12:31:54.140,4.003539562436316,4.0054461959270355,4.004137516268344,4.003471374718629,0.017620761803252078,2.2122265226975912,3.4038724543972165,2.585947667714805,2.1696091991429967,-49.77974047745935
2026-04-14T12:31:54.250,4.003539562436316,4.0054461959270355,4.004137516268344,4.003471374718629,0.017620761803252078,2.2122265226975912,3.4038724543972165,2.585947667714805,2.1696091991429967,-49.77974047745935
2026-04-14T12:31:54.360,4.003539562436316,4.0054461959270355,4.004137516268344,4.003471374718629,0.017620761803252078,2.2122265226975912,3.4038724543972165,2.585947667714805,2.1696091991429967,-49.77974047745935
2026-04-14T12:31:54.470,4.0041060450140264,4.005341291745978,4.00414013887287,4.003662824849059,0.02570171585995683,2.566278133766531,3.338307341236302,2.587586795543828,2.289265530661666,-49.67872855175054
2026-04-14T12:31:54.578,4.0041060450140264,4.005341291745978,4.00414013887287,4.003662824849059,0.02570171585995683,2.566278133766531,3.338307341236302,2.587586795543828,2.289265530661666,-49.67872855175054
2026-04-14T12:31:54.689,4.0041060450140264,4.005341291745978,4.00414013887287,4.003662824849059,0.02570171585995683,2.566278133766531,3.338307341236302,2.587586795543828,2.289265530661666,-49.67872855175054
2026-04-14T12:31:54.800,4.003400564396415,4.00566387210273,4.003350734910413,4.0033612253285185,0.02276907141177501,2.125352747759379,3.5399200642061146,2.0942093190079447,2.100765830324036,-49.71538660735281
2026-04-14T12:31:54.908,4.003400564396415,4.00566387210273,4.003350734910413,4.0033612253285185,0.02276907141177501,2.125352747759379,3.5399200642061146,2.0942093190079447,2.100765830324036,-49.71538660735281
2026-04-14T12:31:55.017,4.003400564396415,4.00566387210273,4.003350734910413,4.0033612253285185,0.02276907141177501,2.125352747759379,3.5399200642061146,2.0942093190079447,2.100765830324036,-49.71538660735281
2026-04-14T12:31:55.125,4.003717899544114,4.0054881575994585,4.004318475980668,4.003775596843695,0.030541326052881672,2.3236872150711463,3.4300984996615824,2.699047487917383,2.3597480273096494,-49.61823342433898
2026-04-14T12:31:55.235,4.003717899544114,4.0054881575994585,4.004318475980668,4.003775596843695,0.030541326052881672,2.3236872150711463,3.4300984996615824,2.699047487917383,2.3597480273096494,-49.61823342433898
2026-04-14T12:31:55.345,4.003717899544114,4.0054881575994585,4.004318475980668,4.003775596843695,0.030541326052881672,2.3236872150711463,3.4300984996615824,2.699047487917383,2.3597480273096494,-49.61823342433898
2026-04-14T12:31:55.455,4.0034818651367345,4.0053858760229275,4.004210949195084,4.003594637131371,0.021902721438967473,2.176165710459088,3.3661725143296906,2.6318432469274455,2.2466482071070715,-49.7262159820129
2026-04-14T12:31:55.563,4.0034818651367345,4.0053858760229275,4.004210949195084,4.003594637131371,0.021902721438967473,2.176165710459088,3.3661725143296906,2.6318432469274455,2.2466482071070715,-49.7262159820129
2026-04-14T12:31:55.671,4.0034818651367345,4.0053858760229275,4.004210949195084,4.003594637131371,0.021902721438967473,2.176165710459088,3.3661725143296906,2.6318432469274455,2.2466482071070715,-49.7262159820129
2026-04-14T12:31:55.781,4.00350022336842,4.005579948757884,4.003453016486944,4.003814935911592,0.030825130354318626,2.187639605262248,3.487467973677383,2.1581353043398366,2.3843349447449924,-49.614685870571016
2026-04-14T12:31:55.890,4.00350022336842,4.005579948757884,4.003453016486944,4.003814935911592,0.030825130354318626,2.187639605262248,3.487467973677383,2.1581353043398366,2.3843349447449924,-49.614685870571016
2026-04-14T12:31:56.000,4.00350022336842,4.005579948757884,4.003453016486944,4.003814935911592,0.030825130354318626,2.187639605262248,3.487467973677383,2.1581353043398366,2.3843349447449924,-49.614685870571016
2026-04-14T12:31:56.109,4.003814935911592,4.005519628853776,4.004376173280249,4.003775596843695,0.020354245338144814,2.3843349447449924,3.449768033609857,2.7351083001558862,2.3597480273096494,-49.74557193327319
2026-04-14T12:31:56.217,4.003814935911592,4.005519628853776,4.004376173280249,4.003775596843695,0.020354245338144814,2.3843349447449924,3.449768033609857,2.7351083001558862,2.3597480273096494,-49.74557193327319
2026-04-14T12:31:56.340,4.003814935911592,4.005519628853776,4.004376173280249,4.003775596843695,0.020354245338144814,2.3843349447449924,3.449768033609857,2.7351083001558862,2.3597480273096494,-49.74557193327319
2026-04-14T12:31:56.435,4.003783464657275,4.0057399276339964,4.0038542749794885,4.00372052214864,0.03796504909573244,2.364665410796718,3.587454771247778,2.4089218621803354,2.325326342900169,-49.52543688630334
2026-04-14T12:31:56.558,4.003783464657275,4.0057399276339964,4.0038542749794885,4.00372052214864,0.03796504909573244,2.364665410796718,3.587454771247778,2.4089218621803354,2.325326342900169,-49.52543688630334
2026-04-14T12:31:56.666,4.003783464657275,4.0057399276339964,4.0038542749794885,4.00372052214864,0.03796504909573244,2.364665410796718,3.587454771247778,2.4089218621803354,2.325326342900169,-49.52543688630334
2026-04-14T12:31:56.775,4.003626108385689,4.005454063740615,4.003888368838332,4.003584146713266,0.024178134873295308,2.266317741055901,3.408789837884285,2.4302305239576327,2.24009169579098,-49.69777331408381
2026-04-14T12:31:56.873,4.003626108385689,4.005454063740615,4.003888368838332,4.003584146713266,0.024178134873295308,2.266317741055901,3.408789837884285,2.4302305239576327,2.24009169579098,-49.69777331408381
2026-04-14T12:31:56.982,4.003626108385689,4.005454063740615,4.003888368838332,4.003584146713266,0.024178134873295308,2.266317741055901,3.408789837884285,2.4302305239576327,2.24009169579098,-49.69777331408381
2026-04-14T12:31:57.099,4.003518581600105,4.005351782164084,4.004203081381505,4.003804445493486,0.021150888991301166,2.1991135000654083,3.3448638525523933,2.626925863440377,2.377778433428901,-49.735613887608736
2026-04-14T12:31:57.227,4.003518581600105,4.005351782164084,4.004203081381505,4.003804445493486,0.021150888991301166,2.1991135000654083,3.3448638525523933,2.626925863440377,2.377778433428901,-49.735613887608736
2026-04-14T12:31:57.321,4.003518581600105,4.005351782164084,4.004203081381505,4.003804445493486,0.021150888991301166,2.1991135000654083,3.3448638525523933,2.626925863440377,2.377778433428901,-49.735613887608736
2026-04-14T12:31:57.431,4.00391197227907,4.005899906510109,4.004307985562562,4.004376173280249,0.017735279328393302,2.4449826744188385,3.6874415688181728,2.6924909766012917,2.7351083001558862,-49.778309008395084
2026-04-14T12:31:57.538,4.00391197227907,4.005899906510109,4.004307985562562,4.004376173280249,0.017735279328393302,2.4449826744188385,3.6874415688181728,2.6924909766012917,2.7351083001558862,-49.778309008395084
2026-04-14T12:31:57.648,4.00391197227907,4.005899906510109,4.004307985562562,4.004376173280249,0.017735279328393302,2.4449826744188385,3.6874415688181728,2.6924909766012917,2.7351083001558862,-49.778309008395084
2026-04-14T12:31:57.756,4.0040824415732885,4.005404234254613,4.004378795884776,4.00372838996222,0.020319392178319226,2.551525983305325,3.3776464091328506,2.736747427984909,2.3302437263872378,-49.746007597771005
2026-04-14T12:31:57.867,4.0040824415732885,4.005404234254613,4.004378795884776,4.00372838996222,0.020319392178319226,2.551525983305325,3.3776464091328506,2.736747427984909,2.3302437263872378,-49.746007597771005
2026-04-14T12:31:57.974,4.0040824415732885,4.005404234254613,4.004378795884776,4.00372838996222,0.020319392178319226,2.551525983305325,3.3776464091328506,2.736747427984909,2.3302437263872378,-49.746007597771005
2026-04-14T12:31:58.082,4.004111290223079,4.0057005885661,4.003885746233806,4.0037336351712725,0.0274891850567264,2.5695563894245765,3.5628678538124348,2.42859139612861,2.3335219820452835,-49.65638518679092
2026-04-14T12:31:58.192,4.004111290223079,4.0057005885661,4.003885746233806,4.0037336351712725,0.0274891850567264,2.5695563894245765,3.5628678538124348,2.42859139612861,2.3335219820452835,-49.65638518679092
2026-04-14T12:31:58.298,4.004111290223079,4.0057005885661,4.003885746233806,4.0037336351712725,0.0274891850567264,2.5695563894245765,3.5628678538124348,2.42859139612861,2.3335219820452835,-49.65638518679092
2026-04-14T12:31:58.408,4.003445148673364,4.005540609689987,4.003982782601284,4.003363847933045,0.028231059458728253,2.153217920852768,3.46288105624204,2.489239125802456,2.102404958153059,-49.6471117567659
2026-04-14T12:31:58.516,4.003445148673364,4.005540609689987,4.003982782601284,4.003363847933045,0.028231059458728253,2.153217920852768,3.46288105624204,2.489239125802456,2.102404958153059,-49.6471117567659
2026-04-14T12:31:58.627,4.003445148673364,4.005540609689987,4.003982782601284,4.003363847933045,0.028231059458728253,2.153217920852768,3.46288105624204,2.489239125802456,2.102404958153059,-49.6471117567659
2026-04-14T12:31:58.735,4.003780842052748,4.005708456379679,4.0038962366519115,4.003917217488123,0.02782775860931785,2.363026282967695,3.5677852372995034,2.4351479074447013,2.4482609300768843,-49.652153017383526
2026-04-14T12:31:58.844,4.003780842052748,4.005708456379679,4.0038962366519115,4.003917217488123,0.02782775860931785,2.363026282967695,3.5677852372995034,2.4351479074447013,2.4482609300768843,-49.652153017383526
2026-04-14T12:31:58.953,4.003780842052748,4.005708456379679,4.0038962366519115,4.003917217488123,0.02782775860931785,2.363026282967695,3.5677852372995034,2.4351479074447013,2.4482609300768843,-49.652153017383526
2026-04-14T12:31:59.061,4.003890991442859,4.005477667181353,4.0040404799008655,4.0037519934029575,0.03721321664806613,2.4318696517866556,3.423541988345491,2.525299938040959,2.3449958768484436,-49.53483479189917
2026-04-14T12:31:59.171,4.003890991442859,4.005477667181353,4.0040404799008655,4.0037519934029575,0.03721321664806613,2.4318696517866556,3.423541988345491,2.525299938040959,2.3449958768484436,-49.53483479189917
2026-04-14T12:31:59.281,4.003890991442859,4.005477667181353,4.0040404799008655,4.0037519934029575,0.03721321664806613,2.4318696517866556,3.423541988345491,2.525299938040959,2.3449958768484436,-49.53483479189917
2026-04-14T12:31:59.388,4.003675937871691,4.0058002475381045,4.003974914787705,4.0037519934029575,0.02234087544820347,2.2974611698067804,3.6251547113153038,2.4843217423153874,2.3449958768484436,-49.72073905689746
2026-04-14T12:31:59.513,4.003675937871691,4.0058002475381045,4.003974914787705,4.0037519934029575,0.02234087544820347,2.2974611698067804,3.6251547113153038,2.4843217423153874,2.3449958768484436,-49.72073905689746
2026-04-14T12:31:59.636,4.003675937871691,4.0058002475381045,4.003974914787705,4.0037519934029575,0.02234087544820347,2.2974611698067804,3.6251547113153038,2.4843217423153874,2.3449958768484436,-49.72073905689746
2026-04-14T12:31:59.745,4.003786087261801,4.005569458339778,4.003282547192725,4.004056215528024,0.027041073001825948,2.366304538625741,3.4809114623612913,2.05159199545335,2.5351347050150963,-49.66198658747717
2026-04-14T12:31:59.854,4.003786087261801,4.005569458339778,4.003282547192725,4.004056215528024,0.027041073001825948,2.366304538625741,3.4809114623612913,2.05159199545335,2.5351347050150963,-49.66198658747717
2026-04-14T12:31:59.963,4.003786087261801,4.005569458339778,4.003282547192725,4.004056215528024,0.027041073001825948,2.366304538625741,3.4809114623612913,2.05159199545335,2.5351347050150963,-49.66198658747717
2026-04-14T12:32:00.071,4.003405809605468,4.005422592486298,4.004664659778157,4.003392696582836,0.03509215292153734,2.128631003417425,3.3891203039360107,2.9154123613484018,2.1204353642723106,-49.561348088480784
2026-04-14T12:32:00.180,4.003405809605468,4.005422592486298,4.004664659778157,4.003392696582836,0.03509215292153734,2.128631003417425,3.3891203039360107,2.9154123613484018,2.1204353642723106,-49.561348088480784
2026-04-14T12:32:00.287,4.003405809605468,4.005422592486298,4.004664659778157,4.003392696582836,0.03509215292153734,2.128631003417425,3.3891203039360107,2.9154123613484018,2.1204353642723106,-49.561348088480784
2026-04-14T12:32:00.399,4.003623485781162,4.005813360560737,4.004100799804974,4.003560543272528,0.03225908893000006,2.264678613226323,3.633350350460418,2.562999878108485,2.225339545329774,-49.596761388375
2026-04-14T12:32:00.508,4.003623485781162,4.005813360560737,4.004100799804974,4.003560543272528,0.03225908893000006,2.264678613226323,3.633350350460418,2.562999878108485,2.225339545329774,-49.596761388375
2026-04-14T12:32:00.617,4.003623485781162,4.005813360560737,4.004100799804974,4.003560543272528,0.03225908893000006,2.264678613226323,3.633350350460418,2.562999878108485,2.225339545329774,-49.596761388375
2026-04-14T12:32:00.726,4.003403187000941,4.00539112123198,4.004494190483939,4.003807068098013,0.02711077932147713,2.126991875588402,3.3694507699877363,2.8088690524619153,2.379417561257924,-49.66111525848154
2026-04-14T12:32:00.836,4.003403187000941,4.00539112123198,4.004494190483939,4.003807068098013,0.02711077932147713,2.126991875588402,3.3694507699877363,2.8088690524619153,2.379417561257924,-49.66111525848154
2026-04-14T12:32:00.943,4.003403187000941,4.00539112123198,4.004494190483939,4.003807068098013,0.02711077932147713,2.126991875588402,3.3694507699877363,2.8088690524619153,2.379417561257924,-49.66111525848154
2026-04-14T12:32:01.053,4.003767729030116,4.00536227258219,4.003961801765072,4.003615617967583,0.025915813841742602,2.354830643822581,3.3514203638684847,2.476126103170273,2.2597612297392544,-49.676052326978215
2026-04-14T12:32:01.163,4.003767729030116,4.00536227258219,4.003961801765072,4.003615617967583,0.025915813841742602,2.354830643822581,3.3514203638684847,2.476126103170273,2.2597612297392544,-49.676052326978215
2026-04-14T12:32:01.274,4.003767729030116,4.00536227258219,4.003961801765072,4.003615617967583,0.025915813841742602,2.354830643822581,3.3514203638684847,2.476126103170273,2.2597612297392544,-49.676052326978215
2026-04-14T12:32:01.382,4.003489732950314,4.005635023452939,4.004016876460128,4.003723144753167,0.02012521028786236,2.1810830939461567,3.521889658086863,2.5105477875797533,2.326965470729192,-49.74843487140172
2026-04-14T12:32:01.491,4.003489732950314,4.005635023452939,4.004016876460128,4.003723144753167,0.02012521028786236,2.1810830939461567,3.521889658086863,2.5105477875797533,2.326965470729192,-49.74843487140172
2026-04-14T12:32:01.599,4.003489732950314,4.005635023452939,4.004016876460128,4.003723144753167,0.02012521028786236,2.1810830939461567,3.521889658086863,2.5105477875797533,2.326965470729192,-49.74843487140172
2026-04-14T12:32:01.709,4.00315403957093,4.0050973895250195,4.003696918707902,4.003796577679907,0.026866807202697997,1.9712747318312296,3.185868453137175,2.3105741924389633,2.3728610499418323,-49.664164909966274
2026-04-14T12:32:01.817,4.00315403957093,4.0050973895250195,4.003696918707902,4.003796577679907,0.026866807202697997,1.9712747318312296,3.185868453137175,2.3105741924389633,2.3728610499418323,-49.664164909966274
2026-04-14T12:32:01.926,4.00315403957093,4.0050973895250195,4.003696918707902,4.003796577679907,0.026866807202697997,1.9712747318312296,3.185868453137175,2.3105741924389633,2.3728610499418323,-49.664164909966274
2026-04-14T12:32:02.035,4.0038123133070656,4.005506515831144,4.004465341834148,4.0036077501540035,0.020747588141890764,2.3826958169159695,3.4415723944647425,2.7908386463426638,2.254843846252186,-49.74065514822637
2026-04-14T12:32:02.144,4.0038123133070656,4.005506515831144,4.004465341834148,4.0036077501540035,0.020747588141890764,2.3826958169159695,3.4415723944647425,2.7908386463426638,2.254843846252186,-49.74065514822637
2026-04-14T12:32:02.254,4.0038123133070656,4.005506515831144,4.004465341834148,4.0036077501540035,0.020747588141890764,2.3826958169159695,3.4415723944647425,2.7908386463426638,2.254843846252186,-49.74065514822637
2026-04-14T12:32:02.364,4.003754616007484,4.0061306957084355,4.004145384081923,4.004381418489302,0.022191504763236652,2.3466350046774664,3.831684817772185,2.590865051201874,2.738386555813932,-49.72260619045954
2026-04-14T12:32:02.472,4.003754616007484,4.0061306957084355,4.004145384081923,4.004381418489302,0.022191504763236652,2.3466350046774664,3.831684817772185,2.590865051201874,2.738386555813932,-49.72260619045954
2026-04-14T12:32:02.582,4.003754616007484,4.0061306957084355,4.004145384081923,4.004381418489302,0.022191504763236652,2.3466350046774664,3.831684817772185,2.590865051201874,2.738386555813932,-49.72260619045954
2026-04-14T12:32:02.690,4.003492355554841,4.006206751239702,4.004111290223079,4.003909349674544,0.021295280653435757,2.1827222217757347,3.8792195248138484,2.5695563894245765,2.4433435465898157,-49.73380899183205
2026-04-14T12:32:02.800,4.003492355554841,4.006206751239702,4.004111290223079,4.003909349674544,0.021295280653435757,2.1827222217757347,3.8792195248138484,2.5695563894245765,2.4433435465898157,-49.73380899183205
2026-04-14T12:32:02.908,4.003492355554841,4.006206751239702,4.004111290223079,4.003909349674544,0.021295280653435757,2.1827222217757347,3.8792195248138484,2.5695563894245765,2.4433435465898157,-49.73380899183205
2026-04-14T12:32:03.017,4.003775596843695,4.005406856859139,4.003925085301702,4.003859520188541,0.02070277693640072,2.3597480273096494,3.3792855369618735,2.453178313563953,2.412200117838381,-49.741215288294995
2026-04-14T12:32:03.126,4.003775596843695,4.005406856859139,4.003925085301702,4.003859520188541,0.02070277693640072,2.3597480273096494,3.3792855369618735,2.453178313563953,2.412200117838381,-49.741215288294995
2026-04-14T12:32:03.235,4.003775596843695,4.005406856859139,4.003925085301702,4.003859520188541,0.02070277693640072,2.3597480273096494,3.3792855369618735,2.453178313563953,2.412200117838381,-49.741215288294995
2026-04-14T12:32:03.347,4.00376510642559,4.0052442553785,4.004129648454764,4.004108667618553,0.017187586816848312,2.353191515993558,3.2776596115624557,2.5810302842277366,2.5679172615955537,-49.785155164789394
2026-04-14T12:32:03.455,4.00376510642559,4.0052442553785,4.004129648454764,4.004108667618553,0.017187586816848312,2.353191515993558,3.2776596115624557,2.5810302842277366,2.5679172615955537,-49.785155164789394
2026-04-14T12:32:03.563,4.00376510642559,4.0052442553785,4.004129648454764,4.004108667618553,0.017187586816848312,2.353191515993558,3.2776596115624557,2.5810302842277366,2.5679172615955537,-49.785155164789394
2026-04-14T12:32:03.673,4.003599882340424,4.005645513871045,4.00395655655602,4.004048347714445,0.022669490955130465,2.249926462765117,3.5284461694029545,2.4728478475122273,2.5302173215280277,-49.71663136306087
2026-04-14T12:32:03.782,4.003599882340424,4.005645513871045,4.00395655655602,4.004048347714445,0.022669490955130465,2.249926462765117,3.5284461694029545,2.4728478475122273,2.5302173215280277,-49.71663136306087
2026-04-14T12:32:03.892,4.003599882340424,4.005645513871045,4.00395655655602,4.004048347714445,0.022669490955130465,2.249926462765117,3.5284461694029545,2.4728478475122273,2.5302173215280277,-49.71663136306087
2026-04-14T12:32:04.001,4.00372838996222,4.005603552198622,4.003686428289797,4.003468752114102,0.020812315438709716,2.3302437263872378,3.5022201241385886,2.304017681122872,2.167970071313974,-49.73984605701613
2026-04-14T12:32:04.110,4.00372838996222,4.005603552198622,4.003686428289797,4.003468752114102,0.020812315438709716,2.3302437263872378,3.5022201241385886,2.304017681122872,2.167970071313974,-49.73984605701613
2026-04-14T12:32:04.220,4.00372838996222,4.005603552198622,4.003686428289797,4.003468752114102,0.020812315438709716,2.3302437263872378,3.5022201241385886,2.304017681122872,2.167970071313974,-49.73984605701613
2026-04-14T12:32:04.328,4.003287792401778,4.005320310909767,4.004189968358872,4.003681183080744,0.027812821540821164,2.054870251111396,3.325194318604119,2.6187302242952626,2.300739425464826,-49.65233973073973
2026-04-14T12:32:04.439,4.003287792401778,4.005320310909767,4.004189968358872,4.003681183080744,0.027812821540821164,2.054870251111396,3.325194318604119,2.6187302242952626,2.300739425464826,-49.65233973073973
2026-04-14T12:32:04.547,4.003287792401778,4.005320310909767,4.004189968358872,4.003681183080744,0.027812821540821164,2.054870251111396,3.325194318604119,2.6187302242952626,2.300739425464826,-49.65233973073973
2026-04-14T12:32:04.657,4.003689050894323,4.005380630813875,4.0040221216691805,4.003544807645369,0.02292342111957405,2.3056568089518947,3.362894258671645,2.513826043237799,2.215504778355637,-49.713457236005326
2026-04-14T12:32:04.766,4.003689050894323,4.005380630813875,4.0040221216691805,4.003544807645369,0.02292342111957405,2.3056568089518947,3.362894258671645,2.513826043237799,2.215504778355637,-49.713457236005326
2026-04-14T12:32:04.875,4.003689050894323,4.005380630813875,4.0040221216691805,4.003544807645369,0.02292342111957405,2.3056568089518947,3.362894258671645,2.513826043237799,2.215504778355637,-49.713457236005326
2026-04-14T12:32:04.985,4.003287792401778,4.005713701588732,4.003678560476217,4.0038778784202265,0.017844817830702304,2.054870251111396,3.571063492957549,2.2991002976358033,2.4236740126415413,-49.77693977711622
2026-04-14T12:32:05.093,4.003287792401778,4.005713701588732,4.003678560476217,4.0038778784202265,0.017844817830702304,2.054870251111396,3.571063492957549,2.2991002976358033,2.4236740126415413,-49.77693977711622
2026-04-14T12:32:05.203,4.003287792401778,4.005713701588732,4.003678560476217,4.0038778784202265,0.017844817830702304,2.054870251111396,3.571063492957549,2.2991002976358033,2.4236740126415413,-49.77693977711622
2026-04-14T12:32:05.310,4.003515958995578,4.0056979659615735,4.004137516268344,4.003951311346967,0.028206164344567117,2.1974743722363854,3.561228725983412,2.585947667714805,2.4695695918541816,-49.64742294569291
2026-04-14T12:32:05.419,4.003515958995578,4.0056979659615735,4.004137516268344,4.003951311346967,0.028206164344567117,2.1974743722363854,3.561228725983412,2.585947667714805,2.4695695918541816,-49.64742294569291
2026-04-14T12:32:05.529,4.003515958995578,4.0056979659615735,4.004137516268344,4.003951311346967,0.028206164344567117,2.1974743722363854,3.561228725983412,2.585947667714805,2.4695695918541816,-49.64742294569291
2026-04-14T12:32:05.637,4.003775596843695,4.006109714872224,4.00429487253993,4.004273891703718,0.023988932005670673,2.3597480273096494,3.8185717951400022,2.6842953374561773,2.6711823148239944,-49.70013834992912
2026-04-14T12:32:05.748,4.003775596843695,4.006109714872224,4.00429487253993,4.004273891703718,0.023988932005670673,2.3597480273096494,3.8185717951400022,2.6842953374561773,2.6711823148239944,-49.70013834992912
2026-04-14T12:32:05.858,4.003775596843695,4.006109714872224,4.00429487253993,4.004273891703718,0.023988932005670673,2.3597480273096494,3.8185717951400022,2.6842953374561773,2.6711823148239944,-49.70013834992912
2026-04-14T12:32:05.967,4.003665447453585,4.005863190046739,4.004024744273707,4.00417685533624,0.016634915282471092,2.290904658490689,3.6644937792118526,2.515465171066822,2.6105345851501482,-49.79206355896911
2026-04-14T12:32:06.075,4.003665447453585,4.005863190046739,4.004024744273707,4.00417685533624,0.016634915282471092,2.290904658490689,3.6644937792118526,2.515465171066822,2.6105345851501482,-49.79206355896911
2026-04-14T12:32:06.184,4.003665447453585,4.005863190046739,4.004024744273707,4.00417685533624,0.016634915282471092,2.290904658490689,3.6644937792118526,2.515465171066822,2.6105345851501482,-49.79206355896911
2026-04-14T12:32:06.294,4.0036916734988495,4.005815983165263,4.004174232731714,4.00352907201821,0.015260704980776382,2.3072959367809176,3.634989478289441,2.6088954573211254,2.2056700113814998,-49.80924118774029
2026-04-14T12:32:06.403,4.0036916734988495,4.005815983165263,4.004174232731714,4.00352907201821,0.015260704980776382,2.3072959367809176,3.634989478289441,2.6088954573211254,2.2056700113814998,-49.80924118774029
2026-04-14T12:32:06.512,4.0036916734988495,4.005815983165263,4.004174232731714,4.00352907201821,0.015260704980776382,2.3072959367809176,3.634989478289441,2.6088954573211254,2.2056700113814998,-49.80924118774029
2026-04-14T12:32:06.636,4.003363847933045,4.005517006249249,4.004481077461307,4.004121780641185,0.010834353682926397,2.102404958153059,3.448128905780834,2.800673413316801,2.576112900740668,-49.864570578963416
2026-04-14T12:32:06.745,4.003363847933045,4.005517006249249,4.004481077461307,4.004121780641185,0.010834353682926397,2.102404958153059,3.448128905780834,2.800673413316801,2.576112900740668,-49.864570578963416
2026-04-14T12:32:06.853,4.003363847933045,4.005517006249249,4.004481077461307,4.004121780641185,0.010834353682926397,2.102404958153059,3.448128905780834,2.800673413316801,2.576112900740668,-49.864570578963416
2026-04-14T12:32:06.962,4.003518581600105,4.0056979659615735,4.004168987522661,4.003885746233806,0.022206441831733332,2.1991135000654083,3.561228725983412,2.6056172016630796,2.42859139612861,-49.72241947710334
2026-04-14T12:32:07.071,4.003518581600105,4.0056979659615735,4.004168987522661,4.003885746233806,0.022206441831733332,2.1991135000654083,3.561228725983412,2.6056172016630796,2.42859139612861,-49.72241947710334
2026-04-14T12:32:07.180,4.003518581600105,4.0056979659615735,4.004168987522661,4.003885746233806,0.022206441831733332,2.1991135000654083,3.561228725983412,2.6056172016630796,2.42859139612861,-49.72241947710334
2026-04-14T12:32:07.288,4.00399327301939,4.0057005885661,4.0041663649181345,4.00417685533624,0.029814388719376504,2.4957956371185475,3.5628678538124348,2.6039780738340568,2.6105345851501482,-49.62732014100779
2026-04-14T12:32:07.399,4.00399327301939,4.0057005885661,4.0041663649181345,4.00417685533624,0.029814388719376504,2.4957956371185475,3.5628678538124348,2.6039780738340568,2.6105345851501482,-49.62732014100779
2026-04-14T12:32:07.507,4.00399327301939,4.0057005885661,4.0041663649181345,4.00417685533624,0.029814388719376504,2.4957956371185475,3.5628678538124348,2.6039780738340568,2.6105345851501482,-49.62732014100779
2026-04-14T12:32:07.616,4.0033376218877805,4.005378008209348,4.004218817008663,4.004050970318971,0.0304915358245594,2.0860136798628304,3.361255130842622,2.636760630414514,2.5318564493570506,-49.61885580219301
2026-04-14T12:32:07.726,4.0033376218877805,4.005378008209348,4.004218817008663,4.004050970318971,0.0304915358245594,2.0860136798628304,3.361255130842622,2.636760630414514,2.5318564493570506,-49.61885580219301
2026-04-14T12:32:07.836,4.0033376218877805,4.005378008209348,4.004218817008663,4.004050970318971,0.0304915358245594,2.0860136798628304,3.361255130842622,2.636760630414514,2.5318564493570506,-49.61885580219301
2026-04-14T12:32:07.944,4.003723144753167,4.005493402808511,4.003473997323155,4.003311395842516,0.03432538340537435,2.326965470729192,3.433376755319628,2.1712483269720195,2.0696224015726017,-49.57093270743282
2026-04-14T12:32:08.054,4.003723144753167,4.005493402808511,4.003473997323155,4.003311395842516,0.03432538340537435,2.326965470729192,3.433376755319628,2.1712483269720195,2.0696224015726017,-49.57093270743282
2026-04-14T12:32:08.163,4.003723144753167,4.005493402808511,4.003473997323155,4.003311395842516,0.03432538340537435,2.326965470729192,3.433376755319628,2.1712483269720195,2.0696224015726017,-49.57093270743282
2026-04-14T12:32:08.272,4.003982782601284,4.005414724672718,4.004533529551836,4.003917217488123,0.023650358453079223,2.489239125802456,3.384202920448942,2.8334559698972583,2.4482609300768843,-49.70437051933651
2026-04-14T12:32:08.380,4.003982782601284,4.005414724672718,4.004533529551836,4.003917217488123,0.023650358453079223,2.489239125802456,3.384202920448942,2.8334559698972583,2.4482609300768843,-49.70437051933651
2026-04-14T12:32:08.490,4.003982782601284,4.005414724672718,4.004533529551836,4.003917217488123,0.023650358453079223,2.489239125802456,3.384202920448942,2.8334559698972583,2.4482609300768843,-49.70437051933651
2026-04-14T12:32:08.599,4.00357365629516,4.005881548278424,4.004168987522661,4.003988027810337,0.02543284862701656,2.2335351844748885,3.6759676740150127,2.6056172016630796,2.4925173814605017,-49.68208939216229
2026-04-14T12:32:08.708,4.00357365629516,4.005881548278424,4.004168987522661,4.003988027810337,0.02543284862701656,2.2335351844748885,3.6759676740150127,2.6056172016630796,2.4925173814605017,-49.68208939216229
2026-04-14T12:32:08.817,4.00357365629516,4.005881548278424,4.004168987522661,4.003988027810337,0.02543284862701656,2.2335351844748885,3.6759676740150127,2.6056172016630796,2.4925173814605017,-49.68208939216229
2026-04-14T12:32:08.925,4.003526449413684,4.005574703548831,4.004245043053928,4.004011631251075,0.022893546982580688,2.204030883552477,3.484189718019337,2.653151908704743,2.5072695319217075,-49.71383066271774
2026-04-14T12:32:09.034,4.003526449413684,4.005574703548831,4.004245043053928,4.004011631251075,0.022893546982580688,2.204030883552477,3.484189718019337,2.653151908704743,2.5072695319217075,-49.71383066271774
2026-04-14T12:32:09.143,4.003526449413684,4.005574703548831,4.004245043053928,4.004011631251075,0.022893546982580688,2.204030883552477,3.484189718019337,2.653151908704743,2.5072695319217075,-49.71383066271774
2026-04-14T12:32:09.251,4.003411054814521,4.005493402808511,4.003846407165909,4.003809690702539,0.023660316498743676,2.1319092590754707,3.433376755319628,2.404004478693267,2.3810566890869467,-49.70424604376571
2026-04-14T12:32:09.362,4.003411054814521,4.005493402808511,4.003846407165909,4.003809690702539,0.023660316498743676,2.1319092590754707,3.433376755319628,2.404004478693267,2.3810566890869467,-49.70424604376571
2026-04-14T12:32:09.471,4.003411054814521,4.005493402808511,4.003846407165909,4.003809690702539,0.023660316498743676,2.1319092590754707,3.433376755319628,2.404004478693267,2.3810566890869467,-49.70424604376571
2026-04-14T12:32:09.582,4.003841161956856,4.005532741876409,4.003940820928861,4.003631353594741,0.019502832433833963,2.400726223035221,3.4579636727555263,2.46301308053809,2.2695959967133916,-49.756214594577074
2026-04-14T12:32:09.692,4.003841161956856,4.005532741876409,4.003940820928861,4.003631353594741,0.019502832433833963,2.400726223035221,3.4579636727555263,2.46301308053809,2.2695959967133916,-49.756214594577074
2026-04-14T12:32:09.800,4.003841161956856,4.005532741876409,4.003940820928861,4.003631353594741,0.019502832433833963,2.400726223035221,3.4579636727555263,2.46301308053809,2.2695959967133916,-49.756214594577074
2026-04-14T12:32:09.909,4.003717899544114,4.005537987085461,4.00429487253993,4.004174232731714,0.015215893775286338,2.3236872150711463,3.461241928413017,2.6842953374561773,2.6088954573211254,-49.80980132780892
2026-04-14T12:32:10.017,4.003717899544114,4.005537987085461,4.00429487253993,4.004174232731714,0.015215893775286338,2.3236872150711463,3.461241928413017,2.6842953374561773,2.6088954573211254,-49.80980132780892
2026-04-14T12:32:10.126,4.003717899544114,4.005537987085461,4.00429487253993,4.004174232731714,0.015215893775286338,2.3236872150711463,3.461241928413017,2.6842953374561773,2.6088954573211254,-49.80980132780892
2026-04-14T12:32:10.236,4.003408432209994,4.005768776283787,4.003644466617374,4.004095554595921,0.023635421384582543,2.130270131246448,3.6054851773670293,2.277791635858506,2.5597216224504393,-49.70455723269272
2026-04-14T12:32:10.344,4.003408432209994,4.005768776283787,4.003644466617374,4.004095554595921,0.023635421384582543,2.130270131246448,3.6054851773670293,2.277791635858506,2.5597216224504393,-49.70455723269272
2026-04-14T12:32:10.453,4.003408432209994,4.005768776283787,4.003644466617374,4.004095554595921,0.023635421384582543,2.130270131246448,3.6054851773670293,2.277791635858506,2.5597216224504393,-49.70455723269272
2026-04-14T12:32:10.562,4.003783464657275,4.005543232294514,4.004273891703718,4.003988027810337,0.03258272541409483,2.364665410796718,3.4645201840710627,2.6711823148239944,2.4925173814605017,-49.59271593232381
2026-04-14T12:32:10.670,4.003783464657275,4.005543232294514,4.004273891703718,4.003988027810337,0.03258272541409483,2.364665410796718,3.4645201840710627,2.6711823148239944,2.4925173814605017,-49.59271593232381
2026-04-14T12:32:10.780,4.003783464657275,4.005543232294514,4.004273891703718,4.003988027810337,0.03258272541409483,2.364665410796718,3.4645201840710627,2.6711823148239944,2.4925173814605017,-49.59271593232381
2026-04-14T12:32:10.888,4.003885746233806,4.005131483383864,4.003961801765072,4.003560543272528,0.028957996792233424,2.42859139612861,3.2071771149150274,2.476126103170273,2.225339545329774,-49.638025040097084
2026-04-14T12:32:10.998,4.003885746233806,4.005131483383864,4.003961801765072,4.003560543272528,0.028957996792233424,2.42859139612861,3.2071771149150274,2.476126103170273,2.225339545329774,-49.638025040097084
2026-04-14T12:32:11.107,4.003885746233806,4.005131483383864,4.003961801765072,4.003560543272528,0.028957996792233424,2.42859139612861,3.2071771149150274,2.476126103170273,2.225339545329774,-49.638025040097084
2026-04-14T12:32:11.231,4.003817558516118,4.005566835735252,4.004111290223079,4.003953933951494,0.03718334251107277,2.3859740725740153,3.4792723345322685,2.5695563894245765,2.4712087196837595,-49.535208218611594
2026-04-14T12:32:11.326,4.003817558516118,4.005566835735252,4.004111290223079,4.003953933951494,0.03718334251107277,2.3859740725740153,3.4792723345322685,2.5695563894245765,2.4712087196837595,-49.535208218611594
2026-04-14T12:32:11.449,4.003817558516118,4.005566835735252,4.004111290223079,4.003953933951494,0.03718334251107277,2.3859740725740153,3.4792723345322685,2.5695563894245765,2.4712087196837595,-49.535208218611594
2026-04-14T12:32:11.543,4.003961801765072,4.005975962041376,4.004182100545293,4.003822803725171,0.031218473158064572,2.476126103170273,3.734976275859836,2.613812840808194,2.389252328232061,-49.60976908552419
2026-04-14T12:32:11.667,4.003961801765072,4.005975962041376,4.004182100545293,4.003822803725171,0.031218473158064572,2.476126103170273,3.734976275859836,2.613812840808194,2.389252328232061,-49.60976908552419
2026-04-14T12:32:11.775,4.003961801765072,4.005975962041376,4.004182100545293,4.003822803725171,0.031218473158064572,2.476126103170273,3.734976275859836,2.613812840808194,2.389252328232061,-49.60976908552419
2026-04-14T12:32:11.883,4.0042083265905575,4.005461931554194,4.003859520188541,4.004027366878234,0.0378306154792623,2.6302041190984227,3.4137072213713537,2.412200117838381,2.5171042988964,-49.52711730650922
2026-04-14T12:32:11.993,4.0042083265905575,4.005461931554194,4.003859520188541,4.004027366878234,0.0378306154792623,2.6302041190984227,3.4137072213713537,2.412200117838381,2.5171042988964,-49.52711730650922
2026-04-14T12:32:12.103,4.0042083265905575,4.005461931554194,4.003859520188541,4.004027366878234,0.0378306154792623,2.6302041190984227,3.4137072213713537,2.412200117838381,2.5171042988964,-49.52711730650922
2026-04-14T12:32:12.210,4.003479242532208,4.0052599910056585,4.003741502984852,4.003673315267164,0.031776123715274024,2.1745265826300653,3.287494378536593,2.338439365532352,2.2958220419777575,-49.602798453559075
2026-04-14T12:32:12.320,4.003479242532208,4.0052599910056585,4.003741502984852,4.003673315267164,0.031776123715274024,2.1745265826300653,3.287494378536593,2.338439365532352,2.2958220419777575,-49.602798453559075
2026-04-14T12:32:12.429,4.003479242532208,4.0052599910056585,4.003741502984852,4.003673315267164,0.031776123715274024,2.1745265826300653,3.287494378536593,2.338439365532352,2.2958220419777575,-49.602798453559075
2026-04-14T12:32:12.538,4.003814935911592,4.005210161519656,4.00357365629516,4.003772974239169,0.012347976623923469,2.3843349447449924,3.2563509497851584,2.2335351844748885,2.3581088994806265,-49.84565029220096
2026-04-14T12:32:12.648,4.003814935911592,4.005210161519656,4.00357365629516,4.003772974239169,0.012347976623923469,2.3843349447449924,3.2563509497851584,2.2335351844748885,2.3581088994806265,-49.84565029220096
2026-04-14T12:32:12.757,4.003814935911592,4.005210161519656,4.00357365629516,4.003772974239169,0.012347976623923469,2.3843349447449924,3.2563509497851584,2.2335351844748885,2.3581088994806265,-49.84565029220096
2026-04-14T12:32:12.867,4.003969669578652,4.00559043917599,4.003466129509576,4.003555298063475,0.01963228702747187,2.4810434866573416,3.4940244849934743,2.166330943484951,2.2220612896717284,-49.7545964121566
2026-04-14T12:32:12.977,4.003969669578652,4.00559043917599,4.003466129509576,4.003555298063475,0.01963228702747187,2.4810434866573416,3.4940244849934743,2.166330943484951,2.2220612896717284,-49.7545964121566
2026-04-14T12:32:13.086,4.003969669578652,4.00559043917599,4.003466129509576,4.003555298063475,0.01963228702747187,2.4810434866573416,3.4940244849934743,2.166330943484951,2.2220612896717284,-49.7545964121566
2026-04-14T12:32:13.195,4.003390073978309,4.005551100108093,4.003982782601284,4.003654957035479,0.015320453254763111,2.1187962364432877,3.4694375675581313,2.489239125802456,2.2843481471745974,-49.80849433431546
2026-04-14T12:32:13.304,4.003390073978309,4.005551100108093,4.003982782601284,4.003654957035479,0.015320453254763111,2.1187962364432877,3.4694375675581313,2.489239125802456,2.2843481471745974,-49.80849433431546
2026-04-14T12:32:13.414,4.003390073978309,4.005551100108093,4.003982782601284,4.003654957035479,0.015320453254763111,2.1187962364432877,3.4694375675581313,2.489239125802456,2.2843481471745974,-49.80849433431546
2026-04-14T12:32:13.522,4.0036916734988495,4.005760908470208,4.003843784561383,4.004006386042022,0.024327505558262123,2.3072959367809176,3.6005677938799607,2.402365350864244,2.503991276263662,-49.695906180521725
2026-04-14T12:32:13.630,4.0036916734988495,4.005760908470208,4.003843784561383,4.004006386042022,0.024327505558262123,2.3072959367809176,3.6005677938799607,2.402365350864244,2.503991276263662,-49.695906180521725
2026-04-14T12:32:13.738,4.0036916734988495,4.005760908470208,4.003843784561383,4.004006386042022,0.024327505558262123,2.3072959367809176,3.6005677938799607,2.402365350864244,2.503991276263662,-49.695906180521725
2026-04-14T12:32:13.847,4.003689050894323,4.005894661301056,4.003872633211174,4.003539562436316,0.030501493870223856,2.3056568089518947,3.684163313160127,2.4203957569834955,2.2122265226975912,-49.6187313266222
2026-04-14T12:32:13.957,4.003689050894323,4.005894661301056,4.003872633211174,4.003539562436316,0.030501493870223856,2.3056568089518947,3.684163313160127,2.4203957569834955,2.2122265226975912,-49.6187313266222
2026-04-14T12:32:14.066,4.003689050894323,4.005894661301056,4.003872633211174,4.003539562436316,0.030501493870223856,2.3056568089518947,3.684163313160127,2.4203957569834955,2.2122265226975912,-49.6187313266222
2026-04-14T12:32:14.175,4.0038359167478035,4.0053386691414525,4.003851652374962,4.0037100317305345,0.033289746656271095,2.3974479673771754,3.336668213407834,2.4072827343513126,2.3187698315840777,-49.583878166796616
2026-04-14T12:32:14.282,4.0038359167478035,4.0053386691414525,4.003851652374962,4.0037100317305345,0.033289746656271095,2.3974479673771754,3.336668213407834,2.4072827343513126,2.3187698315840777,-49.583878166796616
2026-04-14T12:32:14.392,4.0038359167478035,4.0053386691414525,4.003851652374962,4.0037100317305345,0.033289746656271095,2.3974479673771754,3.336668213407834,2.4072827343513126,2.3187698315840777,-49.583878166796616
2026-04-14T12:32:14.501,4.003828048934224,4.005459308949669,4.00376510642559,4.004037857296339,0.026871786225530225,2.3925305838901068,3.412068093542886,2.353191515993558,2.5236608102119362,-49.664102672180874
2026-04-14T12:32:14.609,4.003828048934224,4.005459308949669,4.00376510642559,4.004037857296339,0.026871786225530225,2.3925305838901068,3.412068093542886,2.353191515993558,2.5236608102119362,-49.664102672180874
2026-04-14T12:32:14.718,4.003828048934224,4.005459308949669,4.00376510642559,4.004037857296339,0.026871786225530225,2.3925305838901068,3.412068093542886,2.353191515993558,2.5236608102119362,-49.664102672180874
2026-04-14T12:32:14.827,4.003959179160546,4.005556345317146,4.0037100317305345,4.003426790441679,0.02983928383353764,2.47448697534125,3.472715823216177,2.3187698315840777,2.141744026049608,-49.62700895208078
2026-04-14T12:32:14.938,4.003959179160546,4.005556345317146,4.0037100317305345,4.003426790441679,0.02983928383353764,2.47448697534125,3.472715823216177,2.3187698315840777,2.141744026049608,-49.62700895208078
2026-04-14T12:32:15.048,4.003959179160546,4.005556345317146,4.0037100317305345,4.003426790441679,0.02983928383353764,2.47448697534125,3.472715823216177,2.3187698315840777,2.141744026049608,-49.62700895208078
2026-04-14T12:32:15.158,4.003563165877054,4.005587816571463,4.003510713786525,4.00414013887287,0.035191733378181884,2.226978673158797,3.4923853571644514,2.1941961165783397,2.587586795543828,-49.56010333277273
2026-04-14T12:32:15.267,4.003563165877054,4.005587816571463,4.003510713786525,4.00414013887287,0.035191733378181884,2.226978673158797,3.4923853571644514,2.1941961165783397,2.587586795543828,-49.56010333277273
2026-04-14T12:32:15.375,4.003563165877054,4.005587816571463,4.003510713786525,4.00414013887287,0.035191733378181884,2.226978673158797,3.4923853571644514,2.1941961165783397,2.587586795543828,-49.56010333277273
2026-04-14T12:32:15.483,4.003917217488123,4.0056324008484125,4.004200458776978,4.0037100317305345,0.03288644580686069,2.4482609300768843,3.52025053025784,2.625286735611354,2.3187698315840777,-49.58891942741424
2026-04-14T12:32:15.592,4.003917217488123,4.0056324008484125,4.004200458776978,4.0037100317305345,0.03288644580686069,2.4482609300768843,3.52025053025784,2.625286735611354,2.3187698315840777,-49.58891942741424
2026-04-14T12:32:15.701,4.003917217488123,4.0056324008484125,4.004200458776978,4.0037100317305345,0.03288644580686069,2.4482609300768843,3.52025053025784,2.625286735611354,2.3187698315840777,-49.58891942741424
2026-04-14T12:32:15.811,4.003237962915777,4.0055301192718815,4.004378795884776,4.00345563909147,0.030078276929484546,2.0237268223605165,3.4563245449259483,2.736747427984909,2.1597744321688594,-49.62402153838144
2026-04-14T12:32:15.920,4.003237962915777,4.0055301192718815,4.004378795884776,4.00345563909147,0.030078276929484546,2.0237268223605165,3.4563245449259483,2.736747427984909,2.1597744321688594,-49.62402153838144
2026-04-14T12:32:16.029,4.003237962915777,4.0055301192718815,4.004378795884776,4.00345563909147,0.030078276929484546,2.0237268223605165,3.4563245449259483,2.736747427984909,2.1597744321688594,-49.62402153838144
2026-04-14T12:32:16.153,4.003251075938408,4.005493402808511,4.003723144753167,4.004334211607826,0.03373785871117154,2.0319224615050757,3.433376755319628,2.326965470729192,2.7088822548915203,-49.578276766110356
2026-04-14T12:32:16.248,4.003251075938408,4.005493402808511,4.003723144753167,4.004334211607826,0.03373785871117154,2.0319224615050757,3.433376755319628,2.326965470729192,2.7088822548915203,-49.578276766110356
2026-04-14T12:32:16.358,4.003251075938408,4.005493402808511,4.003723144753167,4.004334211607826,0.03373785871117154,2.0319224615050757,3.433376755319628,2.326965470729192,2.7088822548915203,-49.578276766110356
2026-04-14T12:32:16.467,4.003898859256438,4.005705833775153,4.00414013887287,4.00391197227907,0.03059111628120395,2.436787035273724,3.5661461094704805,2.587586795543828,2.4449826744188385,-49.61761104648495
2026-04-14T12:32:16.576,4.003898859256438,4.005705833775153,4.00414013887287,4.00391197227907,0.03059111628120395,2.436787035273724,3.5661461094704805,2.587586795543828,2.4449826744188385,-49.61761104648495
2026-04-14T12:32:16.686,4.003898859256438,4.005705833775153,4.00414013887287,4.00391197227907,0.03059111628120395,2.436787035273724,3.5661461094704805,2.587586795543828,2.4449826744188385,-49.61761104648495
2026-04-14T12:32:16.794,4.003636598803794,4.005461931554194,4.004050970318971,4.003906727070017,0.03991184702313328,2.2728742523714374,3.4137072213713537,2.5318564493570506,2.441704418760793,-49.501101912210835
2026-04-14T12:32:16.918,4.003636598803794,4.005461931554194,4.004050970318971,4.003906727070017,0.03991184702313328,2.2728742523714374,3.4137072213713537,2.5318564493570506,2.441704418760793,-49.501101912210835
2026-04-14T12:32:17.027,4.003636598803794,4.005461931554194,4.004050970318971,4.003906727070017,0.03991184702313328,2.2728742523714374,3.4137072213713537,2.5318564493570506,2.441704418760793,-49.501101912210835
2026-04-14T12:32:17.135,4.003828048934224,4.005438328113456,4.003906727070017,4.003846407165909,0.035112069012866245,2.3925305838901068,3.398955070910148,2.441704418760793,2.404004478693267,-49.56109913733917
2026-04-14T12:32:17.232,4.003828048934224,4.005438328113456,4.003906727070017,4.003846407165909,0.035112069012866245,2.3925305838901068,3.398955070910148,2.441704418760793,2.404004478693267,-49.56109913733917
2026-04-14T12:32:17.355,4.003828048934224,4.005438328113456,4.003906727070017,4.003846407165909,0.035112069012866245,2.3925305838901068,3.398955070910148,2.441704418760793,2.404004478693267,-49.56109913733917
2026-04-14T12:32:17.463,4.003749370798431,4.005490780203985,4.0039198400926495,4.003618240572109,0.044651876759413574,2.3433567490194207,3.4317376274906053,2.449900057905907,2.2614003575682773,-49.44185154050733
2026-04-14T12:32:17.572,4.003749370798431,4.005490780203985,4.0039198400926495,4.003618240572109,0.044651876759413574,2.3433567490194207,3.4317376274906053,2.449900057905907,2.2614003575682773,-49.44185154050733
2026-04-14T12:32:17.681,4.003749370798431,4.005490780203985,4.0039198400926495,4.003618240572109,0.044651876759413574,2.3433567490194207,3.4317376274906053,2.449900057905907,2.2614003575682773,-49.44185154050733
2026-04-14T12:32:17.790,4.003641844012847,4.00550913843567,4.004342079421406,4.003510713786525,0.04336728886869896,2.276152508029483,3.4432115222937654,2.713799638378589,2.1941961165783397,-49.45790888914126
2026-04-14T12:32:17.899,4.003641844012847,4.00550913843567,4.004342079421406,4.003510713786525,0.04336728886869896,2.276152508029483,3.4432115222937654,2.713799638378589,2.1941961165783397,-49.45790888914126
2026-04-14T12:32:18.007,4.003641844012847,4.00550913843567,4.004342079421406,4.003510713786525,0.04336728886869896,2.276152508029483,3.4432115222937654,2.713799638378589,2.1941961165783397,-49.45790888914126
2026-04-14T12:32:18.116,4.003717899544114,4.005359649977663,4.0032956602153575,4.003961801765072,0.038940937570848974,2.3236872150711463,3.349781236039462,2.0597876345984645,2.476126103170273,-49.513238280364384
2026-04-14T12:32:18.226,4.003717899544114,4.005359649977663,4.0032956602153575,4.003961801765072,0.038940937570848974,2.3236872150711463,3.349781236039462,2.0597876345984645,2.476126103170273,-49.513238280364384
2026-04-14T12:32:18.334,4.003717899544114,4.005359649977663,4.0032956602153575,4.003961801765072,0.038940937570848974,2.3236872150711463,3.349781236039462,2.0597876345984645,2.476126103170273,-49.513238280364384
2026-04-14T12:32:18.444,4.003248453333882,4.005687475543468,4.004336834212353,4.003828048934224,0.03400174692127958,2.030283333676053,3.5546722146673204,2.710521382720543,2.3925305838901068,-49.574978163484005
2026-04-14T12:32:18.553,4.003248453333882,4.005687475543468,4.004336834212353,4.003828048934224,0.03400174692127958,2.030283333676053,3.5546722146673204,2.710521382720543,2.3925305838901068,-49.574978163484005
2026-04-14T12:32:18.662,4.003248453333882,4.005687475543468,4.004336834212353,4.003828048934224,0.03400174692127958,2.030283333676053,3.5546722146673204,2.710521382720543,2.3925305838901068,-49.574978163484005
2026-04-14T12:32:18.772,4.003814935911592,4.005797624933578,4.004229307426769,4.003804445493486,0.03855257378993525,2.3843349447449924,3.623515583486281,2.6433171417306056,2.377778433428901,-49.51809282762581
2026-04-14T12:32:18.882,4.003814935911592,4.005797624933578,4.004229307426769,4.003804445493486,0.03855257378993525,2.3843349447449924,3.623515583486281,2.6433171417306056,2.377778433428901,-49.51809282762581
2026-04-14T12:32:18.991,4.003814935911592,4.005797624933578,4.004229307426769,4.003804445493486,0.03855257378993525,2.3843349447449924,3.623515583486281,2.6433171417306056,2.377778433428901,-49.51809282762581
2026-04-14T12:32:19.099,4.003780842052748,4.005640268661992,4.004050970318971,4.003476619927682,0.041853665927701886,2.363026282967695,3.525167913744909,2.5318564493570506,2.1728874548010424,-49.476829175903724
2026-04-14T12:32:19.207,4.003780842052748,4.005640268661992,4.004050970318971,4.003476619927682,0.041853665927701886,2.363026282967695,3.525167913744909,2.5318564493570506,2.1728874548010424,-49.476829175903724
2026-04-14T12:32:19.315,4.003780842052748,4.005640268661992,4.004050970318971,4.003476619927682,0.041853665927701886,2.363026282967695,3.525167913744909,2.5318564493570506,2.1728874548010424,-49.476829175903724
2026-04-14T12:32:19.424,4.003967046974125,4.005792379724525,4.004300117748983,4.003400564396415,0.04196320443001088,2.4794043588283188,3.620237327828235,2.687573593114223,2.125352747759379,-49.475459944624866
2026-04-14T12:32:19.533,4.003967046974125,4.005792379724525,4.004300117748983,4.003400564396415,0.04196320443001088,2.4794043588283188,3.620237327828235,2.687573593114223,2.125352747759379,-49.475459944624866
2026-04-14T12:32:19.641,4.003967046974125,4.005792379724525,4.004300117748983,4.003400564396415,0.04196320443001088,2.4794043588283188,3.620237327828235,2.687573593114223,2.125352747759379,-49.475459944624866
2026-04-14T12:32:19.750,4.003717899544114,4.005152464220075,4.003828048934224,4.00311732310756,0.048052549353824754,2.3236872150711463,3.2202901375466553,2.3925305838901068,1.9483269422249094,-49.39934313307719
2026-04-14T12:32:19.858,4.003717899544114,4.005152464220075,4.003828048934224,4.00311732310756,0.048052549353824754,2.3236872150711463,3.2202901375466553,2.3925305838901068,1.9483269422249094,-49.39934313307719
2026-04-14T12:32:19.967,4.003717899544114,4.005152464220075,4.003828048934224,4.00311732310756,0.048052549353824754,2.3236872150711463,3.2202901375466553,2.3925305838901068,1.9483269422249094,-49.39934313307719
2026-04-14T12:32:20.075,4.004119158036659,4.005648136475571,4.004189968358872,4.003641844012847,0.06168013484563061,2.574473772911645,3.5300852972319774,2.6187302242952626,2.276152508029483,-49.22899831442962
2026-04-14T12:32:20.198,4.004119158036659,4.005648136475571,4.004189968358872,4.003641844012847,0.06168013484563061,2.574473772911645,3.5300852972319774,2.6187302242952626,2.276152508029483,-49.22899831442962
2026-04-14T12:32:20.307,4.004119158036659,4.005648136475571,4.004189968358872,4.003641844012847,0.06168013484563061,2.574473772911645,3.5300852972319774,2.6187302242952626,2.276152508029483,-49.22899831442962
2026-04-14T12:32:20.418,4.00376510642559,4.005396366441033,4.003686428289797,4.003526449413684,0.052070620779432114,2.353191515993558,3.372729025645782,2.304017681122872,2.204030883552477,-49.3491172402571
2026-04-14T12:32:20.525,4.00376510642559,4.005396366441033,4.003686428289797,4.003526449413684,0.052070620779432114,2.353191515993558,3.372729025645782,2.304017681122872,2.204030883552477,-49.3491172402571
2026-04-14T12:32:20.634,4.00376510642559,4.005396366441033,4.003686428289797,4.003526449413684,0.052070620779432114,2.353191515993558,3.372729025645782,2.304017681122872,2.204030883552477,-49.3491172402571
2026-04-14T12:32:20.743,4.003597259735898,4.005202293706077,4.00444960620699,4.003783464657275,0.05654178328277214,2.2482873349360943,3.2514335662980898,2.7810038793685266,2.364665410796718,-49.29322770896535
2026-04-14T12:32:20.852,4.003597259735898,4.005202293706077,4.00444960620699,4.003783464657275,0.05654178328277214,2.2482873349360943,3.2514335662980898,2.7810038793685266,2.364665410796718,-49.29322770896535
2026-04-14T12:32:20.960,4.003597259735898,4.005202293706077,4.00444960620699,4.003783464657275,0.05654178328277214,2.2482873349360943,3.2514335662980898,2.7810038793685266,2.364665410796718,-49.29322770896535
2026-04-14T12:32:21.070,4.0042502882629805,4.005372763000295,4.00417685533624,4.003738880380325,0.05106983719015444,2.6564301643627886,3.357976875184576,2.6105345851501482,2.3368002377033292,-49.36162703512307
2026-04-14T12:32:21.179,4.0042502882629805,4.005372763000295,4.00417685533624,4.003738880380325,0.05106983719015444,2.6564301643627886,3.357976875184576,2.6105345851501482,2.3368002377033292,-49.36162703512307
2026-04-14T12:32:21.288,4.0042502882629805,4.005372763000295,4.00417685533624,4.003738880380325,0.05106983719015444,2.6564301643627886,3.357976875184576,2.6105345851501482,2.3368002377033292,-49.36162703512307
2026-04-14T12:32:21.396,4.003772974239169,4.005336046536925,4.0042083265905575,4.003411054814521,0.06376634541233381,2.3581088994806265,3.335029085578256,2.6302041190984227,2.1319092590754707,-49.20292068234583
2026-04-14T12:32:21.505,4.003772974239169,4.005336046536925,4.0042083265905575,4.003411054814521,0.06376634541233381,2.3581088994806265,3.335029085578256,2.6302041190984227,2.1319092590754707,-49.20292068234583
2026-04-14T12:32:21.615,4.003772974239169,4.005336046536925,4.0042083265905575,4.003411054814521,0.06376634541233381,2.3581088994806265,3.335029085578256,2.6302041190984227,2.1319092590754707,-49.20292068234583
2026-04-14T12:32:21.723,4.003670692662638,4.005278349237344,4.00398540520581,4.003526449413684,0.047250926677836175,2.2941829141487347,3.298968273339753,2.490878253631479,2.204030883552477,-49.40936341652705
2026-04-14T12:32:21.833,4.003670692662638,4.005278349237344,4.00398540520581,4.003526449413684,0.047250926677836175,2.2941829141487347,3.298968273339753,2.490878253631479,2.204030883552477,-49.40936341652705
2026-04-14T12:32:21.942,4.003670692662638,4.005278349237344,4.00398540520581,4.003526449413684,0.047250926677836175,2.2941829141487347,3.298968273339753,2.490878253631479,2.204030883552477,-49.40936341652705
2026-04-14T12:32:22.050,4.004328966398774,4.005359649977663,4.004079818968762,4.00380182288896,0.05066155731791181,2.7056039992334746,3.349781236039462,2.549886855476302,2.376139305599878,-49.3667305335261
2026-04-14T12:32:22.159,4.004328966398774,4.005359649977663,4.004079818968762,4.00380182288896,0.05066155731791181,2.7056039992334746,3.349781236039462,2.549886855476302,2.376139305599878,-49.3667305335261
2026-04-14T12:32:22.268,4.004328966398774,4.005359649977663,4.004079818968762,4.00380182288896,0.05066155731791181,2.7056039992334746,3.349781236039462,2.549886855476302,2.376139305599878,-49.3667305335261
2026-04-14T12:32:22.378,4.003515958995578,4.005252123192079,4.0036916734988495,4.003977537392231,0.04744012954546081,2.1974743722363854,3.2825769950495243,2.3072959367809176,2.4859608701444103,-49.406998380681735
2026-04-14T12:32:22.487,4.003515958995578,4.005252123192079,4.0036916734988495,4.003977537392231,0.04744012954546081,2.1974743722363854,3.2825769950495243,2.3072959367809176,2.4859608701444103,-49.406998380681735
2026-04-14T12:32:22.595,4.003515958995578,4.005252123192079,4.0036916734988495,4.003977537392231,0.04744012954546081,2.1974743722363854,3.2825769950495243,2.3072959367809176,2.4859608701444103,-49.406998380681735
2026-04-14T12:32:22.705,4.003689050894323,4.00554585489904,4.004391908907408,4.004043102505392,0.051851543774814116,2.3056568089518947,3.4661593119000855,2.7449430671300235,2.526939065869982,-49.351855702814824
2026-04-14T12:32:22.814,4.003689050894323,4.00554585489904,4.004391908907408,4.004043102505392,0.051851543774814116,2.3056568089518947,3.4661593119000855,2.7449430671300235,2.526939065869982,-49.351855702814824
2026-04-14T12:32:22.922,4.003689050894323,4.00554585489904,4.004391908907408,4.004043102505392,0.051851543774814116,2.3056568089518947,3.4661593119000855,2.7449430671300235,2.526939065869982,-49.351855702814824
2026-04-14T12:32:23.030,4.003565788481581,4.005593061780517,4.0036497118264265,4.003885746233806,0.04483112158137375,2.228617800988375,3.4956636128230523,2.2810698915165517,2.42859139612861,-49.43961098023283
2026-04-14T12:32:23.138,4.003565788481581,4.005593061780517,4.0036497118264265,4.003885746233806,0.04483112158137375,2.228617800988375,3.4956636128230523,2.2810698915165517,2.42859139612861,-49.43961098023283
2026-04-14T12:32:23.248,4.003565788481581,4.005593061780517,4.0036497118264265,4.003885746233806,0.04483112158137375,2.228617800988375,3.4956636128230523,2.2810698915165517,2.42859139612861,-49.43961098023283
2026-04-14T12:32:23.357,4.004035234691813,4.005267858819238,4.004318475980668,4.003788709866328,0.03251301909444365,2.5220216823829134,3.2924117620236615,2.699047487917383,2.3679436664547637,-49.593587261319456
2026-04-14T12:32:23.467,4.004035234691813,4.005267858819238,4.004318475980668,4.003788709866328,0.03251301909444365,2.5220216823829134,3.2924117620236615,2.699047487917383,2.3679436664547637,-49.593587261319456
2026-04-14T12:32:23.588,4.004035234691813,4.005267858819238,4.004318475980668,4.003788709866328,0.03251301909444365,2.5220216823829134,3.2924117620236615,2.699047487917383,2.3679436664547637,-49.593587261319456
2026-04-14T12:32:23.696,4.0034399034643116,4.0053675177912424,4.00475120572753,4.0035474302498955,0.0483911229064162,2.1499396651947222,3.3546986195265305,2.9695035797061564,2.21714390618466,-49.395110963669794
2026-04-14T12:32:23.806,4.0034399034643116,4.0053675177912424,4.00475120572753,4.0035474302498955,0.0483911229064162,2.1499396651947222,3.3546986195265305,2.9695035797061564,2.21714390618466,-49.395110963669794
2026-04-14T12:32:23.916,4.0034399034643116,4.0053675177912424,4.00475120572753,4.0035474302498955,0.0483911229064162,2.1499396651947222,3.3546986195265305,2.9695035797061564,2.21714390618466,-49.395110963669794
2026-04-14T12:32:24.023,4.003662824849059,4.005341291745978,4.004077196364236,4.003631353594741,0.03875671372605656,2.289265530661666,3.338307341236302,2.5482477276472792,2.2695959967133916,-49.51554107842429
2026-04-14T12:32:24.134,4.003662824849059,4.005341291745978,4.004077196364236,4.003631353594741,0.03875671372605656,2.289265530661666,3.338307341236302,2.5482477276472792,2.2695959967133916,-49.51554107842429
2026-04-14T12:32:24.245,4.003662824849059,4.005341291745978,4.004077196364236,4.003631353594741,0.03875671372605656,2.289265530661666,3.338307341236302,2.5482477276472792,2.2695959967133916,-49.51554107842429
2026-04-14T12:32:24.341,4.003350734910413,4.005231142355868,4.004216194404137,4.003652334430953,0.03891604245668784,2.0942093190079447,3.2694639724173413,2.6351215025854913,2.2827090193455746,-49.5135494692914
2026-04-14T12:32:24.465,4.003350734910413,4.005231142355868,4.004216194404137,4.003652334430953,0.03891604245668784,2.0942093190079447,3.2694639724173413,2.6351215025854913,2.2827090193455746,-49.5135494692914
2026-04-14T12:32:24.572,4.003350734910413,4.005231142355868,4.004216194404137,4.003652334430953,0.03891604245668784,2.0942093190079447,3.2694639724173413,2.6351215025854913,2.2827090193455746,-49.5135494692914
2026-04-14T12:32:24.683,4.0042083265905575,4.005176067660813,4.004019499064654,4.003256321147461,0.0372630068763884,2.6302041190984227,3.235042288007861,2.512186915408776,2.0352007171631215,-49.53421241404514
2026-04-14T12:32:24.792,4.0042083265905575,4.005176067660813,4.004019499064654,4.003256321147461,0.0372630068763884,2.6302041190984227,3.235042288007861,2.512186915408776,2.0352007171631215,-49.53421241404514
2026-04-14T12:32:24.899,4.0042083265905575,4.005176067660813,4.004019499064654,4.003256321147461,0.0372630068763884,2.6302041190984227,3.235042288007861,2.512186915408776,2.0352007171631215,-49.53421241404514
2026-04-14T12:32:25.010,4.00380182288896,4.005364895186716,4.004189968358872,4.003437280859785,0.045518226732221105,2.376139305599878,3.3530594916975076,2.6187302242952626,2.1483005373656994,-49.43102216584724
2026-04-14T12:32:25.119,4.00380182288896,4.005364895186716,4.004189968358872,4.003437280859785,0.045518226732221105,2.376139305599878,3.3530594916975076,2.6187302242952626,2.1483005373656994,-49.43102216584724
2026-04-14T12:32:25.229,4.00380182288896,4.005364895186716,4.004189968358872,4.003437280859785,0.045518226732221105,2.376139305599878,3.3530594916975076,2.6187302242952626,2.1483005373656994,-49.43102216584724
2026-04-14T12:32:25.338,4.004006386042022,4.005307197887134,4.003581524108739,4.003927707906229,0.045737303736839104,2.503991276263662,3.3169986794590045,2.238452567961957,2.4548174413929758,-49.42828370328951
2026-04-14T12:32:25.447,4.004006386042022,4.005307197887134,4.003581524108739,4.003927707906229,0.045737303736839104,2.503991276263662,3.3169986794590045,2.238452567961957,2.4548174413929758,-49.42828370328951
2026-04-14T12:32:25.556,4.004006386042022,4.005307197887134,4.003581524108739,4.003927707906229,0.045737303736839104,2.503991276263662,3.3169986794590045,2.238452567961957,2.4548174413929758,-49.42828370328951
2026-04-14T12:32:25.664,4.003898859256438,4.005086899106914,4.003909349674544,4.0036680700581115,0.042381442347917964,2.436787035273724,3.1793119418210836,2.4433435465898157,2.292543786319712,-49.47023197065102
2026-04-14T12:32:25.773,4.003898859256438,4.005086899106914,4.003909349674544,4.0036680700581115,0.042381442347917964,2.436787035273724,3.1793119418210836,2.4433435465898157,2.292543786319712,-49.47023197065102
2026-04-14T12:32:25.882,4.003898859256438,4.005086899106914,4.003909349674544,4.0036680700581115,0.042381442347917964,2.436787035273724,3.1793119418210836,2.4433435465898157,2.292543786319712,-49.47023197065102
2026-04-14T12:32:25.991,4.00375723861201,4.005517006249249,4.003348112305886,4.003673315267164,0.038308601671156114,2.3482741325064893,3.448128905780834,2.092570191178922,2.2958220419777575,-49.521142479110544
2026-04-14T12:32:26.101,4.00375723861201,4.005517006249249,4.003348112305886,4.003673315267164,0.038308601671156114,2.3482741325064893,3.448128905780834,2.092570191178922,2.2958220419777575,-49.521142479110544
2026-04-14T12:32:26.211,4.00375723861201,4.005517006249249,4.003348112305886,4.003673315267164,0.038308601671156114,2.3482741325064893,3.448128905780834,2.092570191178922,2.2958220419777575,-49.521142479110544
2026-04-14T12:32:26.322,4.00372838996222,4.005475044576826,4.003657579640006,4.0036470892219,0.031049186381768852,2.3302437263872378,3.421902860516468,2.2859872750036203,2.279430763687529,-49.611885170227886
2026-04-14T12:32:26.430,4.00372838996222,4.005475044576826,4.003657579640006,4.0036470892219,0.031049186381768852,2.3302437263872378,3.421902860516468,2.2859872750036203,2.279430763687529,-49.611885170227886
2026-04-14T12:32:26.539,4.00372838996222,4.005475044576826,4.003657579640006,4.0036470892219,0.031049186381768852,2.3302437263872378,3.421902860516468,2.2859872750036203,2.279430763687529,-49.611885170227886
2026-04-14T12:32:26.648,4.003749370798431,4.005671739916309,4.003830671538751,4.0038752558157,0.03294619408084742,2.3433567490194207,3.544837447693183,2.3941697117191296,2.4220348848125184,-49.58817257398941
2026-04-14T12:32:26.757,4.003749370798431,4.005671739916309,4.003830671538751,4.0038752558157,0.03294619408084742,2.3433567490194207,3.544837447693183,2.3941697117191296,2.4220348848125184,-49.58817257398941
2026-04-14T12:32:26.866,4.003749370798431,4.005671739916309,4.003830671538751,4.0038752558157,0.03294619408084742,2.3433567490194207,3.544837447693183,2.3941697117191296,2.4220348848125184,-49.58817257398941
2026-04-14T12:32:26.975,4.0036470892219,4.00543570550893,4.00376510642559,4.0034399034643116,0.0357792580723847,2.279430763687529,3.397315943081125,2.353191515993558,2.1499396651947222,-49.552759274095195
2026-04-14T12:32:27.083,4.0036470892219,4.00543570550893,4.00376510642559,4.0034399034643116,0.0357792580723847,2.279430763687529,3.397315943081125,2.353191515993558,2.1499396651947222,-49.552759274095195
2026-04-14T12:32:27.191,4.0036470892219,4.00543570550893,4.00376510642559,4.0034399034643116,0.0357792580723847,2.279430763687529,3.397315943081125,2.353191515993558,2.1499396651947222,-49.552759274095195
2026-04-14T12:32:27.299,4.0038962366519115,4.005779266701893,4.003633976199268,4.0037519934029575,0.03732275515037513,2.4351479074447013,3.612041688683121,2.2712351245424145,2.3449958768484436,-49.53346556062031
2026-04-14T12:32:27.409,4.0038962366519115,4.005779266701893,4.003633976199268,4.0037519934029575,0.03732275515037513,2.4351479074447013,3.612041688683121,2.2712351245424145,2.3449958768484436,-49.53346556062031
2026-04-14T12:32:27.519,4.0038962366519115,4.005779266701893,4.003633976199268,4.0037519934029575,0.03732275515037513,2.4351479074447013,3.612041688683121,2.2712351245424145,2.3449958768484436,-49.53346556062031
2026-04-14T12:32:27.627,4.004203081381505,4.00577402149284,4.0042083265905575,4.0038123133070656,0.03276197023605501,2.626925863440377,3.608763433025075,2.6302041190984227,2.3826958169159695,-49.59047537204931
2026-04-14T12:32:27.734,4.004203081381505,4.00577402149284,4.0042083265905575,4.0038123133070656,0.03276197023605501,2.626925863440377,3.608763433025075,2.6302041190984227,2.3826958169159695,-49.59047537204931
2026-04-14T12:32:27.844,4.004203081381505,4.00577402149284,4.0042083265905575,4.0038123133070656,0.03276197023605501,2.626925863440377,3.608763433025075,2.6302041190984227,2.3826958169159695,-49.59047537204931
2026-04-14T12:32:27.952,4.004001140832969,4.005684852938941,4.00372052214864,4.003515958995578,0.028992849952059013,2.500713020605616,3.5530330868382975,2.325326342900169,2.1974743722363854,-49.63758937559926
2026-04-14T12:32:28.062,4.004001140832969,4.005684852938941,4.00372052214864,4.003515958995578,0.028992849952059013,2.500713020605616,3.5530330868382975,2.325326342900169,2.1974743722363854,-49.63758937559926
2026-04-14T12:32:28.170,4.004001140832969,4.005684852938941,4.00372052214864,4.003515958995578,0.028992849952059013,2.500713020605616,3.5530330868382975,2.325326342900169,2.1974743722363854,-49.63758937559926
2026-04-14T12:32:28.278,4.0036916734988495,4.005923509950847,4.003849029770436,4.003665447453585,0.04121137198234458,2.3072959367809176,3.7021937192793786,2.4056436065222897,2.290904658490689,-49.48485785022069
2026-04-14T12:32:28.389,4.0036916734988495,4.005923509950847,4.003849029770436,4.003665447453585,0.04121137198234458,2.3072959367809176,3.7021937192793786,2.4056436065222897,2.290904658490689,-49.48485785022069
2026-04-14T12:32:28.511,4.0036916734988495,4.005923509950847,4.003849029770436,4.003665447453585,0.04121137198234458,2.3072959367809176,3.7021937192793786,2.4056436065222897,2.290904658490689,-49.48485785022069
2026-04-14T12:32:28.621,4.003355980119466,4.005692720752521,4.00448632267036,4.003589391922318,0.03448471213600562,2.0974875746659905,3.557950470325366,2.8039516689748467,2.2433699514490257,-49.56894109829993
2026-04-14T12:32:28.729,4.003355980119466,4.005692720752521,4.00448632267036,4.003589391922318,0.03448471213600562,2.0974875746659905,3.557950470325366,2.8039516689748467,2.2433699514490257,-49.56894109829993
2026-04-14T12:32:28.837,4.003355980119466,4.005692720752521,4.00448632267036,4.003589391922318,0.03448471213600562,2.0974875746659905,3.557950470325366,2.8039516689748467,2.2433699514490257,-49.56894109829993
2026-04-14T12:32:28.945,4.003563165877054,4.005378008209348,4.004050970318971,4.003586769317792,0.03233875329531569,2.226978673158797,3.361255130842622,2.5318564493570506,2.241730823620003,-49.59576558380856
2026-04-14T12:32:29.053,4.003563165877054,4.005378008209348,4.004050970318971,4.003586769317792,0.03233875329531569,2.226978673158797,3.361255130842622,2.5318564493570506,2.241730823620003,-49.59576558380856
2026-04-14T12:32:29.163,4.003563165877054,4.005378008209348,4.004050970318971,4.003586769317792,0.03233875329531569,2.226978673158797,3.361255130842622,2.5318564493570506,2.241730823620003,-49.59576558380856
2026-04-14T12:32:29.274,4.003510713786525,4.005671739916309,4.004307985562562,4.00338220616473,0.03865713326941202,2.1941961165783397,3.544837447693183,2.6924909766012917,2.113878852956219,-49.51678583413235
2026-04-14T12:32:29.383,4.003510713786525,4.005671739916309,4.004307985562562,4.00338220616473,0.03865713326941202,2.1941961165783397,3.544837447693183,2.6924909766012917,2.113878852956219,-49.51678583413235
2026-04-14T12:32:29.492,4.003510713786525,4.005671739916309,4.004307985562562,4.00338220616473,0.03865713326941202,2.1941961165783397,3.544837447693183,2.6924909766012917,2.113878852956219,-49.51678583413235
2026-04-14T12:32:29.600,4.00361037275853,4.005498648017564,4.003870010606647,4.003188133429774,0.03881646200004329,2.2564829740812087,3.436655010977674,2.4187566291544726,1.9925833936085269,-49.514794224999456
2026-04-14T12:32:29.709,4.00361037275853,4.005498648017564,4.003870010606647,4.003188133429774,0.03881646200004329,2.2564829740812087,3.436655010977674,2.4187566291544726,1.9925833936085269,-49.514794224999456
2026-04-14T12:32:29.819,4.00361037275853,4.005498648017564,4.003870010606647,4.003188133429774,0.03881646200004329,2.2564829740812087,3.436655010977674,2.4187566291544726,1.9925833936085269,-49.514794224999456
2026-04-14T12:32:29.929,4.002957344231447,4.005414724672718,4.00417685533624,4.003927707906229,0.04191839322452084,1.8483401446545145,3.384202920448942,2.6105345851501482,2.4548174413929758,-49.47602008469349
2026-04-14T12:32:30.039,4.002957344231447,4.005414724672718,4.00417685533624,4.003927707906229,0.04191839322452084,1.8483401446545145,3.384202920448942,2.6105345851501482,2.4548174413929758,-49.47602008469349
2026-04-14T12:32:30.147,4.002957344231447,4.005414724672718,4.00417685533624,4.003927707906229,0.04191839322452084,1.8483401446545145,3.384202920448942,2.6105345851501482,2.4548174413929758,-49.47602008469349
2026-04-14T12:32:30.256,4.0036077501540035,4.005566835735252,4.004009008646548,4.0037336351712725,0.030441745596237132,2.254843846252186,3.4792723345322685,2.5056304040926847,2.3335219820452835,-49.61947818004704
2026-04-14T12:32:30.366,4.0036077501540035,4.005566835735252,4.004009008646548,4.0037336351712725,0.030441745596237132,2.254843846252186,3.4792723345322685,2.5056304040926847,2.3335219820452835,-49.61947818004704
2026-04-14T12:32:30.492,4.0036077501540035,4.005566835735252,4.004009008646548,4.0037336351712725,0.030441745596237132,2.254843846252186,3.4792723345322685,2.5056304040926847,2.3335219820452835,-49.61947818004704
2026-04-14T12:32:30.587,4.003408432209994,4.005834341396948,4.004035234691813,4.0039985182284425,0.03250804007161142,2.130270131246448,3.646463373092601,2.5220216823829134,2.499073892776593,-49.593649499104856
2026-04-14T12:32:30.695,4.003408432209994,4.005834341396948,4.004035234691813,4.0039985182284425,0.03250804007161142,2.130270131246448,3.646463373092601,2.5220216823829134,2.499073892776593,-49.593649499104856
2026-04-14T12:32:30.803,4.003408432209994,4.005834341396948,4.004035234691813,4.0039985182284425,0.03250804007161142,2.130270131246448,3.646463373092601,2.5220216823829134,2.499073892776593,-49.593649499104856
2026-04-14T12:32:30.912,4.003594637131371,4.005711078984206,4.003906727070017,4.003689050894323,0.0349925724648928,2.2466482071070715,3.5694243651285262,2.441704418760793,2.3056568089518947,-49.56259284418884
2026-04-14T12:32:31.022,4.003594637131371,4.005711078984206,4.003906727070017,4.003689050894323,0.0349925724648928,2.2466482071070715,3.5694243651285262,2.441704418760793,2.3056568089518947,-49.56259284418884
2026-04-14T12:32:31.132,4.003594637131371,4.005711078984206,4.003906727070017,4.003689050894323,0.0349925724648928,2.2466482071070715,3.5694243651285262,2.441704418760793,2.3056568089518947,-49.56259284418884
2026-04-14T12:32:31.239,4.003628730990215,4.00531768830524,4.0034635069050495,4.0037100317305345,0.03299100528633746,2.2679568688843688,3.323555190775096,2.164691815655928,2.3187698315840777,-49.58761243392078
2026-04-14T12:32:31.348,4.003628730990215,4.00531768830524,4.0034635069050495,4.0037100317305345,0.03299100528633746,2.2679568688843688,3.323555190775096,2.164691815655928,2.3187698315840777,-49.58761243392078
2026-04-14T12:32:31.458,4.003628730990215,4.00531768830524,4.0034635069050495,4.0037100317305345,0.03299100528633746,2.2679568688843688,3.323555190775096,2.164691815655928,2.3187698315840777,-49.58761243392078
2026-04-14T12:32:31.568,4.00361037275853,4.005910396928215,4.003704786521482,4.003849029770436,0.04297892508778523,2.2564829740812087,3.6939980801342642,2.315491575926032,2.4056436065222897,-49.46276343640268
2026-04-14T12:32:31.680,4.00361037275853,4.005910396928215,4.003704786521482,4.003849029770436,0.04297892508778523,2.2564829740812087,3.6939980801342642,2.315491575926032,2.4056436065222897,-49.46276343640268
2026-04-14T12:32:31.788,4.00361037275853,4.005910396928215,4.003704786521482,4.003849029770436,0.04297892508778523,2.2564829740812087,3.6939980801342642,2.315491575926032,2.4056436065222897,-49.46276343640268
2026-04-14T12:32:31.899,4.003744125589378,4.0055720809443045,4.003177643011668,4.0033612253285185,0.03926457405494374,2.340078493361375,3.482550590190314,1.9860268822924354,2.100765830324036,-49.5091928243132
2026-04-14T12:32:32.008,4.003744125589378,4.0055720809443045,4.003177643011668,4.0033612253285185,0.03926457405494374,2.340078493361375,3.482550590190314,1.9860268822924354,2.100765830324036,-49.5091928243132
2026-04-14T12:32:32.117,4.003744125589378,4.0055720809443045,4.003177643011668,4.0033612253285185,0.03926457405494374,2.340078493361375,3.482550590190314,1.9860268822924354,2.100765830324036,-49.5091928243132
2026-04-14T12:32:32.225,4.0036916734988495,4.005239010169447,4.004399776720987,4.003775596843695,0.03233875329531569,2.3072959367809176,3.27438135590441,2.749860450617092,2.3597480273096494,-49.59576558380856
2026-04-14T12:32:32.334,4.0036916734988495,4.005239010169447,4.004399776720987,4.003775596843695,0.03233875329531569,2.3072959367809176,3.27438135590441,2.749860450617092,2.3597480273096494,-49.59576558380856
2026-04-14T12:32:32.442,4.0036916734988495,4.005239010169447,4.004399776720987,4.003775596843695,0.03233875329531569,2.3072959367809176,3.27438135590441,2.749860450617092,2.3597480273096494,-49.59576558380856
2026-04-14T12:32:32.551,4.003531694622737,4.005726814611365,4.003904104465491,4.0038778784202265,0.031168682929742304,2.2073091392105226,3.5792591321032186,2.44006529093177,2.4236740126415413,-49.61039146337822
2026-04-14T12:32:32.662,4.003531694622737,4.005726814611365,4.003904104465491,4.0038778784202265,0.031168682929742304,2.2073091392105226,3.5792591321032186,2.44006529093177,2.4236740126415413,-49.61039146337822
2026-04-14T12:32:32.770,4.003531694622737,4.005726814611365,4.003904104465491,4.0038778784202265,0.031168682929742304,2.2073091392105226,3.5792591321032186,2.44006529093177,2.4236740126415413,-49.61039146337822
2026-04-14T12:32:32.882,4.003925085301702,4.005608797407675,4.003712654335061,4.003484487741261,0.04104208520604885,2.453178313563953,3.5054983797966344,2.3204089594131005,2.177804838288111,-49.486973934924386
2026-04-14T12:32:32.991,4.003925085301702,4.005608797407675,4.003712654335061,4.003484487741261,0.04104208520604885,2.453178313563953,3.5054983797966344,2.3204089594131005,2.177804838288111,-49.486973934924386
2026-04-14T12:32:33.100,4.003925085301702,4.005608797407675,4.003712654335061,4.003484487741261,0.04104208520604885,2.453178313563953,3.5054983797966344,2.3204089594131005,2.177804838288111,-49.486973934924386
2026-04-14T12:32:33.209,4.004302740353509,4.005569458339778,4.003639221408321,4.003883123629279,0.04458714946259462,2.689212720943246,3.4809114623612913,2.2745133802004602,2.426952268299587,-49.442660631717565
2026-04-14T12:32:33.319,4.004302740353509,4.005569458339778,4.003639221408321,4.003883123629279,0.04458714946259462,2.689212720943246,3.4809114623612913,2.2745133802004602,2.426952268299587,-49.442660631717565
2026-04-14T12:32:33.428,4.004302740353509,4.005569458339778,4.003639221408321,4.003883123629279,0.04458714946259462,2.689212720943246,3.4809114623612913,2.2745133802004602,2.426952268299587,-49.442660631717565
2026-04-14T12:32:33.538,4.00380182288896,4.0054461959270355,4.00369954131243,4.0033376218877805,0.04351168053083355,2.376139305599878,3.4038724543972165,2.3122133202685413,2.0860136798628304,-49.45610399336458
2026-04-14T12:32:33.645,4.00380182288896,4.0054461959270355,4.00369954131243,4.0033376218877805,0.04351168053083355,2.376139305599878,3.4038724543972165,2.3122133202685413,2.0860136798628304,-49.45610399336458
2026-04-14T12:32:33.755,4.00380182288896,4.0054461959270355,4.00369954131243,4.0033376218877805,0.04351168053083355,2.376139305599878,3.4038724543972165,2.3122133202685413,2.0860136798628304,-49.45610399336458
2026-04-14T12:32:33.863,4.003807068098013,4.005926132555373,4.004300117748983,4.00372052214864,0.035336125040316475,2.379417561257924,3.7038328471084014,2.687573593114223,2.325326342900169,-49.55829843699605
2026-04-14T12:32:33.971,4.003807068098013,4.005926132555373,4.004300117748983,4.00372052214864,0.035336125040316475,2.379417561257924,3.7038328471084014,2.687573593114223,2.325326342900169,-49.55829843699605
2026-04-14T12:32:34.080,4.003807068098013,4.005926132555373,4.004300117748983,4.00372052214864,0.035336125040316475,2.379417561257924,3.7038328471084014,2.687573593114223,2.325326342900169,-49.55829843699605
2026-04-14T12:32:34.190,4.004349947234985,4.0053019526780815,4.00425815607656,4.00375723861201,0.03867704936074093,2.7187170218656576,3.3137204238009588,2.661347547849857,2.3482741325064893,-49.516536882990735
2026-04-14T12:32:34.298,4.004349947234985,4.0053019526780815,4.00425815607656,4.00375723861201,0.03867704936074093,2.7187170218656576,3.3137204238009588,2.661347547849857,2.3482741325064893,-49.516536882990735
2026-04-14T12:32:34.406,4.004349947234985,4.0053019526780815,4.00425815607656,4.00375723861201,0.03867704936074093,2.7187170218656576,3.3137204238009588,2.661347547849857,2.3482741325064893,-49.516536882990735
2026-04-14T12:32:34.515,4.003578901504213,4.005926132555373,4.004234552635822,4.003749370798431,0.031950389514401975,2.2368134401329343,3.7038328471084014,2.6465953973886513,2.3433567490194207,-49.60062013106998
2026-04-14T12:32:34.624,4.003578901504213,4.005926132555373,4.004234552635822,4.003749370798431,0.031950389514401975,2.2368134401329343,3.7038328471084014,2.6465953973886513,2.3433567490194207,-49.60062013106998
2026-04-14T12:32:34.734,4.003578901504213,4.005926132555373,4.004234552635822,4.003749370798431,0.031950389514401975,2.2368134401329343,3.7038328471084014,2.6465953973886513,2.3433567490194207,-49.60062013106998
2026-04-14T12:32:34.842,4.003694296103376,4.005598306989569,4.003904104465491,4.003783464657275,0.026553128764267683,2.3089350646099405,3.498941868480543,2.44006529093177,2.364665410796718,-49.668085890446655
2026-04-14T12:32:34.950,4.003694296103376,4.005598306989569,4.003904104465491,4.003783464657275,0.026553128764267683,2.3089350646099405,3.498941868480543,2.44006529093177,2.364665410796718,-49.668085890446655
2026-04-14T12:32:35.076,4.003694296103376,4.005598306989569,4.003904104465491,4.003783464657275,0.026553128764267683,2.3089350646099405,3.498941868480543,2.44006529093177,2.364665410796718,-49.668085890446655
2026-04-14T12:32:35.186,4.003657579640006,4.005666494707257,4.004050970318971,4.0041034224095,0.03634188765242637,2.2859872750036203,3.5415591920356926,2.5318564493570506,2.564639005937508,-49.54572640434467
2026-04-14T12:32:35.295,4.003657579640006,4.005666494707257,4.004050970318971,4.0041034224095,0.03634188765242637,2.2859872750036203,3.5415591920356926,2.5318564493570506,2.564639005937508,-49.54572640434467
2026-04-14T12:32:35.404,4.003657579640006,4.005666494707257,4.004050970318971,4.0041034224095,0.03634188765242637,2.2859872750036203,3.5415591920356926,2.5318564493570506,2.564639005937508,-49.54572640434467
2026-04-14T12:32:35.513,4.0041060450140264,4.005231142355868,4.003597259735898,4.004077196364236,0.028475031577507384,2.566278133766531,3.2694639724173413,2.2482873349360943,2.5482477276472792,-49.64406210528116
2026-04-14T12:32:35.623,4.0041060450140264,4.005231142355868,4.003597259735898,4.004077196364236,0.028475031577507384,2.566278133766531,3.2694639724173413,2.2482873349360943,2.5482477276472792,-49.64406210528116
2026-04-14T12:32:35.732,4.0041060450140264,4.005231142355868,4.003597259735898,4.004077196364236,0.028475031577507384,2.566278133766531,3.2694639724173413,2.2482873349360943,2.5482477276472792,-49.64406210528116
2026-04-14T12:32:35.841,4.003198623847879,4.005708456379679,4.004001140832969,4.003859520188541,0.029844262856369867,1.9991399049246183,3.5677852372995034,2.500713020605616,2.412200117838381,-49.62694671429538
2026-04-14T12:32:35.951,4.003198623847879,4.005708456379679,4.004001140832969,4.003859520188541,0.029844262856369867,1.9991399049246183,3.5677852372995034,2.500713020605616,2.412200117838381,-49.62694671429538
2026-04-14T12:32:36.060,4.003198623847879,4.005708456379679,4.004001140832969,4.003859520188541,0.029844262856369867,1.9991399049246183,3.5677852372995034,2.500713020605616,2.412200117838381,-49.62694671429538
2026-04-14T12:32:36.169,4.003814935911592,4.005396366441033,4.004069328550656,4.003555298063475,0.025801296316601375,2.3843349447449924,3.372729025645782,2.5433303441602106,2.2220612896717284,-49.67748379604248
2026-04-14T12:32:36.279,4.003814935911592,4.005396366441033,4.004069328550656,4.003555298063475,0.025801296316601375,2.3843349447449924,3.372729025645782,2.5433303441602106,2.2220612896717284,-49.67748379604248
2026-04-14T12:32:36.388,4.003814935911592,4.005396366441033,4.004069328550656,4.003555298063475,0.025801296316601375,2.3843349447449924,3.372729025645782,2.5433303441602106,2.2220612896717284,-49.67748379604248
2026-04-14T12:32:36.498,4.003725767357693,4.005482912390406,4.004016876460128,4.003453016486944,0.022156651603411064,2.328604598558215,3.4268202440035367,2.5105477875797533,2.1581353043398366,-49.72304185495736
2026-04-14T12:32:36.607,4.003725767357693,4.005482912390406,4.004016876460128,4.003453016486944,0.022156651603411064,2.328604598558215,3.4268202440035367,2.5105477875797533,2.1581353043398366,-49.72304185495736
2026-04-14T12:32:36.731,4.003725767357693,4.005482912390406,4.004016876460128,4.003453016486944,0.022156651603411064,2.328604598558215,3.4268202440035367,2.5105477875797533,2.1581353043398366,-49.72304185495736
2026-04-14T12:32:36.826,4.0036680700581115,4.005642891266518,4.003972292183178,4.0038542749794885,0.02948079418961728,2.292543786319712,3.5268070415739317,2.4826826144863645,2.4089218621803354,-49.63149007262979
2026-04-14T12:32:36.947,4.0036680700581115,4.005642891266518,4.003972292183178,4.0038542749794885,0.02948079418961728,2.292543786319712,3.5268070415739317,2.4826826144863645,2.4089218621803354,-49.63149007262979
2026-04-14T12:32:37.057,4.0036680700581115,4.005642891266518,4.003972292183178,4.0038542749794885,0.02948079418961728,2.292543786319712,3.5268070415739317,2.4826826144863645,2.4089218621803354,-49.63149007262979
2026-04-14T12:32:37.165,4.003644466617374,4.0055537227126194,4.003901481860964,4.004058838132551,0.03525646067500084,2.277791635858506,3.471076695387154,2.438426163102747,2.536773832844119,-49.55929424156249
2026-04-14T12:32:37.274,4.003644466617374,4.0055537227126194,4.003901481860964,4.004058838132551,0.03525646067500084,2.277791635858506,3.471076695387154,2.438426163102747,2.536773832844119,-49.55929424156249
2026-04-14T12:32:37.383,4.003644466617374,4.0055537227126194,4.003901481860964,4.004058838132551,0.03525646067500084,2.277791635858506,3.471076695387154,2.438426163102747,2.536773832844119,-49.55929424156249
2026-04-14T12:32:37.493,4.004113912827606,4.005808115351684,4.0041060450140264,4.003460884300523,0.030601074326868406,2.5711955172535994,3.6300720948023724,2.566278133766531,2.163052687826905,-49.617486570914146
2026-04-14T12:32:37.603,4.004113912827606,4.005808115351684,4.0041060450140264,4.003460884300523,0.030601074326868406,2.5711955172535994,3.6300720948023724,2.566278133766531,2.163052687826905,-49.617486570914146
2026-04-14T12:32:37.712,4.004113912827606,4.005808115351684,4.0041060450140264,4.003460884300523,0.030601074326868406,2.5711955172535994,3.6300720948023724,2.566278133766531,2.163052687826905,-49.617486570914146
2026-04-14T12:32:37.821,4.003620863176636,4.0055301192718815,4.0042214396131905,4.003476619927682,0.032353690363812374,2.2630394853973,3.4563245449259483,2.638399758244092,2.1728874548010424,-49.59557887045234
2026-04-14T12:32:37.930,4.003620863176636,4.0055301192718815,4.0042214396131905,4.003476619927682,0.032353690363812374,2.2630394853973,3.4563245449259483,2.638399758244092,2.1728874548010424,-49.59557887045234
2026-04-14T12:32:38.038,4.003620863176636,4.0055301192718815,4.0042214396131905,4.003476619927682,0.032353690363812374,2.2630394853973,3.4563245449259483,2.638399758244092,2.1728874548010424,-49.59557887045234
2026-04-14T12:32:38.146,4.003953933951494,4.005551100108093,4.0038123133070656,4.003602504944951,0.024750722499001433,2.4712087196837595,3.4694375675581313,2.3826958169159695,2.25156559059414,-49.69061596876248
2026-04-14T12:32:38.255,4.003953933951494,4.005551100108093,4.0038123133070656,4.003602504944951,0.024750722499001433,2.4712087196837595,3.4694375675581313,2.3826958169159695,2.25156559059414,-49.69061596876248
2026-04-14T12:32:38.363,4.003953933951494,4.005551100108093,4.0038123133070656,4.003602504944951,0.024750722499001433,2.4712087196837595,3.4694375675581313,2.3826958169159695,2.25156559059414,-49.69061596876248
2026-04-14T12:32:38.472,4.004266023890139,4.005404234254613,4.003526449413684,4.003807068098013,0.023321742946152225,2.6662649313369258,3.3776464091328506,2.204030883552477,2.379417561257924,-49.708478213173095
2026-04-14T12:32:38.581,4.004266023890139,4.005404234254613,4.003526449413684,4.003807068098013,0.023321742946152225,2.6662649313369258,3.3776464091328506,2.204030883552477,2.379417561257924,-49.708478213173095
2026-04-14T12:32:38.689,4.004266023890139,4.005404234254613,4.003526449413684,4.003807068098013,0.023321742946152225,2.6662649313369258,3.3776464091328506,2.204030883552477,2.379417561257924,-49.708478213173095
2026-04-14T12:32:38.799,4.0038778784202265,4.005425215090824,4.003759861216538,4.003489732950314,0.033757774802500445,2.4236740126415413,3.3907594317650336,2.3499132603360673,2.1810830939461567,-49.57802781496874
2026-04-14T12:32:38.908,4.0038778784202265,4.005425215090824,4.003759861216538,4.003489732950314,0.033757774802500445,2.4236740126415413,3.3907594317650336,2.3499132603360673,2.1810830939461567,-49.57802781496874
2026-04-14T12:32:39.016,4.0038778784202265,4.005425215090824,4.003759861216538,4.003489732950314,0.033757774802500445,2.4236740126415413,3.3907594317650336,2.3499132603360673,2.1810830939461567,-49.57802781496874
2026-04-14T12:32:39.124,4.003686428289797,4.00532555611882,4.003586769317792,4.003723144753167,0.038308601671156114,2.304017681122872,3.3284725742627197,2.241730823620003,2.326965470729192,-49.521142479110544
2026-04-14T12:32:39.233,4.003686428289797,4.00532555611882,4.003586769317792,4.003723144753167,0.038308601671156114,2.304017681122872,3.3284725742627197,2.241730823620003,2.326965470729192,-49.521142479110544
2026-04-14T12:32:39.343,4.003686428289797,4.00532555611882,4.003586769317792,4.003723144753167,0.038308601671156114,2.304017681122872,3.3284725742627197,2.241730823620003,2.326965470729192,-49.521142479110544
2026-04-14T12:32:39.452,4.00425815607656,4.005653381684625,4.003741502984852,4.004174232731714,0.04603106608394051,2.661347547849857,3.5333635528905782,2.338439365532352,2.6088954573211254,-49.42461167395074
2026-04-14T12:32:39.561,4.00425815607656,4.005653381684625,4.003741502984852,4.004174232731714,0.04603106608394051,2.661347547849857,3.5333635528905782,2.338439365532352,2.6088954573211254,-49.42461167395074
2026-04-14T12:32:39.670,4.00425815607656,4.005653381684625,4.003741502984852,4.004174232731714,0.04603106608394051,2.661347547849857,3.5333635528905782,2.338439365532352,2.6088954573211254,-49.42461167395074
2026-04-14T12:32:39.779,4.003534317227263,4.005252123192079,4.003930330510755,4.003282547192725,0.04586675833047701,2.2089482670395455,3.2825769950495243,2.4564565692219986,2.05159199545335,-49.42666552086904
2026-04-14T12:32:39.888,4.003534317227263,4.005252123192079,4.003930330510755,4.003282547192725,0.04586675833047701,2.2089482670395455,3.2825769950495243,2.4564565692219986,2.05159199545335,-49.42666552086904
2026-04-14T12:32:40.000,4.003534317227263,4.005252123192079,4.003930330510755,4.003282547192725,0.04586675833047701,2.2089482670395455,3.2825769950495243,2.4564565692219986,2.05159199545335,-49.42666552086904
2026-04-14T12:32:40.122,4.0039801599967575,4.005480289785879,4.003631353594741,4.003731012566746,0.04188851908752748,2.487599997973433,3.425181116174514,2.2695959967133916,2.3318828542162606,-49.47639351140591
2026-04-14T12:32:40.230,4.0039801599967575,4.005480289785879,4.003631353594741,4.003731012566746,0.04188851908752748,2.487599997973433,3.425181116174514,2.2695959967133916,2.3318828542162606,-49.47639351140591
2026-04-14T12:32:40.338,4.0039801599967575,4.005480289785879,4.003631353594741,4.003731012566746,0.04188851908752748,2.487599997973433,3.425181116174514,2.2695959967133916,2.3318828542162606,-49.47639351140591
2026-04-14T12:32:40.447,4.003856897584015,4.005894661301056,4.004071951155183,4.003775596843695,0.03765137065730212,2.4105609900093583,3.684163313160127,2.5449694719892335,2.3597480273096494,-49.52935786678373
2026-04-14T12:32:40.555,4.003856897584015,4.005894661301056,4.004071951155183,4.003775596843695,0.03765137065730212,2.4105609900093583,3.684163313160127,2.5449694719892335,2.3597480273096494,-49.52935786678373
2026-04-14T12:32:40.663,4.003856897584015,4.005894661301056,4.004071951155183,4.003775596843695,0.03765137065730212,2.4105609900093583,3.684163313160127,2.5449694719892335,2.3597480273096494,-49.52935786678373
2026-04-14T12:32:40.772,4.003571033690633,4.005771398888314,4.003828048934224,4.004037857296339,0.030023507678330046,2.2318960566458657,3.607124305196052,2.3925305838901068,2.5236608102119362,-49.62470615402088
2026-04-14T12:32:40.882,4.003571033690633,4.005771398888314,4.003828048934224,4.004037857296339,0.030023507678330046,2.2318960566458657,3.607124305196052,2.3925305838901068,2.5236608102119362,-49.62470615402088
2026-04-14T12:32:40.991,4.003571033690633,4.005771398888314,4.003828048934224,4.004037857296339,0.030023507678330046,2.2318960566458657,3.607124305196052,2.3925305838901068,2.5236608102119362,-49.62470615402088
2026-04-14T12:32:41.099,4.003654957035479,4.005905151719162,4.003494978159367,4.003788709866328,0.03497763539639612,2.2843481471745974,3.6907198244762185,2.1843613496042025,2.3679436664547637,-49.56277955754505
2026-04-14T12:32:41.201,4.003654957035479,4.005905151719162,4.003494978159367,4.003788709866328,0.03497763539639612,2.2843481471745974,3.6907198244762185,2.1843613496042025,2.3679436664547637,-49.56277955754505
2026-04-14T12:32:41.315,4.003654957035479,4.005905151719162,4.003494978159367,4.003788709866328,0.03497763539639612,2.2843481471745974,3.6907198244762185,2.1843613496042025,2.3679436664547637,-49.56277955754505
2026-04-14T12:32:41.425,4.0044128897436195,4.005684852938941,4.00391197227907,4.003644466617374,0.03137282286586362,2.7580560897622064,3.5530330868382975,2.4449826744188385,2.277791635858506,-49.607839714176706
2026-04-14T12:32:41.532,4.0044128897436195,4.005684852938941,4.00391197227907,4.003644466617374,0.03137282286586362,2.7580560897622064,3.5530330868382975,2.4449826744188385,2.277791635858506,-49.607839714176706
2026-04-14T12:32:41.643,4.0044128897436195,4.005684852938941,4.00391197227907,4.003644466617374,0.03137282286586362,2.7580560897622064,3.5530330868382975,2.4449826744188385,2.277791635858506,-49.607839714176706
2026-04-14T12:32:41.751,4.0042502882629805,4.00539112123198,4.003754616007484,4.003358602723992,0.025288456964881974,2.6564301643627886,3.3694507699877363,2.3466350046774664,2.0991267024950133,-49.683894287938976
2026-04-14T12:32:41.861,4.0042502882629805,4.00539112123198,4.003754616007484,4.003358602723992,0.025288456964881974,2.6564301643627886,3.3694507699877363,2.3466350046774664,2.0991267024950133,-49.683894287938976
2026-04-14T12:32:41.971,4.0042502882629805,4.00539112123198,4.003754616007484,4.003358602723992,0.025288456964881974,2.6564301643627886,3.3694507699877363,2.3466350046774664,2.0991267024950133,-49.683894287938976
2026-04-14T12:32:42.079,4.003497600763893,4.005524874062829,4.004179477940767,4.00376510642559,0.03474362132328144,2.1860004774332253,3.4530462892679026,2.612173712979171,2.353191515993558,-49.56570473345898
2026-04-14T12:32:42.186,4.003497600763893,4.005524874062829,4.004179477940767,4.00376510642559,0.03474362132328144,2.1860004774332253,3.4530462892679026,2.612173712979171,2.353191515993558,-49.56570473345898
2026-04-14T12:32:42.296,4.003497600763893,4.005524874062829,4.004179477940767,4.00376510642559,0.03474362132328144,2.1860004774332253,3.4530462892679026,2.612173712979171,2.353191515993558,-49.56570473345898
2026-04-14T12:32:42.404,4.004127025850238,4.005351782164084,4.003534317227263,4.003492355554841,0.032771928281719466,2.5793911563987137,3.3448638525523933,2.2089482670395455,2.1827222217757347,-49.590350896478505
2026-04-14T12:32:42.515,4.004127025850238,4.005351782164084,4.003534317227263,4.003492355554841,0.032771928281719466,2.5793911563987137,3.3448638525523933,2.2089482670395455,2.1827222217757347,-49.590350896478505
2026-04-14T12:32:42.623,4.004127025850238,4.005351782164084,4.003534317227263,4.003492355554841,0.032771928281719466,2.5793911563987137,3.3448638525523933,2.2089482670395455,2.1827222217757347,-49.590350896478505
2026-04-14T12:32:42.732,4.003544807645369,4.0057005885661,4.003489732950314,4.003513336391052,0.0342606561085554,2.215504778355637,3.5628678538124348,2.1810830939461567,2.1958352444073626,-49.57174179864306
2026-04-14T12:32:42.856,4.003544807645369,4.0057005885661,4.003489732950314,4.003513336391052,0.0342606561085554,2.215504778355637,3.5628678538124348,2.1810830939461567,2.1958352444073626,-49.57174179864306
2026-04-14T12:32:42.950,4.003544807645369,4.0057005885661,4.003489732950314,4.003513336391052,0.0342606561085554,2.215504778355637,3.5628678538124348,2.1810830939461567,2.1958352444073626,-49.57174179864306
2026-04-14T12:32:43.073,4.004095554595921,4.005826473583369,4.004384041093829,4.003555298063475,0.04180885472221184,2.5597216224504393,3.6415459896055324,2.740025683642955,2.2220612896717284,-49.47738931597235
2026-04-14T12:32:43.182,4.004095554595921,4.005826473583369,4.004384041093829,4.003555298063475,0.04180885472221184,2.5597216224504393,3.6415459896055324,2.740025683642955,2.2220612896717284,-49.47738931597235
2026-04-14T12:32:43.291,4.004095554595921,4.005826473583369,4.004384041093829,4.003555298063475,0.04180885472221184,2.5597216224504393,3.6415459896055324,2.740025683642955,2.2220612896717284,-49.47738931597235
2026-04-14T12:32:43.400,4.003867388002121,4.005543232294514,4.003906727070017,4.003906727070017,0.04153002944360711,2.41711750132545,3.4645201840710627,2.441704418760793,2.441704418760793,-49.48087463195491
2026-04-14T12:32:43.507,4.003867388002121,4.005543232294514,4.003906727070017,4.003906727070017,0.04153002944360711,2.41711750132545,3.4645201840710627,2.441704418760793,2.441704418760793,-49.48087463195491
2026-04-14T12:32:43.615,4.003867388002121,4.005543232294514,4.003906727070017,4.003906727070017,0.04153002944360711,2.41711750132545,3.4645201840710627,2.441704418760793,2.441704418760793,-49.48087463195491
2026-04-14T12:32:43.725,4.003492355554841,4.005440950717983,4.004224062217716,4.00361037275853,0.043616240010310316,2.1827222217757347,3.400594198739171,2.64003888607256,2.2564829740812087,-49.45479699987112
2026-04-14T12:32:43.833,4.003492355554841,4.005440950717983,4.004224062217716,4.00361037275853,0.043616240010310316,2.1827222217757347,3.400594198739171,2.64003888607256,2.2564829740812087,-49.45479699987112
2026-04-14T12:32:43.943,4.003492355554841,4.005440950717983,4.004224062217716,4.00361037275853,0.043616240010310316,2.1827222217757347,3.400594198739171,2.64003888607256,2.2564829740812087,-49.45479699987112
2026-04-14T12:32:44.051,4.004132271059291,4.005823850978842,4.0038962366519115,4.0036470892219,0.039727623178340866,2.5826694120567595,3.6399068617765096,2.4351479074447013,2.279430763687529,-49.503404710270736
2026-04-14T12:32:44.162,4.004132271059291,4.005823850978842,4.0038962366519115,4.0036470892219,0.039727623178340866,2.5826694120567595,3.6399068617765096,2.4351479074447013,2.279430763687529,-49.503404710270736
2026-04-14T12:32:44.271,4.004132271059291,4.005823850978842,4.0038962366519115,4.0036470892219,0.039727623178340866,2.5826694120567595,3.6399068617765096,2.4351479074447013,2.279430763687529,-49.503404710270736
2026-04-14T12:32:44.379,4.00372052214864,4.005514383644723,4.004318475980668,4.004339456816879,0.042799680265825056,2.325326342900169,3.446489777951811,2.699047487917383,2.712160510549566,-49.46500399667719
2026-04-14T12:32:44.488,4.00372052214864,4.005514383644723,4.004318475980668,4.004339456816879,0.042799680265825056,2.325326342900169,3.446489777951811,2.699047487917383,2.712160510549566,-49.46500399667719
2026-04-14T12:32:44.596,4.00372052214864,4.005514383644723,4.004318475980668,4.004339456816879,0.042799680265825056,2.325326342900169,3.446489777951811,2.699047487917383,2.712160510549566,-49.46500399667719
2026-04-14T12:32:44.707,4.003571033690633,4.005393743836507,4.004155874500029,4.00383853935233,0.03562988738741788,2.2318960566458657,3.371089897816759,2.5974215625179653,2.3990870952061982,-49.554626407657274
2026-04-14T12:32:44.817,4.003571033690633,4.005393743836507,4.004155874500029,4.00383853935233,0.03562988738741788,2.2318960566458657,3.371089897816759,2.5974215625179653,2.3990870952061982,-49.554626407657274
2026-04-14T12:32:44.926,4.003571033690633,4.005393743836507,4.004155874500029,4.00383853935233,0.03562988738741788,2.2318960566458657,3.371089897816759,2.5974215625179653,2.3990870952061982,-49.554626407657274
2026-04-14T12:32:45.033,4.003390073978309,4.005398989045561,4.004132271059291,4.003542185040843,0.03767128674863103,2.1187962364432877,3.37436815347536,2.5826694120567595,2.213865650526614,-49.52910891564211
2026-04-14T12:32:45.142,4.003390073978309,4.005398989045561,4.004132271059291,4.003542185040843,0.03767128674863103,2.1187962364432877,3.37436815347536,2.5826694120567595,2.213865650526614,-49.52910891564211
2026-04-14T12:32:45.250,4.003390073978309,4.005398989045561,4.004132271059291,4.003542185040843,0.03767128674863103,2.1187962364432877,3.37436815347536,2.5826694120567595,2.213865650526614,-49.52910891564211
2026-04-14T12:32:45.360,4.003862142793068,4.005839586606001,4.003817558516118,4.003298282819885,0.035520348885108875,2.413839245667404,3.649741628750647,2.3859740725740153,2.0614267624280425,-49.55599563893614
2026-04-14T12:32:45.470,4.003862142793068,4.005839586606001,4.003817558516118,4.003298282819885,0.035520348885108875,2.413839245667404,3.649741628750647,2.3859740725740153,2.0614267624280425,-49.55599563893614
2026-04-14T12:32:45.578,4.003862142793068,4.005839586606001,4.003817558516118,4.003298282819885,0.035520348885108875,2.413839245667404,3.649741628750647,2.3859740725740153,2.0614267624280425,-49.55599563893614
2026-04-14T12:32:45.687,4.003704786521482,4.0057005885661,4.004593849455944,4.0034818651367345,0.03475357936894589,2.315491575926032,3.5628678538124348,2.8711559099647843,2.176165710459088,-49.56558025788817
2026-04-14T12:32:45.797,4.003704786521482,4.0057005885661,4.004593849455944,4.0034818651367345,0.03475357936894589,2.315491575926032,3.5628678538124348,2.8711559099647843,2.176165710459088,-49.56558025788817
2026-04-14T12:32:45.906,4.003704786521482,4.0057005885661,4.004593849455944,4.0034818651367345,0.03475357936894589,2.315491575926032,3.5628678538124348,2.8711559099647843,2.176165710459088,-49.56558025788817
2026-04-14T12:32:46.015,4.003820181120646,4.0053675177912424,4.004533529551836,4.004134893663817,0.03798496518706135,2.3876132004035933,3.3546986195265305,2.8334559698972583,2.5843085398857824,-49.52518793516173
2026-04-14T12:32:46.124,4.003820181120646,4.0053675177912424,4.004533529551836,4.004134893663817,0.03798496518706135,2.3876132004035933,3.3546986195265305,2.8334559698972583,2.5843085398857824,-49.52518793516173
2026-04-14T12:32:46.234,4.003820181120646,4.0053675177912424,4.004533529551836,4.004134893663817,0.03798496518706135,2.3876132004035933,3.3546986195265305,2.8334559698972583,2.5843085398857824,-49.52518793516173
2026-04-14T12:32:46.343,4.004069328550656,4.005475044576826,4.003846407165909,4.003557920668001,0.04057405705981949,2.5433303441602106,3.421902860516468,2.404004478693267,2.2237004175007513,-49.49282428675226
2026-04-14T12:32:46.451,4.004069328550656,4.005475044576826,4.003846407165909,4.003557920668001,0.04057405705981949,2.5433303441602106,3.421902860516468,2.404004478693267,2.2237004175007513,-49.49282428675226
2026-04-14T12:32:46.561,4.004069328550656,4.005475044576826,4.003846407165909,4.003557920668001,0.04057405705981949,2.5433303441602106,3.421902860516468,2.404004478693267,2.2237004175007513,-49.49282428675226
2026-04-14T12:32:46.669,4.003502845972946,4.005831718792422,4.003830671538751,4.003434658255259,0.04260051935253596,2.189278733091271,3.644824245263578,2.3941697117191296,2.1466614095366765,-49.467493508093305
2026-04-14T12:32:46.780,4.003502845972946,4.005831718792422,4.003830671538751,4.003434658255259,0.04260051935253596,2.189278733091271,3.644824245263578,2.3941697117191296,2.1466614095366765,-49.467493508093305
2026-04-14T12:32:46.891,4.003502845972946,4.005831718792422,4.003830671538751,4.003434658255259,0.04260051935253596,2.189278733091271,3.644824245263578,2.3941697117191296,2.1466614095366765,-49.467493508093305
2026-04-14T12:32:47.001,4.003652334430953,4.005676985125362,4.003807068098013,4.0037519934029575,0.03297606821784078,2.2827090193455746,3.548115703351229,2.379417561257924,2.3449958768484436,-49.58779914727699
2026-04-14T12:32:47.109,4.003652334430953,4.005676985125362,4.003807068098013,4.0037519934029575,0.03297606821784078,2.2827090193455746,3.548115703351229,2.379417561257924,2.3449958768484436,-49.58779914727699
2026-04-14T12:32:47.220,4.003652334430953,4.005676985125362,4.003807068098013,4.0037519934029575,0.03297606821784078,2.2827090193455746,3.548115703351229,2.379417561257924,2.3449958768484436,-49.58779914727699
2026-04-14T12:32:47.329,4.003946066137914,4.00585532223316,4.003988027810337,4.003314018447043,0.03387727135047391,2.466291336196136,3.659576395724784,2.4925173814605017,2.0712615294016246,-49.57653410811908
2026-04-14T12:32:47.438,4.003946066137914,4.00585532223316,4.003988027810337,4.003314018447043,0.03387727135047391,2.466291336196136,3.659576395724784,2.4925173814605017,2.0712615294016246,-49.57653410811908
2026-04-14T12:32:47.546,4.003946066137914,4.00585532223316,4.003988027810337,4.003314018447043,0.03387727135047391,2.466291336196136,3.659576395724784,2.4925173814605017,2.0712615294016246,-49.57653410811908
2026-04-14T12:32:47.656,4.004095554595921,4.0052442553785,4.004011631251075,4.0029888154857645,0.031930473423073064,2.5597216224504393,3.2776596115624557,2.5072695319217075,1.8680096786027889,-49.60086908221159
2026-04-14T12:32:47.765,4.004095554595921,4.0052442553785,4.004011631251075,4.0029888154857645,0.031930473423073064,2.5597216224504393,3.2776596115624557,2.5072695319217075,1.8680096786027889,-49.60086908221159
2026-04-14T12:32:47.875,4.004095554595921,4.0052442553785,4.004011631251075,4.0029888154857645,0.031930473423073064,2.5597216224504393,3.2776596115624557,2.5072695319217075,1.8680096786027889,-49.60086908221159
2026-04-14T12:32:47.984,4.003654957035479,4.005616665221254,4.003940820928861,4.003633976199268,0.03450462822733453,2.2843481471745974,3.510415763283703,2.46301308053809,2.2712351245424145,-49.568692147158316
2026-04-14T12:32:48.094,4.003654957035479,4.005616665221254,4.003940820928861,4.003633976199268,0.03450462822733453,2.2843481471745974,3.510415763283703,2.46301308053809,2.2712351245424145,-49.568692147158316
2026-04-14T12:32:48.202,4.003654957035479,4.005616665221254,4.003940820928861,4.003633976199268,0.03450462822733453,2.2843481471745974,3.510415763283703,2.46301308053809,2.2712351245424145,-49.568692147158316
2026-04-14T12:32:48.311,4.003400564396415,4.005666494707257,4.0044784548567804,4.0033376218877805,0.0378106993879334,2.125352747759379,3.5415591920356926,2.799034285487778,2.0860136798628304,-49.52736625765083
2026-04-14T12:32:48.420,4.003400564396415,4.005666494707257,4.0044784548567804,4.0033376218877805,0.0378106993879334,2.125352747759379,3.5415591920356926,2.799034285487778,2.0860136798628304,-49.52736625765083
2026-04-14T12:32:48.530,4.003400564396415,4.005666494707257,4.0044784548567804,4.0033376218877805,0.0378106993879334,2.125352747759379,3.5415591920356926,2.799034285487778,2.0860136798628304,-49.52736625765083
2026-04-14T12:32:48.637,4.004032612087286,4.0056743625208355,4.004182100545293,4.003282547192725,0.037492041926670855,2.5203825545538905,3.546476575522206,2.613812840808194,2.05159199545335,-49.53134947591661
2026-04-14T12:32:48.747,4.004032612087286,4.0056743625208355,4.004182100545293,4.003282547192725,0.037492041926670855,2.5203825545538905,3.546476575522206,2.613812840808194,2.05159199545335,-49.53134947591661
2026-04-14T12:32:48.868,4.004032612087286,4.0056743625208355,4.004182100545293,4.003282547192725,0.037492041926670855,2.5203825545538905,3.546476575522206,2.613812840808194,2.05159199545335,-49.53134947591661
2026-04-14T12:32:48.978,4.004323721189721,4.005173445056286,4.004365682862144,4.003046512785346,0.04586177930764478,2.702325743575429,3.233403160178838,2.7285517888397948,1.904070490841292,-49.426727758654444
2026-04-14T12:32:49.086,4.004323721189721,4.005173445056286,4.004365682862144,4.003046512785346,0.04586177930764478,2.702325743575429,3.233403160178838,2.7285517888397948,1.904070490841292,-49.426727758654444
2026-04-14T12:32:49.196,4.004323721189721,4.005173445056286,4.004365682862144,4.003046512785346,0.04586177930764478,2.702325743575429,3.233403160178838,2.7285517888397948,1.904070490841292,-49.426727758654444
2026-04-14T12:32:49.305,4.003510713786525,4.005926132555373,4.004300117748983,4.003376960955677,0.03199022169705979,2.1941961165783397,3.7038328471084014,2.687573593114223,2.1106005972981734,-49.60012222878675
2026-04-14T12:32:49.415,4.003510713786525,4.005926132555373,4.004300117748983,4.003376960955677,0.03199022169705979,2.1941961165783397,3.7038328471084014,2.687573593114223,2.1106005972981734,-49.60012222878675
2026-04-14T12:32:49.526,4.003510713786525,4.005926132555373,4.004300117748983,4.003376960955677,0.03199022169705979,2.1941961165783397,3.7038328471084014,2.687573593114223,2.1106005972981734,-49.60012222878675
2026-04-14T12:32:49.634,4.003476619927682,4.005315065700714,4.004014253855601,4.003550052854422,0.049187766559572556,2.1728874548010424,3.321916062946073,2.5089086597507304,2.2187830340136827,-49.385152918005346
2026-04-14T12:32:49.742,4.003476619927682,4.005315065700714,4.004014253855601,4.003550052854422,0.049187766559572556,2.1728874548010424,3.321916062946073,2.5089086597507304,2.2187830340136827,-49.385152918005346
2026-04-14T12:32:49.850,4.003476619927682,4.005315065700714,4.004014253855601,4.003550052854422,0.049187766559572556,2.1728874548010424,3.321916062946073,2.5089086597507304,2.2187830340136827,-49.385152918005346
2026-04-14T12:32:49.960,4.003269434170093,4.005485534994932,4.004192590963399,4.003589391922318,0.05343985205829459,2.043396356308236,3.4284593718325596,2.6203693521242855,2.2433699514490257,-49.332001849271315
2026-04-14T12:32:50.069,4.003269434170093,4.005485534994932,4.004192590963399,4.003589391922318,0.05343985205829459,2.043396356308236,3.4284593718325596,2.6203693521242855,2.2433699514490257,-49.332001849271315
2026-04-14T12:32:50.177,4.003269434170093,4.005485534994932,4.004192590963399,4.003589391922318,0.05343985205829459,2.043396356308236,3.4284593718325596,2.6203693521242855,2.2433699514490257,-49.332001849271315
2026-04-14T12:32:50.287,4.003736257775799,4.005322933514293,4.003885746233806,4.003702163916955,0.05259341817681597,2.3351611098743064,3.3268334464331417,2.42859139612861,2.313852448097009,-49.3425822727898
2026-04-14T12:32:50.394,4.003736257775799,4.005322933514293,4.003885746233806,4.003702163916955,0.05259341817681597,2.3351611098743064,3.3268334464331417,2.42859139612861,2.313852448097009,-49.3425822727898
2026-04-14T12:32:50.502,4.003736257775799,4.005322933514293,4.003885746233806,4.003702163916955,0.05259341817681597,2.3351611098743064,3.3268334464331417,2.42859139612861,2.313852448097009,-49.3425822727898
2026-04-14T12:32:50.611,4.003615617967583,4.005454063740615,4.004237175240348,4.003348112305886,0.040091091845093456,2.2597612297392544,3.408789837884285,2.648234525217674,2.092570191178922,-49.49886135193633
2026-04-14T12:32:50.720,4.003615617967583,4.005454063740615,4.004237175240348,4.003348112305886,0.040091091845093456,2.2597612297392544,3.408789837884285,2.648234525217674,2.092570191178922,-49.49886135193633
2026-04-14T12:32:50.829,4.003615617967583,4.005454063740615,4.004237175240348,4.003348112305886,0.040091091845093456,2.2597612297392544,3.408789837884285,2.648234525217674,2.092570191178922,-49.49886135193633
2026-04-14T12:32:50.937,4.003508091181999,4.005829096187895,4.003599882340424,4.003717899544114,0.0500192633725545,2.192556988749317,3.6431851174345553,2.249926462765117,2.3236872150711463,-49.37475920784307
2026-04-14T12:32:51.046,4.003508091181999,4.005829096187895,4.003599882340424,4.003717899544114,0.0500192633725545,2.192556988749317,3.6431851174345553,2.249926462765117,2.3236872150711463,-49.37475920784307
2026-04-14T12:32:51.155,4.003508091181999,4.005829096187895,4.003599882340424,4.003717899544114,0.0500192633725545,2.192556988749317,3.6431851174345553,2.249926462765117,2.3236872150711463,-49.37475920784307
2026-04-14T12:32:51.265,4.003340244492307,4.005333423932399,4.004465341834148,4.00357365629516,0.04755464707060204,2.0876528076918532,3.333389957749233,2.7908386463426638,2.2335351844748885,-49.40556691161748
2026-04-14T12:32:51.373,4.003340244492307,4.005333423932399,4.004465341834148,4.00357365629516,0.04755464707060204,2.0876528076918532,3.333389957749233,2.7908386463426638,2.2335351844748885,-49.40556691161748
2026-04-14T12:32:51.484,4.003340244492307,4.005333423932399,4.004465341834148,4.00357365629516,0.04755464707060204,2.0876528076918532,3.333389957749233,2.7908386463426638,2.2335351844748885,-49.40556691161748
2026-04-14T12:32:51.595,4.003510713786525,4.005569458339778,4.003982782601284,4.003660202244532,0.0462302269972296,2.1941961165783397,3.4809114623612913,2.489239125802456,2.287626402832643,-49.422122162534635
2026-04-14T12:32:51.705,4.003510713786525,4.005569458339778,4.003982782601284,4.003660202244532,0.0462302269972296,2.1941961165783397,3.4809114623612913,2.489239125802456,2.287626402832643,-49.422122162534635
2026-04-14T12:32:51.813,4.003510713786525,4.005569458339778,4.003982782601284,4.003660202244532,0.0462302269972296,2.1941961165783397,3.4809114623612913,2.489239125802456,2.287626402832643,-49.422122162534635
2026-04-14T12:32:51.920,4.003618240572109,4.005923509950847,4.004297495144456,4.003563165877054,0.050387711062139316,2.2614003575682773,3.7021937192793786,2.6859344652852,2.226978673158797,-49.37015361172326
2026-04-14T12:32:52.030,4.003618240572109,4.005923509950847,4.004297495144456,4.003563165877054,0.050387711062139316,2.2614003575682773,3.7021937192793786,2.6859344652852,2.226978673158797,-49.37015361172326
2026-04-14T12:32:52.140,4.003618240572109,4.005923509950847,4.004297495144456,4.003563165877054,0.050387711062139316,2.2614003575682773,3.7021937192793786,2.6859344652852,2.226978673158797,-49.37015361172326
2026-04-14T12:32:52.249,4.003696918707902,4.005498648017564,4.003820181120646,4.003775596843695,0.035191733378181884,2.3105741924389633,3.436655010977674,2.3876132004035933,2.3597480273096494,-49.56010333277273
2026-04-14T12:32:52.357,4.003696918707902,4.005498648017564,4.003820181120646,4.003775596843695,0.035191733378181884,2.3105741924389633,3.436655010977674,2.3876132004035933,2.3597480273096494,-49.56010333277273
2026-04-14T12:32:52.466,4.003696918707902,4.005498648017564,4.003820181120646,4.003775596843695,0.035191733378181884,2.3105741924389633,3.436655010977674,2.3876132004035933,2.3597480273096494,-49.56010333277273
2026-04-14T12:32:52.576,4.00353693983179,4.005503893226617,4.004134893663817,4.003552675458948,0.042261945799944516,2.2105873948685684,3.4399332666357196,2.5843085398857824,2.2204221618427056,-49.47172567750069
2026-04-14T12:32:52.698,4.00353693983179,4.005503893226617,4.004134893663817,4.003552675458948,0.042261945799944516,2.2105873948685684,3.4399332666357196,2.5843085398857824,2.2204221618427056,-49.47172567750069
2026-04-14T12:32:52.807,4.00353693983179,4.005503893226617,4.004134893663817,4.003552675458948,0.042261945799944516,2.2105873948685684,3.4399332666357196,2.5843085398857824,2.2204221618427056,-49.47172567750069
2026-04-14T12:32:52.916,4.004079818968762,4.00559043917599,4.004376173280249,4.003429413046206,0.03789534277608126,2.549886855476302,3.4940244849934743,2.7351083001558862,2.1433831538786308,-49.52630821529899
2026-04-14T12:32:53.024,4.004079818968762,4.00559043917599,4.004376173280249,4.003429413046206,0.03789534277608126,2.549886855476302,3.4940244849934743,2.7351083001558862,2.1433831538786308,-49.52630821529899
2026-04-14T12:32:53.133,4.004079818968762,4.00559043917599,4.004376173280249,4.003429413046206,0.03789534277608126,2.549886855476302,3.4940244849934743,2.7351083001558862,2.1433831538786308,-49.52630821529899
2026-04-14T12:32:53.241,4.003612995363056,4.005548477503567,4.004137516268344,4.003510713786525,0.03991184702313328,2.2581221019102315,3.4677984397291084,2.585947667714805,2.1941961165783397,-49.501101912210835
2026-04-14T12:32:53.350,4.003612995363056,4.005548477503567,4.004137516268344,4.003510713786525,0.03991184702313328,2.2581221019102315,3.4677984397291084,2.585947667714805,2.1941961165783397,-49.501101912210835
2026-04-14T12:32:53.458,4.003612995363056,4.005548477503567,4.004137516268344,4.003510713786525,0.03991184702313328,2.2581221019102315,3.4677984397291084,2.585947667714805,2.1941961165783397,-49.501101912210835
2026-04-14T12:32:53.567,4.0033795835602035,4.005467176763247,4.004071951155183,4.003293037610831,0.045881695398973694,2.1122397251271963,3.4169854770293995,2.5449694719892335,2.0581485067694416,-49.42647880751283
2026-04-14T12:32:53.676,4.0033795835602035,4.005467176763247,4.004071951155183,4.003293037610831,0.045881695398973694,2.1122397251271963,3.4169854770293995,2.5449694719892335,2.0581485067694416,-49.42647880751283
2026-04-14T12:32:53.784,4.0033795835602035,4.005467176763247,4.004071951155183,4.003293037610831,0.045881695398973694,2.1122397251271963,3.4169854770293995,2.5449694719892335,2.0581485067694416,-49.42647880751283
2026-04-14T12:32:53.893,4.004085064177815,4.00566387210273,4.00417685533624,4.003334999283254,0.04158977771759384,2.553165111134348,3.5399200642061146,2.6105345851501482,2.0843745520338075,-49.480127778530075
2026-04-14T12:32:54.001,4.004085064177815,4.00566387210273,4.00417685533624,4.003334999283254,0.04158977771759384,2.553165111134348,3.5399200642061146,2.6105345851501482,2.0843745520338075,-49.480127778530075
2026-04-14T12:32:54.111,4.004085064177815,4.00566387210273,4.00417685533624,4.003334999283254,0.04158977771759384,2.553165111134348,3.5399200642061146,2.6105345851501482,2.0843745520338075,-49.480127778530075
2026-04-14T12:32:54.219,4.003786087261801,4.005760908470208,4.004423380161725,4.0033795835602035,0.04338720496002786,2.366304538625741,3.6005677938799607,2.764612601078298,2.1122397251271963,-49.45765993799965
2026-04-14T12:32:54.328,4.003786087261801,4.005760908470208,4.004423380161725,4.0033795835602035,0.04338720496002786,2.366304538625741,3.6005677938799607,2.764612601078298,2.1122397251271963,-49.45765993799965
2026-04-14T12:32:54.437,4.003786087261801,4.005760908470208,4.004423380161725,4.0033795835602035,0.04338720496002786,2.366304538625741,3.6005677938799607,2.764612601078298,2.1122397251271963,-49.45765993799965
2026-04-14T12:32:54.545,4.003487110345787,4.005834341396948,4.004113912827606,4.003665447453585,0.042396379416414644,2.179443966117134,3.646463373092601,2.5711955172535994,2.290904658490689,-49.470045257294814
2026-04-14T12:32:54.654,4.003487110345787,4.005834341396948,4.004113912827606,4.003665447453585,0.042396379416414644,2.179443966117134,3.646463373092601,2.5711955172535994,2.290904658490689,-49.470045257294814
2026-04-14T12:32:54.763,4.003487110345787,4.005834341396948,4.004113912827606,4.003665447453585,0.042396379416414644,2.179443966117134,3.646463373092601,2.5711955172535994,2.290904658490689,-49.470045257294814
2026-04-14T12:32:54.885,4.004095554595921,4.005493402808511,4.004591226851417,4.003605127549477,0.03887123125119779,2.5597216224504393,3.433376755319628,2.8695167821357614,2.253204718423163,-49.51410960936003
2026-04-14T12:32:54.993,4.004095554595921,4.005493402808511,4.004591226851417,4.003605127549477,0.03887123125119779,2.5597216224504393,3.433376755319628,2.8695167821357614,2.253204718423163,-49.51410960936003
2026-04-14T12:32:55.104,4.004095554595921,4.005493402808511,4.004591226851417,4.003605127549477,0.03887123125119779,2.5597216224504393,3.433376755319628,2.8695167821357614,2.253204718423163,-49.51410960936003
2026-04-14T12:32:55.211,4.00315403957093,4.005629778243886,4.004342079421406,4.003471374718629,0.033996767898447355,1.9712747318312296,3.5186114024288173,2.713799638378589,2.1696091991429967,-49.57504040126941
2026-04-14T12:32:55.319,4.00315403957093,4.005629778243886,4.004342079421406,4.003471374718629,0.033996767898447355,1.9712747318312296,3.5186114024288173,2.713799638378589,2.1696091991429967,-49.57504040126941
2026-04-14T12:32:55.429,4.00315403957093,4.005629778243886,4.004342079421406,4.003471374718629,0.033996767898447355,1.9712747318312296,3.5186114024288173,2.713799638378589,2.1696091991429967,-49.57504040126941
2026-04-14T12:32:55.536,4.004019499064654,4.005532741876409,4.003927707906229,4.003686428289797,0.04280465928865728,2.512186915408776,3.4579636727555263,2.4548174413929758,2.304017681122872,-49.46494175889178
2026-04-14T12:32:55.645,4.004019499064654,4.005532741876409,4.003927707906229,4.003686428289797,0.04280465928865728,2.512186915408776,3.4579636727555263,2.4548174413929758,2.304017681122872,-49.46494175889178
2026-04-14T12:32:55.755,4.004019499064654,4.005532741876409,4.003927707906229,4.003686428289797,0.04280465928865728,2.512186915408776,3.4579636727555263,2.4548174413929758,2.304017681122872,-49.46494175889178
2026-04-14T12:32:55.864,4.00311732310756,4.005860567442213,4.0040404799008655,4.003395319187362,0.03618753794462733,1.9483269422249094,3.662854651383385,2.525299938040959,2.1220744921013335,-49.54765577569216
2026-04-14T12:32:55.972,4.00311732310756,4.005860567442213,4.0040404799008655,4.003395319187362,0.03618753794462733,1.9483269422249094,3.662854651383385,2.525299938040959,2.1220744921013335,-49.54765577569216
2026-04-14T12:32:56.081,4.00311732310756,4.005860567442213,4.0040404799008655,4.003395319187362,0.03618753794462733,1.9483269422249094,3.662854651383385,2.525299938040959,2.1220744921013335,-49.54765577569216
2026-04-14T12:32:56.190,4.0035238268091575,4.005383253418401,4.0044784548567804,4.003471374718629,0.03675514654750123,2.202391755723454,3.3645333865006677,2.799034285487778,2.1696091991429967,-49.54056066815624
2026-04-14T12:32:56.299,4.0035238268091575,4.005383253418401,4.0044784548567804,4.003471374718629,0.03675514654750123,2.202391755723454,3.3645333865006677,2.799034285487778,2.1696091991429967,-49.54056066815624
2026-04-14T12:32:56.408,4.0035238268091575,4.005383253418401,4.0044784548567804,4.003471374718629,0.03675514654750123,2.202391755723454,3.3645333865006677,2.799034285487778,2.1696091991429967,-49.54056066815624
2026-04-14T12:32:56.517,4.003977537392231,4.005393743836507,4.003707409126008,4.00372838996222,0.03965791685868969,2.4859608701444103,3.371089897816759,2.317130703755055,2.3302437263872378,-49.50427603926638
2026-04-14T12:32:56.625,4.003977537392231,4.005393743836507,4.003707409126008,4.00372838996222,0.03965791685868969,2.4859608701444103,3.371089897816759,2.317130703755055,2.3302437263872378,-49.50427603926638
2026-04-14T12:32:56.733,4.003977537392231,4.005393743836507,4.003707409126008,4.00372838996222,0.03965791685868969,2.4859608701444103,3.371089897816759,2.317130703755055,2.3302437263872378,-49.50427603926638
2026-04-14T12:32:56.842,4.003623485781162,4.005341291745978,4.0046410563374195,4.003411054814521,0.039518504219387324,2.264678613226323,3.338307341236302,2.900660210887196,2.1319092590754707,-49.50601869725766
2026-04-14T12:32:56.951,4.003623485781162,4.005341291745978,4.0046410563374195,4.003411054814521,0.039518504219387324,2.264678613226323,3.338307341236302,2.900660210887196,2.1319092590754707,-49.50601869725766
2026-04-14T12:32:57.061,4.003623485781162,4.005341291745978,4.0046410563374195,4.003411054814521,0.039518504219387324,2.264678613226323,3.338307341236302,2.900660210887196,2.1319092590754707,-49.50601869725766
2026-04-14T12:32:57.169,4.003772974239169,4.005233764960394,4.004071951155183,4.003185510825247,0.03804471346104807,2.3581088994806265,3.271103100246364,2.5449694719892335,1.990944265779504,-49.524441081736896
2026-04-14T12:32:57.280,4.003772974239169,4.005233764960394,4.004071951155183,4.003185510825247,0.03804471346104807,2.3581088994806265,3.271103100246364,2.5449694719892335,1.990944265779504,-49.524441081736896
2026-04-14T12:32:57.403,4.003772974239169,4.005233764960394,4.004071951155183,4.003185510825247,0.03804471346104807,2.3581088994806265,3.271103100246364,2.5449694719892335,1.990944265779504,-49.524441081736896
2026-04-14T12:32:57.510,4.003639221408321,4.005517006249249,4.003780842052748,4.003484487741261,0.037935174958739076,2.2745133802004602,3.448128905780834,2.363026282967695,2.177804838288111,-49.52581031301576
2026-04-14T12:32:57.619,4.003639221408321,4.005517006249249,4.003780842052748,4.003484487741261,0.037935174958739076,2.2745133802004602,3.448128905780834,2.363026282967695,2.177804838288111,-49.52581031301576
2026-04-14T12:32:57.728,4.003639221408321,4.005517006249249,4.003780842052748,4.003484487741261,0.037935174958739076,2.2745133802004602,3.448128905780834,2.363026282967695,2.177804838288111,-49.52581031301576
2026-04-14T12:32:57.836,4.003731012566746,4.005611420012201,4.003783464657275,4.003738880380325,0.04014088207341573,2.3318828542162606,3.5071375076256572,2.364665410796718,2.3368002377033292,-49.498238974082305
2026-04-14T12:32:57.946,4.003731012566746,4.005611420012201,4.003783464657275,4.003738880380325,0.04014088207341573,2.3318828542162606,3.5071375076256572,2.364665410796718,2.3368002377033292,-49.498238974082305
2026-04-14T12:32:58.055,4.003731012566746,4.005611420012201,4.003783464657275,4.003738880380325,0.04014088207341573,2.3318828542162606,3.5071375076256572,2.364665410796718,2.3368002377033292,-49.498238974082305
2026-04-14T12:32:58.165,4.003657579640006,4.005480289785879,4.004048347714445,4.003429413046206,0.03137780188869585,2.2859872750036203,3.425181116174514,2.5302173215280277,2.1433831538786308,-49.6077774763913
2026-04-14T12:32:58.274,4.003657579640006,4.005480289785879,4.004048347714445,4.003429413046206,0.03137780188869585,2.2859872750036203,3.425181116174514,2.5302173215280277,2.1433831538786308,-49.6077774763913
2026-04-14T12:32:58.383,4.003657579640006,4.005480289785879,4.004048347714445,4.003429413046206,0.03137780188869585,2.2859872750036203,3.425181116174514,2.5302173215280277,2.1433831538786308,-49.6077774763913
2026-04-14T12:32:58.492,4.003489732950314,4.0054278376953505,4.003851652374962,4.003712654335061,0.03609293651081501,2.1810830939461567,3.3923985595940565,2.4072827343513126,2.3204089594131005,-49.548838293614814
2026-04-14T12:32:58.600,4.003489732950314,4.0054278376953505,4.003851652374962,4.003712654335061,0.03609293651081501,2.1810830939461567,3.3923985595940565,2.4072827343513126,2.3204089594131005,-49.548838293614814
2026-04-14T12:32:58.711,4.003489732950314,4.0054278376953505,4.003851652374962,4.003712654335061,0.03609293651081501,2.1810830939461567,3.3923985595940565,2.4072827343513126,2.3204089594131005,-49.548838293614814
2026-04-14T12:32:58.820,4.003702163916955,4.005577326153357,4.004753828332056,4.003489732950314,0.04113668663986117,2.313852448097009,3.48582884584836,2.9711427075351793,2.1810830939461567,-49.485791417001735
2026-04-14T12:32:58.930,4.003702163916955,4.005577326153357,4.004753828332056,4.003489732950314,0.04113668663986117,2.313852448097009,3.48582884584836,2.9711427075351793,2.1810830939461567,-49.485791417001735
2026-04-14T12:32:59.038,4.003702163916955,4.005577326153357,4.004753828332056,4.003489732950314,0.04113668663986117,2.313852448097009,3.48582884584836,2.9711427075351793,2.1810830939461567,-49.485791417001735
2026-04-14T12:32:59.147,4.004276514308245,4.0052599910056585,4.004431247975305,4.003070116226084,0.041958225407178654,2.6728214426530172,3.287494378536593,2.7695299845653665,1.9188226413024978,-49.475522182410266
2026-04-14T12:32:59.256,4.004276514308245,4.0052599910056585,4.004431247975305,4.003070116226084,0.041958225407178654,2.6728214426530172,3.287494378536593,2.7695299845653665,1.9188226413024978,-49.475522182410266
2026-04-14T12:32:59.365,4.004276514308245,4.0052599910056585,4.004431247975305,4.003070116226084,0.041958225407178654,2.6728214426530172,3.287494378536593,2.7695299845653665,1.9188226413024978,-49.475522182410266
2026-04-14T12:32:59.473,4.0034189226281,4.005309820491661,4.003961801765072,4.00372052214864,0.03757170629198649,2.1368266425625393,3.3186378072880274,2.476126103170273,2.325326342900169,-49.53035367135017
2026-04-14T12:32:59.582,4.0034189226281,4.005309820491661,4.003961801765072,4.00372052214864,0.03757170629198649,2.1368266425625393,3.3186378072880274,2.476126103170273,2.325326342900169,-49.53035367135017
2026-04-14T12:32:59.690,4.0034189226281,4.005309820491661,4.003961801765072,4.00372052214864,0.03757170629198649,2.1368266425625393,3.3186378072880274,2.476126103170273,2.325326342900169,-49.53035367135017
2026-04-14T12:32:59.800,4.004014253855601,4.00516295463818,4.00399327301939,4.0033795835602035,0.042072742932319884,2.5089086597507304,3.2268466488627467,2.4957956371185475,2.1122397251271963,-49.474090713346
2026-04-14T12:32:59.909,4.004014253855601,4.00516295463818,4.00399327301939,4.0033795835602035,0.042072742932319884,2.5089086597507304,3.2268466488627467,2.4957956371185475,2.1122397251271963,-49.474090713346
2026-04-14T12:33:00.018,4.004014253855601,4.00516295463818,4.00399327301939,4.0033795835602035,0.042072742932319884,2.5089086597507304,3.2268466488627467,2.4957956371185475,2.1122397251271963,-49.474090713346
2026-04-14T12:33:00.126,4.003542185040843,4.005296707469029,4.003841161956856,4.0034189226281,0.041714253288399526,2.213865650526614,3.310442168142913,2.400726223035221,2.1368266425625393,-49.47857183389501
2026-04-14T12:33:00.234,4.003542185040843,4.005296707469029,4.003841161956856,4.0034189226281,0.041714253288399526,2.213865650526614,3.310442168142913,2.400726223035221,2.1368266425625393,-49.47857183389501
2026-04-14T12:33:00.343,4.003542185040843,4.005296707469029,4.003841161956856,4.0034189226281,0.041714253288399526,2.213865650526614,3.310442168142913,2.400726223035221,2.1368266425625393,-49.47857183389501
2026-04-14T12:33:00.451,4.004048347714445,4.005574703548831,4.004014253855601,4.003681183080744,0.03600331409983492,2.5302173215280277,3.484189718019337,2.5089086597507304,2.300739425464826,-49.549958573752065
2026-04-14T12:33:00.560,4.004048347714445,4.005574703548831,4.004014253855601,4.003681183080744,0.03600331409983492,2.5302173215280277,3.484189718019337,2.5089086597507304,2.300739425464826,-49.549958573752065
2026-04-14T12:33:00.671,4.004048347714445,4.005574703548831,4.004014253855601,4.003681183080744,0.03600331409983492,2.5302173215280277,3.484189718019337,2.5089086597507304,2.300739425464826,-49.549958573752065
2026-04-14T12:33:00.781,4.003959179160546,4.005682230334415,4.004305362958036,4.003641844012847,0.042670225672187145,2.47448697534125,3.5513939590092747,2.690851848772269,2.276152508029483,-49.46662217909766
2026-04-14T12:33:00.891,4.003959179160546,4.005682230334415,4.004305362958036,4.003641844012847,0.042670225672187145,2.47448697534125,3.5513939590092747,2.690851848772269,2.276152508029483,-49.46662217909766
2026-04-14T12:33:00.999,4.003959179160546,4.005682230334415,4.004305362958036,4.003641844012847,0.042670225672187145,2.47448697534125,3.5513939590092747,2.690851848772269,2.276152508029483,-49.46662217909766
2026-04-14T12:33:01.106,4.003473997323155,4.005018711389226,4.003977537392231,4.003626108385689,0.03204996997104652,2.1712483269720195,3.136694618266489,2.4859608701444103,2.266317741055901,-49.59937537536192
2026-04-14T12:33:01.231,4.003473997323155,4.005018711389226,4.003977537392231,4.003626108385689,0.03204996997104652,2.1712483269720195,3.136694618266489,2.4859608701444103,2.266317741055901,-49.59937537536192
2026-04-14T12:33:01.325,4.003473997323155,4.005018711389226,4.003977537392231,4.003626108385689,0.03204996997104652,2.1712483269720195,3.136694618266489,2.4859608701444103,2.266317741055901,-49.59937537536192
2026-04-14T12:33:01.448,4.004158497104555,4.005514383644723,4.003969669578652,4.003374338351151,0.03156202573348825,2.599060690346988,3.446489777951811,2.4810434866573416,2.1089614694691505,-49.6054746783314
2026-04-14T12:33:01.556,4.004158497104555,4.005514383644723,4.003969669578652,4.003374338351151,0.03156202573348825,2.599060690346988,3.446489777951811,2.4810434866573416,2.1089614694691505,-49.6054746783314
2026-04-14T12:33:01.666,4.004158497104555,4.005514383644723,4.003969669578652,4.003374338351151,0.03156202573348825,2.599060690346988,3.446489777951811,2.4810434866573416,2.1089614694691505,-49.6054746783314
2026-04-14T12:33:01.775,4.00368380568527,4.005498648017564,4.004365682862144,4.00330877323799,0.03562490836458566,2.302378553293849,3.436655010977674,2.7285517888397948,2.067983273743579,-49.55468864544268
2026-04-14T12:33:01.872,4.00368380568527,4.005498648017564,4.004365682862144,4.00330877323799,0.03562490836458566,2.302378553293849,3.436655010977674,2.7285517888397948,2.067983273743579,-49.55468864544268
2026-04-14T12:33:01.994,4.00368380568527,4.005498648017564,4.004365682862144,4.00330877323799,0.03562490836458566,2.302378553293849,3.436655010977674,2.7285517888397948,2.067983273743579,-49.55468864544268
2026-04-14T12:33:02.101,4.003851652374962,4.00539112123198,4.003898859256438,4.003833294143277,0.03080023524015749,2.4072827343513126,3.3694507699877363,2.436787035273724,2.3958088395481525,-49.61499705949804
2026-04-14T12:33:02.209,4.003851652374962,4.00539112123198,4.003898859256438,4.003833294143277,0.03080023524015749,2.4072827343513126,3.3694507699877363,2.436787035273724,2.3958088395481525,-49.61499705949804
2026-04-14T12:33:02.318,4.003851652374962,4.00539112123198,4.003898859256438,4.003833294143277,0.03080023524015749,2.4072827343513126,3.3694507699877363,2.436787035273724,2.3958088395481525,-49.61499705949804
2026-04-14T12:33:02.427,4.003602504944951,4.005485534994932,4.003717899544114,4.003342867096833,0.03345903343256682,2.25156559059414,3.4284593718325596,2.3236872150711463,2.089291935520876,-49.581762082092915
2026-04-14T12:33:02.536,4.003602504944951,4.005485534994932,4.003717899544114,4.003342867096833,0.03345903343256682,2.25156559059414,3.4284593718325596,2.3236872150711463,2.089291935520876,-49.581762082092915
2026-04-14T12:33:02.645,4.003602504944951,4.005485534994932,4.003717899544114,4.003342867096833,0.03345903343256682,2.25156559059414,3.4284593718325596,2.3236872150711463,2.089291935520876,-49.581762082092915
2026-04-14T12:33:02.752,4.003770351634643,4.005676985125362,4.003809690702539,4.003363847933045,0.040907651589578715,2.3564697716516037,3.548115703351229,2.3810566890869467,2.102404958153059,-49.488654355130265
2026-04-14T12:33:02.862,4.003770351634643,4.005676985125362,4.003809690702539,4.003363847933045,0.040907651589578715,2.3564697716516037,3.548115703351229,2.3810566890869467,2.102404958153059,-49.488654355130265
2026-04-14T12:33:02.971,4.003770351634643,4.005676985125362,4.003809690702539,4.003363847933045,0.040907651589578715,2.3564697716516037,3.548115703351229,2.3810566890869467,2.102404958153059,-49.488654355130265
2026-04-14T12:33:03.079,4.003321886260622,4.005273104028291,4.004334211607826,4.00383853935233,0.03342915929557345,2.076178912888693,3.295690017681707,2.7088822548915203,2.3990870952061982,-49.58213550880533
2026-04-14T12:33:03.189,4.003321886260622,4.005273104028291,4.004334211607826,4.00383853935233,0.03342915929557345,2.076178912888693,3.295690017681707,2.7088822548915203,2.3990870952061982,-49.58213550880533
2026-04-14T12:33:03.298,4.003321886260622,4.005273104028291,4.004334211607826,4.00383853935233,0.03342915929557345,2.076178912888693,3.295690017681707,2.7088822548915203,2.3990870952061982,-49.58213550880533
2026-04-14T12:33:03.408,4.003581524108739,4.005598306989569,4.003694296103376,4.003762483821063,0.033150334016968735,2.238452567961957,3.498941868480543,2.3089350646099405,2.351552388164535,-49.58562082478789
2026-04-14T12:33:03.517,4.003581524108739,4.005598306989569,4.003694296103376,4.003762483821063,0.033150334016968735,2.238452567961957,3.498941868480543,2.3089350646099405,2.351552388164535,-49.58562082478789
2026-04-14T12:33:03.626,4.003581524108739,4.005598306989569,4.003694296103376,4.003762483821063,0.033150334016968735,2.238452567961957,3.498941868480543,2.3089350646099405,2.351552388164535,-49.58562082478789
2026-04-14T12:33:03.735,4.00375723861201,4.0056979659615735,4.003447771277891,4.003673315267164,0.028405325257856204,2.3482741325064893,3.561228725983412,2.154857048681791,2.2958220419777575,-49.6449334342768
2026-04-14T12:33:03.845,4.00375723861201,4.0056979659615735,4.003447771277891,4.003673315267164,0.028405325257856204,2.3482741325064893,3.561228725983412,2.154857048681791,2.2958220419777575,-49.6449334342768
2026-04-14T12:33:03.955,4.00375723861201,4.0056979659615735,4.003447771277891,4.003673315267164,0.028405325257856204,2.3482741325064893,3.561228725983412,2.154857048681791,2.2958220419777575,-49.6449334342768
2026-04-14T12:33:04.064,4.003715276939587,4.005705833775153,4.004119158036659,4.003723144753167,0.022704344114956056,2.3220480872421234,3.5661461094704805,2.574473772911645,2.326965470729192,-49.71619569856305
2026-04-14T12:33:04.173,4.003715276939587,4.005705833775153,4.004119158036659,4.003723144753167,0.022704344114956056,2.3220480872421234,3.5661461094704805,2.574473772911645,2.326965470729192,-49.71619569856305
2026-04-14T12:33:04.280,4.003715276939587,4.005705833775153,4.004119158036659,4.003723144753167,0.022704344114956056,2.3220480872421234,3.5661461094704805,2.574473772911645,2.326965470729192,-49.71619569856305
2026-04-14T12:33:04.391,4.003961801765072,4.005629778243886,4.004271269099192,4.003515958995578,0.025159002371244066,2.476126103170273,3.5186114024288173,2.6695431869949715,2.1974743722363854,-49.68551247035945
2026-04-14T12:33:04.499,4.003961801765072,4.005629778243886,4.004271269099192,4.003515958995578,0.025159002371244066,2.476126103170273,3.5186114024288173,2.6695431869949715,2.1974743722363854,-49.68551247035945
2026-04-14T12:33:04.609,4.003961801765072,4.005629778243886,4.004271269099192,4.003515958995578,0.025159002371244066,2.476126103170273,3.5186114024288173,2.6695431869949715,2.1974743722363854,-49.68551247035945
2026-04-14T12:33:04.717,4.0037100317305345,4.005485534994932,4.003644466617374,4.0039381983243345,0.023421323402796772,2.3187698315840777,3.4284593718325596,2.277791635858506,2.4613739527090672,-49.70723345746504
2026-04-14T12:33:04.827,4.0037100317305345,4.005485534994932,4.003644466617374,4.0039381983243345,0.023421323402796772,2.3187698315840777,3.4284593718325596,2.277791635858506,2.4613739527090672,-49.70723345746504
2026-04-14T12:33:04.935,4.0037100317305345,4.005485534994932,4.003644466617374,4.0039381983243345,0.023421323402796772,2.3187698315840777,3.4284593718325596,2.277791635858506,2.4613739527090672,-49.70723345746504
2026-04-14T12:33:05.044,4.0038752558157,4.005844831815054,4.003594637131371,4.0037100317305345,0.019368398817363828,2.4220348848125184,3.6530198844086925,2.2466482071070715,2.3187698315840777,-49.75789501478295
2026-04-14T12:33:05.167,4.0038752558157,4.005844831815054,4.003594637131371,4.0037100317305345,0.019368398817363828,2.4220348848125184,3.6530198844086925,2.2466482071070715,2.3187698315840777,-49.75789501478295
2026-04-14T12:33:05.277,4.0038752558157,4.005844831815054,4.003594637131371,4.0037100317305345,0.019368398817363828,2.4220348848125184,3.6530198844086925,2.2466482071070715,2.3187698315840777,-49.75789501478295
2026-04-14T12:33:05.386,4.0038123133070656,4.005642891266518,4.00391197227907,4.003636598803794,0.0313130745918769,2.3826958169159695,3.5268070415739317,2.4449826744188385,2.2728742523714374,-49.608586567601535
2026-04-14T12:33:05.495,4.0038123133070656,4.005642891266518,4.00391197227907,4.003636598803794,0.0313130745918769,2.3826958169159695,3.5268070415739317,2.4449826744188385,2.2728742523714374,-49.608586567601535
2026-04-14T12:33:05.603,4.0038123133070656,4.005642891266518,4.00391197227907,4.003636598803794,0.0313130745918769,2.3826958169159695,3.5268070415739317,2.4449826744188385,2.2728742523714374,-49.608586567601535
2026-04-14T12:33:05.713,4.003282547192725,4.005448818531562,4.004074573759709,4.003796577679907,0.02791240199746571,2.05159199545335,3.4055115822262394,2.5466085998182564,2.3728610499418323,-49.651094975031675
2026-04-14T12:33:05.822,4.003282547192725,4.005448818531562,4.004074573759709,4.003796577679907,0.02791240199746571,2.05159199545335,3.4055115822262394,2.5466085998182564,2.3728610499418323,-49.651094975031675
2026-04-14T12:33:05.931,4.003282547192725,4.005448818531562,4.004074573759709,4.003796577679907,0.02791240199746571,2.05159199545335,3.4055115822262394,2.5466085998182564,2.3728610499418323,-49.651094975031675
2026-04-14T12:33:06.039,4.003715276939587,4.005587816571463,4.003686428289797,4.004001140832969,0.029221885002341463,2.3220480872421234,3.4923853571644514,2.304017681122872,2.500713020605616,-49.63472643747073
2026-04-14T12:33:06.150,4.003715276939587,4.005587816571463,4.003686428289797,4.004001140832969,0.029221885002341463,2.3220480872421234,3.4923853571644514,2.304017681122872,2.500713020605616,-49.63472643747073
2026-04-14T12:33:06.258,4.003715276939587,4.005587816571463,4.003686428289797,4.004001140832969,0.029221885002341463,2.3220480872421234,3.4923853571644514,2.304017681122872,2.500713020605616,-49.63472643747073
2026-04-14T12:33:06.368,4.003557920668001,4.005461931554194,4.004087686782342,4.003636598803794,0.019642245073136323,2.2237004175007513,3.4137072213713537,2.554804238963926,2.2728742523714374,-49.7544719365858
2026-04-14T12:33:06.476,4.003557920668001,4.005461931554194,4.004087686782342,4.003636598803794,0.019642245073136323,2.2237004175007513,3.4137072213713537,2.554804238963926,2.2728742523714374,-49.7544719365858
2026-04-14T12:33:06.585,4.003557920668001,4.005461931554194,4.004087686782342,4.003636598803794,0.019642245073136323,2.2237004175007513,3.4137072213713537,2.554804238963926,2.2728742523714374,-49.7544719365858
2026-04-14T12:33:06.689,4.0034189226281,4.00566387210273,4.004418134952672,4.003927707906229,0.01998579764856,2.1368266425625393,3.5399200642061146,2.761334345420252,2.4548174413929758,-49.750177529393
2026-04-14T12:33:06.804,4.0034189226281,4.00566387210273,4.004418134952672,4.003927707906229,0.01998579764856,2.1368266425625393,3.5399200642061146,2.761334345420252,2.4548174413929758,-49.750177529393
2026-04-14T12:33:06.926,4.0034189226281,4.00566387210273,4.004418134952672,4.003927707906229,0.01998579764856,2.1368266425625393,3.5399200642061146,2.761334345420252,2.4548174413929758,-49.750177529393
2026-04-14T12:33:07.020,4.003426790441679,4.005558967921672,4.003565788481581,4.003828048934224,0.026383841987971956,2.141744026049608,3.4743549510452,2.228617800988375,2.3925305838901068,-49.67020197515035
2026-04-14T12:33:07.128,4.003426790441679,4.005558967921672,4.003565788481581,4.003828048934224,0.026383841987971956,2.141744026049608,3.4743549510452,2.228617800988375,2.3925305838901068,-49.67020197515035
2026-04-14T12:33:07.234,4.003426790441679,4.005558967921672,4.003565788481581,4.003828048934224,0.026383841987971956,2.141744026049608,3.4743549510452,2.228617800988375,2.3925305838901068,-49.67020197515035
2026-04-14T12:33:07.348,4.00352907201821,4.005357027373137,4.004431247975305,4.003825426329698,0.025587198334815604,2.2056700113814998,3.348142108210439,2.7695299845653665,2.390891456061084,-49.6801600208148
2026-04-14T12:33:07.451,4.00352907201821,4.005357027373137,4.004431247975305,4.003825426329698,0.025587198334815604,2.2056700113814998,3.348142108210439,2.7695299845653665,2.390891456061084,-49.6801600208148
2026-04-14T12:33:07.564,4.00352907201821,4.005357027373137,4.004431247975305,4.003825426329698,0.025587198334815604,2.2056700113814998,3.348142108210439,2.7695299845653665,2.390891456061084,-49.6801600208148
2026-04-14T12:33:07.674,4.003712654335061,4.005692720752521,4.003694296103376,4.003746748193905,0.02477063859033034,2.3204089594131005,3.557950470325366,2.3089350646099405,2.341717621190398,-49.69036701762087
2026-04-14T12:33:07.782,4.003712654335061,4.005692720752521,4.003694296103376,4.003746748193905,0.02477063859033034,2.3204089594131005,3.557950470325366,2.3089350646099405,2.341717621190398,-49.69036701762087
2026-04-14T12:33:07.892,4.003712654335061,4.005692720752521,4.003694296103376,4.003746748193905,0.02477063859033034,2.3204089594131005,3.557950470325366,2.3089350646099405,2.341717621190398,-49.69036701762087
2026-04-14T12:33:08.001,4.003571033690633,4.005440950717983,4.003888368838332,4.003253698542935,0.020498637000279405,2.2318960566458657,3.400594198739171,2.4302305239576327,2.0335615893340986,-49.743767037496504
2026-04-14T12:33:08.110,4.003571033690633,4.005440950717983,4.003888368838332,4.003253698542935,0.020498637000279405,2.2318960566458657,3.400594198739171,2.4302305239576327,2.0335615893340986,-49.743767037496504
2026-04-14T12:33:08.218,4.003571033690633,4.005440950717983,4.003888368838332,4.003253698542935,0.020498637000279405,2.2318960566458657,3.400594198739171,2.4302305239576327,2.0335615893340986,-49.743767037496504
2026-04-14T12:33:08.328,4.003856897584015,4.005524874062829,4.004360437653091,4.0034635069050495,0.024163197804798624,2.4105609900093583,3.4530462892679026,2.725273533181749,2.164691815655928,-49.69796002744002
2026-04-14T12:33:08.434,4.003856897584015,4.005524874062829,4.004360437653091,4.0034635069050495,0.024163197804798624,2.4105609900093583,3.4530462892679026,2.725273533181749,2.164691815655928,-49.69796002744002
2026-04-14T12:33:08.544,4.003856897584015,4.005524874062829,4.004360437653091,4.0034635069050495,0.024163197804798624,2.4105609900093583,3.4530462892679026,2.725273533181749,2.164691815655928,-49.69796002744002
2026-04-14T12:33:08.667,4.003584146713266,4.005467176763247,4.004216194404137,4.003581524108739,0.034230781971562034,2.24009169579098,3.4169854770293995,2.6351215025854913,2.238452567961957,-49.572115225355475
2026-04-14T12:33:08.775,4.003584146713266,4.005467176763247,4.004216194404137,4.003581524108739,0.034230781971562034,2.24009169579098,3.4169854770293995,2.6351215025854913,2.238452567961957,-49.572115225355475
2026-04-14T12:33:08.884,4.003584146713266,4.005467176763247,4.004216194404137,4.003581524108739,0.034230781971562034,2.24009169579098,3.4169854770293995,2.6351215025854913,2.238452567961957,-49.572115225355475
2026-04-14T12:33:08.993,4.003578901504213,4.005645513871045,4.0036680700581115,4.003563165877054,0.03569461468423683,2.2368134401329343,3.5284461694029545,2.292543786319712,2.226978673158797,-49.55381731644704
2026-04-14T12:33:09.101,4.003578901504213,4.005645513871045,4.0036680700581115,4.003563165877054,0.03569461468423683,2.2368134401329343,3.5284461694029545,2.292543786319712,2.226978673158797,-49.55381731644704
2026-04-14T12:33:09.210,4.003578901504213,4.005645513871045,4.0036680700581115,4.003563165877054,0.03569461468423683,2.2368134401329343,3.5284461694029545,2.292543786319712,2.226978673158797,-49.55381731644704
2026-04-14T12:33:09.318,4.003353357514939,4.005493402808511,4.004168987522661,4.003707409126008,0.030735507943338538,2.0958484468369676,3.433376755319628,2.6056172016630796,2.317130703755055,-49.615806150708266
2026-04-14T12:33:09.429,4.003353357514939,4.005493402808511,4.004168987522661,4.003707409126008,0.030735507943338538,2.0958484468369676,3.433376755319628,2.6056172016630796,2.317130703755055,-49.615806150708266
2026-04-14T12:33:09.540,4.003353357514939,4.005493402808511,4.004168987522661,4.003707409126008,0.030735507943338538,2.0958484468369676,3.433376755319628,2.6056172016630796,2.317130703755055,-49.615806150708266
2026-04-14T12:33:09.649,4.003484487741261,4.005611420012201,4.0039801599967575,4.003843784561383,0.03621243305878846,2.177804838288111,3.5071375076256572,2.487599997973433,2.402365350864244,-49.54734458676515
2026-04-14T12:33:09.758,4.003484487741261,4.005611420012201,4.0039801599967575,4.003843784561383,0.03621243305878846,2.177804838288111,3.5071375076256572,2.487599997973433,2.402365350864244,-49.54734458676515
2026-04-14T12:33:09.867,4.003484487741261,4.005611420012201,4.0039801599967575,4.003843784561383,0.03621243305878846,2.177804838288111,3.5071375076256572,2.487599997973433,2.402365350864244,-49.54734458676515
2026-04-14T12:33:09.977,4.003741502984852,4.005291462259976,4.003670692662638,4.00394868874244,0.03417601272040754,2.338439365532352,3.3071639124848673,2.2941829141487347,2.4679304640251587,-49.57279984099491
2026-04-14T12:33:10.085,4.003741502984852,4.005291462259976,4.003670692662638,4.00394868874244,0.03417601272040754,2.338439365532352,3.3071639124848673,2.2941829141487347,2.4679304640251587,-49.57279984099491
2026-04-14T12:33:10.194,4.003741502984852,4.005291462259976,4.003670692662638,4.00394868874244,0.03417601272040754,2.338439365532352,3.3071639124848673,2.2941829141487347,2.4679304640251587,-49.57279984099491
2026-04-14T12:33:10.302,4.004098177200447,4.00539112123198,4.0042922499354034,4.003851652374962,0.030307311979766997,2.561360750279462,3.3694507699877363,2.6826562096271545,2.4072827343513126,-49.62115860025291
2026-04-14T12:33:10.411,4.004098177200447,4.00539112123198,4.0042922499354034,4.003851652374962,0.030307311979766997,2.561360750279462,3.3694507699877363,2.6826562096271545,2.4072827343513126,-49.62115860025291
2026-04-14T12:33:10.519,4.004098177200447,4.00539112123198,4.0042922499354034,4.003851652374962,0.030307311979766997,2.561360750279462,3.3694507699877363,2.6826562096271545,2.4072827343513126,-49.62115860025291
2026-04-14T12:33:10.629,4.004386663698355,4.005378008209348,4.0043315890033,4.003321886260622,0.02926669620783151,2.7416648114719777,3.361255130842622,2.7072431270624975,2.076178912888693,-49.6341662974021
2026-04-14T12:33:10.738,4.004386663698355,4.005378008209348,4.0043315890033,4.003321886260622,0.02926669620783151,2.7416648114719777,3.361255130842622,2.7072431270624975,2.076178912888693,-49.6341662974021
2026-04-14T12:33:10.846,4.004386663698355,4.005378008209348,4.0043315890033,4.003321886260622,0.02926669620783151,2.7416648114719777,3.361255130842622,2.7072431270624975,2.076178912888693,-49.6341662974021
2026-04-14T12:33:10.954,4.0042502882629805,4.006072998408854,4.003953933951494,4.0032169820795644,0.03732773417320735,2.6564301643627886,3.795624005533682,2.4712087196837595,2.0106137997277784,-49.53340332283491
2026-04-14T12:33:11.064,4.0042502882629805,4.006072998408854,4.003953933951494,4.0032169820795644,0.03732773417320735,2.6564301643627886,3.795624005533682,2.4712087196837595,2.0106137997277784,-49.53340332283491
2026-04-14T12:33:11.173,4.0042502882629805,4.006072998408854,4.003953933951494,4.0032169820795644,0.03732773417320735,2.6564301643627886,3.795624005533682,2.4712087196837595,2.0106137997277784,-49.53340332283491
2026-04-14T12:33:11.282,4.0042922499354034,4.006017923713799,4.004048347714445,4.003644466617374,0.036451426154735365,2.6826562096271545,3.761202321124202,2.5302173215280277,2.277791635858506,-49.544357173065805
2026-04-14T12:33:11.391,4.0042922499354034,4.006017923713799,4.004048347714445,4.003644466617374,0.036451426154735365,2.6826562096271545,3.761202321124202,2.5302173215280277,2.277791635858506,-49.544357173065805
2026-04-14T12:33:11.501,4.0042922499354034,4.006017923713799,4.004048347714445,4.003644466617374,0.036451426154735365,2.6826562096271545,3.761202321124202,2.5302173215280277,2.277791635858506,-49.544357173065805
2026-04-14T12:33:11.613,4.003898859256438,4.005684852938941,4.003786087261801,4.003914594883597,0.032941215058015186,2.436787035273724,3.5530330868382975,2.366304538625741,2.4466218022478614,-49.58823481177481
2026-04-14T12:33:11.722,4.003898859256438,4.005684852938941,4.003786087261801,4.003914594883597,0.032941215058015186,2.436787035273724,3.5530330868382975,2.366304538625741,2.4466218022478614,-49.58823481177481
2026-04-14T12:33:11.832,4.003898859256438,4.005684852938941,4.003786087261801,4.003914594883597,0.032941215058015186,2.436787035273724,3.5530330868382975,2.366304538625741,2.4466218022478614,-49.58823481177481
2026-04-14T12:33:11.941,4.003893614047386,4.005467176763247,4.003932953115282,4.003376960955677,0.035236544583671925,2.4335087796162336,3.4169854770293995,2.4580956970510215,2.1106005972981734,-49.559543192704105
2026-04-14T12:33:12.049,4.003893614047386,4.005467176763247,4.003932953115282,4.003376960955677,0.035236544583671925,2.4335087796162336,3.4169854770293995,2.4580956970510215,2.1106005972981734,-49.559543192704105
2026-04-14T12:33:12.158,4.003893614047386,4.005467176763247,4.003932953115282,4.003376960955677,0.035236544583671925,2.4335087796162336,3.4169854770293995,2.4580956970510215,2.1106005972981734,-49.559543192704105
2026-04-14T12:33:12.268,4.003447771277891,4.005787134515473,4.004053592923498,4.003586769317792,0.033588488026204726,2.154857048681791,3.6169590721707445,2.5334955771860734,2.241730823620003,-49.58014389967244
2026-04-14T12:33:12.377,4.003447771277891,4.005787134515473,4.004053592923498,4.003586769317792,0.033588488026204726,2.154857048681791,3.6169590721707445,2.5334955771860734,2.241730823620003,-49.58014389967244
2026-04-14T12:33:12.485,4.003447771277891,4.005787134515473,4.004053592923498,4.003586769317792,0.033588488026204726,2.154857048681791,3.6169590721707445,2.5334955771860734,2.241730823620003,-49.58014389967244
2026-04-14T12:33:12.595,4.003885746233806,4.005490780203985,4.004174232731714,4.0034189226281,0.03974753926966978,2.42859139612861,3.4317376274906053,2.6088954573211254,2.1368266425625393,-49.50315575912913
2026-04-14T12:33:12.701,4.003885746233806,4.005490780203985,4.004174232731714,4.0034189226281,0.03974753926966978,2.42859139612861,3.4317376274906053,2.6088954573211254,2.1368266425625393,-49.50315575912913
2026-04-14T12:33:12.810,4.003885746233806,4.005490780203985,4.004174232731714,4.0034189226281,0.03974753926966978,2.42859139612861,3.4317376274906053,2.6088954573211254,2.1368266425625393,-49.50315575912913
2026-04-14T12:33:12.919,4.003568411086107,4.0058841708829505,4.003767729030116,4.003898859256438,0.03439508972502553,2.230256928816843,3.6776068018440355,2.354830643822581,2.436787035273724,-49.57006137843718
2026-04-14T12:33:13.044,4.003568411086107,4.0058841708829505,4.003767729030116,4.003898859256438,0.03439508972502553,2.230256928816843,3.6776068018440355,2.354830643822581,2.436787035273724,-49.57006137843718
2026-04-14T12:33:13.168,4.003568411086107,4.0058841708829505,4.003767729030116,4.003898859256438,0.03439508972502553,2.230256928816843,3.6776068018440355,2.354830643822581,2.436787035273724,-49.57006137843718
2026-04-14T12:33:13.263,4.004567623410679,4.005721569402311,4.003969669578652,4.003390073978309,0.026996261796335904,2.8547646316745556,3.5759808764446177,2.4810434866573416,2.1187962364432877,-49.6625467275458
2026-04-14T12:33:13.373,4.004567623410679,4.005721569402311,4.003969669578652,4.003390073978309,0.026996261796335904,2.8547646316745556,3.5759808764446177,2.4810434866573416,2.1187962364432877,-49.6625467275458
2026-04-14T12:33:13.496,4.004567623410679,4.005721569402311,4.003969669578652,4.003390073978309,0.026996261796335904,2.8547646316745556,3.5759808764446177,2.4810434866573416,2.1187962364432877,-49.6625467275458
2026-04-14T12:33:13.604,4.003636598803794,4.005433082904403,4.003851652374962,4.003384828769256,0.03389718744180281,2.2728742523714374,3.395676815252102,2.4072827343513126,2.115517980785242,-49.57628515697746
2026-04-14T12:33:13.715,4.003636598803794,4.005433082904403,4.003851652374962,4.003384828769256,0.03389718744180281,2.2728742523714374,3.395676815252102,2.4072827343513126,2.115517980785242,-49.57628515697746
2026-04-14T12:33:13.810,4.003636598803794,4.005433082904403,4.003851652374962,4.003384828769256,0.03389718744180281,2.2728742523714374,3.395676815252102,2.4072827343513126,2.115517980785242,-49.57628515697746
2026-04-14T12:33:13.933,4.0035238268091575,4.005608797407675,4.004276514308245,4.003521204204631,0.028166332161909297,2.202391755723454,3.5054983797966344,2.6728214426530172,2.200752627894431,-49.64792084797614
2026-04-14T12:33:14.042,4.0035238268091575,4.005608797407675,4.004276514308245,4.003521204204631,0.028166332161909297,2.202391755723454,3.5054983797966344,2.6728214426530172,2.200752627894431,-49.64792084797614
2026-04-14T12:33:14.150,4.0035238268091575,4.005608797407675,4.004276514308245,4.003521204204631,0.028166332161909297,2.202391755723454,3.5054983797966344,2.6728214426530172,2.200752627894431,-49.64792084797614
2026-04-14T12:33:14.248,4.003864765397594,4.005850077024107,4.004300117748983,4.0040640833416035,0.043173106978242094,2.415478373496427,3.6562981400667383,2.687573593114223,2.540052088502165,-49.46033616277197
2026-04-14T12:33:14.369,4.003864765397594,4.005850077024107,4.004300117748983,4.0040640833416035,0.043173106978242094,2.415478373496427,3.6562981400667383,2.687573593114223,2.540052088502165,-49.46033616277197
2026-04-14T12:33:14.480,4.003864765397594,4.005850077024107,4.004300117748983,4.0040640833416035,0.043173106978242094,2.415478373496427,3.6562981400667383,2.687573593114223,2.540052088502165,-49.46033616277197
2026-04-14T12:33:14.589,4.004098177200447,4.005440950717983,4.004142761477397,4.003484487741261,0.033299704701935544,2.561360750279462,3.400594198739171,2.589225923372851,2.177804838288111,-49.58375369122581
2026-04-14T12:33:14.697,4.004098177200447,4.005440950717983,4.004142761477397,4.003484487741261,0.033299704701935544,2.561360750279462,3.400594198739171,2.589225923372851,2.177804838288111,-49.58375369122581
2026-04-14T12:33:14.806,4.004098177200447,4.005440950717983,4.004142761477397,4.003484487741261,0.033299704701935544,2.561360750279462,3.400594198739171,2.589225923372851,2.177804838288111,-49.58375369122581
2026-04-14T12:33:14.914,4.003927707906229,4.005952358600638,4.004418134952672,4.004027366878234,0.042515875964388106,2.4548174413929758,3.72022412539863,2.761334345420252,2.5171042988964,-49.46855155044515
2026-04-14T12:33:15.023,4.003927707906229,4.005952358600638,4.004418134952672,4.004027366878234,0.042515875964388106,2.4548174413929758,3.72022412539863,2.761334345420252,2.5171042988964,-49.46855155044515
2026-04-14T12:33:15.133,4.003927707906229,4.005952358600638,4.004418134952672,4.004027366878234,0.042515875964388106,2.4548174413929758,3.72022412539863,2.761334345420252,2.5171042988964,-49.46855155044515
2026-04-14T12:33:15.242,4.003723144753167,4.00612020529033,4.004116535432132,4.003628730990215,0.0360730204194861,2.326965470729192,3.8251283064560937,2.5728346450826223,2.2679568688843688,-49.54908724475642
2026-04-14T12:33:15.351,4.003723144753167,4.00612020529033,4.004116535432132,4.003628730990215,0.0360730204194861,2.326965470729192,3.8251283064560937,2.5728346450826223,2.2679568688843688,-49.54908724475642
2026-04-14T12:33:15.461,4.003723144753167,4.00612020529033,4.004116535432132,4.003628730990215,0.0360730204194861,2.326965470729192,3.8251283064560937,2.5728346450826223,2.2679568688843688,-49.54908724475642
2026-04-14T12:33:15.571,4.004061460737077,4.005467176763247,4.003807068098013,4.003704786521482,0.041037106183216626,2.538412960673142,3.4169854770293995,2.379417561257924,2.315491575926032,-49.48703617270979
2026-04-14T12:33:15.681,4.004061460737077,4.005467176763247,4.003807068098013,4.003704786521482,0.041037106183216626,2.538412960673142,3.4169854770293995,2.379417561257924,2.315491575926032,-49.48703617270979
2026-04-14T12:33:15.790,4.004061460737077,4.005467176763247,4.003807068098013,4.003704786521482,0.041037106183216626,2.538412960673142,3.4169854770293995,2.379417561257924,2.315491575926032,-49.48703617270979
2026-04-14T12:33:15.899,4.004024744273707,4.005629778243886,4.004158497104555,4.003458261695997,0.03697422355211922,2.515465171066822,3.5186114024288173,2.599060690346988,2.1614135599978823,-49.53782220559851
2026-04-14T12:33:16.009,4.004024744273707,4.005629778243886,4.004158497104555,4.003458261695997,0.03697422355211922,2.515465171066822,3.5186114024288173,2.599060690346988,2.1614135599978823,-49.53782220559851
2026-04-14T12:33:16.117,4.004024744273707,4.005629778243886,4.004158497104555,4.003458261695997,0.03697422355211922,2.515465171066822,3.5186114024288173,2.599060690346988,2.1614135599978823,-49.53782220559851
2026-04-14T12:33:16.226,4.004069328550656,4.00573730502947,4.004307985562562,4.003565788481581,0.04517965317962966,2.5433303441602106,3.585815643418755,2.6924909766012917,2.228617800988375,-49.43525433525463
2026-04-14T12:33:16.328,4.004069328550656,4.00573730502947,4.004307985562562,4.003565788481581,0.04517965317962966,2.5433303441602106,3.585815643418755,2.6924909766012917,2.228617800988375,-49.43525433525463
2026-04-14T12:33:16.444,4.004069328550656,4.00573730502947,4.004307985562562,4.003565788481581,0.04517965317962966,2.5433303441602106,3.585815643418755,2.6924909766012917,2.228617800988375,-49.43525433525463
2026-04-14T12:33:16.553,4.003384828769256,4.005603552198622,4.003778219448222,4.003856897584015,0.04582194712498697,2.115517980785242,3.5022201241385886,2.3613871551386723,2.4105609900093583,-49.427225660937665
2026-04-14T12:33:16.664,4.003384828769256,4.005603552198622,4.003778219448222,4.003856897584015,0.04582194712498697,2.115517980785242,3.5022201241385886,2.3613871551386723,2.4105609900093583,-49.427225660937665
2026-04-14T12:33:16.772,4.003384828769256,4.005603552198622,4.003778219448222,4.003856897584015,0.04582194712498697,2.115517980785242,3.5022201241385886,2.3613871551386723,2.4105609900093583,-49.427225660937665
2026-04-14T12:33:16.881,4.004328966398774,4.006031036736431,4.004116535432132,4.003775596843695,0.038811482977211056,2.7056039992334746,3.769397960269316,2.5728346450826223,2.3597480273096494,-49.51485646278486
2026-04-14T12:33:16.991,4.004328966398774,4.006031036736431,4.004116535432132,4.003775596843695,0.038811482977211056,2.7056039992334746,3.769397960269316,2.5728346450826223,2.3597480273096494,-49.51485646278486
2026-04-14T12:33:17.102,4.004328966398774,4.006031036736431,4.004116535432132,4.003775596843695,0.038811482977211056,2.7056039992334746,3.769397960269316,2.5728346450826223,2.3597480273096494,-49.51485646278486
2026-04-14T12:33:17.210,4.004300117748983,4.0055537227126194,4.004192590963399,4.003686428289797,0.03518177533251743,2.687573593114223,3.471076695387154,2.6203693521242855,2.304017681122872,-49.560227808343534
2026-04-14T12:33:17.321,4.004300117748983,4.0055537227126194,4.004192590963399,4.003686428289797,0.03518177533251743,2.687573593114223,3.471076695387154,2.6203693521242855,2.304017681122872,-49.560227808343534
2026-04-14T12:33:17.429,4.004300117748983,4.0055537227126194,4.004192590963399,4.003686428289797,0.03518177533251743,2.687573593114223,3.471076695387154,2.6203693521242855,2.304017681122872,-49.560227808343534
2026-04-14T12:33:17.539,4.003744125589378,4.005574703548831,4.0041847231498195,4.003358602723992,0.04065372142513513,2.340078493361375,3.484189718019337,2.615451968637217,2.0991267024950133,-49.49182848218581
2026-04-14T12:33:17.648,4.003744125589378,4.005574703548831,4.0041847231498195,4.003358602723992,0.04065372142513513,2.340078493361375,3.484189718019337,2.615451968637217,2.0991267024950133,-49.49182848218581
2026-04-14T12:33:17.757,4.003744125589378,4.005574703548831,4.0041847231498195,4.003358602723992,0.04065372142513513,2.340078493361375,3.484189718019337,2.615451968637217,2.0991267024950133,-49.49182848218581
2026-04-14T12:33:17.865,4.0042686464946655,4.005548477503567,4.0042214396131905,4.003707409126008,0.04435313538947994,2.6679040591659486,3.4677984397291084,2.638399758244092,2.317130703755055,-49.445585807631495
2026-04-14T12:33:17.974,4.0042686464946655,4.005548477503567,4.0042214396131905,4.003707409126008,0.04435313538947994,2.6679040591659486,3.4677984397291084,2.638399758244092,2.317130703755055,-49.445585807631495
2026-04-14T12:33:18.084,4.0042686464946655,4.005548477503567,4.0042214396131905,4.003707409126008,0.04435313538947994,2.6679040591659486,3.4677984397291084,2.638399758244092,2.317130703755055,-49.445585807631495
2026-04-14T12:33:18.193,4.0044548514160425,4.005970716832323,4.0041244032457115,4.003563165877054,0.048779486687329926,2.7842821350265723,3.73169802020179,2.577752028569691,2.226978673158797,-49.39025641640838
2026-04-14T12:33:18.301,4.0044548514160425,4.005970716832323,4.0041244032457115,4.003563165877054,0.048779486687329926,2.7842821350265723,3.73169802020179,2.577752028569691,2.226978673158797,-49.39025641640838
2026-04-14T12:33:18.410,4.0044548514160425,4.005970716832323,4.0041244032457115,4.003563165877054,0.048779486687329926,2.7842821350265723,3.73169802020179,2.577752028569691,2.226978673158797,-49.39025641640838
2026-04-14T12:33:18.521,4.003759861216538,4.005789757119999,4.004541397365415,4.003327131469675,0.03782563645643008,2.3499132603360673,3.6185981999992123,2.838373353384327,2.079457168546739,-49.527179544294626
2026-04-14T12:33:18.630,4.003759861216538,4.005789757119999,4.004541397365415,4.003327131469675,0.03782563645643008,2.3499132603360673,3.6185981999992123,2.838373353384327,2.079457168546739,-49.527179544294626
2026-04-14T12:33:18.740,4.003759861216538,4.005789757119999,4.004541397365415,4.003327131469675,0.03782563645643008,2.3499132603360673,3.6185981999992123,2.838373353384327,2.079457168546739,-49.527179544294626
2026-04-14T12:33:18.849,4.004014253855601,4.005868435255792,4.00353693983179,4.003169775198089,0.043317498640376685,2.5089086597507304,3.6677720348698983,2.2105873948685684,1.9811094988053668,-49.458531266995294
2026-04-14T12:33:18.961,4.004014253855601,4.005868435255792,4.00353693983179,4.003169775198089,0.043317498640376685,2.5089086597507304,3.6677720348698983,2.2105873948685684,1.9811094988053668,-49.458531266995294
2026-04-14T12:33:19.069,4.004014253855601,4.005868435255792,4.00353693983179,4.003169775198089,0.043317498640376685,2.5089086597507304,3.6677720348698983,2.2105873948685684,1.9811094988053668,-49.458531266995294
2026-04-14T12:33:19.177,4.004790544795426,4.005745172843049,4.004273891703718,4.003526449413684,0.03629707644693632,2.9940904971414994,3.5907330269058235,2.6711823148239944,2.204030883552477,-49.5462865444133
2026-04-14T12:33:19.287,4.004790544795426,4.005745172843049,4.004273891703718,4.003526449413684,0.03629707644693632,2.9940904971414994,3.5907330269058235,2.6711823148239944,2.204030883552477,-49.5462865444133
2026-04-14T12:33:19.396,4.004790544795426,4.005745172843049,4.004273891703718,4.003526449413684,0.03629707644693632,2.9940904971414994,3.5907330269058235,2.6711823148239944,2.204030883552477,-49.5462865444133
2026-04-14T12:33:19.504,4.004074573759709,4.005802870142631,4.004305362958036,4.003261566356514,0.038846336137036655,2.5466085998182564,3.6267938391443266,2.690851848772269,2.038478972821167,-49.51442079828704
2026-04-14T12:33:19.613,4.004074573759709,4.005802870142631,4.004305362958036,4.003261566356514,0.038846336137036655,2.5466085998182564,3.6267938391443266,2.690851848772269,2.038478972821167,-49.51442079828704
2026-04-14T12:33:19.724,4.004074573759709,4.005802870142631,4.004305362958036,4.003261566356514,0.038846336137036655,2.5466085998182564,3.6267938391443266,2.690851848772269,2.038478972821167,-49.51442079828704
2026-04-14T12:33:19.832,4.003589391922318,4.005569458339778,4.004121780641185,4.0032956602153575,0.04325277134355773,2.2433699514490257,3.4809114623612913,2.576112900740668,2.0597876345984645,-49.45934035820553
2026-04-14T12:33:19.940,4.003589391922318,4.005569458339778,4.004121780641185,4.0032956602153575,0.04325277134355773,2.2433699514490257,3.4809114623612913,2.576112900740668,2.0597876345984645,-49.45934035820553
2026-04-14T12:33:20.049,4.003589391922318,4.005569458339778,4.004121780641185,4.0032956602153575,0.04325277134355773,2.2433699514490257,3.4809114623612913,2.576112900740668,2.0597876345984645,-49.45934035820553
2026-04-14T12:33:20.157,4.0043945315119345,4.005684852938941,4.00399327301939,4.003494978159367,0.033115480857143144,2.7465821949590463,3.5530330868382975,2.4957956371185475,2.1843613496042025,-49.58605648928571
2026-04-14T12:33:20.267,4.0043945315119345,4.005684852938941,4.00399327301939,4.003494978159367,0.033115480857143144,2.7465821949590463,3.5530330868382975,2.4957956371185475,2.1843613496042025,-49.58605648928571
2026-04-14T12:33:20.375,4.0043945315119345,4.005684852938941,4.00399327301939,4.003494978159367,0.033115480857143144,2.7465821949590463,3.5530330868382975,2.4957956371185475,2.1843613496042025,-49.58605648928571
2026-04-14T12:33:20.483,4.004016876460128,4.00516295463818,4.003817558516118,4.00350022336842,0.03714848935124718,2.5105477875797533,3.2268466488627467,2.3859740725740153,2.187639605262248,-49.53564388310941
2026-04-14T12:33:20.592,4.004016876460128,4.00516295463818,4.003817558516118,4.00350022336842,0.03714848935124718,2.5105477875797533,3.2268466488627467,2.3859740725740153,2.187639605262248,-49.53564388310941
2026-04-14T12:33:20.701,4.004016876460128,4.00516295463818,4.003817558516118,4.00350022336842,0.03714848935124718,2.5105477875797533,3.2268466488627467,2.3859740725740153,2.187639605262248,-49.53564388310941
2026-04-14T12:33:20.810,4.003670692662638,4.005829096187895,4.004045725109918,4.00372052214864,0.03907039216448688,2.2941829141487347,3.6431851174345553,2.528578193699005,2.325326342900169,-49.51162009794391
2026-04-14T12:33:20.919,4.003670692662638,4.005829096187895,4.004045725109918,4.00372052214864,0.03907039216448688,2.2941829141487347,3.6431851174345553,2.528578193699005,2.325326342900169,-49.51162009794391
2026-04-14T12:33:21.029,4.003670692662638,4.005829096187895,4.004045725109918,4.00372052214864,0.03907039216448688,2.2941829141487347,3.6431851174345553,2.528578193699005,2.325326342900169,-49.51162009794391
2026-04-14T12:33:21.139,4.003644466617374,4.005821228374316,4.00444173839341,4.003744125589378,0.03935419646592383,2.277791635858506,3.6382677339474867,2.776086495881458,2.340078493361375,-49.50807254417595
2026-04-14T12:33:21.248,4.003644466617374,4.005821228374316,4.00444173839341,4.003744125589378,0.03935419646592383,2.277791635858506,3.6382677339474867,2.776086495881458,2.340078493361375,-49.50807254417595
2026-04-14T12:33:21.356,4.003644466617374,4.005821228374316,4.00444173839341,4.003744125589378,0.03935419646592383,2.277791635858506,3.6382677339474867,2.776086495881458,2.340078493361375,-49.50807254417595
2026-04-14T12:33:21.481,4.004011631251075,4.005650759080098,4.0042266848222425,4.004168987522661,0.032423396683463564,2.5072695319217075,3.5317244250610003,2.6416780139015827,2.6056172016630796,-49.59470754145671
2026-04-14T12:33:21.590,4.004011631251075,4.005650759080098,4.0042266848222425,4.004168987522661,0.032423396683463564,2.5072695319217075,3.5317244250610003,2.6416780139015827,2.6056172016630796,-49.59470754145671
2026-04-14T12:33:21.698,4.004011631251075,4.005650759080098,4.0042266848222425,4.004168987522661,0.032423396683463564,2.5072695319217075,3.5317244250610003,2.6416780139015827,2.6056172016630796,-49.59470754145671
2026-04-14T12:33:21.807,4.003744125589378,4.0058422092105275,4.004174232731714,4.003531694622737,0.029699871194235276,2.340078493361375,3.6513807565796697,2.6088954573211254,2.2073091392105226,-49.62875161007206
2026-04-14T12:33:21.918,4.003744125589378,4.0058422092105275,4.004174232731714,4.003531694622737,0.029699871194235276,2.340078493361375,3.6513807565796697,2.6088954573211254,2.2073091392105226,-49.62875161007206
2026-04-14T12:33:22.027,4.003744125589378,4.0058422092105275,4.004174232731714,4.003531694622737,0.029699871194235276,2.340078493361375,3.6513807565796697,2.6088954573211254,2.2073091392105226,-49.62875161007206
2026-04-14T12:33:22.134,4.004336834212353,4.005527496667355,4.00444173839341,4.00353693983179,0.030496514847391628,2.710521382720543,3.4546854170969254,2.776086495881458,2.2105873948685684,-49.6187935644076
2026-04-14T12:33:22.244,4.004336834212353,4.005527496667355,4.00444173839341,4.00353693983179,0.030496514847391628,2.710521382720543,3.4546854170969254,2.776086495881458,2.2105873948685684,-49.6187935644076
2026-04-14T12:33:22.352,4.004336834212353,4.005527496667355,4.00444173839341,4.00353693983179,0.030496514847391628,2.710521382720543,3.4546854170969254,2.776086495881458,2.2105873948685684,-49.6187935644076
2026-04-14T12:33:22.461,4.00345563909147,4.005299330073555,4.003833294143277,4.003982782601284,0.03505729976171175,2.1597744321688594,3.312081295971936,2.3958088395481525,2.489239125802456,-49.561783752978606
2026-04-14T12:33:22.569,4.00345563909147,4.005299330073555,4.003833294143277,4.003982782601284,0.03505729976171175,2.1597744321688594,3.312081295971936,2.3958088395481525,2.489239125802456,-49.561783752978606
2026-04-14T12:33:22.680,4.00345563909147,4.005299330073555,4.003833294143277,4.003982782601284,0.03505729976171175,2.1597744321688594,3.312081295971936,2.3958088395481525,2.489239125802456,-49.561783752978606
2026-04-14T12:33:22.790,4.004132271059291,4.005380630813875,4.004150629290976,4.003408432209994,0.04056409901415504,2.5826694120567595,3.362894258671645,2.5941433068599196,2.130270131246448,-49.49294876232307
2026-04-14T12:33:22.898,4.004132271059291,4.005380630813875,4.004150629290976,4.003408432209994,0.04056409901415504,2.5826694120567595,3.362894258671645,2.5941433068599196,2.130270131246448,-49.49294876232307
2026-04-14T12:33:23.008,4.004132271059291,4.005380630813875,4.004150629290976,4.003408432209994,0.04056409901415504,2.5826694120567595,3.362894258671645,2.5941433068599196,2.130270131246448,-49.49294876232307
2026-04-14T12:33:23.116,4.00372052214864,4.005566835735252,4.003586769317792,4.003660202244532,0.029416066892798326,2.325326342900169,3.4792723345322685,2.241730823620003,2.287626402832643,-49.632299163840024
2026-04-14T12:33:23.225,4.00372052214864,4.005566835735252,4.003586769317792,4.003660202244532,0.029416066892798326,2.325326342900169,3.4792723345322685,2.241730823620003,2.287626402832643,-49.632299163840024
2026-04-14T12:33:23.334,4.00372052214864,4.005566835735252,4.003586769317792,4.003660202244532,0.029416066892798326,2.325326342900169,3.4792723345322685,2.241730823620003,2.287626402832643,-49.632299163840024
2026-04-14T12:33:23.444,4.003977537392231,4.005776644097367,4.004452228811516,4.003859520188541,0.037521916063664215,2.4859608701444103,3.610402560854098,2.7826430071975494,2.412200117838381,-49.53097604920419
2026-04-14T12:33:23.553,4.003977537392231,4.005776644097367,4.004452228811516,4.003859520188541,0.037521916063664215,2.4859608701444103,3.610402560854098,2.7826430071975494,2.412200117838381,-49.53097604920419
2026-04-14T12:33:23.662,4.003977537392231,4.005776644097367,4.004452228811516,4.003859520188541,0.037521916063664215,2.4859608701444103,3.610402560854098,2.7826430071975494,2.412200117838381,-49.53097604920419
2026-04-14T12:33:23.771,4.003605127549477,4.005695343357047,4.004402399325514,4.003269434170093,0.029112346500032468,2.253204718423163,3.559589598154389,2.751499578446115,2.043396356308236,-49.6360956687496
2026-04-14T12:33:23.881,4.003605127549477,4.005695343357047,4.004402399325514,4.003269434170093,0.029112346500032468,2.253204718423163,3.559589598154389,2.751499578446115,2.043396356308236,-49.6360956687496
2026-04-14T12:33:23.990,4.003605127549477,4.005695343357047,4.004402399325514,4.003269434170093,0.029112346500032468,2.253204718423163,3.559589598154389,2.751499578446115,2.043396356308236,-49.6360956687496
2026-04-14T12:33:24.099,4.003880501024753,4.006167412171806,4.004100799804974,4.003870010606647,0.03368806848284927,2.425313140470564,3.8546326073785053,2.562999878108485,2.4187566291544726,-49.578899143964385
2026-04-14T12:33:24.207,4.003880501024753,4.006167412171806,4.004100799804974,4.003870010606647,0.03368806848284927,2.425313140470564,3.8546326073785053,2.562999878108485,2.4187566291544726,-49.578899143964385
2026-04-14T12:33:24.317,4.003880501024753,4.006167412171806,4.004100799804974,4.003870010606647,0.03368806848284927,2.425313140470564,3.8546326073785053,2.562999878108485,2.4187566291544726,-49.578899143964385
2026-04-14T12:33:24.426,4.003833294143277,4.005661249498203,4.004158497104555,4.003571033690633,0.028315702846876113,2.3958088395481525,3.5382809363770917,2.599060690346988,2.2318960566458657,-49.64605371441405
2026-04-14T12:33:24.535,4.003833294143277,4.005661249498203,4.004158497104555,4.003571033690633,0.028315702846876113,2.3958088395481525,3.5382809363770917,2.599060690346988,2.2318960566458657,-49.64605371441405
2026-04-14T12:33:24.643,4.003833294143277,4.005661249498203,4.004158497104555,4.003571033690633,0.028315702846876113,2.3958088395481525,3.5382809363770917,2.599060690346988,2.2318960566458657,-49.64605371441405
2026-04-14T12:33:24.752,4.0042266848222425,4.005482912390406,4.004509926111098,4.00376510642559,0.031930473423073064,2.6416780139015827,3.4268202440035367,2.8187038194360525,2.353191515993558,-49.60086908221159
2026-04-14T12:33:24.861,4.0042266848222425,4.005482912390406,4.004509926111098,4.00376510642559,0.031930473423073064,2.6416780139015827,3.4268202440035367,2.8187038194360525,2.353191515993558,-49.60086908221159
2026-04-14T12:33:24.969,4.0042266848222425,4.005482912390406,4.004509926111098,4.00376510642559,0.031930473423073064,2.6416780139015827,3.4268202440035367,2.8187038194360525,2.353191515993558,-49.60086908221159
2026-04-14T12:33:25.079,4.00322747249767,4.005742550238523,4.004570246015206,4.003390073978309,0.03142759211701812,2.01717031104387,3.5890938990768007,2.8564037595035785,2.1187962364432877,-49.60715509853728
2026-04-14T12:33:25.188,4.00322747249767,4.005742550238523,4.004570246015206,4.003390073978309,0.03142759211701812,2.01717031104387,3.5890938990768007,2.8564037595035785,2.1187962364432877,-49.60715509853728
2026-04-14T12:33:25.297,4.00322747249767,4.005742550238523,4.004570246015206,4.003390073978309,0.03142759211701812,2.01717031104387,3.5890938990768007,2.8564037595035785,2.1187962364432877,-49.60715509853728
2026-04-14T12:33:25.407,4.003817558516118,4.005595684385042,4.0044548514160425,4.00368380568527,0.03364325727735922,2.3859740725740153,3.49730274065152,2.7842821350265723,2.302378553293849,-49.579459284033014
2026-04-14T12:33:25.516,4.003817558516118,4.005595684385042,4.0044548514160425,4.00368380568527,0.03364325727735922,2.3859740725740153,3.49730274065152,2.7842821350265723,2.302378553293849,-49.579459284033014
2026-04-14T12:33:25.625,4.003817558516118,4.005595684385042,4.0044548514160425,4.00368380568527,0.03364325727735922,2.3859740725740153,3.49730274065152,2.7842821350265723,2.302378553293849,-49.579459284033014
2026-04-14T12:33:25.734,4.004011631251075,4.005661249498203,4.004043102505392,4.0034215452326265,0.034534502364327896,2.5072695319217075,3.5382809363770917,2.526939065869982,2.138465770391562,-49.5683187204459
2026-04-14T12:33:25.841,4.004011631251075,4.005661249498203,4.004043102505392,4.0034215452326265,0.034534502364327896,2.5072695319217075,3.5382809363770917,2.526939065869982,2.138465770391562,-49.5683187204459
2026-04-14T12:33:25.951,4.004011631251075,4.005661249498203,4.004043102505392,4.0034215452326265,0.034534502364327896,2.5072695319217075,3.5382809363770917,2.526939065869982,2.138465770391562,-49.5683187204459
2026-04-14T12:33:26.060,4.003925085301702,4.005393743836507,4.004142761477397,4.003568411086107,0.030003591587001138,2.453178313563953,3.371089897816759,2.589225923372851,2.230256928816843,-49.624955105162485
2026-04-14T12:33:26.169,4.003925085301702,4.005393743836507,4.004142761477397,4.003568411086107,0.030003591587001138,2.453178313563953,3.371089897816759,2.589225923372851,2.230256928816843,-49.624955105162485
2026-04-14T12:33:26.279,4.003925085301702,4.005393743836507,4.004142761477397,4.003568411086107,0.030003591587001138,2.453178313563953,3.371089897816759,2.589225923372851,2.230256928816843,-49.624955105162485
2026-04-14T12:33:26.390,4.00383853935233,4.005734682424944,4.004224062217716,4.004098177200447,0.03013802520347127,2.3990870952061982,3.584176515589732,2.64003888607256,2.561360750279462,-49.623274684956606
2026-04-14T12:33:26.500,4.00383853935233,4.005734682424944,4.004224062217716,4.004098177200447,0.03013802520347127,2.3990870952061982,3.584176515589732,2.64003888607256,2.561360750279462,-49.623274684956606
2026-04-14T12:33:26.609,4.00383853935233,4.005734682424944,4.004224062217716,4.004098177200447,0.03013802520347127,2.3990870952061982,3.584176515589732,2.64003888607256,2.561360750279462,-49.623274684956606
2026-04-14T12:33:26.716,4.004195213567925,4.006154299149173,4.003995895623916,4.003602504944951,0.026015394298387146,2.6220084799533083,3.846436968233391,2.4974347649475703,2.25156559059414,-49.674807571270165
2026-04-14T12:33:26.826,4.004195213567925,4.006154299149173,4.003995895623916,4.003602504944951,0.026015394298387146,2.6220084799533083,3.846436968233391,2.4974347649475703,2.25156559059414,-49.674807571270165
2026-04-14T12:33:26.934,4.004195213567925,4.006154299149173,4.003995895623916,4.003602504944951,0.026015394298387146,2.6220084799533083,3.846436968233391,2.4974347649475703,2.25156559059414,-49.674807571270165
2026-04-14T12:33:27.058,4.00375723861201,4.00566387210273,4.004129648454764,4.004300117748983,0.022634637795304877,2.3482741325064893,3.5399200642061146,2.5810302842277366,2.687573593114223,-49.717067027558684
2026-04-14T12:33:27.167,4.00375723861201,4.00566387210273,4.004129648454764,4.004300117748983,0.022634637795304877,2.3482741325064893,3.5399200642061146,2.5810302842277366,2.687573593114223,-49.717067027558684
2026-04-14T12:33:27.263,4.00375723861201,4.00566387210273,4.004129648454764,4.004300117748983,0.022634637795304877,2.3482741325064893,3.5399200642061146,2.5810302842277366,2.687573593114223,-49.717067027558684
2026-04-14T12:33:27.385,4.003922462697176,4.005603552198622,4.0038359167478035,4.003974914787705,0.02769830401567994,2.45153918573493,3.5022201241385886,2.3974479673771754,2.4843217423153874,-49.653771199804005
2026-04-14T12:33:27.496,4.003922462697176,4.005603552198622,4.0038359167478035,4.003974914787705,0.02769830401567994,2.45153918573493,3.5022201241385886,2.3974479673771754,2.4843217423153874,-49.653771199804005
2026-04-14T12:33:27.605,4.003922462697176,4.005603552198622,4.0038359167478035,4.003974914787705,0.02769830401567994,2.45153918573493,3.5022201241385886,2.3974479673771754,2.4843217423153874,-49.653771199804005
2026-04-14T12:33:27.713,4.004675150196263,4.00532555611882,4.00429487253993,4.003641844012847,0.022963253302231867,2.9219688726644932,3.3284725742627197,2.6842953374561773,2.276152508029483,-49.712959333722104
2026-04-14T12:33:27.820,4.004675150196263,4.00532555611882,4.00429487253993,4.003641844012847,0.022963253302231867,2.9219688726644932,3.3284725742627197,2.6842953374561773,2.276152508029483,-49.712959333722104
2026-04-14T12:33:27.930,4.004675150196263,4.00532555611882,4.00429487253993,4.003641844012847,0.022963253302231867,2.9219688726644932,3.3284725742627197,2.6842953374561773,2.276152508029483,-49.712959333722104
2026-04-14T12:33:28.040,4.00406670594613,4.005781889306419,4.004300117748983,4.003807068098013,0.03342915929557345,2.5416912163311878,3.6136808165121437,2.687573593114223,2.379417561257924,-49.58213550880533
2026-04-14T12:33:28.147,4.00406670594613,4.005781889306419,4.004300117748983,4.003807068098013,0.03342915929557345,2.5416912163311878,3.6136808165121437,2.687573593114223,2.379417561257924,-49.58213550880533
2026-04-14T12:33:28.257,4.00406670594613,4.005781889306419,4.004300117748983,4.003807068098013,0.03342915929557345,2.5416912163311878,3.6136808165121437,2.687573593114223,2.379417561257924,-49.58213550880533
2026-04-14T12:33:28.367,4.003342867096833,4.005464554158721,4.004575491224259,4.004127025850238,0.030396934390747088,2.089291935520876,3.4153463492003766,2.8596820151616242,2.5793911563987137,-49.62003832011566
2026-04-14T12:33:28.476,4.003342867096833,4.005464554158721,4.004575491224259,4.004127025850238,0.030396934390747088,2.089291935520876,3.4153463492003766,2.8596820151616242,2.5793911563987137,-49.62003832011566
2026-04-14T12:33:28.585,4.003342867096833,4.005464554158721,4.004575491224259,4.004127025850238,0.030396934390747088,2.089291935520876,3.4153463492003766,2.8596820151616242,2.5793911563987137,-49.62003832011566
2026-04-14T12:33:28.696,4.004016876460128,4.005574703548831,4.004074573759709,4.003321886260622,0.024242862170114263,2.5105477875797533,3.484189718019337,2.5466085998182564,2.076178912888693,-49.696964222873575
2026-04-14T12:33:28.805,4.004016876460128,4.005574703548831,4.004074573759709,4.003321886260622,0.024242862170114263,2.5105477875797533,3.484189718019337,2.5466085998182564,2.076178912888693,-49.696964222873575
2026-04-14T12:33:28.914,4.004016876460128,4.005574703548831,4.004074573759709,4.003321886260622,0.024242862170114263,2.5105477875797533,3.484189718019337,2.5466085998182564,2.076178912888693,-49.696964222873575
2026-04-14T12:33:29.023,4.004418134952672,4.005543232294514,4.004050970318971,4.003471374718629,0.028709045650622062,2.761334345420252,3.4645201840710627,2.5318564493570506,2.1696091991429967,-49.64113692936722
2026-04-14T12:33:29.134,4.004418134952672,4.005543232294514,4.004050970318971,4.003471374718629,0.028709045650622062,2.761334345420252,3.4645201840710627,2.5318564493570506,2.1696091991429967,-49.64113692936722
2026-04-14T12:33:29.242,4.004418134952672,4.005543232294514,4.004050970318971,4.003471374718629,0.028709045650622062,2.761334345420252,3.4645201840710627,2.5318564493570506,2.1696091991429967,-49.64113692936722
2026-04-14T12:33:29.352,4.004360437653091,4.005579948757884,4.004418134952672,4.003293037610831,0.03633192960676192,2.725273533181749,3.487467973677383,2.761334345420252,2.0581485067694416,-49.54585087991548
2026-04-14T12:33:29.460,4.004360437653091,4.005579948757884,4.004418134952672,4.003293037610831,0.03633192960676192,2.725273533181749,3.487467973677383,2.761334345420252,2.0581485067694416,-49.54585087991548
2026-04-14T12:33:29.569,4.004360437653091,4.005579948757884,4.004418134952672,4.003293037610831,0.03633192960676192,2.725273533181749,3.487467973677383,2.761334345420252,2.0581485067694416,-49.54585087991548
2026-04-14T12:33:29.677,4.004071951155183,4.005968094227796,4.003990650414863,4.004011631251075,0.03345405440973459,2.5449694719892335,3.7300588923727673,2.4941565092895246,2.5072695319217075,-49.58182431987832
2026-04-14T12:33:29.786,4.004071951155183,4.005968094227796,4.003990650414863,4.004011631251075,0.03345405440973459,2.5449694719892335,3.7300588923727673,2.4941565092895246,2.5072695319217075,-49.58182431987832
2026-04-14T12:33:29.894,4.004071951155183,4.005968094227796,4.003990650414863,4.004011631251075,0.03345405440973459,2.5449694719892335,3.7300588923727673,2.4941565092895246,2.5072695319217075,-49.58182431987832
2026-04-14T12:33:30.003,4.004061460737077,4.005687475543468,4.004391908907408,4.003550052854422,0.039284490146272645,2.538412960673142,3.5546722146673204,2.7449430671300235,2.2187830340136827,-49.50894387317159
2026-04-14T12:33:30.111,4.004061460737077,4.005687475543468,4.004391908907408,4.003550052854422,0.039284490146272645,2.538412960673142,3.5546722146673204,2.7449430671300235,2.2187830340136827,-49.50894387317159
2026-04-14T12:33:30.219,4.004061460737077,4.005687475543468,4.004391908907408,4.003550052854422,0.039284490146272645,2.538412960673142,3.5546722146673204,2.7449430671300235,2.2187830340136827,-49.50894387317159
2026-04-14T12:33:30.329,4.004116535432132,4.005957603809691,4.003759861216538,4.00368380568527,0.03613276869347282,2.5728346450826223,3.723502381056676,2.3499132603360673,2.302378553293849,-49.54834039133159
2026-04-14T12:33:30.438,4.004116535432132,4.005957603809691,4.003759861216538,4.00368380568527,0.03613276869347282,2.5728346450826223,3.723502381056676,2.3499132603360673,2.302378553293849,-49.54834039133159
2026-04-14T12:33:30.547,4.004116535432132,4.005957603809691,4.003759861216538,4.00368380568527,0.03613276869347282,2.5728346450826223,3.723502381056676,2.3499132603360673,2.302378553293849,-49.54834039133159
2026-04-14T12:33:30.656,4.004019499064654,4.005831718792422,4.004360437653091,4.003953933951494,0.02814143704774816,2.512186915408776,3.644824245263578,2.725273533181749,2.4712087196837595,-49.64823203690315
2026-04-14T12:33:30.765,4.004019499064654,4.005831718792422,4.004360437653091,4.003953933951494,0.02814143704774816,2.512186915408776,3.644824245263578,2.725273533181749,2.4712087196837595,-49.64823203690315
2026-04-14T12:33:30.874,4.004019499064654,4.005831718792422,4.004360437653091,4.003953933951494,0.02814143704774816,2.512186915408776,3.644824245263578,2.725273533181749,2.4712087196837595,-49.64823203690315
2026-04-14T12:33:30.984,4.004210949195084,4.005645513871045,4.0038752558157,4.003870010606647,0.03340426418141232,2.6318432469274455,3.5284461694029545,2.4220348848125184,2.4187566291544726,-49.582446697732344
2026-04-14T12:33:31.092,4.004210949195084,4.005645513871045,4.0038752558157,4.003870010606647,0.03340426418141232,2.6318432469274455,3.5284461694029545,2.4220348848125184,2.4187566291544726,-49.582446697732344
2026-04-14T12:33:31.201,4.004210949195084,4.005645513871045,4.0038752558157,4.003870010606647,0.03340426418141232,2.6318432469274455,3.5284461694029545,2.4220348848125184,2.4187566291544726,-49.582446697732344
2026-04-14T12:33:31.324,4.003161907384509,4.005973339436849,4.003822803725171,4.003159284779983,0.0323039001354901,1.9761921153182982,3.733337148030813,2.389252328232061,1.9745529874892753,-49.59620124830638
2026-04-14T12:33:31.432,4.003161907384509,4.005973339436849,4.003822803725171,4.003159284779983,0.0323039001354901,1.9761921153182982,3.733337148030813,2.389252328232061,1.9745529874892753,-49.59620124830638
2026-04-14T12:33:31.541,4.003161907384509,4.005973339436849,4.003822803725171,4.003159284779983,0.0323039001354901,1.9761921153182982,3.733337148030813,2.389252328232061,1.9745529874892753,-49.59620124830638
2026-04-14T12:33:31.651,4.003211736870512,4.005742550238523,4.004336834212353,4.003460884300523,0.025890918727581466,2.0073355440697327,3.5890938990768007,2.710521382720543,2.163052687826905,-49.67636351590523
2026-04-14T12:33:31.759,4.003211736870512,4.005742550238523,4.004336834212353,4.003460884300523,0.025890918727581466,2.0073355440697327,3.5890938990768007,2.710521382720543,2.163052687826905,-49.67636351590523
2026-04-14T12:33:31.868,4.003211736870512,4.005742550238523,4.004336834212353,4.003460884300523,0.025890918727581466,2.0073355440697327,3.5890938990768007,2.710521382720543,2.163052687826905,-49.67636351590523
2026-04-14T12:33:31.977,4.004174232731714,4.0053439143505045,4.003893614047386,4.003293037610831,0.027354751440256266,2.6088954573211254,3.3399464690653247,2.4335087796162336,2.0581485067694416,-49.6580656069968
2026-04-14T12:33:32.086,4.004174232731714,4.0053439143505045,4.003893614047386,4.003293037610831,0.027354751440256266,2.6088954573211254,3.3399464690653247,2.4335087796162336,2.0581485067694416,-49.6580656069968
2026-04-14T12:33:32.196,4.004174232731714,4.0053439143505045,4.003893614047386,4.003293037610831,0.027354751440256266,2.6088954573211254,3.3399464690653247,2.4335087796162336,2.0581485067694416,-49.6580656069968
2026-04-14T12:33:32.303,4.003825426329698,4.005857944837686,4.004635811128367,4.003342867096833,0.024641183996692437,2.390891456061084,3.661215523553807,2.89738195522915,2.089291935520876,-49.691985200041344
2026-04-14T12:33:32.413,4.003825426329698,4.005857944837686,4.004635811128367,4.003342867096833,0.024641183996692437,2.390891456061084,3.661215523553807,2.89738195522915,2.089291935520876,-49.691985200041344
2026-04-14T12:33:32.522,4.003825426329698,4.005857944837686,4.004635811128367,4.003342867096833,0.024641183996692437,2.390891456061084,3.661215523553807,2.89738195522915,2.089291935520876,-49.691985200041344
2026-04-14T12:33:32.631,4.004043102505392,4.005598306989569,4.003681183080744,4.003893614047386,0.02221142085456556,2.526939065869982,3.498941868480543,2.300739425464826,2.4335087796162336,-49.72235723931793
2026-04-14T12:33:32.741,4.004043102505392,4.005598306989569,4.003681183080744,4.003893614047386,0.02221142085456556,2.526939065869982,3.498941868480543,2.300739425464826,2.4335087796162336,-49.72235723931793
2026-04-14T12:33:32.852,4.004043102505392,4.005598306989569,4.003681183080744,4.003893614047386,0.02221142085456556,2.526939065869982,3.498941868480543,2.300739425464826,2.4335087796162336,-49.72235723931793
2026-04-14T12:33:32.961,4.0036077501540035,4.005551100108093,4.003995895623916,4.003460884300523,0.030521409961552764,2.254843846252186,3.4694375675581313,2.4974347649475703,2.163052687826905,-49.61848237548059
2026-04-14T12:33:33.069,4.0036077501540035,4.005551100108093,4.003995895623916,4.003460884300523,0.030521409961552764,2.254843846252186,3.4694375675581313,2.4974347649475703,2.163052687826905,-49.61848237548059
2026-04-14T12:33:33.178,4.0036077501540035,4.005551100108093,4.003995895623916,4.003460884300523,0.030521409961552764,2.254843846252186,3.4694375675581313,2.4974347649475703,2.163052687826905,-49.61848237548059
2026-04-14T12:33:33.286,4.003828048934224,4.005718946797785,4.003930330510755,4.003196001243353,0.01995592351156664,2.3925305838901068,3.574341748615595,2.4564565692219986,1.9975007770955955,-49.750550956105414
2026-04-14T12:33:33.396,4.003828048934224,4.005718946797785,4.003930330510755,4.003196001243353,0.01995592351156664,2.3925305838901068,3.574341748615595,2.4564565692219986,1.9975007770955955,-49.750550956105414
2026-04-14T12:33:33.504,4.003828048934224,4.005718946797785,4.003930330510755,4.003196001243353,0.01995592351156664,2.3925305838901068,3.574341748615595,2.4564565692219986,1.9975007770955955,-49.750550956105414
2026-04-14T12:33:33.615,4.003786087261801,4.00585532223316,4.004043102505392,4.003833294143277,0.018531922981549657,2.366304538625741,3.659576395724784,2.526939065869982,2.3958088395481525,-49.76835096273063
2026-04-14T12:33:33.724,4.003786087261801,4.00585532223316,4.004043102505392,4.003833294143277,0.018531922981549657,2.366304538625741,3.659576395724784,2.526939065869982,2.3958088395481525,-49.76835096273063
2026-04-14T12:33:33.833,4.003786087261801,4.00585532223316,4.004043102505392,4.003833294143277,0.018531922981549657,2.366304538625741,3.659576395724784,2.526939065869982,2.3958088395481525,-49.76835096273063
2026-04-14T12:33:33.940,4.003932953115282,4.005687475543468,4.004098177200447,4.003775596843695,0.023769855001052678,2.4580956970510215,3.5546722146673204,2.561360750279462,2.3597480273096494,-49.70287681248684
2026-04-14T12:33:34.050,4.003932953115282,4.005687475543468,4.004098177200447,4.003775596843695,0.023769855001052678,2.4580956970510215,3.5546722146673204,2.561360750279462,2.3597480273096494,-49.70287681248684
2026-04-14T12:33:34.161,4.003932953115282,4.005687475543468,4.004098177200447,4.003775596843695,0.023769855001052678,2.4580956970510215,3.5546722146673204,2.561360750279462,2.3597480273096494,-49.70287681248684
2026-04-14T12:33:34.269,4.004019499064654,4.005931377764426,4.003754616007484,4.003712654335061,0.018596650278368612,2.512186915408776,3.707111102766447,2.3466350046774664,2.3204089594131005,-49.76754187152039
2026-04-14T12:33:34.380,4.004019499064654,4.005931377764426,4.003754616007484,4.003712654335061,0.018596650278368612,2.512186915408776,3.707111102766447,2.3466350046774664,2.3204089594131005,-49.76754187152039
2026-04-14T12:33:34.488,4.004019499064654,4.005931377764426,4.003754616007484,4.003712654335061,0.018596650278368612,2.512186915408776,3.707111102766447,2.3466350046774664,2.3204089594131005,-49.76754187152039
2026-04-14T12:33:34.596,4.003571033690633,4.0055301192718815,4.004423380161725,4.003429413046206,0.015385180551582063,2.2318960566458657,3.4563245449259483,2.764612601078298,2.1433831538786308,-49.807685243105226
2026-04-14T12:33:34.706,4.003571033690633,4.0055301192718815,4.004423380161725,4.003429413046206,0.015385180551582063,2.2318960566458657,3.4563245449259483,2.764612601078298,2.1433831538786308,-49.807685243105226
2026-04-14T12:33:34.815,4.003571033690633,4.0055301192718815,4.004423380161725,4.003429413046206,0.015385180551582063,2.2318960566458657,3.4563245449259483,2.764612601078298,2.1433831538786308,-49.807685243105226
2026-04-14T12:33:34.924,4.003592014526845,4.0055117610401965,4.004153251895502,4.003392696582836,0.02261472170397596,2.2450090792780486,3.4448506501227882,2.5957824346889424,2.1204353642723106,-49.7173159787003
2026-04-14T12:33:35.033,4.003592014526845,4.0055117610401965,4.004153251895502,4.003392696582836,0.02261472170397596,2.2450090792780486,3.4448506501227882,2.5957824346889424,2.1204353642723106,-49.7173159787003
2026-04-14T12:33:35.143,4.003592014526845,4.0055117610401965,4.004153251895502,4.003392696582836,0.02261472170397596,2.2450090792780486,3.4448506501227882,2.5957824346889424,2.1204353642723106,-49.7173159787003
2026-04-14T12:33:35.250,4.003898859256438,4.005768776283787,4.003770351634643,4.004410267139093,0.024969799503619435,2.436787035273724,3.6054851773670293,2.3564697716516037,2.7564169619331835,-49.68787750620476
2026-04-14T12:33:35.359,4.003898859256438,4.005768776283787,4.003770351634643,4.004410267139093,0.024969799503619435,2.436787035273724,3.6054851773670293,2.3564697716516037,2.7564169619331835,-49.68787750620476
2026-04-14T12:33:35.469,4.003898859256438,4.005768776283787,4.003770351634643,4.004410267139093,0.024969799503619435,2.436787035273724,3.6054851773670293,2.3564697716516037,2.7564169619331835,-49.68787750620476
2026-04-14T12:33:35.576,4.00352907201821,4.005370140395769,4.0045807364333115,4.0041034224095,0.021813099027987386,2.2056700113814998,3.3563377473555533,2.86296027081967,2.564639005937508,-49.72733626215016
2026-04-14T12:33:35.686,4.00352907201821,4.005370140395769,4.0045807364333115,4.0041034224095,0.021813099027987386,2.2056700113814998,3.3563377473555533,2.86296027081967,2.564639005937508,-49.72733626215016
2026-04-14T12:33:35.796,4.00352907201821,4.005370140395769,4.0045807364333115,4.0041034224095,0.021813099027987386,2.2056700113814998,3.3563377473555533,2.86296027081967,2.564639005937508,-49.72733626215016
2026-04-14T12:33:35.905,4.003809690702539,4.005522251458302,4.003762483821063,4.003788709866328,0.021006497329166575,2.3810566890869467,3.4514071614388797,2.351552388164535,2.3679436664547637,-49.737418783385415
2026-04-14T12:33:36.014,4.003809690702539,4.005522251458302,4.003762483821063,4.003788709866328,0.021006497329166575,2.3810566890869467,3.4514071614388797,2.351552388164535,2.3679436664547637,-49.737418783385415
2026-04-14T12:33:36.125,4.003809690702539,4.005522251458302,4.003762483821063,4.003788709866328,0.021006497329166575,2.3810566890869467,3.4514071614388797,2.351552388164535,2.3679436664547637,-49.737418783385415
2026-04-14T12:33:36.233,4.003770351634643,4.005661249498203,4.004137516268344,4.003883123629279,0.03609293651081501,2.3564697716516037,3.5382809363770917,2.585947667714805,2.426952268299587,-49.548838293614814
2026-04-14T12:33:36.342,4.003770351634643,4.005661249498203,4.004137516268344,4.003883123629279,0.03609293651081501,2.3564697716516037,3.5382809363770917,2.585947667714805,2.426952268299587,-49.548838293614814
2026-04-14T12:33:36.465,4.003770351634643,4.005661249498203,4.004137516268344,4.003883123629279,0.03609293651081501,2.3564697716516037,3.5382809363770917,2.585947667714805,2.426952268299587,-49.548838293614814
2026-04-14T12:33:36.574,4.003342867096833,4.005595684385042,4.004284382121824,4.003557920668001,0.03222423577017447,2.089291935520876,3.49730274065152,2.677738826140086,2.2237004175007513,-49.59719705287282
2026-04-14T12:33:36.683,4.003342867096833,4.005595684385042,4.004284382121824,4.003557920668001,0.03222423577017447,2.089291935520876,3.49730274065152,2.677738826140086,2.2237004175007513,-49.59719705287282
2026-04-14T12:33:36.792,4.003342867096833,4.005595684385042,4.004284382121824,4.003557920668001,0.03222423577017447,2.089291935520876,3.49730274065152,2.677738826140086,2.2237004175007513,-49.59719705287282
2026-04-14T12:33:36.901,4.003450393882417,4.005461931554194,4.004087686782342,4.003754616007484,0.044547317279936806,2.1564961765108137,3.4137072213713537,2.554804238963926,2.3466350046774664,-49.443158534000794
2026-04-14T12:33:37.009,4.003450393882417,4.005461931554194,4.004087686782342,4.003754616007484,0.044547317279936806,2.1564961765108137,3.4137072213713537,2.554804238963926,2.3466350046774664,-49.443158534000794
2026-04-14T12:33:37.118,4.003450393882417,4.005461931554194,4.004087686782342,4.003754616007484,0.044547317279936806,2.1564961765108137,3.4137072213713537,2.554804238963926,2.3466350046774664,-49.443158534000794
2026-04-14T12:33:37.226,4.003707409126008,4.005724192006838,4.003946066137914,4.00361037275853,0.031303116546212435,2.317130703755055,3.5776200042736406,2.466291336196136,2.2564829740812087,-49.60871104317234
2026-04-14T12:33:37.336,4.003707409126008,4.005724192006838,4.003946066137914,4.00361037275853,0.031303116546212435,2.317130703755055,3.5776200042736406,2.466291336196136,2.2564829740812087,-49.60871104317234
2026-04-14T12:33:37.445,4.003707409126008,4.005724192006838,4.003946066137914,4.00361037275853,0.031303116546212435,2.317130703755055,3.5776200042736406,2.466291336196136,2.2564829740812087,-49.60871104317234
2026-04-14T12:33:37.553,4.0038359167478035,4.005687475543468,4.003885746233806,4.004113912827606,0.032911340921021826,2.3974479673771754,3.5546722146673204,2.42859139612861,2.5711955172535994,-49.588608238487225
2026-04-14T12:33:37.662,4.0038359167478035,4.005687475543468,4.003885746233806,4.004113912827606,0.032911340921021826,2.3974479673771754,3.5546722146673204,2.42859139612861,2.5711955172535994,-49.588608238487225
2026-04-14T12:33:37.773,4.0038359167478035,4.005687475543468,4.003885746233806,4.004113912827606,0.032911340921021826,2.3974479673771754,3.5546722146673204,2.42859139612861,2.5711955172535994,-49.588608238487225
2026-04-14T12:33:37.884,4.003736257775799,4.005485534994932,4.003484487741261,4.003437280859785,0.039428881808407236,2.3351611098743064,3.4284593718325596,2.177804838288111,2.1483005373656994,-49.50713897739491
2026-04-14T12:33:37.993,4.003736257775799,4.005485534994932,4.003484487741261,4.003437280859785,0.039428881808407236,2.3351611098743064,3.4284593718325596,2.177804838288111,2.1483005373656994,-49.50713897739491
2026-04-14T12:33:38.102,4.003736257775799,4.005485534994932,4.003484487741261,4.003437280859785,0.039428881808407236,2.3351611098743064,3.4284593718325596,2.177804838288111,2.1483005373656994,-49.50713897739491
2026-04-14T12:33:38.211,4.003843784561383,4.005566835735252,4.004129648454764,4.00369954131243,0.032503061048779196,2.402365350864244,3.4792723345322685,2.5810302842277366,2.3122133202685413,-49.59371173689026
2026-04-14T12:33:38.320,4.003843784561383,4.005566835735252,4.004129648454764,4.00369954131243,0.032503061048779196,2.402365350864244,3.4792723345322685,2.5810302842277366,2.3122133202685413,-49.59371173689026
2026-04-14T12:33:38.429,4.003843784561383,4.005566835735252,4.004129648454764,4.00369954131243,0.032503061048779196,2.402365350864244,3.4792723345322685,2.5810302842277366,2.3122133202685413,-49.59371173689026
2026-04-14T12:33:38.537,4.0030438901808205,4.005873680464845,4.004161119709082,4.003342867096833,0.03250804007161142,1.9024313630128242,3.671050290527944,2.600699818176011,2.089291935520876,-49.593649499104856
2026-04-14T12:33:38.645,4.0030438901808205,4.005873680464845,4.004161119709082,4.003342867096833,0.03250804007161142,1.9024313630128242,3.671050290527944,2.600699818176011,2.089291935520876,-49.593649499104856
2026-04-14T12:33:38.753,4.0030438901808205,4.005873680464845,4.004161119709082,4.003342867096833,0.03250804007161142,1.9024313630128242,3.671050290527944,2.600699818176011,2.089291935520876,-49.593649499104856
2026-04-14T12:33:38.863,4.003670692662638,4.0054697993677735,4.00394868874244,4.003830671538751,0.0319005992860797,2.2941829141487347,3.4186246048584223,2.4679304640251587,2.3941697117191296,-49.601242508924
2026-04-14T12:33:38.972,4.003670692662638,4.0054697993677735,4.00394868874244,4.003830671538751,0.0319005992860797,2.2941829141487347,3.4186246048584223,2.4679304640251587,2.3941697117191296,-49.601242508924
2026-04-14T12:33:39.081,4.003670692662638,4.0054697993677735,4.00394868874244,4.003830671538751,0.0319005992860797,2.2941829141487347,3.4186246048584223,2.4679304640251587,2.3941697117191296,-49.601242508924
2026-04-14T12:33:39.190,4.003594637131371,4.005430460299877,4.003846407165909,4.003342867096833,0.017700426168567714,2.2466482071070715,3.3940376874230793,2.404004478693267,2.089291935520876,-49.778744672892905
2026-04-14T12:33:39.301,4.003594637131371,4.005430460299877,4.003846407165909,4.003342867096833,0.017700426168567714,2.2466482071070715,3.3940376874230793,2.404004478693267,2.089291935520876,-49.778744672892905
2026-04-14T12:33:39.409,4.003594637131371,4.005430460299877,4.003846407165909,4.003342867096833,0.017700426168567714,2.2466482071070715,3.3940376874230793,2.404004478693267,2.089291935520876,-49.778744672892905
2026-04-14T12:33:39.517,4.00402998948276,4.005975962041376,4.0034635069050495,4.003856897584015,0.02711575834430936,2.5187434267248676,3.734976275859836,2.164691815655928,2.4105609900093583,-49.66105302069613
2026-04-14T12:33:39.625,4.00402998948276,4.005975962041376,4.0034635069050495,4.003856897584015,0.02711575834430936,2.5187434267248676,3.734976275859836,2.164691815655928,2.4105609900093583,-49.66105302069613
2026-04-14T12:33:39.736,4.00402998948276,4.005975962041376,4.0034635069050495,4.003856897584015,0.02711575834430936,2.5187434267248676,3.734976275859836,2.164691815655928,2.4105609900093583,-49.66105302069613
2026-04-14T12:33:39.846,4.003269434170093,4.005863190046739,4.004095554595921,4.003657579640006,0.02990899015318882,2.043396356308236,3.6644937792118526,2.5597216224504393,2.2859872750036203,-49.62613762308514
2026-04-14T12:33:39.954,4.003269434170093,4.005863190046739,4.004095554595921,4.003657579640006,0.02990899015318882,2.043396356308236,3.6644937792118526,2.5597216224504393,2.2859872750036203,-49.62613762308514
2026-04-14T12:33:40.062,4.003269434170093,4.005863190046739,4.004095554595921,4.003657579640006,0.02990899015318882,2.043396356308236,3.6644937792118526,2.5597216224504393,2.2859872750036203,-49.62613762308514
2026-04-14T12:33:40.171,4.0035238268091575,4.005593061780517,4.003557920668001,4.003712654335061,0.017989209492836892,2.202391755723454,3.4956636128230523,2.2237004175007513,2.3204089594131005,-49.77513488133954
2026-04-14T12:33:40.280,4.0035238268091575,4.005593061780517,4.003557920668001,4.003712654335061,0.017989209492836892,2.202391755723454,3.4956636128230523,2.2237004175007513,2.3204089594131005,-49.77513488133954
2026-04-14T12:33:40.389,4.0035238268091575,4.005593061780517,4.003557920668001,4.003712654335061,0.017989209492836892,2.202391755723454,3.4956636128230523,2.2237004175007513,2.3204089594131005,-49.77513488133954
2026-04-14T12:33:40.497,4.003686428289797,4.005490780203985,4.004006386042022,4.004273891703718,0.02857461203415193,2.304017681122872,3.4317376274906053,2.503991276263662,2.6711823148239944,-49.6428173495731
2026-04-14T12:33:40.621,4.003686428289797,4.005490780203985,4.004006386042022,4.004273891703718,0.02857461203415193,2.304017681122872,3.4317376274906053,2.503991276263662,2.6711823148239944,-49.6428173495731
2026-04-14T12:33:40.731,4.003686428289797,4.005490780203985,4.004006386042022,4.004273891703718,0.02857461203415193,2.304017681122872,3.4317376274906053,2.503991276263662,2.6711823148239944,-49.6428173495731
2026-04-14T12:33:40.841,4.003675937871691,4.0058186057697895,4.004095554595921,4.003725767357693,0.022559952452821466,2.2974611698067804,3.636628606118464,2.5597216224504393,2.328604598558215,-49.718000594339735
2026-04-14T12:33:40.949,4.003675937871691,4.0058186057697895,4.004095554595921,4.003725767357693,0.022559952452821466,2.2974611698067804,3.636628606118464,2.5597216224504393,2.328604598558215,-49.718000594339735
2026-04-14T12:33:41.057,4.003675937871691,4.0058186057697895,4.004095554595921,4.003725767357693,0.022559952452821466,2.2974611698067804,3.636628606118464,2.5597216224504393,2.328604598558215,-49.718000594339735
2026-04-14T12:33:41.166,4.003597259735898,4.005871057860318,4.004187345754346,4.003314018447043,0.027036093978993724,2.2482873349360943,3.669411162698921,2.6170910964662397,2.0712615294016246,-49.66204882526258
2026-04-14T12:33:41.263,4.003597259735898,4.005871057860318,4.004187345754346,4.003314018447043,0.027036093978993724,2.2482873349360943,3.669411162698921,2.6170910964662397,2.0712615294016246,-49.66204882526258
2026-04-14T12:33:41.386,4.003597259735898,4.005871057860318,4.004187345754346,4.003314018447043,0.027036093978993724,2.2482873349360943,3.669411162698921,2.6170910964662397,2.0712615294016246,-49.66204882526258
2026-04-14T12:33:41.493,4.003828048934224,4.005863190046739,4.004001140832969,4.004024744273707,0.02254999440715701,2.3925305838901068,3.6644937792118526,2.500713020605616,2.515465171066822,-49.718125069910535
2026-04-14T12:33:41.603,4.003828048934224,4.005863190046739,4.004001140832969,4.004024744273707,0.02254999440715701,2.3925305838901068,3.6644937792118526,2.500713020605616,2.515465171066822,-49.718125069910535
2026-04-14T12:33:41.705,4.003828048934224,4.005863190046739,4.004001140832969,4.004024744273707,0.02254999440715701,2.3925305838901068,3.6644937792118526,2.500713020605616,2.515465171066822,-49.718125069910535
2026-04-14T12:33:41.819,4.004297495144456,4.005218029333236,4.003744125589378,4.003940820928861,0.02394412080018063,2.6859344652852,3.261268333272227,2.340078493361375,2.46301308053809,-49.70069848999774
2026-04-14T12:33:41.929,4.004297495144456,4.005218029333236,4.003744125589378,4.003940820928861,0.02394412080018063,2.6859344652852,3.261268333272227,2.340078493361375,2.46301308053809,-49.70069848999774
2026-04-14T12:33:42.037,4.004297495144456,4.005218029333236,4.003744125589378,4.003940820928861,0.02394412080018063,2.6859344652852,3.261268333272227,2.340078493361375,2.46301308053809,-49.70069848999774
2026-04-14T12:33:42.147,4.003972292183178,4.005561590526199,4.004418134952672,4.003849029770436,0.032468207888953604,2.4826826144863645,3.4759940788742227,2.761334345420252,2.4056436065222897,-49.59414740138808
2026-04-14T12:33:42.255,4.003972292183178,4.005561590526199,4.004418134952672,4.003849029770436,0.032468207888953604,2.4826826144863645,3.4759940788742227,2.761334345420252,2.4056436065222897,-49.59414740138808
2026-04-14T12:33:42.364,4.003972292183178,4.005561590526199,4.004418134952672,4.003849029770436,0.032468207888953604,2.4826826144863645,3.4759940788742227,2.761334345420252,2.4056436065222897,-49.59414740138808
2026-04-14T12:33:42.474,4.003581524108739,4.0054461959270355,4.003605127549477,4.003392696582836,0.029884095039027683,2.238452567961957,3.4038724543972165,2.253204718423163,2.1204353642723106,-49.62644881201215
2026-04-14T12:33:42.582,4.003581524108739,4.0054461959270355,4.003605127549477,4.003392696582836,0.029884095039027683,2.238452567961957,3.4038724543972165,2.253204718423163,2.1204353642723106,-49.62644881201215
2026-04-14T12:33:42.691,4.003581524108739,4.0054461959270355,4.003605127549477,4.003392696582836,0.029884095039027683,2.238452567961957,3.4038724543972165,2.253204718423163,2.1204353642723106,-49.62644881201215
2026-04-14T12:33:42.800,4.0034399034643116,4.005886793487477,4.0040221216691805,4.003395319187362,0.03568465663857238,2.1499396651947222,3.6792459296730584,2.513826043237799,2.1220744921013335,-49.553941792017845
2026-04-14T12:33:42.909,4.0034399034643116,4.005886793487477,4.0040221216691805,4.003395319187362,0.03568465663857238,2.1499396651947222,3.6792459296730584,2.513826043237799,2.1220744921013335,-49.553941792017845
2026-04-14T12:33:43.018,4.0034399034643116,4.005886793487477,4.0040221216691805,4.003395319187362,0.03568465663857238,2.1499396651947222,3.6792459296730584,2.513826043237799,2.1220744921013335,-49.553941792017845
2026-04-14T12:33:43.126,4.003248453333882,4.005907774323688,4.003880501024753,4.0034215452326265,0.03391212451029949,2.030283333676053,3.6923589523052414,2.425313140470564,2.138465770391562,-49.576098443621255
2026-04-14T12:33:43.234,4.003248453333882,4.005907774323688,4.003880501024753,4.0034215452326265,0.03391212451029949,2.030283333676053,3.6923589523052414,2.425313140470564,2.138465770391562,-49.576098443621255
2026-04-14T12:33:43.342,4.003248453333882,4.005907774323688,4.003880501024753,4.0034215452326265,0.03391212451029949,2.030283333676053,3.6923589523052414,2.425313140470564,2.138465770391562,-49.576098443621255
2026-04-14T12:33:43.453,4.003890991442859,4.005886793487477,4.004137516268344,4.00361037275853,0.0321196762906977,2.4318696517866556,3.6792459296730584,2.585947667714805,2.2564829740812087,-49.59850404636627
2026-04-14T12:33:43.562,4.003890991442859,4.005886793487477,4.004137516268344,4.00361037275853,0.0321196762906977,2.4318696517866556,3.6792459296730584,2.585947667714805,2.2564829740812087,-49.59850404636627
2026-04-14T12:33:43.671,4.003890991442859,4.005886793487477,4.004137516268344,4.00361037275853,0.0321196762906977,2.4318696517866556,3.6792459296730584,2.585947667714805,2.2564829740812087,-49.59850404636627
2026-04-14T12:33:43.780,4.003686428289797,4.005823850978842,4.004386663698355,4.003122568316613,0.03896085366217788,2.304017681122872,3.6399068617765096,2.7416648114719777,1.9516051978829552,-49.512989329222776
2026-04-14T12:33:43.890,4.003686428289797,4.005823850978842,4.004386663698355,4.003122568316613,0.03896085366217788,2.304017681122872,3.6399068617765096,2.7416648114719777,1.9516051978829552,-49.512989329222776
2026-04-14T12:33:44.000,4.003686428289797,4.005823850978842,4.004386663698355,4.003122568316613,0.03896085366217788,2.304017681122872,3.6399068617765096,2.7416648114719777,1.9516051978829552,-49.512989329222776
2026-04-14T12:33:44.107,4.00421357179961,4.005826473583369,4.0040404799008655,4.003314018447043,0.029684934125738596,2.6334823747564684,3.6415459896055324,2.525299938040959,2.0712615294016246,-49.628938323428265
2026-04-14T12:33:44.217,4.00421357179961,4.005826473583369,4.0040404799008655,4.003314018447043,0.029684934125738596,2.6334823747564684,3.6415459896055324,2.525299938040959,2.0712615294016246,-49.628938323428265
2026-04-14T12:33:44.325,4.00421357179961,4.005826473583369,4.0040404799008655,4.003314018447043,0.029684934125738596,2.6334823747564684,3.6415459896055324,2.525299938040959,2.0712615294016246,-49.628938323428265
2026-04-14T12:33:44.435,4.003932953115282,4.005910396928215,4.003460884300523,4.0035238268091575,0.0360730204194861,2.4580956970510215,3.6939980801342642,2.163052687826905,2.202391755723454,-49.54908724475642
2026-04-14T12:33:44.546,4.003932953115282,4.005910396928215,4.003460884300523,4.0035238268091575,0.0360730204194861,2.4580956970510215,3.6939980801342642,2.163052687826905,2.202391755723454,-49.54908724475642
2026-04-14T12:33:44.654,4.003932953115282,4.005910396928215,4.003460884300523,4.0035238268091575,0.0360730204194861,2.4580956970510215,3.6939980801342642,2.163052687826905,2.202391755723454,-49.54908724475642
2026-04-14T12:33:44.764,4.004192590963399,4.005558967921672,4.004378795884776,4.003738880380325,0.0395682944477096,2.6203693521242855,3.4743549510452,2.736747427984909,2.3368002377033292,-49.50539631940363
2026-04-14T12:33:44.873,4.004192590963399,4.005558967921672,4.004378795884776,4.003738880380325,0.0395682944477096,2.6203693521242855,3.4743549510452,2.736747427984909,2.3368002377033292,-49.50539631940363
2026-04-14T12:33:44.983,4.004192590963399,4.005558967921672,4.004378795884776,4.003738880380325,0.0395682944477096,2.6203693521242855,3.4743549510452,2.736747427984909,2.3368002377033292,-49.50539631940363
2026-04-14T12:33:45.092,4.003917217488123,4.006067753199801,4.004465341834148,4.003321886260622,0.032109718245033246,2.4482609300768843,3.7923457498756363,2.7908386463426638,2.076178912888693,-49.59862852193708
2026-04-14T12:33:45.200,4.003917217488123,4.006067753199801,4.004465341834148,4.003321886260622,0.032109718245033246,2.4482609300768843,3.7923457498756363,2.7908386463426638,2.076178912888693,-49.59862852193708
2026-04-14T12:33:45.323,4.003917217488123,4.006067753199801,4.004465341834148,4.003321886260622,0.032109718245033246,2.4482609300768843,3.7923457498756363,2.7908386463426638,2.076178912888693,-49.59862852193708
2026-04-14T12:33:45.432,4.00350022336842,4.005490780203985,4.004035234691813,4.003901481860964,0.03493282419090607,2.187639605262248,3.4317376274906053,2.5220216823829134,2.438426163102747,-49.56333969761367
2026-04-14T12:33:45.542,4.00350022336842,4.005490780203985,4.004035234691813,4.003901481860964,0.03493282419090607,2.187639605262248,3.4317376274906053,2.5220216823829134,2.438426163102747,-49.56333969761367
2026-04-14T12:33:45.650,4.00350022336842,4.005490780203985,4.004035234691813,4.003901481860964,0.03493282419090607,2.187639605262248,3.4317376274906053,2.5220216823829134,2.438426163102747,-49.56333969761367
2026-04-14T12:33:45.760,4.003618240572109,4.005537987085461,4.004150629290976,4.003888368838332,0.04665344393796891,2.2614003575682773,3.461241928413017,2.5941433068599196,2.4302305239576327,-49.41683195077539
2026-04-14T12:33:45.867,4.003618240572109,4.005537987085461,4.004150629290976,4.003888368838332,0.04665344393796891,2.2614003575682773,3.461241928413017,2.5941433068599196,2.4302305239576327,-49.41683195077539
2026-04-14T12:33:45.976,4.003618240572109,4.005537987085461,4.004150629290976,4.003888368838332,0.04665344393796891,2.2614003575682773,3.461241928413017,2.5941433068599196,2.4302305239576327,-49.41683195077539
2026-04-14T12:33:46.087,4.003922462697176,4.005454063740615,4.004003763437495,4.0035474302498955,0.04345193225684681,2.45153918573493,3.408789837884285,2.502352148434639,2.21714390618466,-49.456850846789415
2026-04-14T12:33:46.195,4.003922462697176,4.005454063740615,4.004003763437495,4.0035474302498955,0.04345193225684681,2.45153918573493,3.408789837884285,2.502352148434639,2.21714390618466,-49.456850846789415
2026-04-14T12:33:46.304,4.003922462697176,4.005454063740615,4.004003763437495,4.0035474302498955,0.04345193225684681,2.45153918573493,3.408789837884285,2.502352148434639,2.21714390618466,-49.456850846789415
2026-04-14T12:33:46.413,4.004090309386868,4.005496025413038,4.0037100317305345,4.003639221408321,0.04586177930764478,2.5564433667923936,3.435015883148651,2.3187698315840777,2.2745133802004602,-49.426727758654444
2026-04-14T12:33:46.521,4.004090309386868,4.005496025413038,4.0037100317305345,4.003639221408321,0.04586177930764478,2.5564433667923936,3.435015883148651,2.3187698315840777,2.2745133802004602,-49.426727758654444
2026-04-14T12:33:46.629,4.004090309386868,4.005496025413038,4.0037100317305345,4.003639221408321,0.04586177930764478,2.5564433667923936,3.435015883148651,2.3187698315840777,2.2745133802004602,-49.426727758654444
2026-04-14T12:33:46.753,4.0036680700581115,4.005936622973479,4.003961801765072,4.003744125589378,0.047111514038533815,2.292543786319712,3.710389358424493,2.476126103170273,2.340078493361375,-49.41110607451833
2026-04-14T12:33:46.849,4.0036680700581115,4.005936622973479,4.003961801765072,4.003744125589378,0.047111514038533815,2.292543786319712,3.710389358424493,2.476126103170273,2.340078493361375,-49.41110607451833
2026-04-14T12:33:46.958,4.0036680700581115,4.005936622973479,4.003961801765072,4.003744125589378,0.047111514038533815,2.292543786319712,3.710389358424493,2.476126103170273,2.340078493361375,-49.41110607451833
2026-04-14T12:33:47.067,4.003620863176636,4.0057582858656815,4.003723144753167,4.003888368838332,0.04484605864987043,2.2630394853973,3.598928666050938,2.326965470729192,2.4302305239576327,-49.43942426687662
2026-04-14T12:33:47.170,4.003620863176636,4.0057582858656815,4.003723144753167,4.003888368838332,0.04484605864987043,2.2630394853973,3.598928666050938,2.326965470729192,2.4302305239576327,-49.43942426687662
2026-04-14T12:33:47.286,4.003620863176636,4.0057582858656815,4.003723144753167,4.003888368838332,0.04484605864987043,2.2630394853973,3.598928666050938,2.326965470729192,2.4302305239576327,-49.43942426687662
2026-04-14T12:33:47.395,4.003880501024753,4.005894661301056,4.003678560476217,4.0036470892219,0.045961359764289327,2.425313140470564,3.684163313160127,2.2991002976358033,2.279430763687529,-49.425483002946386
2026-04-14T12:33:47.503,4.003880501024753,4.005894661301056,4.003678560476217,4.0036470892219,0.045961359764289327,2.425313140470564,3.684163313160127,2.2991002976358033,2.279430763687529,-49.425483002946386
2026-04-14T12:33:47.612,4.003880501024753,4.005894661301056,4.003678560476217,4.0036470892219,0.045961359764289327,2.425313140470564,3.684163313160127,2.2991002976358033,2.279430763687529,-49.425483002946386
2026-04-14T12:33:47.721,4.003476619927682,4.005708456379679,4.0042266848222425,4.00394868874244,0.050935403573684306,2.1728874548010424,3.5677852372995034,2.6416780139015827,2.4679304640251587,-49.36330745532895
2026-04-14T12:33:47.830,4.003476619927682,4.005708456379679,4.0042266848222425,4.00394868874244,0.050935403573684306,2.1728874548010424,3.5677852372995034,2.6416780139015827,2.4679304640251587,-49.36330745532895
2026-04-14T12:33:47.939,4.003476619927682,4.005708456379679,4.0042266848222425,4.00394868874244,0.050935403573684306,2.1728874548010424,3.5677852372995034,2.6416780139015827,2.4679304640251587,-49.36330745532895
2026-04-14T12:33:48.048,4.003429413046206,4.005771398888314,4.0041034224095,4.00440502193004,0.03938904962574942,2.1433831538786308,3.607124305196052,2.564639005937508,2.753138706275138,-49.50763687967813
2026-04-14T12:33:48.156,4.003429413046206,4.005771398888314,4.0041034224095,4.00440502193004,0.03938904962574942,2.1433831538786308,3.607124305196052,2.564639005937508,2.753138706275138,-49.50763687967813
2026-04-14T12:33:48.266,4.003429413046206,4.005771398888314,4.0041034224095,4.00440502193004,0.03938904962574942,2.1433831538786308,3.607124305196052,2.564639005937508,2.753138706275138,-49.50763687967813
2026-04-14T12:33:48.372,4.004003763437495,4.0056560042891505,4.003324508865148,4.003552675458948,0.040225525461563584,2.502352148434639,3.535002680719046,2.077818040717716,2.2204221618427056,-49.497180931730455
2026-04-14T12:33:48.482,4.004003763437495,4.0056560042891505,4.003324508865148,4.003552675458948,0.040225525461563584,2.502352148434639,3.535002680719046,2.077818040717716,2.2204221618427056,-49.497180931730455
2026-04-14T12:33:48.591,4.004003763437495,4.0056560042891505,4.003324508865148,4.003552675458948,0.040225525461563584,2.502352148434639,3.535002680719046,2.077818040717716,2.2204221618427056,-49.497180931730455
2026-04-14T12:33:48.716,4.004053592923498,4.005218029333236,4.0037336351712725,4.003780842052748,0.029187031842515875,2.5334955771860734,3.261268333272227,2.3335219820452835,2.363026282967695,-49.63516210196855
2026-04-14T12:33:48.841,4.004053592923498,4.005218029333236,4.0037336351712725,4.003780842052748,0.029187031842515875,2.5334955771860734,3.261268333272227,2.3335219820452835,2.363026282967695,-49.63516210196855
2026-04-14T12:33:48.949,4.004053592923498,4.005218029333236,4.0037336351712725,4.003780842052748,0.029187031842515875,2.5334955771860734,3.261268333272227,2.3335219820452835,2.363026282967695,-49.63516210196855
2026-04-14T12:33:49.058,4.0033376218877805,4.0056140426167275,4.004266023890139,4.003856897584015,0.03142261309418589,2.0860136798628304,3.50877663545468,2.6662649313369258,2.4105609900093583,-49.60721733632268
2026-04-14T12:33:49.166,4.0033376218877805,4.0056140426167275,4.004266023890139,4.003856897584015,0.03142261309418589,2.0860136798628304,3.50877663545468,2.6662649313369258,2.4105609900093583,-49.60721733632268
2026-04-14T12:33:49.275,4.0033376218877805,4.0056140426167275,4.004266023890139,4.003856897584015,0.03142261309418589,2.0860136798628304,3.50877663545468,2.6662649313369258,2.4105609900093583,-49.60721733632268
2026-04-14T12:33:49.383,4.003085851853243,4.005795002329052,4.004001140832969,4.003612995363056,0.03664560804519223,1.928657408276635,3.621876455657258,2.500713020605616,2.2581221019102315,-49.5419298994351
2026-04-14T12:33:49.491,4.003085851853243,4.005795002329052,4.004001140832969,4.003612995363056,0.03664560804519223,1.928657408276635,3.621876455657258,2.500713020605616,2.2581221019102315,-49.5419298994351
2026-04-14T12:33:49.600,4.003085851853243,4.005795002329052,4.004001140832969,4.003612995363056,0.03664560804519223,1.928657408276635,3.621876455657258,2.500713020605616,2.2581221019102315,-49.5419298994351
2026-04-14T12:33:49.710,4.004003763437495,4.005225897146815,4.004499435692992,4.003935575719808,0.027782947403827803,2.502352148434639,3.2661857167592956,2.812147308119961,2.4597348248800444,-49.652713157452155
2026-04-14T12:33:49.818,4.004003763437495,4.005225897146815,4.004499435692992,4.003935575719808,0.027782947403827803,2.502352148434639,3.2661857167592956,2.812147308119961,2.4597348248800444,-49.652713157452155
2026-04-14T12:33:49.927,4.004003763437495,4.005225897146815,4.004499435692992,4.003935575719808,0.027782947403827803,2.502352148434639,3.2661857167592956,2.812147308119961,2.4597348248800444,-49.652713157452155
2026-04-14T12:33:50.037,4.003531694622737,4.0057582858656815,4.004182100545293,4.003799200284433,0.03866211229224425,2.2073091392105226,3.598928666050938,2.613812840808194,2.374500177770855,-49.51672359634694
2026-04-14T12:33:50.146,4.003531694622737,4.0057582858656815,4.004182100545293,4.003799200284433,0.03866211229224425,2.2073091392105226,3.598928666050938,2.613812840808194,2.374500177770855,-49.51672359634694
2026-04-14T12:33:50.256,4.003531694622737,4.0057582858656815,4.004182100545293,4.003799200284433,0.03866211229224425,2.2073091392105226,3.598928666050938,2.613812840808194,2.374500177770855,-49.51672359634694
2026-04-14T12:33:50.365,4.003599882340424,4.005705833775153,4.003927707906229,4.004058838132551,0.02720040173245722,2.249926462765117,3.5661461094704805,2.4548174413929758,2.536773832844119,-49.65999497834429
2026-04-14T12:33:50.474,4.003599882340424,4.005705833775153,4.003927707906229,4.004058838132551,0.02720040173245722,2.249926462765117,3.5661461094704805,2.4548174413929758,2.536773832844119,-49.65999497834429
2026-04-14T12:33:50.583,4.003599882340424,4.005705833775153,4.003927707906229,4.004058838132551,0.02720040173245722,2.249926462765117,3.5661461094704805,2.4548174413929758,2.536773832844119,-49.65999497834429
2026-04-14T12:33:50.691,4.003290415006305,4.005781889306419,4.004279136912771,4.003770351634643,0.031885662217583016,2.0565093789404187,3.6136808165121437,2.67446057048204,2.3564697716516037,-49.60142922228022
2026-04-14T12:33:50.801,4.003290415006305,4.005781889306419,4.004279136912771,4.003770351634643,0.031885662217583016,2.0565093789404187,3.6136808165121437,2.67446057048204,2.3564697716516037,-49.60142922228022
2026-04-14T12:33:50.910,4.003290415006305,4.005781889306419,4.004279136912771,4.003770351634643,0.031885662217583016,2.0565093789404187,3.6136808165121437,2.67446057048204,2.3564697716516037,-49.60142922228022
2026-04-14T12:33:51.014,4.004502058297518,4.005711078984206,4.004271269099192,4.004195213567925,0.04016079816474463,2.813786435948984,3.5694243651285262,2.6695431869949715,2.6220084799533083,-49.49799002294069
2026-04-14T12:33:51.126,4.004502058297518,4.005711078984206,4.004271269099192,4.004195213567925,0.04016079816474463,2.813786435948984,3.5694243651285262,2.6695431869949715,2.6220084799533083,-49.49799002294069
2026-04-14T12:33:51.236,4.004502058297518,4.005711078984206,4.004271269099192,4.004195213567925,0.04016079816474463,2.813786435948984,3.5694243651285262,2.6695431869949715,2.6220084799533083,-49.49799002294069
2026-04-14T12:33:51.344,4.003675937871691,4.005787134515473,4.004127025850238,4.003707409126008,0.045931485627295966,2.2974611698067804,3.6169590721707445,2.5793911563987137,2.317130703755055,-49.4258564296588
2026-04-14T12:33:51.452,4.003675937871691,4.005787134515473,4.004127025850238,4.003707409126008,0.045931485627295966,2.2974611698067804,3.6169590721707445,2.5793911563987137,2.317130703755055,-49.4258564296588
2026-04-14T12:33:51.561,4.003675937871691,4.005787134515473,4.004127025850238,4.003707409126008,0.045931485627295966,2.2974611698067804,3.6169590721707445,2.5793911563987137,2.317130703755055,-49.4258564296588
2026-04-14T12:33:51.670,4.003390073978309,4.005692720752521,4.003914594883597,4.004100799804974,0.04342205811985345,2.1187962364432877,3.557950470325366,2.4466218022478614,2.562999878108485,-49.45722427350183
2026-04-14T12:33:51.778,4.003390073978309,4.005692720752521,4.003914594883597,4.004100799804974,0.04342205811985345,2.1187962364432877,3.557950470325366,2.4466218022478614,2.562999878108485,-49.45722427350183
2026-04-14T12:33:51.901,4.003390073978309,4.005692720752521,4.003914594883597,4.004100799804974,0.04342205811985345,2.1187962364432877,3.557950470325366,2.4466218022478614,2.562999878108485,-49.45722427350183
2026-04-14T12:33:52.009,4.003602504944951,4.005608797407675,4.003770351634643,4.003442526068838,0.03514692217269184,2.25156559059414,3.5054983797966344,2.3564697716516037,2.151578793023745,-49.560663472841355
2026-04-14T12:33:52.117,4.003602504944951,4.005608797407675,4.003770351634643,4.003442526068838,0.03514692217269184,2.25156559059414,3.5054983797966344,2.3564697716516037,2.151578793023745,-49.560663472841355
2026-04-14T12:33:52.225,4.003602504944951,4.005608797407675,4.003770351634643,4.003442526068838,0.03514692217269184,2.25156559059414,3.5054983797966344,2.3564697716516037,2.151578793023745,-49.560663472841355
2026-04-14T12:33:52.333,4.003904104465491,4.005267858819238,4.004092931991394,4.003578901504213,0.028016961476942482,2.44006529093177,3.2924117620236615,2.5580824946214165,2.2368134401329343,-49.64978798153822
2026-04-14T12:33:52.443,4.003904104465491,4.005267858819238,4.004092931991394,4.003578901504213,0.028016961476942482,2.44006529093177,3.2924117620236615,2.5580824946214165,2.2368134401329343,-49.64978798153822
2026-04-14T12:33:52.552,4.003904104465491,4.005267858819238,4.004092931991394,4.003578901504213,0.028016961476942482,2.44006529093177,3.2924117620236615,2.5580824946214165,2.2368134401329343,-49.64978798153822
2026-04-14T12:33:52.661,4.003707409126008,4.0057163241932585,4.00421357179961,4.003628730990215,0.023735001841227087,2.317130703755055,3.572702620786572,2.6334823747564684,2.2679568688843688,-49.703312476984664
2026-04-14T12:33:52.769,4.003707409126008,4.0057163241932585,4.00421357179961,4.003628730990215,0.023735001841227087,2.317130703755055,3.572702620786572,2.6334823747564684,2.2679568688843688,-49.703312476984664
2026-04-14T12:33:52.880,4.003707409126008,4.0057163241932585,4.00421357179961,4.003628730990215,0.023735001841227087,2.317130703755055,3.572702620786572,2.6334823747564684,2.2679568688843688,-49.703312476984664
2026-04-14T12:33:52.988,4.0037939550753805,4.005540609689987,4.003654957035479,4.003885746233806,0.030989438107782125,2.3712219221128095,3.46288105624204,2.2843481471745974,2.42859139612861,-49.61263202365272
2026-04-14T12:33:53.099,4.0037939550753805,4.005540609689987,4.003654957035479,4.003885746233806,0.030989438107782125,2.3712219221128095,3.46288105624204,2.2843481471745974,2.42859139612861,-49.61263202365272
2026-04-14T12:33:53.207,4.0037939550753805,4.005540609689987,4.003654957035479,4.003885746233806,0.030989438107782125,2.3712219221128095,3.46288105624204,2.2843481471745974,2.42859139612861,-49.61263202365272
2026-04-14T12:33:53.316,4.003555298063475,4.005881548278424,4.004014253855601,4.003822803725171,0.02232095935687456,2.2220612896717284,3.6759676740150127,2.5089086597507304,2.389252328232061,-49.72098800803907
2026-04-14T12:33:53.427,4.003555298063475,4.005881548278424,4.004014253855601,4.003822803725171,0.02232095935687456,2.2220612896717284,3.6759676740150127,2.5089086597507304,2.389252328232061,-49.72098800803907
2026-04-14T12:33:53.536,4.003555298063475,4.005881548278424,4.004014253855601,4.003822803725171,0.02232095935687456,2.2220612896717284,3.6759676740150127,2.5089086597507304,2.389252328232061,-49.72098800803907
2026-04-14T12:33:53.644,4.003416300023574,4.0057582858656815,4.004061460737077,4.003515958995578,0.03394199864729286,2.1351875147335164,3.598928666050938,2.538412960673142,2.1974743722363854,-49.57572501690884
2026-04-14T12:33:53.754,4.003416300023574,4.0057582858656815,4.004061460737077,4.003515958995578,0.03394199864729286,2.1351875147335164,3.598928666050938,2.538412960673142,2.1974743722363854,-49.57572501690884
2026-04-14T12:33:53.864,4.003416300023574,4.0057582858656815,4.004061460737077,4.003515958995578,0.03394199864729286,2.1351875147335164,3.598928666050938,2.538412960673142,2.1974743722363854,-49.57572501690884
2026-04-14T12:33:53.973,4.003484487741261,4.005705833775153,4.0042502882629805,4.00353693983179,0.02499469461778057,2.177804838288111,3.5661461094704805,2.6564301643627886,2.2105873948685684,-49.68756631727774
2026-04-14T12:33:54.082,4.003484487741261,4.005705833775153,4.0042502882629805,4.00353693983179,0.02499469461778057,2.177804838288111,3.5661461094704805,2.6564301643627886,2.2105873948685684,-49.68756631727774
2026-04-14T12:33:54.191,4.003484487741261,4.005705833775153,4.0042502882629805,4.00353693983179,0.02499469461778057,2.177804838288111,3.5661461094704805,2.6564301643627886,2.2105873948685684,-49.68756631727774
2026-04-14T12:33:54.300,4.004373550675723,4.005695343357047,4.0036497118264265,4.003531694622737,0.04649411520733764,2.7334691723268634,3.559589598154389,2.2810698915165517,2.2073091392105226,-49.41882355990828
2026-04-14T12:33:54.408,4.004373550675723,4.005695343357047,4.0036497118264265,4.003531694622737,0.04649411520733764,2.7334691723268634,3.559589598154389,2.2810698915165517,2.2073091392105226,-49.41882355990828
2026-04-14T12:33:54.517,4.004373550675723,4.005695343357047,4.0036497118264265,4.003531694622737,0.04649411520733764,2.7334691723268634,3.559589598154389,2.2810698915165517,2.2073091392105226,-49.41882355990828
2026-04-14T12:33:54.628,4.003702163916955,4.006017923713799,4.003369093142098,4.003169775198089,0.025796317293769147,2.313852448097009,3.761202321124202,2.105683213811105,1.9811094988053668,-49.67754603382789
2026-04-14T12:33:54.737,4.003702163916955,4.006017923713799,4.003369093142098,4.003169775198089,0.025796317293769147,2.313852448097009,3.761202321124202,2.105683213811105,1.9811094988053668,-49.67754603382789
2026-04-14T12:33:54.846,4.003702163916955,4.006017923713799,4.003369093142098,4.003169775198089,0.025796317293769147,2.313852448097009,3.761202321124202,2.105683213811105,1.9811094988053668,-49.67754603382789
2026-04-14T12:33:54.954,4.00372052214864,4.006096601849592,4.004234552635822,4.003830671538751,0.022276148151384515,2.325326342900169,3.810376155994888,2.6465953973886513,2.3941697117191296,-49.72154814810769
2026-04-14T12:33:55.064,4.00372052214864,4.006096601849592,4.004234552635822,4.003830671538751,0.022276148151384515,2.325326342900169,3.810376155994888,2.6465953973886513,2.3941697117191296,-49.72154814810769
2026-04-14T12:33:55.173,4.00372052214864,4.006096601849592,4.004234552635822,4.003830671538751,0.022276148151384515,2.325326342900169,3.810376155994888,2.6465953973886513,2.3941697117191296,-49.72154814810769
2026-04-14T12:33:55.282,4.00368380568527,4.005579948757884,4.003883123629279,4.004061460737077,0.024506750380222302,2.302378553293849,3.487467973677383,2.426952268299587,2.538412960673142,-49.693665620247224
2026-04-14T12:33:55.392,4.00368380568527,4.005579948757884,4.003883123629279,4.004061460737077,0.024506750380222302,2.302378553293849,3.487467973677383,2.426952268299587,2.538412960673142,-49.693665620247224
2026-04-14T12:33:55.500,4.00368380568527,4.005579948757884,4.003883123629279,4.004061460737077,0.024506750380222302,2.302378553293849,3.487467973677383,2.426952268299587,2.538412960673142,-49.693665620247224
2026-04-14T12:33:55.609,4.00338220616473,4.006143808731068,4.004035234691813,4.003820181120646,0.018073852880984755,2.113878852956219,3.8398804569172995,2.5220216823829134,2.3876132004035933,-49.77407683898769
2026-04-14T12:33:55.718,4.00338220616473,4.006143808731068,4.004035234691813,4.003820181120646,0.018073852880984755,2.113878852956219,3.8398804569172995,2.5220216823829134,2.3876132004035933,-49.77407683898769
2026-04-14T12:33:55.829,4.00338220616473,4.006143808731068,4.004035234691813,4.003820181120646,0.018073852880984755,2.113878852956219,3.8398804569172995,2.5220216823829134,2.3876132004035933,-49.77407683898769
2026-04-14T12:33:55.939,4.003437280859785,4.005852699628633,4.003967046974125,4.004071951155183,0.022410581767854647,2.1483005373656994,3.657937267895761,2.4794043588283188,2.5449694719892335,-49.719867727901814
2026-04-14T12:33:56.047,4.003437280859785,4.005852699628633,4.003967046974125,4.004071951155183,0.022410581767854647,2.1483005373656994,3.657937267895761,2.4794043588283188,2.5449694719892335,-49.719867727901814
2026-04-14T12:33:56.157,4.003437280859785,4.005852699628633,4.003967046974125,4.004071951155183,0.022410581767854647,2.1483005373656994,3.657937267895761,2.4794043588283188,2.5449694719892335,-49.719867727901814
2026-04-14T12:33:56.266,4.003917217488123,4.005763531074734,4.003932953115282,4.003804445493486,0.018750999986167655,2.4482609300768843,3.6022069217089836,2.4580956970510215,2.377778433428901,-49.76561250017291
2026-04-14T12:33:56.377,4.003917217488123,4.005763531074734,4.003932953115282,4.003804445493486,0.018750999986167655,2.4482609300768843,3.6022069217089836,2.4580956970510215,2.377778433428901,-49.76561250017291
2026-04-14T12:33:56.485,4.003917217488123,4.005763531074734,4.003932953115282,4.003804445493486,0.018750999986167655,2.4482609300768843,3.6022069217089836,2.4580956970510215,2.377778433428901,-49.76561250017291
2026-04-14T12:33:56.594,4.00352907201821,4.005713701588732,4.003148794361877,4.003736257775799,0.027872569814807895,2.2056700113814998,3.571063492957549,1.9679964761731839,2.3351611098743064,-49.651592877314904
2026-04-14T12:33:56.703,4.00352907201821,4.005713701588732,4.003148794361877,4.003736257775799,0.027872569814807895,2.2056700113814998,3.571063492957549,1.9679964761731839,2.3351611098743064,-49.651592877314904
2026-04-14T12:33:56.812,4.00352907201821,4.005713701588732,4.003148794361877,4.003736257775799,0.027872569814807895,2.2056700113814998,3.571063492957549,1.9679964761731839,2.3351611098743064,-49.651592877314904
2026-04-14T12:33:56.920,4.003167152593562,4.005548477503567,4.0040640833416035,4.003497600763893,0.028390388189359524,1.979470370976344,3.4677984397291084,2.540052088502165,2.1860004774332253,-49.645120147633
2026-04-14T12:33:57.029,4.003167152593562,4.005548477503567,4.0040640833416035,4.003497600763893,0.028390388189359524,1.979470370976344,3.4677984397291084,2.540052088502165,2.1860004774332253,-49.645120147633
2026-04-14T12:33:57.153,4.003167152593562,4.005548477503567,4.0040640833416035,4.003497600763893,0.028390388189359524,1.979470370976344,3.4677984397291084,2.540052088502165,2.1860004774332253,-49.645120147633
2026-04-14T12:33:57.248,4.004153251895502,4.006044149759063,4.003946066137914,4.003681183080744,0.02203715505543761,2.5957824346889424,3.7775935994144305,2.466291336196136,2.300739425464826,-49.72453556180703
2026-04-14T12:33:57.359,4.004153251895502,4.006044149759063,4.003946066137914,4.003681183080744,0.02203715505543761,2.5957824346889424,3.7775935994144305,2.466291336196136,2.300739425464826,-49.72453556180703
2026-04-14T12:33:57.466,4.004153251895502,4.006044149759063,4.003946066137914,4.003681183080744,0.02203715505543761,2.5957824346889424,3.7775935994144305,2.466291336196136,2.300739425464826,-49.72453556180703
2026-04-14T12:33:57.592,4.003890991442859,4.005501270622091,4.00417685533624,4.004058838132551,0.022007280918444245,2.4318696517866556,3.4382941388066968,2.6105345851501482,2.536773832844119,-49.724908988519445
2026-04-14T12:33:57.702,4.003890991442859,4.005501270622091,4.00417685533624,4.004058838132551,0.022007280918444245,2.4318696517866556,3.4382941388066968,2.6105345851501482,2.536773832844119,-49.724908988519445
2026-04-14T12:33:57.811,4.003890991442859,4.005501270622091,4.00417685533624,4.004058838132551,0.022007280918444245,2.4318696517866556,3.4382941388066968,2.6105345851501482,2.536773832844119,-49.724908988519445
2026-04-14T12:33:57.920,4.003473997323155,4.005425215090824,4.004281759517299,4.004090309386868,0.01891530773963115,2.1712483269720195,3.3907594317650336,2.676099698311618,2.5564433667923936,-49.763558653254606
2026-04-14T12:33:58.030,4.003473997323155,4.005425215090824,4.004281759517299,4.004090309386868,0.01891530773963115,2.1712483269720195,3.3907594317650336,2.676099698311618,2.5564433667923936,-49.763558653254606
2026-04-14T12:33:58.138,4.003473997323155,4.005425215090824,4.004281759517299,4.004090309386868,0.01891530773963115,2.1712483269720195,3.3907594317650336,2.676099698311618,2.5564433667923936,-49.763558653254606
2026-04-14T12:33:58.248,4.0036497118264265,4.005957603809691,4.004043102505392,4.003678560476217,0.030964542993620992,2.2810698915165517,3.723502381056676,2.526939065869982,2.2991002976358033,-49.61294321257974
2026-04-14T12:33:58.358,4.0036497118264265,4.005957603809691,4.004043102505392,4.003678560476217,0.030964542993620992,2.2810698915165517,3.723502381056676,2.526939065869982,2.2991002976358033,-49.61294321257974
2026-04-14T12:33:58.467,4.0036497118264265,4.005957603809691,4.004043102505392,4.003678560476217,0.030964542993620992,2.2810698915165517,3.723502381056676,2.526939065869982,2.2991002976358033,-49.61294321257974
2026-04-14T12:33:58.576,4.003631353594741,4.005792379724525,4.003775596843695,4.003864765397594,0.03152717257366266,2.2695959967133916,3.620237327828235,2.3597480273096494,2.415478373496427,-49.60591034282922
2026-04-14T12:33:58.685,4.003631353594741,4.005792379724525,4.003775596843695,4.003864765397594,0.03152717257366266,2.2695959967133916,3.620237327828235,2.3597480273096494,2.415478373496427,-49.60591034282922
2026-04-14T12:33:58.809,4.003631353594741,4.005792379724525,4.003775596843695,4.003864765397594,0.03152717257366266,2.2695959967133916,3.620237327828235,2.3597480273096494,2.415478373496427,-49.60591034282922
2026-04-14T12:33:58.904,4.0034215452326265,4.00573730502947,4.004302740353509,4.003678560476217,0.024900093183968252,2.138465770391562,3.585815643418755,2.689212720943246,2.2991002976358033,-49.6887488352004
2026-04-14T12:33:59.027,4.0034215452326265,4.00573730502947,4.004302740353509,4.003678560476217,0.024900093183968252,2.138465770391562,3.585815643418755,2.689212720943246,2.2991002976358033,-49.6887488352004
2026-04-14T12:33:59.136,4.0034215452326265,4.00573730502947,4.004302740353509,4.003678560476217,0.024900093183968252,2.138465770391562,3.585815643418755,2.689212720943246,2.2991002976358033,-49.6887488352004
2026-04-14T12:33:59.246,4.003618240572109,4.005865812651265,4.00436830546667,4.003859520188541,0.026264345439998508,2.2614003575682773,3.6661329070408755,2.7301909166688176,2.412200117838381,-49.67169568200001
2026-04-14T12:33:59.355,4.003618240572109,4.005865812651265,4.00436830546667,4.003859520188541,0.026264345439998508,2.2614003575682773,3.6661329070408755,2.7301909166688176,2.412200117838381,-49.67169568200001
2026-04-14T12:33:59.464,4.003618240572109,4.005865812651265,4.00436830546667,4.003859520188541,0.026264345439998508,2.2614003575682773,3.6661329070408755,2.7301909166688176,2.412200117838381,-49.67169568200001
2026-04-14T12:33:59.573,4.004087686782342,4.005600929594095,4.004452228811516,4.003969669578652,0.021897742416135246,2.554804238963926,3.5005809963095658,2.7826430071975494,2.4810434866573416,-49.72627821979831
2026-04-14T12:33:59.683,4.004087686782342,4.005600929594095,4.004452228811516,4.003969669578652,0.021897742416135246,2.554804238963926,3.5005809963095658,2.7826430071975494,2.4810434866573416,-49.72627821979831
2026-04-14T12:33:59.792,4.004087686782342,4.005600929594095,4.004452228811516,4.003969669578652,0.021897742416135246,2.554804238963926,3.5005809963095658,2.7826430071975494,2.4810434866573416,-49.72627821979831
2026-04-14T12:33:59.900,4.003348112305886,4.005661249498203,4.00380182288896,4.004551887783521,0.025861044590588102,2.092570191178922,3.5382809363770917,2.376139305599878,2.8449298647004184,-49.67673694261765
2026-04-14T12:34:00.009,4.003348112305886,4.005661249498203,4.00380182288896,4.004551887783521,0.025861044590588102,2.092570191178922,3.5382809363770917,2.376139305599878,2.8449298647004184,-49.67673694261765
2026-04-14T12:34:00.117,4.003348112305886,4.005661249498203,4.00380182288896,4.004551887783521,0.025861044590588102,2.092570191178922,3.5382809363770917,2.376139305599878,2.8449298647004184,-49.67673694261765
2026-04-14T12:34:00.227,4.003188133429774,4.005503893226617,4.003820181120646,4.003788709866328,0.02417315585046308,1.9925833936085269,3.4399332666357196,2.3876132004035933,2.3679436664547637,-49.69783555186921
2026-04-14T12:34:00.337,4.003188133429774,4.005503893226617,4.003820181120646,4.003788709866328,0.02417315585046308,1.9925833936085269,3.4399332666357196,2.3876132004035933,2.3679436664547637,-49.69783555186921
2026-04-14T12:34:00.444,4.003188133429774,4.005503893226617,4.003820181120646,4.003788709866328,0.02417315585046308,1.9925833936085269,3.4399332666357196,2.3876132004035933,2.3679436664547637,-49.69783555186921
2026-04-14T12:34:00.552,4.003639221408321,4.0056743625208355,4.0037519934029575,4.00368380568527,0.03056124214421058,2.2745133802004602,3.546476575522206,2.3449958768484436,2.302378553293849,-49.61798447319737
2026-04-14T12:34:00.662,4.003639221408321,4.0056743625208355,4.0037519934029575,4.00368380568527,0.03056124214421058,2.2745133802004602,3.546476575522206,2.3449958768484436,2.302378553293849,-49.61798447319737
2026-04-14T12:34:00.771,4.003639221408321,4.0056743625208355,4.0037519934029575,4.00368380568527,0.03056124214421058,2.2745133802004602,3.546476575522206,2.3449958768484436,2.302378553293849,-49.61798447319737
2026-04-14T12:34:00.881,4.003615617967583,4.0054697993677735,4.0038359167478035,4.003597259735898,0.026767226746053453,2.2597612297392544,3.4186246048584223,2.3974479673771754,2.2482873349360943,-49.66540966567433
2026-04-14T12:34:00.991,4.003615617967583,4.0054697993677735,4.0038359167478035,4.003597259735898,0.026767226746053453,2.2597612297392544,3.4186246048584223,2.3974479673771754,2.2482873349360943,-49.66540966567433
2026-04-14T12:34:01.099,4.003615617967583,4.0054697993677735,4.0038359167478035,4.003597259735898,0.026767226746053453,2.2597612297392544,3.4186246048584223,2.3974479673771754,2.2482873349360943,-49.66540966567433
2026-04-14T12:34:01.208,4.003424167837153,4.005661249498203,4.004446983602463,4.003644466617374,0.022216399877397788,2.140104898220585,3.5382809363770917,2.7793647515395037,2.277791635858506,-49.72229500153253
2026-04-14T12:34:01.315,4.003424167837153,4.005661249498203,4.004446983602463,4.003644466617374,0.022216399877397788,2.140104898220585,3.5382809363770917,2.7793647515395037,2.277791635858506,-49.72229500153253
2026-04-14T12:34:01.425,4.003424167837153,4.005661249498203,4.004446983602463,4.003644466617374,0.022216399877397788,2.140104898220585,3.5382809363770917,2.7793647515395037,2.277791635858506,-49.72229500153253
2026-04-14T12:34:01.533,4.004210949195084,4.005910396928215,4.0039381983243345,4.003311395842516,0.01889041262547002,2.6318432469274455,3.6939980801342642,2.4613739527090672,2.0696224015726017,-49.76386984218163
2026-04-14T12:34:01.642,4.004210949195084,4.005910396928215,4.0039381983243345,4.003311395842516,0.01889041262547002,2.6318432469274455,3.6939980801342642,2.4613739527090672,2.0696224015726017,-49.76386984218163
2026-04-14T12:34:01.751,4.004210949195084,4.005910396928215,4.0039381983243345,4.003311395842516,0.01889041262547002,2.6318432469274455,3.6939980801342642,2.4613739527090672,2.0696224015726017,-49.76386984218163
2026-04-14T12:34:01.861,4.003914594883597,4.005724192006838,4.003922462697176,4.0041060450140264,0.02059323843409172,2.4466218022478614,3.5776200042736406,2.45153918573493,2.566278133766531,-49.74258451957385
2026-04-14T12:34:01.970,4.003914594883597,4.005724192006838,4.003922462697176,4.0041060450140264,0.02059323843409172,2.4466218022478614,3.5776200042736406,2.45153918573493,2.566278133766531,-49.74258451957385
2026-04-14T12:34:02.078,4.003914594883597,4.005724192006838,4.003922462697176,4.0041060450140264,0.02059323843409172,2.4466218022478614,3.5776200042736406,2.45153918573493,2.566278133766531,-49.74258451957385
2026-04-14T12:34:02.187,4.003531694622737,4.0058002475381045,4.004536152156362,4.003935575719808,0.017570971574929806,2.2073091392105226,3.6251547113153038,2.835095097726281,2.4597348248800444,-49.78036285531338
2026-04-14T12:34:02.296,4.003531694622737,4.0058002475381045,4.004536152156362,4.003935575719808,0.017570971574929806,2.2073091392105226,3.6251547113153038,2.835095097726281,2.4597348248800444,-49.78036285531338
2026-04-14T12:34:02.405,4.003531694622737,4.0058002475381045,4.004536152156362,4.003935575719808,0.017570971574929806,2.2073091392105226,3.6251547113153038,2.835095097726281,2.4597348248800444,-49.78036285531338
2026-04-14T12:34:02.513,4.003814935911592,4.005506515831144,4.004197836172452,4.004027366878234,0.02565192563163456,2.3843349447449924,3.4415723944647425,2.623647607782331,2.5171042988964,-49.67935092960457
2026-04-14T12:34:02.622,4.003814935911592,4.005506515831144,4.004197836172452,4.004027366878234,0.02565192563163456,2.3843349447449924,3.4415723944647425,2.623647607782331,2.5171042988964,-49.67935092960457
2026-04-14T12:34:02.733,4.003814935911592,4.005506515831144,4.004197836172452,4.004027366878234,0.02565192563163456,2.3843349447449924,3.4415723944647425,2.623647607782331,2.5171042988964,-49.67935092960457
2026-04-14T12:34:02.841,4.003539562436316,4.005936622973479,4.004074573759709,4.003631353594741,0.03127324240921907,2.2122265226975912,3.710389358424493,2.5466085998182564,2.2695959967133916,-49.60908446988476
2026-04-14T12:34:02.965,4.003539562436316,4.005936622973479,4.004074573759709,4.003631353594741,0.03127324240921907,2.2122265226975912,3.710389358424493,2.5466085998182564,2.2695959967133916,-49.60908446988476
2026-04-14T12:34:03.089,4.003539562436316,4.005936622973479,4.004074573759709,4.003631353594741,0.03127324240921907,2.2122265226975912,3.710389358424493,2.5466085998182564,2.2695959967133916,-49.60908446988476
2026-04-14T12:34:03.199,4.003494978159367,4.005490780203985,4.003946066137914,4.0037939550753805,0.02401382711983181,2.1843613496042025,3.4317376274906053,2.466291336196136,2.3712219221128095,-49.699827161002105
2026-04-14T12:34:03.307,4.003494978159367,4.005490780203985,4.003946066137914,4.0037939550753805,0.02401382711983181,2.1843613496042025,3.4317376274906053,2.466291336196136,2.3712219221128095,-49.699827161002105
2026-04-14T12:34:03.403,4.003494978159367,4.005490780203985,4.003946066137914,4.0037939550753805,0.02401382711983181,2.1843613496042025,3.4317376274906053,2.466291336196136,2.3712219221128095,-49.699827161002105
2026-04-14T12:34:03.513,4.003534317227263,4.005913019532741,4.0040640833416035,4.004378795884776,0.02898289190639456,2.2089482670395455,3.695637207963287,2.540052088502165,2.736747427984909,-49.63771385117007
2026-04-14T12:34:03.622,4.003534317227263,4.005913019532741,4.0040640833416035,4.004378795884776,0.02898289190639456,2.2089482670395455,3.695637207963287,2.540052088502165,2.736747427984909,-49.63771385117007
2026-04-14T12:34:03.743,4.003534317227263,4.005913019532741,4.0040640833416035,4.004378795884776,0.02898289190639456,2.2089482670395455,3.695637207963287,2.540052088502165,2.736747427984909,-49.63771385117007
2026-04-14T12:34:03.853,4.004085064177815,4.005629778243886,4.00398540520581,4.003749370798431,0.03276694925888724,2.553165111134348,3.5186114024288173,2.490878253631479,2.3433567490194207,-49.59041313426391
2026-04-14T12:34:03.961,4.004085064177815,4.005629778243886,4.00398540520581,4.003749370798431,0.03276694925888724,2.553165111134348,3.5186114024288173,2.490878253631479,2.3433567490194207,-49.59041313426391
2026-04-14T12:34:04.071,4.004085064177815,4.005629778243886,4.00398540520581,4.003749370798431,0.03276694925888724,2.553165111134348,3.5186114024288173,2.490878253631479,2.3433567490194207,-49.59041313426391
2026-04-14T12:34:04.181,4.003859520188541,4.005577326153357,4.0044784548567804,4.003814935911592,0.039284490146272645,2.412200117838381,3.48582884584836,2.799034285487778,2.3843349447449924,-49.50894387317159
2026-04-14T12:34:04.291,4.003859520188541,4.005577326153357,4.0044784548567804,4.003814935911592,0.039284490146272645,2.412200117838381,3.48582884584836,2.799034285487778,2.3843349447449924,-49.50894387317159
2026-04-14T12:34:04.399,4.003859520188541,4.005577326153357,4.0044784548567804,4.003814935911592,0.039284490146272645,2.412200117838381,3.48582884584836,2.799034285487778,2.3843349447449924,-49.50894387317159
2026-04-14T12:34:04.497,4.003961801765072,4.005490780203985,4.004121780641185,4.003880501024753,0.031412655048521435,2.476126103170273,3.4317376274906053,2.576112900740668,2.425313140470564,-49.60734181189348
2026-04-14T12:34:04.618,4.003961801765072,4.005490780203985,4.004121780641185,4.003880501024753,0.031412655048521435,2.476126103170273,3.4317376274906053,2.576112900740668,2.425313140470564,-49.60734181189348
2026-04-14T12:34:04.727,4.003961801765072,4.005490780203985,4.004121780641185,4.003880501024753,0.031412655048521435,2.476126103170273,3.4317376274906053,2.576112900740668,2.425313140470564,-49.60734181189348
2026-04-14T12:34:04.836,4.003893614047386,4.005789757119999,4.003657579640006,4.003820181120646,0.027140653458470495,2.4335087796162336,3.6185981999992123,2.2859872750036203,2.3876132004035933,-49.660741831769116
2026-04-14T12:34:04.945,4.003893614047386,4.005789757119999,4.003657579640006,4.003820181120646,0.027140653458470495,2.4335087796162336,3.6185981999992123,2.2859872750036203,2.3876132004035933,-49.660741831769116
2026-04-14T12:34:05.055,4.003893614047386,4.005789757119999,4.003657579640006,4.003820181120646,0.027140653458470495,2.4335087796162336,3.6185981999992123,2.2859872750036203,2.3876132004035933,-49.660741831769116
2026-04-14T12:34:05.164,4.003502845972946,4.0054724219723,4.004347324630459,4.003492355554841,0.034629103798140215,2.189278733091271,3.420263732687445,2.7170778940366347,2.1827222217757347,-49.56713620252325
2026-04-14T12:34:05.273,4.003502845972946,4.0054724219723,4.004347324630459,4.003492355554841,0.034629103798140215,2.189278733091271,3.420263732687445,2.7170778940366347,2.1827222217757347,-49.56713620252325
2026-04-14T12:34:05.382,4.003502845972946,4.0054724219723,4.004347324630459,4.003492355554841,0.034629103798140215,2.189278733091271,3.420263732687445,2.7170778940366347,2.1827222217757347,-49.56713620252325
2026-04-14T12:34:05.491,4.003872633211174,4.005894661301056,4.003620863176636,4.003589391922318,0.03321506131378769,2.4203957569834955,3.684163313160127,2.2630394853973,2.2433699514490257,-49.58481173357765
2026-04-14T12:34:05.601,4.003872633211174,4.005894661301056,4.003620863176636,4.003589391922318,0.03321506131378769,2.4203957569834955,3.684163313160127,2.2630394853973,2.2433699514490257,-49.58481173357765
2026-04-14T12:34:05.709,4.003872633211174,4.005894661301056,4.003620863176636,4.003589391922318,0.03321506131378769,2.4203957569834955,3.684163313160127,2.2630394853973,2.2433699514490257,-49.58481173357765
2026-04-14T12:34:05.819,4.003736257775799,4.005713701588732,4.004058838132551,4.003807068098013,0.042037889772494286,2.3351611098743064,3.571063492957549,2.536773832844119,2.379417561257924,-49.474526377843816
2026-04-14T12:34:05.928,4.003736257775799,4.005713701588732,4.004058838132551,4.003807068098013,0.042037889772494286,2.3351611098743064,3.571063492957549,2.536773832844119,2.379417561257924,-49.474526377843816
2026-04-14T12:34:06.037,4.003736257775799,4.005713701588732,4.004058838132551,4.003807068098013,0.042037889772494286,2.3351611098743064,3.571063492957549,2.536773832844119,2.379417561257924,-49.474526377843816
2026-04-14T12:34:06.147,4.004386663698355,4.005587816571463,4.004032612087286,4.003408432209994,0.02406859637098631,2.7416648114719777,3.4923853571644514,2.5203825545538905,2.130270131246448,-49.699142545362676
2026-04-14T12:34:06.257,4.004386663698355,4.005587816571463,4.004032612087286,4.003408432209994,0.02406859637098631,2.7416648114719777,3.4923853571644514,2.5203825545538905,2.130270131246448,-49.699142545362676
2026-04-14T12:34:06.365,4.004386663698355,4.005587816571463,4.004032612087286,4.003408432209994,0.02406859637098631,2.7416648114719777,3.4923853571644514,2.5203825545538905,2.130270131246448,-49.699142545362676
2026-04-14T12:34:06.472,4.004009008646548,4.005309820491661,4.003626108385689,4.00372838996222,0.0324482917976247,2.5056304040926847,3.3186378072880274,2.266317741055901,2.3302437263872378,-49.59439635252969
2026-04-14T12:34:06.583,4.004009008646548,4.005309820491661,4.003626108385689,4.00372838996222,0.0324482917976247,2.5056304040926847,3.3186378072880274,2.266317741055901,2.3302437263872378,-49.59439635252969
2026-04-14T12:34:06.690,4.004009008646548,4.005309820491661,4.003626108385689,4.00372838996222,0.0324482917976247,2.5056304040926847,3.3186378072880274,2.266317741055901,2.3302437263872378,-49.59439635252969
2026-04-14T12:34:06.799,4.004234552635822,4.005640268661992,4.004643678941946,4.004113912827606,0.031557046710656025,2.6465953973886513,3.525167913744909,2.902299338716219,2.5711955172535994,-49.6055369161168
2026-04-14T12:34:06.907,4.004234552635822,4.005640268661992,4.004643678941946,4.004113912827606,0.031557046710656025,2.6465953973886513,3.525167913744909,2.902299338716219,2.5711955172535994,-49.6055369161168
2026-04-14T12:34:07.016,4.004234552635822,4.005640268661992,4.004643678941946,4.004113912827606,0.031557046710656025,2.6465953973886513,3.525167913744909,2.902299338716219,2.5711955172535994,-49.6055369161168
2026-04-14T12:34:07.125,4.0041060450140264,4.005501270622091,4.004205703986031,4.003772974239169,0.02789746492896903,2.566278133766531,3.4382941388066968,2.6285649912694,2.3581088994806265,-49.65128168838789
2026-04-14T12:34:07.233,4.0041060450140264,4.005501270622091,4.004205703986031,4.003772974239169,0.02789746492896903,2.566278133766531,3.4382941388066968,2.6285649912694,2.3581088994806265,-49.65128168838789
2026-04-14T12:34:07.341,4.0041060450140264,4.005501270622091,4.004205703986031,4.003772974239169,0.02789746492896903,2.566278133766531,3.4382941388066968,2.6285649912694,2.3581088994806265,-49.65128168838789
2026-04-14T12:34:07.466,4.0042214396131905,4.00554585489904,4.004009008646548,4.0038778784202265,0.025940708955903738,2.638399758244092,3.4661593119000855,2.5056304040926847,2.4236740126415413,-49.67574113805121
2026-04-14T12:34:07.576,4.0042214396131905,4.00554585489904,4.004009008646548,4.0038778784202265,0.025940708955903738,2.638399758244092,3.4661593119000855,2.5056304040926847,2.4236740126415413,-49.67574113805121
2026-04-14T12:34:07.699,4.0042214396131905,4.00554585489904,4.004009008646548,4.0038778784202265,0.025940708955903738,2.638399758244092,3.4661593119000855,2.5056304040926847,2.4236740126415413,-49.67574113805121
2026-04-14T12:34:07.808,4.004095554595921,4.00554585489904,4.004192590963399,4.003670692662638,0.019871280123418773,2.5597216224504393,3.4661593119000855,2.6203693521242855,2.2941829141487347,-49.751608998457264
2026-04-14T12:34:07.917,4.004095554595921,4.00554585489904,4.004192590963399,4.003670692662638,0.019871280123418773,2.5597216224504393,3.4661593119000855,2.6203693521242855,2.2941829141487347,-49.751608998457264
2026-04-14T12:34:08.013,4.004095554595921,4.00554585489904,4.004192590963399,4.003670692662638,0.019871280123418773,2.5597216224504393,3.4661593119000855,2.6203693521242855,2.2941829141487347,-49.751608998457264
2026-04-14T12:34:08.127,4.0038123133070656,4.005561590526199,4.004410267139093,4.003510713786525,0.029779535559550912,2.3826958169159695,3.4759940788742227,2.7564169619331835,2.1941961165783397,-49.627755805505615
2026-04-14T12:34:08.243,4.0038123133070656,4.005561590526199,4.004410267139093,4.003510713786525,0.029779535559550912,2.3826958169159695,3.4759940788742227,2.7564169619331835,2.1941961165783397,-49.627755805505615
2026-04-14T12:34:08.340,4.0038123133070656,4.005561590526199,4.004410267139093,4.003510713786525,0.029779535559550912,2.3826958169159695,3.4759940788742227,2.7564169619331835,2.1941961165783397,-49.627755805505615
2026-04-14T12:34:08.450,4.003969669578652,4.005899906510109,4.004001140832969,4.003904104465491,0.027339814371759582,2.4810434866573416,3.6874415688181728,2.500713020605616,2.44006529093177,-49.65825232035301
2026-04-14T12:34:08.560,4.003969669578652,4.005899906510109,4.004001140832969,4.003904104465491,0.027339814371759582,2.4810434866573416,3.6874415688181728,2.500713020605616,2.44006529093177,-49.65825232035301
2026-04-14T12:34:08.683,4.003969669578652,4.005899906510109,4.004001140832969,4.003904104465491,0.027339814371759582,2.4810434866573416,3.6874415688181728,2.500713020605616,2.44006529093177,-49.65825232035301
2026-04-14T12:34:08.791,4.003731012566746,4.006204128635176,4.003967046974125,4.003565788481581,0.03212963433636216,2.3318828542162606,3.8775803969848255,2.4794043588283188,2.228617800988375,-49.59837957079547
2026-04-14T12:34:08.899,4.003731012566746,4.006204128635176,4.003967046974125,4.003565788481581,0.03212963433636216,2.3318828542162606,3.8775803969848255,2.4794043588283188,2.228617800988375,-49.59837957079547
2026-04-14T12:34:09.007,4.003731012566746,4.006204128635176,4.003967046974125,4.003565788481581,0.03212963433636216,2.3318828542162606,3.8775803969848255,2.4794043588283188,2.228617800988375,-49.59837957079547
2026-04-14T12:34:09.114,4.0036470892219,4.005750418052102,4.003371715746625,4.003744125589378,0.04072342774478631,2.279430763687529,3.5940112825638693,2.1073223416406828,2.340078493361375,-49.49095715319017
2026-04-14T12:34:09.223,4.0036470892219,4.005750418052102,4.003371715746625,4.003744125589378,0.04072342774478631,2.279430763687529,3.5940112825638693,2.1073223416406828,2.340078493361375,-49.49095715319017
2026-04-14T12:34:09.332,4.0036470892219,4.005750418052102,4.003371715746625,4.003744125589378,0.04072342774478631,2.279430763687529,3.5940112825638693,2.1073223416406828,2.340078493361375,-49.49095715319017
2026-04-14T12:34:09.441,4.0038542749794885,4.005760908470208,4.004048347714445,4.003539562436316,0.03760655945181208,2.4089218621803354,3.6005677938799607,2.5302173215280277,2.2122265226975912,-49.52991800685235
2026-04-14T12:34:09.550,4.0038542749794885,4.005760908470208,4.004048347714445,4.003539562436316,0.03760655945181208,2.4089218621803354,3.6005677938799607,2.5302173215280277,2.2122265226975912,-49.52991800685235
2026-04-14T12:34:09.658,4.0038542749794885,4.005760908470208,4.004048347714445,4.003539562436316,0.03760655945181208,2.4089218621803354,3.6005677938799607,2.5302173215280277,2.2122265226975912,-49.52991800685235
2026-04-14T12:34:09.768,4.004153251895502,4.0060284141319045,4.003445148673364,4.003434658255259,0.026050247458212737,2.5957824346889424,3.7677588324402933,2.153217920852768,2.1466614095366765,-49.67437190677234
2026-04-14T12:34:09.875,4.004153251895502,4.0060284141319045,4.003445148673364,4.003434658255259,0.026050247458212737,2.5957824346889424,3.7677588324402933,2.153217920852768,2.1466614095366765,-49.67437190677234
2026-04-14T12:34:09.985,4.004153251895502,4.0060284141319045,4.003445148673364,4.003434658255259,0.026050247458212737,2.5957824346889424,3.7677588324402933,2.153217920852768,2.1466614095366765,-49.67437190677234
2026-04-14T12:34:10.095,4.0035474302498955,4.005923509950847,4.004142761477397,4.004001140832969,0.01847217470756293,2.21714390618466,3.7021937192793786,2.589225923372851,2.500713020605616,-49.76909781615546
2026-04-14T12:34:10.204,4.0035474302498955,4.005923509950847,4.004142761477397,4.004001140832969,0.01847217470756293,2.21714390618466,3.7021937192793786,2.589225923372851,2.500713020605616,-49.76909781615546
2026-04-14T12:34:10.312,4.0035474302498955,4.005923509950847,4.004142761477397,4.004001140832969,0.01847217470756293,2.21714390618466,3.7021937192793786,2.589225923372851,2.500713020605616,-49.76909781615546
2026-04-14T12:34:10.422,4.003927707906229,4.005485534994932,4.0042266848222425,4.003038644971767,0.02101645537483103,2.4548174413929758,3.4284593718325596,2.6416780139015827,1.8991531073542234,-49.73729430781461
2026-04-14T12:34:10.532,4.003927707906229,4.005485534994932,4.0042266848222425,4.003038644971767,0.02101645537483103,2.4548174413929758,3.4284593718325596,2.6416780139015827,1.8991531073542234,-49.73729430781461
2026-04-14T12:34:10.639,4.003927707906229,4.005485534994932,4.0042266848222425,4.003038644971767,0.02101645537483103,2.4548174413929758,3.4284593718325596,2.6416780139015827,1.8991531073542234,-49.73729430781461
2026-04-14T12:34:10.749,4.0039801599967575,4.00605464017717,4.004079818968762,4.003584146713266,0.028216122390231572,2.487599997973433,3.784150110731077,2.549886855476302,2.24009169579098,-49.6472984701221
2026-04-14T12:34:10.859,4.0039801599967575,4.00605464017717,4.004079818968762,4.003584146713266,0.028216122390231572,2.487599997973433,3.784150110731077,2.549886855476302,2.24009169579098,-49.6472984701221
2026-04-14T12:34:10.969,4.0039801599967575,4.00605464017717,4.004079818968762,4.003584146713266,0.028216122390231572,2.487599997973433,3.784150110731077,2.549886855476302,2.24009169579098,-49.6472984701221
2026-04-14T12:34:11.077,4.003804445493486,4.005808115351684,4.003796577679907,4.00330877323799,0.01710294342870045,2.377778433428901,3.6300720948023724,2.3728610499418323,2.067983273743579,-49.786213207141245
2026-04-14T12:34:11.188,4.003804445493486,4.005808115351684,4.003796577679907,4.00330877323799,0.01710294342870045,2.377778433428901,3.6300720948023724,2.3728610499418323,2.067983273743579,-49.786213207141245
2026-04-14T12:34:11.296,4.003804445493486,4.005808115351684,4.003796577679907,4.00330877323799,0.01710294342870045,2.377778433428901,3.6300720948023724,2.3728610499418323,2.067983273743579,-49.786213207141245
2026-04-14T12:34:11.405,4.00361037275853,4.0057582858656815,4.003717899544114,4.00368380568527,0.011491584696780388,2.2564829740812087,3.598928666050938,2.3236872150711463,2.302378553293849,-49.85635519129025
2026-04-14T12:34:11.513,4.00361037275853,4.0057582858656815,4.003717899544114,4.00368380568527,0.011491584696780388,2.2564829740812087,3.598928666050938,2.3236872150711463,2.302378553293849,-49.85635519129025
2026-04-14T12:34:11.623,4.00361037275853,4.0057582858656815,4.003717899544114,4.00368380568527,0.011491584696780388,2.2564829740812087,3.598928666050938,2.3236872150711463,2.302378553293849,-49.85635519129025
2026-04-14T12:34:11.731,4.003476619927682,4.005422592486298,4.003424167837153,4.003639221408321,0.012930522295294051,2.1728874548010424,3.3891203039360107,2.140104898220585,2.2745133802004602,-49.838368471308826
2026-04-14T12:34:11.841,4.003476619927682,4.005422592486298,4.003424167837153,4.003639221408321,0.012930522295294051,2.1728874548010424,3.3891203039360107,2.140104898220585,2.2745133802004602,-49.838368471308826
2026-04-14T12:34:11.952,4.003476619927682,4.005422592486298,4.003424167837153,4.003639221408321,0.012930522295294051,2.1728874548010424,3.3891203039360107,2.140104898220585,2.2745133802004602,-49.838368471308826
2026-04-14T12:34:12.060,4.002818346191546,4.006017923713799,4.003652334430953,4.003366470537571,0.021653770297356115,1.7614663697163024,3.761202321124202,2.2827090193455746,2.104044085982082,-49.72932787128305
2026-04-14T12:34:12.169,4.002818346191546,4.006017923713799,4.003652334430953,4.003366470537571,0.021653770297356115,1.7614663697163024,3.761202321124202,2.2827090193455746,2.104044085982082,-49.72932787128305
2026-04-14T12:34:12.293,4.002818346191546,4.006017923713799,4.003652334430953,4.003366470537571,0.021653770297356115,1.7614663697163024,3.761202321124202,2.2827090193455746,2.104044085982082,-49.72932787128305
2026-04-14T12:34:12.401,4.0039985182284425,4.005695343357047,4.00375723861201,4.003038644971767,0.023640400407414768,2.499073892776593,3.559589598154389,2.3482741325064893,1.8991531073542234,-49.704494994907314
2026-04-14T12:34:12.510,4.0039985182284425,4.005695343357047,4.00375723861201,4.003038644971767,0.023640400407414768,2.499073892776593,3.559589598154389,2.3482741325064893,1.8991531073542234,-49.704494994907314
2026-04-14T12:34:12.619,4.0039985182284425,4.005695343357047,4.00375723861201,4.003038644971767,0.023640400407414768,2.499073892776593,3.559589598154389,2.3482741325064893,1.8991531073542234,-49.704494994907314
2026-04-14T12:34:12.729,4.004334211607826,4.005669117311783,4.004426002766252,4.0035238268091575,0.025074358983096203,2.7088822548915203,3.5431983198641603,2.7662517289073207,2.202391755723454,-49.6865705127113
2026-04-14T12:34:12.838,4.004334211607826,4.005669117311783,4.004426002766252,4.0035238268091575,0.025074358983096203,2.7088822548915203,3.5431983198641603,2.7662517289073207,2.202391755723454,-49.6865705127113
2026-04-14T12:34:12.945,4.004334211607826,4.005669117311783,4.004426002766252,4.0035238268091575,0.025074358983096203,2.7088822548915203,3.5431983198641603,2.7662517289073207,2.202391755723454,-49.6865705127113
2026-04-14T12:34:13.054,4.00369954131243,4.005994320273062,4.004035234691813,4.003453016486944,0.01970199334712305,2.3122133202685413,3.746450170663551,2.5220216823829134,2.1581353043398366,-49.75372508316096
2026-04-14T12:34:13.162,4.00369954131243,4.005994320273062,4.004035234691813,4.003453016486944,0.01970199334712305,2.3122133202685413,3.746450170663551,2.5220216823829134,2.1581353043398366,-49.75372508316096
2026-04-14T12:34:13.272,4.00369954131243,4.005994320273062,4.004035234691813,4.003453016486944,0.01970199334712305,2.3122133202685413,3.746450170663551,2.5220216823829134,2.1581353043398366,-49.75372508316096
2026-04-14T12:34:13.381,4.003846407165909,4.005676985125362,4.003762483821063,4.003489732950314,0.025567282243486696,2.404004478693267,3.548115703351229,2.351552388164535,2.1810830939461567,-49.68040897195642
2026-04-14T12:34:13.490,4.003846407165909,4.005676985125362,4.003762483821063,4.003489732950314,0.025567282243486696,2.404004478693267,3.548115703351229,2.351552388164535,2.1810830939461567,-49.68040897195642
2026-04-14T12:34:13.600,4.003846407165909,4.005676985125362,4.003762483821063,4.003489732950314,0.025567282243486696,2.404004478693267,3.548115703351229,2.351552388164535,2.1810830939461567,-49.68040897195642
2026-04-14T12:34:13.708,4.003568411086107,4.005624533034833,4.003828048934224,4.003437280859785,0.01906467842459797,2.230256928816843,3.5153331467707716,2.3925305838901068,2.1483005373656994,-49.761691519692526
2026-04-14T12:34:13.817,4.003568411086107,4.005624533034833,4.003828048934224,4.003437280859785,0.01906467842459797,2.230256928816843,3.5153331467707716,2.3925305838901068,2.1483005373656994,-49.761691519692526
2026-04-14T12:34:13.927,4.003568411086107,4.005624533034833,4.003828048934224,4.003437280859785,0.01906467842459797,2.230256928816843,3.5153331467707716,2.3925305838901068,2.1483005373656994,-49.761691519692526
2026-04-14T12:34:14.037,4.003846407165909,4.0055537227126194,4.003466129509576,4.003484487741261,0.026040289412548285,2.404004478693267,3.471076695387154,2.166330943484951,2.177804838288111,-49.67449638234315
2026-04-14T12:34:14.145,4.003846407165909,4.0055537227126194,4.003466129509576,4.003484487741261,0.026040289412548285,2.404004478693267,3.471076695387154,2.166330943484951,2.177804838288111,-49.67449638234315
2026-04-14T12:34:14.253,4.003846407165909,4.0055537227126194,4.003466129509576,4.003484487741261,0.026040289412548285,2.404004478693267,3.471076695387154,2.166330943484951,2.177804838288111,-49.67449638234315
2026-04-14T12:34:14.363,4.003618240572109,4.005821228374316,4.004195213567925,4.004037857296339,0.02567184172296347,2.2614003575682773,3.6382677339474867,2.6220084799533083,2.5236608102119362,-49.67910197846296
2026-04-14T12:34:14.474,4.003618240572109,4.005821228374316,4.004195213567925,4.004037857296339,0.02567184172296347,2.2614003575682773,3.6382677339474867,2.6220084799533083,2.5236608102119362,-49.67910197846296
2026-04-14T12:34:14.582,4.003618240572109,4.005821228374316,4.004195213567925,4.004037857296339,0.02567184172296347,2.2614003575682773,3.6382677339474867,2.6220084799533083,2.5236608102119362,-49.67910197846296
2026-04-14T12:34:14.692,4.0038778784202265,4.005844831815054,4.0040221216691805,4.00375723861201,0.035191733378181884,2.4236740126415413,3.6530198844086925,2.513826043237799,2.3482741325064893,-49.56010333277273
2026-04-14T12:34:14.795,4.0038778784202265,4.005844831815054,4.0040221216691805,4.00375723861201,0.035191733378181884,2.4236740126415413,3.6530198844086925,2.513826043237799,2.3482741325064893,-49.56010333277273
2026-04-14T12:34:14.910,4.0038778784202265,4.005844831815054,4.0040221216691805,4.00375723861201,0.035191733378181884,2.4236740126415413,3.6530198844086925,2.513826043237799,2.3482741325064893,-49.56010333277273
2026-04-14T12:34:15.018,4.003555298063475,4.005724192006838,4.004024744273707,4.003597259735898,0.02203217603260538,2.2220612896717284,3.5776200042736406,2.515465171066822,2.2482873349360943,-49.72459779959244
2026-04-14T12:34:15.127,4.003555298063475,4.005724192006838,4.004024744273707,4.003597259735898,0.02203217603260538,2.2220612896717284,3.5776200042736406,2.515465171066822,2.2482873349360943,-49.72459779959244
2026-04-14T12:34:15.235,4.003555298063475,4.005724192006838,4.004024744273707,4.003597259735898,0.02203217603260538,2.2220612896717284,3.5776200042736406,2.515465171066822,2.2482873349360943,-49.72459779959244
2026-04-14T12:34:15.345,4.003736257775799,4.005658626893677,4.0036470892219,4.0033192636560955,0.035983398008506015,2.3351611098743064,3.536641808548069,2.279430763687529,2.0745397850596703,-49.55020752489367
2026-04-14T12:34:15.454,4.003736257775799,4.005658626893677,4.0036470892219,4.0033192636560955,0.035983398008506015,2.3351611098743064,3.536641808548069,2.279430763687529,2.0745397850596703,-49.55020752489367
2026-04-14T12:34:15.562,4.003736257775799,4.005658626893677,4.0036470892219,4.0033192636560955,0.035983398008506015,2.3351611098743064,3.536641808548069,2.279430763687529,2.0745397850596703,-49.55020752489367
2026-04-14T12:34:15.670,4.0040404799008655,4.005320310909767,4.0037519934029575,4.003453016486944,0.042635372512361554,2.525299938040959,3.325194318604119,2.3449958768484436,2.1581353043398366,-49.46705784359548
2026-04-14T12:34:15.779,4.0040404799008655,4.005320310909767,4.0037519934029575,4.003453016486944,0.042635372512361554,2.525299938040959,3.325194318604119,2.3449958768484436,2.1581353043398366,-49.46705784359548
2026-04-14T12:34:15.888,4.0040404799008655,4.005320310909767,4.0037519934029575,4.003453016486944,0.042635372512361554,2.525299938040959,3.325194318604119,2.3449958768484436,2.1581353043398366,-49.46705784359548
2026-04-14T12:34:16.000,4.004203081381505,4.00596547162327,4.003767729030116,4.0032956602153575,0.016430775346349777,2.626925863440377,3.7284197645437445,2.354830643822581,2.0597876345984645,-49.79461530817063
2026-04-14T12:34:16.107,4.004203081381505,4.00596547162327,4.003767729030116,4.0032956602153575,0.016430775346349777,2.626925863440377,3.7284197645437445,2.354830643822581,2.0597876345984645,-49.79461530817063
2026-04-14T12:34:16.217,4.004203081381505,4.00596547162327,4.003767729030116,4.0032956602153575,0.016430775346349777,2.626925863440377,3.7284197645437445,2.354830643822581,2.0597876345984645,-49.79461530817063
2026-04-14T12:34:16.341,4.004297495144456,4.005648136475571,4.0037519934029575,4.003890991442859,0.02723525489228281,2.6859344652852,3.5300852972319774,2.3449958768484436,2.4318696517866556,-49.659559313846465
2026-04-14T12:34:16.449,4.004297495144456,4.005648136475571,4.0037519934029575,4.003890991442859,0.02723525489228281,2.6859344652852,3.5300852972319774,2.3449958768484436,2.4318696517866556,-49.659559313846465
2026-04-14T12:34:16.558,4.004297495144456,4.005648136475571,4.0037519934029575,4.003890991442859,0.02723525489228281,2.6859344652852,3.5300852972319774,2.3449958768484436,2.4318696517866556,-49.659559313846465
2026-04-14T12:34:16.654,4.003552675458948,4.005666494707257,4.003744125589378,4.003675937871691,0.02823603848156048,2.2204221618427056,3.5415591920356926,2.340078493361375,2.2974611698067804,-49.647049518980495
2026-04-14T12:34:16.775,4.003552675458948,4.005666494707257,4.003744125589378,4.003675937871691,0.02823603848156048,2.2204221618427056,3.5415591920356926,2.340078493361375,2.2974611698067804,-49.647049518980495
2026-04-14T12:34:16.886,4.003552675458948,4.005666494707257,4.003744125589378,4.003675937871691,0.02823603848156048,2.2204221618427056,3.5415591920356926,2.340078493361375,2.2974611698067804,-49.647049518980495
2026-04-14T12:34:16.996,4.004161119709082,4.005926132555373,4.003830671538751,4.003592014526845,0.029993633541336683,2.600699818176011,3.7038328471084014,2.3941697117191296,2.2450090792780486,-49.62507958073329
2026-04-14T12:34:17.104,4.004161119709082,4.005926132555373,4.003830671538751,4.003592014526845,0.029993633541336683,2.600699818176011,3.7038328471084014,2.3941697117191296,2.2450090792780486,-49.62507958073329
2026-04-14T12:34:17.212,4.004161119709082,4.005926132555373,4.003830671538751,4.003592014526845,0.029993633541336683,2.600699818176011,3.7038328471084014,2.3941697117191296,2.2450090792780486,-49.62507958073329
2026-04-14T12:34:17.322,4.004307985562562,4.005905151719162,4.003786087261801,4.0035474302498955,0.03080023524015749,2.6924909766012917,3.6907198244762185,2.366304538625741,2.21714390618466,-49.61499705949804
2026-04-14T12:34:17.431,4.004307985562562,4.005905151719162,4.003786087261801,4.0035474302498955,0.03080023524015749,2.6924909766012917,3.6907198244762185,2.366304538625741,2.21714390618466,-49.61499705949804
2026-04-14T12:34:17.538,4.004307985562562,4.005905151719162,4.003786087261801,4.0035474302498955,0.03080023524015749,2.6924909766012917,3.6907198244762185,2.366304538625741,2.21714390618466,-49.61499705949804
2026-04-14T12:34:17.647,4.00398540520581,4.005661249498203,4.003778219448222,4.003940820928861,0.030441745596237132,2.490878253631479,3.5382809363770917,2.3613871551386723,2.46301308053809,-49.61947818004704
2026-04-14T12:34:17.756,4.00398540520581,4.005661249498203,4.003778219448222,4.003940820928861,0.030441745596237132,2.490878253631479,3.5382809363770917,2.3613871551386723,2.46301308053809,-49.61947818004704
2026-04-14T12:34:17.867,4.00398540520581,4.005661249498203,4.003778219448222,4.003940820928861,0.030441745596237132,2.490878253631479,3.5382809363770917,2.3613871551386723,2.46301308053809,-49.61947818004704
