timestamp_iso,P1_mA,P2_mA,P3_mA,P4_mA,DP_mA,P1_eng,P2_eng,P3_eng,P4_eng,DP_eng
2026-04-15T14:31:07.332,4.003172397802615,4.004562378201626,4.004378795884776,4.002876043491128,4.401356603232205,1.9827486266343897,2.85148637601651,2.736747427984909,1.7975271819548055,5.016957540402567
2026-04-15T14:31:07.423,4.003172397802615,4.004562378201626,4.004378795884776,4.002876043491128,4.401356603232205,1.9827486266343897,2.85148637601651,2.736747427984909,1.7975271819548055,5.016957540402567
2026-04-15T14:31:07.545,4.003172397802615,4.004562378201626,4.004378795884776,4.002876043491128,4.401356603232205,1.9827486266343897,2.85148637601651,2.736747427984909,1.7975271819548055,5.016957540402567
2026-04-15T14:31:07.639,4.003172397802615,4.0053439143505045,4.004189968358872,4.003274679379146,3.382285063091766,1.9827486266343897,3.3399464690653247,2.6187302242952626,2.0466746119662815,-7.721436711352925
2026-04-15T14:31:07.765,4.003172397802615,4.0053439143505045,4.004189968358872,4.003274679379146,3.382285063091766,1.9827486266343897,3.3399464690653247,2.6187302242952626,2.0466746119662815,-7.721436711352925
2026-04-15T14:31:07.860,4.003172397802615,4.0053439143505045,4.004189968358872,4.003274679379146,3.382285063091766,1.9827486266343897,3.3399464690653247,2.6187302242952626,2.0466746119662815,-7.721436711352925
2026-04-15T14:31:07.987,4.003696918707902,4.0043525698395115,4.004509926111098,4.003269434170093,-0.022793966525936144,2.3105741924389633,2.7203561496946804,2.8187038194360525,2.043396356308236,-50.284924581574195
2026-04-15T14:31:08.079,4.003696918707902,4.0043525698395115,4.004509926111098,4.003269434170093,-0.022793966525936144,2.3105741924389633,2.7203561496946804,2.8187038194360525,2.043396356308236,-50.284924581574195
2026-04-15T14:31:08.204,4.003696918707902,4.0043525698395115,4.004509926111098,4.003269434170093,-0.022793966525936144,2.3105741924389633,2.7203561496946804,2.8187038194360525,2.043396356308236,-50.284924581574195
2026-04-15T14:31:08.298,4.003502845972946,4.004302740353509,4.004234552635822,4.00288915651376,-0.026010415275554918,2.189278733091271,2.689212720943246,2.6465953973886513,1.8057228210999199,-50.325130190944435
2026-04-15T14:31:08.423,4.003502845972946,4.004302740353509,4.004234552635822,4.00288915651376,-0.026010415275554918,2.189278733091271,2.689212720943246,2.6465953973886513,1.8057228210999199,-50.325130190944435
2026-04-15T14:31:08.514,4.003502845972946,4.004302740353509,4.004234552635822,4.00288915651376,-0.026010415275554918,2.189278733091271,2.689212720943246,2.6465953973886513,1.8057228210999199,-50.325130190944435
2026-04-15T14:31:08.625,4.003237962915777,4.00444960620699,4.004260778681086,4.002994060694817,-0.030959563970788764,2.0237268223605165,2.7810038793685266,2.66298667567888,1.8712879342608346,-50.386994549634856
2026-04-15T14:31:08.752,4.003237962915777,4.00444960620699,4.004260778681086,4.002994060694817,-0.030959563970788764,2.0237268223605165,2.7810038793685266,2.66298667567888,1.8712879342608346,-50.386994549634856
2026-04-15T14:31:08.848,4.003237962915777,4.00444960620699,4.004260778681086,4.002994060694817,-0.030959563970788764,2.0237268223605165,2.7810038793685266,2.66298667567888,1.8712879342608346,-50.386994549634856
2026-04-15T14:31:08.959,4.0037519934029575,4.005336046536925,4.004347324630459,4.002826214005125,-0.030845046445647534,2.3449958768484436,3.335029085578256,2.7170778940366347,1.766383753203371,-50.38556308057059
2026-04-15T14:31:09.085,4.0037519934029575,4.005336046536925,4.004347324630459,4.002826214005125,-0.030845046445647534,2.3449958768484436,3.335029085578256,2.7170778940366347,1.766383753203371,-50.38556308057059
2026-04-15T14:31:09.180,4.0037519934029575,4.005336046536925,4.004347324630459,4.002826214005125,-0.030845046445647534,2.3449958768484436,3.335029085578256,2.7170778940366347,1.766383753203371,-50.38556308057059
2026-04-15T14:31:09.291,4.003306150633463,4.004129648454764,4.0044784548567804,4.002933740790709,-0.03515688021835629,2.066344145914556,2.5810302842277366,2.799034285487778,1.8335879941933086,-50.43946100272946
2026-04-15T14:31:09.418,4.003306150633463,4.004129648454764,4.0044784548567804,4.002933740790709,-0.03515688021835629,2.066344145914556,2.5810302842277366,2.799034285487778,1.8335879941933086,-50.43946100272946
2026-04-15T14:31:09.512,4.003306150633463,4.004129648454764,4.0044784548567804,4.002933740790709,-0.03515688021835629,2.066344145914556,2.5810302842277366,2.799034285487778,1.8335879941933086,-50.43946100272946
2026-04-15T14:31:09.622,4.003589391922318,4.005448818531562,4.004452228811516,4.003476619927682,-0.030760403057499674,2.2433699514490257,3.4055115822262394,2.7826430071975494,2.1728874548010424,-50.38450503821874
2026-04-15T14:31:09.733,4.003589391922318,4.005448818531562,4.004452228811516,4.003476619927682,-0.030760403057499674,2.2433699514490257,3.4055115822262394,2.7826430071975494,2.1728874548010424,-50.38450503821874
2026-04-15T14:31:09.857,4.003589391922318,4.005448818531562,4.004452228811516,4.003476619927682,-0.030760403057499674,2.2433699514490257,3.4055115822262394,2.7826430071975494,2.1728874548010424,-50.38450503821874
2026-04-15T14:31:09.952,4.003565788481581,4.00558257136241,4.004512548715624,4.0023462773767875,-0.03558507618192783,2.228617800988375,3.4891071015064057,2.8203429472650754,1.4664233604921861,-50.4448134522741
2026-04-15T14:31:10.064,4.003565788481581,4.00558257136241,4.004512548715624,4.0023462773767875,-0.03558507618192783,2.228617800988375,3.4891071015064057,2.8203429472650754,1.4664233604921861,-50.4448134522741
2026-04-15T14:31:10.174,4.003565788481581,4.00558257136241,4.004512548715624,4.0023462773767875,-0.03558507618192783,2.228617800988375,3.4891071015064057,2.8203429472650754,1.4664233604921861,-50.4448134522741
2026-04-15T14:31:10.300,4.00345563909147,4.005063295666176,4.0038778784202265,4.002238750591204,-0.03507721585304066,2.1597744321688594,3.1645597913598777,2.4236740126415413,1.3992191195022485,-50.43846519816301
2026-04-15T14:31:10.395,4.00345563909147,4.005063295666176,4.0038778784202265,4.002238750591204,-0.03507721585304066,2.1597744321688594,3.1645597913598777,2.4236740126415413,1.3992191195022485,-50.43846519816301
2026-04-15T14:31:10.506,4.00345563909147,4.005063295666176,4.0038778784202265,4.002238750591204,-0.03507721585304066,2.1597744321688594,3.1645597913598777,2.4236740126415413,1.3992191195022485,-50.43846519816301
2026-04-15T14:31:10.616,4.003552675458948,4.0041244032457115,4.003371715746625,4.003164529989037,-0.027434415805571898,2.2204221618427056,2.577752028569691,2.1073223416406828,1.9778312431478762,-50.34293019756964
2026-04-15T14:31:10.743,4.003552675458948,4.0041244032457115,4.003371715746625,4.003164529989037,-0.027434415805571898,2.2204221618427056,2.577752028569691,2.1073223416406828,1.9778312431478762,-50.34293019756964
2026-04-15T14:31:10.837,4.003552675458948,4.0041244032457115,4.003371715746625,4.003164529989037,-0.027434415805571898,2.2204221618427056,2.577752028569691,2.1073223416406828,1.9778312431478762,-50.34293019756964
2026-04-15T14:31:10.948,4.003093719666822,4.00508952171144,4.004507303506571,4.002668857733539,-0.026876765248362453,1.9335747917637036,3.1809510696501064,2.8170646916070297,1.668036083461999,-50.335959565604526
2026-04-15T14:31:11.043,4.003093719666822,4.00508952171144,4.004507303506571,4.002668857733539,-0.026876765248362453,1.9335747917637036,3.1809510696501064,2.8170646916070297,1.668036083461999,-50.335959565604526
2026-04-15T14:31:11.154,4.003093719666822,4.00508952171144,4.004507303506571,4.002668857733539,-0.026876765248362453,1.9335747917637036,3.1809510696501064,2.8170646916070297,1.668036083461999,-50.335959565604526
2026-04-15T14:31:11.280,4.003064871017031,4.004620075501208,4.003807068098013,4.00288915651376,-0.02107122462598553,1.915544385644452,2.887547188255013,2.379417561257924,1.8057228210999199,-50.26339030782482
2026-04-15T14:31:11.373,4.003064871017031,4.004620075501208,4.003807068098013,4.00288915651376,-0.02107122462598553,1.915544385644452,2.887547188255013,2.379417561257924,1.8057228210999199,-50.26339030782482
2026-04-15T14:31:11.483,4.003064871017031,4.004620075501208,4.003807068098013,4.00288915651376,-0.02107122462598553,1.915544385644452,2.887547188255013,2.379417561257924,1.8057228210999199,-50.26339030782482
2026-04-15T14:31:11.597,4.0033612253285185,4.004284382121824,4.004284382121824,4.00243282332616,-0.019786636735270913,2.100765830324036,2.677738826140086,2.677738826140086,1.5205145788499408,-50.247332959190885
2026-04-15T14:31:11.704,4.0033612253285185,4.004284382121824,4.004284382121824,4.00243282332616,-0.019786636735270913,2.100765830324036,2.677738826140086,2.677738826140086,1.5205145788499408,-50.247332959190885
2026-04-15T14:31:11.831,4.0033612253285185,4.004284382121824,4.004284382121824,4.00243282332616,-0.019786636735270913,2.100765830324036,2.677738826140086,2.677738826140086,1.5205145788499408,-50.247332959190885
2026-04-15T14:31:11.927,4.00334548970136,4.005058050457123,4.004284382121824,4.002839327027758,-0.02784767470064676,2.090931063349899,3.161281535701832,2.677738826140086,1.7745793923484854,-50.34809593375809
2026-04-15T14:31:12.037,4.00334548970136,4.005058050457123,4.004284382121824,4.002839327027758,-0.02784767470064676,2.090931063349899,3.161281535701832,2.677738826140086,1.7745793923484854,-50.34809593375809
2026-04-15T14:31:12.149,4.00334548970136,4.005058050457123,4.004284382121824,4.002839327027758,-0.02784767470064676,2.090931063349899,3.161281535701832,2.677738826140086,1.7745793923484854,-50.34809593375809
2026-04-15T14:31:12.259,4.003426790441679,4.0053675177912424,4.004502058297518,4.00254297271627,-0.03736756635586517,2.141744026049608,3.3546986195265305,2.813786435948984,1.5893579476689013,-50.467094579448315
2026-04-15T14:31:12.370,4.003426790441679,4.0053675177912424,4.004502058297518,4.00254297271627,-0.03736756635586517,2.141744026049608,3.3546986195265305,2.813786435948984,1.5893579476689013,-50.467094579448315
2026-04-15T14:31:12.496,4.003426790441679,4.0053675177912424,4.004502058297518,4.00254297271627,-0.03736756635586517,2.141744026049608,3.3546986195265305,2.813786435948984,1.5893579476689013,-50.467094579448315
2026-04-15T14:31:12.590,4.003316641051569,4.005228519751341,4.004667282382684,4.002855062654916,-0.02760868160469985,2.0729006572306474,3.2678248445883185,2.9170514891774246,1.7844141593226226,-50.345108520058744
2026-04-15T14:31:12.701,4.003316641051569,4.005228519751341,4.004667282382684,4.002855062654916,-0.02760868160469985,2.0729006572306474,3.2678248445883185,2.9170514891774246,1.7844141593226226,-50.345108520058744
2026-04-15T14:31:12.812,4.003316641051569,4.005228519751341,4.004667282382684,4.002855062654916,-0.02760868160469985,2.0729006572306474,3.2678248445883185,2.9170514891774246,1.7844141593226226,-50.345108520058744
2026-04-15T14:31:12.923,4.00345563909147,4.004399776720987,4.004006386042022,4.002700328987856,-0.02497477852645166,2.1597744321688594,2.749860450617092,2.503991276263662,1.6877056174102734,-50.31218473158064
2026-04-15T14:31:13.035,4.00345563909147,4.004399776720987,4.004006386042022,4.002700328987856,-0.02497477852645166,2.1597744321688594,2.749860450617092,2.503991276263662,1.6877056174102734,-50.31218473158064
2026-04-15T14:31:13.161,4.00345563909147,4.004399776720987,4.004006386042022,4.002700328987856,-0.02497477852645166,2.1597744321688594,2.749860450617092,2.503991276263662,1.6877056174102734,-50.31218473158064
2026-04-15T14:31:13.255,4.0040221216691805,4.0049111846036425,4.004095554595921,4.0030491353898725,-0.035082194875872885,2.513826043237799,3.0694903772765514,2.5597216224504393,1.9057096186703149,-50.43852743594841
2026-04-15T14:31:13.361,4.0040221216691805,4.0049111846036425,4.004095554595921,4.0030491353898725,-0.035082194875872885,2.513826043237799,3.0694903772765514,2.5597216224504393,1.9057096186703149,-50.43852743594841
2026-04-15T14:31:13.478,4.0040221216691805,4.0049111846036425,4.004095554595921,4.0030491353898725,-0.035082194875872885,2.513826043237799,3.0694903772765514,2.5597216224504393,1.9057096186703149,-50.43852743594841
2026-04-15T14:31:13.587,4.003096342271348,4.0050737860842816,4.004525661738256,4.0031330587347185,-0.03236364840947683,1.9352139195927265,3.1711163026759692,2.8285385864101897,1.9581617091990466,-50.40454560511846
2026-04-15T14:31:13.698,4.003096342271348,4.0050737860842816,4.004525661738256,4.0031330587347185,-0.03236364840947683,1.9352139195927265,3.1711163026759692,2.8285385864101897,1.9581617091990466,-50.40454560511846
2026-04-15T14:31:13.793,4.003096342271348,4.0050737860842816,4.004525661738256,4.0031330587347185,-0.03236364840947683,1.9352139195927265,3.1711163026759692,2.8285385864101897,1.9581617091990466,-50.40454560511846
2026-04-15T14:31:13.916,4.003557920668001,4.004585981642364,4.004231930031295,4.00257968917964,-0.03801981834688693,2.2237004175007513,2.8662385264777157,2.6449562695596285,1.6123057372752214,-50.47524772933608
2026-04-15T14:31:14.027,4.003557920668001,4.004585981642364,4.004231930031295,4.00257968917964,-0.03801981834688693,2.2237004175007513,2.8662385264777157,2.6449562695596285,1.6123057372752214,-50.47524772933608
2026-04-15T14:31:14.121,4.003557920668001,4.004585981642364,4.004231930031295,4.00257968917964,-0.03801981834688693,2.2237004175007513,2.8662385264777157,2.6449562695596285,1.6123057372752214,-50.47524772933608
2026-04-15T14:31:14.244,4.003602504944951,4.004635811128367,4.003880501024753,4.002860307863969,-0.04220219752595779,2.25156559059414,2.89738195522915,2.425313140470564,1.7876924149806683,-50.52752746907447
2026-04-15T14:31:14.353,4.003602504944951,4.004635811128367,4.003880501024753,4.002860307863969,-0.04220219752595779,2.25156559059414,2.89738195522915,2.425313140470564,1.7876924149806683,-50.52752746907447
2026-04-15T14:31:14.464,4.003602504944951,4.004635811128367,4.003880501024753,4.002860307863969,-0.04220219752595779,2.25156559059414,2.89738195522915,2.425313140470564,1.7876924149806683,-50.52752746907447
2026-04-15T14:31:14.573,4.002952099022394,4.004782676981847,4.004218817008663,4.002485275416689,-0.02843022037201734,1.8450618889964687,2.989173113654431,2.636760630414514,1.5532971354303982,-50.35537775465022
2026-04-15T14:31:14.669,4.002952099022394,4.004782676981847,4.004218817008663,4.002485275416689,-0.02843022037201734,1.8450618889964687,2.989173113654431,2.636760630414514,1.5532971354303982,-50.35537775465022
2026-04-15T14:31:14.794,4.002952099022394,4.004782676981847,4.004218817008663,4.002485275416689,-0.02843022037201734,1.8450618889964687,2.989173113654431,2.636760630414514,1.5532971354303982,-50.35537775465022
2026-04-15T14:31:14.889,4.003476619927682,4.004688263218895,4.004053592923498,4.002983570276712,-0.0351767963096852,2.1728874548010424,2.9301645118096076,2.5334955771860734,1.8647314229447431,-50.43970995387107
2026-04-15T14:31:15.000,4.003476619927682,4.004688263218895,4.004053592923498,4.002983570276712,-0.0351767963096852,2.1728874548010424,2.9301645118096076,2.5334955771860734,1.8647314229447431,-50.43970995387107
2026-04-15T14:31:15.109,4.003476619927682,4.004688263218895,4.004053592923498,4.002983570276712,-0.0351767963096852,2.1728874548010424,2.9301645118096076,2.5334955771860734,1.8647314229447431,-50.43970995387107
2026-04-15T14:31:15.216,4.003639221408321,4.004355192444039,4.004129648454764,4.002569198761535,-0.0352315655608397,2.2745133802004602,2.7219952775242584,2.5810302842277366,1.60574922595913,-50.440394569510495
2026-04-15T14:31:15.325,4.003639221408321,4.004355192444039,4.004129648454764,4.002569198761535,-0.0352315655608397,2.2745133802004602,2.7219952775242584,2.5810302842277366,1.60574922595913,-50.440394569510495
2026-04-15T14:31:15.435,4.003639221408321,4.004355192444039,4.004129648454764,4.002569198761535,-0.0352315655608397,2.2745133802004602,2.7219952775242584,2.5810302842277366,1.60574922595913,-50.440394569510495
2026-04-15T14:31:15.545,4.002907514745445,4.0042686464946655,4.004452228811516,4.002647876897328,-0.03732773417320735,1.81719671590308,2.6679040591659486,2.7826430071975494,1.654923060829816,-50.466596677165086
2026-04-15T14:31:15.670,4.002907514745445,4.0042686464946655,4.004452228811516,4.002647876897328,-0.03732773417320735,1.81719671590308,2.6679040591659486,2.7826430071975494,1.654923060829816,-50.466596677165086
2026-04-15T14:31:15.765,4.002907514745445,4.0042686464946655,4.004452228811516,4.002647876897328,-0.03732773417320735,1.81719671590308,2.6679040591659486,2.7826430071975494,1.654923060829816,-50.466596677165086
2026-04-15T14:31:15.873,4.002501011043847,4.0047669413546885,4.004300117748983,4.002967834649553,-0.03245824984328915,1.5631319024045354,2.9793383466802936,2.687573593114223,1.854896655970606,-50.405728123041115
2026-04-15T14:31:15.981,4.002501011043847,4.0047669413546885,4.004300117748983,4.002967834649553,-0.03245824984328915,1.5631319024045354,2.9793383466802936,2.687573593114223,1.854896655970606,-50.405728123041115
2026-04-15T14:31:16.092,4.002501011043847,4.0047669413546885,4.004300117748983,4.002967834649553,-0.03245824984328915,1.5631319024045354,2.9793383466802936,2.687573593114223,1.854896655970606,-50.405728123041115
2026-04-15T14:31:16.200,4.0032773019836725,4.00470662145058,4.004037857296339,4.00281572358702,-0.027947255157291302,2.0483137397953044,2.9416384066127677,2.5236608102119362,1.7598272418872796,-50.34934068946614
2026-04-15T14:31:16.310,4.0032773019836725,4.00470662145058,4.004037857296339,4.00281572358702,-0.027947255157291302,2.0483137397953044,2.9416384066127677,2.5236608102119362,1.7598272418872796,-50.34934068946614
2026-04-15T14:31:16.419,4.0032773019836725,4.00470662145058,4.004037857296339,4.00281572358702,-0.027947255157291302,2.0483137397953044,2.9416384066127677,2.5236608102119362,1.7598272418872796,-50.34934068946614
2026-04-15T14:31:16.541,4.003196001243353,4.004719734473213,4.004197836172452,4.003022909344608,-0.02753897528504867,1.9975007770955955,2.949834045757882,2.623647607782331,1.8893183403800862,-50.344237191063115
2026-04-15T14:31:16.651,4.003196001243353,4.004719734473213,4.004197836172452,4.003022909344608,-0.02753897528504867,1.9975007770955955,2.949834045757882,2.623647607782331,1.8893183403800862,-50.344237191063115
2026-04-15T14:31:16.749,4.003196001243353,4.004719734473213,4.004197836172452,4.003022909344608,-0.02753897528504867,1.9975007770955955,2.949834045757882,2.623647607782331,1.8893183403800862,-50.344237191063115
2026-04-15T14:31:16.856,4.0038778784202265,4.005031824411859,4.003770351634643,4.0032169820795644,-0.02344621851695791,2.4236740126415413,3.1448902574116033,2.3564697716516037,2.0106137997277784,-50.29307773146198
2026-04-15T14:31:16.965,4.0038778784202265,4.005031824411859,4.003770351634643,4.0032169820795644,-0.02344621851695791,2.4236740126415413,3.1448902574116033,2.3564697716516037,2.0106137997277784,-50.29307773146198
2026-04-15T14:31:17.075,4.0038778784202265,4.005031824411859,4.003770351634643,4.0032169820795644,-0.02344621851695791,2.4236740126415413,3.1448902574116033,2.3564697716516037,2.0106137997277784,-50.29307773146198
2026-04-15T14:31:17.184,4.002398729467316,4.004945278462486,4.004321098585194,4.0033795835602035,-0.02948079418961728,1.4992059170726435,3.0907990390538487,2.700686615746406,2.1122397251271963,-50.36850992737022
2026-04-15T14:31:17.294,4.002398729467316,4.004945278462486,4.004321098585194,4.0033795835602035,-0.02948079418961728,1.4992059170726435,3.0907990390538487,2.700686615746406,2.1122397251271963,-50.36850992737022
2026-04-15T14:31:17.405,4.002398729467316,4.004945278462486,4.004321098585194,4.0033795835602035,-0.02948079418961728,1.4992059170726435,3.0907990390538487,2.700686615746406,2.1122397251271963,-50.36850992737022
2026-04-15T14:31:17.512,4.003004551112923,4.005593061780517,4.0041663649181345,4.002272844450047,-0.036436489086238685,1.877844445576926,3.4956636128230523,2.6039780738340568,1.4205277812795458,-50.45545611357798
2026-04-15T14:31:17.625,4.003004551112923,4.005593061780517,4.0041663649181345,4.002272844450047,-0.036436489086238685,1.877844445576926,3.4956636128230523,2.6039780738340568,1.4205277812795458,-50.45545611357798
2026-04-15T14:31:17.734,4.003004551112923,4.005593061780517,4.0041663649181345,4.002272844450047,-0.036436489086238685,1.877844445576926,3.4956636128230523,2.6039780738340568,1.4205277812795458,-50.45545611357798
2026-04-15T14:31:17.843,4.002417087699001,4.004011631251075,4.004218817008663,4.003167152593562,-0.02967995510290637,1.5106798118758036,2.5072695319217075,2.636760630414514,1.979470370976344,-50.370999438786335
2026-04-15T14:31:17.952,4.002417087699001,4.004011631251075,4.004218817008663,4.003167152593562,-0.02967995510290637,1.5106798118758036,2.5072695319217075,2.636760630414514,1.979470370976344,-50.370999438786335
2026-04-15T14:31:18.062,4.002417087699001,4.004011631251075,4.004218817008663,4.003167152593562,-0.02967995510290637,1.5106798118758036,2.5072695319217075,2.636760630414514,1.979470370976344,-50.370999438786335
2026-04-15T14:31:18.171,4.003274679379146,4.004132271059291,4.004182100545293,4.002445936348792,-0.02691161840818804,2.0466746119662815,2.5826694120567595,2.613812840808194,1.5287102179950551,-50.33639523010235
2026-04-15T14:31:18.280,4.003274679379146,4.004132271059291,4.004182100545293,4.002445936348792,-0.02691161840818804,2.0466746119662815,2.5826694120567595,2.613812840808194,1.5287102179950551,-50.33639523010235
2026-04-15T14:31:18.386,4.003274679379146,4.004132271059291,4.004182100545293,4.002445936348792,-0.02691161840818804,2.0466746119662815,2.5826694120567595,2.613812840808194,1.5287102179950551,-50.33639523010235
2026-04-15T14:31:18.497,4.002883911304707,4.004643678941946,4.004056215528024,4.00213122380562,-0.03186076710342189,1.8024445654418741,2.902299338716219,2.5351347050150963,1.332014878512311,-50.39825958879277
2026-04-15T14:31:18.606,4.002883911304707,4.004643678941946,4.004056215528024,4.00213122380562,-0.03186076710342189,1.8024445654418741,2.902299338716219,2.5351347050150963,1.332014878512311,-50.39825958879277
2026-04-15T14:31:18.717,4.002883911304707,4.004643678941946,4.004056215528024,4.00213122380562,-0.03186076710342189,1.8024445654418741,2.902299338716219,2.5351347050150963,1.332014878512311,-50.39825958879277
2026-04-15T14:31:18.826,4.003883123629279,4.005273104028291,4.004053592923498,4.0030438901808205,-0.027140653458470495,2.426952268299587,3.295690017681707,2.5334955771860734,1.9024313630128242,-50.339258168230884
2026-04-15T14:31:18.949,4.003883123629279,4.005273104028291,4.004053592923498,4.0030438901808205,-0.027140653458470495,2.426952268299587,3.295690017681707,2.5334955771860734,1.9024313630128242,-50.339258168230884
2026-04-15T14:31:19.045,4.003883123629279,4.005273104028291,4.004053592923498,4.0030438901808205,-0.027140653458470495,2.426952268299587,3.295690017681707,2.5334955771860734,1.9024313630128242,-50.339258168230884
2026-04-15T14:31:19.153,4.0027790071236495,4.005267858819238,4.0041244032457115,4.003245830729355,-0.025796317293769147,1.7368794522809594,3.2924117620236615,2.577752028569691,2.02864420584703,-50.32245396617211
2026-04-15T14:31:19.262,4.0027790071236495,4.005267858819238,4.0041244032457115,4.003245830729355,-0.025796317293769147,1.7368794522809594,3.2924117620236615,2.577752028569691,2.02864420584703,-50.32245396617211
2026-04-15T14:31:19.372,4.0027790071236495,4.005267858819238,4.0041244032457115,4.003245830729355,-0.025796317293769147,1.7368794522809594,3.2924117620236615,2.577752028569691,2.02864420584703,-50.32245396617211
2026-04-15T14:31:19.481,4.002637386479222,4.004483700065833,4.004239797844875,4.002752781078385,-0.0329611311493441,1.6483665495137245,2.802312541145824,2.649873653046697,1.7204881739907307,-50.4120141393668
2026-04-15T14:31:19.591,4.002637386479222,4.004483700065833,4.004239797844875,4.002752781078385,-0.0329611311493441,1.6483665495137245,2.802312541145824,2.649873653046697,1.7204881739907307,-50.4120141393668
2026-04-15T14:31:19.701,4.002637386479222,4.004483700065833,4.004239797844875,4.002752781078385,-0.0329611311493441,1.6483665495137245,2.802312541145824,2.649873653046697,1.7204881739907307,-50.4120141393668
2026-04-15T14:31:19.808,4.002897024327339,4.004790544795426,4.004418134952672,4.002422332908054,-0.02305287571321196,1.8106402045869885,2.9940904971414994,2.761334345420252,1.5139580675338493,-50.28816094641515
2026-04-15T14:31:19.919,4.002897024327339,4.004790544795426,4.004418134952672,4.002422332908054,-0.02305287571321196,1.8106402045869885,2.9940904971414994,2.761334345420252,1.5139580675338493,-50.28816094641515
2026-04-15T14:31:20.028,4.002897024327339,4.004790544795426,4.004418134952672,4.002422332908054,-0.02305287571321196,1.8106402045869885,2.9940904971414994,2.761334345420252,1.5139580675338493,-50.28816094641515
2026-04-15T14:31:20.141,4.0033612253285185,4.004255533472033,4.004302740353509,4.002503633648374,-0.03064588553235845,2.100765830324036,2.6597084200208343,2.689212720943246,1.5647710302335582,-50.383073569154476
2026-04-15T14:31:20.256,4.0033612253285185,4.004255533472033,4.004302740353509,4.002503633648374,-0.03064588553235845,2.100765830324036,2.6597084200208343,2.689212720943246,1.5647710302335582,-50.383073569154476
2026-04-15T14:31:20.363,4.0033612253285185,4.004255533472033,4.004302740353509,4.002503633648374,-0.03064588553235845,2.100765830324036,2.6597084200208343,2.689212720943246,1.5647710302335582,-50.383073569154476
2026-04-15T14:31:20.473,4.0031514169664035,4.004748583123003,4.0045990946649965,4.002723932428594,-0.02630915664548855,1.9696356040022067,2.9678644518771335,2.87443416562283,1.7024577678714792,-50.32886445806861
2026-04-15T14:31:20.577,4.0031514169664035,4.004748583123003,4.0045990946649965,4.002723932428594,-0.02630915664548855,1.9696356040022067,2.9678644518771335,2.87443416562283,1.7024577678714792,-50.32886445806861
2026-04-15T14:31:20.688,4.0031514169664035,4.004748583123003,4.0045990946649965,4.002723932428594,-0.02630915664548855,1.9696356040022067,2.9678644518771335,2.87443416562283,1.7024577678714792,-50.32886445806861
2026-04-15T14:31:20.799,4.003096342271348,4.004688263218895,4.004407644534567,4.002936363395236,-0.023934162754516174,1.9352139195927265,2.9301645118096076,2.7547778341041607,1.8352271220223315,-50.29917703443145
2026-04-15T14:31:20.903,4.003096342271348,4.004688263218895,4.004407644534567,4.002936363395236,-0.023934162754516174,1.9352139195927265,2.9301645118096076,2.7547778341041607,1.8352271220223315,-50.29917703443145
2026-04-15T14:31:21.014,4.003096342271348,4.004688263218895,4.004407644534567,4.002936363395236,-0.023934162754516174,1.9352139195927265,2.9301645118096076,2.7547778341041607,1.8352271220223315,-50.29917703443145
2026-04-15T14:31:21.124,4.003612995363056,4.004764318750162,4.004323721189721,4.002640009083748,-0.022151672580578836,2.2581221019102315,2.9776992188512708,2.702325743575429,1.6500056773427474,-50.276895907257234
2026-04-15T14:31:21.235,4.003612995363056,4.004764318750162,4.004323721189721,4.002640009083748,-0.022151672580578836,2.2581221019102315,2.9776992188512708,2.702325743575429,1.6500056773427474,-50.276895907257234
2026-04-15T14:31:21.347,4.003612995363056,4.004764318750162,4.004323721189721,4.002640009083748,-0.022151672580578836,2.2581221019102315,2.9776992188512708,2.702325743575429,1.6500056773427474,-50.276895907257234
2026-04-15T14:31:21.450,4.003206491661459,4.005131483383864,4.004276514308245,4.002524614484585,-0.027494164079558625,2.004057288411687,3.2071771149150274,2.6728214426530172,1.5778840528657412,-50.343677050994486
2026-04-15T14:31:21.568,4.003206491661459,4.005131483383864,4.004276514308245,4.002524614484585,-0.027494164079558625,2.004057288411687,3.2071771149150274,2.6728214426530172,1.5778840528657412,-50.343677050994486
2026-04-15T14:31:21.693,4.003206491661459,4.005131483383864,4.004276514308245,4.002524614484585,-0.027494164079558625,2.004057288411687,3.2071771149150274,2.6728214426530172,1.5778840528657412,-50.343677050994486
2026-04-15T14:31:21.787,4.003442526068838,4.00489807158101,4.004551887783521,4.002414465094475,-0.024178134873295308,2.151578793023745,3.061294738131437,2.8449298647004184,1.5090406840467807,-50.302226685916196
2026-04-15T14:31:21.897,4.003442526068838,4.00489807158101,4.004551887783521,4.002414465094475,-0.024178134873295308,2.151578793023745,3.061294738131437,2.8449298647004184,1.5090406840467807,-50.302226685916196
2026-04-15T14:31:21.998,4.003442526068838,4.00489807158101,4.004551887783521,4.002414465094475,-0.024178134873295308,2.151578793023745,3.061294738131437,2.8449298647004184,1.5090406840467807,-50.302226685916196
2026-04-15T14:31:22.115,4.003384828769256,4.004672527591737,4.0044784548567804,4.002443313744266,-0.014010970249887355,2.115517980785242,2.9203297448354704,2.799034285487778,1.5270710901660323,-50.175137128123595
2026-04-15T14:31:22.223,4.003384828769256,4.004672527591737,4.0044784548567804,4.002443313744266,-0.014010970249887355,2.115517980785242,2.9203297448354704,2.799034285487778,1.5270710901660323,-50.175137128123595
2026-04-15T14:31:22.335,4.003384828769256,4.004672527591737,4.0044784548567804,4.002443313744266,-0.014010970249887355,2.115517980785242,2.9203297448354704,2.799034285487778,1.5270710901660323,-50.175137128123595
2026-04-15T14:31:22.441,4.003164529989037,4.0048089030271115,4.004575491224259,4.002535104902691,-0.01845225861623402,1.9778312431478762,3.0055643919446595,2.8596820151616242,1.5844405641818327,-50.23065323270293
2026-04-15T14:31:22.551,4.003164529989037,4.0048089030271115,4.004575491224259,4.002535104902691,-0.01845225861623402,1.9778312431478762,3.0055643919446595,2.8596820151616242,1.5844405641818327,-50.23065323270293
2026-04-15T14:31:22.652,4.003164529989037,4.0048089030271115,4.004575491224259,4.002535104902691,-0.01845225861623402,1.9778312431478762,3.0055643919446595,2.8596820151616242,1.5844405641818327,-50.23065323270293
2026-04-15T14:31:22.768,4.0033376218877805,4.005023956598279,4.00436830546667,4.0023043157043645,-0.027479227011061945,2.0860136798628304,3.1399728739245347,2.7301909166688176,1.4401973152278202,-50.34349033763827
2026-04-15T14:31:22.877,4.0033376218877805,4.005023956598279,4.00436830546667,4.0023043157043645,-0.027479227011061945,2.0860136798628304,3.1399728739245347,2.7301909166688176,1.4401973152278202,-50.34349033763827
2026-04-15T14:31:22.982,4.0033376218877805,4.005023956598279,4.00436830546667,4.0023043157043645,-0.027479227011061945,2.0860136798628304,3.1399728739245347,2.7301909166688176,1.4401973152278202,-50.34349033763827
2026-04-15T14:31:23.095,4.003093719666822,4.004890203767431,4.004690885823422,4.003143549152824,-0.022410581767854647,1.9335747917637036,3.0563773546443684,2.9318036396386304,1.9647182205151381,-50.280132272098186
2026-04-15T14:31:23.220,4.003093719666822,4.004890203767431,4.004690885823422,4.003143549152824,-0.022410581767854647,1.9335747917637036,3.0563773546443684,2.9318036396386304,1.9647182205151381,-50.280132272098186
2026-04-15T14:31:23.312,4.003093719666822,4.004890203767431,4.004690885823422,4.003143549152824,-0.022410581767854647,1.9335747917637036,3.0563773546443684,2.9318036396386304,1.9647182205151381,-50.280132272098186
2026-04-15T14:31:23.424,4.003219604684091,4.004426002766252,4.004790544795426,4.002996683299344,-0.02583117045359474,2.0122529275568013,2.7662517289073207,2.9940904971414994,1.8729270620898575,-50.322889630669934
2026-04-15T14:31:23.529,4.003219604684091,4.004426002766252,4.004790544795426,4.002996683299344,-0.02583117045359474,2.0122529275568013,2.7662517289073207,2.9940904971414994,1.8729270620898575,-50.322889630669934
2026-04-15T14:31:23.639,4.003219604684091,4.004426002766252,4.004790544795426,4.002996683299344,-0.02583117045359474,2.0122529275568013,2.7662517289073207,2.9940904971414994,1.8729270620898575,-50.322889630669934
2026-04-15T14:31:23.752,4.003240585520302,4.004373550675723,4.0044128897436195,4.002713442010489,-0.018750999986167655,2.0253659501889842,2.7334691723268634,2.7580560897622064,1.6959012565553877,-50.23438749982709
2026-04-15T14:31:23.860,4.003240585520302,4.004373550675723,4.0044128897436195,4.002713442010489,-0.018750999986167655,2.0253659501889842,2.7334691723268634,2.7580560897622064,1.6959012565553877,-50.23438749982709
2026-04-15T14:31:23.967,4.003240585520302,4.004373550675723,4.0044128897436195,4.002713442010489,-0.018750999986167655,2.0253659501889842,2.7334691723268634,2.7580560897622064,1.6959012565553877,-50.23438749982709
2026-04-15T14:31:24.076,4.003041267576293,4.004439115788884,4.004593849455944,4.002818346191546,-0.009853486184977639,1.9007922351832462,2.774447368052435,2.8711559099647843,1.7614663697163024,-50.123168577312214
2026-04-15T14:31:24.187,4.003041267576293,4.004439115788884,4.004593849455944,4.002818346191546,-0.009853486184977639,1.9007922351832462,2.774447368052435,2.8711559099647843,1.7614663697163024,-50.123168577312214
2026-04-15T14:31:24.298,4.003041267576293,4.004439115788884,4.004593849455944,4.002818346191546,-0.009853486184977639,1.9007922351832462,2.774447368052435,2.8711559099647843,1.7614663697163024,-50.123168577312214
2026-04-15T14:31:24.408,4.003434658255259,4.004431247975305,4.003972292183178,4.0030438901808205,-0.013493151875335726,2.1466614095366765,2.7695299845653665,2.4826826144863645,1.9024313630128242,-50.1686643984417
2026-04-15T14:31:24.516,4.003434658255259,4.004431247975305,4.003972292183178,4.0030438901808205,-0.013493151875335726,2.1466614095366765,2.7695299845653665,2.4826826144863645,1.9024313630128242,-50.1686643984417
2026-04-15T14:31:24.622,4.003434658255259,4.004431247975305,4.003972292183178,4.0030438901808205,-0.013493151875335726,2.1466614095366765,2.7695299845653665,2.4826826144863645,1.9024313630128242,-50.1686643984417
2026-04-15T14:31:24.734,4.002891779118286,4.004530906947309,4.004528284342783,4.002776384519124,-0.01814853822346816,1.8073619489289428,2.8318168420682355,2.8301777142392126,1.7352403244524917,-50.226856727793354
2026-04-15T14:31:24.840,4.002891779118286,4.004530906947309,4.004528284342783,4.002776384519124,-0.01814853822346816,1.8073619489289428,2.8318168420682355,2.8301777142392126,1.7352403244524917,-50.226856727793354
2026-04-15T14:31:24.963,4.002891779118286,4.004530906947309,4.004528284342783,4.002776384519124,-0.01814853822346816,1.8073619489289428,2.8318168420682355,2.8301777142392126,1.7352403244524917,-50.226856727793354
2026-04-15T14:31:25.072,4.003125190921139,4.004588604246891,4.004043102505392,4.002883911304707,-0.021066245603153306,1.953244325711978,2.8678776543067386,2.526939065869982,1.8024445654418741,-50.263328070039414
2026-04-15T14:31:25.182,4.003125190921139,4.004588604246891,4.004043102505392,4.002883911304707,-0.021066245603153306,1.953244325711978,2.8678776543067386,2.526939065869982,1.8024445654418741,-50.263328070039414
2026-04-15T14:31:25.290,4.003125190921139,4.004588604246891,4.004043102505392,4.002883911304707,-0.021066245603153306,1.953244325711978,2.8678776543067386,2.526939065869982,1.8024445654418741,-50.263328070039414
2026-04-15T14:31:25.400,4.002876043491128,4.004932165439854,4.004407644534567,4.002784252332702,-0.015390159574414291,1.7975271819548055,3.0826033999087343,2.7547778341041607,1.7401577079390051,-50.192376994680174
2026-04-15T14:31:25.507,4.002876043491128,4.004932165439854,4.004407644534567,4.002784252332702,-0.015390159574414291,1.7975271819548055,3.0826033999087343,2.7547778341041607,1.7401577079390051,-50.192376994680174
2026-04-15T14:31:25.616,4.002876043491128,4.004932165439854,4.004407644534567,4.002784252332702,-0.015390159574414291,1.7975271819548055,3.0826033999087343,2.7547778341041607,1.7401577079390051,-50.192376994680174
2026-04-15T14:31:25.725,4.002668857733539,4.0047249796822655,4.003799200284433,4.003363847933045,-0.016505460688833185,1.668036083461999,2.9531123014159277,2.374500177770855,2.102404958153059,-50.206318258610416
2026-04-15T14:31:25.836,4.002668857733539,4.0047249796822655,4.003799200284433,4.003363847933045,-0.016505460688833185,1.668036083461999,2.9531123014159277,2.374500177770855,2.102404958153059,-50.206318258610416
2026-04-15T14:31:25.945,4.002668857733539,4.0047249796822655,4.003799200284433,4.003363847933045,-0.016505460688833185,1.668036083461999,2.9531123014159277,2.374500177770855,2.102404958153059,-50.206318258610416
2026-04-15T14:31:26.055,4.002954721626921,4.005136728592916,4.004465341834148,4.002928495581656,-0.020000734717056684,1.8467010168254916,3.210455370572518,2.7908386463426638,1.830309738535263,-50.25000918396321
2026-04-15T14:31:26.164,4.002954721626921,4.005136728592916,4.004465341834148,4.002928495581656,-0.020000734717056684,1.8467010168254916,3.210455370572518,2.7908386463426638,1.830309738535263,-50.25000918396321
2026-04-15T14:31:26.272,4.002954721626921,4.005136728592916,4.004465341834148,4.002928495581656,-0.020000734717056684,1.8467010168254916,3.210455370572518,2.7908386463426638,1.830309738535263,-50.25000918396321
2026-04-15T14:31:26.382,4.0038123133070656,4.004664659778157,4.003707409126008,4.002681970756171,-0.014578578852761256,2.3826958169159695,2.9154123613484018,2.317130703755055,1.6762317226071133,-50.18223223565952
2026-04-15T14:31:26.491,4.0038123133070656,4.004664659778157,4.003707409126008,4.002681970756171,-0.014578578852761256,2.3826958169159695,2.9154123613484018,2.317130703755055,1.6762317226071133,-50.18223223565952
2026-04-15T14:31:26.592,4.0038123133070656,4.004664659778157,4.003707409126008,4.002681970756171,-0.014578578852761256,2.3826958169159695,2.9154123613484018,2.317130703755055,1.6762317226071133,-50.18223223565952
2026-04-15T14:31:26.709,4.002768516705544,4.005094766920493,4.004365682862144,4.0029652120450265,-0.01674445378478009,1.730322940964868,3.184229325308152,2.7285517888397948,1.853257528141583,-50.20930567230975
2026-04-15T14:31:26.833,4.002768516705544,4.005094766920493,4.004365682862144,4.0029652120450265,-0.01674445378478009,1.730322940964868,3.184229325308152,2.7285517888397948,1.853257528141583,-50.20930567230975
2026-04-15T14:31:26.929,4.002768516705544,4.005094766920493,4.004365682862144,4.0029652120450265,-0.01674445378478009,1.730322940964868,3.184229325308152,2.7285517888397948,1.853257528141583,-50.20930567230975
2026-04-15T14:31:27.037,4.0032956602153575,4.005110502547652,4.0038542749794885,4.003020286740082,-0.011406941308632528,2.0597876345984645,3.1940640922822894,2.4089218621803354,1.8876792125510633,-50.14258676635791
2026-04-15T14:31:27.140,4.0032956602153575,4.005110502547652,4.0038542749794885,4.003020286740082,-0.011406941308632528,2.0597876345984645,3.1940640922822894,2.4089218621803354,1.8876792125510633,-50.14258676635791
2026-04-15T14:31:27.247,4.0032956602153575,4.005110502547652,4.0038542749794885,4.003020286740082,-0.011406941308632528,2.0597876345984645,3.1940640922822894,2.4089218621803354,1.8876792125510633,-50.14258676635791
2026-04-15T14:31:27.362,4.00322747249767,4.00482463865427,4.003442526068838,4.00327205677462,-0.01707804831453931,2.01717031104387,3.0153991589187967,2.151578793023745,2.0450354841372587,-50.21347560393175
2026-04-15T14:31:27.465,4.00322747249767,4.00482463865427,4.003442526068838,4.00327205677462,-0.01707804831453931,2.01717031104387,3.0153991589187967,2.151578793023745,2.0450354841372587,-50.21347560393175
2026-04-15T14:31:27.576,4.00322747249767,4.00482463865427,4.003442526068838,4.00327205677462,-0.01707804831453931,2.01717031104387,3.0153991589187967,2.151578793023745,2.0450354841372587,-50.21347560393175
2026-04-15T14:31:27.687,4.002535104902691,4.004711866659633,4.00429487253993,4.002920627768077,-0.01515614550129961,1.5844405641818327,2.9449166622708134,2.6842953374561773,1.8253923550481943,-50.18945181876624
2026-04-15T14:31:27.798,4.002535104902691,4.004711866659633,4.00429487253993,4.002920627768077,-0.01515614550129961,1.5844405641818327,2.9449166622708134,2.6842953374561773,1.8253923550481943,-50.18945181876624
2026-04-15T14:31:27.909,4.002535104902691,4.004711866659633,4.00429487253993,4.002920627768077,-0.01515614550129961,1.5844405641818327,2.9449166622708134,2.6842953374561773,1.8253923550481943,-50.18945181876624
2026-04-15T14:31:28.018,4.004009008646548,4.005522251458302,4.004588604246891,4.0022859574726795,-0.016132033976416143,2.5056304040926847,3.4514071614388797,2.8678776543067386,1.4287234204246602,-50.2016504247052
2026-04-15T14:31:28.128,4.004009008646548,4.005522251458302,4.004588604246891,4.0022859574726795,-0.016132033976416143,2.5056304040926847,3.4514071614388797,2.8678776543067386,1.4287234204246602,-50.2016504247052
2026-04-15T14:31:28.236,4.004009008646548,4.005522251458302,4.004588604246891,4.0022859574726795,-0.016132033976416143,2.5056304040926847,3.4514071614388797,2.8678776543067386,1.4287234204246602,-50.2016504247052
2026-04-15T14:31:28.344,4.003772974239169,4.00486135511764,4.003767729030116,4.0026164056430105,-0.02221142085456556,2.3581088994806265,3.038346948525117,2.354830643822581,1.6352535268815416,-50.27764276068207
2026-04-15T14:31:28.455,4.003772974239169,4.00486135511764,4.003767729030116,4.0026164056430105,-0.02221142085456556,2.3581088994806265,3.038346948525117,2.354830643822581,1.6352535268815416,-50.27764276068207
2026-04-15T14:31:28.559,4.003772974239169,4.00486135511764,4.003767729030116,4.0026164056430105,-0.02221142085456556,2.3581088994806265,3.038346948525117,2.354830643822581,1.6352535268815416,-50.27764276068207
2026-04-15T14:31:28.670,4.003450393882417,4.004688263218895,4.003988027810337,4.003167152593562,-0.02288856795974846,2.1564961765108137,2.9301645118096076,2.4925173814605017,1.979470370976344,-50.28610709949686
2026-04-15T14:31:28.781,4.003450393882417,4.004688263218895,4.003988027810337,4.003167152593562,-0.02288856795974846,2.1564961765108137,2.9301645118096076,2.4925173814605017,1.979470370976344,-50.28610709949686
2026-04-15T14:31:28.906,4.003450393882417,4.004688263218895,4.003988027810337,4.003167152593562,-0.02288856795974846,2.1564961765108137,2.9301645118096076,2.4925173814605017,1.979470370976344,-50.28610709949686
2026-04-15T14:31:28.999,4.003146171757351,4.0048875811629046,4.004061460737077,4.002870798282075,-0.023416344379964545,1.966357348344161,3.0547382268153456,2.538412960673142,1.7942489262967598,-50.292704304749556
2026-04-15T14:31:29.108,4.003146171757351,4.0048875811629046,4.004061460737077,4.002870798282075,-0.023416344379964545,1.966357348344161,3.0547382268153456,2.538412960673142,1.7942489262967598,-50.292704304749556
2026-04-15T14:31:29.216,4.003146171757351,4.0048875811629046,4.004061460737077,4.002870798282075,-0.023416344379964545,1.966357348344161,3.0547382268153456,2.538412960673142,1.7942489262967598,-50.292704304749556
2026-04-15T14:31:29.325,4.003188133429774,4.004740715309424,4.003673315267164,4.002855062654916,-0.03169148032712616,1.9925833936085269,2.962947068390065,2.2958220419777575,1.7844141593226226,-50.396143504089075
2026-04-15T14:31:29.434,4.003188133429774,4.004740715309424,4.003673315267164,4.002855062654916,-0.03169148032712616,1.9925833936085269,2.962947068390065,2.2958220419777575,1.7844141593226226,-50.396143504089075
2026-04-15T14:31:29.559,4.003188133429774,4.004740715309424,4.003673315267164,4.002855062654916,-0.03169148032712616,1.9925833936085269,2.962947068390065,2.2958220419777575,1.7844141593226226,-50.396143504089075
2026-04-15T14:31:29.681,4.0034818651367345,4.004735470100371,4.003749370798431,4.003240585520302,-0.0339320406016284,2.176165710459088,2.959668812732019,2.3433567490194207,2.0253659501889842,-50.42415050752036
2026-04-15T14:31:29.782,4.0034818651367345,4.004735470100371,4.003749370798431,4.003240585520302,-0.0339320406016284,2.176165710459088,2.959668812732019,2.3433567490194207,2.0253659501889842,-50.42415050752036
2026-04-15T14:31:29.900,4.0034818651367345,4.004735470100371,4.003749370798431,4.003240585520302,-0.0339320406016284,2.176165710459088,2.959668812732019,2.3433567490194207,2.0253659501889842,-50.42415050752036
2026-04-15T14:31:30.007,4.003017664135555,4.004654169360052,4.003814935911592,4.002776384519124,-0.023949099823012857,1.8860400847220404,2.9088558500323103,2.3843349447449924,1.7352403244524917,-50.29936374778766
2026-04-15T14:31:30.116,4.003017664135555,4.004654169360052,4.003814935911592,4.002776384519124,-0.023949099823012857,1.8860400847220404,2.9088558500323103,2.3843349447449924,1.7352403244524917,-50.29936374778766
2026-04-15T14:31:30.224,4.003017664135555,4.004654169360052,4.003814935911592,4.002776384519124,-0.023949099823012857,1.8860400847220404,2.9088558500323103,2.3843349447449924,1.7352403244524917,-50.29936374778766
2026-04-15T14:31:30.333,4.00308060664419,4.004819393445217,4.003917217488123,4.003334999283254,-0.023271952717829957,1.9253791526185893,3.012120903260751,2.4482609300768843,2.0843745520338075,-50.29089940897288
2026-04-15T14:31:30.441,4.00308060664419,4.004819393445217,4.003917217488123,4.003334999283254,-0.023271952717829957,1.9253791526185893,3.012120903260751,2.4482609300768843,2.0843745520338075,-50.29089940897288
2026-04-15T14:31:30.552,4.00308060664419,4.004819393445217,4.003917217488123,4.003334999283254,-0.023271952717829957,1.9253791526185893,3.012120903260751,2.4482609300768843,2.0843745520338075,-50.29089940897288
2026-04-15T14:31:30.660,4.002750158473859,4.004777431772794,4.0045807364333115,4.0032956602153575,-0.023067812781708642,1.7188490461617079,2.985894857996385,2.86296027081967,2.0597876345984645,-50.28834765977136
2026-04-15T14:31:30.771,4.002750158473859,4.004777431772794,4.0045807364333115,4.0032956602153575,-0.023067812781708642,1.7188490461617079,2.985894857996385,2.86296027081967,2.0597876345984645,-50.28834765977136
2026-04-15T14:31:30.880,4.002750158473859,4.004777431772794,4.0045807364333115,4.0032956602153575,-0.023067812781708642,1.7188490461617079,2.985894857996385,2.86296027081967,2.0597876345984645,-50.28834765977136
2026-04-15T14:31:30.987,4.002886533909233,4.004643678941946,4.004195213567925,4.002841949632284,-0.0225848475669826,1.804083693270897,2.902299338716219,2.6220084799533083,1.7762185201775083,-50.28231059458729
2026-04-15T14:31:31.110,4.002886533909233,4.004643678941946,4.004195213567925,4.002841949632284,-0.0225848475669826,1.804083693270897,2.902299338716219,2.6220084799533083,1.7762185201775083,-50.28231059458729
2026-04-15T14:31:31.205,4.002886533909233,4.004643678941946,4.004195213567925,4.002841949632284,-0.0225848475669826,1.804083693270897,2.902299338716219,2.6220084799533083,1.7762185201775083,-50.28231059458729
2026-04-15T14:31:31.312,4.003232717706723,4.0044784548567804,4.003927707906229,4.002401352071843,-0.025447785695513245,2.0204485667019156,2.799034285487778,2.4548174413929758,1.5008450449016664,-50.31809732119391
2026-04-15T14:31:31.421,4.003232717706723,4.0044784548567804,4.003927707906229,4.002401352071843,-0.025447785695513245,2.0204485667019156,2.799034285487778,2.4548174413929758,1.5008450449016664,-50.31809732119391
2026-04-15T14:31:31.529,4.003232717706723,4.0044784548567804,4.003927707906229,4.002401352071843,-0.025447785695513245,2.0204485667019156,2.799034285487778,2.4548174413929758,1.5008450449016664,-50.31809732119391
2026-04-15T14:31:31.639,4.0027344228467,4.005178690265339,4.003932953115282,4.003725767357693,-0.017003362972055906,1.7090142791875707,3.236681415836884,2.4580956970510215,2.328604598558215,-50.2125420371507
2026-04-15T14:31:31.749,4.0027344228467,4.005178690265339,4.003932953115282,4.003725767357693,-0.017003362972055906,1.7090142791875707,3.236681415836884,2.4580956970510215,2.328604598558215,-50.2125420371507
2026-04-15T14:31:31.856,4.0027344228467,4.005178690265339,4.003932953115282,4.003725767357693,-0.017003362972055906,1.7090142791875707,3.236681415836884,2.4580956970510215,2.328604598558215,-50.2125420371507
2026-04-15T14:31:31.965,4.003468752114102,4.004189968358872,4.0041034224095,4.001950264093296,-0.01771038421423217,2.167970071313974,2.6187302242952626,2.564639005937508,1.218915058309733,-50.2213798026779
2026-04-15T14:31:32.075,4.003468752114102,4.004189968358872,4.0041034224095,4.001950264093296,-0.01771038421423217,2.167970071313974,2.6187302242952626,2.564639005937508,1.218915058309733,-50.2213798026779
2026-04-15T14:31:32.186,4.003468752114102,4.004189968358872,4.0041034224095,4.001950264093296,-0.01771038421423217,2.167970071313974,2.6187302242952626,2.564639005937508,1.218915058309733,-50.2213798026779
2026-04-15T14:31:32.293,4.00345563909147,4.005120992965757,4.004378795884776,4.002424955512581,-0.014369459893807715,2.1597744321688594,3.200620603598381,2.736747427984909,1.5155971953628722,-50.1796182486726
2026-04-15T14:31:32.403,4.00345563909147,4.005120992965757,4.004378795884776,4.002424955512581,-0.014369459893807715,2.1597744321688594,3.200620603598381,2.736747427984909,1.5155971953628722,-50.1796182486726
2026-04-15T14:31:32.512,4.00345563909147,4.005120992965757,4.004378795884776,4.002424955512581,-0.014369459893807715,2.1597744321688594,3.200620603598381,2.736747427984909,1.5155971953628722,-50.1796182486726
2026-04-15T14:31:32.622,4.003285169797252,4.00558257136241,4.004444360997937,4.00315403957093,-0.020672902799407356,2.053231123282373,3.4891071015064057,2.777725623710481,1.9712747318312296,-50.25841128499259
2026-04-15T14:31:32.731,4.003285169797252,4.00558257136241,4.004444360997937,4.00315403957093,-0.020672902799407356,2.053231123282373,3.4891071015064057,2.777725623710481,1.9712747318312296,-50.25841128499259
2026-04-15T14:31:32.853,4.003285169797252,4.00558257136241,4.004444360997937,4.00315403957093,-0.020672902799407356,2.053231123282373,3.4891071015064057,2.777725623710481,1.9712747318312296,-50.25841128499259
2026-04-15T14:31:32.961,4.0029652120450265,4.004433870579831,4.003906727070017,4.0033612253285185,-0.03113880879274894,1.853257528141583,2.7711691123943893,2.441704418760793,2.100765830324036,-50.38923510990936
2026-04-15T14:31:33.069,4.0029652120450265,4.004433870579831,4.003906727070017,4.0033612253285185,-0.03113880879274894,1.853257528141583,2.7711691123943893,2.441704418760793,2.100765830324036,-50.38923510990936
2026-04-15T14:31:33.177,4.0029652120450265,4.004433870579831,4.003906727070017,4.0033612253285185,-0.03113880879274894,1.853257528141583,2.7711691123943893,2.441704418760793,2.100765830324036,-50.38923510990936
2026-04-15T14:31:33.287,4.0029468538133415,4.005448818531562,4.003775596843695,4.002920627768077,-0.023735001841227087,1.841783633338423,3.4055115822262394,2.3597480273096494,1.8253923550481943,-50.296687523015336
2026-04-15T14:31:33.396,4.0029468538133415,4.005448818531562,4.003775596843695,4.002920627768077,-0.023735001841227087,1.841783633338423,3.4055115822262394,2.3597480273096494,1.8253923550481943,-50.296687523015336
2026-04-15T14:31:33.519,4.0029468538133415,4.005448818531562,4.003775596843695,4.002920627768077,-0.023735001841227087,1.841783633338423,3.4055115822262394,2.3597480273096494,1.8253923550481943,-50.296687523015336
2026-04-15T14:31:33.613,4.00288915651376,4.004273891703718,4.004058838132551,4.002784252332702,-0.027598723559035396,1.8057228210999199,2.6711823148239944,2.536773832844119,1.7401577079390051,-50.34498404448794
2026-04-15T14:31:33.722,4.00288915651376,4.004273891703718,4.004058838132551,4.002784252332702,-0.027598723559035396,1.8057228210999199,2.6711823148239944,2.536773832844119,1.7401577079390051,-50.34498404448794
2026-04-15T14:31:33.825,4.00288915651376,4.004273891703718,4.004058838132551,4.002784252332702,-0.027598723559035396,1.8057228210999199,2.6711823148239944,2.536773832844119,1.7401577079390051,-50.34498404448794
2026-04-15T14:31:33.940,4.00280785577344,4.0050554278525965,4.003940820928861,4.002855062654916,-0.026010415275554918,1.754909858400211,3.159642407872809,2.46301308053809,1.7844141593226226,-50.325130190944435
2026-04-15T14:31:34.049,4.00280785577344,4.0050554278525965,4.003940820928861,4.002855062654916,-0.026010415275554918,1.754909858400211,3.159642407872809,2.46301308053809,1.7844141593226226,-50.325130190944435
2026-04-15T14:31:34.157,4.00280785577344,4.0050554278525965,4.003940820928861,4.002855062654916,-0.026010415275554918,1.754909858400211,3.159642407872809,2.46301308053809,1.7844141593226226,-50.325130190944435
2026-04-15T14:31:34.264,4.002847194841337,4.004940033253433,4.004530906947309,4.002571821366061,-0.03240348059213465,1.779496775835554,3.087520783395803,2.8318168420682355,1.6073883537881528,-50.40504350740168
2026-04-15T14:31:34.376,4.002847194841337,4.004940033253433,4.004530906947309,4.002571821366061,-0.03240348059213465,1.779496775835554,3.087520783395803,2.8318168420682355,1.6073883537881528,-50.40504350740168
2026-04-15T14:31:34.484,4.002847194841337,4.004940033253433,4.004530906947309,4.002571821366061,-0.03240348059213465,1.779496775835554,3.087520783395803,2.8318168420682355,1.6073883537881528,-50.40504350740168
2026-04-15T14:31:34.593,4.002501011043847,4.004625320710261,4.003927707906229,4.003395319187362,-0.03774099306828221,1.5631319024045354,2.8908254439130587,2.4548174413929758,2.1220744921013335,-50.471762413353524
2026-04-15T14:31:34.701,4.002501011043847,4.004625320710261,4.003927707906229,4.003395319187362,-0.03774099306828221,1.5631319024045354,2.8908254439130587,2.4548174413929758,2.1220744921013335,-50.471762413353524
2026-04-15T14:31:34.812,4.002501011043847,4.004625320710261,4.003927707906229,4.003395319187362,-0.03774099306828221,1.5631319024045354,2.8908254439130587,2.4548174413929758,2.1220744921013335,-50.471762413353524
2026-04-15T14:31:34.919,4.002781629728176,4.0050973895250195,4.0040221216691805,4.003070116226084,-0.03378266991666158,1.7385185801099823,3.185868453137175,2.513826043237799,1.9188226413024978,-50.422283373958265
2026-04-15T14:31:35.033,4.002781629728176,4.0050973895250195,4.0040221216691805,4.003070116226084,-0.03378266991666158,1.7385185801099823,3.185868453137175,2.513826043237799,1.9188226413024978,-50.422283373958265
2026-04-15T14:31:35.151,4.002781629728176,4.0050973895250195,4.0040221216691805,4.003070116226084,-0.03378266991666158,1.7385185801099823,3.185868453137175,2.513826043237799,1.9188226413024978,-50.422283373958265
2026-04-15T14:31:35.250,4.003237962915777,4.005286217050923,4.004315853376141,4.002847194841337,-0.04366603023863259,2.0237268223605165,3.3038856568268216,2.6974083600883603,1.779496775835554,-50.54582537798291
2026-04-15T14:31:35.367,4.003237962915777,4.005286217050923,4.004315853376141,4.002847194841337,-0.04366603023863259,2.0237268223605165,3.3038856568268216,2.6974083600883603,1.779496775835554,-50.54582537798291
2026-04-15T14:31:35.468,4.003237962915777,4.005286217050923,4.004315853376141,4.002847194841337,-0.04366603023863259,2.0237268223605165,3.3038856568268216,2.6974083600883603,1.779496775835554,-50.54582537798291
2026-04-15T14:31:35.576,4.0030307771581874,4.005107879943125,4.0042922499354034,4.0025744439705875,-0.04401954085972072,1.8942357238671548,3.1924249644532665,2.6826562096271545,1.6090274816171757,-50.55024426074651
2026-04-15T14:31:35.693,4.0030307771581874,4.005107879943125,4.0042922499354034,4.0025744439705875,-0.04401954085972072,1.8942357238671548,3.1924249644532665,2.6826562096271545,1.6090274816171757,-50.55024426074651
2026-04-15T14:31:35.798,4.0030307771581874,4.005107879943125,4.0042922499354034,4.0025744439705875,-0.04401954085972072,1.8942357238671548,3.1924249644532665,2.6826562096271545,1.6090274816171757,-50.55024426074651
2026-04-15T14:31:35.906,4.002983570276712,4.0048875811629046,4.00417685533624,4.00281572358702,-0.04363615610163923,1.8647314229447431,3.0547382268153456,2.6105345851501482,1.7598272418872796,-50.54545195127049
2026-04-15T14:31:36.016,4.002983570276712,4.0048875811629046,4.00417685533624,4.00281572358702,-0.04363615610163923,1.8647314229447431,3.0547382268153456,2.6105345851501482,1.7598272418872796,-50.54545195127049
2026-04-15T14:31:36.126,4.002983570276712,4.0048875811629046,4.00417685533624,4.00281572358702,-0.04363615610163923,1.8647314229447431,3.0547382268153456,2.6105345851501482,1.7598272418872796,-50.54545195127049
2026-04-15T14:31:36.250,4.00322747249767,4.00497937232133,4.004108667618553,4.002834081818705,-0.0412711202563313,2.01717031104387,3.112107700831146,2.5679172615955537,1.7713011366904396,-50.51588900320414
2026-04-15T14:31:36.344,4.00322747249767,4.00497937232133,4.004108667618553,4.002834081818705,-0.0412711202563313,2.01717031104387,3.112107700831146,2.5679172615955537,1.7713011366904396,-50.51588900320414
2026-04-15T14:31:36.452,4.00322747249767,4.00497937232133,4.004108667618553,4.002834081818705,-0.0412711202563313,2.01717031104387,3.112107700831146,2.5679172615955537,1.7713011366904396,-50.51588900320414
2026-04-15T14:31:36.562,4.003224849893144,4.004572868619732,4.0044128897436195,4.002789497541755,-0.04050435074016831,2.015531183214847,2.8580428873326014,2.7580560897622064,1.7434359635970509,-50.5063043842521
2026-04-15T14:31:36.671,4.003224849893144,4.004572868619732,4.0044128897436195,4.002789497541755,-0.04050435074016831,2.015531183214847,2.8580428873326014,2.7580560897622064,1.7434359635970509,-50.5063043842521
2026-04-15T14:31:36.778,4.003224849893144,4.004572868619732,4.0044128897436195,4.002789497541755,-0.04050435074016831,2.015531183214847,2.8580428873326014,2.7580560897622064,1.7434359635970509,-50.5063043842521
2026-04-15T14:31:36.902,4.003397941791889,4.004625320710261,4.004683018009843,4.002296447890785,-0.03702899280327372,2.1237136199303563,2.8908254439130587,2.926886256152117,1.4352799317407516,-50.46286241004092
2026-04-15T14:31:37.011,4.003397941791889,4.004625320710261,4.004683018009843,4.002296447890785,-0.03702899280327372,2.1237136199303563,2.8908254439130587,2.926886256152117,1.4352799317407516,-50.46286241004092
2026-04-15T14:31:37.120,4.003397941791889,4.004625320710261,4.004683018009843,4.002296447890785,-0.03702899280327372,2.1237136199303563,2.8908254439130587,2.926886256152117,1.4352799317407516,-50.46286241004092
2026-04-15T14:31:37.230,4.003245830729355,4.004685640614369,4.003770351634643,4.0026767255471185,-0.041744127425392887,2.02864420584703,2.9285253839805847,2.3564697716516037,1.6729534669490675,-50.521801592817404
2026-04-15T14:31:37.336,4.003245830729355,4.004685640614369,4.003770351634643,4.0026767255471185,-0.041744127425392887,2.02864420584703,2.9285253839805847,2.3564697716516037,1.6729534669490675,-50.521801592817404
2026-04-15T14:31:37.445,4.003245830729355,4.004685640614369,4.003770351634643,4.0026767255471185,-0.041744127425392887,2.02864420584703,2.9285253839805847,2.3564697716516037,1.6729534669490675,-50.521801592817404
2026-04-15T14:31:37.554,4.003243208124829,4.0053386691414525,4.003534317227263,4.002382993840158,-0.03765634968013435,2.027005078018007,3.336668213407834,2.2089482670395455,1.4893711500985063,-50.47070437100169
2026-04-15T14:31:37.657,4.003243208124829,4.0053386691414525,4.003534317227263,4.002382993840158,-0.03765634968013435,2.027005078018007,3.336668213407834,2.2089482670395455,1.4893711500985063,-50.47070437100169
2026-04-15T14:31:37.765,4.003243208124829,4.0053386691414525,4.003534317227263,4.002382993840158,-0.03765634968013435,2.027005078018007,3.336668213407834,2.2089482670395455,1.4893711500985063,-50.47070437100169
2026-04-15T14:31:37.879,4.003282547192725,4.004709244055107,4.004121780641185,4.002723932428594,-0.044293387115493216,2.05159199545335,2.9432775344417905,2.576112900740668,1.7024577678714792,-50.55366733894366
2026-04-15T14:31:37.987,4.003282547192725,4.004709244055107,4.004121780641185,4.002723932428594,-0.044293387115493216,2.05159199545335,2.9432775344417905,2.576112900740668,1.7024577678714792,-50.55366733894366
2026-04-15T14:31:38.096,4.003282547192725,4.004709244055107,4.004121780641185,4.002723932428594,-0.044293387115493216,2.05159199545335,2.9432775344417905,2.576112900740668,1.7024577678714792,-50.55366733894366
2026-04-15T14:31:38.207,4.00297045725408,4.004457474020569,4.004494190483939,4.002060413483407,-0.04142049094129812,1.856535783800184,2.785921262855595,2.8088690524619153,1.2877584271292486,-50.517756136766224
2026-04-15T14:31:38.314,4.00297045725408,4.004457474020569,4.004494190483939,4.002060413483407,-0.04142049094129812,1.856535783800184,2.785921262855595,2.8088690524619153,1.2877584271292486,-50.517756136766224
2026-04-15T14:31:38.423,4.00297045725408,4.004457474020569,4.004494190483939,4.002060413483407,-0.04142049094129812,1.856535783800184,2.785921262855595,2.8088690524619153,1.2877584271292486,-50.517756136766224
2026-04-15T14:31:38.531,4.003846407165909,4.004759073541109,4.004488945274886,4.002377748631105,-0.04420874372734535,2.404004478693267,2.974420963193225,2.8055907968038696,1.4860928944404606,-50.552609296591825
2026-04-15T14:31:38.640,4.003846407165909,4.004759073541109,4.004488945274886,4.002377748631105,-0.04420874372734535,2.404004478693267,2.974420963193225,2.8055907968038696,1.4860928944404606,-50.552609296591825
2026-04-15T14:31:38.750,4.003846407165909,4.004759073541109,4.004488945274886,4.002377748631105,-0.04420874372734535,2.404004478693267,2.974420963193225,2.8055907968038696,1.4860928944404606,-50.552609296591825
2026-04-15T14:31:38.858,4.003473997323155,4.004648924150999,4.004588604246891,4.001897812002767,-0.042859428539811784,2.1712483269720195,2.9055775943742645,2.8678776543067386,1.1861325017292756,-50.535742856747646
2026-04-15T14:31:38.966,4.003473997323155,4.004648924150999,4.004588604246891,4.001897812002767,-0.042859428539811784,2.1712483269720195,2.9055775943742645,2.8678776543067386,1.1861325017292756,-50.535742856747646
2026-04-15T14:31:39.074,4.003473997323155,4.004648924150999,4.004588604246891,4.001897812002767,-0.042859428539811784,2.1712483269720195,2.9055775943742645,2.8678776543067386,1.1861325017292756,-50.535742856747646
2026-04-15T14:31:39.211,4.002739668055753,4.004842996885955,4.003822803725171,4.001892566793714,-0.026563086809932135,1.7122925348456164,3.026873053721957,2.389252328232061,1.18285424607123,-50.33203858512415
2026-04-15T14:31:39.307,4.002739668055753,4.004842996885955,4.003822803725171,4.001892566793714,-0.026563086809932135,1.7122925348456164,3.026873053721957,2.389252328232061,1.18285424607123,-50.33203858512415
2026-04-15T14:31:39.415,4.002739668055753,4.004842996885955,4.003822803725171,4.001892566793714,-0.026563086809932135,1.7122925348456164,3.026873053721957,2.389252328232061,1.18285424607123,-50.33203858512415
2026-04-15T14:31:39.524,4.003369093142098,4.004837751676902,4.004011631251075,4.0027370454512265,-0.0314425291855148,2.105683213811105,3.023594798063911,2.5072695319217075,1.7106534070165935,-50.39303161481894
2026-04-15T14:31:39.633,4.003369093142098,4.004837751676902,4.004011631251075,4.0027370454512265,-0.0314425291855148,2.105683213811105,3.023594798063911,2.5072695319217075,1.7106534070165935,-50.39303161481894
2026-04-15T14:31:39.741,4.003369093142098,4.004837751676902,4.004011631251075,4.0027370454512265,-0.0314425291855148,2.105683213811105,3.023594798063911,2.5072695319217075,1.7106534070165935,-50.39303161481894
2026-04-15T14:31:39.851,4.003371715746625,4.004832506467849,4.004339456816879,4.002306938308891,-0.03145746625401148,2.1073223416406828,3.0203165424058653,2.712160510549566,1.441836443056843,-50.39321832817515
2026-04-15T14:31:39.960,4.003371715746625,4.004832506467849,4.004339456816879,4.002306938308891,-0.03145746625401148,2.1073223416406828,3.0203165424058653,2.712160510549566,1.441836443056843,-50.39321832817515
2026-04-15T14:31:40.067,4.003371715746625,4.004832506467849,4.004339456816879,4.002306938308891,-0.03145746625401148,2.1073223416406828,3.0203165424058653,2.712160510549566,1.441836443056843,-50.39321832817515
2026-04-15T14:31:40.178,4.003799200284433,4.0048089030271115,4.004507303506571,4.003586769317792,-0.02531335207904311,2.374500177770855,3.0055643919446595,2.8170646916070297,2.241730823620003,-50.31641690098804
2026-04-15T14:31:40.286,4.003799200284433,4.0048089030271115,4.004507303506571,4.003586769317792,-0.02531335207904311,2.374500177770855,3.0055643919446595,2.8170646916070297,2.241730823620003,-50.31641690098804
2026-04-15T14:31:40.395,4.003799200284433,4.0048089030271115,4.004507303506571,4.003586769317792,-0.02531335207904311,2.374500177770855,3.0055643919446595,2.8170646916070297,2.241730823620003,-50.31641690098804
2026-04-15T14:31:40.506,4.002849817445863,4.004947901067013,4.0044128897436195,4.002369880817525,-0.02757382844487426,1.7811359036645769,3.0924381668828715,2.7580560897622064,1.481175510953392,-50.34467285556092
2026-04-15T14:31:40.615,4.002849817445863,4.004947901067013,4.0044128897436195,4.002369880817525,-0.02757382844487426,1.7811359036645769,3.0924381668828715,2.7580560897622064,1.481175510953392,-50.34467285556092
2026-04-15T14:31:40.723,4.002849817445863,4.004947901067013,4.0044128897436195,4.002369880817525,-0.02757382844487426,1.7811359036645769,3.0924381668828715,2.7580560897622064,1.481175510953392,-50.34467285556092
2026-04-15T14:31:40.833,4.002493143230268,4.004365682862144,4.003917217488123,4.002642631688276,-0.027583786490538716,1.5582145189174668,2.7285517888397948,2.4482609300768843,1.6516448051723254,-50.34479733113173
2026-04-15T14:31:40.944,4.002493143230268,4.004365682862144,4.003917217488123,4.002642631688276,-0.027583786490538716,1.5582145189174668,2.7285517888397948,2.4482609300768843,1.6516448051723254,-50.34479733113173
2026-04-15T14:31:41.053,4.002493143230268,4.004365682862144,4.003917217488123,4.002642631688276,-0.027583786490538716,1.5582145189174668,2.7285517888397948,2.4482609300768843,1.6516448051723254,-50.34479733113173
2026-04-15T14:31:41.162,4.003130436130192,4.0049715045077505,4.003953933951494,4.002818346191546,-0.019871280123418773,1.9565225813700238,3.1071903173440774,2.4712087196837595,1.7614663697163024,-50.248391001542736
2026-04-15T14:31:41.265,4.003130436130192,4.0049715045077505,4.003953933951494,4.002818346191546,-0.019871280123418773,1.9565225813700238,3.1071903173440774,2.4712087196837595,1.7614663697163024,-50.248391001542736
2026-04-15T14:31:41.378,4.003130436130192,4.0049715045077505,4.003953933951494,4.002818346191546,-0.019871280123418773,1.9565225813700238,3.1071903173440774,2.4712087196837595,1.7614663697163024,-50.248391001542736
2026-04-15T14:31:41.488,4.003096342271348,4.005204916310604,4.004229307426769,4.002417087699001,-0.0194729582968406,1.9352139195927265,3.2530726941276678,2.6433171417306056,1.5106798118758036,-50.243411978710505
2026-04-15T14:31:41.597,4.003096342271348,4.005204916310604,4.004229307426769,4.002417087699001,-0.0194729582968406,1.9352139195927265,3.2530726941276678,2.6433171417306056,1.5106798118758036,-50.243411978710505
2026-04-15T14:31:41.704,4.003096342271348,4.005204916310604,4.004229307426769,4.002417087699001,-0.0194729582968406,1.9352139195927265,3.2530726941276678,2.6433171417306056,1.5106798118758036,-50.243411978710505
2026-04-15T14:31:41.814,4.003185510825247,4.0043945315119345,4.004237175240348,4.003009796321976,-0.027065968115987084,1.990944265779504,2.7465821949590463,2.648234525217674,1.8811227012349718,-50.338324601449834
2026-04-15T14:31:41.923,4.003185510825247,4.0043945315119345,4.004237175240348,4.003009796321976,-0.027065968115987084,1.990944265779504,2.7465821949590463,2.648234525217674,1.8811227012349718,-50.338324601449834
2026-04-15T14:31:42.033,4.003185510825247,4.0043945315119345,4.004237175240348,4.003009796321976,-0.027065968115987084,1.990944265779504,2.7465821949590463,2.648234525217674,1.8811227012349718,-50.338324601449834
2026-04-15T14:31:42.142,4.002789497541755,4.004515171320151,4.004045725109918,4.002668857733539,-0.018750999986167655,1.7434359635970509,2.8219820750940983,2.528578193699005,1.668036083461999,-50.23438749982709
2026-04-15T14:31:42.250,4.002789497541755,4.004515171320151,4.004045725109918,4.002668857733539,-0.018750999986167655,1.7434359635970509,2.8219820750940983,2.528578193699005,1.668036083461999,-50.23438749982709
2026-04-15T14:31:42.375,4.002789497541755,4.004515171320151,4.004045725109918,4.002668857733539,-0.018750999986167655,1.7434359635970509,2.8219820750940983,2.528578193699005,1.668036083461999,-50.23438749982709
2026-04-15T14:31:42.469,4.003484487741261,4.004651546755525,4.004079818968762,4.00239610686279,-0.025746527065446875,2.177804838288111,2.9072167222032874,2.549886855476302,1.4975667892436206,-50.32183158831809
2026-04-15T14:31:42.577,4.003484487741261,4.004651546755525,4.004079818968762,4.00239610686279,-0.025746527065446875,2.177804838288111,2.9072167222032874,2.549886855476302,1.4975667892436206,-50.32183158831809
2026-04-15T14:31:42.686,4.003484487741261,4.004651546755525,4.004079818968762,4.00239610686279,-0.025746527065446875,2.177804838288111,2.9072167222032874,2.549886855476302,1.4975667892436206,-50.32183158831809
2026-04-15T14:31:42.795,4.002723932428594,4.0048272612587965,4.004095554595921,4.003130436130192,-0.02987413699336323,1.7024577678714792,3.0170382867478196,2.5597216224504393,1.9565225813700238,-50.373426712417036
2026-04-15T14:31:42.904,4.002723932428594,4.0048272612587965,4.004095554595921,4.003130436130192,-0.02987413699336323,1.7024577678714792,3.0170382867478196,2.5597216224504393,1.9565225813700238,-50.373426712417036
2026-04-15T14:31:43.012,4.002723932428594,4.0048272612587965,4.004095554595921,4.003130436130192,-0.02987413699336323,1.7024577678714792,3.0170382867478196,2.5597216224504393,1.9565225813700238,-50.373426712417036
2026-04-15T14:31:43.135,4.0029625894405,4.004801035213532,4.0041034224095,4.002464294580477,-0.02815637411624484,1.8516184003125602,3.000647008457591,2.564639005937508,1.5401841127982152,-50.35195467645306
2026-04-15T14:31:43.243,4.0029625894405,4.004801035213532,4.0041034224095,4.002464294580477,-0.02815637411624484,1.8516184003125602,3.000647008457591,2.564639005937508,1.5401841127982152,-50.35195467645306
2026-04-15T14:31:43.351,4.0029625894405,4.004801035213532,4.0041034224095,4.002464294580477,-0.02815637411624484,1.8516184003125602,3.000647008457591,2.564639005937508,1.5401841127982152,-50.35195467645306
2026-04-15T14:31:43.460,4.003070116226084,4.0050973895250195,4.0042266848222425,4.002957344231447,-0.03646636322323205,1.9188226413024978,3.185868453137175,2.6416780139015827,1.8483401446545145,-50.455829540290395
2026-04-15T14:31:43.567,4.003070116226084,4.0050973895250195,4.0042266848222425,4.002957344231447,-0.03646636322323205,1.9188226413024978,3.185868453137175,2.6416780139015827,1.8483401446545145,-50.455829540290395
2026-04-15T14:31:43.676,4.003070116226084,4.0050973895250195,4.0042266848222425,4.002957344231447,-0.03646636322323205,1.9188226413024978,3.185868453137175,2.6416780139015827,1.8483401446545145,-50.455829540290395
2026-04-15T14:31:43.784,4.003245830729355,4.004465341834148,4.004305362958036,4.002768516705544,-0.028096625842258117,2.02864420584703,2.7908386463426638,2.690851848772269,1.730322940964868,-50.35120782302822
2026-04-15T14:31:43.892,4.003245830729355,4.004465341834148,4.004305362958036,4.002768516705544,-0.028096625842258117,2.02864420584703,2.7908386463426638,2.690851848772269,1.730322940964868,-50.35120782302822
2026-04-15T14:31:44.000,4.003245830729355,4.004465341834148,4.004305362958036,4.002768516705544,-0.028096625842258117,2.02864420584703,2.7908386463426638,2.690851848772269,1.730322940964868,-50.35120782302822
2026-04-15T14:31:44.108,4.002975702463132,4.003914594883597,4.0037336351712725,4.002495765834794,-0.02922686402517369,1.8598140394576745,2.4466218022478614,2.3335219820452835,1.5598536467464896,-50.36533580031467
2026-04-15T14:31:44.215,4.002975702463132,4.003914594883597,4.0037336351712725,4.002495765834794,-0.02922686402517369,1.8598140394576745,2.4466218022478614,2.3335219820452835,1.5598536467464896,-50.36533580031467
2026-04-15T14:31:44.339,4.002975702463132,4.003914594883597,4.0037336351712725,4.002495765834794,-0.02922686402517369,1.8598140394576745,2.4466218022478614,2.3335219820452835,1.5598536467464896,-50.36533580031467
2026-04-15T14:31:44.449,4.003001928508397,4.005456686345141,4.004465341834148,4.002773761914597,-0.03863223815525088,1.8762053177479032,3.410428965713308,2.7908386463426638,1.7336011966229137,-50.482902976940636
2026-04-15T14:31:44.544,4.003001928508397,4.005456686345141,4.004465341834148,4.002773761914597,-0.03863223815525088,1.8762053177479032,3.410428965713308,2.7908386463426638,1.7336011966229137,-50.482902976940636
2026-04-15T14:31:44.653,4.003001928508397,4.005456686345141,4.004465341834148,4.002773761914597,-0.03863223815525088,1.8762053177479032,3.410428965713308,2.7908386463426638,1.7336011966229137,-50.482902976940636
2026-04-15T14:31:44.763,4.003395319187362,4.004418134952672,4.004397154116461,4.002708196801436,-0.03958821053903851,2.1220744921013335,2.761334345420252,2.748221322788069,1.692623000897342,-50.494852631737984
2026-04-15T14:31:44.871,4.003395319187362,4.004418134952672,4.004397154116461,4.002708196801436,-0.03958821053903851,2.1220744921013335,2.761334345420252,2.748221322788069,1.692623000897342,-50.494852631737984
2026-04-15T14:31:44.981,4.003395319187362,4.004418134952672,4.004397154116461,4.002708196801436,-0.03958821053903851,2.1220744921013335,2.761334345420252,2.748221322788069,1.692623000897342,-50.494852631737984
2026-04-15T14:31:45.105,4.003508091181999,4.00520753891513,4.004903316790063,4.003088474457769,-0.03240348059213465,2.192556988749317,3.2547118219561355,3.064572993789483,1.9302965361056579,-50.40504350740168
2026-04-15T14:31:45.213,4.003508091181999,4.00520753891513,4.004903316790063,4.003088474457769,-0.03240348059213465,2.192556988749317,3.2547118219561355,3.064572993789483,1.9302965361056579,-50.40504350740168
2026-04-15T14:31:45.320,4.003508091181999,4.00520753891513,4.004903316790063,4.003088474457769,-0.03240348059213465,2.192556988749317,3.2547118219561355,3.064572993789483,1.9302965361056579,-50.40504350740168
2026-04-15T14:31:45.429,4.003206491661459,4.004612207687629,4.003552675458948,4.002330541749629,-0.045393751161415426,2.004057288411687,2.8826298047679444,2.2204221618427056,1.456588593518049,-50.567421889517696
2026-04-15T14:31:45.537,4.003206491661459,4.004612207687629,4.003552675458948,4.002330541749629,-0.045393751161415426,2.004057288411687,2.8826298047679444,2.2204221618427056,1.456588593518049,-50.567421889517696
2026-04-15T14:31:45.645,4.003206491661459,4.004612207687629,4.003552675458948,4.002330541749629,-0.045393751161415426,2.004057288411687,2.8826298047679444,2.2204221618427056,1.456588593518049,-50.567421889517696
2026-04-15T14:31:45.754,4.003062248412505,4.004328966398774,4.003883123629279,4.002891779118286,-0.04334239375453782,1.9139052578154292,2.7056039992334746,2.426952268299587,1.8073619489289428,-50.54177992193172
2026-04-15T14:31:45.878,4.003062248412505,4.004328966398774,4.003883123629279,4.002891779118286,-0.04334239375453782,1.9139052578154292,2.7056039992334746,2.426952268299587,1.8073619489289428,-50.54177992193172
2026-04-15T14:31:45.974,4.003062248412505,4.004328966398774,4.003883123629279,4.002891779118286,-0.04334239375453782,1.9139052578154292,2.7056039992334746,2.426952268299587,1.8073619489289428,-50.54177992193172
2026-04-15T14:31:46.081,4.002912759954498,4.005113125152178,4.004446983602463,4.002865553073022,-0.034375173633696625,1.8204749715611257,3.1957032201113122,2.7793647515395037,1.790970670638714,-50.429689670421205
2026-04-15T14:31:46.189,4.002912759954498,4.005113125152178,4.004446983602463,4.002865553073022,-0.034375173633696625,1.8204749715611257,3.1957032201113122,2.7793647515395037,1.790970670638714,-50.429689670421205
2026-04-15T14:31:46.299,4.002912759954498,4.005113125152178,4.004446983602463,4.002865553073022,-0.034375173633696625,1.8204749715611257,3.1957032201113122,2.7793647515395037,1.790970670638714,-50.429689670421205
2026-04-15T14:31:46.407,4.002868175677548,4.004591226851417,4.004006386042022,4.003185510825247,-0.03163173205313943,1.792609798467737,2.8695167821357614,2.503991276263662,1.990944265779504,-50.395396650664246
2026-04-15T14:31:46.517,4.002868175677548,4.004591226851417,4.004006386042022,4.003185510825247,-0.03163173205313943,1.792609798467737,2.8695167821357614,2.503991276263662,1.990944265779504,-50.395396650664246
2026-04-15T14:31:46.626,4.002868175677548,4.004591226851417,4.004006386042022,4.003185510825247,-0.03163173205313943,1.792609798467737,2.8695167821357614,2.503991276263662,1.990944265779504,-50.395396650664246
2026-04-15T14:31:46.735,4.003119945712086,4.0048089030271115,4.004315853376141,4.002949476417868,-0.03494776125940276,1.9499660700539323,3.0055643919446595,2.6974083600883603,1.8434227611674459,-50.436847015742536
2026-04-15T14:31:46.842,4.003119945712086,4.0048089030271115,4.004315853376141,4.002949476417868,-0.03494776125940276,1.9499660700539323,3.0055643919446595,2.6974083600883603,1.8434227611674459,-50.436847015742536
2026-04-15T14:31:46.950,4.003119945712086,4.0048089030271115,4.004315853376141,4.002949476417868,-0.03494776125940276,1.9499660700539323,3.0055643919446595,2.6974083600883603,1.8434227611674459,-50.436847015742536
2026-04-15T14:31:47.074,4.002902269536392,4.004814148236164,4.004263401285613,4.002891779118286,-0.03527637676632975,1.8139184602450342,3.0088426476027053,2.664625803507903,1.8073619489289428,-50.440954709579124
2026-04-15T14:31:47.182,4.002902269536392,4.004814148236164,4.004263401285613,4.002891779118286,-0.03527637676632975,1.8139184602450342,3.0088426476027053,2.664625803507903,1.8073619489289428,-50.440954709579124
2026-04-15T14:31:47.291,4.002902269536392,4.004814148236164,4.004263401285613,4.002891779118286,-0.03527637676632975,1.8139184602450342,3.0088426476027053,2.664625803507903,1.8073619489289428,-50.440954709579124
2026-04-15T14:31:47.399,4.002986192881238,4.005210161519656,4.004231930031295,4.003017664135555,-0.0360730204194861,1.866370550773766,3.2563509497851584,2.6449562695596285,1.8860400847220404,-50.45091275524357
2026-04-15T14:31:47.509,4.002986192881238,4.005210161519656,4.004231930031295,4.003017664135555,-0.0360730204194861,1.866370550773766,3.2563509497851584,2.6449562695596285,1.8860400847220404,-50.45091275524357
2026-04-15T14:31:47.617,4.002986192881238,4.005210161519656,4.004231930031295,4.003017664135555,-0.0360730204194861,1.866370550773766,3.2563509497851584,2.6449562695596285,1.8860400847220404,-50.45091275524357
2026-04-15T14:31:47.727,4.0030910970622955,4.004732847495845,4.004300117748983,4.00307273883061,-0.03648130029172873,1.9319356639346807,2.9580296849029963,2.687573593114223,1.9204617691315207,-50.45601625364661
2026-04-15T14:31:47.836,4.0030910970622955,4.004732847495845,4.004300117748983,4.00307273883061,-0.03648130029172873,1.9319356639346807,2.9580296849029963,2.687573593114223,1.9204617691315207,-50.45601625364661
2026-04-15T14:31:47.944,4.0030910970622955,4.004732847495845,4.004300117748983,4.00307273883061,-0.03648130029172873,1.9319356639346807,2.9580296849029963,2.687573593114223,1.9204617691315207,-50.45601625364661
2026-04-15T14:31:48.053,4.003214359475038,4.004958391485118,4.003901481860964,4.00277113931007,-0.041535008466439344,2.0089746718987556,3.098994678198963,2.438426163102747,1.7319620687938908,-50.519187605830496
2026-04-15T14:31:48.161,4.003214359475038,4.004958391485118,4.003901481860964,4.00277113931007,-0.041535008466439344,2.0089746718987556,3.098994678198963,2.438426163102747,1.7319620687938908,-50.519187605830496
2026-04-15T14:31:48.270,4.003214359475038,4.004958391485118,4.003901481860964,4.00277113931007,-0.041535008466439344,2.0089746718987556,3.098994678198963,2.438426163102747,1.7319620687938908,-50.519187605830496
2026-04-15T14:31:48.378,4.003673315267164,4.004355192444039,4.004530906947309,4.002480030207636,-0.03466893598079803,2.2958220419777575,2.7219952775242584,2.8318168420682355,1.5500188797723524,-50.43336169975997
2026-04-15T14:31:48.488,4.003673315267164,4.004355192444039,4.004530906947309,4.002480030207636,-0.03466893598079803,2.2958220419777575,2.7219952775242584,2.8318168420682355,1.5500188797723524,-50.43336169975997
2026-04-15T14:31:48.597,4.003673315267164,4.004355192444039,4.004530906947309,4.002480030207636,-0.03466893598079803,2.2958220419777575,2.7219952775242584,2.8318168420682355,1.5500188797723524,-50.43336169975997
2026-04-15T14:31:48.707,4.0024721623940565,4.005254745796606,4.004601717269523,4.002731800242174,-0.03349886561522464,1.5451014962852838,3.284216122878547,2.876073293451853,1.7073751513585478,-50.41873582019031
2026-04-15T14:31:48.815,4.0024721623940565,4.005254745796606,4.004601717269523,4.002731800242174,-0.03349886561522464,1.5451014962852838,3.284216122878547,2.876073293451853,1.7073751513585478,-50.41873582019031
2026-04-15T14:31:48.923,4.0024721623940565,4.005254745796606,4.004601717269523,4.002731800242174,-0.03349886561522464,1.5451014962852838,3.284216122878547,2.876073293451853,1.7073751513585478,-50.41873582019031
2026-04-15T14:31:49.033,4.00315403957093,4.0049715045077505,4.004475832252255,4.002949476417868,-0.03324493545078105,1.9712747318312296,3.1071903173440774,2.7973951576593103,1.8434227611674459,-50.415561693134755
2026-04-15T14:31:49.141,4.00315403957093,4.0049715045077505,4.004475832252255,4.002949476417868,-0.03324493545078105,1.9712747318312296,3.1071903173440774,2.7973951576593103,1.8434227611674459,-50.415561693134755
2026-04-15T14:31:49.249,4.00315403957093,4.0049715045077505,4.004475832252255,4.002949476417868,-0.03324493545078105,1.9712747318312296,3.1071903173440774,2.7973951576593103,1.8434227611674459,-50.415561693134755
2026-04-15T14:31:49.360,4.004200458776978,4.005131483383864,4.004318475980668,4.002377748631105,-0.03743229365268413,2.625286735611354,3.2071771149150274,2.699047487917383,1.4860928944404606,-50.46790367065855
2026-04-15T14:31:49.469,4.004200458776978,4.005131483383864,4.004318475980668,4.002377748631105,-0.03743229365268413,2.625286735611354,3.2071771149150274,2.699047487917383,1.4860928944404606,-50.46790367065855
2026-04-15T14:31:49.579,4.004200458776978,4.005131483383864,4.004318475980668,4.002377748631105,-0.03743229365268413,2.625286735611354,3.2071771149150274,2.699047487917383,1.4860928944404606,-50.46790367065855
2026-04-15T14:31:49.701,4.0039801599967575,4.005079031293334,4.0042214396131905,4.002521991880059,-0.039020601936164606,2.487599997973433,3.174394558334015,2.638399758244092,1.5762449250367183,-50.48775752420206
2026-04-15T14:31:49.795,4.0039801599967575,4.005079031293334,4.0042214396131905,4.002521991880059,-0.039020601936164606,2.487599997973433,3.174394558334015,2.638399758244092,1.5762449250367183,-50.48775752420206
2026-04-15T14:31:49.905,4.0039801599967575,4.005079031293334,4.0042214396131905,4.002521991880059,-0.039020601936164606,2.487599997973433,3.174394558334015,2.638399758244092,1.5762449250367183,-50.48775752420206
2026-04-15T14:31:50.013,4.003458261695997,4.005309820491661,4.004273891703718,4.002938985999762,-0.038781608840217696,2.1614135599978823,3.3186378072880274,2.6711823148239944,1.8368662498513544,-50.48477011050272
2026-04-15T14:31:50.122,4.003458261695997,4.005309820491661,4.004273891703718,4.002938985999762,-0.038781608840217696,2.1614135599978823,3.3186378072880274,2.6711823148239944,1.8368662498513544,-50.48477011050272
2026-04-15T14:31:50.231,4.003458261695997,4.005309820491661,4.004273891703718,4.002938985999762,-0.038781608840217696,2.1614135599978823,3.3186378072880274,2.6711823148239944,1.8368662498513544,-50.48477011050272
2026-04-15T14:31:50.355,4.002870798282075,4.00505280524807,4.003849029770436,4.00299930590387,-0.031567004756320474,1.7942489262967598,3.1580032800437863,2.4056436065222897,1.8745661899188804,-50.39458755945401
2026-04-15T14:31:50.465,4.002870798282075,4.00505280524807,4.003849029770436,4.00299930590387,-0.031567004756320474,1.7942489262967598,3.1580032800437863,2.4056436065222897,1.8745661899188804,-50.39458755945401
2026-04-15T14:31:50.589,4.002870798282075,4.00505280524807,4.003849029770436,4.00299930590387,-0.031567004756320474,1.7942489262967598,3.1580032800437863,2.4056436065222897,1.8745661899188804,-50.39458755945401
2026-04-15T14:31:50.699,4.00322747249767,4.004829883863323,4.003673315267164,4.002813100982493,-0.032627536619584875,2.01717031104387,3.0186774145768425,2.2958220419777575,1.7581881140582567,-50.40784420774481
2026-04-15T14:31:50.809,4.00322747249767,4.004829883863323,4.003673315267164,4.002813100982493,-0.032627536619584875,2.01717031104387,3.0186774145768425,2.2958220419777575,1.7581881140582567,-50.40784420774481
2026-04-15T14:31:50.934,4.00322747249767,4.004829883863323,4.003673315267164,4.002813100982493,-0.032627536619584875,2.01717031104387,3.0186774145768425,2.2958220419777575,1.7581881140582567,-50.40784420774481
2026-04-15T14:31:51.043,4.002920627768077,4.004483700065833,4.003828048934224,4.002367258212999,-0.03220431967884556,1.8253923550481943,2.802312541145824,2.3925305838901068,1.479536383124369,-50.40255399598556
2026-04-15T14:31:51.166,4.002920627768077,4.004483700065833,4.003828048934224,4.002367258212999,-0.03220431967884556,1.8253923550481943,2.802312541145824,2.3925305838901068,1.479536383124369,-50.40255399598556
2026-04-15T14:31:51.273,4.002920627768077,4.004483700065833,4.003828048934224,4.002367258212999,-0.03220431967884556,1.8253923550481943,2.802312541145824,2.3925305838901068,1.479536383124369,-50.40255399598556
2026-04-15T14:31:51.385,4.0030491353898725,4.005094766920493,4.00406670594613,4.002508878857427,-0.03930440623760156,1.9057096186703149,3.184229325308152,2.5416912163311878,1.568049285891604,-50.49130507797002
2026-04-15T14:31:51.494,4.0030491353898725,4.005094766920493,4.00406670594613,4.002508878857427,-0.03930440623760156,1.9057096186703149,3.184229325308152,2.5416912163311878,1.568049285891604,-50.49130507797002
2026-04-15T14:31:51.601,4.0030491353898725,4.005094766920493,4.00406670594613,4.002508878857427,-0.03930440623760156,1.9057096186703149,3.184229325308152,2.5416912163311878,1.568049285891604,-50.49130507797002
2026-04-15T14:31:51.710,4.003041267576293,4.005128860779337,4.004048347714445,4.002797365355335,-0.029590332691926277,1.9007922351832462,3.2055379870854495,2.5302173215280277,1.7483533470841195,-50.36987915864908
2026-04-15T14:31:51.819,4.003041267576293,4.005128860779337,4.004048347714445,4.002797365355335,-0.029590332691926277,1.9007922351832462,3.2055379870854495,2.5302173215280277,1.7483533470841195,-50.36987915864908
2026-04-15T14:31:51.927,4.003041267576293,4.005128860779337,4.004048347714445,4.002797365355335,-0.029590332691926277,1.9007922351832462,3.2055379870854495,2.5302173215280277,1.7483533470841195,-50.36987915864908
2026-04-15T14:31:52.035,4.00308060664419,4.004774809168268,4.004095554595921,4.002894401722813,-0.04046949758034272,1.9253791526185893,2.9842557301673622,2.5597216224504393,1.8090010767579656,-50.50586871975429
2026-04-15T14:31:52.146,4.00308060664419,4.004774809168268,4.004095554595921,4.002894401722813,-0.04046949758034272,1.9253791526185893,2.9842557301673622,2.5597216224504393,1.8090010767579656,-50.50586871975429
2026-04-15T14:31:52.255,4.00308060664419,4.004774809168268,4.004095554595921,4.002894401722813,-0.04046949758034272,1.9253791526185893,2.9842557301673622,2.5597216224504393,1.8090010767579656,-50.50586871975429
2026-04-15T14:31:52.364,4.003122568316613,4.004947901067013,4.004161119709082,4.002540350111744,-0.04338222593719564,1.9516051978829552,3.0924381668828715,2.600699818176011,1.5877188198398784,-50.54227782421494
2026-04-15T14:31:52.471,4.003122568316613,4.004947901067013,4.004161119709082,4.002540350111744,-0.04338222593719564,1.9516051978829552,3.0924381668828715,2.600699818176011,1.5877188198398784,-50.54227782421494
2026-04-15T14:31:52.580,4.003122568316613,4.004947901067013,4.004161119709082,4.002540350111744,-0.04338222593719564,1.9516051978829552,3.0924381668828715,2.600699818176011,1.5877188198398784,-50.54227782421494
2026-04-15T14:31:52.688,4.002954721626921,4.004822016049744,4.004085064177815,4.002957344231447,-0.0455729959833756,1.8467010168254916,3.013760031089774,2.553165111134348,1.8483401446545145,-50.5696624497922
2026-04-15T14:31:52.797,4.002954721626921,4.004822016049744,4.004085064177815,4.002957344231447,-0.0455729959833756,1.8467010168254916,3.013760031089774,2.553165111134348,1.8483401446545145,-50.5696624497922
2026-04-15T14:31:52.908,4.002954721626921,4.004822016049744,4.004085064177815,4.002957344231447,-0.0455729959833756,1.8467010168254916,3.013760031089774,2.553165111134348,1.8483401446545145,-50.5696624497922
2026-04-15T14:31:53.015,4.002938985999762,4.005454063740615,4.004410267139093,4.002228260173098,-0.040613889242477316,1.8368662498513544,3.408789837884285,2.7564169619331835,1.392662608186157,-50.50767361553097
2026-04-15T14:31:53.126,4.002938985999762,4.005454063740615,4.004410267139093,4.002228260173098,-0.040613889242477316,1.8368662498513544,3.408789837884285,2.7564169619331835,1.392662608186157,-50.50767361553097
2026-04-15T14:31:53.234,4.002938985999762,4.005454063740615,4.004410267139093,4.002228260173098,-0.040613889242477316,1.8368662498513544,3.408789837884285,2.7564169619331835,1.392662608186157,-50.50767361553097
2026-04-15T14:31:53.344,4.0036077501540035,4.004745960518477,4.003731012566746,4.003180265616194,-0.03985707777197877,2.254843846252186,2.9662253240481107,2.3318828542162606,1.9876660101214583,-50.498213472149736
2026-04-15T14:31:53.452,4.0036077501540035,4.004745960518477,4.003731012566746,4.003180265616194,-0.03985707777197877,2.254843846252186,2.9662253240481107,2.3318828542162606,1.9876660101214583,-50.498213472149736
2026-04-15T14:31:53.560,4.0036077501540035,4.004745960518477,4.003731012566746,4.003180265616194,-0.03985707777197877,2.254843846252186,2.9662253240481107,2.3318828542162606,1.9876660101214583,-50.498213472149736
2026-04-15T14:31:53.669,4.0036680700581115,4.005155086824601,4.003778219448222,4.003054380598925,-0.04285444951697955,2.292543786319712,3.221929265375678,2.3613871551386723,1.9089878743283606,-50.53568061896224
2026-04-15T14:31:53.778,4.0036680700581115,4.005155086824601,4.003778219448222,4.003054380598925,-0.04285444951697955,2.292543786319712,3.221929265375678,2.3613871551386723,1.9089878743283606,-50.53568061896224
2026-04-15T14:31:53.902,4.0036680700581115,4.005155086824601,4.003778219448222,4.003054380598925,-0.04285444951697955,2.292543786319712,3.221929265375678,2.3613871551386723,1.9089878743283606,-50.53568061896224
2026-04-15T14:31:54.011,4.0028209687960725,4.004845619490482,4.004381418489302,4.00281572358702,-0.03389220841897059,1.7631054975453253,3.0285121815509797,2.738386555813932,1.7598272418872796,-50.42365260523714
2026-04-15T14:31:54.109,4.0028209687960725,4.004845619490482,4.004381418489302,4.00281572358702,-0.03389220841897059,1.7631054975453253,3.0285121815509797,2.738386555813932,1.7598272418872796,-50.42365260523714
2026-04-15T14:31:54.220,4.0028209687960725,4.004845619490482,4.004381418489302,4.00281572358702,-0.03389220841897059,1.7631054975453253,3.0285121815509797,2.738386555813932,1.7598272418872796,-50.42365260523714
2026-04-15T14:31:54.331,4.002498388439321,4.004735470100371,4.003791332470854,4.002870798282075,-0.03463408282097244,1.5614927745755125,2.959668812732019,2.3695827942837866,1.7942489262967598,-50.43292603526216
2026-04-15T14:31:54.434,4.002498388439321,4.004735470100371,4.003791332470854,4.002870798282075,-0.03463408282097244,1.5614927745755125,2.959668812732019,2.3695827942837866,1.7942489262967598,-50.43292603526216
2026-04-15T14:31:54.554,4.002498388439321,4.004735470100371,4.003791332470854,4.002870798282075,-0.03463408282097244,1.5614927745755125,2.959668812732019,2.3695827942837866,1.7942489262967598,-50.43292603526216
2026-04-15T14:31:54.663,4.003581524108739,4.004955768880592,4.004247665658454,4.0034189226281,-0.03518177533251743,2.238452567961957,3.09735555036994,2.6547910365337657,2.1368266425625393,-50.43977219165647
2026-04-15T14:31:54.772,4.003581524108739,4.004955768880592,4.004247665658454,4.0034189226281,-0.03518177533251743,2.238452567961957,3.09735555036994,2.6547910365337657,2.1368266425625393,-50.43977219165647
2026-04-15T14:31:54.879,4.003581524108739,4.004955768880592,4.004247665658454,4.0034189226281,-0.03518177533251743,2.238452567961957,3.09735555036994,2.6547910365337657,2.1368266425625393,-50.43977219165647
2026-04-15T14:31:54.990,4.003917217488123,4.0050554278525965,4.004053592923498,4.002716064615016,-0.04285444951697955,2.4482609300768843,3.159642407872809,2.5334955771860734,1.6975403843849657,-50.53568061896224
2026-04-15T14:31:55.100,4.003917217488123,4.0050554278525965,4.004053592923498,4.002716064615016,-0.04285444951697955,2.4482609300768843,3.159642407872809,2.5334955771860734,1.6975403843849657,-50.53568061896224
2026-04-15T14:31:55.203,4.003917217488123,4.0050554278525965,4.004053592923498,4.002716064615016,-0.04285444951697955,2.4482609300768843,3.159642407872809,2.5334955771860734,1.6975403843849657,-50.53568061896224
2026-04-15T14:31:55.315,4.003083229248716,4.004672527591737,4.004119158036659,4.003342867096833,-0.03821897926017603,1.9270182804476121,2.9203297448354704,2.574473772911645,2.089291935520876,-50.4777372407522
2026-04-15T14:31:55.427,4.003083229248716,4.004672527591737,4.004119158036659,4.003342867096833,-0.03821897926017603,1.9270182804476121,2.9203297448354704,2.574473772911645,2.089291935520876,-50.4777372407522
2026-04-15T14:31:55.529,4.003083229248716,4.004672527591737,4.004119158036659,4.003342867096833,-0.03821897926017603,1.9270182804476121,2.9203297448354704,2.574473772911645,2.089291935520876,-50.4777372407522
2026-04-15T14:31:55.640,4.0028445722368104,4.004756450936583,4.004203081381505,4.0029048921409185,-0.035853943414868104,1.7778576480065311,2.972781835364202,2.626925863440377,1.815557588074057,-50.448174292685856
2026-04-15T14:31:55.751,4.0028445722368104,4.004756450936583,4.004203081381505,4.0029048921409185,-0.035853943414868104,1.7778576480065311,2.972781835364202,2.626925863440377,1.815557588074057,-50.448174292685856
2026-04-15T14:31:55.865,4.0028445722368104,4.004756450936583,4.004203081381505,4.0029048921409185,-0.035853943414868104,1.7778576480065311,2.972781835364202,2.626925863440377,1.815557588074057,-50.448174292685856
2026-04-15T14:31:55.974,4.00315403957093,4.004798412609006,4.004037857296339,4.003038644971767,-0.039035539004661286,1.9712747318312296,2.999007880628568,2.5236608102119362,1.8991531073542234,-50.48794423755827
2026-04-15T14:31:56.084,4.00315403957093,4.004798412609006,4.004037857296339,4.003038644971767,-0.039035539004661286,1.9712747318312296,2.999007880628568,2.5236608102119362,1.8991531073542234,-50.48794423755827
2026-04-15T14:31:56.193,4.00315403957093,4.004798412609006,4.004037857296339,4.003038644971767,-0.039035539004661286,1.9712747318312296,2.999007880628568,2.5236608102119362,1.8991531073542234,-50.48794423755827
2026-04-15T14:31:56.302,4.003214359475038,4.004512548715624,4.004142761477397,4.00262427345659,-0.032079844108039886,2.0089746718987556,2.8203429472650754,2.589225923372851,1.6401709103686102,-50.4009980513505
2026-04-15T14:31:56.411,4.003214359475038,4.004512548715624,4.004142761477397,4.00262427345659,-0.032079844108039886,2.0089746718987556,2.8203429472650754,2.589225923372851,1.6401709103686102,-50.4009980513505
2026-04-15T14:31:56.518,4.003214359475038,4.004512548715624,4.004142761477397,4.00262427345659,-0.032079844108039886,2.0089746718987556,2.8203429472650754,2.589225923372851,1.6401709103686102,-50.4009980513505
2026-04-15T14:31:56.626,4.003473997323155,4.004819393445217,4.004593849455944,4.002994060694817,-0.03822395828300825,2.1712483269720195,3.012120903260751,2.8711559099647843,1.8712879342608346,-50.4777994785376
2026-04-15T14:31:56.734,4.003473997323155,4.004819393445217,4.004593849455944,4.002994060694817,-0.03822395828300825,2.1712483269720195,3.012120903260751,2.8711559099647843,1.8712879342608346,-50.4777994785376
2026-04-15T14:31:56.840,4.003473997323155,4.004819393445217,4.004593849455944,4.002994060694817,-0.03822395828300825,2.1712483269720195,3.012120903260751,2.8711559099647843,1.8712879342608346,-50.4777994785376
2026-04-15T14:31:56.951,4.002799987959861,4.004617452896682,4.004111290223079,4.002556085738902,-0.023695169658569267,1.7499924749131424,2.88590806042599,2.5695563894245765,1.5975535868140156,-50.296189620732115
2026-04-15T14:31:57.062,4.002799987959861,4.004617452896682,4.004111290223079,4.002556085738902,-0.023695169658569267,1.7499924749131424,2.88590806042599,2.5695563894245765,1.5975535868140156,-50.296189620732115
2026-04-15T14:31:57.170,4.002799987959861,4.004617452896682,4.004111290223079,4.002556085738902,-0.023695169658569267,1.7499924749131424,2.88590806042599,2.5695563894245765,1.5975535868140156,-50.296189620732115
2026-04-15T14:31:57.277,4.003497600763893,4.00517082245176,4.004420757557199,4.002584934388693,-0.026194639120347325,2.1860004774332253,3.2317640323498154,2.762973473249275,1.6155839929332672,-50.327432989004336
2026-04-15T14:31:57.389,4.003497600763893,4.00517082245176,4.004420757557199,4.002584934388693,-0.026194639120347325,2.1860004774332253,3.2317640323498154,2.762973473249275,1.6155839929332672,-50.327432989004336
2026-04-15T14:31:57.499,4.003497600763893,4.00517082245176,4.004420757557199,4.002584934388693,-0.026194639120347325,2.1860004774332253,3.2317640323498154,2.762973473249275,1.6155839929332672,-50.327432989004336
2026-04-15T14:31:57.607,4.003678560476217,4.004504680902045,4.004525661738256,4.002558708343429,-0.029630164874584097,2.2991002976358033,2.815425563778007,2.8285385864101897,1.5991927146430385,-50.370377060932306
2026-04-15T14:31:57.717,4.003678560476217,4.004504680902045,4.004525661738256,4.002558708343429,-0.029630164874584097,2.2991002976358033,2.815425563778007,2.8285385864101897,1.5991927146430385,-50.370377060932306
2026-04-15T14:31:57.827,4.003678560476217,4.004504680902045,4.004525661738256,4.002558708343429,-0.029630164874584097,2.2991002976358033,2.815425563778007,2.8285385864101897,1.5991927146430385,-50.370377060932306
2026-04-15T14:31:57.935,4.002663612524486,4.005225897146815,4.0044968130884655,4.003201246452406,-0.028295786755547205,1.6647578278039532,3.2661857167592956,2.810508180290938,2.000779032753641,-50.353697334444334
2026-04-15T14:31:58.046,4.002663612524486,4.005225897146815,4.0044968130884655,4.003201246452406,-0.028295786755547205,1.6647578278039532,3.2661857167592956,2.810508180290938,2.000779032753641,-50.353697334444334
2026-04-15T14:31:58.155,4.002663612524486,4.005225897146815,4.0044968130884655,4.003201246452406,-0.028295786755547205,1.6647578278039532,3.2661857167592956,2.810508180290938,2.000779032753641,-50.353697334444334
2026-04-15T14:31:58.263,4.00357365629516,4.005514383644723,4.003893614047386,4.003316641051569,-0.028041856591103618,2.2335351844748885,3.446489777951811,2.4335087796162336,2.0729006572306474,-50.3505232073888
2026-04-15T14:31:58.371,4.00357365629516,4.005514383644723,4.003893614047386,4.003316641051569,-0.028041856591103618,2.2335351844748885,3.446489777951811,2.4335087796162336,2.0729006572306474,-50.3505232073888
2026-04-15T14:31:58.493,4.00357365629516,4.005514383644723,4.003893614047386,4.003316641051569,-0.028041856591103618,2.2335351844748885,3.446489777951811,2.4335087796162336,2.0729006572306474,-50.3505232073888
2026-04-15T14:31:58.593,4.003130436130192,4.005322933514293,4.00399327301939,4.0032169820795644,-0.03829864362549166,1.9565225813700238,3.3268334464331417,2.4957956371185475,2.0106137997277784,-50.47873304531865
2026-04-15T14:31:58.705,4.003130436130192,4.005322933514293,4.00399327301939,4.0032169820795644,-0.03829864362549166,1.9565225813700238,3.3268334464331417,2.4957956371185475,2.0106137997277784,-50.47873304531865
2026-04-15T14:31:58.821,4.003130436130192,4.005322933514293,4.00399327301939,4.0032169820795644,-0.03829864362549166,1.9565225813700238,3.3268334464331417,2.4957956371185475,2.0106137997277784,-50.47873304531865
2026-04-15T14:31:58.929,4.002933740790709,4.0049715045077505,4.004245043053928,4.002983570276712,-0.035380936245806516,1.8335879941933086,3.1071903173440774,2.653151908704743,1.8647314229447431,-50.442261703072575
2026-04-15T14:31:59.037,4.002933740790709,4.0049715045077505,4.004245043053928,4.002983570276712,-0.035380936245806516,1.8335879941933086,3.1071903173440774,2.653151908704743,1.8647314229447431,-50.442261703072575
2026-04-15T14:31:59.146,4.002933740790709,4.0049715045077505,4.004245043053928,4.002983570276712,-0.035380936245806516,1.8335879941933086,3.1071903173440774,2.653151908704743,1.8647314229447431,-50.442261703072575
2026-04-15T14:31:59.258,4.002598047411325,4.004848242095008,4.004121780641185,4.002632141270169,-0.04161965185458721,1.6237796320783815,3.0301513093800025,2.576112900740668,1.6450882938556788,-50.52024564818234
2026-04-15T14:31:59.357,4.002598047411325,4.004848242095008,4.004121780641185,4.002632141270169,-0.04161965185458721,1.6237796320783815,3.0301513093800025,2.576112900740668,1.6450882938556788,-50.52024564818234
2026-04-15T14:31:59.477,4.002598047411325,4.004848242095008,4.004121780641185,4.002632141270169,-0.04161965185458721,1.6237796320783815,3.0301513093800025,2.576112900740668,1.6450882938556788,-50.52024564818234
2026-04-15T14:31:59.584,4.0028629304684955,4.004921675021748,4.004195213567925,4.002786874937229,-0.034295509268380986,1.7893315428096912,3.076046888592643,2.6220084799533083,1.741796835768028,-50.428693865854754
2026-04-15T14:31:59.693,4.0028629304684955,4.004921675021748,4.004195213567925,4.002786874937229,-0.034295509268380986,1.7893315428096912,3.076046888592643,2.6220084799533083,1.741796835768028,-50.428693865854754
2026-04-15T14:31:59.802,4.0028629304684955,4.004921675021748,4.004195213567925,4.002786874937229,-0.034295509268380986,1.7893315428096912,3.076046888592643,2.6220084799533083,1.741796835768028,-50.428693865854754
2026-04-15T14:31:59.911,4.003230095102197,4.004732847495845,4.00440502193004,4.003025531949135,-0.036989160620615906,2.0188094388728928,2.9580296849029963,2.753138706275138,1.890957468209109,-50.4623645077577
2026-04-15T14:32:00.019,4.003230095102197,4.004732847495845,4.00440502193004,4.003025531949135,-0.036989160620615906,2.0188094388728928,2.9580296849029963,2.753138706275138,1.890957468209109,-50.4623645077577
2026-04-15T14:32:00.128,4.003230095102197,4.004732847495845,4.00440502193004,4.003025531949135,-0.036989160620615906,2.0188094388728928,2.9580296849029963,2.753138706275138,1.890957468209109,-50.4623645077577
2026-04-15T14:32:00.238,4.002855062654916,4.0048036578180595,4.00440502193004,4.002915382559024,-0.038074587598041436,1.7844141593226226,3.002286136287169,2.753138706275138,1.8221140993901486,-50.47593234497552
2026-04-15T14:32:00.346,4.002855062654916,4.0048036578180595,4.00440502193004,4.002915382559024,-0.038074587598041436,1.7844141593226226,3.002286136287169,2.753138706275138,1.8221140993901486,-50.47593234497552
2026-04-15T14:32:00.455,4.002855062654916,4.0048036578180595,4.00440502193004,4.002915382559024,-0.038074587598041436,1.7844141593226226,3.002286136287169,2.753138706275138,1.8221140993901486,-50.47593234497552
2026-04-15T14:32:00.562,4.00311732310756,4.005165577242707,4.0042266848222425,4.002902269536392,-0.04325277134355773,1.9483269422249094,3.2284857766917696,2.6416780139015827,1.8139184602450342,-50.54065964179447
2026-04-15T14:32:00.673,4.00311732310756,4.005165577242707,4.0042266848222425,4.002902269536392,-0.04325277134355773,1.9483269422249094,3.2284857766917696,2.6416780139015827,1.8139184602450342,-50.54065964179447
2026-04-15T14:32:00.783,4.00311732310756,4.005165577242707,4.0042266848222425,4.002902269536392,-0.04325277134355773,1.9483269422249094,3.2284857766917696,2.6416780139015827,1.8139184602450342,-50.54065964179447
2026-04-15T14:32:00.893,4.002996683299344,4.004509926111098,4.004011631251075,4.002765894101017,-0.0428444914713151,1.8729270620898575,2.8187038194360525,2.5072695319217075,1.728683813135845,-50.53555614339144
2026-04-15T14:32:01.002,4.002996683299344,4.004509926111098,4.004011631251075,4.002765894101017,-0.0428444914713151,1.8729270620898575,2.8187038194360525,2.5072695319217075,1.728683813135845,-50.53555614339144
2026-04-15T14:32:01.110,4.002996683299344,4.004509926111098,4.004011631251075,4.002765894101017,-0.0428444914713151,1.8729270620898575,2.8187038194360525,2.5072695319217075,1.728683813135845,-50.53555614339144
2026-04-15T14:32:01.218,4.003492355554841,4.005149841615548,4.004612207687629,4.001921415443505,-0.032637494665249324,2.1827222217757347,3.2186510097176324,2.8826298047679444,1.2008846521904815,-50.407968683315616
2026-04-15T14:32:01.328,4.003492355554841,4.005149841615548,4.004612207687629,4.001921415443505,-0.032637494665249324,2.1827222217757347,3.2186510097176324,2.8826298047679444,1.2008846521904815,-50.407968683315616
2026-04-15T14:32:01.437,4.003492355554841,4.005149841615548,4.004612207687629,4.001921415443505,-0.032637494665249324,2.1827222217757347,3.2186510097176324,2.8826298047679444,1.2008846521904815,-50.407968683315616
2026-04-15T14:32:01.545,4.00262427345659,4.004772186563741,4.004457474020569,4.002393484258263,-0.040907651589578715,1.6401709103686102,2.9826166023383394,2.785921262855595,1.4959276614145978,-50.511345644869735
2026-04-15T14:32:01.653,4.00262427345659,4.004772186563741,4.004457474020569,4.002393484258263,-0.040907651589578715,1.6401709103686102,2.9826166023383394,2.785921262855595,1.4959276614145978,-50.511345644869735
2026-04-15T14:32:01.762,4.00262427345659,4.004772186563741,4.004457474020569,4.002393484258263,-0.040907651589578715,1.6401709103686102,2.9826166023383394,2.785921262855595,1.4959276614145978,-50.511345644869735
2026-04-15T14:32:01.871,4.003306150633463,4.004588604246891,4.00444173839341,4.002341032167735,-0.026373883942307504,2.066344145914556,2.8678776543067386,2.776086495881458,1.4631451048341404,-50.329673549278844
2026-04-15T14:32:01.982,4.003306150633463,4.004588604246891,4.00444173839341,4.002341032167735,-0.026373883942307504,2.066344145914556,2.8678776543067386,2.776086495881458,1.4631451048341404,-50.329673549278844
2026-04-15T14:32:02.092,4.003306150633463,4.004588604246891,4.00444173839341,4.002341032167735,-0.026373883942307504,2.066344145914556,2.8678776543067386,2.776086495881458,1.4631451048341404,-50.329673549278844
2026-04-15T14:32:02.202,4.002569198761535,4.004900694185537,4.003786087261801,4.003594637131371,-0.04054916194565836,1.60574922595913,3.06293386596046,2.366304538625741,2.2466482071070715,-50.506864524320726
2026-04-15T14:32:02.310,4.002569198761535,4.004900694185537,4.003786087261801,4.003594637131371,-0.04054916194565836,1.60574922595913,3.06293386596046,2.366304538625741,2.2466482071070715,-50.506864524320726
2026-04-15T14:32:02.419,4.002569198761535,4.004900694185537,4.003786087261801,4.003594637131371,-0.04054916194565836,1.60574922595913,3.06293386596046,2.366304538625741,2.2466482071070715,-50.506864524320726
2026-04-15T14:32:02.542,4.003214359475038,4.004740715309424,4.004116535432132,4.001900434607293,-0.027633576718860985,2.0089746718987556,2.962947068390065,2.5728346450826223,1.1877716295582985,-50.34541970898576
2026-04-15T14:32:02.637,4.003214359475038,4.004740715309424,4.004116535432132,4.001900434607293,-0.027633576718860985,2.0089746718987556,2.962947068390065,2.5728346450826223,1.1877716295582985,-50.34541970898576
2026-04-15T14:32:02.761,4.003214359475038,4.004740715309424,4.004116535432132,4.001900434607293,-0.027633576718860985,2.0089746718987556,2.962947068390065,2.5728346450826223,1.1877716295582985,-50.34541970898576
2026-04-15T14:32:02.869,4.003366470537571,4.004620075501208,4.0039985182284425,4.002390861653737,-0.03703895084893818,2.104044085982082,2.887547188255013,2.499073892776593,1.494288533585575,-50.46298688561173
2026-04-15T14:32:02.979,4.003366470537571,4.004620075501208,4.0039985182284425,4.002390861653737,-0.03703895084893818,2.104044085982082,2.887547188255013,2.499073892776593,1.494288533585575,-50.46298688561173
2026-04-15T14:32:03.087,4.003366470537571,4.004620075501208,4.0039985182284425,4.002390861653737,-0.03703895084893818,2.104044085982082,2.887547188255013,2.499073892776593,1.494288533585575,-50.46298688561173
2026-04-15T14:32:03.197,4.003248453333882,4.005412102068192,4.0042502882629805,4.002758026287438,-0.03628213937843964,2.030283333676053,3.3825637926199192,2.6564301643627886,1.7237664296487765,-50.453526742230494
2026-04-15T14:32:03.305,4.003248453333882,4.005412102068192,4.0042502882629805,4.002758026287438,-0.03628213937843964,2.030283333676053,3.3825637926199192,2.6564301643627886,1.7237664296487765,-50.453526742230494
2026-04-15T14:32:03.415,4.003248453333882,4.005412102068192,4.0042502882629805,4.002758026287438,-0.03628213937843964,2.030283333676053,3.3825637926199192,2.6564301643627886,1.7237664296487765,-50.453526742230494
2026-04-15T14:32:03.541,4.003148794361877,4.004840374281429,4.003974914787705,4.002870798282075,-0.04241131648491134,1.9679964761731839,3.025233925892934,2.4843217423153874,1.7942489262967598,-50.53014145606139
2026-04-15T14:32:03.629,4.003148794361877,4.004840374281429,4.003974914787705,4.002870798282075,-0.04241131648491134,1.9679964761731839,3.025233925892934,2.4843217423153874,1.7942489262967598,-50.53014145606139
2026-04-15T14:32:03.746,4.003148794361877,4.004840374281429,4.003974914787705,4.002870798282075,-0.04241131648491134,1.9679964761731839,3.025233925892934,2.4843217423153874,1.7942489262967598,-50.53014145606139
2026-04-15T14:32:03.854,4.003159284779983,4.0052416327739735,4.004077196364236,4.002642631688276,-0.04778368212088449,1.9745529874892753,3.276020483733433,2.5482477276472792,1.6516448051723254,-50.59729602651105
2026-04-15T14:32:03.963,4.003159284779983,4.0052416327739735,4.004077196364236,4.002642631688276,-0.04778368212088449,1.9745529874892753,3.276020483733433,2.5482477276472792,1.6516448051723254,-50.59729602651105
2026-04-15T14:32:04.071,4.003159284779983,4.0052416327739735,4.004077196364236,4.002642631688276,-0.04778368212088449,1.9745529874892753,3.276020483733433,2.5482477276472792,1.6516448051723254,-50.59729602651105
2026-04-15T14:32:04.181,4.003355980119466,4.0050973895250195,4.004389286302882,4.00246953978953,-0.04717624133535277,2.0974875746659905,3.185868453137175,2.7433039393010006,1.543462368456261,-50.589703016691914
2026-04-15T14:32:04.290,4.003355980119466,4.0050973895250195,4.004389286302882,4.00246953978953,-0.04717624133535277,2.0974875746659905,3.185868453137175,2.7433039393010006,1.543462368456261,-50.589703016691914
2026-04-15T14:32:04.399,4.003355980119466,4.0050973895250195,4.004389286302882,4.00246953978953,-0.04717624133535277,2.0974875746659905,3.185868453137175,2.7433039393010006,1.543462368456261,-50.589703016691914
2026-04-15T14:32:04.508,4.002721309824068,4.004509926111098,4.00383853935233,4.002487898021215,-0.04989976682458105,1.7008186400424563,2.8187038194360525,2.3990870952061982,1.554936263259421,-50.62374708530726
2026-04-15T14:32:04.610,4.002721309824068,4.004509926111098,4.00383853935233,4.002487898021215,-0.04989976682458105,1.7008186400424563,2.8187038194360525,2.3990870952061982,1.554936263259421,-50.62374708530726
2026-04-15T14:32:04.724,4.002721309824068,4.004509926111098,4.00383853935233,4.002487898021215,-0.04989976682458105,1.7008186400424563,2.8187038194360525,2.3990870952061982,1.554936263259421,-50.62374708530726
2026-04-15T14:32:04.833,4.003159284779983,4.005202293706077,4.004158497104555,4.002744913264806,-0.042406337462079106,1.9745529874892753,3.2514335662980898,2.599060690346988,1.7155707905036621,-50.53007921827599
2026-04-15T14:32:04.942,4.003159284779983,4.005202293706077,4.004158497104555,4.002744913264806,-0.042406337462079106,1.9745529874892753,3.2514335662980898,2.599060690346988,1.7155707905036621,-50.53007921827599
2026-04-15T14:32:05.051,4.003159284779983,4.005202293706077,4.004158497104555,4.002744913264806,-0.042406337462079106,1.9745529874892753,3.2514335662980898,2.599060690346988,1.7155707905036621,-50.53007921827599
2026-04-15T14:32:05.159,4.003041267576293,4.005233764960394,4.00398540520581,4.002855062654916,-0.04070849067628963,1.9007922351832462,3.271103100246364,2.490878253631479,1.7844141593226226,-50.50885613345362
2026-04-15T14:32:05.267,4.003041267576293,4.005233764960394,4.00398540520581,4.002855062654916,-0.04070849067628963,1.9007922351832462,3.271103100246364,2.490878253631479,1.7844141593226226,-50.50885613345362
2026-04-15T14:32:05.377,4.003041267576293,4.005233764960394,4.00398540520581,4.002855062654916,-0.04070849067628963,1.9007922351832462,3.271103100246364,2.490878253631479,1.7844141593226226,-50.50885613345362
2026-04-15T14:32:05.486,4.003046512785346,4.004570246015206,4.004231930031295,4.002647876897328,-0.04356147075915582,1.904070490841292,2.8564037595035785,2.6449562695596285,1.654923060829816,-50.54451838448944
2026-04-15T14:32:05.597,4.003046512785346,4.004570246015206,4.004231930031295,4.002647876897328,-0.04356147075915582,1.904070490841292,2.8564037595035785,2.6449562695596285,1.654923060829816,-50.54451838448944
2026-04-15T14:32:05.705,4.003046512785346,4.004570246015206,4.004231930031295,4.002647876897328,-0.04356147075915582,1.904070490841292,2.8564037595035785,2.6449562695596285,1.654923060829816,-50.54451838448944
2026-04-15T14:32:05.810,4.0032169820795644,4.004515171320151,4.004483700065833,4.002773761914597,-0.04517965317962966,2.0106137997277784,2.8219820750940983,2.802312541145824,1.7336011966229137,-50.56474566474537
2026-04-15T14:32:05.919,4.0032169820795644,4.004515171320151,4.004483700065833,4.002773761914597,-0.04517965317962966,2.0106137997277784,2.8219820750940983,2.802312541145824,1.7336011966229137,-50.56474566474537
2026-04-15T14:32:06.028,4.0032169820795644,4.004515171320151,4.004483700065833,4.002773761914597,-0.04517965317962966,2.0106137997277784,2.8219820750940983,2.802312541145824,1.7336011966229137,-50.56474566474537
2026-04-15T14:32:06.152,4.0027606488919645,4.004845619490482,4.004085064177815,4.002980947672185,-0.041475260192452616,1.7254055574777993,3.0285121815509797,2.553165111134348,1.8630922951157203,-50.51844075240566
2026-04-15T14:32:06.247,4.0027606488919645,4.004845619490482,4.004085064177815,4.002980947672185,-0.041475260192452616,1.7254055574777993,3.0285121815509797,2.553165111134348,1.8630922951157203,-50.51844075240566
2026-04-15T14:32:06.356,4.0027606488919645,4.004845619490482,4.004085064177815,4.002980947672185,-0.041475260192452616,1.7254055574777993,3.0285121815509797,2.553165111134348,1.8630922951157203,-50.51844075240566
2026-04-15T14:32:06.466,4.003088474457769,4.004363060257617,4.004546642574468,4.002647876897328,-0.042655288603690465,1.9302965361056579,2.726912661010772,2.8416516090423727,1.654923060829816,-50.53319110754613
2026-04-15T14:32:06.575,4.003088474457769,4.004363060257617,4.004546642574468,4.002647876897328,-0.042655288603690465,1.9302965361056579,2.726912661010772,2.8416516090423727,1.654923060829816,-50.53319110754613
2026-04-15T14:32:06.684,4.003088474457769,4.004363060257617,4.004546642574468,4.002647876897328,-0.042655288603690465,1.9302965361056579,2.726912661010772,2.8416516090423727,1.654923060829816,-50.53319110754613
2026-04-15T14:32:06.795,4.003156662175456,4.004575491224259,4.00475120572753,4.002933740790709,-0.04636466061369973,1.9729138596602525,2.8596820151616242,2.9695035797061564,1.8335879941933086,-50.579558257671245
2026-04-15T14:32:06.904,4.003156662175456,4.004575491224259,4.00475120572753,4.002933740790709,-0.04636466061369973,1.9729138596602525,2.8596820151616242,2.9695035797061564,1.8335879941933086,-50.579558257671245
2026-04-15T14:32:07.027,4.003156662175456,4.004575491224259,4.00475120572753,4.002933740790709,-0.04636466061369973,1.9729138596602525,2.8596820151616242,2.9695035797061564,1.8335879941933086,-50.579558257671245
2026-04-15T14:32:07.122,4.002931118186183,4.004664659778157,4.0038123133070656,4.0031933786388265,-0.034798390574435935,1.8319488663642858,2.9154123613484018,2.3826958169159695,1.9958616492665726,-50.43497988218045
2026-04-15T14:32:07.231,4.002931118186183,4.004664659778157,4.0038123133070656,4.0031933786388265,-0.034798390574435935,1.8319488663642858,2.9154123613484018,2.3826958169159695,1.9958616492665726,-50.43497988218045
2026-04-15T14:32:07.353,4.002931118186183,4.004664659778157,4.0038123133070656,4.0031933786388265,-0.034798390574435935,1.8319488663642858,2.9154123613484018,2.3826958169159695,1.9958616492665726,-50.43497988218045
2026-04-15T14:32:07.451,4.002936363395236,4.0048089030271115,4.005029201807332,4.002781629728176,-0.03560997129608897,1.8352271220223315,3.0055643919446595,3.1432511295825805,1.7385185801099823,-50.44512464120111
2026-04-15T14:32:07.571,4.002936363395236,4.0048089030271115,4.005029201807332,4.002781629728176,-0.03560997129608897,1.8352271220223315,3.0055643919446595,3.1432511295825805,1.7385185801099823,-50.44512464120111
2026-04-15T14:32:07.680,4.002936363395236,4.0048089030271115,4.005029201807332,4.002781629728176,-0.03560997129608897,1.8352271220223315,3.0055643919446595,3.1432511295825805,1.7385185801099823,-50.44512464120111
2026-04-15T14:32:07.790,4.003883123629279,4.004378795884776,4.004512548715624,4.002742290660279,-0.034534502364327896,2.426952268299587,2.736747427984909,2.8203429472650754,1.7139316626746393,-50.4316812795541
2026-04-15T14:32:07.901,4.003883123629279,4.004378795884776,4.004512548715624,4.002742290660279,-0.034534502364327896,2.426952268299587,2.736747427984909,2.8203429472650754,1.7139316626746393,-50.4316812795541
2026-04-15T14:32:07.997,4.003883123629279,4.004378795884776,4.004512548715624,4.002742290660279,-0.034534502364327896,2.426952268299587,2.736747427984909,2.8203429472650754,1.7139316626746393,-50.4316812795541
2026-04-15T14:32:08.113,4.002595424806799,4.004630565919314,4.004347324630459,4.003106832689454,-0.03397187278428622,1.6221405042493586,2.8941036995711045,2.7170778940366347,1.941770430908818,-50.424648409803574
2026-04-15T14:32:08.225,4.002595424806799,4.004630565919314,4.004347324630459,4.003106832689454,-0.03397187278428622,1.6221405042493586,2.8941036995711045,2.7170778940366347,1.941770430908818,-50.424648409803574
2026-04-15T14:32:08.330,4.002595424806799,4.004630565919314,4.004347324630459,4.003106832689454,-0.03397187278428622,1.6221405042493586,2.8941036995711045,2.7170778940366347,1.941770430908818,-50.424648409803574
2026-04-15T14:32:08.441,4.002747535869332,4.004467964438675,4.003935575719808,4.003287792401778,-0.024979757549283887,1.717209918332685,2.7924777741716866,2.4597348248800444,2.054870251111396,-50.31224696936605
2026-04-15T14:32:08.551,4.002747535869332,4.004467964438675,4.003935575719808,4.003287792401778,-0.024979757549283887,1.717209918332685,2.7924777741716866,2.4597348248800444,2.054870251111396,-50.31224696936605
2026-04-15T14:32:08.657,4.002747535869332,4.004467964438675,4.003935575719808,4.003287792401778,-0.024979757549283887,1.717209918332685,2.7924777741716866,2.4597348248800444,2.054870251111396,-50.31224696936605
2026-04-15T14:32:08.770,4.002666235129013,4.004512548715624,4.004121780641185,4.002876043491128,-0.03351878170655354,1.666396955632976,2.8203429472650754,2.576112900740668,1.7975271819548055,-50.41898477133192
2026-04-15T14:32:08.872,4.002666235129013,4.004512548715624,4.004121780641185,4.002876043491128,-0.03351878170655354,1.666396955632976,2.8203429472650754,2.576112900740668,1.7975271819548055,-50.41898477133192
2026-04-15T14:32:08.981,4.002666235129013,4.004512548715624,4.004121780641185,4.002876043491128,-0.03351878170655354,1.666396955632976,2.8203429472650754,2.576112900740668,1.7975271819548055,-50.41898477133192
2026-04-15T14:32:09.111,4.0028026105643875,4.005176067660813,4.004499435692992,4.002708196801436,-0.03226904697566452,1.7516316027421652,3.235042288007861,2.812147308119961,1.692623000897342,-50.40336308719581
2026-04-15T14:32:09.207,4.0028026105643875,4.005176067660813,4.004499435692992,4.002708196801436,-0.03226904697566452,1.7516316027421652,3.235042288007861,2.812147308119961,1.692623000897342,-50.40336308719581
2026-04-15T14:32:09.316,4.0028026105643875,4.005176067660813,4.004499435692992,4.002708196801436,-0.03226904697566452,1.7516316027421652,3.235042288007861,2.812147308119961,1.692623000897342,-50.40336308719581
2026-04-15T14:32:09.423,4.002991438090291,4.004740715309424,4.004252910867507,4.002674102942592,-0.030113130089310134,1.8696488064318117,2.962947068390065,2.6580692921918114,1.6713143391200447,-50.37641412611637
2026-04-15T14:32:09.533,4.002991438090291,4.004740715309424,4.004252910867507,4.002674102942592,-0.030113130089310134,1.8696488064318117,2.962947068390065,2.6580692921918114,1.6713143391200447,-50.37641412611637
2026-04-15T14:32:09.643,4.002991438090291,4.004740715309424,4.004252910867507,4.002674102942592,-0.030113130089310134,1.8696488064318117,2.962947068390065,2.6580692921918114,1.6713143391200447,-50.37641412611637
2026-04-15T14:32:09.747,4.0036470892219,4.004509926111098,4.003846407165909,4.002826214005125,-0.042261945799944516,2.279430763687529,2.8187038194360525,2.404004478693267,1.766383753203371,-50.528274322499314
2026-04-15T14:32:09.858,4.0036470892219,4.004509926111098,4.003846407165909,4.002826214005125,-0.042261945799944516,2.279430763687529,2.8187038194360525,2.404004478693267,1.766383753203371,-50.528274322499314
2026-04-15T14:32:09.973,4.0036470892219,4.004509926111098,4.003846407165909,4.002826214005125,-0.042261945799944516,2.279430763687529,2.8187038194360525,2.404004478693267,1.766383753203371,-50.528274322499314
2026-04-15T14:32:10.081,4.003560543272528,4.004819393445217,4.004134893663817,4.003140926548298,-0.04999934728122559,2.225339545329774,3.012120903260751,2.5843085398857824,1.9630790926861152,-50.62499184101532
2026-04-15T14:32:10.191,4.003560543272528,4.004819393445217,4.004134893663817,4.003140926548298,-0.04999934728122559,2.225339545329774,3.012120903260751,2.5843085398857824,1.9630790926861152,-50.62499184101532
2026-04-15T14:32:10.299,4.003560543272528,4.004819393445217,4.004134893663817,4.003140926548298,-0.04999934728122559,2.225339545329774,3.012120903260751,2.5843085398857824,1.9630790926861152,-50.62499184101532
2026-04-15T14:32:10.405,4.003489732950314,4.004675150196263,4.004481077461307,4.002959966835974,-0.04254077107854924,2.1810830939461567,2.9219688726644932,2.800673413316801,1.8499792724835373,-50.531759638481866
2026-04-15T14:32:10.516,4.003489732950314,4.004675150196263,4.004481077461307,4.002959966835974,-0.04254077107854924,2.1810830939461567,2.9219688726644932,2.800673413316801,1.8499792724835373,-50.531759638481866
2026-04-15T14:32:10.625,4.003489732950314,4.004675150196263,4.004481077461307,4.002959966835974,-0.04254077107854924,2.1810830939461567,2.9219688726644932,2.800673413316801,1.8499792724835373,-50.531759638481866
2026-04-15T14:32:10.734,4.003376960955677,4.004984617530383,4.004043102505392,4.002755403682912,-0.03970770708701196,2.1106005972981734,3.1153859564891917,2.526939065869982,1.7221273018197536,-50.49634633858765
2026-04-15T14:32:10.842,4.003376960955677,4.004984617530383,4.004043102505392,4.002755403682912,-0.03970770708701196,2.1106005972981734,3.1153859564891917,2.526939065869982,1.7221273018197536,-50.49634633858765
2026-04-15T14:32:10.954,4.003376960955677,4.004984617530383,4.004043102505392,4.002755403682912,-0.03970770708701196,2.1106005972981734,3.1153859564891917,2.526939065869982,1.7221273018197536,-50.49634633858765
2026-04-15T14:32:11.062,4.0031933786388265,4.004625320710261,4.0039801599967575,4.002084016924144,-0.04431330320682213,1.9958616492665726,2.8908254439130587,2.487599997973433,1.3025105775898993,-50.553916290085276
2026-04-15T14:32:11.172,4.0031933786388265,4.004625320710261,4.0039801599967575,4.002084016924144,-0.04431330320682213,1.9958616492665726,2.8908254439130587,2.487599997973433,1.3025105775898993,-50.553916290085276
2026-04-15T14:32:11.281,4.0031933786388265,4.004625320710261,4.0039801599967575,4.002084016924144,-0.04431330320682213,1.9958616492665726,2.8908254439130587,2.487599997973433,1.3025105775898993,-50.553916290085276
2026-04-15T14:32:11.391,4.003615617967583,4.005039692225438,4.0041663649181345,4.002424955512581,-0.04363615610163923,2.2597612297392544,3.149807640898672,2.6039780738340568,1.5155971953628722,-50.54545195127049
2026-04-15T14:32:11.499,4.003615617967583,4.005039692225438,4.0041663649181345,4.002424955512581,-0.04363615610163923,2.2597612297392544,3.149807640898672,2.6039780738340568,1.5155971953628722,-50.54545195127049
2026-04-15T14:32:11.609,4.003615617967583,4.005039692225438,4.0041663649181345,4.002424955512581,-0.04363615610163923,2.2597612297392544,3.149807640898672,2.6039780738340568,1.5155971953628722,-50.54545195127049
2026-04-15T14:32:11.720,4.003969669578652,4.0044968130884655,4.004087686782342,4.002805233168914,-0.047270842769165086,2.4810434866573416,2.810508180290938,2.554804238963926,1.753270730571188,-50.59088553461456
2026-04-15T14:32:11.832,4.003969669578652,4.0044968130884655,4.004087686782342,4.002805233168914,-0.047270842769165086,2.4810434866573416,2.810508180290938,2.554804238963926,1.753270730571188,-50.59088553461456
2026-04-15T14:32:11.940,4.003969669578652,4.0044968130884655,4.004087686782342,4.002805233168914,-0.047270842769165086,2.4810434866573416,2.810508180290938,2.554804238963926,1.753270730571188,-50.59088553461456
2026-04-15T14:32:12.049,4.003334999283254,4.0043315890033,4.004092931991394,4.003324508865148,-0.05264320840513824,2.0843745520338075,2.7072431270624975,2.5580824946214165,2.077818040717716,-50.65804010506423
2026-04-15T14:32:12.157,4.003334999283254,4.0043315890033,4.004092931991394,4.003324508865148,-0.05264320840513824,2.0843745520338075,2.7072431270624975,2.5580824946214165,2.077818040717716,-50.65804010506423
2026-04-15T14:32:12.266,4.003334999283254,4.0043315890033,4.004092931991394,4.003324508865148,-0.05264320840513824,2.0843745520338075,2.7072431270624975,2.5580824946214165,2.077818040717716,-50.65804010506423
2026-04-15T14:32:12.376,4.003704786521482,4.00566387210273,4.003961801765072,4.002440691139739,-0.051577697519041614,2.315491575926032,3.5399200642061146,2.476126103170273,1.5254319623370094,-50.64472121898802
2026-04-15T14:32:12.485,4.003704786521482,4.00566387210273,4.003961801765072,4.002440691139739,-0.051577697519041614,2.315491575926032,3.5399200642061146,2.476126103170273,1.5254319623370094,-50.64472121898802
2026-04-15T14:32:12.593,4.003704786521482,4.00566387210273,4.003961801765072,4.002440691139739,-0.051577697519041614,2.315491575926032,3.5399200642061146,2.476126103170273,1.5254319623370094,-50.64472121898802
2026-04-15T14:32:12.701,4.003715276939587,4.005254745796606,4.004680395405316,4.002881288700181,-0.04692231117090918,2.3220480872421234,3.284216122878547,2.925247128322539,1.8008054376128513,-50.58652888963636
2026-04-15T14:32:12.810,4.003715276939587,4.005254745796606,4.004680395405316,4.002881288700181,-0.04692231117090918,2.3220480872421234,3.284216122878547,2.925247128322539,1.8008054376128513,-50.58652888963636
2026-04-15T14:32:12.932,4.003715276939587,4.005254745796606,4.004680395405316,4.002881288700181,-0.04692231117090918,2.3220480872421234,3.284216122878547,2.925247128322539,1.8008054376128513,-50.58652888963636
2026-04-15T14:32:13.041,4.002902269536392,4.004732847495845,4.003702163916955,4.003521204204631,-0.045363877024422065,1.8139184602450342,2.9580296849029963,2.313852448097009,2.200752627894431,-50.567048462805275
2026-04-15T14:32:13.150,4.002902269536392,4.004732847495845,4.003702163916955,4.003521204204631,-0.045363877024422065,1.8139184602450342,2.9580296849029963,2.313852448097009,2.200752627894431,-50.567048462805275
2026-04-15T14:32:13.258,4.002902269536392,4.004732847495845,4.003702163916955,4.003521204204631,-0.045363877024422065,1.8139184602450342,2.9580296849029963,2.313852448097009,2.200752627894431,-50.567048462805275
2026-04-15T14:32:13.367,4.003167152593562,4.00482463865427,4.004061460737077,4.003390073978309,-0.04501036640333393,1.979470370976344,3.0153991589187967,2.538412960673142,2.1187962364432877,-50.56262958004167
2026-04-15T14:32:13.477,4.003167152593562,4.00482463865427,4.004061460737077,4.003390073978309,-0.04501036640333393,1.979470370976344,3.0153991589187967,2.538412960673142,2.1187962364432877,-50.56262958004167
2026-04-15T14:32:13.584,4.003167152593562,4.00482463865427,4.004061460737077,4.003390073978309,-0.04501036640333393,1.979470370976344,3.0153991589187967,2.538412960673142,2.1187962364432877,-50.56262958004167
2026-04-15T14:32:13.690,4.003843784561383,4.005021333993753,4.004024744273707,4.003397941791889,-0.04564270230302679,2.402365350864244,3.138333746095512,2.515465171066822,2.1237136199303563,-50.570533778787826
2026-04-15T14:32:13.801,4.003843784561383,4.005021333993753,4.004024744273707,4.003397941791889,-0.04564270230302679,2.402365350864244,3.138333746095512,2.515465171066822,2.1237136199303563,-50.570533778787826
2026-04-15T14:32:13.911,4.003843784561383,4.005021333993753,4.004024744273707,4.003397941791889,-0.04564270230302679,2.402365350864244,3.138333746095512,2.515465171066822,2.1237136199303563,-50.570533778787826
2026-04-15T14:32:14.021,4.003618240572109,4.004748583123003,4.004216194404137,4.003172397802615,-0.0442535549328354,2.2614003575682773,2.9678644518771335,2.6351215025854913,1.9827486266343897,-50.55316943666044
2026-04-15T14:32:14.129,4.003618240572109,4.004748583123003,4.004216194404137,4.003172397802615,-0.0442535549328354,2.2614003575682773,2.9678644518771335,2.6351215025854913,1.9827486266343897,-50.55316943666044
2026-04-15T14:32:14.238,4.003618240572109,4.004748583123003,4.004216194404137,4.003172397802615,-0.0442535549328354,2.2614003575682773,2.9678644518771335,2.6351215025854913,1.9827486266343897,-50.55316943666044
2026-04-15T14:32:14.348,4.003631353594741,4.004863977722167,4.004095554595921,4.003266811565567,-0.04907324903443133,2.2695959967133916,3.0399860763541398,2.5597216224504393,2.041757228479213,-50.61341561293039
2026-04-15T14:32:14.457,4.003631353594741,4.004863977722167,4.004095554595921,4.003266811565567,-0.04907324903443133,2.2695959967133916,3.0399860763541398,2.5597216224504393,2.041757228479213,-50.61341561293039
2026-04-15T14:32:14.567,4.003631353594741,4.004863977722167,4.004095554595921,4.003266811565567,-0.04907324903443133,2.2695959967133916,3.0399860763541398,2.5597216224504393,2.041757228479213,-50.61341561293039
2026-04-15T14:32:14.677,4.002781629728176,4.004829883863323,4.004179477940767,4.003390073978309,-0.03417601272040754,1.7385185801099823,3.0186774145768425,2.612173712979171,2.1187962364432877,-50.42720015900509
2026-04-15T14:32:14.787,4.002781629728176,4.004829883863323,4.004179477940767,4.003390073978309,-0.03417601272040754,1.7385185801099823,3.0186774145768425,2.612173712979171,2.1187962364432877,-50.42720015900509
2026-04-15T14:32:14.886,4.002781629728176,4.004829883863323,4.004179477940767,4.003390073978309,-0.03417601272040754,1.7385185801099823,3.0186774145768425,2.612173712979171,2.1187962364432877,-50.42720015900509
2026-04-15T14:32:15.006,4.002928495581656,4.004473209647728,4.004355192444039,4.003586769317792,-0.03738748244719408,1.830309738535263,2.7957560298297324,2.7219952775242584,2.241730823620003,-50.46734353058993
2026-04-15T14:32:15.131,4.002928495581656,4.004473209647728,4.004355192444039,4.003586769317792,-0.03738748244719408,1.830309738535263,2.7957560298297324,2.7219952775242584,2.241730823620003,-50.46734353058993
2026-04-15T14:32:15.218,4.002928495581656,4.004473209647728,4.004355192444039,4.003586769317792,-0.03738748244719408,1.830309738535263,2.7957560298297324,2.7219952775242584,2.241730823620003,-50.46734353058993
2026-04-15T14:32:15.335,4.003589391922318,4.005349159559557,4.004116535432132,4.003196001243353,-0.03648627931456096,2.2433699514490257,3.3432247247233704,2.5728346450826223,1.9975007770955955,-50.45607849143201
2026-04-15T14:32:15.445,4.003589391922318,4.005349159559557,4.004116535432132,4.003196001243353,-0.03648627931456096,2.2433699514490257,3.3432247247233704,2.5728346450826223,1.9975007770955955,-50.45607849143201
2026-04-15T14:32:15.550,4.003589391922318,4.005349159559557,4.004116535432132,4.003196001243353,-0.03648627931456096,2.2433699514490257,3.3432247247233704,2.5728346450826223,1.9975007770955955,-50.45607849143201
2026-04-15T14:32:15.661,4.003387451373783,4.004989862739436,4.0044128897436195,4.003258943751987,-0.041993078567004245,2.117157108614265,3.1186642121472374,2.7580560897622064,2.0368398449921443,-50.524913482087555
2026-04-15T14:32:15.771,4.003387451373783,4.004989862739436,4.0044128897436195,4.003258943751987,-0.041993078567004245,2.117157108614265,3.1186642121472374,2.7580560897622064,2.0368398449921443,-50.524913482087555
2026-04-15T14:32:15.879,4.003387451373783,4.004989862739436,4.0044128897436195,4.003258943751987,-0.041993078567004245,2.117157108614265,3.1186642121472374,2.7580560897622064,2.0368398449921443,-50.524913482087555
2026-04-15T14:32:15.988,4.003862142793068,4.005155086824601,4.003943443533387,4.003266811565567,-0.030197773477457997,2.413839245667404,3.221929265375678,2.464652208367113,2.041757228479213,-50.37747216846823
2026-04-15T14:32:16.098,4.003862142793068,4.005155086824601,4.003943443533387,4.003266811565567,-0.030197773477457997,2.413839245667404,3.221929265375678,2.464652208367113,2.041757228479213,-50.37747216846823
2026-04-15T14:32:16.207,4.003862142793068,4.005155086824601,4.003943443533387,4.003266811565567,-0.030197773477457997,2.413839245667404,3.221929265375678,2.464652208367113,2.041757228479213,-50.37747216846823
2026-04-15T14:32:16.313,4.002723932428594,4.004858732513114,4.003780842052748,4.003314018447043,-0.03529131383482643,1.7024577678714792,3.036707820696094,2.363026282967695,2.0712615294016246,-50.44114142293533
2026-04-15T14:32:16.423,4.002723932428594,4.004858732513114,4.003780842052748,4.003314018447043,-0.03529131383482643,1.7024577678714792,3.036707820696094,2.363026282967695,2.0712615294016246,-50.44114142293533
2026-04-15T14:32:16.531,4.002723932428594,4.004858732513114,4.003780842052748,4.003314018447043,-0.03529131383482643,1.7024577678714792,3.036707820696094,2.363026282967695,2.0712615294016246,-50.44114142293533
2026-04-15T14:32:16.640,4.003188133429774,4.005092144315967,4.003599882340424,4.002865553073022,-0.03210473922220102,1.9925833936085269,3.1825901974791293,2.249926462765117,1.790970670638714,-50.40130924027751
2026-04-15T14:32:16.748,4.003188133429774,4.005092144315967,4.003599882340424,4.002865553073022,-0.03210473922220102,1.9925833936085269,3.1825901974791293,2.249926462765117,1.790970670638714,-50.40130924027751
2026-04-15T14:32:16.857,4.003188133429774,4.005092144315967,4.003599882340424,4.002865553073022,-0.03210473922220102,1.9925833936085269,3.1825901974791293,2.249926462765117,1.790970670638714,-50.40130924027751
2026-04-15T14:32:16.966,4.003618240572109,4.005257368401132,4.004100799804974,4.003028154553661,-0.030775340125996354,2.2614003575682773,3.28585525070757,2.562999878108485,1.892596596038132,-50.38469175157495
2026-04-15T14:32:17.075,4.003618240572109,4.005257368401132,4.004100799804974,4.003028154553661,-0.030775340125996354,2.2614003575682773,3.28585525070757,2.562999878108485,1.892596596038132,-50.38469175157495
2026-04-15T14:32:17.199,4.003618240572109,4.005257368401132,4.004100799804974,4.003028154553661,-0.030775340125996354,2.2614003575682773,3.28585525070757,2.562999878108485,1.892596596038132,-50.38469175157495
2026-04-15T14:32:17.293,4.002868175677548,4.004777431772794,4.004328966398774,4.003119945712086,-0.031542109642159345,1.792609798467737,2.985894857996385,2.7056039992334746,1.9499660700539323,-50.39427637052699
2026-04-15T14:32:17.418,4.002868175677548,4.004777431772794,4.004328966398774,4.003119945712086,-0.031542109642159345,1.792609798467737,2.985894857996385,2.7056039992334746,1.9499660700539323,-50.39427637052699
2026-04-15T14:32:17.527,4.002868175677548,4.004777431772794,4.004328966398774,4.003119945712086,-0.031542109642159345,1.792609798467737,2.985894857996385,2.7056039992334746,1.9499660700539323,-50.39427637052699
2026-04-15T14:32:17.637,4.00246953978953,4.004976749716803,4.004546642574468,4.0036916734988495,-0.032607620528255964,1.543462368456261,3.110468573002123,2.8416516090423727,2.3072959367809176,-50.4075952566032
2026-04-15T14:32:17.748,4.00246953978953,4.004976749716803,4.004546642574468,4.0036916734988495,-0.032607620528255964,1.543462368456261,3.110468573002123,2.8416516090423727,2.3072959367809176,-50.4075952566032
2026-04-15T14:32:17.857,4.00246953978953,4.004976749716803,4.004546642574468,4.0036916734988495,-0.032607620528255964,1.543462368456261,3.110468573002123,2.8416516090423727,2.3072959367809176,-50.4075952566032
2026-04-15T14:32:17.967,4.003712654335061,4.0049715045077505,4.004378795884776,4.003169775198089,-0.035918670711687056,2.3204089594131005,3.1071903173440774,2.736747427984909,1.9811094988053668,-50.448983383896085
2026-04-15T14:32:18.075,4.003712654335061,4.0049715045077505,4.004378795884776,4.003169775198089,-0.035918670711687056,2.3204089594131005,3.1071903173440774,2.736747427984909,1.9811094988053668,-50.448983383896085
2026-04-15T14:32:18.198,4.003712654335061,4.0049715045077505,4.004378795884776,4.003169775198089,-0.035918670711687056,2.3204089594131005,3.1071903173440774,2.736747427984909,1.9811094988053668,-50.448983383896085
2026-04-15T14:32:18.308,4.002899646931866,4.004688263218895,4.004132271059291,4.003392696582836,-0.03765634968013435,1.8122793324160114,2.9301645118096076,2.5826694120567595,2.1204353642723106,-50.47070437100169
2026-04-15T14:32:18.416,4.002899646931866,4.004688263218895,4.004132271059291,4.003392696582836,-0.03765634968013435,1.8122793324160114,2.9301645118096076,2.5826694120567595,2.1204353642723106,-50.47070437100169
2026-04-15T14:32:18.525,4.002899646931866,4.004688263218895,4.004132271059291,4.003392696582836,-0.03765634968013435,1.8122793324160114,2.9301645118096076,2.5826694120567595,2.1204353642723106,-50.47070437100169
2026-04-15T14:32:18.621,4.003620863176636,4.004378795884776,4.004137516268344,4.003324508865148,-0.04063380533380622,2.2630394853973,2.736747427984909,2.585947667714805,2.077818040717716,-50.50792256667258
2026-04-15T14:32:18.732,4.003620863176636,4.004378795884776,4.004137516268344,4.003324508865148,-0.04063380533380622,2.2630394853973,2.736747427984909,2.585947667714805,2.077818040717716,-50.50792256667258
2026-04-15T14:32:18.850,4.003620863176636,4.004378795884776,4.004137516268344,4.003324508865148,-0.04063380533380622,2.2630394853973,2.736747427984909,2.585947667714805,2.077818040717716,-50.50792256667258
2026-04-15T14:32:18.954,4.003245830729355,4.004685640614369,4.004260778681086,4.002983570276712,-0.044622002622420213,2.02864420584703,2.9285253839805847,2.66298667567888,1.8647314229447431,-50.55777503278025
2026-04-15T14:32:19.065,4.003245830729355,4.004685640614369,4.004260778681086,4.002983570276712,-0.044622002622420213,2.02864420584703,2.9285253839805847,2.66298667567888,1.8647314229447431,-50.55777503278025
2026-04-15T14:32:19.179,4.003245830729355,4.004685640614369,4.004260778681086,4.002983570276712,-0.044622002622420213,2.02864420584703,2.9285253839805847,2.66298667567888,1.8647314229447431,-50.55777503278025
2026-04-15T14:32:19.283,4.003172397802615,4.004546642574468,4.00436830546667,4.0031514169664035,-0.0392944481919371,1.9827486266343897,2.8416516090423727,2.7301909166688176,1.9696356040022067,-50.49118060239921
2026-04-15T14:32:19.396,4.003172397802615,4.004546642574468,4.00436830546667,4.0031514169664035,-0.0392944481919371,1.9827486266343897,2.8416516090423727,2.7301909166688176,1.9696356040022067,-50.49118060239921
2026-04-15T14:32:19.505,4.003172397802615,4.004546642574468,4.00436830546667,4.0031514169664035,-0.0392944481919371,1.9827486266343897,2.8416516090423727,2.7301909166688176,1.9696356040022067,-50.49118060239921
2026-04-15T14:32:19.616,4.003605127549477,4.00490593939459,4.004376173280249,4.0032353403112495,-0.041236267096505706,2.253204718423163,3.0662121216185056,2.7351083001558862,2.0220876945309385,-50.515453338706315
2026-04-15T14:32:19.724,4.003605127549477,4.00490593939459,4.004376173280249,4.0032353403112495,-0.041236267096505706,2.253204718423163,3.0662121216185056,2.7351083001558862,2.0220876945309385,-50.515453338706315
2026-04-15T14:32:19.830,4.003605127549477,4.00490593939459,4.004376173280249,4.0032353403112495,-0.041236267096505706,2.253204718423163,3.0662121216185056,2.7351083001558862,2.0220876945309385,-50.515453338706315
2026-04-15T14:32:19.938,4.003324508865148,4.005042314829964,4.0043709280711965,4.002983570276712,-0.03892600050235229,2.077818040717716,3.151446768727695,2.7318300444978405,1.8647314229447431,-50.4865750062794
2026-04-15T14:32:20.047,4.003324508865148,4.005042314829964,4.0043709280711965,4.002983570276712,-0.03892600050235229,2.077818040717716,3.151446768727695,2.7318300444978405,1.8647314229447431,-50.4865750062794
2026-04-15T14:32:20.157,4.003324508865148,4.005042314829964,4.0043709280711965,4.002983570276712,-0.03892600050235229,2.077818040717716,3.151446768727695,2.7318300444978405,1.8647314229447431,-50.4865750062794
2026-04-15T14:32:20.266,4.003098964875875,4.004696131032475,4.003969669578652,4.003342867096833,-0.037253048830723945,1.9368530474217494,2.935081895296676,2.4810434866573416,2.089291935520876,-50.46566311038405
2026-04-15T14:32:20.374,4.003098964875875,4.004696131032475,4.003969669578652,4.003342867096833,-0.037253048830723945,1.9368530474217494,2.935081895296676,2.4810434866573416,2.089291935520876,-50.46566311038405
2026-04-15T14:32:20.483,4.003098964875875,4.004696131032475,4.003969669578652,4.003342867096833,-0.037253048830723945,1.9368530474217494,2.935081895296676,2.4810434866573416,2.089291935520876,-50.46566311038405
2026-04-15T14:32:20.592,4.003557920668001,4.004504680902045,4.004426002766252,4.003565788481581,-0.03997159529712,2.2237004175007513,2.815425563778007,2.7662517289073207,2.228617800988375,-50.499644941213994
2026-04-15T14:32:20.701,4.003557920668001,4.004504680902045,4.004426002766252,4.003565788481581,-0.03997159529712,2.2237004175007513,2.815425563778007,2.7662517289073207,2.228617800988375,-50.499644941213994
2026-04-15T14:32:20.812,4.003557920668001,4.004504680902045,4.004426002766252,4.003565788481581,-0.03997159529712,2.2237004175007513,2.815425563778007,2.7662517289073207,2.228617800988375,-50.499644941213994
2026-04-15T14:32:20.920,4.003051757994399,4.004585981642364,4.004336834212353,4.002765894101017,-0.04151011335227821,1.9073487464993377,2.8662385264777157,2.710521382720543,1.728683813135845,-50.51887641690348
2026-04-15T14:32:21.028,4.003051757994399,4.004585981642364,4.004336834212353,4.002765894101017,-0.04151011335227821,1.9073487464993377,2.8662385264777157,2.710521382720543,1.728683813135845,-50.51887641690348
2026-04-15T14:32:21.138,4.003051757994399,4.004585981642364,4.004336834212353,4.002765894101017,-0.04151011335227821,1.9073487464993377,2.8662385264777157,2.710521382720543,1.728683813135845,-50.51887641690348
2026-04-15T14:32:21.247,4.00330877323799,4.005141973801969,4.004410267139093,4.002466917185004,-0.0373177761275429,2.067983273743579,3.213733626230564,2.7564169619331835,1.541823240627238,-50.46647220159428
2026-04-15T14:32:21.358,4.00330877323799,4.005141973801969,4.004410267139093,4.002466917185004,-0.0373177761275429,2.067983273743579,3.213733626230564,2.7564169619331835,1.541823240627238,-50.46647220159428
2026-04-15T14:32:21.465,4.00330877323799,4.005141973801969,4.004410267139093,4.002466917185004,-0.0373177761275429,2.067983273743579,3.213733626230564,2.7564169619331835,1.541823240627238,-50.46647220159428
2026-04-15T14:32:21.575,4.002973079858606,4.005107879943125,4.004234552635822,4.003159284779983,-0.03518675435534965,1.8581749116286517,3.1924249644532665,2.6465953973886513,1.9745529874892753,-50.439834429441866
2026-04-15T14:32:21.684,4.002973079858606,4.005107879943125,4.004234552635822,4.003159284779983,-0.03518675435534965,1.8581749116286517,3.1924249644532665,2.6465953973886513,1.9745529874892753,-50.439834429441866
2026-04-15T14:32:21.824,4.002973079858606,4.005107879943125,4.004234552635822,4.003159284779983,-0.03518675435534965,1.8581749116286517,3.1924249644532665,2.6465953973886513,1.9745529874892753,-50.439834429441866
2026-04-15T14:32:21.923,4.00352907201821,4.005065918270702,4.004551887783521,4.003214359475038,-0.04588667442180592,2.2056700113814998,3.1661989191889006,2.8449298647004184,2.0089746718987556,-50.57358343027257
2026-04-15T14:32:22.027,4.00352907201821,4.005065918270702,4.004551887783521,4.003214359475038,-0.04588667442180592,2.2056700113814998,3.1661989191889006,2.8449298647004184,2.0089746718987556,-50.57358343027257
2026-04-15T14:32:22.148,4.00352907201821,4.005065918270702,4.004551887783521,4.003214359475038,-0.04588667442180592,2.2056700113814998,3.1661989191889006,2.8449298647004184,2.0089746718987556,-50.57358343027257
2026-04-15T14:32:22.260,4.003408432209994,4.004693508427948,4.003833294143277,4.003114700503033,-0.03949360910522619,2.130270131246448,2.9334427674676533,2.3958088395481525,1.9466878143958866,-50.49367011381533
2026-04-15T14:32:22.369,4.003408432209994,4.004693508427948,4.003833294143277,4.003114700503033,-0.03949360910522619,2.130270131246448,2.9334427674676533,2.3958088395481525,1.9466878143958866,-50.49367011381533
2026-04-15T14:32:22.479,4.003408432209994,4.004693508427948,4.003833294143277,4.003114700503033,-0.03949360910522619,2.130270131246448,2.9334427674676533,2.3958088395481525,1.9466878143958866,-50.49367011381533
2026-04-15T14:32:22.590,4.002747535869332,4.004418134952672,4.004879713349325,4.003253698542935,-0.04069853263062517,1.717209918332685,2.761334345420252,3.049820843328277,2.0335615893340986,-50.50873165788281
2026-04-15T14:32:22.699,4.002747535869332,4.004418134952672,4.004879713349325,4.003253698542935,-0.04069853263062517,1.717209918332685,2.761334345420252,3.049820843328277,2.0335615893340986,-50.50873165788281
2026-04-15T14:32:22.822,4.002747535869332,4.004418134952672,4.004879713349325,4.003253698542935,-0.04069853263062517,1.717209918332685,2.761334345420252,3.049820843328277,2.0335615893340986,-50.50873165788281
2026-04-15T14:32:22.932,4.003411054814521,4.004452228811516,4.0042083265905575,4.002912759954498,-0.0417640435167218,2.1319092590754707,2.7826430071975494,2.6302041190984227,1.8204749715611257,-50.52205054395902
2026-04-15T14:32:23.039,4.003411054814521,4.004452228811516,4.0042083265905575,4.002912759954498,-0.0417640435167218,2.1319092590754707,2.7826430071975494,2.6302041190984227,1.8204749715611257,-50.52205054395902
2026-04-15T14:32:23.149,4.003411054814521,4.004452228811516,4.0042083265905575,4.002912759954498,-0.0417640435167218,2.1319092590754707,2.7826430071975494,2.6302041190984227,1.8204749715611257,-50.52205054395902
2026-04-15T14:32:23.257,4.003445148673364,4.004903316790063,4.0040640833416035,4.003143549152824,-0.04158977771759384,2.153217920852768,3.064572993789483,2.540052088502165,1.9647182205151381,-50.51987222146992
2026-04-15T14:32:23.366,4.003445148673364,4.004903316790063,4.0040640833416035,4.003143549152824,-0.04158977771759384,2.153217920852768,3.064572993789483,2.540052088502165,1.9647182205151381,-50.51987222146992
2026-04-15T14:32:23.474,4.003445148673364,4.004903316790063,4.0040640833416035,4.003143549152824,-0.04158977771759384,2.153217920852768,3.064572993789483,2.540052088502165,1.9647182205151381,-50.51987222146992
2026-04-15T14:32:23.583,4.002781629728176,4.004829883863323,4.004229307426769,4.003140926548298,-0.04518961122529411,1.7385185801099823,3.0186774145768425,2.6433171417306056,1.9630790926861152,-50.564870140316174
2026-04-15T14:32:23.693,4.002781629728176,4.004829883863323,4.004229307426769,4.003140926548298,-0.04518961122529411,1.7385185801099823,3.0186774145768425,2.6433171417306056,1.9630790926861152,-50.564870140316174
2026-04-15T14:32:23.801,4.002781629728176,4.004829883863323,4.004229307426769,4.003140926548298,-0.04518961122529411,1.7385185801099823,3.0186774145768425,2.6433171417306056,1.9630790926861152,-50.564870140316174
2026-04-15T14:32:23.910,4.003717899544114,4.005144596406495,4.004491567879413,4.002813100982493,-0.049909724870245496,2.3236872150711463,3.2153727540595867,2.8072299246328924,1.7581881140582567,-50.623871560878065
2026-04-15T14:32:24.019,4.003717899544114,4.005144596406495,4.004491567879413,4.002813100982493,-0.049909724870245496,2.3236872150711463,3.2153727540595867,2.8072299246328924,1.7581881140582567,-50.623871560878065
2026-04-15T14:32:24.130,4.003717899544114,4.005144596406495,4.004491567879413,4.002813100982493,-0.049909724870245496,2.3236872150711463,3.2153727540595867,2.8072299246328924,1.7581881140582567,-50.623871560878065
2026-04-15T14:32:24.238,4.004003763437495,4.005147219011022,4.004391908907408,4.003085851853243,-0.045946422695792646,2.502352148434639,3.2170118818886095,2.7449430671300235,1.928657408276635,-50.574330283697414
2026-04-15T14:32:24.346,4.004003763437495,4.005147219011022,4.004391908907408,4.003085851853243,-0.045946422695792646,2.502352148434639,3.2170118818886095,2.7449430671300235,1.928657408276635,-50.574330283697414
2026-04-15T14:32:24.455,4.004003763437495,4.005147219011022,4.004391908907408,4.003085851853243,-0.045946422695792646,2.502352148434639,3.2170118818886095,2.7449430671300235,1.928657408276635,-50.574330283697414
2026-04-15T14:32:24.564,4.003731012566746,4.004465341834148,4.00414800668645,4.003686428289797,-0.04241629550774356,2.3318828542162606,2.7908386463426638,2.592504179031452,2.304017681122872,-50.5302036938468
2026-04-15T14:32:24.674,4.003731012566746,4.004465341834148,4.00414800668645,4.003686428289797,-0.04241629550774356,2.3318828542162606,2.7908386463426638,2.592504179031452,2.304017681122872,-50.5302036938468
2026-04-15T14:32:24.783,4.003731012566746,4.004465341834148,4.00414800668645,4.003686428289797,-0.04241629550774356,2.3318828542162606,2.7908386463426638,2.592504179031452,2.304017681122872,-50.5302036938468
2026-04-15T14:32:24.891,4.003654957035479,4.0049715045077505,4.004187345754346,4.003135681339245,-0.05110469034998003,2.2843481471745974,3.1071903173440774,2.6170910964662397,1.9598008370280695,-50.63880862937475
2026-04-15T14:32:25.001,4.003654957035479,4.0049715045077505,4.004187345754346,4.003135681339245,-0.05110469034998003,2.2843481471745974,3.1071903173440774,2.6170910964662397,1.9598008370280695,-50.63880862937475
2026-04-15T14:32:25.110,4.003654957035479,4.0049715045077505,4.004187345754346,4.003135681339245,-0.05110469034998003,2.2843481471745974,3.1071903173440774,2.6170910964662397,1.9598008370280695,-50.63880862937475
2026-04-15T14:32:25.218,4.003400564396415,4.005147219011022,4.0044968130884655,4.003114700503033,-0.05273780983895055,2.125352747759379,3.2170118818886095,2.810508180290938,1.9466878143958866,-50.659222622986874
2026-04-15T14:32:25.328,4.003400564396415,4.005147219011022,4.0044968130884655,4.003114700503033,-0.05273780983895055,2.125352747759379,3.2170118818886095,2.810508180290938,1.9466878143958866,-50.659222622986874
2026-04-15T14:32:25.438,4.003400564396415,4.005147219011022,4.0044968130884655,4.003114700503033,-0.05273780983895055,2.125352747759379,3.2170118818886095,2.810508180290938,1.9466878143958866,-50.659222622986874
2026-04-15T14:32:25.548,4.003366470537571,4.004688263218895,4.004163742313608,4.0029468538133415,-0.041300994393324665,2.104044085982082,2.9301645118096076,2.602338946005034,1.841783633338423,-50.51626242991656
2026-04-15T14:32:25.658,4.003366470537571,4.004688263218895,4.004163742313608,4.0029468538133415,-0.041300994393324665,2.104044085982082,2.9301645118096076,2.602338946005034,1.841783633338423,-50.51626242991656
2026-04-15T14:32:25.766,4.003366470537571,4.004688263218895,4.004163742313608,4.0029468538133415,-0.041300994393324665,2.104044085982082,2.9301645118096076,2.602338946005034,1.841783633338423,-50.51626242991656
2026-04-15T14:32:25.874,4.0037336351712725,4.004900694185537,4.004502058297518,4.002899646931866,-0.04136074266731139,2.3335219820452835,3.06293386596046,2.813786435948984,1.8122793324160114,-50.517009283341395
2026-04-15T14:32:25.985,4.0037336351712725,4.004900694185537,4.004502058297518,4.002899646931866,-0.04136074266731139,2.3335219820452835,3.06293386596046,2.813786435948984,1.8122793324160114,-50.517009283341395
2026-04-15T14:32:26.096,4.0037336351712725,4.004900694185537,4.004502058297518,4.002899646931866,-0.04136074266731139,2.3335219820452835,3.06293386596046,2.813786435948984,1.8122793324160114,-50.517009283341395
2026-04-15T14:32:26.204,4.003804445493486,4.004769563959215,4.003930330510755,4.003350734910413,-0.04698703846772813,2.377778433428901,2.9809774745093165,2.4564565692219986,2.0942093190079447,-50.587337980846605
2026-04-15T14:32:26.312,4.003804445493486,4.004769563959215,4.003930330510755,4.003350734910413,-0.04698703846772813,2.377778433428901,2.9809774745093165,2.4564565692219986,2.0942093190079447,-50.587337980846605
2026-04-15T14:32:26.421,4.003804445493486,4.004769563959215,4.003930330510755,4.003350734910413,-0.04698703846772813,2.377778433428901,2.9809774745093165,2.4564565692219986,2.0942093190079447,-50.587337980846605
2026-04-15T14:32:26.531,4.003571033690633,4.005120992965757,4.0043315890033,4.002312183517944,-0.0417092742655673,2.2318960566458657,3.200620603598381,2.7072431270624975,1.4451146987148888,-50.5213659283196
2026-04-15T14:32:26.640,4.003571033690633,4.005120992965757,4.0043315890033,4.002312183517944,-0.0417092742655673,2.2318960566458657,3.200620603598381,2.7072431270624975,1.4451146987148888,-50.5213659283196
2026-04-15T14:32:26.748,4.003571033690633,4.005120992965757,4.0043315890033,4.002312183517944,-0.0417092742655673,2.2318960566458657,3.200620603598381,2.7072431270624975,1.4451146987148888,-50.5213659283196
2026-04-15T14:32:26.858,4.003285169797252,4.00482463865427,4.004732847495845,4.003201246452406,-0.038418140173465114,2.053231123282373,3.0153991589187967,2.9580296849029963,2.000779032753641,-50.48022675216831
2026-04-15T14:32:26.966,4.003285169797252,4.00482463865427,4.004732847495845,4.003201246452406,-0.038418140173465114,2.053231123282373,3.0153991589187967,2.9580296849029963,2.000779032753641,-50.48022675216831
2026-04-15T14:32:27.089,4.003285169797252,4.00482463865427,4.004732847495845,4.003201246452406,-0.038418140173465114,2.053231123282373,3.0153991589187967,2.9580296849029963,2.000779032753641,-50.48022675216831
2026-04-15T14:32:27.199,4.002980947672185,4.004433870579831,4.0044784548567804,4.002689838569751,-0.035963481917177104,1.8630922951157203,2.7711691123943893,2.799034285487778,1.6811491060941819,-50.449543523964714
2026-04-15T14:32:27.293,4.002980947672185,4.004433870579831,4.0044784548567804,4.002689838569751,-0.035963481917177104,1.8630922951157203,2.7711691123943893,2.799034285487778,1.6811491060941819,-50.449543523964714
2026-04-15T14:32:27.403,4.002980947672185,4.004433870579831,4.0044784548567804,4.002689838569751,-0.035963481917177104,1.8630922951157203,2.7711691123943893,2.799034285487778,1.6811491060941819,-50.449543523964714
2026-04-15T14:32:27.513,4.003106832689454,4.004932165439854,4.004460096625095,4.002784252332702,-0.05523727930072861,1.941770430908818,3.0826033999087343,2.787560390684618,1.7401577079390051,-50.6904659912591
2026-04-15T14:32:27.623,4.003106832689454,4.004932165439854,4.004460096625095,4.002784252332702,-0.05523727930072861,1.941770430908818,3.0826033999087343,2.787560390684618,1.7401577079390051,-50.6904659912591
2026-04-15T14:32:27.732,4.003106832689454,4.004932165439854,4.004460096625095,4.002784252332702,-0.05523727930072861,1.941770430908818,3.0826033999087343,2.787560390684618,1.7401577079390051,-50.6904659912591
2026-04-15T14:32:27.842,4.002918005163551,4.0046226981057345,4.004111290223079,4.002899646931866,-0.03608297846515055,1.8237532272191714,2.889186316084036,2.5695563894245765,1.8122793324160114,-50.45103723081438
2026-04-15T14:32:27.951,4.002918005163551,4.0046226981057345,4.004111290223079,4.002899646931866,-0.03608297846515055,1.8237532272191714,2.889186316084036,2.5695563894245765,1.8122793324160114,-50.45103723081438
2026-04-15T14:32:28.061,4.002918005163551,4.0046226981057345,4.004111290223079,4.002899646931866,-0.03608297846515055,1.8237532272191714,2.889186316084036,2.5695563894245765,1.8122793324160114,-50.45103723081438
2026-04-15T14:32:28.171,4.0031750204071415,4.004648924150999,4.004399776720987,4.002726555033121,-0.05294194977507187,1.9843877544634125,2.9055775943742645,2.749860450617092,1.704096895700502,-50.6617743721884
2026-04-15T14:32:28.278,4.0031750204071415,4.004648924150999,4.004399776720987,4.002726555033121,-0.05294194977507187,1.9843877544634125,2.9055775943742645,2.749860450617092,1.704096895700502,-50.6617743721884
2026-04-15T14:32:28.401,4.0031750204071415,4.004648924150999,4.004399776720987,4.002726555033121,-0.05294194977507187,1.9843877544634125,2.9055775943742645,2.749860450617092,1.704096895700502,-50.6617743721884
2026-04-15T14:32:28.510,4.003846407165909,4.0047852995863735,4.004336834212353,4.003694296103376,-0.04666340198363336,2.404004478693267,2.9908122414834537,2.710521382720543,2.3089350646099405,-50.58329252479542
2026-04-15T14:32:28.618,4.003846407165909,4.0047852995863735,4.004336834212353,4.003694296103376,-0.04666340198363336,2.404004478693267,2.9908122414834537,2.710521382720543,2.3089350646099405,-50.58329252479542
2026-04-15T14:32:28.721,4.003846407165909,4.0047852995863735,4.004336834212353,4.003694296103376,-0.04666340198363336,2.404004478693267,2.9908122414834537,2.710521382720543,2.3089350646099405,-50.58329252479542
2026-04-15T14:32:28.837,4.003678560476217,4.005443573322509,4.0040640833416035,4.0039985182284425,-0.04237646332508574,2.2991002976358033,3.4022333265681937,2.540052088502165,2.499073892776593,-50.52970579156357
2026-04-15T14:32:28.945,4.003678560476217,4.005443573322509,4.0040640833416035,4.0039985182284425,-0.04237646332508574,2.2991002976358033,3.4022333265681937,2.540052088502165,2.499073892776593,-50.52970579156357
2026-04-15T14:32:29.056,4.003678560476217,4.005443573322509,4.0040640833416035,4.0039985182284425,-0.04237646332508574,2.2991002976358033,3.4022333265681937,2.540052088502165,2.499073892776593,-50.52970579156357
2026-04-15T14:32:29.178,4.003397941791889,4.005291462259976,4.004171610127187,4.00357365629516,-0.04486597474119934,2.1237136199303563,3.3071639124848673,2.6072563294921025,2.2335351844748885,-50.56082468426499
2026-04-15T14:32:29.274,4.003397941791889,4.005291462259976,4.004171610127187,4.00357365629516,-0.04486597474119934,2.1237136199303563,3.3071639124848673,2.6072563294921025,2.2335351844748885,-50.56082468426499
2026-04-15T14:32:29.383,4.003397941791889,4.005291462259976,4.004171610127187,4.00357365629516,-0.04486597474119934,2.1237136199303563,3.3071639124848673,2.6072563294921025,2.2335351844748885,-50.56082468426499
2026-04-15T14:32:29.491,4.003243208124829,4.005372763000295,4.003943443533387,4.003311395842516,-0.05450536294439121,2.027005078018007,3.357976875184576,2.464652208367113,2.0696224015726017,-50.681317036804884
2026-04-15T14:32:29.599,4.003243208124829,4.005372763000295,4.003943443533387,4.003311395842516,-0.05450536294439121,2.027005078018007,3.357976875184576,2.464652208367113,2.0696224015726017,-50.681317036804884
2026-04-15T14:32:29.707,4.003243208124829,4.005372763000295,4.003943443533387,4.003311395842516,-0.05450536294439121,2.027005078018007,3.357976875184576,2.464652208367113,2.0696224015726017,-50.681317036804884
2026-04-15T14:32:29.816,4.003243208124829,4.004987240134909,4.0043525698395115,4.003332376678728,-0.04325775036638996,2.027005078018007,3.1170250843182146,2.7203561496946804,2.0827354242047846,-50.54072187957988
2026-04-15T14:32:29.925,4.003243208124829,4.004987240134909,4.0043525698395115,4.003332376678728,-0.04325775036638996,2.027005078018007,3.1170250843182146,2.7203561496946804,2.0827354242047846,-50.54072187957988
2026-04-15T14:32:30.033,4.003243208124829,4.004987240134909,4.0043525698395115,4.003332376678728,-0.04325775036638996,2.027005078018007,3.1170250843182146,2.7203561496946804,2.0827354242047846,-50.54072187957988
2026-04-15T14:32:30.144,4.003004551112923,4.004606962478576,4.004389286302882,4.003085851853243,-0.03336941102158673,1.877844445576926,2.8793515491098987,2.7433039393010006,1.928657408276635,-50.417117637769834
2026-04-15T14:32:30.253,4.003004551112923,4.004606962478576,4.004389286302882,4.003085851853243,-0.03336941102158673,1.877844445576926,2.8793515491098987,2.7433039393010006,1.928657408276635,-50.417117637769834
2026-04-15T14:32:30.362,4.003004551112923,4.004606962478576,4.004389286302882,4.003085851853243,-0.03336941102158673,1.877844445576926,2.8793515491098987,2.7433039393010006,1.928657408276635,-50.417117637769834
2026-04-15T14:32:30.469,4.003316641051569,4.005005598366594,4.004431247975305,4.0026767255471185,-0.04115162370835785,2.0729006572306474,3.1284989791213746,2.7695299845653665,1.6729534669490675,-50.51439529635447
2026-04-15T14:32:30.578,4.003316641051569,4.005005598366594,4.004431247975305,4.0026767255471185,-0.04115162370835785,2.0729006572306474,3.1284989791213746,2.7695299845653665,1.6729534669490675,-50.51439529635447
2026-04-15T14:32:30.687,4.003316641051569,4.005005598366594,4.004431247975305,4.0026767255471185,-0.04115162370835785,2.0729006572306474,3.1284989791213746,2.7695299845653665,1.6729534669490675,-50.51439529635447
2026-04-15T14:32:30.795,4.003518581600105,4.0050160887847,4.004667282382684,4.002991438090291,-0.04051928780866499,2.1991135000654083,3.135055490437466,2.9170514891774246,1.8696488064318117,-50.50649109760831
2026-04-15T14:32:30.907,4.003518581600105,4.0050160887847,4.004667282382684,4.002991438090291,-0.04051928780866499,2.1991135000654083,3.135055490437466,2.9170514891774246,1.8696488064318117,-50.50649109760831
2026-04-15T14:32:31.016,4.003518581600105,4.0050160887847,4.004667282382684,4.002991438090291,-0.04051928780866499,2.1991135000654083,3.135055490437466,2.9170514891774246,1.8696488064318117,-50.50649109760831
2026-04-15T14:32:31.125,4.003453016486944,4.004908561999116,4.004153251895502,4.002301693099838,-0.04629993331688077,2.1581353043398366,3.0678512494475285,2.5957824346889424,1.4385581873987974,-50.57874916646101
2026-04-15T14:32:31.236,4.003453016486944,4.004908561999116,4.004153251895502,4.002301693099838,-0.04629993331688077,2.1581353043398366,3.0678512494475285,2.5957824346889424,1.4385581873987974,-50.57874916646101
2026-04-15T14:32:31.344,4.003453016486944,4.004908561999116,4.004153251895502,4.002301693099838,-0.04629993331688077,2.1581353043398366,3.0678512494475285,2.5957824346889424,1.4385581873987974,-50.57874916646101
2026-04-15T14:32:31.453,4.003167152593562,4.005412102068192,4.0044128897436195,4.0029232503726035,-0.0428444914713151,1.979470370976344,3.3825637926199192,2.7580560897622064,1.8270314828772172,-50.53555614339144
2026-04-15T14:32:31.561,4.003167152593562,4.005412102068192,4.0044128897436195,4.0029232503726035,-0.0428444914713151,1.979470370976344,3.3825637926199192,2.7580560897622064,1.8270314828772172,-50.53555614339144
2026-04-15T14:32:31.672,4.003167152593562,4.005412102068192,4.0044128897436195,4.0029232503726035,-0.0428444914713151,1.979470370976344,3.3825637926199192,2.7580560897622064,1.8270314828772172,-50.53555614339144
2026-04-15T14:32:31.779,4.00352907201821,4.005123615570284,4.004260778681086,4.002891779118286,-0.04976035418527869,2.2056700113814998,3.2022597314274037,2.66298667567888,1.8073619489289428,-50.62200442731598
2026-04-15T14:32:31.887,4.00352907201821,4.005123615570284,4.004260778681086,4.002891779118286,-0.04976035418527869,2.2056700113814998,3.2022597314274037,2.66298667567888,1.8073619489289428,-50.62200442731598
2026-04-15T14:32:31.996,4.00352907201821,4.005123615570284,4.004260778681086,4.002891779118286,-0.04976035418527869,2.2056700113814998,3.2022597314274037,2.66298667567888,1.8073619489289428,-50.62200442731598
2026-04-15T14:32:32.106,4.003327131469675,4.00444173839341,4.0041663649181345,4.002944231208815,-0.04772891286972998,2.079457168546739,2.776086495881458,2.6039780738340568,1.8401445055094001,-50.59661141087163
2026-04-15T14:32:32.216,4.003327131469675,4.00444173839341,4.0041663649181345,4.002944231208815,-0.04772891286972998,2.079457168546739,2.776086495881458,2.6039780738340568,1.8401445055094001,-50.59661141087163
2026-04-15T14:32:32.326,4.003327131469675,4.00444173839341,4.0041663649181345,4.002944231208815,-0.04772891286972998,2.079457168546739,2.776086495881458,2.6039780738340568,1.8401445055094001,-50.59661141087163
2026-04-15T14:32:32.437,4.003038644971767,4.004520416529203,4.00429487253993,4.003316641051569,-0.04754468902493758,1.8991531073542234,2.825260330752144,2.6842953374561773,2.0729006572306474,-50.59430861281172
2026-04-15T14:32:32.544,4.003038644971767,4.004520416529203,4.00429487253993,4.003316641051569,-0.04754468902493758,1.8991531073542234,2.825260330752144,2.6842953374561773,2.0729006572306474,-50.59430861281172
2026-04-15T14:32:32.656,4.003038644971767,4.004520416529203,4.00429487253993,4.003316641051569,-0.04754468902493758,1.8991531073542234,2.825260330752144,2.6842953374561773,2.0729006572306474,-50.59430861281172
2026-04-15T14:32:32.767,4.003104210084929,4.005136728592916,4.004457474020569,4.002765894101017,-0.04567257644002015,1.9401313030803502,3.210455370572518,2.785921262855595,1.728683813135845,-50.57090720550025
2026-04-15T14:32:32.876,4.003104210084929,4.005136728592916,4.004457474020569,4.002765894101017,-0.04567257644002015,1.9401313030803502,3.210455370572518,2.785921262855595,1.728683813135845,-50.57090720550025
2026-04-15T14:32:32.984,4.003104210084929,4.005136728592916,4.004457474020569,4.002765894101017,-0.04567257644002015,1.9401313030803502,3.210455370572518,2.785921262855595,1.728683813135845,-50.57090720550025
2026-04-15T14:32:33.095,4.0029048921409185,4.004525661738256,4.004748583123003,4.003492355554841,-0.04830150049543611,1.815557588074057,2.8285385864101897,2.9678644518771335,2.1827222217757347,-50.60376875619295
2026-04-15T14:32:33.204,4.0029048921409185,4.004525661738256,4.004748583123003,4.003492355554841,-0.04830150049543611,1.815557588074057,2.8285385864101897,2.9678644518771335,2.1827222217757347,-50.60376875619295
2026-04-15T14:32:33.313,4.0029048921409185,4.004525661738256,4.004748583123003,4.003492355554841,-0.04830150049543611,1.815557588074057,2.8285385864101897,2.9678644518771335,2.1827222217757347,-50.60376875619295
2026-04-15T14:32:33.423,4.003780842052748,4.00543570550893,4.004777431772794,4.002640009083748,-0.04644432497901537,2.363026282967695,3.397315943081125,2.985894857996385,1.6500056773427474,-50.580554062237695
2026-04-15T14:32:33.532,4.003780842052748,4.00543570550893,4.004777431772794,4.002640009083748,-0.04644432497901537,2.363026282967695,3.397315943081125,2.985894857996385,1.6500056773427474,-50.580554062237695
2026-04-15T14:32:33.640,4.003780842052748,4.00543570550893,4.004777431772794,4.002640009083748,-0.04644432497901537,2.363026282967695,3.397315943081125,2.985894857996385,1.6500056773427474,-50.580554062237695
2026-04-15T14:32:33.749,4.0030910970622955,4.00505280524807,4.004334211607826,4.002878666095654,-0.04746502465962195,1.9319356639346807,3.1580032800437863,2.7088822548915203,1.7991663097838284,-50.59331280824527
2026-04-15T14:32:33.859,4.0030910970622955,4.00505280524807,4.004334211607826,4.002878666095654,-0.04746502465962195,1.9319356639346807,3.1580032800437863,2.7088822548915203,1.7991663097838284,-50.59331280824527
2026-04-15T14:32:33.968,4.0030910970622955,4.00505280524807,4.004334211607826,4.002878666095654,-0.04746502465962195,1.9319356639346807,3.1580032800437863,2.7088822548915203,1.7991663097838284,-50.59331280824527
2026-04-15T14:32:34.077,4.00322747249767,4.005225897146815,4.004127025850238,4.0023646356084726,-0.050293109628327,2.01717031104387,3.2661857167592956,2.5793911563987137,1.4778972552953462,-50.62866387035408
2026-04-15T14:32:34.199,4.00322747249767,4.005225897146815,4.004127025850238,4.0023646356084726,-0.050293109628327,2.01717031104387,3.2661857167592956,2.5793911563987137,1.4778972552953462,-50.62866387035408
2026-04-15T14:32:34.309,4.00322747249767,4.005225897146815,4.004127025850238,4.0023646356084726,-0.050293109628327,2.01717031104387,3.2661857167592956,2.5793911563987137,1.4778972552953462,-50.62866387035408
2026-04-15T14:32:34.419,4.0027370454512265,4.004968881903224,4.003749370798431,4.0030438901808205,-0.054684607766351395,1.7106534070165935,3.1055511895150545,2.3433567490194207,1.9024313630128242,-50.683557597079385
2026-04-15T14:32:34.528,4.0027370454512265,4.004968881903224,4.003749370798431,4.0030438901808205,-0.054684607766351395,1.7106534070165935,3.1055511895150545,2.3433567490194207,1.9024313630128242,-50.683557597079385
2026-04-15T14:32:34.651,4.0027370454512265,4.004968881903224,4.003749370798431,4.0030438901808205,-0.054684607766351395,1.7106534070165935,3.1055511895150545,2.3433567490194207,1.9024313630128242,-50.683557597079385
2026-04-15T14:32:34.760,4.003592014526845,4.005254745796606,4.004011631251075,4.002729177637647,-0.05127895614910798,2.2450090792780486,3.284216122878547,2.5072695319217075,1.705736023529525,-50.64098695186385
2026-04-15T14:32:34.867,4.003592014526845,4.005254745796606,4.004011631251075,4.002729177637647,-0.05127895614910798,2.2450090792780486,3.284216122878547,2.5072695319217075,1.705736023529525,-50.64098695186385
2026-04-15T14:32:34.976,4.003592014526845,4.005254745796606,4.004011631251075,4.002729177637647,-0.05127895614910798,2.2450090792780486,3.284216122878547,2.5072695319217075,1.705736023529525,-50.64098695186385
2026-04-15T14:32:35.086,4.003786087261801,4.0050134661801735,4.004502058297518,4.003088474457769,-0.048460829226067384,2.366304538625741,3.1334163626084433,2.813786435948984,1.9302965361056579,-50.60576036532585
2026-04-15T14:32:35.195,4.003786087261801,4.0050134661801735,4.004502058297518,4.003088474457769,-0.048460829226067384,2.366304538625741,3.1334163626084433,2.813786435948984,1.9302965361056579,-50.60576036532585
2026-04-15T14:32:35.304,4.003786087261801,4.0050134661801735,4.004502058297518,4.003088474457769,-0.048460829226067384,2.366304538625741,3.1334163626084433,2.813786435948984,1.9302965361056579,-50.60576036532585
2026-04-15T14:32:35.413,4.003741502984852,4.00517082245176,4.004287004726351,4.002784252332702,-0.04727582179199731,2.338439365532352,3.2317640323498154,2.6793779539691087,1.7401577079390051,-50.590947772399964
2026-04-15T14:32:35.523,4.003741502984852,4.00517082245176,4.004287004726351,4.002784252332702,-0.04727582179199731,2.338439365532352,3.2317640323498154,2.6793779539691087,1.7401577079390051,-50.590947772399964
2026-04-15T14:32:35.625,4.003741502984852,4.00517082245176,4.004287004726351,4.002784252332702,-0.04727582179199731,2.338439365532352,3.2317640323498154,2.6793779539691087,1.7401577079390051,-50.590947772399964
2026-04-15T14:32:35.745,4.0040640833416035,4.005296707469029,4.004662037173631,4.002836704423232,-0.050308046696823684,2.540052088502165,3.310442168142913,2.913773233519379,1.7729402645200176,-50.628850583710296
2026-04-15T14:32:35.852,4.0040640833416035,4.005296707469029,4.004662037173631,4.002836704423232,-0.050308046696823684,2.540052088502165,3.310442168142913,2.913773233519379,1.7729402645200176,-50.628850583710296
2026-04-15T14:32:35.965,4.0040640833416035,4.005296707469029,4.004662037173631,4.002836704423232,-0.050308046696823684,2.540052088502165,3.310442168142913,2.913773233519379,1.7729402645200176,-50.628850583710296
2026-04-15T14:32:36.089,4.003445148673364,4.005173445056286,4.004085064177815,4.0029652120450265,-0.051562760450544934,2.153217920852768,3.233403160178838,2.553165111134348,1.853257528141583,-50.64453450563181
2026-04-15T14:32:36.197,4.003445148673364,4.005173445056286,4.004085064177815,4.0029652120450265,-0.051562760450544934,2.153217920852768,3.233403160178838,2.553165111134348,1.853257528141583,-50.64453450563181
2026-04-15T14:32:36.293,4.003445148673364,4.005173445056286,4.004085064177815,4.0029652120450265,-0.051562760450544934,2.153217920852768,3.233403160178838,2.553165111134348,1.853257528141583,-50.64453450563181
2026-04-15T14:32:36.417,4.003544807645369,4.004997730553016,4.0044968130884655,4.002957344231447,-0.049376969427197194,2.215504778355637,3.123581595634861,2.810508180290938,1.8483401446545145,-50.61721211783996
2026-04-15T14:32:36.526,4.003544807645369,4.004997730553016,4.0044968130884655,4.002957344231447,-0.049376969427197194,2.215504778355637,3.123581595634861,2.810508180290938,1.8483401446545145,-50.61721211783996
2026-04-15T14:32:36.634,4.003544807645369,4.004997730553016,4.0044968130884655,4.002957344231447,-0.049376969427197194,2.215504778355637,3.123581595634861,2.810508180290938,1.8483401446545145,-50.61721211783996
2026-04-15T14:32:36.744,4.003384828769256,4.005286217050923,4.004391908907408,4.003290415006305,-0.057094454817149365,2.115517980785242,3.3038856568268216,2.7449430671300235,2.0565093789404187,-50.71368068521437
2026-04-15T14:32:36.853,4.003384828769256,4.005286217050923,4.004391908907408,4.003290415006305,-0.057094454817149365,2.115517980785242,3.3038856568268216,2.7449430671300235,2.0565093789404187,-50.71368068521437
2026-04-15T14:32:36.961,4.003384828769256,4.005286217050923,4.004391908907408,4.003290415006305,-0.057094454817149365,2.115517980785242,3.3038856568268216,2.7449430671300235,2.0565093789404187,-50.71368068521437
2026-04-15T14:32:37.072,4.0034215452326265,4.0050737860842816,4.004520416529203,4.002973079858606,-0.051532886313551574,2.138465770391562,3.1711163026759692,2.825260330752144,1.8581749116286517,-50.64416107891939
2026-04-15T14:32:37.198,4.0034215452326265,4.0050737860842816,4.004520416529203,4.002973079858606,-0.051532886313551574,2.138465770391562,3.1711163026759692,2.825260330752144,1.8581749116286517,-50.64416107891939
2026-04-15T14:32:37.291,4.0034215452326265,4.0050737860842816,4.004520416529203,4.002973079858606,-0.051532886313551574,2.138465770391562,3.1711163026759692,2.825260330752144,1.8581749116286517,-50.64416107891939
2026-04-15T14:32:37.400,4.003353357514939,4.005065918270702,4.004391908907408,4.002608537829431,-0.054351013236592166,2.0958484468369676,3.1661989191889006,2.7449430671300235,1.630336143394473,-50.6793876654574
2026-04-15T14:32:37.507,4.003353357514939,4.005065918270702,4.004391908907408,4.002608537829431,-0.054351013236592166,2.0958484468369676,3.1661989191889006,2.7449430671300235,1.630336143394473,-50.6793876654574
2026-04-15T14:32:37.616,4.003353357514939,4.005065918270702,4.004391908907408,4.002608537829431,-0.054351013236592166,2.0958484468369676,3.1661989191889006,2.7449430671300235,1.630336143394473,-50.6793876654574
2026-04-15T14:32:37.725,4.003563165877054,4.005005598366594,4.004195213567925,4.00281572358702,-0.045080072722985115,2.226978673158797,3.1284989791213746,2.6220084799533083,1.7598272418872796,-50.563500909037316
2026-04-15T14:32:37.835,4.003563165877054,4.005005598366594,4.004195213567925,4.00281572358702,-0.045080072722985115,2.226978673158797,3.1284989791213746,2.6220084799533083,1.7598272418872796,-50.563500909037316
2026-04-15T14:32:37.946,4.003563165877054,4.005005598366594,4.004195213567925,4.00281572358702,-0.045080072722985115,2.226978673158797,3.1284989791213746,2.6220084799533083,1.7598272418872796,-50.563500909037316
2026-04-15T14:32:38.054,4.00281572358702,4.005383253418401,4.0043525698395115,4.0030910970622955,-0.054475488807397845,1.7598272418872796,3.3645333865006677,2.7203561496946804,1.9319356639346807,-50.68094361009248
2026-04-15T14:32:38.161,4.00281572358702,4.005383253418401,4.0043525698395115,4.0030910970622955,-0.054475488807397845,1.7598272418872796,3.3645333865006677,2.7203561496946804,1.9319356639346807,-50.68094361009248
2026-04-15T14:32:38.271,4.00281572358702,4.005383253418401,4.0043525698395115,4.0030910970622955,-0.054475488807397845,1.7598272418872796,3.3645333865006677,2.7203561496946804,1.9319356639346807,-50.68094361009248
2026-04-15T14:32:38.381,4.003350734910413,4.004811525631638,4.004328966398774,4.003064871017031,-0.05255358599415815,2.0942093190079447,3.0072035197736824,2.7056039992334746,1.915544385644452,-50.65691982492697
2026-04-15T14:32:38.491,4.003350734910413,4.004811525631638,4.004328966398774,4.003064871017031,-0.05255358599415815,2.0942093190079447,3.0072035197736824,2.7056039992334746,1.915544385644452,-50.65691982492697
2026-04-15T14:32:38.598,4.003350734910413,4.004811525631638,4.004328966398774,4.003064871017031,-0.05255358599415815,2.0942093190079447,3.0072035197736824,2.7056039992334746,1.915544385644452,-50.65691982492697
2026-04-15T14:32:38.707,4.003387451373783,4.004116535432132,4.004570246015206,4.002264976636468,-0.04680779364576795,2.117157108614265,2.5728346450826223,2.8564037595035785,1.4156103977924772,-50.5850974205721
2026-04-15T14:32:38.816,4.003387451373783,4.004116535432132,4.004570246015206,4.002264976636468,-0.04680779364576795,2.117157108614265,2.5728346450826223,2.8564037595035785,1.4156103977924772,-50.5850974205721
2026-04-15T14:32:38.924,4.003387451373783,4.004116535432132,4.004570246015206,4.002264976636468,-0.04680779364576795,2.117157108614265,2.5728346450826223,2.8564037595035785,1.4156103977924772,-50.5850974205721
2026-04-15T14:32:39.034,4.003290415006305,4.004475832252255,4.004446983602463,4.002857685259443,-0.04611570947208837,2.0565093789404187,2.7973951576593103,2.7793647515395037,1.7860532871516455,-50.57644636840111
2026-04-15T14:32:39.142,4.003290415006305,4.004475832252255,4.004446983602463,4.002857685259443,-0.04611570947208837,2.0565093789404187,2.7973951576593103,2.7793647515395037,1.7860532871516455,-50.57644636840111
2026-04-15T14:32:39.250,4.003290415006305,4.004475832252255,4.004446983602463,4.002857685259443,-0.04611570947208837,2.0565093789404187,2.7973951576593103,2.7793647515395037,1.7860532871516455,-50.57644636840111
2026-04-15T14:32:39.362,4.003767729030116,4.004895448976484,4.004696131032475,4.002941608604289,-0.04250591791872365,2.354830643822581,3.059655610302414,2.935081895296676,1.8385053776803773,-50.531323973984044
2026-04-15T14:32:39.471,4.003767729030116,4.004895448976484,4.004696131032475,4.002941608604289,-0.04250591791872365,2.354830643822581,3.059655610302414,2.935081895296676,1.8385053776803773,-50.531323973984044
2026-04-15T14:32:39.578,4.003767729030116,4.004895448976484,4.004696131032475,4.002941608604289,-0.04250591791872365,2.354830643822581,3.059655610302414,2.935081895296676,1.8385053776803773,-50.531323973984044
2026-04-15T14:32:39.685,4.003825426329698,4.005094766920493,4.004271269099192,4.002708196801436,-0.04483610060420598,2.390891456061084,3.184229325308152,2.6695431869949715,1.692623000897342,-50.56045125755257
2026-04-15T14:32:39.795,4.003825426329698,4.005094766920493,4.004271269099192,4.002708196801436,-0.04483610060420598,2.390891456061084,3.184229325308152,2.6695431869949715,1.692623000897342,-50.56045125755257
2026-04-15T14:32:39.904,4.003825426329698,4.005094766920493,4.004271269099192,4.002708196801436,-0.04483610060420598,2.390891456061084,3.184229325308152,2.6695431869949715,1.692623000897342,-50.56045125755257
2026-04-15T14:32:40.014,4.00353693983179,4.004321098585194,4.004570246015206,4.002957344231447,-0.04481618451287707,2.2105873948685684,2.700686615746406,2.8564037595035785,1.8483401446545145,-50.560202306410964
2026-04-15T14:32:40.123,4.00353693983179,4.004321098585194,4.004570246015206,4.002957344231447,-0.04481618451287707,2.2105873948685684,2.700686615746406,2.8564037595035785,1.8483401446545145,-50.560202306410964
2026-04-15T14:32:40.233,4.00353693983179,4.004321098585194,4.004570246015206,4.002957344231447,-0.04481618451287707,2.2105873948685684,2.700686615746406,2.8564037595035785,1.8483401446545145,-50.560202306410964
2026-04-15T14:32:40.341,4.003256321147461,4.003872633211174,4.004189968358872,4.003164529989037,-0.04879940277865883,2.0352007171631215,2.4203957569834955,2.6187302242952626,1.9778312431478762,-50.60999253473324
2026-04-15T14:32:40.450,4.003256321147461,4.003872633211174,4.004189968358872,4.003164529989037,-0.04879940277865883,2.0352007171631215,2.4203957569834955,2.6187302242952626,1.9778312431478762,-50.60999253473324
2026-04-15T14:32:40.573,4.003256321147461,4.003872633211174,4.004189968358872,4.003164529989037,-0.04879940277865883,2.0352007171631215,2.4203957569834955,2.6187302242952626,1.9778312431478762,-50.60999253473324
2026-04-15T14:32:40.683,4.003633976199268,4.005556345317146,4.00414800668645,4.002797365355335,-0.0430287153161075,2.2712351245424145,3.472715823216177,2.592504179031452,1.7483533470841195,-50.53785894145134
2026-04-15T14:32:40.791,4.003633976199268,4.005556345317146,4.00414800668645,4.002797365355335,-0.0430287153161075,2.2712351245424145,3.472715823216177,2.592504179031452,1.7483533470841195,-50.53785894145134
2026-04-15T14:32:40.902,4.003633976199268,4.005556345317146,4.00414800668645,4.002797365355335,-0.0430287153161075,2.2712351245424145,3.472715823216177,2.592504179031452,1.7483533470841195,-50.53785894145134
2026-04-15T14:32:40.996,4.0029232503726035,4.004347324630459,4.004281759517299,4.003458261695997,-0.04474149917039366,1.8270314828772172,2.7170778940366347,2.676099698311618,2.1614135599978823,-50.55926873962993
2026-04-15T14:32:41.107,4.0029232503726035,4.004347324630459,4.004281759517299,4.003458261695997,-0.04474149917039366,1.8270314828772172,2.7170778940366347,2.676099698311618,2.1614135599978823,-50.55926873962993
2026-04-15T14:32:41.215,4.0029232503726035,4.004347324630459,4.004281759517299,4.003458261695997,-0.04474149917039366,1.8270314828772172,2.7170778940366347,2.676099698311618,2.1614135599978823,-50.55926873962993
2026-04-15T14:32:41.338,4.003369093142098,4.004079818968762,4.003843784561383,4.0029048921409185,-0.04914793437691474,2.105683213811105,2.549886855476302,2.402365350864244,1.815557588074057,-50.61434917971144
2026-04-15T14:32:41.447,4.003369093142098,4.004079818968762,4.003843784561383,4.0029048921409185,-0.04914793437691474,2.105683213811105,2.549886855476302,2.402365350864244,1.815557588074057,-50.61434917971144
2026-04-15T14:32:41.556,4.003369093142098,4.004079818968762,4.003843784561383,4.0029048921409185,-0.04914793437691474,2.105683213811105,2.549886855476302,2.402365350864244,1.815557588074057,-50.61434917971144
2026-04-15T14:32:41.666,4.003230095102197,4.005212784124183,4.004305362958036,4.003387451373783,-0.04408426815653967,2.0188094388728928,3.2579900776141812,2.690851848772269,2.117157108614265,-50.551053351956746
2026-04-15T14:32:41.775,4.003230095102197,4.005212784124183,4.004305362958036,4.003387451373783,-0.04408426815653967,2.0188094388728928,3.2579900776141812,2.690851848772269,2.117157108614265,-50.551053351956746
2026-04-15T14:32:41.884,4.003230095102197,4.005212784124183,4.004305362958036,4.003387451373783,-0.04408426815653967,2.0188094388728928,3.2579900776141812,2.690851848772269,2.117157108614265,-50.551053351956746
2026-04-15T14:32:41.995,4.003494978159367,4.004693508427948,4.004748583123003,4.002870798282075,-0.04919772460523702,2.1843613496042025,2.9334427674676533,2.9678644518771335,1.7942489262967598,-50.61497155756546
2026-04-15T14:32:42.105,4.003494978159367,4.004693508427948,4.004748583123003,4.002870798282075,-0.04919772460523702,2.1843613496042025,2.9334427674676533,2.9678644518771335,1.7942489262967598,-50.61497155756546
2026-04-15T14:32:42.200,4.003494978159367,4.004693508427948,4.004748583123003,4.002870798282075,-0.04919772460523702,2.1843613496042025,2.9334427674676533,2.9678644518771335,1.7942489262967598,-50.61497155756546
2026-04-15T14:32:42.323,4.003384828769256,4.004856109908587,4.004079818968762,4.003290415006305,-0.051049921098825536,2.115517980785242,3.035068692867071,2.549886855476302,2.0565093789404187,-50.63812401373532
2026-04-15T14:32:42.430,4.003384828769256,4.004856109908587,4.004079818968762,4.003290415006305,-0.051049921098825536,2.115517980785242,3.035068692867071,2.549886855476302,2.0565093789404187,-50.63812401373532
2026-04-15T14:32:42.540,4.003384828769256,4.004856109908587,4.004079818968762,4.003290415006305,-0.051049921098825536,2.115517980785242,3.035068692867071,2.549886855476302,2.0565093789404187,-50.63812401373532
2026-04-15T14:32:42.649,4.003830671538751,4.005422592486298,4.0044968130884655,4.00299930590387,-0.05778155996799671,2.3941697117191296,3.3891203039360107,2.810508180290938,1.8745661899188804,-50.72226949959996
2026-04-15T14:32:42.757,4.003830671538751,4.005422592486298,4.0044968130884655,4.00299930590387,-0.05778155996799671,2.3941697117191296,3.3891203039360107,2.810508180290938,1.8745661899188804,-50.72226949959996
2026-04-15T14:32:42.867,4.003830671538751,4.005422592486298,4.0044968130884655,4.00299930590387,-0.05778155996799671,2.3941697117191296,3.3891203039360107,2.810508180290938,1.8745661899188804,-50.72226949959996
2026-04-15T14:32:42.978,4.003542185040843,4.00467777280079,4.00429487253993,4.003182888220721,-0.05776662289950003,2.213865650526614,2.923608000493516,2.6842953374561773,1.9893051379504811,-50.722082786243746
2026-04-15T14:32:43.075,4.003542185040843,4.00467777280079,4.00429487253993,4.003182888220721,-0.05776662289950003,2.213865650526614,2.923608000493516,2.6842953374561773,1.9893051379504811,-50.722082786243746
2026-04-15T14:32:43.186,4.003542185040843,4.00467777280079,4.00429487253993,4.003182888220721,-0.05776662289950003,2.213865650526614,2.923608000493516,2.6842953374561773,1.9893051379504811,-50.722082786243746
2026-04-15T14:32:43.302,4.003390073978309,4.005173445056286,4.004205703986031,4.00307273883061,-0.04449752705161453,2.1187962364432877,3.233403160178838,2.6285649912694,1.9204617691315207,-50.556219088145184
2026-04-15T14:32:43.410,4.003390073978309,4.005173445056286,4.004205703986031,4.00307273883061,-0.04449752705161453,2.1187962364432877,3.233403160178838,2.6285649912694,1.9204617691315207,-50.556219088145184
2026-04-15T14:32:43.518,4.003390073978309,4.005173445056286,4.004205703986031,4.00307273883061,-0.04449752705161453,2.1187962364432877,3.233403160178838,2.6285649912694,1.9204617691315207,-50.556219088145184
2026-04-15T14:32:43.630,4.003138303943771,4.00467777280079,4.004347324630459,4.003182888220721,-0.05439084541924999,1.9614399648570924,2.923608000493516,2.7170778940366347,1.9893051379504811,-50.67988556774063
2026-04-15T14:32:43.737,4.003138303943771,4.00467777280079,4.004347324630459,4.003182888220721,-0.05439084541924999,1.9614399648570924,2.923608000493516,2.7170778940366347,1.9893051379504811,-50.67988556774063
2026-04-15T14:32:43.843,4.003138303943771,4.00467777280079,4.004347324630459,4.003182888220721,-0.05439084541924999,1.9614399648570924,2.923608000493516,2.7170778940366347,1.9893051379504811,-50.67988556774063
2026-04-15T14:32:43.955,4.0033612253285185,4.005312443096187,4.004680395405316,4.003114700503033,-0.047629332413085444,2.100765830324036,3.3202769351170502,2.925247128322539,1.9466878143958866,-50.595366655163566
2026-04-15T14:32:44.066,4.0033612253285185,4.005312443096187,4.004680395405316,4.003114700503033,-0.047629332413085444,2.100765830324036,3.3202769351170502,2.925247128322539,1.9466878143958866,-50.595366655163566
2026-04-15T14:32:44.173,4.0033612253285185,4.005312443096187,4.004680395405316,4.003114700503033,-0.047629332413085444,2.100765830324036,3.3202769351170502,2.925247128322539,1.9466878143958866,-50.595366655163566
2026-04-15T14:32:44.283,4.003856897584015,4.005482912390406,4.004467964438675,4.003083229248716,-0.047883262577529034,2.4105609900093583,3.4268202440035367,2.7924777741716866,1.9270182804476121,-50.59854078221912
2026-04-15T14:32:44.393,4.003856897584015,4.005482912390406,4.004467964438675,4.003083229248716,-0.047883262577529034,2.4105609900093583,3.4268202440035367,2.7924777741716866,1.9270182804476121,-50.59854078221912
2026-04-15T14:32:44.504,4.003856897584015,4.005482912390406,4.004467964438675,4.003083229248716,-0.047883262577529034,2.4105609900093583,3.4268202440035367,2.7924777741716866,1.9270182804476121,-50.59854078221912
2026-04-15T14:32:44.612,4.003266811565567,4.005320310909767,4.00436830546667,4.002684593360698,-0.045941443672960415,2.041757228479213,3.325194318604119,2.7301909166688176,1.6778708504361362,-50.57426804591201
2026-04-15T14:32:44.720,4.003266811565567,4.005320310909767,4.00436830546667,4.002684593360698,-0.045941443672960415,2.041757228479213,3.325194318604119,2.7301909166688176,1.6778708504361362,-50.57426804591201
2026-04-15T14:32:44.826,4.003266811565567,4.005320310909767,4.00436830546667,4.002684593360698,-0.045941443672960415,2.041757228479213,3.325194318604119,2.7301909166688176,1.6778708504361362,-50.57426804591201
2026-04-15T14:32:44.942,4.00357365629516,4.004976749716803,4.004276514308245,4.00327205677462,-0.04817702492463044,2.2335351844748885,3.110468573002123,2.6728214426530172,2.0450354841372587,-50.60221281155788
2026-04-15T14:32:45.052,4.00357365629516,4.004976749716803,4.004276514308245,4.00327205677462,-0.04817702492463044,2.2335351844748885,3.110468573002123,2.6728214426530172,2.0450354841372587,-50.60221281155788
2026-04-15T14:32:45.161,4.00357365629516,4.004976749716803,4.004276514308245,4.00327205677462,-0.04817702492463044,2.2335351844748885,3.110468573002123,2.6728214426530172,2.0450354841372587,-50.60221281155788
2026-04-15T14:32:45.264,4.003515958995578,4.0050554278525965,4.004187345754346,4.003085851853243,-0.04342205811985345,2.1974743722363854,3.159642407872809,2.6170910964662397,1.928657408276635,-50.54277572649817
2026-04-15T14:32:45.376,4.003515958995578,4.0050554278525965,4.004187345754346,4.003085851853243,-0.04342205811985345,2.1974743722363854,3.159642407872809,2.6170910964662397,1.928657408276635,-50.54277572649817
2026-04-15T14:32:45.486,4.003515958995578,4.0050554278525965,4.004187345754346,4.003085851853243,-0.04342205811985345,2.1974743722363854,3.159642407872809,2.6170910964662397,1.928657408276635,-50.54277572649817
2026-04-15T14:32:45.595,4.003749370798431,4.005443573322509,4.004554510388047,4.002666235129013,-0.04681775169143241,2.3433567490194207,3.4022333265681937,2.8465689925294413,1.666396955632976,-50.585221896142905
2026-04-15T14:32:45.701,4.003749370798431,4.005443573322509,4.004554510388047,4.002666235129013,-0.04681775169143241,2.3433567490194207,3.4022333265681937,2.8465689925294413,1.666396955632976,-50.585221896142905
2026-04-15T14:32:45.809,4.003749370798431,4.005443573322509,4.004554510388047,4.002666235129013,-0.04681775169143241,2.3433567490194207,3.4022333265681937,2.8465689925294413,1.666396955632976,-50.585221896142905
2026-04-15T14:32:45.948,4.003584146713266,4.0052442553785,4.0044548514160425,4.003177643011668,-0.05083084409420754,2.24009169579098,3.2776596115624557,2.7842821350265723,1.9860268822924354,-50.63538555117759
2026-04-15T14:32:46.041,4.003584146713266,4.0052442553785,4.0044548514160425,4.003177643011668,-0.05083084409420754,2.24009169579098,3.2776596115624557,2.7842821350265723,1.9860268822924354,-50.63538555117759
2026-04-15T14:32:46.151,4.003584146713266,4.0052442553785,4.0044548514160425,4.003177643011668,-0.05083084409420754,2.24009169579098,3.2776596115624557,2.7842821350265723,1.9860268822924354,-50.63538555117759
2026-04-15T14:32:46.251,4.004664659778157,4.005183935474392,4.004027366878234,4.003209114265985,-0.04642440888768646,2.9154123613484018,3.2399596714949297,2.5171042988964,2.00569641624071,-50.58030511109608
2026-04-15T14:32:46.368,4.004664659778157,4.005183935474392,4.004027366878234,4.003209114265985,-0.04642440888768646,2.9154123613484018,3.2399596714949297,2.5171042988964,2.00569641624071,-50.58030511109608
2026-04-15T14:32:46.468,4.004664659778157,4.005183935474392,4.004027366878234,4.003209114265985,-0.04642440888768646,2.9154123613484018,3.2399596714949297,2.5171042988964,2.00569641624071,-50.58030511109608
2026-04-15T14:32:46.584,4.003138303943771,4.005558967921672,4.004591226851417,4.0030491353898725,-0.03767128674863103,1.9614399648570924,3.4743549510452,2.8695167821357614,1.9057096186703149,-50.47089108435788
2026-04-15T14:32:46.695,4.003138303943771,4.005558967921672,4.004591226851417,4.0030491353898725,-0.03767128674863103,1.9614399648570924,3.4743549510452,2.8695167821357614,1.9057096186703149,-50.47089108435788
2026-04-15T14:32:46.800,4.003138303943771,4.005558967921672,4.004591226851417,4.0030491353898725,-0.03767128674863103,1.9614399648570924,3.4743549510452,2.8695167821357614,1.9057096186703149,-50.47089108435788
2026-04-15T14:32:46.914,4.002674102942592,4.005658626893677,4.0041244032457115,4.002765894101017,-0.03713853130558272,1.6713143391200447,3.536641808548069,2.577752028569691,1.728683813135845,-50.46423164131978
2026-04-15T14:32:47.023,4.002674102942592,4.005658626893677,4.0041244032457115,4.002765894101017,-0.03713853130558272,1.6713143391200447,3.536641808548069,2.577752028569691,1.728683813135845,-50.46423164131978
2026-04-15T14:32:47.133,4.002674102942592,4.005658626893677,4.0041244032457115,4.002765894101017,-0.03713853130558272,1.6713143391200447,3.536641808548069,2.577752028569691,1.728683813135845,-50.46423164131978
2026-04-15T14:32:47.243,4.004077196364236,4.005168199847233,4.004554510388047,4.003489732950314,-0.044731541124729206,2.5482477276472792,3.2301249045207925,2.8465689925294413,2.1810830939461567,-50.55914426405912
2026-04-15T14:32:47.353,4.004077196364236,4.005168199847233,4.004554510388047,4.003489732950314,-0.044731541124729206,2.5482477276472792,3.2301249045207925,2.8465689925294413,2.1810830939461567,-50.55914426405912
2026-04-15T14:32:47.463,4.004077196364236,4.005168199847233,4.004554510388047,4.003489732950314,-0.044731541124729206,2.5482477276472792,3.2301249045207925,2.8465689925294413,2.1810830939461567,-50.55914426405912
2026-04-15T14:32:47.570,4.0036497118264265,4.004966259298698,4.004281759517299,4.003298282819885,-0.04009607086792568,2.2810698915165517,3.1039120616860316,2.676099698311618,2.0614267624280425,-50.50120088584907
2026-04-15T14:32:47.677,4.0036497118264265,4.004966259298698,4.004281759517299,4.003298282819885,-0.04009607086792568,2.2810698915165517,3.1039120616860316,2.676099698311618,2.0614267624280425,-50.50120088584907
2026-04-15T14:32:47.784,4.0036497118264265,4.004966259298698,4.004281759517299,4.003298282819885,-0.04009607086792568,2.2810698915165517,3.1039120616860316,2.676099698311618,2.0614267624280425,-50.50120088584907
2026-04-15T14:32:47.894,4.0023043157043645,4.004769563959215,4.004019499064654,4.0029468538133415,-0.03965293783585746,1.4401973152278202,2.9809774745093165,2.512186915408776,1.841783633338423,-50.49566172294821
2026-04-15T14:32:48.003,4.0023043157043645,4.004769563959215,4.004019499064654,4.0029468538133415,-0.03965293783585746,1.4401973152278202,2.9809774745093165,2.512186915408776,1.841783633338423,-50.49566172294821
2026-04-15T14:32:48.114,4.0023043157043645,4.004769563959215,4.004019499064654,4.0029468538133415,-0.03965293783585746,1.4401973152278202,2.9809774745093165,2.512186915408776,1.841783633338423,-50.49566172294821
2026-04-15T14:32:48.221,4.004145384081923,4.0044364931843575,4.004014253855601,4.002765894101017,-0.04119643491384789,2.590865051201874,2.772808240223412,2.5089086597507304,1.728683813135845,-50.5149554364231
2026-04-15T14:32:48.330,4.004145384081923,4.0044364931843575,4.004014253855601,4.002765894101017,-0.04119643491384789,2.590865051201874,2.772808240223412,2.5089086597507304,1.728683813135845,-50.5149554364231
2026-04-15T14:32:48.438,4.004145384081923,4.0044364931843575,4.004014253855601,4.002765894101017,-0.04119643491384789,2.590865051201874,2.772808240223412,2.5089086597507304,1.728683813135845,-50.5149554364231
2026-04-15T14:32:48.548,4.003062248412505,4.004997730553016,4.004276514308245,4.002920627768077,-0.044258533955667624,1.9139052578154292,3.123581595634861,2.6728214426530172,1.8253923550481943,-50.55323167444584
2026-04-15T14:32:48.657,4.003062248412505,4.004997730553016,4.004276514308245,4.002920627768077,-0.044258533955667624,1.9139052578154292,3.123581595634861,2.6728214426530172,1.8253923550481943,-50.55323167444584
2026-04-15T14:32:48.765,4.003062248412505,4.004997730553016,4.004276514308245,4.002920627768077,-0.044258533955667624,1.9139052578154292,3.123581595634861,2.6728214426530172,1.8253923550481943,-50.55323167444584
2026-04-15T14:32:48.875,4.0040404799008655,4.0043106081670885,4.004357815048564,4.003350734910413,-0.05243906846901693,2.525299938040959,2.6941301044303145,2.723634405352726,2.0942093190079447,-50.65548835586271
2026-04-15T14:32:48.983,4.0040404799008655,4.0043106081670885,4.004357815048564,4.003350734910413,-0.05243906846901693,2.525299938040959,2.6941301044303145,2.723634405352726,2.0942093190079447,-50.65548835586271
2026-04-15T14:32:49.091,4.0040404799008655,4.0043106081670885,4.004357815048564,4.003350734910413,-0.05243906846901693,2.525299938040959,2.6941301044303145,2.723634405352726,2.0942093190079447,-50.65548835586271
2026-04-15T14:32:49.201,4.003772974239169,4.004992485343962,4.004315853376141,4.0030491353898725,-0.04792309476018685,2.3581088994806265,3.1203033399762603,2.6974083600883603,1.9057096186703149,-50.59903868450234
2026-04-15T14:32:49.311,4.003772974239169,4.004992485343962,4.004315853376141,4.0030491353898725,-0.04792309476018685,2.3581088994806265,3.1203033399762603,2.6974083600883603,1.9057096186703149,-50.59903868450234
2026-04-15T14:32:49.422,4.003772974239169,4.004992485343962,4.004315853376141,4.0030491353898725,-0.04792309476018685,2.3581088994806265,3.1203033399762603,2.6974083600883603,1.9057096186703149,-50.59903868450234
2026-04-15T14:32:49.531,4.002847194841337,4.00475120572753,4.004171610127187,4.003119945712086,-0.04456723337126572,1.779496775835554,2.9695035797061564,2.6072563294921025,1.9499660700539323,-50.55709041714083
2026-04-15T14:32:49.643,4.002847194841337,4.00475120572753,4.004171610127187,4.003119945712086,-0.04456723337126572,1.779496775835554,2.9695035797061564,2.6072563294921025,1.9499660700539323,-50.55709041714083
2026-04-15T14:32:49.752,4.002847194841337,4.00475120572753,4.004171610127187,4.003119945712086,-0.04456723337126572,1.779496775835554,2.9695035797061564,2.6072563294921025,1.9499660700539323,-50.55709041714083
2026-04-15T14:32:49.863,4.0029625894405,4.004656791964578,4.004071951155183,4.003122568316613,-0.03839324505930398,1.8516184003125602,2.910494977861333,2.5449694719892335,1.9516051978829552,-50.47991556324129
2026-04-15T14:32:49.971,4.0029625894405,4.004656791964578,4.004071951155183,4.003122568316613,-0.03839324505930398,1.8516184003125602,2.910494977861333,2.5449694719892335,1.9516051978829552,-50.47991556324129
2026-04-15T14:32:50.083,4.0029625894405,4.004656791964578,4.004071951155183,4.003122568316613,-0.03839324505930398,1.8516184003125602,2.910494977861333,2.5449694719892335,1.9516051978829552,-50.47991556324129
2026-04-15T14:32:50.190,4.003581524108739,4.004680395405316,4.0043525698395115,4.0029652120450265,-0.04392991844874063,2.238452567961957,2.925247128322539,2.7203561496946804,1.853257528141583,-50.54912398060926
2026-04-15T14:32:50.300,4.003581524108739,4.004680395405316,4.0043525698395115,4.0029652120450265,-0.04392991844874063,2.238452567961957,2.925247128322539,2.7203561496946804,1.853257528141583,-50.54912398060926
2026-04-15T14:32:50.408,4.003581524108739,4.004680395405316,4.0043525698395115,4.0029652120450265,-0.04392991844874063,2.238452567961957,2.925247128322539,2.7203561496946804,1.853257528141583,-50.54912398060926
2026-04-15T14:32:50.516,4.003641844012847,4.005414724672718,4.004284382121824,4.002666235129013,-0.030073297906652318,2.276152508029483,3.384202920448942,2.677738826140086,1.666396955632976,-50.37591622383315
2026-04-15T14:32:50.622,4.003641844012847,4.005414724672718,4.004284382121824,4.002666235129013,-0.030073297906652318,2.276152508029483,3.384202920448942,2.677738826140086,1.666396955632976,-50.37591622383315
2026-04-15T14:32:50.734,4.003641844012847,4.005414724672718,4.004284382121824,4.002666235129013,-0.030073297906652318,2.276152508029483,3.384202920448942,2.677738826140086,1.666396955632976,-50.37591622383315
2026-04-15T14:32:50.843,4.003602504944951,4.004974127112277,4.004061460737077,4.003130436130192,-0.03446479604467671,2.25156559059414,3.1088294451731002,2.538412960673142,1.9565225813700238,-50.43080995055846
2026-04-15T14:32:50.951,4.003602504944951,4.004974127112277,4.004061460737077,4.003130436130192,-0.03446479604467671,2.25156559059414,3.1088294451731002,2.538412960673142,1.9565225813700238,-50.43080995055846
2026-04-15T14:32:51.061,4.003602504944951,4.004974127112277,4.004061460737077,4.003130436130192,-0.03446479604467671,2.25156559059414,3.1088294451731002,2.538412960673142,1.9565225813700238,-50.43080995055846
2026-04-15T14:32:51.170,4.003442526068838,4.005417347277245,4.003867388002121,4.003041267576293,-0.029172094774019195,2.151578793023745,3.385842048277965,2.41711750132545,1.9007922351832462,-50.36465118467524
2026-04-15T14:32:51.279,4.003442526068838,4.005417347277245,4.003867388002121,4.003041267576293,-0.029172094774019195,2.151578793023745,3.385842048277965,2.41711750132545,1.9007922351832462,-50.36465118467524
2026-04-15T14:32:51.402,4.003442526068838,4.005417347277245,4.003867388002121,4.003041267576293,-0.029172094774019195,2.151578793023745,3.385842048277965,2.41711750132545,1.9007922351832462,-50.36465118467524
2026-04-15T14:32:51.497,4.00311732310756,4.005231142355868,4.004381418489302,4.003135681339245,-0.03616264283046619,1.9483269422249094,3.2694639724173413,2.738386555813932,1.9598008370280695,-50.45203303538083
2026-04-15T14:32:51.621,4.00311732310756,4.005231142355868,4.004381418489302,4.003135681339245,-0.03616264283046619,1.9483269422249094,3.2694639724173413,2.738386555813932,1.9598008370280695,-50.45203303538083
2026-04-15T14:32:51.729,4.00311732310756,4.005231142355868,4.004381418489302,4.003135681339245,-0.03616264283046619,1.9483269422249094,3.2694639724173413,2.738386555813932,1.9598008370280695,-50.45203303538083
2026-04-15T14:32:51.839,4.0032353403112495,4.004966259298698,4.00425815607656,4.002902269536392,-0.0312234521808968,2.0220876945309385,3.1039120616860316,2.661347547849857,1.8139184602450342,-50.390293152261215
2026-04-15T14:32:51.948,4.0032353403112495,4.004966259298698,4.00425815607656,4.002902269536392,-0.0312234521808968,2.0220876945309385,3.1039120616860316,2.661347547849857,1.8139184602450342,-50.390293152261215
2026-04-15T14:32:52.057,4.0032353403112495,4.004966259298698,4.00425815607656,4.002902269536392,-0.0312234521808968,2.0220876945309385,3.1039120616860316,2.661347547849857,1.8139184602450342,-50.390293152261215
2026-04-15T14:32:52.168,4.003447771277891,4.005267858819238,4.004344702025932,4.002975702463132,-0.03198524267422756,2.154857048681791,3.2924117620236615,2.715438766207612,1.8598140394576745,-50.39981553342785
2026-04-15T14:32:52.275,4.003447771277891,4.005267858819238,4.004344702025932,4.002975702463132,-0.03198524267422756,2.154857048681791,3.2924117620236615,2.715438766207612,1.8598140394576745,-50.39981553342785
2026-04-15T14:32:52.384,4.003447771277891,4.005267858819238,4.004344702025932,4.002975702463132,-0.03198524267422756,2.154857048681791,3.2924117620236615,2.715438766207612,1.8598140394576745,-50.39981553342785
2026-04-15T14:32:52.493,4.003340244492307,4.004968881903224,4.004418134952672,4.00262427345659,-0.02011027321936568,2.0876528076918532,3.1055511895150545,2.761334345420252,1.6401709103686102,-50.25137841524207
2026-04-15T14:32:52.600,4.003340244492307,4.004968881903224,4.004418134952672,4.00262427345659,-0.02011027321936568,2.0876528076918532,3.1055511895150545,2.761334345420252,1.6401709103686102,-50.25137841524207
2026-04-15T14:32:52.710,4.003340244492307,4.004968881903224,4.004418134952672,4.00262427345659,-0.02011027321936568,2.0876528076918532,3.1055511895150545,2.761334345420252,1.6401709103686102,-50.25137841524207
2026-04-15T14:32:52.819,4.0026767255471185,4.005042314829964,4.0038542749794885,4.00352907201821,-0.030322249048263677,1.6729534669490675,3.151446768727695,2.4089218621803354,2.2056700113814998,-50.379028113103296
2026-04-15T14:32:52.929,4.0026767255471185,4.005042314829964,4.0038542749794885,4.00352907201821,-0.030322249048263677,1.6729534669490675,3.151446768727695,2.4089218621803354,2.2056700113814998,-50.379028113103296
2026-04-15T14:32:53.038,4.0026767255471185,4.005042314829964,4.0038542749794885,4.00352907201821,-0.030322249048263677,1.6729534669490675,3.151446768727695,2.4089218621803354,2.2056700113814998,-50.379028113103296
2026-04-15T14:32:53.148,4.003578901504213,4.004801035213532,4.004536152156362,4.003576278899686,-0.03283665557853842,2.2368134401329343,3.000647008457591,2.835095097726281,2.2351743123039114,-50.41045819473173
2026-04-15T14:32:53.255,4.003578901504213,4.004801035213532,4.004536152156362,4.003576278899686,-0.03283665557853842,2.2368134401329343,3.000647008457591,2.835095097726281,2.2351743123039114,-50.41045819473173
2026-04-15T14:32:53.365,4.003578901504213,4.004801035213532,4.004536152156362,4.003576278899686,-0.03283665557853842,2.2368134401329343,3.000647008457591,2.835095097726281,2.2351743123039114,-50.41045819473173
2026-04-15T14:32:53.475,4.003408432209994,4.004651546755525,4.004019499064654,4.002933740790709,-0.034375173633696625,2.130270131246448,2.9072167222032874,2.512186915408776,1.8335879941933086,-50.429689670421205
2026-04-15T14:32:53.584,4.003408432209994,4.004651546755525,4.004019499064654,4.002933740790709,-0.034375173633696625,2.130270131246448,2.9072167222032874,2.512186915408776,1.8335879941933086,-50.429689670421205
2026-04-15T14:32:53.691,4.003408432209994,4.004651546755525,4.004019499064654,4.002933740790709,-0.034375173633696625,2.130270131246448,2.9072167222032874,2.512186915408776,1.8335879941933086,-50.429689670421205
2026-04-15T14:32:53.801,4.003772974239169,4.004683018009843,4.003927707906229,4.003460884300523,-0.022629658772472645,2.3581088994806265,2.926886256152117,2.4548174413929758,2.163052687826905,-50.2828707346559
2026-04-15T14:32:53.910,4.003772974239169,4.004683018009843,4.003927707906229,4.003460884300523,-0.022629658772472645,2.3581088994806265,2.926886256152117,2.4548174413929758,2.163052687826905,-50.2828707346559
2026-04-15T14:32:54.019,4.003772974239169,4.004683018009843,4.003927707906229,4.003460884300523,-0.022629658772472645,2.3581088994806265,2.926886256152117,2.4548174413929758,2.163052687826905,-50.2828707346559
2026-04-15T14:32:54.128,4.002739668055753,4.004961014089645,4.0049715045077505,4.003458261695997,-0.020857126644199763,1.7122925348456164,3.100633806027986,3.1071903173440774,2.1614135599978823,-50.26071408305249
2026-04-15T14:32:54.237,4.002739668055753,4.004961014089645,4.0049715045077505,4.003458261695997,-0.020857126644199763,1.7122925348456164,3.100633806027986,3.1071903173440774,2.1614135599978823,-50.26071408305249
2026-04-15T14:32:54.348,4.002739668055753,4.004961014089645,4.0049715045077505,4.003458261695997,-0.020857126644199763,1.7122925348456164,3.100633806027986,3.1071903173440774,2.1614135599978823,-50.26071408305249
2026-04-15T14:32:54.459,4.0025062562529,4.005233764960394,4.004357815048564,4.003258943751987,-0.02859452812548084,1.566410158062581,3.271103100246364,2.723634405352726,2.0368398449921443,-50.357431601568514
2026-04-15T14:32:54.567,4.0025062562529,4.005233764960394,4.004357815048564,4.003258943751987,-0.02859452812548084,1.566410158062581,3.271103100246364,2.723634405352726,2.0368398449921443,-50.357431601568514
2026-04-15T14:32:54.674,4.0025062562529,4.005233764960394,4.004357815048564,4.003258943751987,-0.02859452812548084,1.566410158062581,3.271103100246364,2.723634405352726,2.0368398449921443,-50.357431601568514
2026-04-15T14:32:54.782,4.003240585520302,4.005105257338599,4.004423380161725,4.002427578117107,-0.026139869869192825,2.0253659501889842,3.1907858366242436,2.764612601078298,1.517236323191895,-50.326748373364914
2026-04-15T14:32:54.891,4.003240585520302,4.005105257338599,4.004423380161725,4.002427578117107,-0.026139869869192825,2.0253659501889842,3.1907858366242436,2.764612601078298,1.517236323191895,-50.326748373364914
2026-04-15T14:32:54.999,4.003240585520302,4.005105257338599,4.004423380161725,4.002427578117107,-0.026139869869192825,2.0253659501889842,3.1907858366242436,2.764612601078298,1.517236323191895,-50.326748373364914
2026-04-15T14:32:55.107,4.003125190921139,4.004740715309424,4.003922462697176,4.003138303943771,-0.031412655048521435,1.953244325711978,2.962947068390065,2.45153918573493,1.9614399648570924,-50.39265818810652
2026-04-15T14:32:55.217,4.003125190921139,4.004740715309424,4.003922462697176,4.003138303943771,-0.031412655048521435,1.953244325711978,2.962947068390065,2.45153918573493,1.9614399648570924,-50.39265818810652
2026-04-15T14:32:55.325,4.003125190921139,4.004740715309424,4.003922462697176,4.003138303943771,-0.031412655048521435,1.953244325711978,2.962947068390065,2.45153918573493,1.9614399648570924,-50.39265818810652
2026-04-15T14:32:55.434,4.003411054814521,4.0052442553785,4.004384041093829,4.002918005163551,-0.028714024673454294,2.1319092590754707,3.2776596115624557,2.740025683642955,1.8237532272191714,-50.35892530841818
2026-04-15T14:32:55.560,4.003411054814521,4.0052442553785,4.004384041093829,4.002918005163551,-0.028714024673454294,2.1319092590754707,3.2776596115624557,2.740025683642955,1.8237532272191714,-50.35892530841818
2026-04-15T14:32:55.655,4.003411054814521,4.0052442553785,4.004384041093829,4.002918005163551,-0.028714024673454294,2.1319092590754707,3.2776596115624557,2.740025683642955,1.8237532272191714,-50.35892530841818
2026-04-15T14:32:55.765,4.003198623847879,4.0045807364333115,4.003940820928861,4.003148794361877,-0.03066082260085513,1.9991399049246183,2.86296027081967,2.46301308053809,1.9679964761731839,-50.38326028251069
2026-04-15T14:32:55.874,4.003198623847879,4.0045807364333115,4.003940820928861,4.003148794361877,-0.03066082260085513,1.9991399049246183,2.86296027081967,2.46301308053809,1.9679964761731839,-50.38326028251069
2026-04-15T14:32:55.982,4.003198623847879,4.0045807364333115,4.003940820928861,4.003148794361877,-0.03066082260085513,1.9991399049246183,2.86296027081967,2.46301308053809,1.9679964761731839,-50.38326028251069
2026-04-15T14:32:56.090,4.003201246452406,4.004806280422585,4.003560543272528,4.003243208124829,-0.02730994023476622,2.000779032753641,3.0039252641156367,2.225339545329774,2.027005078018007,-50.34137425293458
2026-04-15T14:32:56.201,4.003201246452406,4.004806280422585,4.003560543272528,4.003243208124829,-0.02730994023476622,2.000779032753641,3.0039252641156367,2.225339545329774,2.027005078018007,-50.34137425293458
2026-04-15T14:32:56.309,4.003201246452406,4.004806280422585,4.003560543272528,4.003243208124829,-0.02730994023476622,2.000779032753641,3.0039252641156367,2.225339545329774,2.027005078018007,-50.34137425293458
2026-04-15T14:32:56.418,4.0035474302498955,4.005278349237344,4.004009008646548,4.003400564396415,-0.03505729976171175,2.21714390618466,3.298968273339753,2.5056304040926847,2.125352747759379,-50.438216247021394
2026-04-15T14:32:56.543,4.0035474302498955,4.005278349237344,4.004009008646548,4.003400564396415,-0.03505729976171175,2.21714390618466,3.298968273339753,2.5056304040926847,2.125352747759379,-50.438216247021394
2026-04-15T14:32:56.666,4.0035474302498955,4.005278349237344,4.004009008646548,4.003400564396415,-0.03505729976171175,2.21714390618466,3.298968273339753,2.5056304040926847,2.125352747759379,-50.438216247021394
2026-04-15T14:32:56.777,4.003476619927682,4.0049295428353275,4.00402998948276,4.0029468538133415,-0.03008325595231677,2.1728874548010424,3.0809642720797115,2.5187434267248676,1.841783633338423,-50.37604069940396
2026-04-15T14:32:56.885,4.003476619927682,4.0049295428353275,4.00402998948276,4.0029468538133415,-0.03008325595231677,2.1728874548010424,3.0809642720797115,2.5187434267248676,1.841783633338423,-50.37604069940396
2026-04-15T14:32:56.993,4.003476619927682,4.0049295428353275,4.00402998948276,4.0029468538133415,-0.03008325595231677,2.1728874548010424,3.0809642720797115,2.5187434267248676,1.841783633338423,-50.37604069940396
2026-04-15T14:32:57.101,4.003057003203452,4.005008220971121,4.0038962366519115,4.002679348151645,-0.036580880748373276,1.9106270021573835,3.1301381069503975,2.4351479074447013,1.6745925947780904,-50.45726100935467
2026-04-15T14:32:57.213,4.003057003203452,4.005008220971121,4.0038962366519115,4.002679348151645,-0.036580880748373276,1.9106270021573835,3.1301381069503975,2.4351479074447013,1.6745925947780904,-50.45726100935467
2026-04-15T14:32:57.323,4.003057003203452,4.005008220971121,4.0038962366519115,4.002679348151645,-0.036580880748373276,1.9106270021573835,3.1301381069503975,2.4351479074447013,1.6745925947780904,-50.45726100935467
2026-04-15T14:32:57.430,4.003492355554841,4.005246877983026,4.004315853376141,4.0033192636560955,-0.03245824984328915,2.1827222217757347,3.2792987393914785,2.6974083600883603,2.0745397850596703,-50.405728123041115
2026-04-15T14:32:57.538,4.003492355554841,4.005246877983026,4.004315853376141,4.0033192636560955,-0.03245824984328915,2.1827222217757347,3.2792987393914785,2.6974083600883603,2.0745397850596703,-50.405728123041115
2026-04-15T14:32:57.647,4.003492355554841,4.005246877983026,4.004315853376141,4.0033192636560955,-0.03245824984328915,2.1827222217757347,3.2792987393914785,2.6974083600883603,2.0745397850596703,-50.405728123041115
2026-04-15T14:32:57.757,4.003754616007484,4.005037069620911,4.0038962366519115,4.003413677419047,-0.03016292031763241,2.3466350046774664,3.148168513069649,2.4351479074447013,2.1335483869044936,-50.37703650397041
2026-04-15T14:32:57.866,4.003754616007484,4.005037069620911,4.0038962366519115,4.003413677419047,-0.03016292031763241,2.3466350046774664,3.148168513069649,2.4351479074447013,2.1335483869044936,-50.37703650397041
2026-04-15T14:32:57.974,4.003754616007484,4.005037069620911,4.0038962366519115,4.003413677419047,-0.03016292031763241,2.3466350046774664,3.148168513069649,2.4351479074447013,2.1335483869044936,-50.37703650397041
2026-04-15T14:32:58.082,4.003542185040843,4.0049531462760655,4.003738880380325,4.004318475980668,-0.027195422709624995,2.213865650526614,3.0957164225409173,2.3368002377033292,2.699047487917383,-50.33994278387032
2026-04-15T14:32:58.192,4.003542185040843,4.0049531462760655,4.003738880380325,4.004318475980668,-0.027195422709624995,2.213865650526614,3.0957164225409173,2.3368002377033292,2.699047487917383,-50.33994278387032
2026-04-15T14:32:58.299,4.003542185040843,4.0049531462760655,4.003738880380325,4.004318475980668,-0.027195422709624995,2.213865650526614,3.0957164225409173,2.3368002377033292,2.699047487917383,-50.33994278387032
2026-04-15T14:32:58.409,4.003636598803794,4.004530906947309,4.004195213567925,4.0025508405298496,-0.03921976284945369,2.2728742523714374,2.8318168420682355,2.6220084799533083,1.5942753311559699,-50.490247035618175
2026-04-15T14:32:58.517,4.003636598803794,4.004530906947309,4.004195213567925,4.0025508405298496,-0.03921976284945369,2.2728742523714374,2.8318168420682355,2.6220084799533083,1.5942753311559699,-50.490247035618175
2026-04-15T14:32:58.626,4.003636598803794,4.004530906947309,4.004195213567925,4.0025508405298496,-0.03921976284945369,2.2728742523714374,2.8318168420682355,2.6220084799533083,1.5942753311559699,-50.490247035618175
2026-04-15T14:32:58.735,4.003232717706723,4.0051393511974425,4.003883123629279,4.003555298063475,-0.031044207358936624,2.0204485667019156,3.212094498401541,2.426952268299587,2.2220612896717284,-50.38805259198671
2026-04-15T14:32:58.845,4.003232717706723,4.0051393511974425,4.003883123629279,4.003555298063475,-0.031044207358936624,2.0204485667019156,3.212094498401541,2.426952268299587,2.2220612896717284,-50.38805259198671
2026-04-15T14:32:58.952,4.003232717706723,4.0051393511974425,4.003883123629279,4.003555298063475,-0.031044207358936624,2.0204485667019156,3.212094498401541,2.426952268299587,2.2220612896717284,-50.38805259198671
2026-04-15T14:32:59.063,4.002878666095654,4.004698753637001,4.0042502882629805,4.003070116226084,-0.03488801298541603,1.7991663097838284,2.936721023125699,2.6564301643627886,1.9188226413024978,-50.4361001623177
2026-04-15T14:32:59.172,4.002878666095654,4.004698753637001,4.0042502882629805,4.003070116226084,-0.03488801298541603,1.7991663097838284,2.936721023125699,2.6564301643627886,1.9188226413024978,-50.4361001623177
2026-04-15T14:32:59.282,4.002878666095654,4.004698753637001,4.0042502882629805,4.003070116226084,-0.03488801298541603,1.7991663097838284,2.936721023125699,2.6564301643627886,1.9188226413024978,-50.4361001623177
2026-04-15T14:32:59.392,4.003285169797252,4.004866600326693,4.0042922499354034,4.002390861653737,-0.03214457140485884,2.053231123282373,3.0416252041831626,2.6826562096271545,1.494288533585575,-50.40180714256074
2026-04-15T14:32:59.498,4.003285169797252,4.004866600326693,4.0042922499354034,4.002390861653737,-0.03214457140485884,2.053231123282373,3.0416252041831626,2.6826562096271545,1.494288533585575,-50.40180714256074
2026-04-15T14:32:59.607,4.003285169797252,4.004866600326693,4.0042922499354034,4.002390861653737,-0.03214457140485884,2.053231123282373,3.0416252041831626,2.6826562096271545,1.494288533585575,-50.40180714256074
2026-04-15T14:32:59.717,4.0030910970622955,4.004832506467849,4.004132271059291,4.003521204204631,-0.03555520204493447,1.9319356639346807,3.0203165424058653,2.5826694120567595,2.200752627894431,-50.444440025561676
2026-04-15T14:32:59.828,4.0030910970622955,4.004832506467849,4.004132271059291,4.003521204204631,-0.03555520204493447,1.9319356639346807,3.0203165424058653,2.5826694120567595,2.200752627894431,-50.444440025561676
2026-04-15T14:32:59.936,4.0030910970622955,4.004832506467849,4.004132271059291,4.003521204204631,-0.03555520204493447,1.9319356639346807,3.0203165424058653,2.5826694120567595,2.200752627894431,-50.444440025561676
2026-04-15T14:33:00.044,4.00315403957093,4.00494265585796,4.004279136912771,4.00353693983179,-0.03397187278428622,1.9712747318312296,3.089159911224826,2.67446057048204,2.2105873948685684,-50.424648409803574
2026-04-15T14:33:00.152,4.00315403957093,4.00494265585796,4.004279136912771,4.00353693983179,-0.03397187278428622,1.9712747318312296,3.089159911224826,2.67446057048204,2.2105873948685684,-50.424648409803574
2026-04-15T14:33:00.262,4.00315403957093,4.00494265585796,4.004279136912771,4.00353693983179,-0.03397187278428622,1.9712747318312296,3.089159911224826,2.67446057048204,2.2105873948685684,-50.424648409803574
2026-04-15T14:33:00.372,4.0034635069050495,4.005968094227796,4.004035234691813,4.003565788481581,-0.038701944474902064,2.164691815655928,3.7300588923727673,2.5220216823829134,2.228617800988375,-50.48377430593628
2026-04-15T14:33:00.482,4.0034635069050495,4.005968094227796,4.004035234691813,4.003565788481581,-0.038701944474902064,2.164691815655928,3.7300588923727673,2.5220216823829134,2.228617800988375,-50.48377430593628
2026-04-15T14:33:00.592,4.0034635069050495,4.005968094227796,4.004035234691813,4.003565788481581,-0.038701944474902064,2.164691815655928,3.7300588923727673,2.5220216823829134,2.228617800988375,-50.48377430593628
2026-04-15T14:33:00.700,4.003251075938408,4.004761696145636,4.004378795884776,4.0028209687960725,-0.02782775860931785,2.0319224615050757,2.976060091022248,2.736747427984909,1.7631054975453253,-50.347846982616474
2026-04-15T14:33:00.809,4.003251075938408,4.004761696145636,4.004378795884776,4.0028209687960725,-0.02782775860931785,2.0319224615050757,2.976060091022248,2.736747427984909,1.7631054975453253,-50.347846982616474
2026-04-15T14:33:00.931,4.003251075938408,4.004761696145636,4.004378795884776,4.0028209687960725,-0.02782775860931785,2.0319224615050757,2.976060091022248,2.736747427984909,1.7631054975453253,-50.347846982616474
2026-04-15T14:33:01.040,4.004019499064654,4.005522251458302,4.004667282382684,4.0032773019836725,-0.024924988298129388,2.512186915408776,3.4514071614388797,2.9170514891774246,2.0483137397953044,-50.311562353726615
2026-04-15T14:33:01.148,4.004019499064654,4.005522251458302,4.004667282382684,4.0032773019836725,-0.024924988298129388,2.512186915408776,3.4514071614388797,2.9170514891774246,2.0483137397953044,-50.311562353726615
2026-04-15T14:33:01.257,4.004019499064654,4.005522251458302,4.004667282382684,4.0032773019836725,-0.024924988298129388,2.512186915408776,3.4514071614388797,2.9170514891774246,2.0483137397953044,-50.311562353726615
2026-04-15T14:33:01.366,4.003731012566746,4.005506515831144,4.0039381983243345,4.003473997323155,-0.033976851807118444,2.3318828542162606,3.4415723944647425,2.4613739527090672,2.1712483269720195,-50.42471064758898
2026-04-15T14:33:01.475,4.003731012566746,4.005506515831144,4.0039381983243345,4.003473997323155,-0.033976851807118444,2.3318828542162606,3.4415723944647425,2.4613739527090672,2.1712483269720195,-50.42471064758898
2026-04-15T14:33:01.584,4.003731012566746,4.005506515831144,4.0039381983243345,4.003473997323155,-0.033976851807118444,2.3318828542162606,3.4415723944647425,2.4613739527090672,2.1712483269720195,-50.42471064758898
2026-04-15T14:33:01.694,4.0037939550753805,4.005438328113456,4.004111290223079,4.003515958995578,-0.03165164814446834,2.3712219221128095,3.398955070910148,2.5695563894245765,2.1974743722363854,-50.39564560180585
2026-04-15T14:33:01.804,4.0037939550753805,4.005438328113456,4.004111290223079,4.003515958995578,-0.03165164814446834,2.3712219221128095,3.398955070910148,2.5695563894245765,2.1974743722363854,-50.39564560180585
2026-04-15T14:33:01.913,4.0037939550753805,4.005438328113456,4.004111290223079,4.003515958995578,-0.03165164814446834,2.3712219221128095,3.398955070910148,2.5695563894245765,2.1974743722363854,-50.39564560180585
2026-04-15T14:33:02.023,4.003376960955677,4.005330801327872,4.004061460737077,4.003411054814521,-0.031671564235797256,2.1106005972981734,3.3317508299202103,2.538412960673142,2.1319092590754707,-50.39589455294746
2026-04-15T14:33:02.130,4.003376960955677,4.005330801327872,4.004061460737077,4.003411054814521,-0.031671564235797256,2.1106005972981734,3.3317508299202103,2.538412960673142,2.1319092590754707,-50.39589455294746
2026-04-15T14:33:02.240,4.003376960955677,4.005330801327872,4.004061460737077,4.003411054814521,-0.031671564235797256,2.1106005972981734,3.3317508299202103,2.538412960673142,2.1319092590754707,-50.39589455294746
2026-04-15T14:33:02.350,4.003450393882417,4.005071163479756,4.00406670594613,4.003492355554841,-0.029719787285564184,2.1564961765108137,3.1694771748475015,2.5416912163311878,2.1827222217757347,-50.37149734106955
2026-04-15T14:33:02.458,4.003450393882417,4.005071163479756,4.00406670594613,4.003492355554841,-0.029719787285564184,2.1564961765108137,3.1694771748475015,2.5416912163311878,2.1827222217757347,-50.37149734106955
2026-04-15T14:33:02.568,4.003450393882417,4.005071163479756,4.00406670594613,4.003492355554841,-0.029719787285564184,2.1564961765108137,3.1694771748475015,2.5416912163311878,2.1827222217757347,-50.37149734106955
2026-04-15T14:33:02.677,4.003442526068838,4.005286217050923,4.003880501024753,4.003497600763893,-0.03567967761574015,2.151578793023745,3.3038856568268216,2.425313140470564,2.1860004774332253,-50.445995970196755
2026-04-15T14:33:02.784,4.003442526068838,4.005286217050923,4.003880501024753,4.003497600763893,-0.03567967761574015,2.151578793023745,3.3038856568268216,2.425313140470564,2.1860004774332253,-50.445995970196755
2026-04-15T14:33:02.896,4.003442526068838,4.005286217050923,4.003880501024753,4.003497600763893,-0.03567967761574015,2.151578793023745,3.3038856568268216,2.425313140470564,2.1860004774332253,-50.445995970196755
2026-04-15T14:33:03.002,4.003196001243353,4.005000353157541,4.004168987522661,4.002702951592383,-0.03890608441102338,1.9975007770955955,3.125220723463329,2.6056172016630796,1.6893447452392962,-50.48632605513779
2026-04-15T14:33:03.111,4.003196001243353,4.005000353157541,4.004168987522661,4.002702951592383,-0.03890608441102338,1.9975007770955955,3.125220723463329,2.6056172016630796,1.6893447452392962,-50.48632605513779
2026-04-15T14:33:03.218,4.003196001243353,4.005000353157541,4.004168987522661,4.002702951592383,-0.03890608441102338,1.9975007770955955,3.125220723463329,2.6056172016630796,1.6893447452392962,-50.48632605513779
2026-04-15T14:33:03.326,4.003243208124829,4.0048692229312195,4.0035238268091575,4.003119945712086,-0.02665270922091223,2.027005078018007,3.0432643320121855,2.202391755723454,1.9499660700539323,-50.33315886526141
2026-04-15T14:33:03.436,4.003243208124829,4.0048692229312195,4.0035238268091575,4.003119945712086,-0.02665270922091223,2.027005078018007,3.0432643320121855,2.202391755723454,1.9499660700539323,-50.33315886526141
2026-04-15T14:33:03.548,4.003243208124829,4.0048692229312195,4.0035238268091575,4.003119945712086,-0.02665270922091223,2.027005078018007,3.0432643320121855,2.202391755723454,1.9499660700539323,-50.33315886526141
2026-04-15T14:33:03.657,4.003306150633463,4.004947901067013,4.004475832252255,4.003374338351151,-0.03333953688459336,2.066344145914556,3.0924381668828715,2.7973951576593103,2.1089614694691505,-50.41674421105742
2026-04-15T14:33:03.765,4.003306150633463,4.004947901067013,4.004475832252255,4.003374338351151,-0.03333953688459336,2.066344145914556,3.0924381668828715,2.7973951576593103,2.1089614694691505,-50.41674421105742
2026-04-15T14:33:03.875,4.003306150633463,4.004947901067013,4.004475832252255,4.003374338351151,-0.03333953688459336,2.066344145914556,3.0924381668828715,2.7973951576593103,2.1089614694691505,-50.41674421105742
2026-04-15T14:33:03.984,4.003232717706723,4.0050554278525965,4.004279136912771,4.003770351634643,-0.032622557596752644,2.0204485667019156,3.159642407872809,2.67446057048204,2.3564697716516037,-50.40778196995941
2026-04-15T14:33:04.091,4.003232717706723,4.0050554278525965,4.004279136912771,4.003770351634643,-0.032622557596752644,2.0204485667019156,3.159642407872809,2.67446057048204,2.3564697716516037,-50.40778196995941
2026-04-15T14:33:04.200,4.003232717706723,4.0050554278525965,4.004279136912771,4.003770351634643,-0.032622557596752644,2.0204485667019156,3.159642407872809,2.67446057048204,2.3564697716516037,-50.40778196995941
2026-04-15T14:33:04.310,4.003442526068838,4.005147219011022,4.004016876460128,4.002535104902691,-0.02985422090203432,2.151578793023745,3.2170118818886095,2.5105477875797533,1.5844405641818327,-50.373177761275436
2026-04-15T14:33:04.420,4.003442526068838,4.005147219011022,4.004016876460128,4.002535104902691,-0.02985422090203432,2.151578793023745,3.2170118818886095,2.5105477875797533,1.5844405641818327,-50.373177761275436
2026-04-15T14:33:04.529,4.003442526068838,4.005147219011022,4.004016876460128,4.002535104902691,-0.02985422090203432,2.151578793023745,3.2170118818886095,2.5105477875797533,1.5844405641818327,-50.373177761275436
2026-04-15T14:33:04.638,4.003631353594741,4.004958391485118,4.003442526068838,4.003749370798431,-0.033712963597010405,2.2695959967133916,3.098994678198963,2.151578793023745,2.3433567490194207,-50.42141204496263
2026-04-15T14:33:04.747,4.003631353594741,4.004958391485118,4.003442526068838,4.003749370798431,-0.033712963597010405,2.2695959967133916,3.098994678198963,2.151578793023745,2.3433567490194207,-50.42141204496263
2026-04-15T14:33:04.871,4.003631353594741,4.004958391485118,4.003442526068838,4.003749370798431,-0.033712963597010405,2.2695959967133916,3.098994678198963,2.151578793023745,2.3433567490194207,-50.42141204496263
2026-04-15T14:33:04.979,4.004071951155183,4.0052416327739735,4.0035474302498955,4.003599882340424,-0.04053422487716167,2.5449694719892335,3.276020483733433,2.21714390618466,2.249926462765117,-50.50667781096452
2026-04-15T14:33:05.089,4.004071951155183,4.0052416327739735,4.0035474302498955,4.003599882340424,-0.04053422487716167,2.5449694719892335,3.276020483733433,2.21714390618466,2.249926462765117,-50.50667781096452
2026-04-15T14:33:05.197,4.004071951155183,4.0052416327739735,4.0035474302498955,4.003599882340424,-0.04053422487716167,2.5449694719892335,3.276020483733433,2.21714390618466,2.249926462765117,-50.50667781096452
2026-04-15T14:33:05.305,4.003293037610831,4.004740715309424,4.003746748193905,4.003704786521482,-0.03933428037459492,2.0581485067694416,2.962947068390065,2.341717621190398,2.315491575926032,-50.49167850468243
2026-04-15T14:33:05.412,4.003293037610831,4.004740715309424,4.003746748193905,4.003704786521482,-0.03933428037459492,2.0581485067694416,2.962947068390065,2.341717621190398,2.315491575926032,-50.49167850468243
2026-04-15T14:33:05.522,4.003293037610831,4.004740715309424,4.003746748193905,4.003704786521482,-0.03933428037459492,2.0581485067694416,2.962947068390065,2.341717621190398,2.315491575926032,-50.49167850468243
2026-04-15T14:33:05.633,4.002687215965224,4.005409479463665,4.003864765397594,4.003334999283254,-0.03470876816345585,1.679509978265159,3.3809246647908964,2.415478373496427,2.0843745520338075,-50.4338596020432
2026-04-15T14:33:05.743,4.002687215965224,4.005409479463665,4.003864765397594,4.003334999283254,-0.03470876816345585,1.679509978265159,3.3809246647908964,2.415478373496427,2.0843745520338075,-50.4338596020432
2026-04-15T14:33:05.851,4.002687215965224,4.005409479463665,4.003864765397594,4.003334999283254,-0.03470876816345585,1.679509978265159,3.3809246647908964,2.415478373496427,2.0843745520338075,-50.4338596020432
2026-04-15T14:33:05.961,4.003953933951494,4.004727602286792,4.003967046974125,4.002792120146282,-0.043521638576498003,2.4712087196837595,2.9547514292449506,2.4794043588283188,1.7450750914260738,-50.54402048220622
2026-04-15T14:33:06.084,4.003953933951494,4.004727602286792,4.003967046974125,4.002792120146282,-0.043521638576498003,2.4712087196837595,2.9547514292449506,2.4794043588283188,1.7450750914260738,-50.54402048220622
2026-04-15T14:33:06.177,4.003953933951494,4.004727602286792,4.003967046974125,4.002792120146282,-0.043521638576498003,2.4712087196837595,2.9547514292449506,2.4794043588283188,1.7450750914260738,-50.54402048220622
2026-04-15T14:33:06.287,4.0033376218877805,4.005246877983026,4.004158497104555,4.003639221408321,-0.04110183348003558,2.0860136798628304,3.2792987393914785,2.599060690346988,2.2745133802004602,-50.51377291850044
2026-04-15T14:33:06.397,4.0033376218877805,4.005246877983026,4.004158497104555,4.003639221408321,-0.04110183348003558,2.0860136798628304,3.2792987393914785,2.599060690346988,2.2745133802004602,-50.51377291850044
2026-04-15T14:33:06.505,4.0033376218877805,4.005246877983026,4.004158497104555,4.003639221408321,-0.04110183348003558,2.0860136798628304,3.2792987393914785,2.599060690346988,2.2745133802004602,-50.51377291850044
2026-04-15T14:33:06.615,4.003185510825247,4.004848242095008,4.004092931991394,4.003972292183178,-0.04747000368245417,1.990944265779504,3.0301513093800025,2.5580824946214165,2.4826826144863645,-50.59337504603067
2026-04-15T14:33:06.725,4.003185510825247,4.004848242095008,4.004092931991394,4.003972292183178,-0.04747000368245417,1.990944265779504,3.0301513093800025,2.5580824946214165,2.4826826144863645,-50.59337504603067
2026-04-15T14:33:06.832,4.003185510825247,4.004848242095008,4.004092931991394,4.003972292183178,-0.04747000368245417,1.990944265779504,3.0301513093800025,2.5580824946214165,2.4826826144863645,-50.59337504603067
2026-04-15T14:33:06.940,4.0041663649181345,4.00505280524807,4.003694296103376,4.003348112305886,-0.04241629550774356,2.6039780738340568,3.1580032800437863,2.3089350646099405,2.092570191178922,-50.5302036938468
2026-04-15T14:33:07.049,4.0041663649181345,4.00505280524807,4.003694296103376,4.003348112305886,-0.04241629550774356,2.6039780738340568,3.1580032800437863,2.3089350646099405,2.092570191178922,-50.5302036938468
2026-04-15T14:33:07.158,4.0041663649181345,4.00505280524807,4.003694296103376,4.003348112305886,-0.04241629550774356,2.6039780738340568,3.1580032800437863,2.3089350646099405,2.092570191178922,-50.5302036938468
2026-04-15T14:33:07.268,4.003466129509576,4.005094766920493,4.003856897584015,4.003340244492307,-0.03576930002672024,2.166330943484951,3.184229325308152,2.4105609900093583,2.0876528076918532,-50.447116250334
2026-04-15T14:33:07.378,4.003466129509576,4.005094766920493,4.003856897584015,4.003340244492307,-0.03576930002672024,2.166330943484951,3.184229325308152,2.4105609900093583,2.0876528076918532,-50.447116250334
2026-04-15T14:33:07.488,4.003466129509576,4.005094766920493,4.003856897584015,4.003340244492307,-0.03576930002672024,2.166330943484951,3.184229325308152,2.4105609900093583,2.0876528076918532,-50.447116250334
2026-04-15T14:33:07.596,4.002894401722813,4.0049715045077505,4.004035234691813,4.003009796321976,-0.050586871975428396,1.8090010767579656,3.1071903173440774,2.5220216823829134,1.8811227012349718,-50.63233589969286
2026-04-15T14:33:07.703,4.002894401722813,4.0049715045077505,4.004035234691813,4.003009796321976,-0.050586871975428396,1.8090010767579656,3.1071903173440774,2.5220216823829134,1.8811227012349718,-50.63233589969286
2026-04-15T14:33:07.812,4.002894401722813,4.0049715045077505,4.004035234691813,4.003009796321976,-0.050586871975428396,1.8090010767579656,3.1071903173440774,2.5220216823829134,1.8811227012349718,-50.63233589969286
2026-04-15T14:33:07.921,4.003311395842516,4.004955768880592,4.0040221216691805,4.003185510825247,-0.041535008466439344,2.0696224015726017,3.09735555036994,2.513826043237799,1.990944265779504,-50.519187605830496
2026-04-15T14:33:08.029,4.003311395842516,4.004955768880592,4.0040221216691805,4.003185510825247,-0.041535008466439344,2.0696224015726017,3.09735555036994,2.513826043237799,1.990944265779504,-50.519187605830496
2026-04-15T14:33:08.138,4.003311395842516,4.004955768880592,4.0040221216691805,4.003185510825247,-0.041535008466439344,2.0696224015726017,3.09735555036994,2.513826043237799,1.990944265779504,-50.519187605830496
2026-04-15T14:33:08.246,4.003243208124829,4.005160332033654,4.003885746233806,4.0033612253285185,-0.04243123257624024,2.027005078018007,3.225207521033724,2.42859139612861,2.100765830324036,-50.53039040720301
2026-04-15T14:33:08.370,4.003243208124829,4.005160332033654,4.003885746233806,4.0033612253285185,-0.04243123257624024,2.027005078018007,3.225207521033724,2.42859139612861,2.100765830324036,-50.53039040720301
2026-04-15T14:33:08.478,4.003243208124829,4.005160332033654,4.003885746233806,4.0033612253285185,-0.04243123257624024,2.027005078018007,3.225207521033724,2.42859139612861,2.100765830324036,-50.53039040720301
2026-04-15T14:33:08.587,4.003673315267164,4.005233764960394,4.0038542749794885,4.003715276939587,-0.046603653709646635,2.2958220419777575,3.271103100246364,2.4089218621803354,2.3220480872421234,-50.58254567137058
2026-04-15T14:33:08.696,4.003673315267164,4.005233764960394,4.0038542749794885,4.003715276939587,-0.046603653709646635,2.2958220419777575,3.271103100246364,2.4089218621803354,2.3220480872421234,-50.58254567137058
2026-04-15T14:33:08.805,4.003673315267164,4.005233764960394,4.0038542749794885,4.003715276939587,-0.046603653709646635,2.2958220419777575,3.271103100246364,2.4089218621803354,2.3220480872421234,-50.58254567137058
2026-04-15T14:33:08.913,4.00330877323799,4.005275726632817,4.004334211607826,4.003256321147461,-0.03807956662087366,2.067983273743579,3.29732914551073,2.7088822548915203,2.0352007171631215,-50.47599458276092
2026-04-15T14:33:09.022,4.00330877323799,4.005275726632817,4.004334211607826,4.003256321147461,-0.03807956662087366,2.067983273743579,3.29732914551073,2.7088822548915203,2.0352007171631215,-50.47599458276092
2026-04-15T14:33:09.130,4.00330877323799,4.005275726632817,4.004334211607826,4.003256321147461,-0.03807956662087366,2.067983273743579,3.29732914551073,2.7088822548915203,2.0352007171631215,-50.47599458276092
2026-04-15T14:33:09.240,4.002708196801436,4.005648136475571,4.004355192444039,4.00308060664419,-0.03954837835638069,1.692623000897342,3.5300852972319774,2.7219952775242584,1.9253791526185893,-50.49435472945476
2026-04-15T14:33:09.351,4.002708196801436,4.005648136475571,4.004355192444039,4.00308060664419,-0.03954837835638069,1.692623000897342,3.5300852972319774,2.7219952775242584,1.9253791526185893,-50.49435472945476
2026-04-15T14:33:09.458,4.002708196801436,4.005648136475571,4.004355192444039,4.00308060664419,-0.03954837835638069,1.692623000897342,3.5300852972319774,2.7219952775242584,1.9253791526185893,-50.49435472945476
2026-04-15T14:33:09.568,4.0029625894405,4.00517082245176,4.004544019969941,4.003581524108739,-0.04820192003879157,1.8516184003125602,3.2317640323498154,2.84001248121335,2.238452567961957,-50.60252400048489
2026-04-15T14:33:09.677,4.0029625894405,4.00517082245176,4.004544019969941,4.003581524108739,-0.04820192003879157,1.8516184003125602,3.2317640323498154,2.84001248121335,2.238452567961957,-50.60252400048489
2026-04-15T14:33:09.786,4.0029625894405,4.00517082245176,4.004544019969941,4.003581524108739,-0.04820192003879157,1.8516184003125602,3.2317640323498154,2.84001248121335,2.238452567961957,-50.60252400048489
2026-04-15T14:33:09.896,4.003636598803794,4.005506515831144,4.004481077461307,4.003442526068838,-0.04712147208419827,2.2728742523714374,3.4415723944647425,2.800673413316801,2.151578793023745,-50.58901840105248
2026-04-15T14:33:10.005,4.003636598803794,4.005506515831144,4.004481077461307,4.003442526068838,-0.04712147208419827,2.2728742523714374,3.4415723944647425,2.800673413316801,2.151578793023745,-50.58901840105248
2026-04-15T14:33:10.115,4.003636598803794,4.005506515831144,4.004481077461307,4.003442526068838,-0.04712147208419827,2.2728742523714374,3.4415723944647425,2.800673413316801,2.151578793023745,-50.58901840105248
2026-04-15T14:33:10.223,4.0032956602153575,4.005532741876409,4.004565000806153,4.0028445722368104,-0.044148995453358625,2.0597876345984645,3.4579636727555263,2.8531255038455328,1.7778576480065311,-50.55186244316698
2026-04-15T14:33:10.332,4.0032956602153575,4.005532741876409,4.004565000806153,4.0028445722368104,-0.044148995453358625,2.0597876345984645,3.4579636727555263,2.8531255038455328,1.7778576480065311,-50.55186244316698
2026-04-15T14:33:10.440,4.0032956602153575,4.005532741876409,4.004565000806153,4.0028445722368104,-0.044148995453358625,2.0597876345984645,3.4579636727555263,2.8531255038455328,1.7778576480065311,-50.55186244316698
2026-04-15T14:33:10.550,4.003883123629279,4.005642891266518,4.003586769317792,4.003702163916955,-0.041161581754022306,2.426952268299587,3.5268070415739317,2.241730823620003,2.313852448097009,-50.51451977192528
2026-04-15T14:33:10.658,4.003883123629279,4.005642891266518,4.003586769317792,4.003702163916955,-0.041161581754022306,2.426952268299587,3.5268070415739317,2.241730823620003,2.313852448097009,-50.51451977192528
2026-04-15T14:33:10.767,4.003883123629279,4.005642891266518,4.003586769317792,4.003702163916955,-0.041161581754022306,2.426952268299587,3.5268070415739317,2.241730823620003,2.313852448097009,-50.51451977192528
2026-04-15T14:33:10.877,4.003104210084929,4.0051813128698655,4.0037939550753805,4.003922462697176,-0.04123128807367348,1.9401313030803502,3.238320543665907,2.3712219221128095,2.45153918573493,-50.515391100920915
2026-04-15T14:33:10.986,4.003104210084929,4.0051813128698655,4.0037939550753805,4.003922462697176,-0.04123128807367348,1.9401313030803502,3.238320543665907,2.3712219221128095,2.45153918573493,-50.515391100920915
2026-04-15T14:33:11.097,4.003104210084929,4.0051813128698655,4.0037939550753805,4.003922462697176,-0.04123128807367348,1.9401313030803502,3.238320543665907,2.3712219221128095,2.45153918573493,-50.515391100920915
2026-04-15T14:33:11.207,4.003969669578652,4.005498648017564,4.00459647206047,4.00338220616473,-0.045329023864596474,2.4810434866573416,3.436655010977674,2.872795037793807,2.113878852956219,-50.56661279830745
2026-04-15T14:33:11.315,4.003969669578652,4.005498648017564,4.00459647206047,4.00338220616473,-0.045329023864596474,2.4810434866573416,3.436655010977674,2.872795037793807,2.113878852956219,-50.56661279830745
2026-04-15T14:33:11.425,4.003969669578652,4.005498648017564,4.00459647206047,4.00338220616473,-0.045329023864596474,2.4810434866573416,3.436655010977674,2.872795037793807,2.113878852956219,-50.56661279830745
2026-04-15T14:33:11.534,4.00375723861201,4.005144596406495,4.003704786521482,4.003203869056932,-0.048774507664497695,2.3482741325064893,3.2153727540595867,2.315491575926032,2.002418160582664,-50.60968134580622
2026-04-15T14:33:11.642,4.00375723861201,4.005144596406495,4.003704786521482,4.003203869056932,-0.048774507664497695,2.3482741325064893,3.2153727540595867,2.315491575926032,2.002418160582664,-50.60968134580622
2026-04-15T14:33:11.751,4.00375723861201,4.005144596406495,4.003704786521482,4.003203869056932,-0.048774507664497695,2.3482741325064893,3.2153727540595867,2.315491575926032,2.002418160582664,-50.60968134580622
2026-04-15T14:33:11.860,4.003164529989037,4.005579948757884,4.003898859256438,4.003539562436316,-0.04196818345284311,1.9778312431478762,3.487467973677383,2.436787035273724,2.2122265226975912,-50.524602293160534
2026-04-15T14:33:11.970,4.003164529989037,4.005579948757884,4.003898859256438,4.003539562436316,-0.04196818345284311,1.9778312431478762,3.487467973677383,2.436787035273724,2.2122265226975912,-50.524602293160534
2026-04-15T14:33:12.078,4.003164529989037,4.005579948757884,4.003898859256438,4.003539562436316,-0.04196818345284311,1.9778312431478762,3.487467973677383,2.436787035273724,2.2122265226975912,-50.524602293160534
2026-04-15T14:33:12.188,4.0034399034643116,4.004987240134909,4.00402998948276,4.003256321147461,-0.03162177400747498,2.1499396651947222,3.1170250843182146,2.5187434267248676,2.0352007171631215,-50.39527217509344
2026-04-15T14:33:12.297,4.0034399034643116,4.004987240134909,4.00402998948276,4.003256321147461,-0.03162177400747498,2.1499396651947222,3.1170250843182146,2.5187434267248676,2.0352007171631215,-50.39527217509344
2026-04-15T14:33:12.404,4.0034399034643116,4.004987240134909,4.00402998948276,4.003256321147461,-0.03162177400747498,2.1499396651947222,3.1170250843182146,2.5187434267248676,2.0352007171631215,-50.39527217509344
2026-04-15T14:33:12.516,4.002797365355335,4.005299330073555,4.003849029770436,4.003138303943771,-0.043043652384604184,1.7483533470841195,3.312081295971936,2.4056436065222897,1.9614399648570924,-50.53804565480755
2026-04-15T14:33:12.624,4.002797365355335,4.005299330073555,4.003849029770436,4.003138303943771,-0.043043652384604184,1.7483533470841195,3.312081295971936,2.4056436065222897,1.9614399648570924,-50.53804565480755
2026-04-15T14:33:12.733,4.002797365355335,4.005299330073555,4.003849029770436,4.003138303943771,-0.043043652384604184,1.7483533470841195,3.312081295971936,2.4056436065222897,1.9614399648570924,-50.53804565480755
2026-04-15T14:33:12.841,4.003395319187362,4.005396366441033,4.004229307426769,4.002994060694817,-0.03844303528762625,2.1220744921013335,3.372729025645782,2.6433171417306056,1.8712879342608346,-50.48053794109533
2026-04-15T14:33:12.951,4.003395319187362,4.005396366441033,4.004229307426769,4.002994060694817,-0.03844303528762625,2.1220744921013335,3.372729025645782,2.6433171417306056,1.8712879342608346,-50.48053794109533
2026-04-15T14:33:13.061,4.003395319187362,4.005396366441033,4.004229307426769,4.002994060694817,-0.03844303528762625,2.1220744921013335,3.372729025645782,2.6433171417306056,1.8712879342608346,-50.48053794109533
2026-04-15T14:33:13.171,4.003156662175456,4.00577402149284,4.004079818968762,4.00297045725408,-0.04422368079584204,1.9729138596602525,3.608763433025075,2.549886855476302,1.856535783800184,-50.55279600994802
2026-04-15T14:33:13.280,4.003156662175456,4.00577402149284,4.004079818968762,4.00297045725408,-0.04422368079584204,1.9729138596602525,3.608763433025075,2.549886855476302,1.856535783800184,-50.55279600994802
2026-04-15T14:33:13.388,4.003156662175456,4.00577402149284,4.004079818968762,4.00297045725408,-0.04422368079584204,1.9729138596602525,3.608763433025075,2.549886855476302,1.856535783800184,-50.55279600994802
2026-04-15T14:33:13.497,4.002865553073022,4.005899906510109,4.003856897584015,4.003539562436316,-0.025925771887407058,1.790970670638714,3.6874415688181728,2.4105609900093583,2.2122265226975912,-50.32407214859259
2026-04-15T14:33:13.607,4.002865553073022,4.005899906510109,4.003856897584015,4.003539562436316,-0.025925771887407058,1.790970670638714,3.6874415688181728,2.4105609900093583,2.2122265226975912,-50.32407214859259
2026-04-15T14:33:13.715,4.002865553073022,4.005899906510109,4.003856897584015,4.003539562436316,-0.025925771887407058,1.790970670638714,3.6874415688181728,2.4105609900093583,2.2122265226975912,-50.32407214859259
2026-04-15T14:33:13.824,4.0034215452326265,4.0053019526780815,4.003922462697176,4.00375723861201,-0.03696426550645477,2.138465770391562,3.3137204238009588,2.45153918573493,2.3482741325064893,-50.46205331883068
2026-04-15T14:33:13.948,4.0034215452326265,4.0053019526780815,4.003922462697176,4.00375723861201,-0.03696426550645477,2.138465770391562,3.3137204238009588,2.45153918573493,2.3482741325064893,-50.46205331883068
2026-04-15T14:33:14.057,4.0034215452326265,4.0053019526780815,4.003922462697176,4.00375723861201,-0.03696426550645477,2.138465770391562,3.3137204238009588,2.45153918573493,2.3482741325064893,-50.46205331883068
2026-04-15T14:33:14.166,4.003390073978309,4.005766153679261,4.0040404799008655,4.003804445493486,-0.03477847448310702,2.1187962364432877,3.6038460495380065,2.525299938040959,2.377778433428901,-50.43473093103884
2026-04-15T14:33:14.274,4.003390073978309,4.005766153679261,4.0040404799008655,4.003804445493486,-0.03477847448310702,2.1187962364432877,3.6038460495380065,2.525299938040959,2.377778433428901,-50.43473093103884
2026-04-15T14:33:14.383,4.003390073978309,4.005766153679261,4.0040404799008655,4.003804445493486,-0.03477847448310702,2.1187962364432877,3.6038460495380065,2.525299938040959,2.377778433428901,-50.43473093103884
2026-04-15T14:33:14.491,4.003969669578652,4.005852699628633,4.0042214396131905,4.003125190921139,-0.04029025275838254,2.4810434866573416,3.657937267895761,2.638399758244092,1.953244325711978,-50.50362815947979
2026-04-15T14:33:14.600,4.003969669578652,4.005852699628633,4.0042214396131905,4.003125190921139,-0.04029025275838254,2.4810434866573416,3.657937267895761,2.638399758244092,1.953244325711978,-50.50362815947979
2026-04-15T14:33:14.709,4.003969669578652,4.005852699628633,4.0042214396131905,4.003125190921139,-0.04029025275838254,2.4810434866573416,3.657937267895761,2.638399758244092,1.953244325711978,-50.50362815947979
2026-04-15T14:33:14.817,4.002928495581656,4.005034447016385,4.003639221408321,4.003487110345787,-0.03562490836458566,1.830309738535263,3.146529385240626,2.2745133802004602,2.179443966117134,-50.44531135455732
2026-04-15T14:33:14.927,4.002928495581656,4.005034447016385,4.003639221408321,4.003487110345787,-0.03562490836458566,1.830309738535263,3.146529385240626,2.2745133802004602,2.179443966117134,-50.44531135455732
2026-04-15T14:33:15.036,4.002928495581656,4.005034447016385,4.003639221408321,4.003487110345787,-0.03562490836458566,1.830309738535263,3.146529385240626,2.2745133802004602,2.179443966117134,-50.44531135455732
2026-04-15T14:33:15.144,4.00307273883061,4.005176067660813,4.004307985562562,4.003321886260622,-0.041629609900251656,1.9204617691315207,3.235042288007861,2.6924909766012917,2.076178912888693,-50.520370123753146
2026-04-15T14:33:15.253,4.00307273883061,4.005176067660813,4.004307985562562,4.003321886260622,-0.041629609900251656,1.9204617691315207,3.235042288007861,2.6924909766012917,2.076178912888693,-50.520370123753146
2026-04-15T14:33:15.363,4.00307273883061,4.005176067660813,4.004307985562562,4.003321886260622,-0.041629609900251656,1.9204617691315207,3.235042288007861,2.6924909766012917,2.076178912888693,-50.520370123753146
2026-04-15T14:33:15.471,4.003156662175456,4.004945278462486,4.003898859256438,4.003489732950314,-0.040280294712718094,1.9729138596602525,3.0907990390538487,2.436787035273724,2.1810830939461567,-50.50350368390898
2026-04-15T14:33:15.580,4.003156662175456,4.004945278462486,4.003898859256438,4.003489732950314,-0.040280294712718094,1.9729138596602525,3.0907990390538487,2.436787035273724,2.1810830939461567,-50.50350368390898
2026-04-15T14:33:15.691,4.003156662175456,4.004945278462486,4.003898859256438,4.003489732950314,-0.040280294712718094,1.9729138596602525,3.0907990390538487,2.436787035273724,2.1810830939461567,-50.50350368390898
2026-04-15T14:33:15.800,4.003917217488123,4.00517082245176,4.004137516268344,4.003203869056932,-0.039697749041347506,2.4482609300768843,3.2317640323498154,2.585947667714805,2.002418160582664,-50.49622186301684
2026-04-15T14:33:15.910,4.003917217488123,4.00517082245176,4.004137516268344,4.003203869056932,-0.039697749041347506,2.4482609300768843,3.2317640323498154,2.585947667714805,2.002418160582664,-50.49622186301684
2026-04-15T14:33:16.018,4.003917217488123,4.00517082245176,4.004137516268344,4.003203869056932,-0.039697749041347506,2.4482609300768843,3.2317640323498154,2.585947667714805,2.002418160582664,-50.49622186301684
2026-04-15T14:33:16.127,4.003489732950314,4.004575491224259,4.004179477940767,4.002813100982493,-0.042515875964388106,2.1810830939461567,2.8596820151616242,2.612173712979171,1.7581881140582567,-50.53144844955485
2026-04-15T14:33:16.236,4.003489732950314,4.004575491224259,4.004179477940767,4.002813100982493,-0.042515875964388106,2.1810830939461567,2.8596820151616242,2.612173712979171,1.7581881140582567,-50.53144844955485
2026-04-15T14:33:16.345,4.003489732950314,4.004575491224259,4.004179477940767,4.002813100982493,-0.042515875964388106,2.1810830939461567,2.8596820151616242,2.612173712979171,1.7581881140582567,-50.53144844955485
2026-04-15T14:33:16.454,4.003293037610831,4.0049951079484885,4.004155874500029,4.003122568316613,-0.04675302439461346,2.0581485067694416,3.121942467805283,2.5974215625179653,1.9516051978829552,-50.58441280493267
2026-04-15T14:33:16.564,4.003293037610831,4.0049951079484885,4.004155874500029,4.003122568316613,-0.04675302439461346,2.0581485067694416,3.121942467805283,2.5974215625179653,1.9516051978829552,-50.58441280493267
2026-04-15T14:33:16.672,4.003293037610831,4.0049951079484885,4.004155874500029,4.003122568316613,-0.04675302439461346,2.0581485067694416,3.121942467805283,2.5974215625179653,1.9516051978829552,-50.58441280493267
2026-04-15T14:33:16.781,4.003112077898507,4.005378008209348,4.004189968358872,4.0029468538133415,-0.04311335870425537,1.9450486865668637,3.361255130842622,2.6187302242952626,1.841783633338423,-50.5389169838032
2026-04-15T14:33:16.891,4.003112077898507,4.005378008209348,4.004189968358872,4.0029468538133415,-0.04311335870425537,1.9450486865668637,3.361255130842622,2.6187302242952626,1.841783633338423,-50.5389169838032
2026-04-15T14:33:16.999,4.003112077898507,4.005378008209348,4.004189968358872,4.0029468538133415,-0.04311335870425537,1.9450486865668637,3.361255130842622,2.6187302242952626,1.841783633338423,-50.5389169838032
2026-04-15T14:33:17.108,4.0034399034643116,4.004966259298698,4.0041663649181345,4.002975702463132,-0.04430334516115767,2.1499396651947222,3.1039120616860316,2.6039780738340568,1.8598140394576745,-50.55379181451447
2026-04-15T14:33:17.217,4.0034399034643116,4.004966259298698,4.0041663649181345,4.002975702463132,-0.04430334516115767,2.1499396651947222,3.1039120616860316,2.6039780738340568,1.8598140394576745,-50.55379181451447
2026-04-15T14:33:17.327,4.0034399034643116,4.004966259298698,4.0041663649181345,4.002975702463132,-0.04430334516115767,2.1499396651947222,3.1039120616860316,2.6039780738340568,1.8598140394576745,-50.55379181451447
2026-04-15T14:33:17.436,4.003138303943771,4.005349159559557,4.003930330510755,4.003340244492307,-0.0451696951339652,1.9614399648570924,3.3432247247233704,2.4564565692219986,2.0876528076918532,-50.56462118917457
2026-04-15T14:33:17.558,4.003138303943771,4.005349159559557,4.003930330510755,4.003340244492307,-0.0451696951339652,1.9614399648570924,3.3432247247233704,2.4564565692219986,2.0876528076918532,-50.56462118917457
2026-04-15T14:33:17.653,4.003138303943771,4.005349159559557,4.003930330510755,4.003340244492307,-0.0451696951339652,1.9614399648570924,3.3432247247233704,2.4564565692219986,2.0876528076918532,-50.56462118917457
2026-04-15T14:33:17.763,4.003316641051569,4.005574703548831,4.003707409126008,4.003206491661459,-0.04346686932534349,2.0729006572306474,3.484189718019337,2.317130703755055,2.004057288411687,-50.5433358665668
2026-04-15T14:33:17.872,4.003316641051569,4.005574703548831,4.003707409126008,4.003206491661459,-0.04346686932534349,2.0729006572306474,3.484189718019337,2.317130703755055,2.004057288411687,-50.5433358665668
2026-04-15T14:33:17.980,4.003316641051569,4.005574703548831,4.003707409126008,4.003206491661459,-0.04346686932534349,2.0729006572306474,3.484189718019337,2.317130703755055,2.004057288411687,-50.5433358665668
2026-04-15T14:33:18.090,4.004079818968762,4.00448632267036,4.004216194404137,4.002855062654916,-0.04230177798260233,2.549886855476302,2.8039516689748467,2.6351215025854913,1.7844141593226226,-50.52877222478253
2026-04-15T14:33:18.215,4.004079818968762,4.00448632267036,4.004216194404137,4.002855062654916,-0.04230177798260233,2.549886855476302,2.8039516689748467,2.6351215025854913,1.7844141593226226,-50.52877222478253
2026-04-15T14:33:18.323,4.004079818968762,4.00448632267036,4.004216194404137,4.002855062654916,-0.04230177798260233,2.549886855476302,2.8039516689748467,2.6351215025854913,1.7844141593226226,-50.52877222478253
2026-04-15T14:33:18.434,4.003426790441679,4.005624533034833,4.004384041093829,4.00277113931007,-0.04897864760061901,2.141744026049608,3.5153331467707716,2.740025683642955,1.7319620687938908,-50.61223309500774
2026-04-15T14:33:18.541,4.003426790441679,4.005624533034833,4.004384041093829,4.00277113931007,-0.04897864760061901,2.141744026049608,3.5153331467707716,2.740025683642955,1.7319620687938908,-50.61223309500774
2026-04-15T14:33:18.651,4.003426790441679,4.005624533034833,4.004384041093829,4.00277113931007,-0.04897864760061901,2.141744026049608,3.5153331467707716,2.740025683642955,1.7319620687938908,-50.61223309500774
2026-04-15T14:33:18.761,4.003749370798431,4.005322933514293,4.004016876460128,4.002647876897328,-0.04907324903443133,2.3433567490194207,3.3268334464331417,2.5105477875797533,1.654923060829816,-50.61341561293039
2026-04-15T14:33:18.870,4.003749370798431,4.005322933514293,4.004016876460128,4.002647876897328,-0.04907324903443133,2.3433567490194207,3.3268334464331417,2.5105477875797533,1.654923060829816,-50.61341561293039
2026-04-15T14:33:18.980,4.003749370798431,4.005322933514293,4.004016876460128,4.002647876897328,-0.04907324903443133,2.3433567490194207,3.3268334464331417,2.5105477875797533,1.654923060829816,-50.61341561293039
2026-04-15T14:33:19.106,4.003508091181999,4.003925085301702,4.004134893663817,4.002713442010489,-0.042212155571622244,2.192556988749317,2.453178313563953,2.5843085398857824,1.6959012565553877,-50.52765194464528
2026-04-15T14:33:19.214,4.003508091181999,4.003925085301702,4.004134893663817,4.002713442010489,-0.042212155571622244,2.192556988749317,2.453178313563953,2.5843085398857824,1.6959012565553877,-50.52765194464528
2026-04-15T14:33:19.323,4.003508091181999,4.003925085301702,4.004134893663817,4.002713442010489,-0.042212155571622244,2.192556988749317,2.453178313563953,2.5843085398857824,1.6959012565553877,-50.52765194464528
2026-04-15T14:33:19.433,4.003135681339245,4.005532741876409,4.003615617967583,4.002907514745445,-0.0395682944477096,1.9598008370280695,3.4579636727555263,2.2597612297392544,1.81719671590308,-50.49460368059637
2026-04-15T14:33:19.527,4.003135681339245,4.005532741876409,4.003615617967583,4.002907514745445,-0.0395682944477096,1.9598008370280695,3.4579636727555263,2.2597612297392544,1.81719671590308,-50.49460368059637
2026-04-15T14:33:19.649,4.003135681339245,4.005532741876409,4.003615617967583,4.002907514745445,-0.0395682944477096,1.9598008370280695,3.4579636727555263,2.2597612297392544,1.81719671590308,-50.49460368059637
2026-04-15T14:33:19.758,4.003083229248716,4.005844831815054,4.00417685533624,4.003778219448222,-0.040748322858947444,1.9270182804476121,3.6530198844086925,2.6105345851501482,2.3613871551386723,-50.50935403573684
2026-04-15T14:33:19.868,4.003083229248716,4.005844831815054,4.00417685533624,4.003778219448222,-0.040748322858947444,1.9270182804476121,3.6530198844086925,2.6105345851501482,2.3613871551386723,-50.50935403573684
2026-04-15T14:33:19.977,4.003083229248716,4.005844831815054,4.00417685533624,4.003778219448222,-0.040748322858947444,1.9270182804476121,3.6530198844086925,2.6105345851501482,2.3613871551386723,-50.50935403573684
2026-04-15T14:33:20.086,4.00297045725408,4.005440950717983,4.004056215528024,4.003592014526845,-0.045737303736839104,1.856535783800184,3.400594198739171,2.5351347050150963,2.2450090792780486,-50.57171629671049
2026-04-15T14:33:20.195,4.00297045725408,4.005440950717983,4.004056215528024,4.003592014526845,-0.045737303736839104,1.856535783800184,3.400594198739171,2.5351347050150963,2.2450090792780486,-50.57171629671049
2026-04-15T14:33:20.304,4.00297045725408,4.005440950717983,4.004056215528024,4.003592014526845,-0.045737303736839104,1.856535783800184,3.400594198739171,2.5351347050150963,2.2450090792780486,-50.57171629671049
2026-04-15T14:33:20.412,4.00285244005039,4.005506515831144,4.003977537392231,4.002983570276712,-0.04677294048594236,1.7827750314935997,3.4415723944647425,2.4859608701444103,1.8647314229447431,-50.584661756074276
2026-04-15T14:33:20.521,4.00285244005039,4.005506515831144,4.003977537392231,4.002983570276712,-0.04677294048594236,1.7827750314935997,3.4415723944647425,2.4859608701444103,1.8647314229447431,-50.584661756074276
2026-04-15T14:33:20.631,4.00285244005039,4.005506515831144,4.003977537392231,4.002983570276712,-0.04677294048594236,1.7827750314935997,3.4415723944647425,2.4859608701444103,1.8647314229447431,-50.584661756074276
2026-04-15T14:33:20.741,4.003363847933045,4.005540609689987,4.003932953115282,4.002723932428594,-0.043601302941813636,2.102404958153059,3.46288105624204,2.4580956970510215,1.7024577678714792,-50.54501628677267
2026-04-15T14:33:20.849,4.003363847933045,4.005540609689987,4.003932953115282,4.002723932428594,-0.043601302941813636,2.102404958153059,3.46288105624204,2.4580956970510215,1.7024577678714792,-50.54501628677267
2026-04-15T14:33:20.958,4.003363847933045,4.005540609689987,4.003932953115282,4.002723932428594,-0.043601302941813636,2.102404958153059,3.46288105624204,2.4580956970510215,1.7024577678714792,-50.54501628677267
2026-04-15T14:33:21.070,4.003990650414863,4.005047560039017,4.004150629290976,4.003067493621558,-0.050556997838435036,2.4941565092895246,3.1547250243857405,2.5941433068599196,1.917183513473475,-50.63196247298044
2026-04-15T14:33:21.178,4.003990650414863,4.005047560039017,4.004150629290976,4.003067493621558,-0.050556997838435036,2.4941565092895246,3.1547250243857405,2.5941433068599196,1.917183513473475,-50.63196247298044
2026-04-15T14:33:21.287,4.003990650414863,4.005047560039017,4.004150629290976,4.003067493621558,-0.050556997838435036,2.4941565092895246,3.1547250243857405,2.5941433068599196,1.917183513473475,-50.63196247298044
2026-04-15T14:33:21.396,4.003051757994399,4.004488945274886,4.003893614047386,4.003088474457769,-0.049854955619091,1.9073487464993377,2.8055907968038696,2.4335087796162336,1.9302965361056579,-50.62318694523864
2026-04-15T14:33:21.505,4.003051757994399,4.004488945274886,4.003893614047386,4.003088474457769,-0.049854955619091,1.9073487464993377,2.8055907968038696,2.4335087796162336,1.9302965361056579,-50.62318694523864
2026-04-15T14:33:21.615,4.003051757994399,4.004488945274886,4.003893614047386,4.003088474457769,-0.049854955619091,1.9073487464993377,2.8055907968038696,2.4335087796162336,1.9302965361056579,-50.62318694523864
2026-04-15T14:33:21.724,4.003321886260622,4.005058050457123,4.004014253855601,4.003342867096833,-0.04979022832227205,2.076178912888693,3.161281535701832,2.5089086597507304,2.089291935520876,-50.6223778540284
2026-04-15T14:33:21.834,4.003321886260622,4.005058050457123,4.004014253855601,4.003342867096833,-0.04979022832227205,2.076178912888693,3.161281535701832,2.5089086597507304,2.089291935520876,-50.6223778540284
2026-04-15T14:33:21.944,4.003321886260622,4.005058050457123,4.004014253855601,4.003342867096833,-0.04979022832227205,2.076178912888693,3.161281535701832,2.5089086597507304,2.089291935520876,-50.6223778540284
2026-04-15T14:33:22.054,4.003266811565567,4.0050554278525965,4.004349947234985,4.002954721626921,-0.04756958413909872,2.041757228479213,3.159642407872809,2.7187170218656576,1.8467010168254916,-50.59461980173874
2026-04-15T14:33:22.165,4.003266811565567,4.0050554278525965,4.004349947234985,4.002954721626921,-0.04756958413909872,2.041757228479213,3.159642407872809,2.7187170218656576,1.8467010168254916,-50.59461980173874
2026-04-15T14:33:22.274,4.003266811565567,4.0050554278525965,4.004349947234985,4.002954721626921,-0.04756958413909872,2.041757228479213,3.159642407872809,2.7187170218656576,1.8467010168254916,-50.59461980173874
2026-04-15T14:33:22.383,4.00353693983179,4.005034447016385,4.003883123629279,4.002959966835974,-0.04705674478737932,2.2105873948685684,3.146529385240626,2.426952268299587,1.8499792724835373,-50.58820930984225
2026-04-15T14:33:22.493,4.00353693983179,4.005034447016385,4.003883123629279,4.002959966835974,-0.04705674478737932,2.2105873948685684,3.146529385240626,2.426952268299587,1.8499792724835373,-50.58820930984225
2026-04-15T14:33:22.604,4.00353693983179,4.005034447016385,4.003883123629279,4.002959966835974,-0.04705674478737932,2.2105873948685684,3.146529385240626,2.426952268299587,1.8499792724835373,-50.58820930984225
2026-04-15T14:33:22.711,4.004182100545293,4.005076408688808,4.003502845972946,4.003809690702539,-0.045632744257362336,2.613812840808194,3.172755430504992,2.189278733091271,2.3810566890869467,-50.57040930321703
2026-04-15T14:33:22.819,4.004182100545293,4.005076408688808,4.003502845972946,4.003809690702539,-0.045632744257362336,2.613812840808194,3.172755430504992,2.189278733091271,2.3810566890869467,-50.57040930321703
2026-04-15T14:33:22.929,4.004182100545293,4.005076408688808,4.003502845972946,4.003809690702539,-0.045632744257362336,2.613812840808194,3.172755430504992,2.189278733091271,2.3810566890869467,-50.57040930321703
2026-04-15T14:33:23.038,4.003067493621558,4.005503893226617,4.003675937871691,4.002949476417868,-0.05268801961062828,1.917183513473475,3.4399332666357196,2.2974611698067804,1.8434227611674459,-50.65860024513286
2026-04-15T14:33:23.146,4.003067493621558,4.005503893226617,4.003675937871691,4.002949476417868,-0.05268801961062828,1.917183513473475,3.4399332666357196,2.2974611698067804,1.8434227611674459,-50.65860024513286
2026-04-15T14:33:23.254,4.003067493621558,4.005503893226617,4.003675937871691,4.002949476417868,-0.05268801961062828,1.917183513473475,3.4399332666357196,2.2974611698067804,1.8434227611674459,-50.65860024513286
2026-04-15T14:33:23.363,4.003550052854422,4.004819393445217,4.003618240572109,4.002881288700181,-0.0508607182312009,2.2187830340136827,3.012120903260751,2.2614003575682773,1.8008054376128513,-50.63575897789001
2026-04-15T14:33:23.471,4.003550052854422,4.004819393445217,4.003618240572109,4.002881288700181,-0.0508607182312009,2.2187830340136827,3.012120903260751,2.2614003575682773,1.8008054376128513,-50.63575897789001
2026-04-15T14:33:23.581,4.003550052854422,4.004819393445217,4.003618240572109,4.002881288700181,-0.0508607182312009,2.2187830340136827,3.012120903260751,2.2614003575682773,1.8008054376128513,-50.63575897789001
2026-04-15T14:33:23.690,4.003411054814521,4.004732847495845,4.004048347714445,4.003479242532208,-0.045787093965161375,2.1319092590754707,2.9580296849029963,2.5302173215280277,2.1745265826300653,-50.57233867456452
2026-04-15T14:33:23.800,4.003411054814521,4.004732847495845,4.004048347714445,4.003479242532208,-0.045787093965161375,2.1319092590754707,2.9580296849029963,2.5302173215280277,2.1745265826300653,-50.57233867456452
2026-04-15T14:33:23.909,4.003411054814521,4.004732847495845,4.004048347714445,4.003479242532208,-0.045787093965161375,2.1319092590754707,2.9580296849029963,2.5302173215280277,2.1745265826300653,-50.57233867456452
2026-04-15T14:33:24.019,4.003633976199268,4.005684852938941,4.004098177200447,4.002797365355335,-0.04867990623068538,2.2712351245424145,3.5530330868382975,2.561360750279462,1.7483533470841195,-50.608498827883565
2026-04-15T14:33:24.127,4.003633976199268,4.005684852938941,4.004098177200447,4.002797365355335,-0.04867990623068538,2.2712351245424145,3.5530330868382975,2.561360750279462,1.7483533470841195,-50.608498827883565
2026-04-15T14:33:24.236,4.003633976199268,4.005684852938941,4.004098177200447,4.002797365355335,-0.04867990623068538,2.2712351245424145,3.5530330868382975,2.561360750279462,1.7483533470841195,-50.608498827883565
2026-04-15T14:33:24.346,4.003064871017031,4.004567623410679,4.00414013887287,4.003453016486944,-0.04247106475889806,1.915544385644452,2.8547646316745556,2.587586795543828,2.1581353043398366,-50.53088830948622
2026-04-15T14:33:24.455,4.003064871017031,4.004567623410679,4.00414013887287,4.003453016486944,-0.04247106475889806,1.915544385644452,2.8547646316745556,2.587586795543828,2.1581353043398366,-50.53088830948622
2026-04-15T14:33:24.562,4.003064871017031,4.004567623410679,4.00414013887287,4.003453016486944,-0.04247106475889806,1.915544385644452,2.8547646316745556,2.587586795543828,2.1581353043398366,-50.53088830948622
2026-04-15T14:33:24.672,4.003022909344608,4.005094766920493,4.0038962366519115,4.00288915651376,-0.03498759344206057,1.8893183403800862,3.184229325308152,2.4351479074447013,1.8057228210999199,-50.43734491802576
2026-04-15T14:33:24.779,4.003022909344608,4.005094766920493,4.0038962366519115,4.00288915651376,-0.03498759344206057,1.8893183403800862,3.184229325308152,2.4351479074447013,1.8057228210999199,-50.43734491802576
2026-04-15T14:33:24.900,4.003022909344608,4.005094766920493,4.0038962366519115,4.00288915651376,-0.03498759344206057,1.8893183403800862,3.184229325308152,2.4351479074447013,1.8057228210999199,-50.43734491802576
2026-04-15T14:33:25.011,4.003578901504213,4.00536227258219,4.003849029770436,4.00243282332616,-0.04379548483227049,2.2368134401329343,3.3514203638684847,2.4056436065222897,1.5205145788499408,-50.54744356040338
2026-04-15T14:33:25.120,4.003578901504213,4.00536227258219,4.003849029770436,4.00243282332616,-0.04379548483227049,2.2368134401329343,3.3514203638684847,2.4056436065222897,1.5205145788499408,-50.54744356040338
2026-04-15T14:33:25.228,4.003578901504213,4.00536227258219,4.003849029770436,4.00243282332616,-0.04379548483227049,2.2368134401329343,3.3514203638684847,2.4056436065222897,1.5205145788499408,-50.54744356040338
2026-04-15T14:33:25.336,4.003618240572109,4.005194425892498,4.0037519934029575,4.003156662175456,-0.03507223683020843,2.2614003575682773,3.246516182811021,2.3449958768484436,1.9729138596602525,-50.4384029603776
2026-04-15T14:33:25.443,4.003618240572109,4.005194425892498,4.0037519934029575,4.003156662175456,-0.03507223683020843,2.2614003575682773,3.246516182811021,2.3449958768484436,1.9729138596602525,-50.4384029603776
2026-04-15T14:33:25.550,4.003618240572109,4.005194425892498,4.0037519934029575,4.003156662175456,-0.03507223683020843,2.2614003575682773,3.246516182811021,2.3449958768484436,1.9729138596602525,-50.4384029603776
2026-04-15T14:33:25.656,4.003489732950314,4.005294084864502,4.003843784561383,4.002773761914597,-0.047046786741714856,2.1810830939461567,3.30880304031389,2.402365350864244,1.7336011966229137,-50.58808483427144
2026-04-15T14:33:25.768,4.003489732950314,4.005294084864502,4.003843784561383,4.002773761914597,-0.047046786741714856,2.1810830939461567,3.30880304031389,2.402365350864244,1.7336011966229137,-50.58808483427144
2026-04-15T14:33:25.878,4.003489732950314,4.005294084864502,4.003843784561383,4.002773761914597,-0.047046786741714856,2.1810830939461567,3.30880304031389,2.402365350864244,1.7336011966229137,-50.58808483427144
2026-04-15T14:33:25.987,4.002983570276712,4.005233764960394,4.004024744273707,4.002545595320797,-0.04788824160036126,1.8647314229447431,3.271103100246364,2.515465171066822,1.5909970754979241,-50.59860302000452
2026-04-15T14:33:26.095,4.002983570276712,4.005233764960394,4.004024744273707,4.002545595320797,-0.04788824160036126,1.8647314229447431,3.271103100246364,2.515465171066822,1.5909970754979241,-50.59860302000452
2026-04-15T14:33:26.202,4.002983570276712,4.005233764960394,4.004024744273707,4.002545595320797,-0.04788824160036126,1.8647314229447431,3.271103100246364,2.515465171066822,1.5909970754979241,-50.59860302000452
2026-04-15T14:33:26.310,4.0033376218877805,4.005475044576826,4.0035238268091575,4.003188133429774,-0.05601400686255606,2.0860136798628304,3.421902860516468,2.202391755723454,1.9925833936085269,-50.70017508578195
2026-04-15T14:33:26.418,4.0033376218877805,4.005475044576826,4.0035238268091575,4.003188133429774,-0.05601400686255606,2.0860136798628304,3.421902860516468,2.202391755723454,1.9925833936085269,-50.70017508578195
2026-04-15T14:33:26.527,4.0033376218877805,4.005475044576826,4.0035238268091575,4.003188133429774,-0.05601400686255606,2.0860136798628304,3.421902860516468,2.202391755723454,1.9925833936085269,-50.70017508578195
2026-04-15T14:33:26.637,4.003274679379146,4.005406856859139,4.004009008646548,4.002899646931866,-0.046055961198101646,2.0466746119662815,3.3792855369618735,2.5056304040926847,1.8122793324160114,-50.57569951497627
2026-04-15T14:33:26.761,4.003274679379146,4.005406856859139,4.004009008646548,4.002899646931866,-0.046055961198101646,2.0466746119662815,3.3792855369618735,2.5056304040926847,1.8122793324160114,-50.57569951497627
2026-04-15T14:33:26.856,4.003274679379146,4.005406856859139,4.004009008646548,4.002899646931866,-0.046055961198101646,2.0466746119662815,3.3792855369618735,2.5056304040926847,1.8122793324160114,-50.57569951497627
2026-04-15T14:33:26.979,4.003479242532208,4.005587816571463,4.00383853935233,4.002994060694817,-0.04630989136254523,2.1745265826300653,3.4923853571644514,2.3990870952061982,1.8712879342608346,-50.578873642031816
2026-04-15T14:33:27.089,4.003479242532208,4.005587816571463,4.00383853935233,4.002994060694817,-0.04630989136254523,2.1745265826300653,3.4923853571644514,2.3990870952061982,1.8712879342608346,-50.578873642031816
2026-04-15T14:33:27.198,4.003479242532208,4.005587816571463,4.00383853935233,4.002994060694817,-0.04630989136254523,2.1745265826300653,3.4923853571644514,2.3990870952061982,1.8712879342608346,-50.578873642031816
2026-04-15T14:33:27.307,4.003780842052748,4.005141973801969,4.003870010606647,4.002655744710907,-0.04509998881431402,2.363026282967695,3.213733626230564,2.4187566291544726,1.6598404443168846,-50.56374986017893
2026-04-15T14:33:27.416,4.003780842052748,4.005141973801969,4.003870010606647,4.002655744710907,-0.04509998881431402,2.363026282967695,3.213733626230564,2.4187566291544726,1.6598404443168846,-50.56374986017893
2026-04-15T14:33:27.525,4.003780842052748,4.005141973801969,4.003870010606647,4.002655744710907,-0.04509998881431402,2.363026282967695,3.213733626230564,2.4187566291544726,1.6598404443168846,-50.56374986017893
2026-04-15T14:33:27.635,4.002671480338066,4.004945278462486,4.003890991442859,4.0028209687960725,-0.04648913618450541,1.6696752112910218,3.0907990390538487,2.4318696517866556,1.7631054975453253,-50.581114202306324
2026-04-15T14:33:27.745,4.002671480338066,4.004945278462486,4.003890991442859,4.0028209687960725,-0.04648913618450541,1.6696752112910218,3.0907990390538487,2.4318696517866556,1.7631054975453253,-50.581114202306324
2026-04-15T14:33:27.853,4.002671480338066,4.004945278462486,4.003890991442859,4.0028209687960725,-0.04648913618450541,1.6696752112910218,3.0907990390538487,2.4318696517866556,1.7631054975453253,-50.581114202306324
2026-04-15T14:33:27.963,4.003306150633463,4.005105257338599,4.003489732950314,4.0027370454512265,-0.04069853263062517,2.066344145914556,3.1907858366242436,2.1810830939461567,1.7106534070165935,-50.50873165788281
2026-04-15T14:33:28.071,4.003306150633463,4.005105257338599,4.003489732950314,4.0027370454512265,-0.04069853263062517,2.066344145914556,3.1907858366242436,2.1810830939461567,1.7106534070165935,-50.50873165788281
2026-04-15T14:33:28.179,4.003306150633463,4.005105257338599,4.003489732950314,4.0027370454512265,-0.04069853263062517,2.066344145914556,3.1907858366242436,2.1810830939461567,1.7106534070165935,-50.50873165788281
2026-04-15T14:33:28.288,4.003101587480401,4.005351782164084,4.003925085301702,4.003046512785346,-0.03703895084893818,1.9384921752507722,3.3448638525523933,2.453178313563953,1.904070490841292,-50.46298688561173
2026-04-15T14:33:28.398,4.003101587480401,4.005351782164084,4.003925085301702,4.003046512785346,-0.03703895084893818,1.9384921752507722,3.3448638525523933,2.453178313563953,1.904070490841292,-50.46298688561173
2026-04-15T14:33:28.506,4.003101587480401,4.005351782164084,4.003925085301702,4.003046512785346,-0.03703895084893818,1.9384921752507722,3.3448638525523933,2.453178313563953,1.904070490841292,-50.46298688561173
2026-04-15T14:33:28.615,4.003904104465491,4.005275726632817,4.00395655655602,4.0029888154857645,-0.0450402405403273,2.44006529093177,3.29732914551073,2.4728478475122273,1.8680096786027889,-50.563003006754094
2026-04-15T14:33:28.725,4.003904104465491,4.005275726632817,4.00395655655602,4.0029888154857645,-0.0450402405403273,2.44006529093177,3.29732914551073,2.4728478475122273,1.8680096786027889,-50.563003006754094
2026-04-15T14:33:28.831,4.003904104465491,4.005275726632817,4.00395655655602,4.0029888154857645,-0.0450402405403273,2.44006529093177,3.29732914551073,2.4728478475122273,1.8680096786027889,-50.563003006754094
2026-04-15T14:33:28.942,4.003083229248716,4.005288839655449,4.0036680700581115,4.003201246452406,-0.04902345880610906,1.9270182804476121,3.3055247846558444,2.292543786319712,2.000779032753641,-50.61279323507636
2026-04-15T14:33:29.050,4.003083229248716,4.005288839655449,4.0036680700581115,4.003201246452406,-0.04902345880610906,1.9270182804476121,3.3055247846558444,2.292543786319712,2.000779032753641,-50.61279323507636
2026-04-15T14:33:29.160,4.003083229248716,4.005288839655449,4.0036680700581115,4.003201246452406,-0.04902345880610906,1.9270182804476121,3.3055247846558444,2.292543786319712,2.000779032753641,-50.61279323507636
2026-04-15T14:33:29.268,4.003657579640006,4.005425215090824,4.004050970318971,4.003209114265985,-0.04744012954546081,2.2859872750036203,3.3907594317650336,2.5318564493570506,2.00569641624071,-50.59300161931826
2026-04-15T14:33:29.379,4.003657579640006,4.005425215090824,4.004050970318971,4.003209114265985,-0.04744012954546081,2.2859872750036203,3.3907594317650336,2.5318564493570506,2.00569641624071,-50.59300161931826
2026-04-15T14:33:29.487,4.003657579640006,4.005425215090824,4.004050970318971,4.003209114265985,-0.04744012954546081,2.2859872750036203,3.3907594317650336,2.5318564493570506,2.00569641624071,-50.59300161931826
2026-04-15T14:33:29.598,4.002813100982493,4.005461931554194,4.004032612087286,4.003138303943771,-0.04037987516936263,1.7581881140582567,3.4137072213713537,2.5203825545538905,1.9614399648570924,-50.50474843961703
2026-04-15T14:33:29.706,4.002813100982493,4.005461931554194,4.004032612087286,4.003138303943771,-0.04037987516936263,1.7581881140582567,3.4137072213713537,2.5203825545538905,1.9614399648570924,-50.50474843961703
2026-04-15T14:33:29.816,4.002813100982493,4.005461931554194,4.004032612087286,4.003138303943771,-0.04037987516936263,1.7581881140582567,3.4137072213713537,2.5203825545538905,1.9614399648570924,-50.50474843961703
2026-04-15T14:33:29.924,4.003397941791889,4.005587816571463,4.00399327301939,4.003489732950314,-0.042685162740683825,2.1237136199303563,3.4923853571644514,2.4957956371185475,2.1810830939461567,-50.533564534258545
2026-04-15T14:33:30.033,4.003397941791889,4.005587816571463,4.00399327301939,4.003489732950314,-0.042685162740683825,2.1237136199303563,3.4923853571644514,2.4957956371185475,2.1810830939461567,-50.533564534258545
2026-04-15T14:33:30.157,4.003397941791889,4.005587816571463,4.00399327301939,4.003489732950314,-0.042685162740683825,2.1237136199303563,3.4923853571644514,2.4957956371185475,2.1810830939461567,-50.533564534258545
2026-04-15T14:33:30.254,4.003376960955677,4.005252123192079,4.003943443533387,4.00326418896104,-0.042072742932319884,2.1106005972981734,3.2825769950495243,2.464652208367113,2.04011810065019,-50.525909286654006
2026-04-15T14:33:30.360,4.003376960955677,4.005252123192079,4.003943443533387,4.00326418896104,-0.042072742932319884,2.1106005972981734,3.2825769950495243,2.464652208367113,2.04011810065019,-50.525909286654006
2026-04-15T14:33:30.469,4.003376960955677,4.005252123192079,4.003943443533387,4.00326418896104,-0.042072742932319884,2.1106005972981734,3.2825769950495243,2.464652208367113,2.04011810065019,-50.525909286654006
2026-04-15T14:33:30.577,4.0026767255471185,4.004932165439854,4.004145384081923,4.003046512785346,-0.04088275647541758,1.6729534669490675,3.0826033999087343,2.590865051201874,1.904070490841292,-50.51103445594271
2026-04-15T14:33:30.686,4.0026767255471185,4.004932165439854,4.004145384081923,4.003046512785346,-0.04088275647541758,1.6729534669490675,3.0826033999087343,2.590865051201874,1.904070490841292,-50.51103445594271
2026-04-15T14:33:30.796,4.0026767255471185,4.004932165439854,4.004145384081923,4.003046512785346,-0.04088275647541758,1.6729534669490675,3.0826033999087343,2.590865051201874,1.904070490841292,-50.51103445594271
2026-04-15T14:33:30.905,4.003434658255259,4.005517006249249,4.003741502984852,4.003224849893144,-0.03989193093180436,2.1466614095366765,3.448128905780834,2.338439365532352,2.015531183214847,-50.49864913664756
2026-04-15T14:33:31.016,4.003434658255259,4.005517006249249,4.003741502984852,4.003224849893144,-0.03989193093180436,2.1466614095366765,3.448128905780834,2.338439365532352,2.015531183214847,-50.49864913664756
2026-04-15T14:33:31.125,4.003434658255259,4.005517006249249,4.003741502984852,4.003224849893144,-0.03989193093180436,2.1466614095366765,3.448128905780834,2.338439365532352,2.015531183214847,-50.49864913664756
2026-04-15T14:33:31.234,4.0028209687960725,4.005645513871045,4.004037857296339,4.003736257775799,-0.035883817551861465,1.7631054975453253,3.5284461694029545,2.5236608102119362,2.3351611098743064,-50.44854771939827
2026-04-15T14:33:31.345,4.0028209687960725,4.005645513871045,4.004037857296339,4.003736257775799,-0.035883817551861465,1.7631054975453253,3.5284461694029545,2.5236608102119362,2.3351611098743064,-50.44854771939827
2026-04-15T14:33:31.453,4.0028209687960725,4.005645513871045,4.004037857296339,4.003736257775799,-0.035883817551861465,1.7631054975453253,3.5284461694029545,2.5236608102119362,2.3351611098743064,-50.44854771939827
2026-04-15T14:33:31.562,4.003188133429774,4.004871845535746,4.003925085301702,4.003799200284433,-0.03603318823682829,1.9925833936085269,3.0449034598412084,2.453178313563953,2.374500177770855,-50.45041485296036
2026-04-15T14:33:31.670,4.003188133429774,4.004871845535746,4.003925085301702,4.003799200284433,-0.03603318823682829,1.9925833936085269,3.0449034598412084,2.453178313563953,2.374500177770855,-50.45041485296036
2026-04-15T14:33:31.778,4.003188133429774,4.004871845535746,4.003925085301702,4.003799200284433,-0.03603318823682829,1.9925833936085269,3.0449034598412084,2.453178313563953,2.374500177770855,-50.45041485296036
2026-04-15T14:33:31.887,4.00311732310756,4.0056140426167275,4.0037336351712725,4.003334999283254,-0.03851772063010966,1.9483269422249094,3.50877663545468,2.3335219820452835,2.0843745520338075,-50.48147150787637
2026-04-15T14:33:31.997,4.00311732310756,4.0056140426167275,4.0037336351712725,4.003334999283254,-0.03851772063010966,1.9483269422249094,3.50877663545468,2.3335219820452835,2.0843745520338075,-50.48147150787637
2026-04-15T14:33:32.106,4.00311732310756,4.0056140426167275,4.0037336351712725,4.003334999283254,-0.03851772063010966,1.9483269422249094,3.50877663545468,2.3335219820452835,2.0843745520338075,-50.48147150787637
2026-04-15T14:33:32.230,4.003804445493486,4.004793167399953,4.004266023890139,4.002797365355335,-0.039145077506970286,2.377778433428901,2.9957296249705223,2.6662649313369258,1.7483533470841195,-50.489313468837125
2026-04-15T14:33:32.326,4.003804445493486,4.004793167399953,4.004266023890139,4.002797365355335,-0.039145077506970286,2.377778433428901,2.9957296249705223,2.6662649313369258,1.7483533470841195,-50.489313468837125
2026-04-15T14:33:32.434,4.003804445493486,4.004793167399953,4.004266023890139,4.002797365355335,-0.039145077506970286,2.377778433428901,2.9957296249705223,2.6662649313369258,1.7483533470841195,-50.489313468837125
2026-04-15T14:33:32.557,4.002765894101017,4.005008220971121,4.003631353594741,4.00361037275853,-0.04080309211010194,1.728683813135845,3.1301381069503975,2.2695959967133916,2.2564829740812087,-50.51003865137628
2026-04-15T14:33:32.666,4.002765894101017,4.005008220971121,4.003631353594741,4.00361037275853,-0.04080309211010194,1.728683813135845,3.1301381069503975,2.2695959967133916,2.2564829740812087,-50.51003865137628
2026-04-15T14:33:32.774,4.002765894101017,4.005008220971121,4.003631353594741,4.00361037275853,-0.04080309211010194,1.728683813135845,3.1301381069503975,2.2695959967133916,2.2564829740812087,-50.51003865137628
2026-04-15T14:33:32.885,4.002752781078385,4.005393743836507,4.004113912827606,4.003363847933045,-0.04239140039358242,1.7204881739907307,3.371089897816759,2.5711955172535994,2.102404958153059,-50.52989250491978
2026-04-15T14:33:32.996,4.002752781078385,4.005393743836507,4.004113912827606,4.003363847933045,-0.04239140039358242,1.7204881739907307,3.371089897816759,2.5711955172535994,2.102404958153059,-50.52989250491978
2026-04-15T14:33:33.104,4.002752781078385,4.005393743836507,4.004113912827606,4.003363847933045,-0.04239140039358242,1.7204881739907307,3.371089897816759,2.5711955172535994,2.102404958153059,-50.52989250491978
2026-04-15T14:33:33.212,4.0033376218877805,4.005249500587553,4.004011631251075,4.003077984039663,-0.04072342774478631,2.0860136798628304,3.2809378672205014,2.5072695319217075,1.9237400247895664,-50.50904284680983
2026-04-15T14:33:33.322,4.0033376218877805,4.005249500587553,4.004011631251075,4.003077984039663,-0.04072342774478631,2.0860136798628304,3.2809378672205014,2.5072695319217075,1.9237400247895664,-50.50904284680983
2026-04-15T14:33:33.431,4.0033376218877805,4.005249500587553,4.004011631251075,4.003077984039663,-0.04072342774478631,2.0860136798628304,3.2809378672205014,2.5072695319217075,1.9237400247895664,-50.50904284680983
2026-04-15T14:33:33.542,4.003712654335061,4.005000353157541,4.003775596843695,4.003458261695997,-0.03615766380763396,2.3204089594131005,3.125220723463329,2.3597480273096494,2.1614135599978823,-50.45197079759542
2026-04-15T14:33:33.649,4.003712654335061,4.005000353157541,4.003775596843695,4.003458261695997,-0.03615766380763396,2.3204089594131005,3.125220723463329,2.3597480273096494,2.1614135599978823,-50.45197079759542
2026-04-15T14:33:33.760,4.003712654335061,4.005000353157541,4.003775596843695,4.003458261695997,-0.03615766380763396,2.3204089594131005,3.125220723463329,2.3597480273096494,2.1614135599978823,-50.45197079759542
2026-04-15T14:33:33.867,4.003041267576293,4.005239010169447,4.003922462697176,4.003253698542935,-0.04275984808316724,1.9007922351832462,3.27438135590441,2.45153918573493,2.0335615893340986,-50.534498101039595
2026-04-15T14:33:33.979,4.003041267576293,4.005239010169447,4.003922462697176,4.003253698542935,-0.04275984808316724,1.9007922351832462,3.27438135590441,2.45153918573493,2.0335615893340986,-50.534498101039595
2026-04-15T14:33:34.087,4.003041267576293,4.005239010169447,4.003922462697176,4.003253698542935,-0.04275984808316724,1.9007922351832462,3.27438135590441,2.45153918573493,2.0335615893340986,-50.534498101039595
2026-04-15T14:33:34.198,4.003340244492307,4.005141973801969,4.004048347714445,4.003759861216538,-0.04083794526992753,2.0876528076918532,3.213733626230564,2.5302173215280277,2.3499132603360673,-50.5104743158741
2026-04-15T14:33:34.305,4.003340244492307,4.005141973801969,4.004048347714445,4.003759861216538,-0.04083794526992753,2.0876528076918532,3.213733626230564,2.5302173215280277,2.3499132603360673,-50.5104743158741
2026-04-15T14:33:34.415,4.003340244492307,4.005141973801969,4.004048347714445,4.003759861216538,-0.04083794526992753,2.0876528076918532,3.213733626230564,2.5302173215280277,2.3499132603360673,-50.5104743158741
2026-04-15T14:33:34.524,4.003167152593562,4.005288839655449,4.003846407165909,4.003392696582836,-0.03991184702313328,1.979470370976344,3.3055247846558444,2.404004478693267,2.1204353642723106,-50.498898087789165
2026-04-15T14:33:34.633,4.003167152593562,4.005288839655449,4.003846407165909,4.003392696582836,-0.03991184702313328,1.979470370976344,3.3055247846558444,2.404004478693267,2.1204353642723106,-50.498898087789165
2026-04-15T14:33:34.742,4.003167152593562,4.005288839655449,4.003846407165909,4.003392696582836,-0.03991184702313328,1.979470370976344,3.3055247846558444,2.404004478693267,2.1204353642723106,-50.498898087789165
2026-04-15T14:33:34.852,4.003266811565567,4.005336046536925,4.003581524108739,4.003534317227263,-0.037128573259918266,2.041757228479213,3.335029085578256,2.238452567961957,2.2089482670395455,-50.464107165748985
2026-04-15T14:33:34.960,4.003266811565567,4.005336046536925,4.003581524108739,4.003534317227263,-0.037128573259918266,2.041757228479213,3.335029085578256,2.238452567961957,2.2089482670395455,-50.464107165748985
2026-04-15T14:33:35.068,4.003266811565567,4.005336046536925,4.003581524108739,4.003534317227263,-0.037128573259918266,2.041757228479213,3.335029085578256,2.238452567961957,2.2089482670395455,-50.464107165748985
2026-04-15T14:33:35.178,4.00338220616473,4.005021333993753,4.003870010606647,4.0026347638746955,-0.03718832153390499,2.113878852956219,3.138333746095512,2.4187566291544726,1.6467274216847017,-50.46485401917381
2026-04-15T14:33:35.288,4.00338220616473,4.005021333993753,4.003870010606647,4.0026347638746955,-0.03718832153390499,2.113878852956219,3.138333746095512,2.4187566291544726,1.6467274216847017,-50.46485401917381
2026-04-15T14:33:35.398,4.00338220616473,4.005021333993753,4.003870010606647,4.0026347638746955,-0.03718832153390499,2.113878852956219,3.138333746095512,2.4187566291544726,1.6467274216847017,-50.46485401917381
2026-04-15T14:33:35.506,4.0031330587347185,4.005414724672718,4.003494978159367,4.004043102505392,-0.033090585742982,1.9581617091990466,3.384202920448942,2.1843613496042025,2.526939065869982,-50.41363232178727
2026-04-15T14:33:35.614,4.0031330587347185,4.005414724672718,4.003494978159367,4.004043102505392,-0.033090585742982,1.9581617091990466,3.384202920448942,2.1843613496042025,2.526939065869982,-50.41363232178727
2026-04-15T14:33:35.722,4.0031330587347185,4.005414724672718,4.003494978159367,4.004043102505392,-0.033090585742982,1.9581617091990466,3.384202920448942,2.1843613496042025,2.526939065869982,-50.41363232178727
2026-04-15T14:33:35.831,4.00258755699322,4.005537987085461,4.003626108385689,4.003269434170093,-0.03357852998054027,1.61722312076229,3.461241928413017,2.266317741055901,2.043396356308236,-50.41973162475676
2026-04-15T14:33:35.939,4.00258755699322,4.005537987085461,4.003626108385689,4.003269434170093,-0.03357852998054027,1.61722312076229,3.461241928413017,2.266317741055901,2.043396356308236,-50.41973162475676
2026-04-15T14:33:36.047,4.00258755699322,4.005537987085461,4.003626108385689,4.003269434170093,-0.03357852998054027,1.61722312076229,3.461241928413017,2.266317741055901,2.043396356308236,-50.41973162475676
2026-04-15T14:33:36.159,4.003702163916955,4.005687475543468,4.003951311346967,4.002257108822889,-0.0312782214320513,2.313852448097009,3.5546722146673204,2.4695695918541816,1.4106930143054086,-50.390977767900644
2026-04-15T14:33:36.268,4.003702163916955,4.005687475543468,4.003951311346967,4.002257108822889,-0.0312782214320513,2.313852448097009,3.5546722146673204,2.4695695918541816,1.4106930143054086,-50.390977767900644
2026-04-15T14:33:36.378,4.003702163916955,4.005687475543468,4.003951311346967,4.002257108822889,-0.0312782214320513,2.313852448097009,3.5546722146673204,2.4695695918541816,1.4106930143054086,-50.390977767900644
2026-04-15T14:33:36.488,4.003563165877054,4.0051157477567045,4.003922462697176,4.002716064615016,-0.03159687889331384,2.226978673158797,3.197342347940335,2.45153918573493,1.6975403843849657,-50.394960986166424
2026-04-15T14:33:36.596,4.003563165877054,4.0051157477567045,4.003922462697176,4.002716064615016,-0.03159687889331384,2.226978673158797,3.197342347940335,2.45153918573493,1.6975403843849657,-50.394960986166424
2026-04-15T14:33:36.705,4.003563165877054,4.0051157477567045,4.003922462697176,4.002716064615016,-0.03159687889331384,2.226978673158797,3.197342347940335,2.45153918573493,1.6975403843849657,-50.394960986166424
2026-04-15T14:33:36.813,4.003159284779983,4.005068540875229,4.003786087261801,4.003098964875875,-0.03091973178813094,1.9745529874892753,3.1678380470179235,2.366304538625741,1.9368530474217494,-50.38649664735164
2026-04-15T14:33:36.922,4.003159284779983,4.005068540875229,4.003786087261801,4.003098964875875,-0.03091973178813094,1.9745529874892753,3.1678380470179235,2.366304538625741,1.9368530474217494,-50.38649664735164
2026-04-15T14:33:37.031,4.003159284779983,4.005068540875229,4.003786087261801,4.003098964875875,-0.03091973178813094,1.9745529874892753,3.1678380470179235,2.366304538625741,1.9368530474217494,-50.38649664735164
2026-04-15T14:33:37.139,4.00308060664419,4.004651546755525,4.003940820928861,4.002952099022394,-0.026856849157033545,1.9253791526185893,2.9072167222032874,2.46301308053809,1.8450618889964687,-50.33571061446291
2026-04-15T14:33:37.248,4.00308060664419,4.004651546755525,4.003940820928861,4.002952099022394,-0.026856849157033545,1.9253791526185893,2.9072167222032874,2.46301308053809,1.8450618889964687,-50.33571061446291
2026-04-15T14:33:37.357,4.00308060664419,4.004651546755525,4.003940820928861,4.002952099022394,-0.026856849157033545,1.9253791526185893,2.9072167222032874,2.46301308053809,1.8450618889964687,-50.33571061446291
2026-04-15T14:33:37.467,4.002511501461953,4.00584745441958,4.004108667618553,4.0027186872195415,-0.0304915358245594,1.5696884137206268,3.6546590122377154,2.5679172615955537,1.6991795122134334,-50.38114419780699
2026-04-15T14:33:37.576,4.002511501461953,4.00584745441958,4.004108667618553,4.0027186872195415,-0.0304915358245594,1.5696884137206268,3.6546590122377154,2.5679172615955537,1.6991795122134334,-50.38114419780699
2026-04-15T14:33:37.685,4.002511501461953,4.00584745441958,4.004108667618553,4.0027186872195415,-0.0304915358245594,1.5696884137206268,3.6546590122377154,2.5679172615955537,1.6991795122134334,-50.38114419780699
2026-04-15T14:33:37.793,4.003114700503033,4.004921675021748,4.00372838996222,4.002723932428594,-0.027653492810189896,1.9466878143958866,3.076046888592643,2.3302437263872378,1.7024577678714792,-50.34566866012737
2026-04-15T14:33:37.917,4.003114700503033,4.004921675021748,4.00372838996222,4.002723932428594,-0.027653492810189896,1.9466878143958866,3.076046888592643,2.3302437263872378,1.7024577678714792,-50.34566866012737
2026-04-15T14:33:38.026,4.003114700503033,4.004921675021748,4.00372838996222,4.002723932428594,-0.027653492810189896,1.9466878143958866,3.076046888592643,2.3302437263872378,1.7024577678714792,-50.34566866012737
2026-04-15T14:33:38.134,4.002398729467316,4.005826473583369,4.003872633211174,4.002582311784168,-0.02949573125811396,1.4992059170726435,3.6415459896055324,2.4203957569834955,1.6139448651047994,-50.36869664072643
2026-04-15T14:33:38.243,4.002398729467316,4.005826473583369,4.003872633211174,4.002582311784168,-0.02949573125811396,1.4992059170726435,3.6415459896055324,2.4203957569834955,1.6139448651047994,-50.36869664072643
2026-04-15T14:33:38.353,4.002398729467316,4.005826473583369,4.003872633211174,4.002582311784168,-0.02949573125811396,1.4992059170726435,3.6415459896055324,2.4203957569834955,1.6139448651047994,-50.36869664072643
2026-04-15T14:33:38.461,4.0035474302498955,4.005388498627454,4.0040640833416035,4.003085851853243,-0.03273209609906164,2.21714390618466,3.3678116421587134,2.540052088502165,1.928657408276635,-50.40915120123827
2026-04-15T14:33:38.570,4.0035474302498955,4.005388498627454,4.0040640833416035,4.003085851853243,-0.03273209609906164,2.21714390618466,3.3678116421587134,2.540052088502165,1.928657408276635,-50.40915120123827
2026-04-15T14:33:38.680,4.0035474302498955,4.005388498627454,4.0040640833416035,4.003085851853243,-0.03273209609906164,2.21714390618466,3.3678116421587134,2.540052088502165,1.928657408276635,-50.40915120123827
2026-04-15T14:33:38.790,4.003167152593562,4.004814148236164,4.003951311346967,4.003085851853243,-0.028380430143695068,1.979470370976344,3.0088426476027053,2.4695695918541816,1.928657408276635,-50.35475537679619
2026-04-15T14:33:38.900,4.003167152593562,4.004814148236164,4.003951311346967,4.003085851853243,-0.028380430143695068,1.979470370976344,3.0088426476027053,2.4695695918541816,1.928657408276635,-50.35475537679619
2026-04-15T14:33:39.007,4.003167152593562,4.004814148236164,4.003951311346967,4.003085851853243,-0.028380430143695068,1.979470370976344,3.0088426476027053,2.4695695918541816,1.928657408276635,-50.35475537679619
2026-04-15T14:33:39.119,4.003652334430953,4.00528097184187,4.003862142793068,4.003468752114102,-0.03755676922348981,2.2827090193455746,3.300607401168776,2.413839245667404,2.167970071313974,-50.46945961529362
2026-04-15T14:33:39.227,4.003652334430953,4.00528097184187,4.003862142793068,4.003468752114102,-0.03755676922348981,2.2827090193455746,3.300607401168776,2.413839245667404,2.167970071313974,-50.46945961529362
2026-04-15T14:33:39.337,4.003652334430953,4.00528097184187,4.003862142793068,4.003468752114102,-0.03755676922348981,2.2827090193455746,3.300607401168776,2.413839245667404,2.167970071313974,-50.46945961529362
2026-04-15T14:33:39.444,4.0030910970622955,4.005496025413038,4.004079818968762,4.003125190921139,-0.032393522546470196,1.9319356639346807,3.435015883148651,2.549886855476302,1.953244325711978,-50.40491903183087
2026-04-15T14:33:39.553,4.0030910970622955,4.005496025413038,4.004079818968762,4.003125190921139,-0.032393522546470196,1.9319356639346807,3.435015883148651,2.549886855476302,1.953244325711978,-50.40491903183087
2026-04-15T14:33:39.662,4.0030910970622955,4.005496025413038,4.004079818968762,4.003125190921139,-0.032393522546470196,1.9319356639346807,3.435015883148651,2.549886855476302,1.953244325711978,-50.40491903183087
2026-04-15T14:33:39.773,4.003172397802615,4.005257368401132,4.004016876460128,4.002702951592383,-0.03214457140485884,1.9827486266343897,3.28585525070757,2.5105477875797533,1.6893447452392962,-50.40180714256074
2026-04-15T14:33:39.882,4.003172397802615,4.005257368401132,4.004016876460128,4.002702951592383,-0.03214457140485884,1.9827486266343897,3.28585525070757,2.5105477875797533,1.6893447452392962,-50.40180714256074
2026-04-15T14:33:39.991,4.003172397802615,4.005257368401132,4.004016876460128,4.002702951592383,-0.03214457140485884,1.9827486266343897,3.28585525070757,2.5105477875797533,1.6893447452392962,-50.40180714256074
2026-04-15T14:33:40.100,4.003251075938408,4.004491567879413,4.004289627330877,4.003156662175456,-0.03548549572528329,2.0319224615050757,2.8072299246328924,2.6810170817981316,1.9729138596602525,-50.44356869656605
2026-04-15T14:33:40.209,4.003251075938408,4.004491567879413,4.004289627330877,4.003156662175456,-0.03548549572528329,2.0319224615050757,2.8072299246328924,2.6810170817981316,1.9729138596602525,-50.44356869656605
2026-04-15T14:33:40.317,4.003251075938408,4.004491567879413,4.004289627330877,4.003156662175456,-0.03548549572528329,2.0319224615050757,2.8072299246328924,2.6810170817981316,1.9729138596602525,-50.44356869656605
2026-04-15T14:33:40.428,4.003442526068838,4.005658626893677,4.003560543272528,4.002110242969408,-0.026752289677556773,2.151578793023745,3.536641808548069,2.225339545329774,1.318901855880128,-50.33440362096946
2026-04-15T14:33:40.535,4.003442526068838,4.005658626893677,4.003560543272528,4.002110242969408,-0.026752289677556773,2.151578793023745,3.536641808548069,2.225339545329774,1.318901855880128,-50.33440362096946
2026-04-15T14:33:40.643,4.003442526068838,4.005658626893677,4.003560543272528,4.002110242969408,-0.026752289677556773,2.151578793023745,3.536641808548069,2.225339545329774,1.318901855880128,-50.33440362096946
2026-04-15T14:33:40.752,4.00315403957093,4.005857944837686,4.004386663698355,4.002679348151645,-0.029455899075456145,1.9712747318312296,3.661215523553807,2.7416648114719777,1.6745925947780904,-50.368198738443205
2026-04-15T14:33:40.861,4.00315403957093,4.005857944837686,4.004386663698355,4.002679348151645,-0.029455899075456145,1.9712747318312296,3.661215523553807,2.7416648114719777,1.6745925947780904,-50.368198738443205
2026-04-15T14:33:40.972,4.00315403957093,4.005857944837686,4.004386663698355,4.002679348151645,-0.029455899075456145,1.9712747318312296,3.661215523553807,2.7416648114719777,1.6745925947780904,-50.368198738443205
2026-04-15T14:33:41.084,4.003571033690633,4.005168199847233,4.003686428289797,4.002445936348792,-0.036028209213996056,2.2318960566458657,3.2301249045207925,2.304017681122872,1.5287102179950551,-50.45035261517496
2026-04-15T14:33:41.192,4.003571033690633,4.005168199847233,4.003686428289797,4.002445936348792,-0.036028209213996056,2.2318960566458657,3.2301249045207925,2.304017681122872,1.5287102179950551,-50.45035261517496
2026-04-15T14:33:41.300,4.003571033690633,4.005168199847233,4.003686428289797,4.002445936348792,-0.036028209213996056,2.2318960566458657,3.2301249045207925,2.304017681122872,1.5287102179950551,-50.45035261517496
2026-04-15T14:33:41.409,4.0032773019836725,4.0054881575994585,4.004475832252255,4.003104210084929,-0.03201511681122093,2.0483137397953044,3.4300984996615824,2.7973951576593103,1.9401313030803502,-50.400188960140255
2026-04-15T14:33:41.517,4.0032773019836725,4.0054881575994585,4.004475832252255,4.003104210084929,-0.03201511681122093,2.0483137397953044,3.4300984996615824,2.7973951576593103,1.9401313030803502,-50.400188960140255
2026-04-15T14:33:41.625,4.0032773019836725,4.0054881575994585,4.004475832252255,4.003104210084929,-0.03201511681122093,2.0483137397953044,3.4300984996615824,2.7973951576593103,1.9401313030803502,-50.400188960140255
2026-04-15T14:33:41.734,4.003586769317792,4.005915642137268,4.003843784561383,4.003484487741261,-0.03016292031763241,2.241730823620003,3.69727633579231,2.402365350864244,2.177804838288111,-50.37703650397041
2026-04-15T14:33:41.843,4.003586769317792,4.005915642137268,4.003843784561383,4.003484487741261,-0.03016292031763241,2.241730823620003,3.69727633579231,2.402365350864244,2.177804838288111,-50.37703650397041
2026-04-15T14:33:41.951,4.003586769317792,4.005915642137268,4.003843784561383,4.003484487741261,-0.03016292031763241,2.241730823620003,3.69727633579231,2.402365350864244,2.177804838288111,-50.37703650397041
2026-04-15T14:33:42.061,4.003890991442859,4.005564213130725,4.004069328550656,4.003623485781162,-0.023306805877655545,2.4318696517866556,3.4776332067032456,2.5433303441602106,2.264678613226323,-50.2913350734707
2026-04-15T14:33:42.170,4.003890991442859,4.005564213130725,4.004069328550656,4.003623485781162,-0.023306805877655545,2.4318696517866556,3.4776332067032456,2.5433303441602106,2.264678613226323,-50.2913350734707
2026-04-15T14:33:42.279,4.003890991442859,4.005564213130725,4.004069328550656,4.003623485781162,-0.023306805877655545,2.4318696517866556,3.4776332067032456,2.5433303441602106,2.264678613226323,-50.2913350734707
2026-04-15T14:33:42.387,4.002980947672185,4.004989862739436,4.0036497118264265,4.003096342271348,-0.031128850747084484,1.8630922951157203,3.1186642121472374,2.2810698915165517,1.9352139195927265,-50.38911063433855
2026-04-15T14:33:42.510,4.002980947672185,4.004989862739436,4.0036497118264265,4.003096342271348,-0.031128850747084484,1.8630922951157203,3.1186642121472374,2.2810698915165517,1.9352139195927265,-50.38911063433855
2026-04-15T14:33:42.620,4.002980947672185,4.004989862739436,4.0036497118264265,4.003096342271348,-0.031128850747084484,1.8630922951157203,3.1186642121472374,2.2810698915165517,1.9352139195927265,-50.38911063433855
2026-04-15T14:33:42.729,4.0031933786388265,4.005383253418401,4.003696918707902,4.003602504944951,-0.028280849687050524,1.9958616492665726,3.3645333865006677,2.3105741924389633,2.25156559059414,-50.35351062108813
2026-04-15T14:33:42.837,4.0031933786388265,4.005383253418401,4.003696918707902,4.003602504944951,-0.028280849687050524,1.9958616492665726,3.3645333865006677,2.3105741924389633,2.25156559059414,-50.35351062108813
2026-04-15T14:33:42.946,4.0031933786388265,4.005383253418401,4.003696918707902,4.003602504944951,-0.028280849687050524,1.9958616492665726,3.3645333865006677,2.3105741924389633,2.25156559059414,-50.35351062108813
2026-04-15T14:33:43.052,4.003119945712086,4.0052416327739735,4.0036470892219,4.003429413046206,-0.041017190091887715,1.9499660700539323,3.276020483733433,2.279430763687529,2.1433831538786308,-50.5127148761486
2026-04-15T14:33:43.161,4.003119945712086,4.0052416327739735,4.0036470892219,4.003429413046206,-0.041017190091887715,1.9499660700539323,3.276020483733433,2.279430763687529,2.1433831538786308,-50.5127148761486
2026-04-15T14:33:43.269,4.003119945712086,4.0052416327739735,4.0036470892219,4.003429413046206,-0.041017190091887715,1.9499660700539323,3.276020483733433,2.279430763687529,2.1433831538786308,-50.5127148761486
2026-04-15T14:33:43.376,4.003694296103376,4.00505280524807,4.0038778784202265,4.003201246452406,-0.03917993066679588,2.3089350646099405,3.1580032800437863,2.4236740126415413,2.000779032753641,-50.489749133334946
2026-04-15T14:33:43.484,4.003694296103376,4.00505280524807,4.0038778784202265,4.003201246452406,-0.03917993066679588,2.3089350646099405,3.1580032800437863,2.4236740126415413,2.000779032753641,-50.489749133334946
2026-04-15T14:33:43.593,4.003694296103376,4.00505280524807,4.0038778784202265,4.003201246452406,-0.03917993066679588,2.3089350646099405,3.1580032800437863,2.4236740126415413,2.000779032753641,-50.489749133334946
2026-04-15T14:33:43.703,4.002563953552482,4.005548477503567,4.00391197227907,4.003012418926502,-0.033160292062633184,1.6024709703010842,3.4677984397291084,2.4449826744188385,1.8827618290639947,-50.41450365078292
2026-04-15T14:33:43.812,4.002563953552482,4.005548477503567,4.00391197227907,4.003012418926502,-0.033160292062633184,1.6024709703010842,3.4677984397291084,2.4449826744188385,1.8827618290639947,-50.41450365078292
2026-04-15T14:33:43.935,4.002563953552482,4.005548477503567,4.00391197227907,4.003012418926502,-0.033160292062633184,1.6024709703010842,3.4677984397291084,2.4449826744188385,1.8827618290639947,-50.41450365078292
2026-04-15T14:33:44.029,4.003083229248716,4.0048036578180595,4.003814935911592,4.0030438901808205,-0.030287395888438085,1.9270182804476121,3.002286136287169,2.3843349447449924,1.9024313630128242,-50.378592448605474
2026-04-15T14:33:44.138,4.003083229248716,4.0048036578180595,4.003814935911592,4.0030438901808205,-0.030287395888438085,1.9270182804476121,3.002286136287169,2.3843349447449924,1.9024313630128242,-50.378592448605474
2026-04-15T14:33:44.250,4.003083229248716,4.0048036578180595,4.003814935911592,4.0030438901808205,-0.030287395888438085,1.9270182804476121,3.002286136287169,2.3843349447449924,1.9024313630128242,-50.378592448605474
2026-04-15T14:33:44.358,4.002986192881238,4.004842996885955,4.003746748193905,4.00258755699322,-0.03258770443692706,1.866370550773766,3.026873053721957,2.341717621190398,1.61722312076229,-50.40734630546159
2026-04-15T14:33:44.467,4.002986192881238,4.004842996885955,4.003746748193905,4.00258755699322,-0.03258770443692706,1.866370550773766,3.026873053721957,2.341717621190398,1.61722312076229,-50.40734630546159
2026-04-15T14:33:44.576,4.002986192881238,4.004842996885955,4.003746748193905,4.00258755699322,-0.03258770443692706,1.866370550773766,3.026873053721957,2.341717621190398,1.61722312076229,-50.40734630546159
2026-04-15T14:33:44.684,4.003164529989037,4.004884958558378,4.003788709866328,4.003376960955677,-0.03688460114113913,1.9778312431478762,3.0530990989863227,2.3679436664547637,2.1106005972981734,-50.46105751426424
2026-04-15T14:33:44.795,4.003164529989037,4.004884958558378,4.003788709866328,4.003376960955677,-0.03688460114113913,1.9778312431478762,3.0530990989863227,2.3679436664547637,2.1106005972981734,-50.46105751426424
2026-04-15T14:33:44.905,4.003164529989037,4.004884958558378,4.003788709866328,4.003376960955677,-0.03688460114113913,1.9778312431478762,3.0530990989863227,2.3679436664547637,2.1106005972981734,-50.46105751426424
2026-04-15T14:33:45.012,4.003342867096833,4.005231142355868,4.004127025850238,4.003626108385689,-0.03734267124170403,2.089291935520876,3.2694639724173413,2.5793911563987137,2.266317741055901,-50.4667833905213
2026-04-15T14:33:45.122,4.003342867096833,4.005231142355868,4.004127025850238,4.003626108385689,-0.03734267124170403,2.089291935520876,3.2694639724173413,2.5793911563987137,2.266317741055901,-50.4667833905213
2026-04-15T14:33:45.244,4.003342867096833,4.005231142355868,4.004127025850238,4.003626108385689,-0.03734267124170403,2.089291935520876,3.2694639724173413,2.5793911563987137,2.266317741055901,-50.4667833905213
2026-04-15T14:33:45.352,4.002902269536392,4.005393743836507,4.004465341834148,4.002839327027758,-0.03533114601748425,1.8139184602450342,3.371089897816759,2.7908386463426638,1.7745793923484854,-50.44163932521856
2026-04-15T14:33:45.461,4.002902269536392,4.005393743836507,4.004465341834148,4.002839327027758,-0.03533114601748425,1.8139184602450342,3.371089897816759,2.7908386463426638,1.7745793923484854,-50.44163932521856
2026-04-15T14:33:45.569,4.002902269536392,4.005393743836507,4.004465341834148,4.002839327027758,-0.03533114601748425,1.8139184602450342,3.371089897816759,2.7908386463426638,1.7745793923484854,-50.44163932521856
2026-04-15T14:33:45.679,4.0040824415732885,4.005215406728709,4.003725767357693,4.0030491353898725,-0.030167899340464637,2.551525983305325,3.259629205443204,2.328604598558215,1.9057096186703149,-50.37709874175581
2026-04-15T14:33:45.789,4.0040824415732885,4.005215406728709,4.003725767357693,4.0030491353898725,-0.030167899340464637,2.551525983305325,3.259629205443204,2.328604598558215,1.9057096186703149,-50.37709874175581
2026-04-15T14:33:45.900,4.0040824415732885,4.005215406728709,4.003725767357693,4.0030491353898725,-0.030167899340464637,2.551525983305325,3.259629205443204,2.328604598558215,1.9057096186703149,-50.37709874175581
2026-04-15T14:33:46.011,4.003654957035479,4.004528284342783,4.003901481860964,4.003870010606647,-0.019950944488734412,2.2843481471745974,2.8301777142392126,2.438426163102747,2.4187566291544726,-50.24938680610917
2026-04-15T14:33:46.118,4.003654957035479,4.004528284342783,4.003901481860964,4.003870010606647,-0.019950944488734412,2.2843481471745974,2.8301777142392126,2.438426163102747,2.4187566291544726,-50.24938680610917
2026-04-15T14:33:46.228,4.003654957035479,4.004528284342783,4.003901481860964,4.003870010606647,-0.019950944488734412,2.2843481471745974,2.8301777142392126,2.438426163102747,2.4187566291544726,-50.24938680610917
2026-04-15T14:33:46.337,4.003392696582836,4.005808115351684,4.003964424369599,4.003696918707902,-0.030108151066477906,2.1204353642723106,3.6300720948023724,2.477765230999296,2.3105741924389633,-50.37635188833097
2026-04-15T14:33:46.446,4.003392696582836,4.005808115351684,4.003964424369599,4.003696918707902,-0.030108151066477906,2.1204353642723106,3.6300720948023724,2.477765230999296,2.3105741924389633,-50.37635188833097
2026-04-15T14:33:46.554,4.003392696582836,4.005808115351684,4.003964424369599,4.003696918707902,-0.030108151066477906,2.1204353642723106,3.6300720948023724,2.477765230999296,2.3105741924389633,-50.37635188833097
2026-04-15T14:33:46.663,4.003256321147461,4.005328178723346,4.004032612087286,4.003626108385689,-0.025238666736559702,2.0352007171631215,3.3301117020911875,2.5203825545538905,2.266317741055901,-50.315483334207
2026-04-15T14:33:46.771,4.003256321147461,4.005328178723346,4.004032612087286,4.003626108385689,-0.025238666736559702,2.0352007171631215,3.3301117020911875,2.5203825545538905,2.266317741055901,-50.315483334207
2026-04-15T14:33:46.879,4.003256321147461,4.005328178723346,4.004032612087286,4.003626108385689,-0.025238666736559702,2.0352007171631215,3.3301117020911875,2.5203825545538905,2.266317741055901,-50.315483334207
2026-04-15T14:33:46.987,4.003972292183178,4.0047852995863735,4.003864765397594,4.003445148673364,-0.03636678276658751,2.4826826144863645,2.9908122414834537,2.415478373496427,2.153217920852768,-50.454584784582345
2026-04-15T14:33:47.096,4.003972292183178,4.0047852995863735,4.003864765397594,4.003445148673364,-0.03636678276658751,2.4826826144863645,2.9908122414834537,2.415478373496427,2.153217920852768,-50.454584784582345
2026-04-15T14:33:47.206,4.003972292183178,4.0047852995863735,4.003864765397594,4.003445148673364,-0.03636678276658751,2.4826826144863645,2.9908122414834537,2.415478373496427,2.153217920852768,-50.454584784582345
2026-04-15T14:33:47.313,4.003775596843695,4.004536152156362,4.004153251895502,4.003169775198089,-0.03657092270270882,2.3597480273096494,2.835095097726281,2.5957824346889424,1.9811094988053668,-50.45713653378387
2026-04-15T14:33:47.422,4.003775596843695,4.004536152156362,4.004153251895502,4.003169775198089,-0.03657092270270882,2.3597480273096494,2.835095097726281,2.5957824346889424,1.9811094988053668,-50.45713653378387
2026-04-15T14:33:47.532,4.003775596843695,4.004536152156362,4.004153251895502,4.003169775198089,-0.03657092270270882,2.3597480273096494,2.835095097726281,2.5957824346889424,1.9811094988053668,-50.45713653378387
2026-04-15T14:33:47.641,4.003237962915777,4.00508952171144,4.003550052854422,4.002831459214178,-0.03674020947900455,2.0237268223605165,3.1809510696501064,2.2187830340136827,1.7696620088614168,-50.45925261848756
2026-04-15T14:33:47.751,4.003237962915777,4.00508952171144,4.003550052854422,4.002831459214178,-0.03674020947900455,2.0237268223605165,3.1809510696501064,2.2187830340136827,1.7696620088614168,-50.45925261848756
2026-04-15T14:33:47.859,4.003237962915777,4.00508952171144,4.003550052854422,4.002831459214178,-0.03674020947900455,2.0237268223605165,3.1809510696501064,2.2187830340136827,1.7696620088614168,-50.45925261848756
2026-04-15T14:33:47.967,4.0034635069050495,4.005380630813875,4.003592014526845,4.002902269536392,-0.03146742429967594,2.164691815655928,3.362894258671645,2.2450090792780486,1.8139184602450342,-50.393342803745945
2026-04-15T14:33:48.076,4.0034635069050495,4.005380630813875,4.003592014526845,4.002902269536392,-0.03146742429967594,2.164691815655928,3.362894258671645,2.2450090792780486,1.8139184602450342,-50.393342803745945
2026-04-15T14:33:48.186,4.0034635069050495,4.005380630813875,4.003592014526845,4.002902269536392,-0.03146742429967594,2.164691815655928,3.362894258671645,2.2450090792780486,1.8139184602450342,-50.393342803745945
2026-04-15T14:33:48.296,4.002991438090291,4.005307197887134,4.003809690702539,4.003112077898507,-0.03005338181532341,1.8696488064318117,3.3169986794590045,2.3810566890869467,1.9450486865668637,-50.37566727269154
2026-04-15T14:33:48.404,4.002991438090291,4.005307197887134,4.003809690702539,4.003112077898507,-0.03005338181532341,1.8696488064318117,3.3169986794590045,2.3810566890869467,1.9450486865668637,-50.37566727269154
2026-04-15T14:33:48.513,4.002991438090291,4.005307197887134,4.003809690702539,4.003112077898507,-0.03005338181532341,1.8696488064318117,3.3169986794590045,2.3810566890869467,1.9450486865668637,-50.37566727269154
2026-04-15T14:33:48.621,4.003122568316613,4.004738092704898,4.004481077461307,4.003041267576293,-0.03586390146053255,1.9516051978829552,2.961307940561042,2.800673413316801,1.9007922351832462,-50.44829876825666
2026-04-15T14:33:48.746,4.003122568316613,4.004738092704898,4.004481077461307,4.003041267576293,-0.03586390146053255,1.9516051978829552,2.961307940561042,2.800673413316801,1.9007922351832462,-50.44829876825666
2026-04-15T14:33:48.856,4.003122568316613,4.004738092704898,4.004481077461307,4.003041267576293,-0.03586390146053255,1.9516051978829552,2.961307940561042,2.800673413316801,1.9007922351832462,-50.44829876825666
2026-04-15T14:33:48.979,4.003395319187362,4.005359649977663,4.004100799804974,4.00322747249767,-0.03783559450209453,2.1220744921013335,3.349781236039462,2.562999878108485,2.01717031104387,-50.47294493127619
2026-04-15T14:33:49.086,4.003395319187362,4.005359649977663,4.004100799804974,4.00322747249767,-0.03783559450209453,2.1220744921013335,3.349781236039462,2.562999878108485,2.01717031104387,-50.47294493127619
2026-04-15T14:33:49.194,4.003395319187362,4.005359649977663,4.004100799804974,4.00322747249767,-0.03783559450209453,2.1220744921013335,3.349781236039462,2.562999878108485,2.01717031104387,-50.47294493127619
2026-04-15T14:33:49.302,4.003201246452406,4.005047560039017,4.003828048934224,4.003466129509576,-0.04416891154468753,2.000779032753641,3.1547250243857405,2.3925305838901068,2.166330943484951,-50.5521113943086
2026-04-15T14:33:49.412,4.003201246452406,4.005047560039017,4.003828048934224,4.003466129509576,-0.04416891154468753,2.000779032753641,3.1547250243857405,2.3925305838901068,2.166330943484951,-50.5521113943086
2026-04-15T14:33:49.521,4.003201246452406,4.005047560039017,4.003828048934224,4.003466129509576,-0.04416891154468753,2.000779032753641,3.1547250243857405,2.3925305838901068,2.166330943484951,-50.5521113943086
2026-04-15T14:33:49.629,4.002841949632284,4.005215406728709,4.004092931991394,4.003411054814521,-0.03782065743359785,1.7762185201775083,3.259629205443204,2.5580824946214165,2.1319092590754707,-50.472758217919974
2026-04-15T14:33:49.740,4.002841949632284,4.005215406728709,4.004092931991394,4.003411054814521,-0.03782065743359785,1.7762185201775083,3.259629205443204,2.5580824946214165,2.1319092590754707,-50.472758217919974
2026-04-15T14:33:49.847,4.002841949632284,4.005215406728709,4.004092931991394,4.003411054814521,-0.03782065743359785,1.7762185201775083,3.259629205443204,2.5580824946214165,2.1319092590754707,-50.472758217919974
2026-04-15T14:33:49.954,4.0030491353898725,4.005034447016385,4.0038752558157,4.003219604684091,-0.03798994420989357,1.9057096186703149,3.146529385240626,2.4220348848125184,2.0122529275568013,-50.474874302623675
2026-04-15T14:33:50.063,4.0030491353898725,4.005034447016385,4.0038752558157,4.003219604684091,-0.03798994420989357,1.9057096186703149,3.146529385240626,2.4220348848125184,2.0122529275568013,-50.474874302623675
2026-04-15T14:33:50.173,4.0030491353898725,4.005034447016385,4.0038752558157,4.003219604684091,-0.03798994420989357,1.9057096186703149,3.146529385240626,2.4220348848125184,2.0122529275568013,-50.474874302623675
2026-04-15T14:33:50.285,4.003615617967583,4.005522251458302,4.003964424369599,4.003182888220721,-0.033523760729385774,2.2597612297392544,3.4514071614388797,2.477765230999296,1.9893051379504811,-50.41904700911732
2026-04-15T14:33:50.395,4.003615617967583,4.005522251458302,4.003964424369599,4.003182888220721,-0.033523760729385774,2.2597612297392544,3.4514071614388797,2.477765230999296,1.9893051379504811,-50.41904700911732
2026-04-15T14:33:50.504,4.003615617967583,4.005522251458302,4.003964424369599,4.003182888220721,-0.033523760729385774,2.2597612297392544,3.4514071614388797,2.477765230999296,1.9893051379504811,-50.41904700911732
2026-04-15T14:33:50.615,4.0032956602153575,4.005231142355868,4.003581524108739,4.003576278899686,-0.044383009526473303,2.0597876345984645,3.2694639724173413,2.238452567961957,2.2351743123039114,-50.55478761908092
2026-04-15T14:33:50.723,4.0032956602153575,4.005231142355868,4.003581524108739,4.003576278899686,-0.044383009526473303,2.0597876345984645,3.2694639724173413,2.238452567961957,2.2351743123039114,-50.55478761908092
2026-04-15T14:33:50.833,4.0032956602153575,4.005231142355868,4.003581524108739,4.003576278899686,-0.044383009526473303,2.0597876345984645,3.2694639724173413,2.238452567961957,2.2351743123039114,-50.55478761908092
2026-04-15T14:33:50.942,4.003652334430953,4.004745960518477,4.003489732950314,4.003038644971767,-0.0489935846691157,2.2827090193455746,2.9662253240481107,2.1810830939461567,1.8991531073542234,-50.61241980836395
2026-04-15T14:33:51.051,4.003652334430953,4.004745960518477,4.003489732950314,4.003038644971767,-0.0489935846691157,2.2827090193455746,2.9662253240481107,2.1810830939461567,1.8991531073542234,-50.61241980836395
2026-04-15T14:33:51.158,4.003652334430953,4.004745960518477,4.003489732950314,4.003038644971767,-0.0489935846691157,2.2827090193455746,2.9662253240481107,2.1810830939461567,1.8991531073542234,-50.61241980836395
2026-04-15T14:33:51.269,4.002393484258263,4.004987240134909,4.004307985562562,4.002878666095654,-0.04473652014756144,1.4959276614145978,3.1170250843182146,2.6924909766012917,1.7991663097838284,-50.55920650184452
2026-04-15T14:33:51.377,4.002393484258263,4.004987240134909,4.004307985562562,4.002878666095654,-0.04473652014756144,1.4959276614145978,3.1170250843182146,2.6924909766012917,1.7991663097838284,-50.55920650184452
2026-04-15T14:33:51.487,4.002393484258263,4.004987240134909,4.004307985562562,4.002878666095654,-0.04473652014756144,1.4959276614145978,3.1170250843182146,2.6924909766012917,1.7991663097838284,-50.55920650184452
2026-04-15T14:33:51.595,4.002495765834794,4.005372763000295,4.00399327301939,4.002558708343429,-0.044432799754795575,1.5598536467464896,3.357976875184576,2.4957956371185475,1.5991927146430385,-50.55540999693494
2026-04-15T14:33:51.703,4.002495765834794,4.005372763000295,4.00399327301939,4.002558708343429,-0.044432799754795575,1.5598536467464896,3.357976875184576,2.4957956371185475,1.5991927146430385,-50.55540999693494
2026-04-15T14:33:51.811,4.002495765834794,4.005372763000295,4.00399327301939,4.002558708343429,-0.044432799754795575,1.5598536467464896,3.357976875184576,2.4957956371185475,1.5991927146430385,-50.55540999693494
2026-04-15T14:33:51.921,4.004069328550656,4.004572868619732,4.004289627330877,4.003534317227263,-0.035933607780183736,2.5433303441602106,2.8580428873326014,2.6810170817981316,2.2089482670395455,-50.44917009725229
2026-04-15T14:33:52.029,4.004069328550656,4.004572868619732,4.004289627330877,4.003534317227263,-0.035933607780183736,2.5433303441602106,2.8580428873326014,2.6810170817981316,2.2089482670395455,-50.44917009725229
2026-04-15T14:33:52.138,4.004069328550656,4.004572868619732,4.004289627330877,4.003534317227263,-0.035933607780183736,2.5433303441602106,2.8580428873326014,2.6810170817981316,2.2089482670395455,-50.44917009725229
2026-04-15T14:33:52.247,4.002632141270169,4.005771398888314,4.004050970318971,4.003411054814521,-0.0437606316724449,1.6450882938556788,3.607124305196052,2.5318564493570506,2.1319092590754707,-50.54700789590556
2026-04-15T14:33:52.357,4.002632141270169,4.005771398888314,4.004050970318971,4.003411054814521,-0.0437606316724449,1.6450882938556788,3.607124305196052,2.5318564493570506,2.1319092590754707,-50.54700789590556
2026-04-15T14:33:52.465,4.002632141270169,4.005771398888314,4.004050970318971,4.003411054814521,-0.0437606316724449,1.6450882938556788,3.607124305196052,2.5318564493570506,2.1319092590754707,-50.54700789590556
2026-04-15T14:33:52.574,4.002986192881238,4.004460096625095,4.004142761477397,4.003062248412505,-0.041599735763258296,1.866370550773766,2.787560390684618,2.589225923372851,1.9139052578154292,-50.519996697040725
2026-04-15T14:33:52.699,4.002986192881238,4.004460096625095,4.004142761477397,4.003062248412505,-0.041599735763258296,1.866370550773766,2.787560390684618,2.589225923372851,1.9139052578154292,-50.519996697040725
2026-04-15T14:33:52.806,4.002986192881238,4.004460096625095,4.004142761477397,4.003062248412505,-0.041599735763258296,1.866370550773766,2.787560390684618,2.589225923372851,1.9139052578154292,-50.519996697040725
2026-04-15T14:33:52.915,4.003211736870512,4.005202293706077,4.003749370798431,4.002973079858606,-0.04522944340795192,2.0073355440697327,3.2514335662980898,2.3433567490194207,1.8581749116286517,-50.5653680425994
2026-04-15T14:33:53.024,4.003211736870512,4.005202293706077,4.003749370798431,4.002973079858606,-0.04522944340795192,2.0073355440697327,3.2514335662980898,2.3433567490194207,1.8581749116286517,-50.5653680425994
2026-04-15T14:33:53.133,4.003211736870512,4.005202293706077,4.003749370798431,4.002973079858606,-0.04522944340795192,2.0073355440697327,3.2514335662980898,2.3433567490194207,1.8581749116286517,-50.5653680425994
2026-04-15T14:33:53.241,4.003489732950314,4.0053439143505045,4.003967046974125,4.003177643011668,-0.041684379151406166,2.1810830939461567,3.3399464690653247,2.4794043588283188,1.9860268822924354,-50.52105473939258
2026-04-15T14:33:53.351,4.003489732950314,4.0053439143505045,4.003967046974125,4.003177643011668,-0.041684379151406166,2.1810830939461567,3.3399464690653247,2.4794043588283188,1.9860268822924354,-50.52105473939258
2026-04-15T14:33:53.459,4.003489732950314,4.0053439143505045,4.003967046974125,4.003177643011668,-0.041684379151406166,2.1810830939461567,3.3399464690653247,2.4794043588283188,1.9860268822924354,-50.52105473939258
2026-04-15T14:33:53.569,4.0030071737174495,4.005123615570284,4.003982782601284,4.002868175677548,-0.02990899015318882,1.879483573405949,3.2022597314274037,2.489239125802456,1.792609798467737,-50.37386237691486
2026-04-15T14:33:53.677,4.0030071737174495,4.005123615570284,4.003982782601284,4.002868175677548,-0.02990899015318882,1.879483573405949,3.2022597314274037,2.489239125802456,1.792609798467737,-50.37386237691486
2026-04-15T14:33:53.787,4.0030071737174495,4.005123615570284,4.003982782601284,4.002868175677548,-0.02990899015318882,1.879483573405949,3.2022597314274037,2.489239125802456,1.792609798467737,-50.37386237691486
2026-04-15T14:33:53.895,4.003253698542935,4.005501270622091,4.0039985182284425,4.003096342271348,-0.03692941234662918,2.0335615893340986,3.4382941388066968,2.499073892776593,1.9352139195927265,-50.46161765433287
2026-04-15T14:33:54.004,4.003253698542935,4.005501270622091,4.0039985182284425,4.003096342271348,-0.03692941234662918,2.0335615893340986,3.4382941388066968,2.499073892776593,1.9352139195927265,-50.46161765433287
2026-04-15T14:33:54.113,4.003253698542935,4.005501270622091,4.0039985182284425,4.003096342271348,-0.03692941234662918,2.0335615893340986,3.4382941388066968,2.499073892776593,1.9352139195927265,-50.46161765433287
2026-04-15T14:33:54.220,4.002878666095654,4.004992485343962,4.0041244032457115,4.002650499501854,-0.028828542198595517,1.7991663097838284,3.1203033399762603,2.577752028569691,1.6565621886588389,-50.36035677748244
2026-04-15T14:33:54.330,4.002878666095654,4.004992485343962,4.0041244032457115,4.002650499501854,-0.028828542198595517,1.7991663097838284,3.1203033399762603,2.577752028569691,1.6565621886588389,-50.36035677748244
2026-04-15T14:33:54.439,4.002878666095654,4.004992485343962,4.0041244032457115,4.002650499501854,-0.028828542198595517,1.7991663097838284,3.1203033399762603,2.577752028569691,1.6565621886588389,-50.36035677748244
2026-04-15T14:33:54.551,4.002986192881238,4.0051393511974425,4.004071951155183,4.003424167837153,-0.02966003901157746,1.866370550773766,3.212094498401541,2.5449694719892335,2.140104898220585,-50.37075048764472
2026-04-15T14:33:54.662,4.002986192881238,4.0051393511974425,4.004071951155183,4.003424167837153,-0.02966003901157746,1.866370550773766,3.212094498401541,2.5449694719892335,2.140104898220585,-50.37075048764472
2026-04-15T14:33:54.771,4.002986192881238,4.0051393511974425,4.004071951155183,4.003424167837153,-0.02966003901157746,1.866370550773766,3.212094498401541,2.5449694719892335,2.140104898220585,-50.37075048764472
2026-04-15T14:33:54.879,4.003376960955677,4.005039692225438,4.004137516268344,4.00326418896104,-0.0327968233958806,2.1106005972981734,3.149807640898672,2.585947667714805,2.04011810065019,-50.40996029244851
2026-04-15T14:33:54.987,4.003376960955677,4.005039692225438,4.004137516268344,4.00326418896104,-0.0327968233958806,2.1106005972981734,3.149807640898672,2.585947667714805,2.04011810065019,-50.40996029244851
2026-04-15T14:33:55.096,4.003376960955677,4.005039692225438,4.004137516268344,4.00326418896104,-0.0327968233958806,2.1106005972981734,3.149807640898672,2.585947667714805,2.04011810065019,-50.40996029244851
2026-04-15T14:33:55.205,4.003332376678728,4.004355192444039,4.004043102505392,4.0024302007216335,-0.027155590526967175,2.0827354242047846,2.7219952775242584,2.526939065869982,1.518875451020918,-50.33944488158709
2026-04-15T14:33:55.313,4.003332376678728,4.004355192444039,4.004043102505392,4.0024302007216335,-0.027155590526967175,2.0827354242047846,2.7219952775242584,2.526939065869982,1.518875451020918,-50.33944488158709
2026-04-15T14:33:55.422,4.003332376678728,4.004355192444039,4.004043102505392,4.0024302007216335,-0.027155590526967175,2.0827354242047846,2.7219952775242584,2.526939065869982,1.518875451020918,-50.33944488158709
2026-04-15T14:33:55.530,4.003974914787705,4.004743337913951,4.004357815048564,4.003219604684091,-0.02818126923040598,2.4843217423153874,2.964586196219643,2.723634405352726,2.0122529275568013,-50.352265865380076
2026-04-15T14:33:55.641,4.003974914787705,4.004743337913951,4.004357815048564,4.003219604684091,-0.02818126923040598,2.4843217423153874,2.964586196219643,2.723634405352726,2.0122529275568013,-50.352265865380076
2026-04-15T14:33:55.752,4.003974914787705,4.004743337913951,4.004357815048564,4.003219604684091,-0.02818126923040598,2.4843217423153874,2.964586196219643,2.723634405352726,2.0122529275568013,-50.352265865380076
2026-04-15T14:33:55.860,4.003534317227263,4.0048770907448,4.00398540520581,4.003057003203452,-0.03622239110445291,2.2089482670395455,3.048181715499809,2.490878253631479,1.9106270021573835,-50.452779888805665
2026-04-15T14:33:55.968,4.003534317227263,4.0048770907448,4.00398540520581,4.003057003203452,-0.03622239110445291,2.2089482670395455,3.048181715499809,2.490878253631479,1.9106270021573835,-50.452779888805665
2026-04-15T14:33:56.076,4.003534317227263,4.0048770907448,4.00398540520581,4.003057003203452,-0.03622239110445291,2.2089482670395455,3.048181715499809,2.490878253631479,1.9106270021573835,-50.452779888805665
2026-04-15T14:33:56.185,4.003717899544114,4.004921675021748,4.003935575719808,4.00297045725408,-0.032074865085207654,2.3236872150711463,3.076046888592643,2.4597348248800444,1.856535783800184,-50.4009358135651
2026-04-15T14:33:56.296,4.003717899544114,4.004921675021748,4.003935575719808,4.00297045725408,-0.032074865085207654,2.3236872150711463,3.076046888592643,2.4597348248800444,1.856535783800184,-50.4009358135651
2026-04-15T14:33:56.416,4.003717899544114,4.004921675021748,4.003935575719808,4.00297045725408,-0.032074865085207654,2.3236872150711463,3.076046888592643,2.4597348248800444,1.856535783800184,-50.4009358135651
2026-04-15T14:33:56.527,4.002702951592383,4.0048875811629046,4.0040221216691805,4.0030491353898725,-0.03238854352363797,1.6893447452392962,3.0547382268153456,2.513826043237799,1.9057096186703149,-50.40485679404547
2026-04-15T14:33:56.636,4.002702951592383,4.0048875811629046,4.0040221216691805,4.0030491353898725,-0.03238854352363797,1.6893447452392962,3.0547382268153456,2.513826043237799,1.9057096186703149,-50.40485679404547
2026-04-15T14:33:56.745,4.002702951592383,4.0048875811629046,4.0040221216691805,4.0030491353898725,-0.03238854352363797,1.6893447452392962,3.0547382268153456,2.513826043237799,1.9057096186703149,-50.40485679404547
2026-04-15T14:33:56.854,4.002967834649553,4.00559043917599,4.003898859256438,4.002986192881238,-0.02956543757776514,1.854896655970606,3.4940244849934743,2.436787035273724,1.866370550773766,-50.36956796972206
2026-04-15T14:33:56.962,4.002967834649553,4.00559043917599,4.003898859256438,4.002986192881238,-0.02956543757776514,1.854896655970606,3.4940244849934743,2.436787035273724,1.866370550773766,-50.36956796972206
2026-04-15T14:33:57.071,4.002967834649553,4.00559043917599,4.003898859256438,4.002986192881238,-0.02956543757776514,1.854896655970606,3.4940244849934743,2.436787035273724,1.866370550773766,-50.36956796972206
2026-04-15T14:33:57.182,4.003584146713266,4.005286217050923,4.0038123133070656,4.003232717706723,-0.032358669386644605,2.24009169579098,3.3038856568268216,2.3826958169159695,2.0204485667019156,-50.40448336733305
2026-04-15T14:33:57.290,4.003584146713266,4.005286217050923,4.0038123133070656,4.003232717706723,-0.032358669386644605,2.24009169579098,3.3038856568268216,2.3826958169159695,2.0204485667019156,-50.40448336733305
2026-04-15T14:33:57.399,4.003584146713266,4.005286217050923,4.0038123133070656,4.003232717706723,-0.032358669386644605,2.24009169579098,3.3038856568268216,2.3826958169159695,2.0204485667019156,-50.40448336733305
2026-04-15T14:33:57.509,4.003041267576293,4.005118370361231,4.004011631251075,4.00288915651376,-0.03430546731404544,1.9007922351832462,3.198981475769358,2.5072695319217075,1.8057228210999199,-50.42881834142556
2026-04-15T14:33:57.618,4.003041267576293,4.005118370361231,4.004011631251075,4.00288915651376,-0.03430546731404544,1.9007922351832462,3.198981475769358,2.5072695319217075,1.8057228210999199,-50.42881834142556
2026-04-15T14:33:57.727,4.003041267576293,4.005118370361231,4.004011631251075,4.00288915651376,-0.03430546731404544,1.9007922351832462,3.198981475769358,2.5072695319217075,1.8057228210999199,-50.42881834142556
2026-04-15T14:33:57.835,4.0034215452326265,4.005341291745978,4.004137516268344,4.003046512785346,-0.03703895084893818,2.138465770391562,3.338307341236302,2.585947667714805,1.904070490841292,-50.46298688561173
2026-04-15T14:33:57.944,4.0034215452326265,4.005341291745978,4.004137516268344,4.003046512785346,-0.03703895084893818,2.138465770391562,3.338307341236302,2.585947667714805,1.904070490841292,-50.46298688561173
2026-04-15T14:33:58.054,4.0034215452326265,4.005341291745978,4.004137516268344,4.003046512785346,-0.03703895084893818,2.138465770391562,3.338307341236302,2.585947667714805,1.904070490841292,-50.46298688561173
2026-04-15T14:33:58.161,4.003620863176636,4.004811525631638,4.003846407165909,4.0034215452326265,-0.03029735393410254,2.2630394853973,3.0072035197736824,2.404004478693267,2.138465770391562,-50.37871692417628
2026-04-15T14:33:58.270,4.003620863176636,4.004811525631638,4.003846407165909,4.0034215452326265,-0.03029735393410254,2.2630394853973,3.0072035197736824,2.404004478693267,2.138465770391562,-50.37871692417628
2026-04-15T14:33:58.379,4.003620863176636,4.004811525631638,4.003846407165909,4.0034215452326265,-0.03029735393410254,2.2630394853973,3.0072035197736824,2.404004478693267,2.138465770391562,-50.37871692417628
2026-04-15T14:33:58.487,4.0035238268091575,4.0049951079484885,4.003904104465491,4.0030438901808205,-0.03406647421809853,2.202391755723454,3.121942467805283,2.44006529093177,1.9024313630128242,-50.42583092772623
2026-04-15T14:33:58.595,4.0035238268091575,4.0049951079484885,4.003904104465491,4.0030438901808205,-0.03406647421809853,2.202391755723454,3.121942467805283,2.44006529093177,1.9024313630128242,-50.42583092772623
2026-04-15T14:33:58.705,4.0035238268091575,4.0049951079484885,4.003904104465491,4.0030438901808205,-0.03406647421809853,2.202391755723454,3.121942467805283,2.44006529093177,1.9024313630128242,-50.42583092772623
2026-04-15T14:33:58.813,4.002899646931866,4.0053019526780815,4.003717899544114,4.002797365355335,-0.02998367549567223,1.8122793324160114,3.3137204238009588,2.3236872150711463,1.7483533470841195,-50.37479594369591
2026-04-15T14:33:58.921,4.002899646931866,4.0053019526780815,4.003717899544114,4.002797365355335,-0.02998367549567223,1.8122793324160114,3.3137204238009588,2.3236872150711463,1.7483533470841195,-50.37479594369591
2026-04-15T14:33:59.046,4.002899646931866,4.0053019526780815,4.003717899544114,4.002797365355335,-0.02998367549567223,1.8122793324160114,3.3137204238009588,2.3236872150711463,1.7483533470841195,-50.37479594369591
2026-04-15T14:33:59.140,4.003146171757351,4.005370140395769,4.003967046974125,4.003203869056932,-0.03950854617372287,1.966357348344161,3.3563377473555533,2.4794043588283188,2.002418160582664,-50.493856827171534
2026-04-15T14:33:59.246,4.003146171757351,4.005370140395769,4.003967046974125,4.003203869056932,-0.03950854617372287,1.966357348344161,3.3563377473555533,2.4794043588283188,2.002418160582664,-50.493856827171534
2026-04-15T14:33:59.370,4.003146171757351,4.005370140395769,4.003967046974125,4.003203869056932,-0.03950854617372287,1.966357348344161,3.3563377473555533,2.4794043588283188,2.002418160582664,-50.493856827171534
2026-04-15T14:33:59.480,4.00307273883061,4.00528097184187,4.003885746233806,4.003159284779983,-0.03507721585304066,1.9204617691315207,3.300607401168776,2.42859139612861,1.9745529874892753,-50.43846519816301
2026-04-15T14:33:59.590,4.00307273883061,4.00528097184187,4.003885746233806,4.003159284779983,-0.03507721585304066,1.9204617691315207,3.300607401168776,2.42859139612861,1.9745529874892753,-50.43846519816301
2026-04-15T14:33:59.684,4.00307273883061,4.00528097184187,4.003885746233806,4.003159284779983,-0.03507721585304066,1.9204617691315207,3.300607401168776,2.42859139612861,1.9745529874892753,-50.43846519816301
2026-04-15T14:33:59.808,4.00350022336842,4.0049295428353275,4.003951311346967,4.003864765397594,-0.034858138848422655,2.187639605262248,3.0809642720797115,2.4695695918541816,2.415478373496427,-50.43572673560528
2026-04-15T14:33:59.917,4.00350022336842,4.0049295428353275,4.003951311346967,4.003864765397594,-0.034858138848422655,2.187639605262248,3.0809642720797115,2.4695695918541816,2.415478373496427,-50.43572673560528
2026-04-15T14:34:00.026,4.00350022336842,4.0049295428353275,4.003951311346967,4.003864765397594,-0.034858138848422655,2.187639605262248,3.0809642720797115,2.4695695918541816,2.415478373496427,-50.43572673560528
2026-04-15T14:34:00.136,4.003898859256438,4.0056140426167275,4.004045725109918,4.002341032167735,-0.033946977670125084,2.436787035273724,3.50877663545468,2.528578193699005,1.4631451048341404,-50.42433722087656
2026-04-15T14:34:00.244,4.003898859256438,4.0056140426167275,4.004045725109918,4.002341032167735,-0.033946977670125084,2.436787035273724,3.50877663545468,2.528578193699005,1.4631451048341404,-50.42433722087656
2026-04-15T14:34:00.352,4.003898859256438,4.0056140426167275,4.004045725109918,4.002341032167735,-0.033946977670125084,2.436787035273724,3.50877663545468,2.528578193699005,1.4631451048341404,-50.42433722087656
2026-04-15T14:34:00.462,4.002385616444684,4.005110502547652,4.0039381983243345,4.001908302420873,-0.03145746625401148,1.4910102779275292,3.1940640922822894,2.4613739527090672,1.1926890130453671,-50.39321832817515
2026-04-15T14:34:00.570,4.002385616444684,4.005110502547652,4.0039381983243345,4.001908302420873,-0.03145746625401148,1.4910102779275292,3.1940640922822894,2.4613739527090672,1.1926890130453671,-50.39321832817515
2026-04-15T14:34:00.678,4.002385616444684,4.005110502547652,4.0039381983243345,4.001908302420873,-0.03145746625401148,1.4910102779275292,3.1940640922822894,2.4613739527090672,1.1926890130453671,-50.39321832817515
2026-04-15T14:34:00.785,4.002941608604289,4.0044548514160425,4.0042502882629805,4.00254297271627,-0.025552345174990016,1.8385053776803773,2.7842821350265723,2.6564301643627886,1.5893579476689013,-50.319404314687375
2026-04-15T14:34:00.895,4.002941608604289,4.0044548514160425,4.0042502882629805,4.00254297271627,-0.025552345174990016,1.8385053776803773,2.7842821350265723,2.6564301643627886,1.5893579476689013,-50.319404314687375
2026-04-15T14:34:01.006,4.002941608604289,4.0044548514160425,4.0042502882629805,4.00254297271627,-0.025552345174990016,1.8385053776803773,2.7842821350265723,2.6564301643627886,1.5893579476689013,-50.319404314687375
2026-04-15T14:34:01.114,4.003788709866328,4.004273891703718,4.004085064177815,4.003432035650733,-0.0351021109672018,2.3679436664547637,2.6711823148239944,2.553165111134348,2.1450222817082087,-50.43877638709002
2026-04-15T14:34:01.223,4.003788709866328,4.004273891703718,4.004085064177815,4.003432035650733,-0.0351021109672018,2.3679436664547637,2.6711823148239944,2.553165111134348,2.1450222817082087,-50.43877638709002
2026-04-15T14:34:01.333,4.003788709866328,4.004273891703718,4.004085064177815,4.003432035650733,-0.0351021109672018,2.3679436664547637,2.6711823148239944,2.553165111134348,2.1450222817082087,-50.43877638709002
2026-04-15T14:34:01.443,4.003261566356514,4.00520753891513,4.00402998948276,4.002474784998583,-0.03374781675683599,2.038478972821167,3.2547118219561355,2.5187434267248676,1.5467406241143067,-50.42184770946045
2026-04-15T14:34:01.553,4.003261566356514,4.00520753891513,4.00402998948276,4.002474784998583,-0.03374781675683599,2.038478972821167,3.2547118219561355,2.5187434267248676,1.5467406241143067,-50.42184770946045
2026-04-15T14:34:01.661,4.003261566356514,4.00520753891513,4.00402998948276,4.002474784998583,-0.03374781675683599,2.038478972821167,3.2547118219561355,2.5187434267248676,1.5467406241143067,-50.42184770946045
2026-04-15T14:34:01.769,4.003754616007484,4.005225897146815,4.0042083265905575,4.003636598803794,-0.033693047505681493,2.3466350046774664,3.2661857167592956,2.6302041190984227,2.2728742523714374,-50.42116309382102
2026-04-15T14:34:01.878,4.003754616007484,4.005225897146815,4.0042083265905575,4.003636598803794,-0.033693047505681493,2.3466350046774664,3.2661857167592956,2.6302041190984227,2.2728742523714374,-50.42116309382102
2026-04-15T14:34:01.988,4.003754616007484,4.005225897146815,4.0042083265905575,4.003636598803794,-0.033693047505681493,2.3466350046774664,3.2661857167592956,2.6302041190984227,2.2728742523714374,-50.42116309382102
2026-04-15T14:34:02.096,4.003576278899686,4.004968881903224,4.003791332470854,4.003395319187362,-0.027444373851236353,2.2351743123039114,3.1055511895150545,2.3695827942837866,2.1220744921013335,-50.34305467314045
2026-04-15T14:34:02.204,4.003576278899686,4.004968881903224,4.003791332470854,4.003395319187362,-0.027444373851236353,2.2351743123039114,3.1055511895150545,2.3695827942837866,2.1220744921013335,-50.34305467314045
2026-04-15T14:34:02.312,4.003576278899686,4.004968881903224,4.003791332470854,4.003395319187362,-0.027444373851236353,2.2351743123039114,3.1055511895150545,2.3695827942837866,2.1220744921013335,-50.34305467314045
2026-04-15T14:34:02.420,4.00311732310756,4.004693508427948,4.0038359167478035,4.003568411086107,-0.03380258600799049,1.9483269422249094,2.9334427674676533,2.3974479673771754,2.230256928816843,-50.42253232509988
2026-04-15T14:34:02.531,4.00311732310756,4.004693508427948,4.0038359167478035,4.003568411086107,-0.03380258600799049,1.9483269422249094,2.9334427674676533,2.3974479673771754,2.230256928816843,-50.42253232509988
2026-04-15T14:34:02.638,4.00311732310756,4.004693508427948,4.0038359167478035,4.003568411086107,-0.03380258600799049,1.9483269422249094,2.9334427674676533,2.3974479673771754,2.230256928816843,-50.42253232509988
2026-04-15T14:34:02.748,4.003180265616194,4.005357027373137,4.003990650414863,4.0026347638746955,-0.031183619998238984,1.9876660101214583,3.348142108210439,2.4941565092895246,1.6467274216847017,-50.389795249977986
2026-04-15T14:34:02.858,4.003180265616194,4.005357027373137,4.003990650414863,4.0026347638746955,-0.031183619998238984,1.9876660101214583,3.348142108210439,2.4941565092895246,1.6467274216847017,-50.389795249977986
2026-04-15T14:34:02.967,4.003180265616194,4.005357027373137,4.003990650414863,4.0026347638746955,-0.031183619998238984,1.9876660101214583,3.348142108210439,2.4941565092895246,1.6467274216847017,-50.389795249977986
2026-04-15T14:34:03.076,4.0031514169664035,4.004890203767431,4.003518581600105,4.0029048921409185,-0.028584570079816383,1.9696356040022067,3.0563773546443684,2.1991135000654083,1.815557588074057,-50.35730712599771
2026-04-15T14:34:03.185,4.0031514169664035,4.004890203767431,4.003518581600105,4.0029048921409185,-0.028584570079816383,1.9696356040022067,3.0563773546443684,2.1991135000654083,1.815557588074057,-50.35730712599771
2026-04-15T14:34:03.295,4.0031514169664035,4.004890203767431,4.003518581600105,4.0029048921409185,-0.028584570079816383,1.9696356040022067,3.0563773546443684,2.1991135000654083,1.815557588074057,-50.35730712599771
2026-04-15T14:34:03.404,4.0028445722368104,4.005412102068192,4.003778219448222,4.002611160433958,-0.028743898810447654,1.7778576480065311,3.3825637926199192,2.3613871551386723,1.6319752712234958,-50.3592987351306
2026-04-15T14:34:03.513,4.0028445722368104,4.005412102068192,4.003778219448222,4.002611160433958,-0.028743898810447654,1.7778576480065311,3.3825637926199192,2.3613871551386723,1.6319752712234958,-50.3592987351306
2026-04-15T14:34:03.621,4.0028445722368104,4.005412102068192,4.003778219448222,4.002611160433958,-0.028743898810447654,1.7778576480065311,3.3825637926199192,2.3613871551386723,1.6319752712234958,-50.3592987351306
2026-04-15T14:34:03.731,4.003416300023574,4.00513410598839,4.004003763437495,4.002613783038484,-0.03191553635457638,2.1351875147335164,3.208816242743495,2.502352148434639,1.6336143990525187,-50.398944204432205
2026-04-15T14:34:03.840,4.003416300023574,4.00513410598839,4.004003763437495,4.002613783038484,-0.03191553635457638,2.1351875147335164,3.208816242743495,2.502352148434639,1.6336143990525187,-50.398944204432205
2026-04-15T14:34:03.950,4.003416300023574,4.00513410598839,4.004003763437495,4.002613783038484,-0.03191553635457638,2.1351875147335164,3.208816242743495,2.502352148434639,1.6336143990525187,-50.398944204432205
2026-04-15T14:34:04.060,4.003513336391052,4.005401611650086,4.004218817008663,4.003390073978309,-0.036560964657044365,2.1958352444073626,3.3760072813038278,2.636760630414514,2.1187962364432877,-50.45701205821306
2026-04-15T14:34:04.169,4.003513336391052,4.005401611650086,4.004218817008663,4.003390073978309,-0.036560964657044365,2.1958352444073626,3.3760072813038278,2.636760630414514,2.1187962364432877,-50.45701205821306
2026-04-15T14:34:04.292,4.003513336391052,4.005401611650086,4.004218817008663,4.003390073978309,-0.036560964657044365,2.1958352444073626,3.3760072813038278,2.636760630414514,2.1187962364432877,-50.45701205821306
2026-04-15T14:34:04.400,4.002619028247537,4.0051996711015505,4.004187345754346,4.002776384519124,-0.038716881543398744,1.6368926547105644,3.249794438469067,2.6170910964662397,1.7352403244524917,-50.48396101929249
2026-04-15T14:34:04.508,4.002619028247537,4.0051996711015505,4.004187345754346,4.002776384519124,-0.038716881543398744,1.6368926547105644,3.249794438469067,2.6170910964662397,1.7352403244524917,-50.48396101929249
2026-04-15T14:34:04.617,4.002619028247537,4.0051996711015505,4.004187345754346,4.002776384519124,-0.038716881543398744,1.6368926547105644,3.249794438469067,2.6170910964662397,1.7352403244524917,-50.48396101929249
2026-04-15T14:34:04.727,4.00330877323799,4.006057262781695,4.004255533472033,4.002918005163551,-0.040280294712718094,2.067983273743579,3.785789238559545,2.6597084200208343,1.8237532272191714,-50.50350368390898
2026-04-15T14:34:04.838,4.00330877323799,4.006057262781695,4.004255533472033,4.002918005163551,-0.040280294712718094,2.067983273743579,3.785789238559545,2.6597084200208343,1.8237532272191714,-50.50350368390898
2026-04-15T14:34:04.947,4.00330877323799,4.006057262781695,4.004255533472033,4.002918005163551,-0.040280294712718094,2.067983273743579,3.785789238559545,2.6597084200208343,1.8237532272191714,-50.50350368390898
2026-04-15T14:34:05.054,4.003083229248716,4.005467176763247,4.004483700065833,4.002742290660279,-0.042092659023648796,1.9270182804476121,3.4169854770293995,2.802312541145824,1.7139316626746393,-50.52615823779561
2026-04-15T14:34:05.162,4.003083229248716,4.005467176763247,4.004483700065833,4.002742290660279,-0.042092659023648796,1.9270182804476121,3.4169854770293995,2.802312541145824,1.7139316626746393,-50.52615823779561
2026-04-15T14:34:05.271,4.003083229248716,4.005467176763247,4.004483700065833,4.002742290660279,-0.042092659023648796,1.9270182804476121,3.4169854770293995,2.802312541145824,1.7139316626746393,-50.52615823779561
2026-04-15T14:34:05.381,4.003269434170093,4.004764318750162,4.004048347714445,4.003112077898507,-0.04069853263062517,2.043396356308236,2.9776992188512708,2.5302173215280277,1.9450486865668637,-50.50873165788281
2026-04-15T14:34:05.491,4.003269434170093,4.004764318750162,4.004048347714445,4.003112077898507,-0.04069853263062517,2.043396356308236,2.9776992188512708,2.5302173215280277,1.9450486865668637,-50.50873165788281
2026-04-15T14:34:05.601,4.003269434170093,4.004764318750162,4.004048347714445,4.003112077898507,-0.04069853263062517,2.043396356308236,2.9776992188512708,2.5302173215280277,1.9450486865668637,-50.50873165788281
2026-04-15T14:34:05.709,4.003083229248716,4.005419969881771,4.003906727070017,4.002975702463132,-0.03858244792692861,1.9270182804476121,3.387481176106988,2.441704418760793,1.8598140394576745,-50.48228059908661
2026-04-15T14:34:05.817,4.003083229248716,4.005419969881771,4.003906727070017,4.002975702463132,-0.03858244792692861,1.9270182804476121,3.387481176106988,2.441704418760793,1.8598140394576745,-50.48228059908661
2026-04-15T14:34:05.927,4.003083229248716,4.005419969881771,4.003906727070017,4.002975702463132,-0.03858244792692861,1.9270182804476121,3.387481176106988,2.441704418760793,1.8598140394576745,-50.48228059908661
2026-04-15T14:34:06.035,4.003180265616194,4.005569458339778,4.0039985182284425,4.003350734910413,-0.040907651589578715,1.9876660101214583,3.4809114623612913,2.499073892776593,2.0942093190079447,-50.511345644869735
2026-04-15T14:34:06.145,4.003180265616194,4.005569458339778,4.0039985182284425,4.003350734910413,-0.040907651589578715,1.9876660101214583,3.4809114623612913,2.499073892776593,2.0942093190079447,-50.511345644869735
2026-04-15T14:34:06.253,4.003180265616194,4.005569458339778,4.0039985182284425,4.003350734910413,-0.040907651589578715,1.9876660101214583,3.4809114623612913,2.499073892776593,2.0942093190079447,-50.511345644869735
2026-04-15T14:34:06.361,4.003185510825247,4.005178690265339,4.004050970318971,4.002626896061116,-0.03957327347054183,1.990944265779504,3.236681415836884,2.5318564493570506,1.641810038197633,-50.49466591838178
2026-04-15T14:34:06.470,4.003185510825247,4.005178690265339,4.004050970318971,4.002626896061116,-0.03957327347054183,1.990944265779504,3.236681415836884,2.5318564493570506,1.641810038197633,-50.49466591838178
2026-04-15T14:34:06.578,4.003185510825247,4.005178690265339,4.004050970318971,4.002626896061116,-0.03957327347054183,1.990944265779504,3.236681415836884,2.5318564493570506,1.641810038197633,-50.49466591838178
2026-04-15T14:34:06.688,4.003468752114102,4.005543232294514,4.003843784561383,4.003033399762714,-0.040295231781214774,2.167970071313974,3.4645201840710627,2.402365350864244,1.8958748516961776,-50.50369039726519
2026-04-15T14:34:06.796,4.003468752114102,4.005543232294514,4.003843784561383,4.003033399762714,-0.040295231781214774,2.167970071313974,3.4645201840710627,2.402365350864244,1.8958748516961776,-50.50369039726519
2026-04-15T14:34:06.906,4.003468752114102,4.005543232294514,4.003843784561383,4.003033399762714,-0.040295231781214774,2.167970071313974,3.4645201840710627,2.402365350864244,1.8958748516961776,-50.50369039726519
2026-04-15T14:34:07.016,4.003494978159367,4.0051393511974425,4.004307985562562,4.002702951592383,-0.04132091048465357,2.1843613496042025,3.212094498401541,2.6924909766012917,1.6893447452392962,-50.51651138105817
2026-04-15T14:34:07.123,4.003494978159367,4.0051393511974425,4.004307985562562,4.002702951592383,-0.04132091048465357,2.1843613496042025,3.212094498401541,2.6924909766012917,1.6893447452392962,-50.51651138105817
2026-04-15T14:34:07.231,4.003494978159367,4.0051393511974425,4.004307985562562,4.002702951592383,-0.04132091048465357,2.1843613496042025,3.212094498401541,2.6924909766012917,1.6893447452392962,-50.51651138105817
2026-04-15T14:34:07.354,4.003119945712086,4.005094766920493,4.0041060450140264,4.002878666095654,-0.03841316115063288,1.9499660700539323,3.184229325308152,2.566278133766531,1.7991663097838284,-50.480164514382906
2026-04-15T14:34:07.463,4.003119945712086,4.005094766920493,4.0041060450140264,4.002878666095654,-0.03841316115063288,1.9499660700539323,3.184229325308152,2.566278133766531,1.7991663097838284,-50.480164514382906
2026-04-15T14:34:07.574,4.003119945712086,4.005094766920493,4.0041060450140264,4.002878666095654,-0.03841316115063288,1.9499660700539323,3.184229325308152,2.566278133766531,1.7991663097838284,-50.480164514382906
2026-04-15T14:34:07.682,4.00307273883061,4.005312443096187,4.004090309386868,4.002414465094475,-0.04298888313344969,1.9204617691315207,3.3202769351170502,2.5564433667923936,1.5090406840467807,-50.53736103916812
2026-04-15T14:34:07.790,4.00307273883061,4.005312443096187,4.004090309386868,4.002414465094475,-0.04298888313344969,1.9204617691315207,3.3202769351170502,2.5564433667923936,1.5090406840467807,-50.53736103916812
2026-04-15T14:34:07.897,4.00307273883061,4.005312443096187,4.004090309386868,4.002414465094475,-0.04298888313344969,1.9204617691315207,3.3202769351170502,2.5564433667923936,1.5090406840467807,-50.53736103916812
2026-04-15T14:34:08.007,4.00315403957093,4.005388498627454,4.0044364931843575,4.00235152258584,-0.040559119991322806,1.9712747318312296,3.3678116421587134,2.772808240223412,1.4697016161502319,-50.50698899989153
2026-04-15T14:34:08.116,4.00315403957093,4.005388498627454,4.0044364931843575,4.00235152258584,-0.040559119991322806,1.9712747318312296,3.3678116421587134,2.772808240223412,1.4697016161502319,-50.50698899989153
2026-04-15T14:34:08.227,4.00315403957093,4.005388498627454,4.0044364931843575,4.00235152258584,-0.040559119991322806,1.9712747318312296,3.3678116421587134,2.772808240223412,1.4697016161502319,-50.50698899989153
2026-04-15T14:34:08.336,4.003038644971767,4.004837751676902,4.004195213567925,4.002729177637647,-0.04706172381021154,1.8991531073542234,3.023594798063911,2.6220084799533083,1.705736023529525,-50.58827154762764
2026-04-15T14:34:08.445,4.003038644971767,4.004837751676902,4.004195213567925,4.002729177637647,-0.04706172381021154,1.8991531073542234,3.023594798063911,2.6220084799533083,1.705736023529525,-50.58827154762764
2026-04-15T14:34:08.554,4.003038644971767,4.004837751676902,4.004195213567925,4.002729177637647,-0.04706172381021154,1.8991531073542234,3.023594798063911,2.6220084799533083,1.705736023529525,-50.58827154762764
2026-04-15T14:34:08.664,4.002978325067659,4.005409479463665,4.0039801599967575,4.002768516705544,-0.04635968159086751,1.8614531672866974,3.3809246647908964,2.487599997973433,1.730322940964868,-50.57949601988584
2026-04-15T14:34:08.774,4.002978325067659,4.005409479463665,4.0039801599967575,4.002768516705544,-0.04635968159086751,1.8614531672866974,3.3809246647908964,2.487599997973433,1.730322940964868,-50.57949601988584
2026-04-15T14:34:08.883,4.002978325067659,4.005409479463665,4.0039801599967575,4.002768516705544,-0.04635968159086751,1.8614531672866974,3.3809246647908964,2.487599997973433,1.730322940964868,-50.57949601988584
2026-04-15T14:34:08.992,4.003395319187362,4.005598306989569,4.004203081381505,4.003135681339245,-0.04614558360908173,2.1220744921013335,3.498941868480543,2.626925863440377,1.9598008370280695,-50.57681979511352
2026-04-15T14:34:09.101,4.003395319187362,4.005598306989569,4.004203081381505,4.003135681339245,-0.04614558360908173,2.1220744921013335,3.498941868480543,2.626925863440377,1.9598008370280695,-50.57681979511352
2026-04-15T14:34:09.211,4.003395319187362,4.005598306989569,4.004203081381505,4.003135681339245,-0.04614558360908173,2.1220744921013335,3.498941868480543,2.626925863440377,1.9598008370280695,-50.57681979511352
2026-04-15T14:34:09.319,4.00277113931007,4.005084276502387,4.0031750204071415,4.003355980119466,-0.042495959873059194,1.7319620687938908,3.1776728139920607,1.9843877544634125,2.0974875746659905,-50.53119949841324
2026-04-15T14:34:09.429,4.00277113931007,4.005084276502387,4.0031750204071415,4.003355980119466,-0.042495959873059194,1.7319620687938908,3.1776728139920607,1.9843877544634125,2.0974875746659905,-50.53119949841324
2026-04-15T14:34:09.539,4.00277113931007,4.005084276502387,4.0031750204071415,4.003355980119466,-0.042495959873059194,1.7319620687938908,3.1776728139920607,1.9843877544634125,2.0974875746659905,-50.53119949841324
2026-04-15T14:34:09.647,4.002933740790709,4.005669117311783,4.003445148673364,4.002558708343429,-0.04217730241179665,1.8335879941933086,3.5431983198641603,2.153217920852768,1.5991927146430385,-50.52721628014746
2026-04-15T14:34:09.756,4.002933740790709,4.005669117311783,4.003445148673364,4.002558708343429,-0.04217730241179665,1.8335879941933086,3.5431983198641603,2.153217920852768,1.5991927146430385,-50.52721628014746
2026-04-15T14:34:09.864,4.002933740790709,4.005669117311783,4.003445148673364,4.002558708343429,-0.04217730241179665,1.8335879941933086,3.5431983198641603,2.153217920852768,1.5991927146430385,-50.52721628014746
2026-04-15T14:34:09.974,4.00311732310756,4.004525661738256,4.004675150196263,4.003046512785346,-0.04338222593719564,1.9483269422249094,2.8285385864101897,2.9219688726644932,1.904070490841292,-50.54227782421494
2026-04-15T14:34:10.083,4.00311732310756,4.004525661738256,4.004675150196263,4.003046512785346,-0.04338222593719564,1.9483269422249094,2.8285385864101897,2.9219688726644932,1.904070490841292,-50.54227782421494
2026-04-15T14:34:10.192,4.00311732310756,4.004525661738256,4.004675150196263,4.003046512785346,-0.04338222593719564,1.9483269422249094,2.8285385864101897,2.9219688726644932,1.904070490841292,-50.54227782421494
2026-04-15T14:34:10.301,4.0034399034643116,4.004992485343962,4.004955768880592,4.002427578117107,-0.03930938526043378,2.1499396651947222,3.1203033399762603,3.09735555036994,1.517236323191895,-50.49136731575542
2026-04-15T14:34:10.410,4.0034399034643116,4.004992485343962,4.004955768880592,4.002427578117107,-0.03930938526043378,2.1499396651947222,3.1203033399762603,3.09735555036994,1.517236323191895,-50.49136731575542
2026-04-15T14:34:10.520,4.0034399034643116,4.004992485343962,4.004955768880592,4.002427578117107,-0.03930938526043378,2.1499396651947222,3.1203033399762603,3.09735555036994,1.517236323191895,-50.49136731575542
2026-04-15T14:34:10.628,4.002899646931866,4.005267858819238,4.003704786521482,4.002671480338066,-0.0349378032137383,1.8122793324160114,3.2924117620236615,2.315491575926032,1.6696752112910218,-50.43672254017173
2026-04-15T14:34:10.737,4.002899646931866,4.005267858819238,4.003704786521482,4.002671480338066,-0.0349378032137383,1.8122793324160114,3.2924117620236615,2.315491575926032,1.6696752112910218,-50.43672254017173
2026-04-15T14:34:10.846,4.002899646931866,4.005267858819238,4.003704786521482,4.002671480338066,-0.0349378032137383,1.8122793324160114,3.2924117620236615,2.315491575926032,1.6696752112910218,-50.43672254017173
2026-04-15T14:34:10.956,4.002710819405962,4.005123615570284,4.0042686464946655,4.003180265616194,-0.03590373364319037,1.6942621287263648,3.2022597314274037,2.6679040591659486,1.9876660101214583,-50.44879667053988
2026-04-15T14:34:11.063,4.002710819405962,4.005123615570284,4.0042686464946655,4.003180265616194,-0.03590373364319037,1.6942621287263648,3.2022597314274037,2.6679040591659486,1.9876660101214583,-50.44879667053988
2026-04-15T14:34:11.173,4.002710819405962,4.005123615570284,4.0042686464946655,4.003180265616194,-0.03590373364319037,1.6942621287263648,3.2022597314274037,2.6679040591659486,1.9876660101214583,-50.44879667053988
2026-04-15T14:34:11.283,4.003342867096833,4.00543570550893,4.003497600763893,4.002356767794893,-0.033757774802500445,2.089291935520876,3.397315943081125,2.1860004774332253,1.4729798718082776,-50.42197218503126
2026-04-15T14:34:11.394,4.003342867096833,4.00543570550893,4.003497600763893,4.002356767794893,-0.033757774802500445,2.089291935520876,3.397315943081125,2.1860004774332253,1.4729798718082776,-50.42197218503126
2026-04-15T14:34:11.503,4.003342867096833,4.00543570550893,4.003497600763893,4.002356767794893,-0.033757774802500445,2.089291935520876,3.397315943081125,2.1860004774332253,1.4729798718082776,-50.42197218503126
2026-04-15T14:34:11.613,4.003518581600105,4.0054724219723,4.003633976199268,4.003070116226084,-0.03406647421809853,2.1991135000654083,3.420263732687445,2.2712351245424145,1.9188226413024978,-50.42583092772623
2026-04-15T14:34:11.721,4.003518581600105,4.0054724219723,4.003633976199268,4.003070116226084,-0.03406647421809853,2.1991135000654083,3.420263732687445,2.2712351245424145,1.9188226413024978,-50.42583092772623
2026-04-15T14:34:11.831,4.003518581600105,4.0054724219723,4.003633976199268,4.003070116226084,-0.03406647421809853,2.1991135000654083,3.420263732687445,2.2712351245424145,1.9188226413024978,-50.42583092772623
2026-04-15T14:34:11.939,4.002954721626921,4.005330801327872,4.003804445493486,4.002521991880059,-0.04269014176351605,1.8467010168254916,3.3317508299202103,2.377778433428901,1.5762449250367183,-50.53362677204395
2026-04-15T14:34:12.049,4.002954721626921,4.005330801327872,4.003804445493486,4.002521991880059,-0.04269014176351605,1.8467010168254916,3.3317508299202103,2.377778433428901,1.5762449250367183,-50.53362677204395
2026-04-15T14:34:12.158,4.002954721626921,4.005330801327872,4.003804445493486,4.002521991880059,-0.04269014176351605,1.8467010168254916,3.3317508299202103,2.377778433428901,1.5762449250367183,-50.53362677204395
2026-04-15T14:34:12.267,4.003513336391052,4.005388498627454,4.004085064177815,4.002886533909233,-0.03846295137895516,2.1958352444073626,3.3678116421587134,2.553165111134348,1.804083693270897,-50.48078689223694
2026-04-15T14:34:12.375,4.003513336391052,4.005388498627454,4.004085064177815,4.002886533909233,-0.03846295137895516,2.1958352444073626,3.3678116421587134,2.553165111134348,1.804083693270897,-50.48078689223694
2026-04-15T14:34:12.485,4.003513336391052,4.005388498627454,4.004085064177815,4.002886533909233,-0.03846295137895516,2.1958352444073626,3.3678116421587134,2.553165111134348,1.804083693270897,-50.48078689223694
2026-04-15T14:34:12.594,4.003374338351151,4.005364895186716,4.003479242532208,4.003033399762714,-0.032234193815838925,2.1089614694691505,3.3530594916975076,2.1745265826300653,1.8958748516961776,-50.402927422697985
2026-04-15T14:34:12.702,4.003374338351151,4.005364895186716,4.003479242532208,4.003033399762714,-0.032234193815838925,2.1089614694691505,3.3530594916975076,2.1745265826300653,1.8958748516961776,-50.402927422697985
2026-04-15T14:34:12.811,4.003374338351151,4.005364895186716,4.003479242532208,4.003033399762714,-0.032234193815838925,2.1089614694691505,3.3530594916975076,2.1745265826300653,1.8958748516961776,-50.402927422697985
2026-04-15T14:34:12.922,4.003245830729355,4.00528097184187,4.003830671538751,4.002907514745445,-0.042655288603690465,2.02864420584703,3.300607401168776,2.3941697117191296,1.81719671590308,-50.53319110754613
2026-04-15T14:34:13.032,4.003245830729355,4.00528097184187,4.003830671538751,4.002907514745445,-0.042655288603690465,2.02864420584703,3.300607401168776,2.3941697117191296,1.81719671590308,-50.53319110754613
2026-04-15T14:34:13.141,4.003245830729355,4.00528097184187,4.003830671538751,4.002907514745445,-0.042655288603690465,2.02864420584703,3.300607401168776,2.3941697117191296,1.81719671590308,-50.53319110754613
2026-04-15T14:34:13.251,4.003492355554841,4.005600929594095,4.0042922499354034,4.002621650852063,-0.03907039216448688,2.1827222217757347,3.5005809963095658,2.6826562096271545,1.6385317825395873,-50.48837990205609
2026-04-15T14:34:13.359,4.003492355554841,4.005600929594095,4.0042922499354034,4.002621650852063,-0.03907039216448688,2.1827222217757347,3.5005809963095658,2.6826562096271545,1.6385317825395873,-50.48837990205609
2026-04-15T14:34:13.468,4.003492355554841,4.005600929594095,4.0042922499354034,4.002621650852063,-0.03907039216448688,2.1827222217757347,3.5005809963095658,2.6826562096271545,1.6385317825395873,-50.48837990205609
2026-04-15T14:34:13.577,4.0030438901808205,4.004989862739436,4.003953933951494,4.002826214005125,-0.04478631037588371,1.9024313630128242,3.1186642121472374,2.4712087196837595,1.766383753203371,-50.55982887969854
2026-04-15T14:34:13.685,4.0030438901808205,4.004989862739436,4.003953933951494,4.002826214005125,-0.04478631037588371,1.9024313630128242,3.1186642121472374,2.4712087196837595,1.766383753203371,-50.55982887969854
2026-04-15T14:34:13.794,4.0030438901808205,4.004989862739436,4.003953933951494,4.002826214005125,-0.04478631037588371,1.9024313630128242,3.1186642121472374,2.4712087196837595,1.766383753203371,-50.55982887969854
2026-04-15T14:34:13.903,4.003644466617374,4.005029201807332,4.0038752558157,4.003077984039663,-0.04205282684099097,2.277791635858506,3.1432511295825805,2.4220348848125184,1.9237400247895664,-50.52566033551239
2026-04-15T14:34:14.012,4.003644466617374,4.005029201807332,4.0038752558157,4.003077984039663,-0.04205282684099097,2.277791635858506,3.1432511295825805,2.4220348848125184,1.9237400247895664,-50.52566033551239
2026-04-15T14:34:14.136,4.003644466617374,4.005029201807332,4.0038752558157,4.003077984039663,-0.04205282684099097,2.277791635858506,3.1432511295825805,2.4220348848125184,1.9237400247895664,-50.52566033551239
2026-04-15T14:34:14.245,4.002440691139739,4.005147219011022,4.003990650414863,4.002823591400599,-0.039518504219387324,1.5254319623370094,3.2170118818886095,2.4941565092895246,1.7647446253743482,-50.49398130274234
2026-04-15T14:34:14.355,4.002440691139739,4.005147219011022,4.003990650414863,4.002823591400599,-0.039518504219387324,1.5254319623370094,3.2170118818886095,2.4941565092895246,1.7647446253743482,-50.49398130274234
2026-04-15T14:34:14.464,4.002440691139739,4.005147219011022,4.003990650414863,4.002823591400599,-0.039518504219387324,1.5254319623370094,3.2170118818886095,2.4941565092895246,1.7647446253743482,-50.49398130274234
2026-04-15T14:34:14.573,4.002881288700181,4.005273104028291,4.004195213567925,4.003164529989037,-0.0424611067132336,1.8008054376128513,3.295690017681707,2.6220084799533083,1.9778312431478762,-50.530763833915415
2026-04-15T14:34:14.681,4.002881288700181,4.005273104028291,4.004195213567925,4.003164529989037,-0.0424611067132336,1.8008054376128513,3.295690017681707,2.6220084799533083,1.9778312431478762,-50.530763833915415
2026-04-15T14:34:14.788,4.002881288700181,4.005273104028291,4.004195213567925,4.003164529989037,-0.0424611067132336,1.8008054376128513,3.295690017681707,2.6220084799533083,1.9778312431478762,-50.530763833915415
2026-04-15T14:34:14.898,4.0031907560343,4.004801035213532,4.003885746233806,4.003172397802615,-0.04077321797310858,1.9942225214375497,3.000647008457591,2.42859139612861,1.9827486266343897,-50.509665224663856
2026-04-15T14:34:15.008,4.0031907560343,4.004801035213532,4.003885746233806,4.003172397802615,-0.04077321797310858,1.9942225214375497,3.000647008457591,2.42859139612861,1.9827486266343897,-50.509665224663856
2026-04-15T14:34:15.117,4.0031907560343,4.004801035213532,4.003885746233806,4.003172397802615,-0.04077321797310858,1.9942225214375497,3.000647008457591,2.42859139612861,1.9827486266343897,-50.509665224663856
2026-04-15T14:34:15.224,4.003219604684091,4.005333423932399,4.004418134952672,4.003298282819885,-0.038009860301222484,2.0122529275568013,3.333389957749233,2.761334345420252,2.0614267624280425,-50.47512325376529
2026-04-15T14:34:15.334,4.003219604684091,4.005333423932399,4.004418134952672,4.003298282819885,-0.038009860301222484,2.0122529275568013,3.333389957749233,2.761334345420252,2.0614267624280425,-50.47512325376529
2026-04-15T14:34:15.443,4.003219604684091,4.005333423932399,4.004418134952672,4.003298282819885,-0.038009860301222484,2.0122529275568013,3.333389957749233,2.761334345420252,2.0614267624280425,-50.47512325376529
2026-04-15T14:34:15.568,4.003077984039663,4.005690098147994,4.003974914787705,4.002839327027758,-0.03790530082174571,1.9237400247895664,3.5563113424963433,2.4843217423153874,1.7745793923484854,-50.47381626027182
2026-04-15T14:34:15.661,4.003077984039663,4.005690098147994,4.003974914787705,4.002839327027758,-0.03790530082174571,1.9237400247895664,3.5563113424963433,2.4843217423153874,1.7745793923484854,-50.47381626027182
2026-04-15T14:34:15.772,4.003077984039663,4.005690098147994,4.003974914787705,4.002839327027758,-0.03790530082174571,1.9237400247895664,3.5563113424963433,2.4843217423153874,1.7745793923484854,-50.47381626027182
2026-04-15T14:34:15.881,4.003327131469675,4.005218029333236,4.00398540520581,4.002986192881238,-0.03814429391769262,2.079457168546739,3.261268333272227,2.490878253631479,1.866370550773766,-50.47680367397116
2026-04-15T14:34:15.989,4.003327131469675,4.005218029333236,4.00398540520581,4.002986192881238,-0.03814429391769262,2.079457168546739,3.261268333272227,2.490878253631479,1.866370550773766,-50.47680367397116
2026-04-15T14:34:16.098,4.003327131469675,4.005218029333236,4.00398540520581,4.002986192881238,-0.03814429391769262,2.079457168546739,3.261268333272227,2.490878253631479,1.866370550773766,-50.47680367397116
2026-04-15T14:34:16.206,4.003203869056932,4.005000353157541,4.004237175240348,4.00327205677462,-0.03779576231943672,2.002418160582664,3.125220723463329,2.648234525217674,2.0450354841372587,-50.47244702899296
2026-04-15T14:34:16.315,4.003203869056932,4.005000353157541,4.004237175240348,4.00327205677462,-0.03779576231943672,2.002418160582664,3.125220723463329,2.648234525217674,2.0450354841372587,-50.47244702899296
2026-04-15T14:34:16.425,4.003203869056932,4.005000353157541,4.004237175240348,4.00327205677462,-0.03779576231943672,2.002418160582664,3.125220723463329,2.648234525217674,2.0450354841372587,-50.47244702899296
2026-04-15T14:34:16.535,4.003355980119466,4.005225897146815,4.004119158036659,4.002799987959861,-0.04015581914191241,2.0974875746659905,3.2661857167592956,2.574473772911645,1.7499924749131424,-50.5019477392739
2026-04-15T14:34:16.641,4.003355980119466,4.005225897146815,4.004119158036659,4.002799987959861,-0.04015581914191241,2.0974875746659905,3.2661857167592956,2.574473772911645,1.7499924749131424,-50.5019477392739
2026-04-15T14:34:16.751,4.003355980119466,4.005225897146815,4.004119158036659,4.002799987959861,-0.04015581914191241,2.0974875746659905,3.2661857167592956,2.574473772911645,1.7499924749131424,-50.5019477392739
2026-04-15T14:34:16.859,4.002870798282075,4.0050160887847,4.004058838132551,4.002794742750808,-0.038876210274030015,1.7942489262967598,3.135055490437466,2.536773832844119,1.7467142192550966,-50.48595262842538
2026-04-15T14:34:16.968,4.002870798282075,4.0050160887847,4.004058838132551,4.002794742750808,-0.038876210274030015,1.7942489262967598,3.135055490437466,2.536773832844119,1.7467142192550966,-50.48595262842538
2026-04-15T14:34:17.078,4.002870798282075,4.0050160887847,4.004058838132551,4.002794742750808,-0.038876210274030015,1.7942489262967598,3.135055490437466,2.536773832844119,1.7467142192550966,-50.48595262842538
2026-04-15T14:34:17.187,4.002857685259443,4.004913807208169,4.004452228811516,4.003028154553661,-0.04000146943411337,1.7860532871516455,3.0711295051055743,2.7826430071975494,1.892596596038132,-50.500018367926415
2026-04-15T14:34:17.298,4.002857685259443,4.004913807208169,4.004452228811516,4.003028154553661,-0.04000146943411337,1.7860532871516455,3.0711295051055743,2.7826430071975494,1.892596596038132,-50.500018367926415
2026-04-15T14:34:17.406,4.002857685259443,4.004913807208169,4.004452228811516,4.003028154553661,-0.04000146943411337,1.7860532871516455,3.0711295051055743,2.7826430071975494,1.892596596038132,-50.500018367926415
2026-04-15T14:34:17.517,4.003214359475038,4.004816770840691,4.004321098585194,4.00299930590387,-0.03526641872066529,2.0089746718987556,3.010481775431728,2.700686615746406,1.8745661899188804,-50.44083023400832
2026-04-15T14:34:17.627,4.003214359475038,4.004816770840691,4.004321098585194,4.00299930590387,-0.03526641872066529,2.0089746718987556,3.010481775431728,2.700686615746406,1.8745661899188804,-50.44083023400832
2026-04-15T14:34:17.737,4.003214359475038,4.004816770840691,4.004321098585194,4.00299930590387,-0.03526641872066529,2.0089746718987556,3.010481775431728,2.700686615746406,1.8745661899188804,-50.44083023400832
2026-04-15T14:34:17.846,4.003146171757351,4.005307197887134,4.0042083265905575,4.002826214005125,-0.0460659192437661,1.966357348344161,3.3169986794590045,2.6302041190984227,1.766383753203371,-50.57582399054708
2026-04-15T14:34:17.954,4.003146171757351,4.005307197887134,4.0042083265905575,4.002826214005125,-0.0460659192437661,1.966357348344161,3.3169986794590045,2.6302041190984227,1.766383753203371,-50.57582399054708
2026-04-15T14:34:18.063,4.003146171757351,4.005307197887134,4.0042083265905575,4.002826214005125,-0.0460659192437661,1.966357348344161,3.3169986794590045,2.6302041190984227,1.766383753203371,-50.57582399054708
2026-04-15T14:34:18.171,4.002626896061116,4.005393743836507,4.0043709280711965,4.002763271496491,-0.03505729976171175,1.641810038197633,3.371089897816759,2.7318300444978405,1.7270446853068222,-50.438216247021394
2026-04-15T14:34:18.281,4.002626896061116,4.005393743836507,4.0043709280711965,4.002763271496491,-0.03505729976171175,1.641810038197633,3.371089897816759,2.7318300444978405,1.7270446853068222,-50.438216247021394
2026-04-15T14:34:18.388,4.002626896061116,4.005393743836507,4.0043709280711965,4.002763271496491,-0.03505729976171175,1.641810038197633,3.371089897816759,2.7318300444978405,1.7270446853068222,-50.438216247021394
2026-04-15T14:34:18.497,4.0029625894405,4.005291462259976,4.003972292183178,4.002477407603109,-0.04392991844874063,1.8516184003125602,3.3071639124848673,2.4826826144863645,1.5483797519433296,-50.54912398060926
2026-04-15T14:34:18.608,4.0029625894405,4.005291462259976,4.003972292183178,4.002477407603109,-0.04392991844874063,1.8516184003125602,3.3071639124848673,2.4826826144863645,1.5483797519433296,-50.54912398060926
2026-04-15T14:34:18.717,4.0029625894405,4.005291462259976,4.003972292183178,4.002477407603109,-0.04392991844874063,1.8516184003125602,3.3071639124848673,2.4826826144863645,1.5483797519433296,-50.54912398060926
2026-04-15T14:34:18.825,4.002713442010489,4.005173445056286,4.004276514308245,4.002886533909233,-0.03313539694847205,1.6959012565553877,3.233403160178838,2.6728214426530172,1.804083693270897,-50.4141924618559
2026-04-15T14:34:18.936,4.002713442010489,4.005173445056286,4.004276514308245,4.002886533909233,-0.03313539694847205,1.6959012565553877,3.233403160178838,2.6728214426530172,1.804083693270897,-50.4141924618559
2026-04-15T14:34:19.046,4.002713442010489,4.005173445056286,4.004276514308245,4.002886533909233,-0.03313539694847205,1.6959012565553877,3.233403160178838,2.6728214426530172,1.804083693270897,-50.4141924618559
2026-04-15T14:34:19.155,4.003531694622737,4.004874468140272,4.0039801599967575,4.003366470537571,-0.04092756768090762,2.2073091392105226,3.0465425876702312,2.487599997973433,2.104044085982082,-50.51159459601134
2026-04-15T14:34:19.264,4.003531694622737,4.004874468140272,4.0039801599967575,4.003366470537571,-0.04092756768090762,2.2073091392105226,3.0465425876702312,2.487599997973433,2.104044085982082,-50.51159459601134
2026-04-15T14:34:19.373,4.003531694622737,4.004874468140272,4.0039801599967575,4.003366470537571,-0.04092756768090762,2.2073091392105226,3.0465425876702312,2.487599997973433,2.104044085982082,-50.51159459601134
2026-04-15T14:34:19.480,4.003408432209994,4.005204916310604,4.00394868874244,4.0037519934029575,-0.04560287012036897,2.130270131246448,3.2530726941276678,2.4679304640251587,2.3449958768484436,-50.57003587650462
2026-04-15T14:34:19.603,4.003408432209994,4.005204916310604,4.00394868874244,4.0037519934029575,-0.04560287012036897,2.130270131246448,3.2530726941276678,2.4679304640251587,2.3449958768484436,-50.57003587650462
2026-04-15T14:34:19.713,4.003408432209994,4.005204916310604,4.00394868874244,4.0037519934029575,-0.04560287012036897,2.130270131246448,3.2530726941276678,2.4679304640251587,2.3449958768484436,-50.57003587650462
2026-04-15T14:34:19.822,4.002755403682912,4.004871845535746,4.003791332470854,4.002933740790709,-0.04649909423016987,1.7221273018197536,3.0449034598412084,2.3695827942837866,1.8335879941933086,-50.581238677877124
2026-04-15T14:34:19.930,4.002755403682912,4.004871845535746,4.003791332470854,4.002933740790709,-0.04649909423016987,1.7221273018197536,3.0449034598412084,2.3695827942837866,1.8335879941933086,-50.581238677877124
2026-04-15T14:34:20.038,4.002755403682912,4.004871845535746,4.003791332470854,4.002933740790709,-0.04649909423016987,1.7221273018197536,3.0449034598412084,2.3695827942837866,1.8335879941933086,-50.581238677877124
2026-04-15T14:34:20.147,4.00308060664419,4.004966259298698,4.004203081381505,4.002152204641831,-0.04926245190205597,1.9253791526185893,3.1039120616860316,2.626925863440377,1.3451279011444939,-50.6157806487757
2026-04-15T14:34:20.256,4.00308060664419,4.004966259298698,4.004203081381505,4.002152204641831,-0.04926245190205597,1.9253791526185893,3.1039120616860316,2.626925863440377,1.3451279011444939,-50.6157806487757
2026-04-15T14:34:20.364,4.00308060664419,4.004966259298698,4.004203081381505,4.002152204641831,-0.04926245190205597,1.9253791526185893,3.1039120616860316,2.626925863440377,1.3451279011444939,-50.6157806487757
2026-04-15T14:34:20.473,4.003675937871691,4.004974127112277,4.004155874500029,4.002632141270169,-0.030650864555190675,2.2974611698067804,3.1088294451731002,2.5974215625179653,1.6450882938556788,-50.38313580693988
2026-04-15T14:34:20.583,4.003675937871691,4.004974127112277,4.004155874500029,4.002632141270169,-0.030650864555190675,2.2974611698067804,3.1088294451731002,2.5974215625179653,1.6450882938556788,-50.38313580693988
2026-04-15T14:34:20.689,4.003675937871691,4.004974127112277,4.004155874500029,4.002632141270169,-0.030650864555190675,2.2974611698067804,3.1088294451731002,2.5974215625179653,1.6450882938556788,-50.38313580693988
2026-04-15T14:34:20.799,4.002566576157008,4.005860567442213,4.003715276939587,4.0032773019836725,-0.03839324505930398,1.604110098130107,3.662854651383385,2.3220480872421234,2.0483137397953044,-50.47991556324129
2026-04-15T14:34:20.908,4.002566576157008,4.005860567442213,4.003715276939587,4.0032773019836725,-0.03839324505930398,1.604110098130107,3.662854651383385,2.3220480872421234,2.0483137397953044,-50.47991556324129
2026-04-15T14:34:21.017,4.002566576157008,4.005860567442213,4.003715276939587,4.0032773019836725,-0.03839324505930398,1.604110098130107,3.662854651383385,2.3220480872421234,2.0483137397953044,-50.47991556324129
2026-04-15T14:34:21.127,4.003510713786525,4.004879713349325,4.003639221408321,4.003211736870512,-0.03603816725966051,2.1941961165783397,3.049820843328277,2.2745133802004602,2.0073355440697327,-50.45047709074576
2026-04-15T14:34:21.237,4.003510713786525,4.004879713349325,4.003639221408321,4.003211736870512,-0.03603816725966051,2.1941961165783397,3.049820843328277,2.2745133802004602,2.0073355440697327,-50.45047709074576
2026-04-15T14:34:21.345,4.003510713786525,4.004879713349325,4.003639221408321,4.003211736870512,-0.03603816725966051,2.1941961165783397,3.049820843328277,2.2745133802004602,2.0073355440697327,-50.45047709074576
2026-04-15T14:34:21.454,4.002700328987856,4.004273891703718,4.003783464657275,4.002480030207636,-0.03769120283995994,1.6877056174102734,2.6711823148239944,2.364665410796718,1.5500188797723524,-50.471140035499495
2026-04-15T14:34:21.563,4.002700328987856,4.004273891703718,4.003783464657275,4.002480030207636,-0.03769120283995994,1.6877056174102734,2.6711823148239944,2.364665410796718,1.5500188797723524,-50.471140035499495
2026-04-15T14:34:21.671,4.002700328987856,4.004273891703718,4.003783464657275,4.002480030207636,-0.03769120283995994,1.6877056174102734,2.6711823148239944,2.364665410796718,1.5500188797723524,-50.471140035499495
2026-04-15T14:34:21.780,4.003560543272528,4.005718946797785,4.003814935911592,4.0025508405298496,-0.05024829842283695,2.225339545329774,3.574341748615595,2.3843349447449924,1.5942753311559699,-50.62810373028546
2026-04-15T14:34:21.890,4.003560543272528,4.005718946797785,4.003814935911592,4.0025508405298496,-0.05024829842283695,2.225339545329774,3.574341748615595,2.3843349447449924,1.5942753311559699,-50.62810373028546
2026-04-15T14:34:22.000,4.003560543272528,4.005718946797785,4.003814935911592,4.0025508405298496,-0.05024829842283695,2.225339545329774,3.574341748615595,2.3843349447449924,1.5942753311559699,-50.62810373028546
2026-04-15T14:34:22.108,4.002524614484585,4.005128860779337,4.00372052214864,4.002514124066479,-0.042560687169878146,1.5778840528657412,3.2055379870854495,2.325326342900169,1.5713275415496497,-50.53200858962348
2026-04-15T14:34:22.218,4.002524614484585,4.005128860779337,4.00372052214864,4.002514124066479,-0.042560687169878146,1.5778840528657412,3.2055379870854495,2.325326342900169,1.5713275415496497,-50.53200858962348
2026-04-15T14:34:22.325,4.002524614484585,4.005128860779337,4.00372052214864,4.002514124066479,-0.042560687169878146,1.5778840528657412,3.2055379870854495,2.325326342900169,1.5713275415496497,-50.53200858962348
2026-04-15T14:34:22.434,4.0035238268091575,4.0061306957084355,4.004150629290976,4.002758026287438,-0.042182281434628884,2.202391755723454,3.831684817772185,2.5941433068599196,1.7237664296487765,-50.527278517932864
2026-04-15T14:34:22.543,4.0035238268091575,4.0061306957084355,4.004150629290976,4.002758026287438,-0.042182281434628884,2.202391755723454,3.831684817772185,2.5941433068599196,1.7237664296487765,-50.527278517932864
2026-04-15T14:34:22.666,4.0035238268091575,4.0061306957084355,4.004150629290976,4.002758026287438,-0.042182281434628884,2.202391755723454,3.831684817772185,2.5941433068599196,1.7237664296487765,-50.527278517932864
2026-04-15T14:34:22.776,4.003539562436316,4.00605464017717,4.00425815607656,4.002403974676369,-0.04242127453057579,2.2122265226975912,3.784150110731077,2.661347547849857,1.5024841727306892,-50.5302659316322
2026-04-15T14:34:22.883,4.003539562436316,4.00605464017717,4.00425815607656,4.002403974676369,-0.04242127453057579,2.2122265226975912,3.784150110731077,2.661347547849857,1.5024841727306892,-50.5302659316322
2026-04-15T14:34:22.993,4.003539562436316,4.00605464017717,4.00425815607656,4.002403974676369,-0.04242127453057579,2.2122265226975912,3.784150110731077,2.661347547849857,1.5024841727306892,-50.5302659316322
2026-04-15T14:34:23.101,4.003510713786525,4.005068540875229,4.004245043053928,4.002689838569751,-0.05270793570195719,2.1941961165783397,3.1678380470179235,2.653151908704743,1.6811491060941819,-50.65884919627447
2026-04-15T14:34:23.211,4.003510713786525,4.005068540875229,4.004245043053928,4.002689838569751,-0.05270793570195719,2.1941961165783397,3.1678380470179235,2.653151908704743,1.6811491060941819,-50.65884919627447
2026-04-15T14:34:23.319,4.003510713786525,4.005068540875229,4.004245043053928,4.002689838569751,-0.05270793570195719,2.1941961165783397,3.1678380470179235,2.653151908704743,1.6811491060941819,-50.65884919627447
2026-04-15T14:34:23.431,4.003096342271348,4.004819393445217,4.004132271059291,4.003059625807978,-0.05355934860626804,1.9352139195927265,3.012120903260751,2.5826694120567595,1.9122661299864063,-50.66949185757835
2026-04-15T14:34:23.538,4.003096342271348,4.004819393445217,4.004132271059291,4.003059625807978,-0.05355934860626804,1.9352139195927265,3.012120903260751,2.5826694120567595,1.9122661299864063,-50.66949185757835
2026-04-15T14:34:23.647,4.003096342271348,4.004819393445217,4.004132271059291,4.003059625807978,-0.05355934860626804,1.9352139195927265,3.012120903260751,2.5826694120567595,1.9122661299864063,-50.66949185757835
2026-04-15T14:34:23.757,4.003172397802615,4.004916429812695,4.003862142793068,4.002466917185004,-0.05355436958343582,1.9827486266343897,3.072768632934597,2.413839245667404,1.541823240627238,-50.66942961979295
2026-04-15T14:34:23.866,4.003172397802615,4.004916429812695,4.003862142793068,4.002466917185004,-0.05355436958343582,1.9827486266343897,3.072768632934597,2.413839245667404,1.541823240627238,-50.66942961979295
2026-04-15T14:34:23.973,4.003172397802615,4.004916429812695,4.003862142793068,4.002466917185004,-0.05355436958343582,1.9827486266343897,3.072768632934597,2.413839245667404,1.541823240627238,-50.66942961979295
2026-04-15T14:34:24.082,4.003161907384509,4.00490593939459,4.004019499064654,4.002422332908054,-0.04961098350031187,1.9761921153182982,3.0662121216185056,2.512186915408776,1.5139580675338493,-50.6201372937539
2026-04-15T14:34:24.192,4.003161907384509,4.00490593939459,4.004019499064654,4.002422332908054,-0.04961098350031187,1.9761921153182982,3.0662121216185056,2.512186915408776,1.5139580675338493,-50.6201372937539
2026-04-15T14:34:24.301,4.003161907384509,4.00490593939459,4.004019499064654,4.002422332908054,-0.04961098350031187,1.9761921153182982,3.0662121216185056,2.512186915408776,1.5139580675338493,-50.6201372937539
2026-04-15T14:34:24.411,4.003403187000941,4.005304575282608,4.004077196364236,4.002980947672185,-0.0374273146298519,2.126991875588402,3.3153595516299816,2.5482477276472792,1.8630922951157203,-50.46784143287315
2026-04-15T14:34:24.521,4.003403187000941,4.005304575282608,4.004077196364236,4.002980947672185,-0.0374273146298519,2.126991875588402,3.3153595516299816,2.5482477276472792,1.8630922951157203,-50.46784143287315
2026-04-15T14:34:24.630,4.003403187000941,4.005304575282608,4.004077196364236,4.002980947672185,-0.0374273146298519,2.126991875588402,3.3153595516299816,2.5482477276472792,1.8630922951157203,-50.46784143287315
2026-04-15T14:34:24.737,4.003077984039663,4.005168199847233,4.004009008646548,4.0034189226281,-0.04783347234920676,1.9237400247895664,3.2301249045207925,2.5056304040926847,2.1368266425625393,-50.59791840436508
2026-04-15T14:34:24.847,4.003077984039663,4.005168199847233,4.004009008646548,4.0034189226281,-0.04783347234920676,1.9237400247895664,3.2301249045207925,2.5056304040926847,2.1368266425625393,-50.59791840436508
2026-04-15T14:34:24.957,4.003077984039663,4.005168199847233,4.004009008646548,4.0034189226281,-0.04783347234920676,1.9237400247895664,3.2301249045207925,2.5056304040926847,2.1368266425625393,-50.59791840436508
2026-04-15T14:34:25.068,4.003531694622737,4.005178690265339,4.004263401285613,4.002689838569751,-0.04892387834946452,2.2073091392105226,3.236681415836884,2.664625803507903,1.6811491060941819,-50.61154847936831
2026-04-15T14:34:25.177,4.003531694622737,4.005178690265339,4.004263401285613,4.002689838569751,-0.04892387834946452,2.2073091392105226,3.236681415836884,2.664625803507903,1.6811491060941819,-50.61154847936831
2026-04-15T14:34:25.286,4.003531694622737,4.005178690265339,4.004263401285613,4.002689838569751,-0.04892387834946452,2.2073091392105226,3.236681415836884,2.664625803507903,1.6811491060941819,-50.61154847936831
2026-04-15T14:34:25.396,4.003612995363056,4.005204916310604,4.004043102505392,4.0022623540319415,-0.047957947920012435,2.2581221019102315,3.2530726941276678,2.526939065869982,1.4139712699634543,-50.599474349000154
2026-04-15T14:34:25.503,4.003612995363056,4.005204916310604,4.004043102505392,4.0022623540319415,-0.047957947920012435,2.2581221019102315,3.2530726941276678,2.526939065869982,1.4139712699634543,-50.599474349000154
2026-04-15T14:34:25.614,4.003612995363056,4.005204916310604,4.004043102505392,4.0022623540319415,-0.047957947920012435,2.2581221019102315,3.2530726941276678,2.526939065869982,1.4139712699634543,-50.599474349000154
2026-04-15T14:34:25.723,4.00353693983179,4.005527496667355,4.004037857296339,4.002836704423232,-0.0486649691621887,2.2105873948685684,3.4546854170969254,2.5236608102119362,1.7729402645200176,-50.60831211452735
2026-04-15T14:34:25.831,4.00353693983179,4.005527496667355,4.004037857296339,4.002836704423232,-0.0486649691621887,2.2105873948685684,3.4546854170969254,2.5236608102119362,1.7729402645200176,-50.60831211452735
2026-04-15T14:34:25.942,4.00353693983179,4.005527496667355,4.004037857296339,4.002836704423232,-0.0486649691621887,2.2105873948685684,3.4546854170969254,2.5236608102119362,1.7729402645200176,-50.60831211452735
2026-04-15T14:34:26.052,4.003188133429774,4.005120992965757,4.004142761477397,4.002598047411325,-0.04931224213037824,1.9925833936085269,3.200620603598381,2.589225923372851,1.6237796320783815,-50.61640302662973
2026-04-15T14:34:26.161,4.003188133429774,4.005120992965757,4.004142761477397,4.002598047411325,-0.04931224213037824,1.9925833936085269,3.200620603598381,2.589225923372851,1.6237796320783815,-50.61640302662973
2026-04-15T14:34:26.270,4.003188133429774,4.005120992965757,4.004142761477397,4.002598047411325,-0.04931224213037824,1.9925833936085269,3.200620603598381,2.589225923372851,1.6237796320783815,-50.61640302662973
2026-04-15T14:34:26.380,4.002931118186183,4.004958391485118,4.004318475980668,4.0029888154857645,-0.051328746377430255,1.8319488663642858,3.098994678198963,2.699047487917383,1.8680096786027889,-50.64160932971787
2026-04-15T14:34:26.489,4.002931118186183,4.004958391485118,4.004318475980668,4.0029888154857645,-0.051328746377430255,1.8319488663642858,3.098994678198963,2.699047487917383,1.8680096786027889,-50.64160932971787
2026-04-15T14:34:26.597,4.002931118186183,4.004958391485118,4.004318475980668,4.0029888154857645,-0.051328746377430255,1.8319488663642858,3.098994678198963,2.699047487917383,1.8680096786027889,-50.64160932971787
2026-04-15T14:34:26.705,4.003230095102197,4.005556345317146,4.00399327301939,4.002461671975951,-0.0591707073381881,2.0188094388728928,3.472715823216177,2.4957956371185475,1.5385449849691923,-50.73963384172735
2026-04-15T14:34:26.815,4.003230095102197,4.005556345317146,4.00399327301939,4.002461671975951,-0.0591707073381881,2.0188094388728928,3.472715823216177,2.4957956371185475,1.5385449849691923,-50.73963384172735
2026-04-15T14:34:26.925,4.003230095102197,4.005556345317146,4.00399327301939,4.002461671975951,-0.0591707073381881,2.0188094388728928,3.472715823216177,2.4957956371185475,1.5385449849691923,-50.73963384172735
2026-04-15T14:34:27.035,4.003203869056932,4.00532555611882,4.004090309386868,4.002561330947955,-0.059872749557532134,2.002418160582664,3.3284725742627197,2.5564433667923936,1.6008318424720613,-50.74840936946915
2026-04-15T14:34:27.143,4.003203869056932,4.00532555611882,4.004090309386868,4.002561330947955,-0.059872749557532134,2.002418160582664,3.3284725742627197,2.5564433667923936,1.6008318424720613,-50.74840936946915
2026-04-15T14:34:27.251,4.003203869056932,4.00532555611882,4.004090309386868,4.002561330947955,-0.059872749557532134,2.002418160582664,3.3284725742627197,2.5564433667923936,1.6008318424720613,-50.74840936946915
2026-04-15T14:34:27.361,4.002936363395236,4.005071163479756,4.004119158036659,4.002272844450047,-0.05502318131894284,1.8352271220223315,3.1694771748475015,2.574473772911645,1.4205277812795458,-50.68778976648679
2026-04-15T14:34:27.470,4.002936363395236,4.005071163479756,4.004119158036659,4.002272844450047,-0.05502318131894284,1.8352271220223315,3.1694771748475015,2.574473772911645,1.4205277812795458,-50.68778976648679
2026-04-15T14:34:27.579,4.002936363395236,4.005071163479756,4.004119158036659,4.002272844450047,-0.05502318131894284,1.8352271220223315,3.1694771748475015,2.574473772911645,1.4205277812795458,-50.68778976648679
2026-04-15T14:34:27.687,4.002765894101017,4.0050554278525965,4.004111290223079,4.003211736870512,-0.05739319618708299,1.728683813135845,3.159642407872809,2.5695563894245765,2.0073355440697327,-50.71741495233854
2026-04-15T14:34:27.795,4.002765894101017,4.0050554278525965,4.004111290223079,4.003211736870512,-0.05739319618708299,1.728683813135845,3.159642407872809,2.5695563894245765,2.0073355440697327,-50.71741495233854
2026-04-15T14:34:27.904,4.002765894101017,4.0050554278525965,4.004111290223079,4.003211736870512,-0.05739319618708299,1.728683813135845,3.159642407872809,2.5695563894245765,2.0073355440697327,-50.71741495233854
2026-04-15T14:34:28.012,4.002705574196909,4.005005598366594,4.003828048934224,4.002805233168914,-0.05901635763038906,1.690983873068319,3.1284989791213746,2.3925305838901068,1.753270730571188,-50.73770447037986
2026-04-15T14:34:28.122,4.002705574196909,4.005005598366594,4.003828048934224,4.002805233168914,-0.05901635763038906,1.690983873068319,3.1284989791213746,2.3925305838901068,1.753270730571188,-50.73770447037986
2026-04-15T14:34:28.246,4.002705574196909,4.005005598366594,4.003828048934224,4.002805233168914,-0.05901635763038906,1.690983873068319,3.1284989791213746,2.3925305838901068,1.753270730571188,-50.73770447037986
2026-04-15T14:34:28.371,4.003230095102197,4.00512623817481,4.003972292183178,4.003025531949135,-0.059026315676053515,2.0188094388728928,3.2038988592564266,2.4826826144863645,1.890957468209109,-50.73782894595067
2026-04-15T14:34:28.480,4.003230095102197,4.00512623817481,4.003972292183178,4.003025531949135,-0.059026315676053515,2.0188094388728928,3.2038988592564266,2.4826826144863645,1.890957468209109,-50.73782894595067
2026-04-15T14:34:28.589,4.003230095102197,4.00512623817481,4.003972292183178,4.003025531949135,-0.059026315676053515,2.0188094388728928,3.2038988592564266,2.4826826144863645,1.890957468209109,-50.73782894595067
2026-04-15T14:34:28.684,4.003487110345787,4.0047249796822655,4.003814935911592,4.002954721626921,-0.0547592931088348,2.179443966117134,2.9531123014159277,2.3843349447449924,1.8467010168254916,-50.684491163860436
2026-04-15T14:34:28.793,4.003487110345787,4.0047249796822655,4.003814935911592,4.002954721626921,-0.0547592931088348,2.179443966117134,2.9531123014159277,2.3843349447449924,1.8467010168254916,-50.684491163860436
2026-04-15T14:34:28.917,4.003487110345787,4.0047249796822655,4.003814935911592,4.002954721626921,-0.0547592931088348,2.179443966117134,2.9531123014159277,2.3843349447449924,1.8467010168254916,-50.684491163860436
2026-04-15T14:34:29.025,4.003067493621558,4.004816770840691,4.003927707906229,4.00246953978953,-0.06004701535666009,1.917183513473475,3.010481775431728,2.4548174413929758,1.543462368456261,-50.75058769195825
2026-04-15T14:34:29.136,4.003067493621558,4.004816770840691,4.003927707906229,4.00246953978953,-0.06004701535666009,1.917183513473475,3.010481775431728,2.4548174413929758,1.543462368456261,-50.75058769195825
2026-04-15T14:34:29.244,4.003067493621558,4.004816770840691,4.003927707906229,4.00246953978953,-0.06004701535666009,1.917183513473475,3.010481775431728,2.4548174413929758,1.543462368456261,-50.75058769195825
2026-04-15T14:34:29.353,4.002498388439321,4.005440950717983,4.003799200284433,4.003028154553661,-0.052528690879997016,1.5614927745755125,3.400594198739171,2.374500177770855,1.892596596038132,-50.656608635999966
2026-04-15T14:34:29.463,4.002498388439321,4.005440950717983,4.003799200284433,4.003028154553661,-0.052528690879997016,1.5614927745755125,3.400594198739171,2.374500177770855,1.892596596038132,-50.656608635999966
2026-04-15T14:34:29.572,4.002498388439321,4.005440950717983,4.003799200284433,4.003028154553661,-0.052528690879997016,1.5614927745755125,3.400594198739171,2.374500177770855,1.892596596038132,-50.656608635999966
2026-04-15T14:34:29.681,4.003959179160546,4.004856109908587,4.003885746233806,4.002689838569751,-0.0496707317742986,2.47448697534125,3.035068692867071,2.42859139612861,1.6811491060941819,-50.620884147178735
2026-04-15T14:34:29.790,4.003959179160546,4.004856109908587,4.003885746233806,4.002689838569751,-0.0496707317742986,2.47448697534125,3.035068692867071,2.42859139612861,1.6811491060941819,-50.620884147178735
2026-04-15T14:34:29.900,4.003959179160546,4.004856109908587,4.003885746233806,4.002689838569751,-0.0496707317742986,2.47448697534125,3.035068692867071,2.42859139612861,1.6811491060941819,-50.620884147178735
2026-04-15T14:34:30.009,4.002752781078385,4.005440950717983,4.004297495144456,4.002605915224905,-0.06243196729329692,1.7204881739907307,3.400594198739171,2.6859344652852,1.62869701556545,-50.780399591166216
2026-04-15T14:34:30.117,4.002752781078385,4.005440950717983,4.004297495144456,4.002605915224905,-0.06243196729329692,1.7204881739907307,3.400594198739171,2.6859344652852,1.62869701556545,-50.780399591166216
2026-04-15T14:34:30.226,4.002752781078385,4.005440950717983,4.004297495144456,4.002605915224905,-0.06243196729329692,1.7204881739907307,3.400594198739171,2.6859344652852,1.62869701556545,-50.780399591166216
2026-04-15T14:34:30.336,4.0023462773767875,4.004753828332056,4.004137516268344,4.002973079858606,-0.06078391073582972,1.4664233604921861,2.9711427075351793,2.585947667714805,1.8581749116286517,-50.75979888419787
2026-04-15T14:34:30.444,4.0023462773767875,4.004753828332056,4.004137516268344,4.002973079858606,-0.06078391073582972,1.4664233604921861,2.9711427075351793,2.585947667714805,1.8581749116286517,-50.75979888419787
2026-04-15T14:34:30.553,4.0023462773767875,4.004753828332056,4.004137516268344,4.002973079858606,-0.06078391073582972,1.4664233604921861,2.9711427075351793,2.585947667714805,1.8581749116286517,-50.75979888419787
2026-04-15T14:34:30.662,4.0033795835602035,4.004919052417222,4.004050970318971,4.002792120146282,-0.054679628743519164,2.1122397251271963,3.07440776076362,2.5318564493570506,1.7450750914260738,-50.683495359293985
2026-04-15T14:34:30.769,4.0033795835602035,4.004919052417222,4.004050970318971,4.002792120146282,-0.054679628743519164,2.1122397251271963,3.07440776076362,2.5318564493570506,1.7450750914260738,-50.683495359293985
2026-04-15T14:34:30.877,4.0033795835602035,4.004919052417222,4.004050970318971,4.002792120146282,-0.054679628743519164,2.1122397251271963,3.07440776076362,2.5318564493570506,1.7450750914260738,-50.683495359293985
2026-04-15T14:34:30.986,4.003106832689454,4.00459647206047,4.003759861216538,4.003057003203452,-0.06178967334793961,1.941770430908818,2.872795037793807,2.3499132603360673,1.9106270021573835,-50.77237091684924
2026-04-15T14:34:31.095,4.003106832689454,4.00459647206047,4.003759861216538,4.003057003203452,-0.06178967334793961,1.941770430908818,2.872795037793807,2.3499132603360673,1.9106270021573835,-50.77237091684924
2026-04-15T14:34:31.202,4.003106832689454,4.00459647206047,4.003759861216538,4.003057003203452,-0.06178967334793961,1.941770430908818,2.872795037793807,2.3499132603360673,1.9106270021573835,-50.77237091684924
2026-04-15T14:34:31.311,4.003140926548298,4.004620075501208,4.004276514308245,4.00297045725408,-0.05574016060678356,1.9630790926861152,2.887547188255013,2.6728214426530172,1.856535783800184,-50.6967520075848
2026-04-15T14:34:31.421,4.003140926548298,4.004620075501208,4.004276514308245,4.00297045725408,-0.05574016060678356,1.9630790926861152,2.887547188255013,2.6728214426530172,1.856535783800184,-50.6967520075848
2026-04-15T14:34:31.532,4.003140926548298,4.004620075501208,4.004276514308245,4.00297045725408,-0.05574016060678356,1.9630790926861152,2.887547188255013,2.6728214426530172,1.856535783800184,-50.6967520075848
2026-04-15T14:34:31.641,4.003586769317792,4.0051393511974425,4.004092931991394,4.002952099022394,-0.05655672035126882,2.241730823620003,3.212094498401541,2.5580824946214165,1.8450618889964687,-50.70695900439086
2026-04-15T14:34:31.750,4.003586769317792,4.0051393511974425,4.004092931991394,4.002952099022394,-0.05655672035126882,2.241730823620003,3.212094498401541,2.5580824946214165,1.8450618889964687,-50.70695900439086
2026-04-15T14:34:31.859,4.003586769317792,4.0051393511974425,4.004092931991394,4.002952099022394,-0.05655672035126882,2.241730823620003,3.212094498401541,2.5580824946214165,1.8450618889964687,-50.70695900439086
2026-04-15T14:34:31.969,4.00308060664419,4.00517082245176,4.0043525698395115,4.002847194841337,-0.04962592056880855,1.9253791526185893,3.2317640323498154,2.7203561496946804,1.779496775835554,-50.620324007110106
2026-04-15T14:34:32.079,4.00308060664419,4.00517082245176,4.0043525698395115,4.002847194841337,-0.04962592056880855,1.9253791526185893,3.2317640323498154,2.7203561496946804,1.779496775835554,-50.620324007110106
2026-04-15T14:34:32.188,4.00308060664419,4.00517082245176,4.0043525698395115,4.002847194841337,-0.04962592056880855,1.9253791526185893,3.2317640323498154,2.7203561496946804,1.779496775835554,-50.620324007110106
2026-04-15T14:34:32.296,4.003539562436316,4.004748583123003,4.0038359167478035,4.002327919145102,-0.05960388232459187,2.2122265226975912,2.9678644518771335,2.3974479673771754,1.454949465689026,-50.7450485290574
2026-04-15T14:34:32.405,4.003539562436316,4.004748583123003,4.0038359167478035,4.002327919145102,-0.05960388232459187,2.2122265226975912,2.9678644518771335,2.3974479673771754,1.454949465689026,-50.7450485290574
2026-04-15T14:34:32.514,4.003539562436316,4.004748583123003,4.0038359167478035,4.002327919145102,-0.05960388232459187,2.2122265226975912,2.9678644518771335,2.3974479673771754,1.454949465689026,-50.7450485290574
2026-04-15T14:34:32.621,4.003159284779983,4.0052835944463965,4.004287004726351,4.0030438901808205,-0.05069143145490518,1.9745529874892753,3.3022465289977987,2.6793779539691087,1.9024313630128242,-50.63364289318631
2026-04-15T14:34:32.745,4.003159284779983,4.0052835944463965,4.004287004726351,4.0030438901808205,-0.05069143145490518,1.9745529874892753,3.3022465289977987,2.6793779539691087,1.9024313630128242,-50.63364289318631
2026-04-15T14:34:32.840,4.003159284779983,4.0052835944463965,4.004287004726351,4.0030438901808205,-0.05069143145490518,1.9745529874892753,3.3022465289977987,2.6793779539691087,1.9024313630128242,-50.63364289318631
2026-04-15T14:34:32.965,4.002653122106381,4.004963636694171,4.004155874500029,4.002456426766898,-0.052588439153983736,1.6582013164878617,3.1022729338570088,2.5974215625179653,1.5352667293111466,-50.657355489424795
2026-04-15T14:34:33.073,4.002653122106381,4.004963636694171,4.004155874500029,4.002456426766898,-0.052588439153983736,1.6582013164878617,3.1022729338570088,2.5974215625179653,1.5352667293111466,-50.657355489424795
2026-04-15T14:34:33.181,4.002653122106381,4.004963636694171,4.004155874500029,4.002456426766898,-0.052588439153983736,1.6582013164878617,3.1022729338570088,2.5974215625179653,1.5352667293111466,-50.657355489424795
2026-04-15T14:34:33.290,4.002776384519124,4.004646301546472,4.004344702025932,4.003738880380325,-0.04992466193874219,1.7352403244524917,2.9039384665452417,2.715438766207612,2.3368002377033292,-50.62405827423427
2026-04-15T14:34:33.399,4.002776384519124,4.004646301546472,4.004344702025932,4.003738880380325,-0.04992466193874219,1.7352403244524917,2.9039384665452417,2.715438766207612,2.3368002377033292,-50.62405827423427
2026-04-15T14:34:33.508,4.002776384519124,4.004646301546472,4.004344702025932,4.003738880380325,-0.04992466193874219,1.7352403244524917,2.9039384665452417,2.715438766207612,2.3368002377033292,-50.62405827423427
2026-04-15T14:34:33.633,4.003098964875875,4.005018711389226,4.004418134952672,4.003615617967583,-0.041296015370492434,1.9368530474217494,3.136694618266489,2.761334345420252,2.2597612297392544,-50.51620019213116
2026-04-15T14:34:33.728,4.003098964875875,4.005018711389226,4.004418134952672,4.003615617967583,-0.041296015370492434,1.9368530474217494,3.136694618266489,2.761334345420252,2.2597612297392544,-50.51620019213116
2026-04-15T14:34:33.838,4.003098964875875,4.005018711389226,4.004418134952672,4.003615617967583,-0.041296015370492434,1.9368530474217494,3.136694618266489,2.761334345420252,2.2597612297392544,-50.51620019213116
2026-04-15T14:34:33.947,4.003177643011668,4.004997730553016,4.004150629290976,4.002301693099838,-0.042665246649354914,1.9860268822924354,3.123581595634861,2.5941433068599196,1.4385581873987974,-50.53331558311693
2026-04-15T14:34:34.055,4.003177643011668,4.004997730553016,4.004150629290976,4.002301693099838,-0.042665246649354914,1.9860268822924354,3.123581595634861,2.5941433068599196,1.4385581873987974,-50.53331558311693
2026-04-15T14:34:34.165,4.003177643011668,4.004997730553016,4.004150629290976,4.002301693099838,-0.042665246649354914,1.9860268822924354,3.123581595634861,2.5941433068599196,1.4385581873987974,-50.53331558311693
2026-04-15T14:34:34.273,4.002910137349972,4.0045571329925735,4.004014253855601,4.003096342271348,-0.04714636719835941,1.818835843732658,2.848208120358464,2.5089086597507304,1.9352139195927265,-50.58932958997949
2026-04-15T14:34:34.382,4.002910137349972,4.0045571329925735,4.004014253855601,4.003096342271348,-0.04714636719835941,1.818835843732658,2.848208120358464,2.5089086597507304,1.9352139195927265,-50.58932958997949
2026-04-15T14:34:34.489,4.002910137349972,4.0045571329925735,4.004014253855601,4.003096342271348,-0.04714636719835941,1.818835843732658,2.848208120358464,2.5089086597507304,1.9352139195927265,-50.58932958997949
2026-04-15T14:34:34.598,4.002920627768077,4.005026579202806,4.00444173839341,4.002608537829431,-0.04426849200133208,1.8253923550481943,3.1416120017535576,2.776086495881458,1.630336143394473,-50.55335615001665
2026-04-15T14:34:34.709,4.002920627768077,4.005026579202806,4.00444173839341,4.002608537829431,-0.04426849200133208,1.8253923550481943,3.1416120017535576,2.776086495881458,1.630336143394473,-50.55335615001665
2026-04-15T14:34:34.818,4.002920627768077,4.005026579202806,4.00444173839341,4.002608537829431,-0.04426849200133208,1.8253923550481943,3.1416120017535576,2.776086495881458,1.630336143394473,-50.55335615001665
2026-04-15T14:34:34.927,4.003282547192725,4.004745960518477,4.0042502882629805,4.0032169820795644,-0.05502816034177507,2.05159199545335,2.9662253240481107,2.6564301643627886,2.0106137997277784,-50.687852004272195
2026-04-15T14:34:35.038,4.003282547192725,4.004745960518477,4.0042502882629805,4.0032169820795644,-0.05502816034177507,2.05159199545335,2.9662253240481107,2.6564301643627886,2.0106137997277784,-50.687852004272195
2026-04-15T14:34:35.146,4.003282547192725,4.004745960518477,4.0042502882629805,4.0032169820795644,-0.05502816034177507,2.05159199545335,2.9662253240481107,2.6564301643627886,2.0106137997277784,-50.687852004272195
2026-04-15T14:34:35.256,4.003093719666822,4.004756450936583,4.004423380161725,4.003662824849059,-0.05383319486204054,1.9335747917637036,2.972781835364202,2.764612601078298,2.289265530661666,-50.6729149357755
2026-04-15T14:34:35.367,4.003093719666822,4.004756450936583,4.004423380161725,4.003662824849059,-0.05383319486204054,1.9335747917637036,2.972781835364202,2.764612601078298,2.289265530661666,-50.6729149357755
2026-04-15T14:34:35.474,4.003093719666822,4.004756450936583,4.004423380161725,4.003662824849059,-0.05383319486204054,1.9335747917637036,2.972781835364202,2.764612601078298,2.289265530661666,-50.6729149357755
2026-04-15T14:34:35.584,4.0029048921409185,4.004853487304061,4.004389286302882,4.002687215965224,-0.04692729019374141,1.815557588074057,3.0334295650380483,2.7433039393010006,1.679509978265159,-50.58659112742176
2026-04-15T14:34:35.693,4.0029048921409185,4.004853487304061,4.004389286302882,4.002687215965224,-0.04692729019374141,1.815557588074057,3.0334295650380483,2.7433039393010006,1.679509978265159,-50.58659112742176
2026-04-15T14:34:35.803,4.0029048921409185,4.004853487304061,4.004389286302882,4.002687215965224,-0.04692729019374141,1.815557588074057,3.0334295650380483,2.7433039393010006,1.679509978265159,-50.58659112742176
2026-04-15T14:34:35.911,4.003135681339245,4.005107879943125,4.004281759517299,4.003127813525666,-0.04938692747286164,1.9598008370280695,3.1924249644532665,2.676099698311618,1.954883453541001,-50.61733659341077
2026-04-15T14:34:36.021,4.003135681339245,4.005107879943125,4.004281759517299,4.003127813525666,-0.04938692747286164,1.9598008370280695,3.1924249644532665,2.676099698311618,1.954883453541001,-50.61733659341077
2026-04-15T14:34:36.132,4.003135681339245,4.005107879943125,4.004281759517299,4.003127813525666,-0.04938692747286164,1.9598008370280695,3.1924249644532665,2.676099698311618,1.954883453541001,-50.61733659341077
2026-04-15T14:34:36.242,4.002742290660279,4.004947901067013,4.004195213567925,4.002868175677548,-0.049844997573426544,1.7139316626746393,3.0924381668828715,2.6220084799533083,1.792609798467737,-50.623062469667836
2026-04-15T14:34:36.351,4.002742290660279,4.004947901067013,4.004195213567925,4.002868175677548,-0.049844997573426544,1.7139316626746393,3.0924381668828715,2.6220084799533083,1.792609798467737,-50.623062469667836
2026-04-15T14:34:36.459,4.002742290660279,4.004947901067013,4.004195213567925,4.002868175677548,-0.049844997573426544,1.7139316626746393,3.0924381668828715,2.6220084799533083,1.792609798467737,-50.623062469667836
2026-04-15T14:34:36.570,4.003502845972946,4.005378008209348,4.004263401285613,4.003303528028937,-0.05243906846901693,2.189278733091271,3.361255130842622,2.664625803507903,2.064705018085533,-50.65548835586271
2026-04-15T14:34:36.679,4.003502845972946,4.005378008209348,4.004263401285613,4.003303528028937,-0.05243906846901693,2.189278733091271,3.361255130842622,2.664625803507903,2.064705018085533,-50.65548835586271
2026-04-15T14:34:36.788,4.003502845972946,4.005378008209348,4.004263401285613,4.003303528028937,-0.05243906846901693,2.189278733091271,3.361255130842622,2.664625803507903,2.064705018085533,-50.65548835586271
2026-04-15T14:34:36.897,4.002959966835974,4.005257368401132,4.003867388002121,4.003550052854422,-0.05825954615989053,1.8499792724835373,3.28585525070757,2.41711750132545,2.2187830340136827,-50.72824432699863
2026-04-15T14:34:37.005,4.002959966835974,4.005257368401132,4.003867388002121,4.003550052854422,-0.05825954615989053,1.8499792724835373,3.28585525070757,2.41711750132545,2.2187830340136827,-50.72824432699863
2026-04-15T14:34:37.114,4.002959966835974,4.005257368401132,4.003867388002121,4.003550052854422,-0.05825954615989053,1.8499792724835373,3.28585525070757,2.41711750132545,2.2187830340136827,-50.72824432699863
2026-04-15T14:34:37.224,4.003479242532208,4.004491567879413,4.003909349674544,4.002839327027758,-0.05550614653366888,2.1745265826300653,2.8072299246328924,2.4433435465898157,1.7745793923484854,-50.69382683167086
2026-04-15T14:34:37.332,4.003479242532208,4.004491567879413,4.003909349674544,4.002839327027758,-0.05550614653366888,2.1745265826300653,2.8072299246328924,2.4433435465898157,1.7745793923484854,-50.69382683167086
2026-04-15T14:34:37.441,4.003479242532208,4.004491567879413,4.003909349674544,4.002839327027758,-0.05550614653366888,2.1745265826300653,2.8072299246328924,2.4433435465898157,1.7745793923484854,-50.69382683167086
2026-04-15T14:34:37.550,4.003020286740082,4.005265236214712,4.0042922499354034,4.002954721626921,-0.06511566059986738,1.8876792125510633,3.2907726341951937,2.6826562096271545,1.8467010168254916,-50.813945757498345
2026-04-15T14:34:37.658,4.003020286740082,4.005265236214712,4.0042922499354034,4.002954721626921,-0.06511566059986738,1.8876792125510633,3.2907726341951937,2.6826562096271545,1.8467010168254916,-50.813945757498345
2026-04-15T14:34:37.769,4.003020286740082,4.005265236214712,4.0042922499354034,4.002954721626921,-0.06511566059986738,1.8876792125510633,3.2907726341951937,2.6826562096271545,1.8467010168254916,-50.813945757498345
2026-04-15T14:34:37.879,4.002899646931866,4.005370140395769,4.004494190483939,4.0033192636560955,-0.05412197818630972,1.8122793324160114,3.3563377473555533,2.8088690524619153,2.0745397850596703,-50.676524727328875
2026-04-15T14:34:37.989,4.002899646931866,4.005370140395769,4.004494190483939,4.0033192636560955,-0.05412197818630972,1.8122793324160114,3.3563377473555533,2.8088690524619153,2.0745397850596703,-50.676524727328875
2026-04-15T14:34:38.096,4.002899646931866,4.005370140395769,4.004494190483939,4.0033192636560955,-0.05412197818630972,1.8122793324160114,3.3563377473555533,2.8088690524619153,2.0745397850596703,-50.676524727328875
2026-04-15T14:34:38.207,4.003054380598925,4.00539112123198,4.004745960518477,4.002443313744266,-0.05692018901802141,1.9089878743283606,3.3694507699877363,2.9662253240481107,1.5270710901660323,-50.71150236272527
2026-04-15T14:34:38.315,4.003054380598925,4.00539112123198,4.004745960518477,4.002443313744266,-0.05692018901802141,1.9089878743283606,3.3694507699877363,2.9662253240481107,1.5270710901660323,-50.71150236272527
2026-04-15T14:34:38.427,4.003054380598925,4.00539112123198,4.004745960518477,4.002443313744266,-0.05692018901802141,1.9089878743283606,3.3694507699877363,2.9662253240481107,1.5270710901660323,-50.71150236272527
2026-04-15T14:34:38.536,4.003696918707902,4.005265236214712,4.004161119709082,4.003497600763893,-0.061406288589858124,2.3105741924389633,3.2907726341951937,2.600699818176011,2.1860004774332253,-50.76757860737323
2026-04-15T14:34:38.646,4.003696918707902,4.005265236214712,4.004161119709082,4.003497600763893,-0.061406288589858124,2.3105741924389633,3.2907726341951937,2.600699818176011,2.1860004774332253,-50.76757860737323
2026-04-15T14:34:38.752,4.003696918707902,4.005265236214712,4.004161119709082,4.003497600763893,-0.061406288589858124,2.3105741924389633,3.2907726341951937,2.600699818176011,2.1860004774332253,-50.76757860737323
2026-04-15T14:34:38.861,4.0033795835602035,4.00466990498721,4.003741502984852,4.002435445930686,-0.04955123522632514,2.1122397251271963,2.9186906170064475,2.338439365532352,1.5221537066789637,-50.619390440329056
2026-04-15T14:34:38.971,4.0033795835602035,4.00466990498721,4.003741502984852,4.002435445930686,-0.04955123522632514,2.1122397251271963,2.9186906170064475,2.338439365532352,1.5221537066789637,-50.619390440329056
2026-04-15T14:34:39.079,4.0033795835602035,4.00466990498721,4.003741502984852,4.002435445930686,-0.04955123522632514,2.1122397251271963,2.9186906170064475,2.338439365532352,1.5221537066789637,-50.619390440329056
2026-04-15T14:34:39.188,4.002786874937229,4.005068540875229,4.0039198400926495,4.002582311784168,-0.053205837985179916,1.741796835768028,3.1678380470179235,2.449900057905907,1.6139448651047994,-50.66507297481475
2026-04-15T14:34:39.297,4.002786874937229,4.005068540875229,4.0039198400926495,4.002582311784168,-0.053205837985179916,1.741796835768028,3.1678380470179235,2.449900057905907,1.6139448651047994,-50.66507297481475
2026-04-15T14:34:39.407,4.002786874937229,4.005068540875229,4.0039198400926495,4.002582311784168,-0.053205837985179916,1.741796835768028,3.1678380470179235,2.449900057905907,1.6139448651047994,-50.66507297481475
2026-04-15T14:34:39.516,4.004048347714445,4.005506515831144,4.004116535432132,4.003028154553661,-0.04732063299748735,2.5302173215280277,3.4415723944647425,2.5728346450826223,1.892596596038132,-50.59150791246859
2026-04-15T14:34:39.627,4.004048347714445,4.005506515831144,4.004116535432132,4.003028154553661,-0.04732063299748735,2.5302173215280277,3.4415723944647425,2.5728346450826223,1.892596596038132,-50.59150791246859
2026-04-15T14:34:39.735,4.004048347714445,4.005506515831144,4.004116535432132,4.003028154553661,-0.04732063299748735,2.5302173215280277,3.4415723944647425,2.5728346450826223,1.892596596038132,-50.59150791246859
2026-04-15T14:34:39.846,4.003560543272528,4.0047249796822655,4.004381418489302,4.002521991880059,-0.0390554550959902,2.225339545329774,2.9531123014159277,2.738386555813932,1.5762449250367183,-50.48819318869988
2026-04-15T14:34:39.955,4.003560543272528,4.0047249796822655,4.004381418489302,4.002521991880059,-0.0390554550959902,2.225339545329774,2.9531123014159277,2.738386555813932,1.5762449250367183,-50.48819318869988
2026-04-15T14:34:40.066,4.003560543272528,4.0047249796822655,4.004381418489302,4.002521991880059,-0.0390554550959902,2.225339545329774,2.9531123014159277,2.738386555813932,1.5762449250367183,-50.48819318869988
2026-04-15T14:34:40.175,4.003696918707902,4.005600929594095,4.00394868874244,4.0024905206257415,-0.038577468904096385,2.3105741924389633,3.5005809963095658,2.4679304640251587,1.556575391088444,-50.4822183613012
2026-04-15T14:34:40.284,4.003696918707902,4.005600929594095,4.00394868874244,4.0024905206257415,-0.038577468904096385,2.3105741924389633,3.5005809963095658,2.4679304640251587,1.556575391088444,-50.4822183613012
2026-04-15T14:34:40.393,4.003696918707902,4.005600929594095,4.00394868874244,4.0024905206257415,-0.038577468904096385,2.3105741924389633,3.5005809963095658,2.4679304640251587,1.556575391088444,-50.4822183613012
2026-04-15T14:34:40.502,4.002933740790709,4.005113125152178,4.004457474020569,4.002967834649553,-0.04196818345284311,1.8335879941933086,3.1957032201113122,2.785921262855595,1.854896655970606,-50.524602293160534
2026-04-15T14:34:40.609,4.002933740790709,4.005113125152178,4.004457474020569,4.002967834649553,-0.04196818345284311,1.8335879941933086,3.1957032201113122,2.785921262855595,1.854896655970606,-50.524602293160534
2026-04-15T14:34:40.717,4.002933740790709,4.005113125152178,4.004457474020569,4.002967834649553,-0.04196818345284311,1.8335879941933086,3.1957032201113122,2.785921262855595,1.854896655970606,-50.524602293160534
2026-04-15T14:34:40.828,4.003075361435137,4.005349159559557,4.004011631251075,4.00269770638333,-0.04133086853031803,1.9221008969605435,3.3432247247233704,2.5072695319217075,1.6860664895812505,-50.51663585662898
2026-04-15T14:34:40.936,4.003075361435137,4.005349159559557,4.004011631251075,4.00269770638333,-0.04133086853031803,1.9221008969605435,3.3432247247233704,2.5072695319217075,1.6860664895812505,-50.51663585662898
2026-04-15T14:34:41.045,4.003075361435137,4.005349159559557,4.004011631251075,4.00269770638333,-0.04133086853031803,1.9221008969605435,3.3432247247233704,2.5072695319217075,1.6860664895812505,-50.51663585662898
2026-04-15T14:34:41.153,4.003434658255259,4.005131483383864,4.004601717269523,4.003083229248716,-0.031049186381768852,2.1466614095366765,3.2071771149150274,2.876073293451853,1.9270182804476121,-50.388114829772114
2026-04-15T14:34:41.262,4.003434658255259,4.005131483383864,4.004601717269523,4.003083229248716,-0.031049186381768852,2.1466614095366765,3.2071771149150274,2.876073293451853,1.9270182804476121,-50.388114829772114
2026-04-15T14:34:41.372,4.003434658255259,4.005131483383864,4.004601717269523,4.003083229248716,-0.031049186381768852,2.1466614095366765,3.2071771149150274,2.876073293451853,1.9270182804476121,-50.388114829772114
2026-04-15T14:34:41.482,4.003324508865148,4.005482912390406,4.004344702025932,4.003324508865148,-0.036401635926413094,2.077818040717716,3.4268202440035367,2.715438766207612,2.077818040717716,-50.455020449080166
2026-04-15T14:34:41.590,4.003324508865148,4.005482912390406,4.004344702025932,4.003324508865148,-0.036401635926413094,2.077818040717716,3.4268202440035367,2.715438766207612,2.077818040717716,-50.455020449080166
2026-04-15T14:34:41.712,4.003324508865148,4.005482912390406,4.004344702025932,4.003324508865148,-0.036401635926413094,2.077818040717716,3.4268202440035367,2.715438766207612,2.077818040717716,-50.455020449080166
2026-04-15T14:34:41.822,4.003203869056932,4.005275726632817,4.004234552635822,4.002839327027758,-0.02859452812548084,2.002418160582664,3.29732914551073,2.6465953973886513,1.7745793923484854,-50.357431601568514
2026-04-15T14:34:41.931,4.003203869056932,4.005275726632817,4.004234552635822,4.002839327027758,-0.02859452812548084,2.002418160582664,3.29732914551073,2.6465953973886513,1.7745793923484854,-50.357431601568514
2026-04-15T14:34:42.040,4.003203869056932,4.005275726632817,4.004234552635822,4.002839327027758,-0.02859452812548084,2.002418160582664,3.29732914551073,2.6465953973886513,1.7745793923484854,-50.357431601568514
2026-04-15T14:34:42.150,4.003230095102197,4.005621910430307,4.004218817008663,4.002566576157008,-0.03403162105827295,2.0188094388728928,3.5136940189417487,2.636760630414514,1.604110098130107,-50.42539526322841
2026-04-15T14:34:42.259,4.003230095102197,4.005621910430307,4.004218817008663,4.002566576157008,-0.03403162105827295,2.0188094388728928,3.5136940189417487,2.636760630414514,1.604110098130107,-50.42539526322841
2026-04-15T14:34:42.368,4.003230095102197,4.005621910430307,4.004218817008663,4.002566576157008,-0.03403162105827295,2.0188094388728928,3.5136940189417487,2.636760630414514,1.604110098130107,-50.42539526322841
2026-04-15T14:34:42.476,4.00334548970136,4.004745960518477,4.0036470892219,4.00266098991996,-0.03496269832789944,2.090931063349899,2.9662253240481107,2.279430763687529,1.6631186999749303,-50.437033729098744
2026-04-15T14:34:42.586,4.00334548970136,4.004745960518477,4.0036470892219,4.00266098991996,-0.03496269832789944,2.090931063349899,2.9662253240481107,2.279430763687529,1.6631186999749303,-50.437033729098744
2026-04-15T14:34:42.697,4.00334548970136,4.004745960518477,4.0036470892219,4.00266098991996,-0.03496269832789944,2.090931063349899,2.9662253240481107,2.279430763687529,1.6631186999749303,-50.437033729098744
2026-04-15T14:34:42.804,4.003437280859785,4.005304575282608,4.004174232731714,4.0032353403112495,-0.03359844607186918,2.1483005373656994,3.3153595516299816,2.6088954573211254,2.0220876945309385,-50.41998057589836
2026-04-15T14:34:42.914,4.003437280859785,4.005304575282608,4.004174232731714,4.0032353403112495,-0.03359844607186918,2.1483005373656994,3.3153595516299816,2.6088954573211254,2.0220876945309385,-50.41998057589836
2026-04-15T14:34:43.021,4.003437280859785,4.005304575282608,4.004174232731714,4.0032353403112495,-0.03359844607186918,2.1483005373656994,3.3153595516299816,2.6088954573211254,2.0220876945309385,-50.41998057589836
2026-04-15T14:34:43.130,4.0031514169664035,4.004989862739436,4.003416300023574,4.00327205677462,-0.03646636322323205,1.9696356040022067,3.1186642121472374,2.1351875147335164,2.0450354841372587,-50.455829540290395
2026-04-15T14:34:43.239,4.0031514169664035,4.004989862739436,4.003416300023574,4.00327205677462,-0.03646636322323205,1.9696356040022067,3.1186642121472374,2.1351875147335164,2.0450354841372587,-50.455829540290395
2026-04-15T14:34:43.347,4.0031514169664035,4.004989862739436,4.003416300023574,4.00327205677462,-0.03646636322323205,1.9696356040022067,3.1186642121472374,2.1351875147335164,2.0450354841372587,-50.455829540290395
2026-04-15T14:34:43.456,4.00345563909147,4.004924297626275,4.003917217488123,4.002341032167735,-0.03903055998182906,2.1597744321688594,3.0776860164216657,2.4482609300768843,1.4631451048341404,-50.48788199977287
2026-04-15T14:34:43.565,4.00345563909147,4.004924297626275,4.003917217488123,4.002341032167735,-0.03903055998182906,2.1597744321688594,3.0776860164216657,2.4482609300768843,1.4631451048341404,-50.48788199977287
2026-04-15T14:34:43.675,4.00345563909147,4.004924297626275,4.003917217488123,4.002341032167735,-0.03903055998182906,2.1597744321688594,3.0776860164216657,2.4482609300768843,1.4631451048341404,-50.48788199977287
2026-04-15T14:34:43.783,4.0037100317305345,4.005330801327872,4.003639221408321,4.002283334868153,-0.04165948403724502,2.3187698315840777,3.3317508299202103,2.2745133802004602,1.4270842925956373,-50.52074355046556
2026-04-15T14:34:43.894,4.0037100317305345,4.005330801327872,4.003639221408321,4.002283334868153,-0.04165948403724502,2.3187698315840777,3.3317508299202103,2.2745133802004602,1.4270842925956373,-50.52074355046556
2026-04-15T14:34:43.997,4.0037100317305345,4.005330801327872,4.003639221408321,4.002283334868153,-0.04165948403724502,2.3187698315840777,3.3317508299202103,2.2745133802004602,1.4270842925956373,-50.52074355046556
2026-04-15T14:34:44.108,4.002414465094475,4.004947901067013,4.003374338351151,4.002975702463132,-0.04489086985536048,1.5090406840467807,3.0924381668828715,2.1089614694691505,1.8598140394576745,-50.56113587319201
2026-04-15T14:34:44.220,4.002414465094475,4.004947901067013,4.003374338351151,4.002975702463132,-0.04489086985536048,1.5090406840467807,3.0924381668828715,2.1089614694691505,1.8598140394576745,-50.56113587319201
2026-04-15T14:34:44.329,4.002414465094475,4.004947901067013,4.003374338351151,4.002975702463132,-0.04489086985536048,1.5090406840467807,3.0924381668828715,2.1089614694691505,1.8598140394576745,-50.56113587319201
2026-04-15T14:34:44.437,4.003586769317792,4.0047879221909,4.0037939550753805,4.003390073978309,-0.03677008361599791,2.241730823620003,2.9924513693124766,2.3712219221128095,2.1187962364432877,-50.45962604519998
2026-04-15T14:34:44.545,4.003586769317792,4.0047879221909,4.0037939550753805,4.003390073978309,-0.03677008361599791,2.241730823620003,2.9924513693124766,2.3712219221128095,2.1187962364432877,-50.45962604519998
2026-04-15T14:34:44.654,4.003586769317792,4.0047879221909,4.0037939550753805,4.003390073978309,-0.03677008361599791,2.241730823620003,2.9924513693124766,2.3712219221128095,2.1187962364432877,-50.45962604519998
2026-04-15T14:34:44.763,4.002372503422052,4.005107879943125,4.003974914787705,4.0031330587347185,-0.040937525726572076,1.4828146387824148,3.1924249644532665,2.4843217423153874,1.9581617091990466,-50.51171907158215
2026-04-15T14:34:44.874,4.002372503422052,4.005107879943125,4.003974914787705,4.0031330587347185,-0.040937525726572076,1.4828146387824148,3.1924249644532665,2.4843217423153874,1.9581617091990466,-50.51171907158215
2026-04-15T14:34:44.983,4.002372503422052,4.005107879943125,4.003974914787705,4.0031330587347185,-0.040937525726572076,1.4828146387824148,3.1924249644532665,2.4843217423153874,1.9581617091990466,-50.51171907158215
2026-04-15T14:34:45.091,4.003182888220721,4.0050554278525965,4.004087686782342,4.002758026287438,-0.04057903608265172,1.9893051379504811,3.159642407872809,2.554804238963926,1.7237664296487765,-50.50723795103315
2026-04-15T14:34:45.200,4.003182888220721,4.0050554278525965,4.004087686782342,4.002758026287438,-0.04057903608265172,1.9893051379504811,3.159642407872809,2.554804238963926,1.7237664296487765,-50.50723795103315
2026-04-15T14:34:45.308,4.003182888220721,4.0050554278525965,4.004087686782342,4.002758026287438,-0.04057903608265172,1.9893051379504811,3.159642407872809,2.554804238963926,1.7237664296487765,-50.50723795103315
2026-04-15T14:34:45.418,4.003156662175456,4.00559043917599,4.004061460737077,4.002619028247537,-0.04966575275146637,1.9729138596602525,3.4940244849934743,2.538412960673142,1.6368926547105644,-50.620821909393335
2026-04-15T14:34:45.541,4.003156662175456,4.00559043917599,4.004061460737077,4.002619028247537,-0.04966575275146637,1.9729138596602525,3.4940244849934743,2.538412960673142,1.6368926547105644,-50.620821909393335
2026-04-15T14:34:45.650,4.003156662175456,4.00559043917599,4.004061460737077,4.002619028247537,-0.04966575275146637,1.9729138596602525,3.4940244849934743,2.538412960673142,1.6368926547105644,-50.620821909393335
2026-04-15T14:34:45.758,4.003473997323155,4.005026579202806,4.003995895623916,4.0031514169664035,-0.035490474748115515,2.1712483269720195,3.1416120017535576,2.4974347649475703,1.9696356040022067,-50.44363093435145
2026-04-15T14:34:45.870,4.003473997323155,4.005026579202806,4.003995895623916,4.0031514169664035,-0.035490474748115515,2.1712483269720195,3.1416120017535576,2.4974347649475703,1.9696356040022067,-50.44363093435145
2026-04-15T14:34:45.978,4.003473997323155,4.005026579202806,4.003995895623916,4.0031514169664035,-0.035490474748115515,2.1712483269720195,3.1416120017535576,2.4974347649475703,1.9696356040022067,-50.44363093435145
2026-04-15T14:34:46.079,4.003639221408321,4.004520416529203,4.003969669578652,4.003051757994399,-0.0351220270585307,2.2745133802004602,2.825260330752144,2.4810434866573416,1.9073487464993377,-50.43902533823164
2026-04-15T14:34:46.189,4.003639221408321,4.004520416529203,4.003969669578652,4.003051757994399,-0.0351220270585307,2.2745133802004602,2.825260330752144,2.4810434866573416,1.9073487464993377,-50.43902533823164
2026-04-15T14:34:46.294,4.003639221408321,4.004520416529203,4.003969669578652,4.003051757994399,-0.0351220270585307,2.2745133802004602,2.825260330752144,2.4810434866573416,1.9073487464993377,-50.43902533823164
2026-04-15T14:34:46.410,4.003253698542935,4.00535440476861,4.004229307426769,4.002954721626921,-0.03040689243641154,2.0335615893340986,3.346502980381416,2.6433171417306056,1.8467010168254916,-50.38008615545514
2026-04-15T14:34:46.519,4.003253698542935,4.00535440476861,4.004229307426769,4.002954721626921,-0.03040689243641154,2.0335615893340986,3.346502980381416,2.6433171417306056,1.8467010168254916,-50.38008615545514
2026-04-15T14:34:46.622,4.003253698542935,4.00535440476861,4.004229307426769,4.002954721626921,-0.03040689243641154,2.0335615893340986,3.346502980381416,2.6433171417306056,1.8467010168254916,-50.38008615545514
2026-04-15T14:34:46.740,4.003484487741261,4.004520416529203,4.0040824415732885,4.002566576157008,-0.03722815371656281,2.177804838288111,2.825260330752144,2.551525983305325,1.604110098130107,-50.465351921457035
2026-04-15T14:34:46.840,4.003484487741261,4.004520416529203,4.0040824415732885,4.002566576157008,-0.03722815371656281,2.177804838288111,2.825260330752144,2.551525983305325,1.604110098130107,-50.465351921457035
2026-04-15T14:34:46.951,4.003484487741261,4.004520416529203,4.0040824415732885,4.002566576157008,-0.03722815371656281,2.177804838288111,2.825260330752144,2.551525983305325,1.604110098130107,-50.465351921457035
2026-04-15T14:34:47.066,4.0034189226281,4.004683018009843,4.0045597555971,4.002125978596567,-0.05022838233150804,2.1368266425625393,2.926886256152117,2.849847248187487,1.3287366228542652,-50.62785477914385
2026-04-15T14:34:47.175,4.0034189226281,4.004683018009843,4.0045597555971,4.002125978596567,-0.05022838233150804,2.1368266425625393,2.926886256152117,2.849847248187487,1.3287366228542652,-50.62785477914385
2026-04-15T14:34:47.284,4.0034189226281,4.004683018009843,4.0045597555971,4.002125978596567,-0.05022838233150804,2.1368266425625393,2.926886256152117,2.849847248187487,1.3287366228542652,-50.62785477914385
2026-04-15T14:34:47.394,4.003974914787705,4.0046226981057345,4.00463318852384,4.002128601201093,-0.049815123436433184,2.4843217423153874,2.889186316084036,2.8957428274001273,1.330375750683288,-50.622689042955415
2026-04-15T14:34:47.502,4.003974914787705,4.0046226981057345,4.00463318852384,4.002128601201093,-0.049815123436433184,2.4843217423153874,2.889186316084036,2.8957428274001273,1.330375750683288,-50.622689042955415
2026-04-15T14:34:47.610,4.003974914787705,4.0046226981057345,4.00463318852384,4.002128601201093,-0.049815123436433184,2.4843217423153874,2.889186316084036,2.8957428274001273,1.330375750683288,-50.622689042955415
2026-04-15T14:34:47.718,4.003641844012847,4.004856109908587,4.003681183080744,4.003492355554841,-0.040210588393066904,2.276152508029483,3.035068692867071,2.300739425464826,2.1827222217757347,-50.50263235491334
2026-04-15T14:34:47.829,4.003641844012847,4.004856109908587,4.003681183080744,4.003492355554841,-0.040210588393066904,2.276152508029483,3.035068692867071,2.300739425464826,2.1827222217757347,-50.50263235491334
2026-04-15T14:34:47.938,4.003641844012847,4.004856109908587,4.003681183080744,4.003492355554841,-0.040210588393066904,2.276152508029483,3.035068692867071,2.300739425464826,2.1827222217757347,-50.50263235491334
2026-04-15T14:34:48.046,4.0036077501540035,4.005322933514293,4.004158497104555,4.003605127549477,-0.04325775036638996,2.254843846252186,3.3268334464331417,2.599060690346988,2.253204718423163,-50.54072187957988
2026-04-15T14:34:48.156,4.0036077501540035,4.005322933514293,4.004158497104555,4.003605127549477,-0.04325775036638996,2.254843846252186,3.3268334464331417,2.599060690346988,2.253204718423163,-50.54072187957988
2026-04-15T14:34:48.265,4.0036077501540035,4.005322933514293,4.004158497104555,4.003605127549477,-0.04325775036638996,2.254843846252186,3.3268334464331417,2.599060690346988,2.253204718423163,-50.54072187957988
2026-04-15T14:34:48.374,4.003466129509576,4.005417347277245,4.003324508865148,4.002834081818705,-0.038970811707842334,2.166330943484951,3.385842048277965,2.077818040717716,1.7713011366904396,-50.48713514634803
2026-04-15T14:34:48.482,4.003466129509576,4.005417347277245,4.003324508865148,4.002834081818705,-0.038970811707842334,2.166330943484951,3.385842048277965,2.077818040717716,1.7713011366904396,-50.48713514634803
2026-04-15T14:34:48.592,4.003466129509576,4.005417347277245,4.003324508865148,4.002834081818705,-0.038970811707842334,2.166330943484951,3.385842048277965,2.077818040717716,1.7713011366904396,-50.48713514634803
2026-04-15T14:34:48.714,4.003298282819885,4.0050134661801735,4.003534317227263,4.002529859693638,-0.03322999838228437,2.0614267624280425,3.1334163626084433,2.2089482670395455,1.581162308523787,-50.41537497977856
2026-04-15T14:34:48.822,4.003298282819885,4.0050134661801735,4.003534317227263,4.002529859693638,-0.03322999838228437,2.0614267624280425,3.1334163626084433,2.2089482670395455,1.581162308523787,-50.41537497977856
2026-04-15T14:34:48.931,4.003298282819885,4.0050134661801735,4.003534317227263,4.002529859693638,-0.03322999838228437,2.0614267624280425,3.1334163626084433,2.2089482670395455,1.581162308523787,-50.41537497977856
2026-04-15T14:34:49.040,4.003762483821063,4.005246877983026,4.004074573759709,4.002700328987856,-0.031268263386386844,2.351552388164535,3.2792987393914785,2.5466085998182564,1.6877056174102734,-50.39085329232984
2026-04-15T14:34:49.150,4.003762483821063,4.005246877983026,4.004074573759709,4.002700328987856,-0.031268263386386844,2.351552388164535,3.2792987393914785,2.5466085998182564,1.6877056174102734,-50.39085329232984
2026-04-15T14:34:49.260,4.003762483821063,4.005246877983026,4.004074573759709,4.002700328987856,-0.031268263386386844,2.351552388164535,3.2792987393914785,2.5466085998182564,1.6877056174102734,-50.39085329232984
2026-04-15T14:34:49.370,4.003287792401778,4.005113125152178,4.0040640833416035,4.003542185040843,-0.0415449665121038,2.054870251111396,3.1957032201113122,2.540052088502165,2.213865650526614,-50.5193120814013
2026-04-15T14:34:49.479,4.003287792401778,4.005113125152178,4.0040640833416035,4.003542185040843,-0.0415449665121038,2.054870251111396,3.1957032201113122,2.540052088502165,2.213865650526614,-50.5193120814013
2026-04-15T14:34:49.590,4.003287792401778,4.005113125152178,4.0040640833416035,4.003542185040843,-0.0415449665121038,2.054870251111396,3.1957032201113122,2.540052088502165,2.213865650526614,-50.5193120814013
2026-04-15T14:34:49.684,4.0033612253285185,4.0051996711015505,4.004247665658454,4.003148794361877,-0.040076154776596776,2.100765830324036,3.249794438469067,2.6547910365337657,1.9679964761731839,-50.50095193470746
2026-04-15T14:34:49.793,4.0033612253285185,4.0051996711015505,4.004247665658454,4.003148794361877,-0.040076154776596776,2.100765830324036,3.249794438469067,2.6547910365337657,1.9679964761731839,-50.50095193470746
2026-04-15T14:34:49.917,4.0033612253285185,4.0051996711015505,4.004247665658454,4.003148794361877,-0.040076154776596776,2.100765830324036,3.249794438469067,2.6547910365337657,1.9679964761731839,-50.50095193470746
2026-04-15T14:34:50.026,4.0034215452326265,4.004856109908587,4.003943443533387,4.002991438090291,-0.03231385818115456,2.138465770391562,3.035068692867071,2.464652208367113,1.8696488064318117,-50.403923227264436
2026-04-15T14:34:50.135,4.0034215452326265,4.004856109908587,4.003943443533387,4.002991438090291,-0.03231385818115456,2.138465770391562,3.035068692867071,2.464652208367113,1.8696488064318117,-50.403923227264436
2026-04-15T14:34:50.243,4.0034215452326265,4.004856109908587,4.003943443533387,4.002991438090291,-0.03231385818115456,2.138465770391562,3.035068692867071,2.464652208367113,1.8696488064318117,-50.403923227264436
2026-04-15T14:34:50.353,4.003101587480401,4.005459308949669,4.003830671538751,4.003062248412505,-0.03439508972502553,1.9384921752507722,3.412068093542886,2.3941697117191296,1.9139052578154292,-50.42993862156282
2026-04-15T14:34:50.462,4.003101587480401,4.005459308949669,4.003830671538751,4.003062248412505,-0.03439508972502553,1.9384921752507722,3.412068093542886,2.3941697117191296,1.9139052578154292,-50.42993862156282
2026-04-15T14:34:50.569,4.003101587480401,4.005459308949669,4.003830671538751,4.003062248412505,-0.03439508972502553,1.9384921752507722,3.412068093542886,2.3941697117191296,1.9139052578154292,-50.42993862156282
2026-04-15T14:34:50.680,4.002994060694817,4.005136728592916,4.003898859256438,4.003106832689454,-0.03878658786304992,1.8712879342608346,3.210455370572518,2.436787035273724,1.941770430908818,-50.48483234828812
2026-04-15T14:34:50.790,4.002994060694817,4.005136728592916,4.003898859256438,4.003106832689454,-0.03878658786304992,1.8712879342608346,3.210455370572518,2.436787035273724,1.941770430908818,-50.48483234828812
2026-04-15T14:34:50.900,4.002994060694817,4.005136728592916,4.003898859256438,4.003106832689454,-0.03878658786304992,1.8712879342608346,3.210455370572518,2.436787035273724,1.941770430908818,-50.48483234828812
2026-04-15T14:34:51.009,4.003290415006305,4.00535440476861,4.004242420449401,4.003022909344608,-0.03239850156930243,2.0565093789404187,3.346502980381416,2.65151278087572,1.8893183403800862,-50.40498126961628
2026-04-15T14:34:51.119,4.003290415006305,4.00535440476861,4.004242420449401,4.003022909344608,-0.03239850156930243,2.0565093789404187,3.346502980381416,2.65151278087572,1.8893183403800862,-50.40498126961628
2026-04-15T14:34:51.227,4.003290415006305,4.00535440476861,4.004242420449401,4.003022909344608,-0.03239850156930243,2.0565093789404187,3.346502980381416,2.65151278087572,1.8893183403800862,-50.40498126961628
2026-04-15T14:34:51.335,4.003261566356514,4.005168199847233,4.003964424369599,4.003177643011668,-0.0449307020380183,2.038478972821167,3.2301249045207925,2.477765230999296,1.9860268822924354,-50.56163377547522
2026-04-15T14:34:51.444,4.003261566356514,4.005168199847233,4.003964424369599,4.003177643011668,-0.0449307020380183,2.038478972821167,3.2301249045207925,2.477765230999296,1.9860268822924354,-50.56163377547522
2026-04-15T14:34:51.553,4.003261566356514,4.005168199847233,4.003964424369599,4.003177643011668,-0.0449307020380183,2.038478972821167,3.2301249045207925,2.477765230999296,1.9860268822924354,-50.56163377547522
2026-04-15T14:34:51.662,4.0028445722368104,4.0047879221909,4.003893614047386,4.002941608604289,-0.03867704936074093,1.7778576480065311,2.9924513693124766,2.4335087796162336,1.8385053776803773,-50.483463117009265
2026-04-15T14:34:51.771,4.0028445722368104,4.0047879221909,4.003893614047386,4.002941608604289,-0.03867704936074093,1.7778576480065311,2.9924513693124766,2.4335087796162336,1.8385053776803773,-50.483463117009265
2026-04-15T14:34:51.880,4.0028445722368104,4.0047879221909,4.003893614047386,4.002941608604289,-0.03867704936074093,1.7778576480065311,2.9924513693124766,2.4335087796162336,1.8385053776803773,-50.483463117009265
2026-04-15T14:34:51.991,4.003749370798431,4.004981994925856,4.0038752558157,4.003306150633463,-0.036610754885366636,2.3433567490194207,3.113746828660169,2.4220348848125184,2.066344145914556,-50.45763443606708
2026-04-15T14:34:52.099,4.003749370798431,4.004981994925856,4.0038752558157,4.003306150633463,-0.036610754885366636,2.3433567490194207,3.113746828660169,2.4220348848125184,2.066344145914556,-50.45763443606708
2026-04-15T14:34:52.208,4.003749370798431,4.004981994925856,4.0038752558157,4.003306150633463,-0.036610754885366636,2.3433567490194207,3.113746828660169,2.4220348848125184,2.066344145914556,-50.45763443606708
2026-04-15T14:34:52.318,4.003977537392231,4.004680395405316,4.004386663698355,4.003817558516118,-0.04139061680430476,2.4859608701444103,2.925247128322539,2.7416648114719777,2.3859740725740153,-50.5173827100538
2026-04-15T14:34:52.427,4.003977537392231,4.004680395405316,4.004386663698355,4.003817558516118,-0.04139061680430476,2.4859608701444103,2.925247128322539,2.7416648114719777,2.3859740725740153,-50.5173827100538
2026-04-15T14:34:52.536,4.003977537392231,4.004680395405316,4.004386663698355,4.003817558516118,-0.04139061680430476,2.4859608701444103,2.925247128322539,2.7416648114719777,2.3859740725740153,-50.5173827100538
2026-04-15T14:34:52.646,4.004273891703718,4.0053439143505045,4.0040640833416035,4.003670692662638,-0.03663067097669554,2.6711823148239944,3.3399464690653247,2.540052088502165,2.2941829141487347,-50.45788338720869
2026-04-15T14:34:52.754,4.004273891703718,4.0053439143505045,4.0040640833416035,4.003670692662638,-0.03663067097669554,2.6711823148239944,3.3399464690653247,2.540052088502165,2.2941829141487347,-50.45788338720869
2026-04-15T14:34:52.865,4.004273891703718,4.0053439143505045,4.0040640833416035,4.003670692662638,-0.03663067097669554,2.6711823148239944,3.3399464690653247,2.540052088502165,2.2941829141487347,-50.45788338720869
2026-04-15T14:34:52.973,4.003266811565567,4.005328178723346,4.003615617967583,4.002902269536392,-0.04240135843924688,2.041757228479213,3.3301117020911875,2.2597612297392544,1.8139184602450342,-50.530016980490586
2026-04-15T14:34:53.081,4.003266811565567,4.005328178723346,4.003615617967583,4.002902269536392,-0.04240135843924688,2.041757228479213,3.3301117020911875,2.2597612297392544,1.8139184602450342,-50.530016980490586
2026-04-15T14:34:53.191,4.003266811565567,4.005328178723346,4.003615617967583,4.002902269536392,-0.04240135843924688,2.041757228479213,3.3301117020911875,2.2597612297392544,1.8139184602450342,-50.530016980490586
2026-04-15T14:34:53.299,4.003156662175456,4.00603890455001,4.003770351634643,4.003298282819885,-0.043222897206564366,1.9729138596602525,3.7743153437563848,2.3564697716516037,2.0614267624280425,-50.540286215082055
2026-04-15T14:34:53.423,4.003156662175456,4.00603890455001,4.003770351634643,4.003298282819885,-0.043222897206564366,1.9729138596602525,3.7743153437563848,2.3564697716516037,2.0614267624280425,-50.540286215082055
2026-04-15T14:34:53.517,4.003156662175456,4.00603890455001,4.003770351634643,4.003298282819885,-0.043222897206564366,1.9729138596602525,3.7743153437563848,2.3564697716516037,2.0614267624280425,-50.540286215082055
2026-04-15T14:34:53.626,4.003211736870512,4.004520416529203,4.004142761477397,4.002758026287438,-0.03587385950619701,2.0073355440697327,2.825260330752144,2.589225923372851,1.7237664296487765,-50.44842324382747
2026-04-15T14:34:53.735,4.003211736870512,4.004520416529203,4.004142761477397,4.002758026287438,-0.03587385950619701,2.0073355440697327,2.825260330752144,2.589225923372851,1.7237664296487765,-50.44842324382747
2026-04-15T14:34:53.846,4.003211736870512,4.004520416529203,4.004142761477397,4.002758026287438,-0.03587385950619701,2.0073355440697327,2.825260330752144,2.589225923372851,1.7237664296487765,-50.44842324382747
2026-04-15T14:34:53.955,4.003484487741261,4.004913807208169,4.004035234691813,4.003508091181999,-0.03436023656519994,2.177804838288111,3.0711295051055743,2.5220216823829134,2.192556988749317,-50.429502957065
2026-04-15T14:34:54.064,4.003484487741261,4.004913807208169,4.004035234691813,4.003508091181999,-0.03436023656519994,2.177804838288111,3.0711295051055743,2.5220216823829134,2.192556988749317,-50.429502957065
2026-04-15T14:34:54.173,4.003484487741261,4.004913807208169,4.004035234691813,4.003508091181999,-0.03436023656519994,2.177804838288111,3.0711295051055743,2.5220216823829134,2.192556988749317,-50.429502957065
2026-04-15T14:34:54.282,4.003513336391052,4.004811525631638,4.004481077461307,4.003161907384509,-0.035520348885108875,2.1958352444073626,3.0072035197736824,2.800673413316801,1.9761921153182982,-50.44400436106387
2026-04-15T14:34:54.392,4.003513336391052,4.004811525631638,4.004481077461307,4.003161907384509,-0.035520348885108875,2.1958352444073626,3.0072035197736824,2.800673413316801,1.9761921153182982,-50.44400436106387
2026-04-15T14:34:54.501,4.003513336391052,4.004811525631638,4.004481077461307,4.003161907384509,-0.035520348885108875,2.1958352444073626,3.0072035197736824,2.800673413316801,1.9761921153182982,-50.44400436106387
2026-04-15T14:34:54.611,4.0032169820795644,4.005060673061649,4.004200458776978,4.002857685259443,-0.0364763212688965,2.0106137997277784,3.162920663530855,2.625286735611354,1.7860532871516455,-50.4559540158612
2026-04-15T14:34:54.722,4.0032169820795644,4.005060673061649,4.004200458776978,4.002857685259443,-0.0364763212688965,2.0106137997277784,3.162920663530855,2.625286735611354,1.7860532871516455,-50.4559540158612
2026-04-15T14:34:54.831,4.0032169820795644,4.005060673061649,4.004200458776978,4.002857685259443,-0.0364763212688965,2.0106137997277784,3.162920663530855,2.625286735611354,1.7860532871516455,-50.4559540158612
2026-04-15T14:34:54.940,4.003327131469675,4.005409479463665,4.004192590963399,4.00299930590387,-0.03919984675812479,2.079457168546739,3.3809246647908964,2.6203693521242855,1.8745661899188804,-50.48999808447656
2026-04-15T14:34:55.050,4.003327131469675,4.005409479463665,4.004192590963399,4.00299930590387,-0.03919984675812479,2.079457168546739,3.3809246647908964,2.6203693521242855,1.8745661899188804,-50.48999808447656
2026-04-15T14:34:55.158,4.003327131469675,4.005409479463665,4.004192590963399,4.00299930590387,-0.03919984675812479,2.079457168546739,3.3809246647908964,2.6203693521242855,1.8745661899188804,-50.48999808447656
2026-04-15T14:34:55.268,4.00327205677462,4.005406856859139,4.004260778681086,4.002928495581656,-0.03650619540588987,2.0450354841372587,3.3792855369618735,2.66298667567888,1.830309738535263,-50.456327442573624
2026-04-15T14:34:55.378,4.00327205677462,4.005406856859139,4.004260778681086,4.002928495581656,-0.03650619540588987,2.0450354841372587,3.3792855369618735,2.66298667567888,1.830309738535263,-50.456327442573624
2026-04-15T14:34:55.489,4.00327205677462,4.005406856859139,4.004260778681086,4.002928495581656,-0.03650619540588987,2.0450354841372587,3.3792855369618735,2.66298667567888,1.830309738535263,-50.456327442573624
2026-04-15T14:34:55.597,4.003159284779983,4.0049111846036425,4.004071951155183,4.002742290660279,-0.043720799489787084,1.9745529874892753,3.0694903772765514,2.5449694719892335,1.7139316626746393,-50.54650999362234
2026-04-15T14:34:55.706,4.003159284779983,4.0049111846036425,4.004071951155183,4.002742290660279,-0.043720799489787084,1.9745529874892753,3.0694903772765514,2.5449694719892335,1.7139316626746393,-50.54650999362234
2026-04-15T14:34:55.816,4.003159284779983,4.0049111846036425,4.004071951155183,4.002742290660279,-0.043720799489787084,1.9745529874892753,3.0694903772765514,2.5449694719892335,1.7139316626746393,-50.54650999362234
2026-04-15T14:34:55.925,4.003138303943771,4.005215406728709,4.004111290223079,4.003122568316613,-0.036595817816869956,1.9614399648570924,3.259629205443204,2.5695563894245765,1.9516051978829552,-50.45744772271088
2026-04-15T14:34:56.033,4.003138303943771,4.005215406728709,4.004111290223079,4.003122568316613,-0.036595817816869956,1.9614399648570924,3.259629205443204,2.5695563894245765,1.9516051978829552,-50.45744772271088
2026-04-15T14:34:56.141,4.003138303943771,4.005215406728709,4.004111290223079,4.003122568316613,-0.036595817816869956,1.9614399648570924,3.259629205443204,2.5695563894245765,1.9516051978829552,-50.45744772271088
2026-04-15T14:34:56.250,4.003660202244532,4.005564213130725,4.003888368838332,4.002621650852063,-0.04638955572786087,2.287626402832643,3.4776332067032456,2.4302305239576327,1.6385317825395873,-50.57986944659826
2026-04-15T14:34:56.359,4.003660202244532,4.005564213130725,4.003888368838332,4.002621650852063,-0.04638955572786087,2.287626402832643,3.4776332067032456,2.4302305239576327,1.6385317825395873,-50.57986944659826
2026-04-15T14:34:56.469,4.003660202244532,4.005564213130725,4.003888368838332,4.002621650852063,-0.04638955572786087,2.287626402832643,3.4776332067032456,2.4302305239576327,1.6385317825395873,-50.57986944659826
2026-04-15T14:34:56.578,4.003188133429774,4.005729437215891,4.003859520188541,4.003046512785346,-0.040907651589578715,1.9925833936085269,3.5808982599316863,2.412200117838381,1.904070490841292,-50.511345644869735
2026-04-15T14:34:56.688,4.003188133429774,4.005729437215891,4.003859520188541,4.003046512785346,-0.040907651589578715,1.9925833936085269,3.5808982599316863,2.412200117838381,1.904070490841292,-50.511345644869735
2026-04-15T14:34:56.799,4.003188133429774,4.005729437215891,4.003859520188541,4.003046512785346,-0.040907651589578715,1.9925833936085269,3.5808982599316863,2.412200117838381,1.904070490841292,-50.511345644869735
2026-04-15T14:34:56.907,4.004045725109918,4.004549265178995,4.004145384081923,4.002608537829431,-0.03958821053903851,2.528578193699005,2.8432907368719507,2.590865051201874,1.630336143394473,-50.494852631737984
2026-04-15T14:34:57.018,4.004045725109918,4.004549265178995,4.004145384081923,4.002608537829431,-0.03958821053903851,2.528578193699005,2.8432907368719507,2.590865051201874,1.630336143394473,-50.494852631737984
2026-04-15T14:34:57.125,4.004045725109918,4.004549265178995,4.004145384081923,4.002608537829431,-0.03958821053903851,2.528578193699005,2.8432907368719507,2.590865051201874,1.630336143394473,-50.494852631737984
2026-04-15T14:34:57.234,4.002107620364882,4.00554585489904,4.003652334430953,4.003253698542935,-0.04123128807367348,1.3172627280511051,3.4661593119000855,2.2827090193455746,2.0335615893340986,-50.515391100920915
2026-04-15T14:34:57.343,4.002107620364882,4.00554585489904,4.003652334430953,4.003253698542935,-0.04123128807367348,1.3172627280511051,3.4661593119000855,2.2827090193455746,2.0335615893340986,-50.515391100920915
2026-04-15T14:34:57.453,4.002107620364882,4.00554585489904,4.003652334430953,4.003253698542935,-0.04123128807367348,1.3172627280511051,3.4661593119000855,2.2827090193455746,2.0335615893340986,-50.515391100920915
2026-04-15T14:34:57.561,4.004439115788884,4.0050134661801735,4.003990650414863,4.003565788481581,-0.04292913485946296,2.774447368052435,3.1334163626084433,2.4941565092895246,2.228617800988375,-50.53661418574329
2026-04-15T14:34:57.670,4.004439115788884,4.0050134661801735,4.003990650414863,4.003565788481581,-0.04292913485946296,2.774447368052435,3.1334163626084433,2.4941565092895246,2.228617800988375,-50.53661418574329
2026-04-15T14:34:57.779,4.004439115788884,4.0050134661801735,4.003990650414863,4.003565788481581,-0.04292913485946296,2.774447368052435,3.1334163626084433,2.4941565092895246,2.228617800988375,-50.53661418574329
2026-04-15T14:34:57.887,4.002582311784168,4.004759073541109,4.0043525698395115,4.002708196801436,-0.038343454830981706,1.6139448651047994,2.974420963193225,2.7203561496946804,1.692623000897342,-50.47929318538728
2026-04-15T14:34:57.997,4.002582311784168,4.004759073541109,4.0043525698395115,4.002708196801436,-0.038343454830981706,1.6139448651047994,2.974420963193225,2.7203561496946804,1.692623000897342,-50.47929318538728
2026-04-15T14:34:58.106,4.002582311784168,4.004759073541109,4.0043525698395115,4.002708196801436,-0.038343454830981706,1.6139448651047994,2.974420963193225,2.7203561496946804,1.692623000897342,-50.47929318538728
2026-04-15T14:34:58.216,4.002789497541755,4.005839586606001,4.003917217488123,4.002632141270169,-0.03524650262933639,1.7434359635970509,3.649741628750647,2.4482609300768843,1.6450882938556788,-50.4405812828667
2026-04-15T14:34:58.327,4.002789497541755,4.005839586606001,4.003917217488123,4.002632141270169,-0.03524650262933639,1.7434359635970509,3.649741628750647,2.4482609300768843,1.6450882938556788,-50.4405812828667
2026-04-15T14:34:58.438,4.002789497541755,4.005839586606001,4.003917217488123,4.002632141270169,-0.03524650262933639,1.7434359635970509,3.649741628750647,2.4482609300768843,1.6450882938556788,-50.4405812828667
2026-04-15T14:34:58.549,4.003673315267164,4.005645513871045,4.004016876460128,4.003138303943771,-0.03760655945181208,2.2958220419777575,3.5284461694029545,2.5105477875797533,1.9614399648570924,-50.47008199314765
2026-04-15T14:34:58.656,4.003673315267164,4.005645513871045,4.004016876460128,4.003138303943771,-0.03760655945181208,2.2958220419777575,3.5284461694029545,2.5105477875797533,1.9614399648570924,-50.47008199314765
2026-04-15T14:34:58.765,4.003673315267164,4.005645513871045,4.004016876460128,4.003138303943771,-0.03760655945181208,2.2958220419777575,3.5284461694029545,2.5105477875797533,1.9614399648570924,-50.47008199314765
2026-04-15T14:34:58.874,4.003070116226084,4.005291462259976,4.004231930031295,4.002912759954498,-0.033210082290955456,1.9188226413024978,3.3071639124848673,2.6449562695596285,1.8204749715611257,-50.41512602863695
2026-04-15T14:34:58.982,4.003070116226084,4.005291462259976,4.004231930031295,4.002912759954498,-0.033210082290955456,1.9188226413024978,3.3071639124848673,2.6449562695596285,1.8204749715611257,-50.41512602863695
2026-04-15T14:34:59.092,4.003070116226084,4.005291462259976,4.004231930031295,4.002912759954498,-0.033210082290955456,1.9188226413024978,3.3071639124848673,2.6449562695596285,1.8204749715611257,-50.41512602863695
2026-04-15T14:34:59.202,4.003494978159367,4.005021333993753,4.004111290223079,4.003660202244532,-0.039015622913332375,2.1843613496042025,3.138333746095512,2.5695563894245765,2.287626402832643,-50.48769528641665
2026-04-15T14:34:59.311,4.003494978159367,4.005021333993753,4.004111290223079,4.003660202244532,-0.039015622913332375,2.1843613496042025,3.138333746095512,2.5695563894245765,2.287626402832643,-50.48769528641665
2026-04-15T14:34:59.421,4.003494978159367,4.005021333993753,4.004111290223079,4.003660202244532,-0.039015622913332375,2.1843613496042025,3.138333746095512,2.5695563894245765,2.287626402832643,-50.48769528641665
2026-04-15T14:34:59.531,4.003106832689454,4.004958391485118,4.004006386042022,4.002535104902691,-0.04274989003750278,1.941770430908818,3.098994678198963,2.503991276263662,1.5844405641818327,-50.53437362546879
2026-04-15T14:34:59.640,4.003106832689454,4.004958391485118,4.004006386042022,4.002535104902691,-0.04274989003750278,1.941770430908818,3.098994678198963,2.503991276263662,1.5844405641818327,-50.53437362546879
2026-04-15T14:34:59.750,4.003106832689454,4.004958391485118,4.004006386042022,4.002535104902691,-0.04274989003750278,1.941770430908818,3.098994678198963,2.503991276263662,1.5844405641818327,-50.53437362546879
2026-04-15T14:34:59.858,4.003285169797252,4.0051157477567045,4.004111290223079,4.002621650852063,-0.038039734438215844,2.053231123282373,3.197342347940335,2.5695563894245765,1.6385317825395873,-50.4754966804777
2026-04-15T14:34:59.969,4.003285169797252,4.0051157477567045,4.004111290223079,4.002621650852063,-0.038039734438215844,2.053231123282373,3.197342347940335,2.5695563894245765,1.6385317825395873,-50.4754966804777
2026-04-15T14:35:00.078,4.003285169797252,4.0051157477567045,4.004111290223079,4.002621650852063,-0.038039734438215844,2.053231123282373,3.197342347940335,2.5695563894245765,1.6385317825395873,-50.4754966804777
2026-04-15T14:35:00.185,4.003287792401778,4.004916429812695,4.0040221216691805,4.0035474302498955,-0.03446479604467671,2.054870251111396,3.072768632934597,2.513826043237799,2.21714390618466,-50.43080995055846
2026-04-15T14:35:00.294,4.003287792401778,4.004916429812695,4.0040221216691805,4.0035474302498955,-0.03446479604467671,2.054870251111396,3.072768632934597,2.513826043237799,2.21714390618466,-50.43080995055846
2026-04-15T14:35:00.403,4.003287792401778,4.004916429812695,4.0040221216691805,4.0035474302498955,-0.03446479604467671,2.054870251111396,3.072768632934597,2.513826043237799,2.21714390618466,-50.43080995055846
2026-04-15T14:35:00.527,4.003531694622737,4.0045807364333115,4.003466129509576,4.0031514169664035,-0.032911340921021826,2.2073091392105226,2.86296027081967,2.166330943484951,1.9696356040022067,-50.41139176151277
2026-04-15T14:35:00.636,4.003531694622737,4.0045807364333115,4.003466129509576,4.0031514169664035,-0.032911340921021826,2.2073091392105226,2.86296027081967,2.166330943484951,1.9696356040022067,-50.41139176151277
2026-04-15T14:35:00.730,4.003531694622737,4.0045807364333115,4.003466129509576,4.0031514169664035,-0.032911340921021826,2.2073091392105226,2.86296027081967,2.166330943484951,1.9696356040022067,-50.41139176151277
2026-04-15T14:35:00.855,4.003350734910413,4.00494265585796,4.004048347714445,4.00315403957093,-0.03308560672014978,2.0942093190079447,3.089159911224826,2.5302173215280277,1.9712747318312296,-50.41357008400187
2026-04-15T14:35:00.962,4.003350734910413,4.00494265585796,4.004048347714445,4.00315403957093,-0.03308560672014978,2.0942093190079447,3.089159911224826,2.5302173215280277,1.9712747318312296,-50.41357008400187
2026-04-15T14:35:01.070,4.003350734910413,4.00494265585796,4.004048347714445,4.00315403957093,-0.03308560672014978,2.0942093190079447,3.089159911224826,2.5302173215280277,1.9712747318312296,-50.41357008400187
2026-04-15T14:35:01.182,4.003460884300523,4.005393743836507,4.003909349674544,4.002818346191546,-0.03029735393410254,2.163052687826905,3.371089897816759,2.4433435465898157,1.7614663697163024,-50.37871692417628
2026-04-15T14:35:01.292,4.003460884300523,4.005393743836507,4.003909349674544,4.002818346191546,-0.03029735393410254,2.163052687826905,3.371089897816759,2.4433435465898157,1.7614663697163024,-50.37871692417628
2026-04-15T14:35:01.400,4.003460884300523,4.005393743836507,4.003909349674544,4.002818346191546,-0.03029735393410254,2.163052687826905,3.371089897816759,2.4433435465898157,1.7614663697163024,-50.37871692417628
2026-04-15T14:35:01.511,4.002052545669827,4.005273104028291,4.004006386042022,4.002876043491128,-0.028280849687050524,1.2828410436416249,3.295690017681707,2.503991276263662,1.7975271819548055,-50.35351062108813
2026-04-15T14:35:01.620,4.002052545669827,4.005273104028291,4.004006386042022,4.002876043491128,-0.028280849687050524,1.2828410436416249,3.295690017681707,2.503991276263662,1.7975271819548055,-50.35351062108813
2026-04-15T14:35:01.727,4.002052545669827,4.005273104028291,4.004006386042022,4.002876043491128,-0.028280849687050524,1.2828410436416249,3.295690017681707,2.503991276263662,1.7975271819548055,-50.35351062108813
2026-04-15T14:35:01.836,4.004155874500029,4.00550913843567,4.004263401285613,4.003626108385689,-0.025726610974117967,2.5974215625179653,3.4432115222937654,2.664625803507903,2.266317741055901,-50.321582637176476
2026-04-15T14:35:01.944,4.004155874500029,4.00550913843567,4.004263401285613,4.003626108385689,-0.025726610974117967,2.5974215625179653,3.4432115222937654,2.664625803507903,2.266317741055901,-50.321582637176476
2026-04-15T14:35:02.052,4.004155874500029,4.00550913843567,4.004263401285613,4.003626108385689,-0.025726610974117967,2.5974215625179653,3.4432115222937654,2.664625803507903,2.266317741055901,-50.321582637176476
2026-04-15T14:35:02.162,4.003453016486944,4.005370140395769,4.003633976199268,4.003508091181999,-0.02652325462727432,2.1581353043398366,3.3563377473555533,2.2712351245424145,2.192556988749317,-50.331540682840924
2026-04-15T14:35:02.269,4.003453016486944,4.005370140395769,4.003633976199268,4.003508091181999,-0.02652325462727432,2.1581353043398366,3.3563377473555533,2.2712351245424145,2.192556988749317,-50.331540682840924
2026-04-15T14:35:02.378,4.003453016486944,4.005370140395769,4.003633976199268,4.003508091181999,-0.02652325462727432,2.1581353043398366,3.3563377473555533,2.2712351245424145,2.192556988749317,-50.331540682840924
2026-04-15T14:35:02.489,4.003809690702539,4.005461931554194,4.003990650414863,4.002954721626921,-0.027275087074940627,2.3810566890869467,3.4137072213713537,2.4941565092895246,1.8467010168254916,-50.34093858843676
2026-04-15T14:35:02.599,4.003809690702539,4.005461931554194,4.003990650414863,4.002954721626921,-0.027275087074940627,2.3810566890869467,3.4137072213713537,2.4941565092895246,1.8467010168254916,-50.34093858843676
2026-04-15T14:35:02.708,4.003809690702539,4.005461931554194,4.003990650414863,4.002954721626921,-0.027275087074940627,2.3810566890869467,3.4137072213713537,2.4941565092895246,1.8467010168254916,-50.34093858843676
2026-04-15T14:35:02.818,4.0033612253285185,4.00532555611882,4.004318475980668,4.00297045725408,-0.03373287968833931,2.100765830324036,3.3284725742627197,2.699047487917383,1.856535783800184,-50.421660996104244
2026-04-15T14:35:02.925,4.0033612253285185,4.00532555611882,4.004318475980668,4.00297045725408,-0.03373287968833931,2.100765830324036,3.3284725742627197,2.699047487917383,1.856535783800184,-50.421660996104244
2026-04-15T14:35:03.035,4.0033612253285185,4.00532555611882,4.004318475980668,4.00297045725408,-0.03373287968833931,2.100765830324036,3.3284725742627197,2.699047487917383,1.856535783800184,-50.421660996104244
2026-04-15T14:35:03.144,4.0034635069050495,4.005086899106914,4.004116535432132,4.0029888154857645,-0.02676224772322123,2.164691815655928,3.1793119418210836,2.5728346450826223,1.8680096786027889,-50.33452809654027
2026-04-15T14:35:03.254,4.0034635069050495,4.005086899106914,4.004116535432132,4.0029888154857645,-0.02676224772322123,2.164691815655928,3.1793119418210836,2.5728346450826223,1.8680096786027889,-50.33452809654027
2026-04-15T14:35:03.361,4.0034635069050495,4.005086899106914,4.004116535432132,4.0029888154857645,-0.02676224772322123,2.164691815655928,3.1793119418210836,2.5728346450826223,1.8680096786027889,-50.33452809654027
2026-04-15T14:35:03.469,4.003597259735898,4.005275726632817,4.003890991442859,4.003513336391052,-0.026886723294026905,2.2482873349360943,3.29732914551073,2.4318696517866556,2.1958352444073626,-50.33608404117533
2026-04-15T14:35:03.580,4.003597259735898,4.005275726632817,4.003890991442859,4.003513336391052,-0.026886723294026905,2.2482873349360943,3.29732914551073,2.4318696517866556,2.1958352444073626,-50.33608404117533
2026-04-15T14:35:03.687,4.003597259735898,4.005275726632817,4.003890991442859,4.003513336391052,-0.026886723294026905,2.2482873349360943,3.29732914551073,2.4318696517866556,2.1958352444073626,-50.33608404117533
2026-04-15T14:35:03.796,4.003340244492307,4.004987240134909,4.0039198400926495,4.002584934388693,-0.02686182817986577,2.0876528076918532,3.1170250843182146,2.449900057905907,1.6155839929332672,-50.33577285224832
2026-04-15T14:35:03.905,4.003340244492307,4.004987240134909,4.0039198400926495,4.002584934388693,-0.02686182817986577,2.0876528076918532,3.1170250843182146,2.449900057905907,1.6155839929332672,-50.33577285224832
2026-04-15T14:35:04.013,4.003340244492307,4.004987240134909,4.0039198400926495,4.002584934388693,-0.02686182817986577,2.0876528076918532,3.1170250843182146,2.449900057905907,1.6155839929332672,-50.33577285224832
2026-04-15T14:35:04.123,4.003096342271348,4.0050554278525965,4.0037100317305345,4.002883911304707,-0.038716881543398744,1.9352139195927265,3.159642407872809,2.3187698315840777,1.8024445654418741,-50.48396101929249
2026-04-15T14:35:04.232,4.003096342271348,4.0050554278525965,4.0037100317305345,4.002883911304707,-0.038716881543398744,1.9352139195927265,3.159642407872809,2.3187698315840777,1.8024445654418741,-50.48396101929249
2026-04-15T14:35:04.341,4.003096342271348,4.0050554278525965,4.0037100317305345,4.002883911304707,-0.038716881543398744,1.9352139195927265,3.159642407872809,2.3187698315840777,1.8024445654418741,-50.48396101929249
2026-04-15T14:35:04.464,4.003057003203452,4.005191803287971,4.003780842052748,4.0035238268091575,-0.03743229365268413,1.9106270021573835,3.2448770549819983,2.363026282967695,2.202391755723454,-50.46790367065855
2026-04-15T14:35:04.559,4.003057003203452,4.005191803287971,4.003780842052748,4.0035238268091575,-0.03743229365268413,1.9106270021573835,3.2448770549819983,2.363026282967695,2.202391755723454,-50.46790367065855
2026-04-15T14:35:04.682,4.003057003203452,4.005191803287971,4.003780842052748,4.0035238268091575,-0.03743229365268413,1.9106270021573835,3.2448770549819983,2.363026282967695,2.202391755723454,-50.46790367065855
2026-04-15T14:35:04.791,4.003119945712086,4.004945278462486,4.003995895623916,4.003397941791889,-0.03600331409983492,1.9499660700539323,3.0907990390538487,2.4974347649475703,2.1237136199303563,-50.450041426247935
2026-04-15T14:35:04.902,4.003119945712086,4.004945278462486,4.003995895623916,4.003397941791889,-0.03600331409983492,1.9499660700539323,3.0907990390538487,2.4974347649475703,2.1237136199303563,-50.450041426247935
2026-04-15T14:35:05.010,4.003119945712086,4.004945278462486,4.003995895623916,4.003397941791889,-0.03600331409983492,1.9499660700539323,3.0907990390538487,2.4974347649475703,2.1237136199303563,-50.450041426247935
2026-04-15T14:35:05.119,4.003494978159367,4.004764318750162,4.003744125589378,4.00308060664419,-0.03840818212780066,2.1843613496042025,2.9776992188512708,2.340078493361375,1.9253791526185893,-50.480102276597506
2026-04-15T14:35:05.229,4.003494978159367,4.004764318750162,4.003744125589378,4.00308060664419,-0.03840818212780066,2.1843613496042025,2.9776992188512708,2.340078493361375,1.9253791526185893,-50.480102276597506
2026-04-15T14:35:05.339,4.003494978159367,4.004764318750162,4.003744125589378,4.00308060664419,-0.03840818212780066,2.1843613496042025,2.9776992188512708,2.340078493361375,1.9253791526185893,-50.480102276597506
2026-04-15T14:35:05.448,4.00257968917964,4.005889416092003,4.004027366878234,4.003211736870512,-0.05369378222273818,1.6123057372752214,3.6808850575020813,2.5171042988964,2.0073355440697327,-50.67117227778423
2026-04-15T14:35:05.545,4.00257968917964,4.005889416092003,4.004027366878234,4.003211736870512,-0.05369378222273818,1.6123057372752214,3.6808850575020813,2.5171042988964,2.0073355440697327,-50.67117227778423
2026-04-15T14:35:05.656,4.00257968917964,4.005889416092003,4.004027366878234,4.003211736870512,-0.05369378222273818,1.6123057372752214,3.6808850575020813,2.5171042988964,2.0073355440697327,-50.67117227778423
2026-04-15T14:35:05.766,4.002626896061116,4.00489807158101,4.003754616007484,4.0028209687960725,-0.04677294048594236,1.641810038197633,3.061294738131437,2.3466350046774664,1.7631054975453253,-50.584661756074276
2026-04-15T14:35:05.877,4.002626896061116,4.00489807158101,4.003754616007484,4.0028209687960725,-0.04677294048594236,1.641810038197633,3.061294738131437,2.3466350046774664,1.7631054975453253,-50.584661756074276
2026-04-15T14:35:05.981,4.002626896061116,4.00489807158101,4.003754616007484,4.0028209687960725,-0.04677294048594236,1.641810038197633,3.061294738131437,2.3466350046774664,1.7631054975453253,-50.584661756074276
2026-04-15T14:35:06.091,4.00380182288896,4.004858732513114,4.003846407165909,4.002944231208815,-0.06082872194131976,2.376139305599878,3.036707820696094,2.404004478693267,1.8401445055094001,-50.7603590242665
2026-04-15T14:35:06.215,4.00380182288896,4.004858732513114,4.003846407165909,4.002944231208815,-0.06082872194131976,2.376139305599878,3.036707820696094,2.404004478693267,1.8401445055094001,-50.7603590242665
2026-04-15T14:35:06.313,4.00380182288896,4.004858732513114,4.003846407165909,4.002944231208815,-0.06082872194131976,2.376139305599878,3.036707820696094,2.404004478693267,1.8401445055094001,-50.7603590242665
2026-04-15T14:35:06.423,4.003237962915777,4.00459647206047,4.004192590963399,4.002501011043847,-0.0493421162673716,2.0237268223605165,2.872795037793807,2.6203693521242855,1.5631319024045354,-50.61677645334215
2026-04-15T14:35:06.540,4.003237962915777,4.00459647206047,4.004192590963399,4.002501011043847,-0.0493421162673716,2.0237268223605165,2.872795037793807,2.6203693521242855,1.5631319024045354,-50.61677645334215
2026-04-15T14:35:06.647,4.003237962915777,4.00459647206047,4.004192590963399,4.002501011043847,-0.0493421162673716,2.0237268223605165,2.872795037793807,2.6203693521242855,1.5631319024045354,-50.61677645334215
2026-04-15T14:35:06.757,4.002936363395236,4.004937410648908,4.003820181120646,4.003025531949135,-0.046982059444895904,1.8352271220223315,3.085881655567335,2.3876132004035933,1.890957468209109,-50.5872757430612
2026-04-15T14:35:06.866,4.002936363395236,4.004937410648908,4.003820181120646,4.003025531949135,-0.046982059444895904,1.8352271220223315,3.085881655567335,2.3876132004035933,1.890957468209109,-50.5872757430612
2026-04-15T14:35:06.975,4.002936363395236,4.004937410648908,4.003820181120646,4.003025531949135,-0.046982059444895904,1.8352271220223315,3.085881655567335,2.3876132004035933,1.890957468209109,-50.5872757430612
2026-04-15T14:35:07.083,4.0034399034643116,4.004646301546472,4.004313230771615,4.003390073978309,-0.04626010113422296,2.1499396651947222,2.9039384665452417,2.6957692322593374,2.1187962364432877,-50.57825126417779
2026-04-15T14:35:07.192,4.0034399034643116,4.004646301546472,4.004313230771615,4.003390073978309,-0.04626010113422296,2.1499396651947222,2.9039384665452417,2.6957692322593374,2.1187962364432877,-50.57825126417779
2026-04-15T14:35:07.299,4.0034399034643116,4.004646301546472,4.004313230771615,4.003390073978309,-0.04626010113422296,2.1499396651947222,2.9039384665452417,2.6957692322593374,2.1187962364432877,-50.57825126417779
2026-04-15T14:35:07.407,4.002708196801436,4.00512623817481,4.003825426329698,4.002876043491128,-0.051851543774814116,1.692623000897342,3.2038988592564266,2.390891456061084,1.7975271819548055,-50.64814429718517
2026-04-15T14:35:07.516,4.002708196801436,4.00512623817481,4.003825426329698,4.002876043491128,-0.051851543774814116,1.692623000897342,3.2038988592564266,2.390891456061084,1.7975271819548055,-50.64814429718517
2026-04-15T14:35:07.624,4.002708196801436,4.00512623817481,4.003825426329698,4.002876043491128,-0.051851543774814116,1.692623000897342,3.2038988592564266,2.390891456061084,1.7975271819548055,-50.64814429718517
2026-04-15T14:35:07.733,4.003077984039663,4.005037069620911,4.004347324630459,4.002608537829431,-0.05160259263320275,1.9237400247895664,3.148168513069649,2.7170778940366347,1.630336143394473,-50.64503240791504
2026-04-15T14:35:07.842,4.003077984039663,4.005037069620911,4.004347324630459,4.002608537829431,-0.05160259263320275,1.9237400247895664,3.148168513069649,2.7170778940366347,1.630336143394473,-50.64503240791504
2026-04-15T14:35:07.950,4.003077984039663,4.005037069620911,4.004347324630459,4.002608537829431,-0.05160259263320275,1.9237400247895664,3.148168513069649,2.7170778940366347,1.630336143394473,-50.64503240791504
2026-04-15T14:35:08.060,4.003001928508397,4.004955768880592,4.003605127549477,4.003717899544114,-0.05305148827738087,1.8762053177479032,3.09735555036994,2.253204718423163,2.3236872150711463,-50.66314360346726
2026-04-15T14:35:08.183,4.003001928508397,4.004955768880592,4.003605127549477,4.003717899544114,-0.05305148827738087,1.8762053177479032,3.09735555036994,2.253204718423163,2.3236872150711463,-50.66314360346726
2026-04-15T14:35:08.292,4.003001928508397,4.004955768880592,4.003605127549477,4.003717899544114,-0.05305148827738087,1.8762053177479032,3.09735555036994,2.253204718423163,2.3236872150711463,-50.66314360346726
2026-04-15T14:35:08.402,4.003148794361877,4.005286217050923,4.003358602723992,4.003843784561383,-0.053325334533153364,1.9679964761731839,3.3038856568268216,2.0991267024950133,2.402365350864244,-50.66656668166441
2026-04-15T14:35:08.511,4.003148794361877,4.005286217050923,4.003358602723992,4.003843784561383,-0.053325334533153364,1.9679964761731839,3.3038856568268216,2.0991267024950133,2.402365350864244,-50.66656668166441
2026-04-15T14:35:08.620,4.003148794361877,4.005286217050923,4.003358602723992,4.003843784561383,-0.053325334533153364,1.9679964761731839,3.3038856568268216,2.0991267024950133,2.402365350864244,-50.66656668166441
2026-04-15T14:35:08.729,4.003746748193905,4.005262613610185,4.004163742313608,4.004024744273707,-0.05004913750954786,2.341717621190398,3.2891335063656157,2.602338946005034,2.515465171066822,-50.62561421886935
2026-04-15T14:35:08.838,4.003746748193905,4.005262613610185,4.004163742313608,4.004024744273707,-0.05004913750954786,2.341717621190398,3.2891335063656157,2.602338946005034,2.515465171066822,-50.62561421886935
2026-04-15T14:35:08.948,4.003746748193905,4.005262613610185,4.004163742313608,4.004024744273707,-0.05004913750954786,2.341717621190398,3.2891335063656157,2.602338946005034,2.515465171066822,-50.62561421886935
2026-04-15T14:35:09.057,4.002438068535213,4.004685640614369,4.003843784561383,4.002445936348792,-0.05152292826788712,1.5237928345079865,2.9285253839805847,2.402365350864244,1.5287102179950551,-50.64403660334859
2026-04-15T14:35:09.166,4.002438068535213,4.004685640614369,4.003843784561383,4.002445936348792,-0.05152292826788712,1.5237928345079865,2.9285253839805847,2.402365350864244,1.5287102179950551,-50.64403660334859
2026-04-15T14:35:09.274,4.002438068535213,4.004685640614369,4.003843784561383,4.002445936348792,-0.05152292826788712,1.5237928345079865,2.9285253839805847,2.402365350864244,1.5287102179950551,-50.64403660334859
2026-04-15T14:35:09.381,4.003759861216538,4.004651546755525,4.003654957035479,4.002666235129013,-0.052633250359473784,2.3499132603360673,2.9072167222032874,2.2843481471745974,1.666396955632976,-50.657915629493424
2026-04-15T14:35:09.490,4.003759861216538,4.004651546755525,4.003654957035479,4.002666235129013,-0.052633250359473784,2.3499132603360673,2.9072167222032874,2.2843481471745974,1.666396955632976,-50.657915629493424
2026-04-15T14:35:09.598,4.003759861216538,4.004651546755525,4.003654957035479,4.002666235129013,-0.052633250359473784,2.3499132603360673,2.9072167222032874,2.2843481471745974,1.666396955632976,-50.657915629493424
2026-04-15T14:35:09.706,4.002836704423232,4.005252123192079,4.003977537392231,4.0032956602153575,-0.049859934641923224,1.7729402645200176,3.2825769950495243,2.4859608701444103,2.0597876345984645,-50.62324918302404
2026-04-15T14:35:09.815,4.002836704423232,4.005252123192079,4.003977537392231,4.0032956602153575,-0.049859934641923224,1.7729402645200176,3.2825769950495243,2.4859608701444103,2.0597876345984645,-50.62324918302404
2026-04-15T14:35:09.921,4.002836704423232,4.005252123192079,4.003977537392231,4.0032956602153575,-0.049859934641923224,1.7729402645200176,3.2825769950495243,2.4859608701444103,2.0597876345984645,-50.62324918302404
2026-04-15T14:35:10.031,4.002860307863969,4.004989862739436,4.00372052214864,4.002605915224905,-0.052573502085487056,1.7876924149806683,3.1186642121472374,2.325326342900169,1.62869701556545,-50.65716877606859
2026-04-15T14:35:10.140,4.002860307863969,4.004989862739436,4.00372052214864,4.002605915224905,-0.052573502085487056,1.7876924149806683,3.1186642121472374,2.325326342900169,1.62869701556545,-50.65716877606859
2026-04-15T14:35:10.250,4.002860307863969,4.004989862739436,4.00372052214864,4.002605915224905,-0.052573502085487056,1.7876924149806683,3.1186642121472374,2.325326342900169,1.62869701556545,-50.65716877606859
2026-04-15T14:35:10.360,4.003662824849059,4.005186558078918,4.003715276939587,4.00330877323799,-0.042212155571622244,2.289265530661666,3.2415987993239526,2.3220480872421234,2.067983273743579,-50.52765194464528
2026-04-15T14:35:10.470,4.003662824849059,4.005186558078918,4.003715276939587,4.00330877323799,-0.042212155571622244,2.289265530661666,3.2415987993239526,2.3220480872421234,2.067983273743579,-50.52765194464528
2026-04-15T14:35:10.581,4.003662824849059,4.005186558078918,4.003715276939587,4.00330877323799,-0.042212155571622244,2.289265530661666,3.2415987993239526,2.3220480872421234,2.067983273743579,-50.52765194464528
2026-04-15T14:35:10.689,4.003342867096833,4.005194425892498,4.003749370798431,4.002957344231447,-0.034136180537749715,2.089291935520876,3.246516182811021,2.3433567490194207,1.8483401446545145,-50.42670225672187
2026-04-15T14:35:10.799,4.003342867096833,4.005194425892498,4.003749370798431,4.002957344231447,-0.034136180537749715,2.089291935520876,3.246516182811021,2.3433567490194207,1.8483401446545145,-50.42670225672187
2026-04-15T14:35:10.908,4.003342867096833,4.005194425892498,4.003749370798431,4.002957344231447,-0.034136180537749715,2.089291935520876,3.246516182811021,2.3433567490194207,1.8483401446545145,-50.42670225672187
2026-04-15T14:35:11.018,4.002952099022394,4.0045571329925735,4.003696918707902,4.003224849893144,-0.036580880748373276,1.8450618889964687,2.848208120358464,2.3105741924389633,2.015531183214847,-50.45726100935467
2026-04-15T14:35:11.128,4.002952099022394,4.0045571329925735,4.003696918707902,4.003224849893144,-0.036580880748373276,1.8450618889964687,2.848208120358464,2.3105741924389633,2.015531183214847,-50.45726100935467
2026-04-15T14:35:11.236,4.002952099022394,4.0045571329925735,4.003696918707902,4.003224849893144,-0.036580880748373276,1.8450618889964687,2.848208120358464,2.3105741924389633,2.015531183214847,-50.45726100935467
2026-04-15T14:35:11.344,4.002794742750808,4.005100012129546,4.00391197227907,4.002702951592383,-0.03268230587073937,1.7467142192550966,3.187507580966198,2.4449826744188385,1.6893447452392962,-50.408528823384245
2026-04-15T14:35:11.452,4.002794742750808,4.005100012129546,4.00391197227907,4.002702951592383,-0.03268230587073937,1.7467142192550966,3.187507580966198,2.4449826744188385,1.6893447452392962,-50.408528823384245
2026-04-15T14:35:11.560,4.002794742750808,4.005100012129546,4.00391197227907,4.002702951592383,-0.03268230587073937,1.7467142192550966,3.187507580966198,2.4449826744188385,1.6893447452392962,-50.408528823384245
2026-04-15T14:35:11.670,4.003303528028937,4.005535364480934,4.004145384081923,4.0033376218877805,-0.03430048829121322,2.064705018085533,3.459602800583994,2.590865051201874,2.0860136798628304,-50.42875610364016
2026-04-15T14:35:11.778,4.003303528028937,4.005535364480934,4.004145384081923,4.0033376218877805,-0.03430048829121322,2.064705018085533,3.459602800583994,2.590865051201874,2.0860136798628304,-50.42875610364016
2026-04-15T14:35:11.888,4.003303528028937,4.005535364480934,4.004145384081923,4.0033376218877805,-0.03430048829121322,2.064705018085533,3.459602800583994,2.590865051201874,2.0860136798628304,-50.42875610364016
2026-04-15T14:35:12.011,4.003112077898507,4.00470662145058,4.003841161956856,4.003054380598925,-0.04533898191026093,1.9450486865668637,2.9416384066127677,2.400726223035221,1.9089878743283606,-50.56673727387826
2026-04-15T14:35:12.119,4.003112077898507,4.00470662145058,4.003841161956856,4.003054380598925,-0.04533898191026093,1.9450486865668637,2.9416384066127677,2.400726223035221,1.9089878743283606,-50.56673727387826
2026-04-15T14:35:12.228,4.003112077898507,4.00470662145058,4.003841161956856,4.003054380598925,-0.04533898191026093,1.9450486865668637,2.9416384066127677,2.400726223035221,1.9089878743283606,-50.56673727387826
2026-04-15T14:35:12.337,4.003293037610831,4.005477667181353,4.0041663649181345,4.003051757994399,-0.032010137788388696,2.0581485067694416,3.423541988345491,2.6039780738340568,1.9073487464993377,-50.400126722354855
2026-04-15T14:35:12.446,4.003293037610831,4.005477667181353,4.0041663649181345,4.003051757994399,-0.032010137788388696,2.0581485067694416,3.423541988345491,2.6039780738340568,1.9073487464993377,-50.400126722354855
2026-04-15T14:35:12.555,4.003293037610831,4.005477667181353,4.0041663649181345,4.003051757994399,-0.032010137788388696,2.0581485067694416,3.423541988345491,2.6039780738340568,1.9073487464993377,-50.400126722354855
2026-04-15T14:35:12.664,4.003489732950314,4.004769563959215,4.004077196364236,4.002320051331523,-0.03647134224606428,2.1810830939461567,2.9809774745093165,2.5482477276472792,1.4500320822019575,-50.4558917780758
2026-04-15T14:35:12.772,4.003489732950314,4.004769563959215,4.004077196364236,4.002320051331523,-0.03647134224606428,2.1810830939461567,2.9809774745093165,2.5482477276472792,1.4500320822019575,-50.4558917780758
2026-04-15T14:35:12.881,4.003489732950314,4.004769563959215,4.004077196364236,4.002320051331523,-0.03647134224606428,2.1810830939461567,2.9809774745093165,2.5482477276472792,1.4500320822019575,-50.4558917780758
2026-04-15T14:35:12.990,4.003245830729355,4.004756450936583,4.003605127549477,4.002230882777624,-0.032064907039543206,2.02864420584703,2.972781835364202,2.253204718423163,1.39430173601518,-50.40081133799429
2026-04-15T14:35:13.098,4.003245830729355,4.004756450936583,4.003605127549477,4.002230882777624,-0.032064907039543206,2.02864420584703,2.972781835364202,2.253204718423163,1.39430173601518,-50.40081133799429
2026-04-15T14:35:13.207,4.003245830729355,4.004756450936583,4.003605127549477,4.002230882777624,-0.032064907039543206,2.02864420584703,2.972781835364202,2.253204718423163,1.39430173601518,-50.40081133799429
2026-04-15T14:35:13.315,4.003395319187362,4.004919052417222,4.004588604246891,4.00357365629516,-0.03622239110445291,2.1220744921013335,3.07440776076362,2.8678776543067386,2.2335351844748885,-50.452779888805665
2026-04-15T14:35:13.429,4.003395319187362,4.004919052417222,4.004588604246891,4.00357365629516,-0.03622239110445291,2.1220744921013335,3.07440776076362,2.8678776543067386,2.2335351844748885,-50.452779888805665
2026-04-15T14:35:13.538,4.003395319187362,4.004919052417222,4.004588604246891,4.00357365629516,-0.03622239110445291,2.1220744921013335,3.07440776076362,2.8678776543067386,2.2335351844748885,-50.452779888805665
2026-04-15T14:35:13.646,4.0037939550753805,4.005105257338599,4.003266811565567,4.002891779118286,-0.033558613889211365,2.3712219221128095,3.1907858366242436,2.041757228479213,1.8073619489289428,-50.41948267361514
2026-04-15T14:35:13.752,4.0037939550753805,4.005105257338599,4.003266811565567,4.002891779118286,-0.033558613889211365,2.3712219221128095,3.1907858366242436,2.041757228479213,1.8073619489289428,-50.41948267361514
2026-04-15T14:35:13.861,4.0037939550753805,4.005105257338599,4.003266811565567,4.002891779118286,-0.033558613889211365,2.3712219221128095,3.1907858366242436,2.041757228479213,1.8073619489289428,-50.41948267361514
2026-04-15T14:35:13.970,4.003293037610831,4.005047560039017,4.0039801599967575,4.003206491661459,-0.03785551059342344,2.0581485067694416,3.1547250243857405,2.487599997973433,2.004057288411687,-50.47319388241779
2026-04-15T14:35:14.080,4.003293037610831,4.005047560039017,4.0039801599967575,4.003206491661459,-0.03785551059342344,2.0581485067694416,3.1547250243857405,2.487599997973433,2.004057288411687,-50.47319388241779
2026-04-15T14:35:14.189,4.003293037610831,4.005047560039017,4.0039801599967575,4.003206491661459,-0.03785551059342344,2.0581485067694416,3.1547250243857405,2.487599997973433,2.004057288411687,-50.47319388241779
2026-04-15T14:35:14.298,4.003681183080744,4.005459308949669,4.004300117748983,4.001879453771082,-0.036799957752991275,2.300739425464826,3.412068093542886,2.687573593114223,1.1746586069261156,-50.45999947191239
2026-04-15T14:35:14.406,4.003681183080744,4.005459308949669,4.004300117748983,4.001879453771082,-0.036799957752991275,2.300739425464826,3.412068093542886,2.687573593114223,1.1746586069261156,-50.45999947191239
2026-04-15T14:35:14.514,4.003681183080744,4.005459308949669,4.004300117748983,4.001879453771082,-0.036799957752991275,2.300739425464826,3.412068093542886,2.687573593114223,1.1746586069261156,-50.45999947191239
2026-04-15T14:35:14.623,4.003631353594741,4.004520416529203,4.00361037275853,4.002215147150466,-0.03931934330609824,2.2695959967133916,2.825260330752144,2.2564829740812087,1.3844669690410427,-50.491491791326226
2026-04-15T14:35:14.731,4.003631353594741,4.004520416529203,4.00361037275853,4.002215147150466,-0.03931934330609824,2.2695959967133916,2.825260330752144,2.2564829740812087,1.3844669690410427,-50.491491791326226
2026-04-15T14:35:14.854,4.003631353594741,4.004520416529203,4.00361037275853,4.002215147150466,-0.03931934330609824,2.2695959967133916,2.825260330752144,2.2564829740812087,1.3844669690410427,-50.491491791326226
2026-04-15T14:35:14.964,4.003442526068838,4.0050554278525965,4.0038962366519115,4.003085851853243,-0.03310552281147869,2.151578793023745,3.159642407872809,2.4351479074447013,1.928657408276635,-50.41381903514348
2026-04-15T14:35:15.073,4.003442526068838,4.0050554278525965,4.0038962366519115,4.003085851853243,-0.03310552281147869,2.151578793023745,3.159642407872809,2.4351479074447013,1.928657408276635,-50.41381903514348
2026-04-15T14:35:15.182,4.003442526068838,4.0050554278525965,4.0038962366519115,4.003085851853243,-0.03310552281147869,2.151578793023745,3.159642407872809,2.4351479074447013,1.928657408276635,-50.41381903514348
2026-04-15T14:35:15.291,4.003594637131371,4.00508952171144,4.0040824415732885,4.00308060664419,-0.03373785871117154,2.2466482071070715,3.1809510696501064,2.551525983305325,1.9253791526185893,-50.42172323388965
2026-04-15T14:35:15.401,4.003594637131371,4.00508952171144,4.0040824415732885,4.00308060664419,-0.03373785871117154,2.2466482071070715,3.1809510696501064,2.551525983305325,1.9253791526185893,-50.42172323388965
2026-04-15T14:35:15.511,4.003594637131371,4.00508952171144,4.0040824415732885,4.00308060664419,-0.03373785871117154,2.2466482071070715,3.1809510696501064,2.551525983305325,1.9253791526185893,-50.42172323388965
2026-04-15T14:35:15.621,4.0030491353898725,4.005063295666176,4.003890991442859,4.002668857733539,-0.033837439167816084,1.9057096186703149,3.1645597913598777,2.4318696517866556,1.668036083461999,-50.4229679895977
2026-04-15T14:35:15.716,4.0030491353898725,4.005063295666176,4.003890991442859,4.002668857733539,-0.033837439167816084,1.9057096186703149,3.1645597913598777,2.4318696517866556,1.668036083461999,-50.4229679895977
2026-04-15T14:35:15.825,4.0030491353898725,4.005063295666176,4.003890991442859,4.002668857733539,-0.033837439167816084,1.9057096186703149,3.1645597913598777,2.4318696517866556,1.668036083461999,-50.4229679895977
2026-04-15T14:35:15.934,4.003009796321976,4.005456686345141,4.003885746233806,4.002881288700181,-0.029381213732972734,1.8811227012349718,3.410428965713308,2.42859139612861,1.8008054376128513,-50.367265171662154
2026-04-15T14:35:16.057,4.003009796321976,4.005456686345141,4.003885746233806,4.002881288700181,-0.029381213732972734,1.8811227012349718,3.410428965713308,2.42859139612861,1.8008054376128513,-50.367265171662154
2026-04-15T14:35:16.168,4.003009796321976,4.005456686345141,4.003885746233806,4.002881288700181,-0.029381213732972734,1.8811227012349718,3.410428965713308,2.42859139612861,1.8008054376128513,-50.367265171662154
2026-04-15T14:35:16.274,4.002978325067659,4.005273104028291,4.004119158036659,4.00353693983179,-0.03497763539639612,1.8614531672866974,3.295690017681707,2.574473772911645,2.2105873948685684,-50.43722044245496
2026-04-15T14:35:16.384,4.002978325067659,4.005273104028291,4.004119158036659,4.00353693983179,-0.03497763539639612,1.8614531672866974,3.295690017681707,2.574473772911645,2.2105873948685684,-50.43722044245496
2026-04-15T14:35:16.491,4.002978325067659,4.005273104028291,4.004119158036659,4.00353693983179,-0.03497763539639612,1.8614531672866974,3.295690017681707,2.574473772911645,2.2105873948685684,-50.43722044245496
2026-04-15T14:35:16.600,4.003510713786525,4.0053675177912424,4.003636598803794,4.002957344231447,-0.03600331409983492,2.1941961165783397,3.3546986195265305,2.2728742523714374,1.8483401446545145,-50.450041426247935
2026-04-15T14:35:16.709,4.003510713786525,4.0053675177912424,4.003636598803794,4.002957344231447,-0.03600331409983492,2.1941961165783397,3.3546986195265305,2.2728742523714374,1.8483401446545145,-50.450041426247935
2026-04-15T14:35:16.817,4.003510713786525,4.0053675177912424,4.003636598803794,4.002957344231447,-0.03600331409983492,2.1941961165783397,3.3546986195265305,2.2728742523714374,1.8483401446545145,-50.450041426247935
2026-04-15T14:35:16.926,4.002765894101017,4.005105257338599,4.004016876460128,4.002920627768077,-0.034250698062890945,1.728683813135845,3.1907858366242436,2.5105477875797533,1.8253923550481943,-50.42813372578614
2026-04-15T14:35:17.035,4.002765894101017,4.005105257338599,4.004016876460128,4.002920627768077,-0.034250698062890945,1.728683813135845,3.1907858366242436,2.5105477875797533,1.8253923550481943,-50.42813372578614
2026-04-15T14:35:17.143,4.002765894101017,4.005105257338599,4.004016876460128,4.002920627768077,-0.034250698062890945,1.728683813135845,3.1907858366242436,2.5105477875797533,1.8253923550481943,-50.42813372578614
2026-04-15T14:35:17.253,4.002558708343429,4.0054461959270355,4.003849029770436,4.0027344228467,-0.03278188632738392,1.5991927146430385,3.4038724543972165,2.4056436065222897,1.7090142791875707,-50.409773579092295
2026-04-15T14:35:17.362,4.002558708343429,4.0054461959270355,4.003849029770436,4.0027344228467,-0.03278188632738392,1.5991927146430385,3.4038724543972165,2.4056436065222897,1.7090142791875707,-50.409773579092295
2026-04-15T14:35:17.471,4.002558708343429,4.0054461959270355,4.003849029770436,4.0027344228467,-0.03278188632738392,1.5991927146430385,3.4038724543972165,2.4056436065222897,1.7090142791875707,-50.409773579092295
2026-04-15T14:35:17.580,4.002978325067659,4.004937410648908,4.00376510642559,4.003513336391052,-0.040091091845093456,1.8614531672866974,3.085881655567335,2.353191515993558,2.1958352444073626,-50.50113864806367
2026-04-15T14:35:17.687,4.002978325067659,4.004937410648908,4.00376510642559,4.003513336391052,-0.040091091845093456,1.8614531672866974,3.085881655567335,2.353191515993558,2.1958352444073626,-50.50113864806367
2026-04-15T14:35:17.797,4.002978325067659,4.004937410648908,4.00376510642559,4.003513336391052,-0.040091091845093456,1.8614531672866974,3.085881655567335,2.353191515993558,2.1958352444073626,-50.50113864806367
2026-04-15T14:35:17.904,4.0028209687960725,4.005233764960394,4.003914594883597,4.003314018447043,-0.04099727400055881,1.7631054975453253,3.271103100246364,2.4466218022478614,2.0712615294016246,-50.512465925006985
2026-04-15T14:35:18.014,4.0028209687960725,4.005233764960394,4.003914594883597,4.003314018447043,-0.04099727400055881,1.7631054975453253,3.271103100246364,2.4466218022478614,2.0712615294016246,-50.512465925006985
2026-04-15T14:35:18.124,4.0028209687960725,4.005233764960394,4.003914594883597,4.003314018447043,-0.04099727400055881,1.7631054975453253,3.271103100246364,2.4466218022478614,2.0712615294016246,-50.512465925006985
2026-04-15T14:35:18.234,4.003251075938408,4.00440502193004,4.003723144753167,4.002841949632284,-0.03734267124170403,2.0319224615050757,2.753138706275138,2.326965470729192,1.7762185201775083,-50.4667833905213
2026-04-15T14:35:18.343,4.003251075938408,4.00440502193004,4.003723144753167,4.002841949632284,-0.03734267124170403,2.0319224615050757,2.753138706275138,2.326965470729192,1.7762185201775083,-50.4667833905213
2026-04-15T14:35:18.452,4.003251075938408,4.00440502193004,4.003723144753167,4.002841949632284,-0.03734267124170403,2.0319224615050757,2.753138706275138,2.326965470729192,1.7762185201775083,-50.4667833905213
2026-04-15T14:35:18.561,4.002836704423232,4.005002975762068,4.004473209647728,4.003022909344608,-0.03880152493154661,1.7729402645200176,3.1268598512923518,2.7957560298297324,1.8893183403800862,-50.48501906164433
2026-04-15T14:35:18.669,4.002836704423232,4.005002975762068,4.004473209647728,4.003022909344608,-0.03880152493154661,1.7729402645200176,3.1268598512923518,2.7957560298297324,1.8893183403800862,-50.48501906164433
2026-04-15T14:35:18.777,4.002836704423232,4.005002975762068,4.004473209647728,4.003022909344608,-0.03880152493154661,1.7729402645200176,3.1268598512923518,2.7957560298297324,1.8893183403800862,-50.48501906164433
2026-04-15T14:35:18.887,4.003327131469675,4.004879713349325,4.003563165877054,4.003093719666822,-0.05090552943669094,2.079457168546739,3.049820843328277,2.226978673158797,1.9335747917637036,-50.63631911795864
2026-04-15T14:35:18.997,4.003327131469675,4.004879713349325,4.003563165877054,4.003093719666822,-0.05090552943669094,2.079457168546739,3.049820843328277,2.226978673158797,1.9335747917637036,-50.63631911795864
2026-04-15T14:35:19.107,4.003327131469675,4.004879713349325,4.003563165877054,4.003093719666822,-0.05090552943669094,2.079457168546739,3.049820843328277,2.226978673158797,1.9335747917637036,-50.63631911795864
2026-04-15T14:35:19.246,4.002695083778804,4.005585193966937,4.004397154116461,4.00307273883061,-0.03956331542487737,1.6844273617522276,3.4907462293354286,2.748221322788069,1.9204617691315207,-50.49454144281097
2026-04-15T14:35:19.345,4.002695083778804,4.005585193966937,4.004397154116461,4.00307273883061,-0.03956331542487737,1.6844273617522276,3.4907462293354286,2.748221322788069,1.9204617691315207,-50.49454144281097
2026-04-15T14:35:19.447,4.002695083778804,4.005585193966937,4.004397154116461,4.00307273883061,-0.03956331542487737,1.6844273617522276,3.4907462293354286,2.748221322788069,1.9204617691315207,-50.49454144281097
2026-04-15T14:35:19.556,4.002380371235631,4.005629778243886,4.003961801765072,4.002563953552482,-0.043327456686041134,1.4877320222694834,3.5186114024288173,2.476126103170273,1.6024709703010842,-50.54159320857552
2026-04-15T14:35:19.666,4.002380371235631,4.005629778243886,4.003961801765072,4.002563953552482,-0.043327456686041134,1.4877320222694834,3.5186114024288173,2.476126103170273,1.6024709703010842,-50.54159320857552
2026-04-15T14:35:19.775,4.002380371235631,4.005629778243886,4.003961801765072,4.002563953552482,-0.043327456686041134,1.4877320222694834,3.5186114024288173,2.476126103170273,1.6024709703010842,-50.54159320857552
2026-04-15T14:35:19.885,4.003544807645369,4.0051813128698655,4.004113912827606,4.00330090542441,-0.040026364548274504,2.215504778355637,3.238320543665907,2.5711955172535994,2.06306589025651,-50.50032955685343
2026-04-15T14:35:19.986,4.003544807645369,4.0051813128698655,4.004113912827606,4.00330090542441,-0.040026364548274504,2.215504778355637,3.238320543665907,2.5711955172535994,2.06306589025651,-50.50032955685343
2026-04-15T14:35:20.104,4.003544807645369,4.0051813128698655,4.004113912827606,4.00330090542441,-0.040026364548274504,2.215504778355637,3.238320543665907,2.5711955172535994,2.06306589025651,-50.50032955685343
2026-04-15T14:35:20.214,4.003484487741261,4.005223274542288,4.003828048934224,4.003395319187362,-0.04559291207470451,2.177804838288111,3.2645465889302727,2.3925305838901068,2.1220744921013335,-50.56991140093381
2026-04-15T14:35:20.321,4.003484487741261,4.005223274542288,4.003828048934224,4.003395319187362,-0.04559291207470451,2.177804838288111,3.2645465889302727,2.3925305838901068,2.1220744921013335,-50.56991140093381
2026-04-15T14:35:20.431,4.003484487741261,4.005223274542288,4.003828048934224,4.003395319187362,-0.04559291207470451,2.177804838288111,3.2645465889302727,2.3925305838901068,2.1220744921013335,-50.56991140093381
2026-04-15T14:35:20.537,4.003342867096833,4.004774809168268,4.003494978159367,4.003169775198089,-0.03824387437433716,2.089291935520876,2.9842557301673622,2.1843613496042025,1.9811094988053668,-50.47804842967921
2026-04-15T14:35:20.646,4.003342867096833,4.004774809168268,4.003494978159367,4.003169775198089,-0.03824387437433716,2.089291935520876,2.9842557301673622,2.1843613496042025,1.9811094988053668,-50.47804842967921
2026-04-15T14:35:20.755,4.003342867096833,4.004774809168268,4.003494978159367,4.003169775198089,-0.03824387437433716,2.089291935520876,2.9842557301673622,2.1843613496042025,1.9811094988053668,-50.47804842967921
2026-04-15T14:35:20.863,4.003114700503033,4.004919052417222,4.003565788481581,4.00280785577344,-0.040753301881779676,1.9466878143958866,3.07440776076362,2.228617800988375,1.754909858400211,-50.50941627352225
2026-04-15T14:35:20.974,4.003114700503033,4.004919052417222,4.003565788481581,4.00280785577344,-0.040753301881779676,1.9466878143958866,3.07440776076362,2.228617800988375,1.754909858400211,-50.50941627352225
2026-04-15T14:35:21.077,4.003114700503033,4.004919052417222,4.003565788481581,4.00280785577344,-0.040753301881779676,1.9466878143958866,3.07440776076362,2.228617800988375,1.754909858400211,-50.50941627352225
2026-04-15T14:35:21.187,4.003051757994399,4.004764318750162,4.0043106081670885,4.003403187000941,-0.03655100661137991,1.9073487464993377,2.9776992188512708,2.6941301044303145,2.126991875588402,-50.45688758264225
2026-04-15T14:35:21.304,4.003051757994399,4.004764318750162,4.0043106081670885,4.003403187000941,-0.03655100661137991,1.9073487464993377,2.9776992188512708,2.6941301044303145,2.126991875588402,-50.45688758264225
2026-04-15T14:35:21.411,4.003051757994399,4.004764318750162,4.0043106081670885,4.003403187000941,-0.03655100661137991,1.9073487464993377,2.9776992188512708,2.6941301044303145,2.126991875588402,-50.45688758264225
2026-04-15T14:35:21.523,4.0032956602153575,4.005412102068192,4.004009008646548,4.00322747249767,-0.03175122860111289,2.0597876345984645,3.3825637926199192,2.5056304040926847,2.01717031104387,-50.39689035751391
2026-04-15T14:35:21.632,4.0032956602153575,4.005412102068192,4.004009008646548,4.00322747249767,-0.03175122860111289,2.0597876345984645,3.3825637926199192,2.5056304040926847,2.01717031104387,-50.39689035751391
2026-04-15T14:35:21.732,4.0032956602153575,4.005412102068192,4.004009008646548,4.00322747249767,-0.03175122860111289,2.0597876345984645,3.3825637926199192,2.5056304040926847,2.01717031104387,-50.39689035751391
2026-04-15T14:35:21.855,4.003432035650733,4.005160332033654,4.0037939550753805,4.003327131469675,-0.035724488821230194,2.1450222817082087,3.225207521033724,2.3712219221128095,2.079457168546739,-50.44655611026537
2026-04-15T14:35:21.958,4.003432035650733,4.005160332033654,4.0037939550753805,4.003327131469675,-0.035724488821230194,2.1450222817082087,3.225207521033724,2.3712219221128095,2.079457168546739,-50.44655611026537
2026-04-15T14:35:22.067,4.003432035650733,4.005160332033654,4.0037939550753805,4.003327131469675,-0.035724488821230194,2.1450222817082087,3.225207521033724,2.3712219221128095,2.079457168546739,-50.44655611026537
2026-04-15T14:35:22.176,4.003177643011668,4.005136728592916,4.00372052214864,4.002870798282075,-0.0313877599343603,1.9860268822924354,3.210455370572518,2.325326342900169,1.7942489262967598,-50.3923469991795
2026-04-15T14:35:22.285,4.003177643011668,4.005136728592916,4.00372052214864,4.002870798282075,-0.0313877599343603,1.9860268822924354,3.210455370572518,2.325326342900169,1.7942489262967598,-50.3923469991795
2026-04-15T14:35:22.394,4.003177643011668,4.005136728592916,4.00372052214864,4.002870798282075,-0.0313877599343603,1.9860268822924354,3.210455370572518,2.325326342900169,1.7942489262967598,-50.3923469991795
2026-04-15T14:35:22.503,4.003943443533387,4.005005598366594,4.004155874500029,4.002773761914597,-0.03656594367987659,2.464652208367113,3.1284989791213746,2.5974215625179653,1.7336011966229137,-50.45707429599846
2026-04-15T14:35:22.618,4.003943443533387,4.005005598366594,4.004155874500029,4.002773761914597,-0.03656594367987659,2.464652208367113,3.1284989791213746,2.5974215625179653,1.7336011966229137,-50.45707429599846
2026-04-15T14:35:22.723,4.003943443533387,4.005005598366594,4.004155874500029,4.002773761914597,-0.03656594367987659,2.464652208367113,3.1284989791213746,2.5974215625179653,1.7336011966229137,-50.45707429599846
2026-04-15T14:35:22.830,4.002891779118286,4.005527496667355,4.004575491224259,4.002813100982493,-0.03831855971682057,1.8073619489289428,3.4546854170969254,2.8596820151616242,1.7581881140582567,-50.47898199646026
2026-04-15T14:35:22.939,4.002891779118286,4.005527496667355,4.004575491224259,4.002813100982493,-0.03831855971682057,1.8073619489289428,3.4546854170969254,2.8596820151616242,1.7581881140582567,-50.47898199646026
2026-04-15T14:35:23.046,4.002891779118286,4.005527496667355,4.004575491224259,4.002813100982493,-0.03831855971682057,1.8073619489289428,3.4546854170969254,2.8596820151616242,1.7581881140582567,-50.47898199646026
2026-04-15T14:35:23.154,4.003618240572109,4.005029201807332,4.004127025850238,4.0032169820795644,-0.03671531436484341,2.2614003575682773,3.1432511295825805,2.5793911563987137,2.0106137997277784,-50.45894142956055
2026-04-15T14:35:23.264,4.003618240572109,4.005029201807332,4.004127025850238,4.0032169820795644,-0.03671531436484341,2.2614003575682773,3.1432511295825805,2.5793911563987137,2.0106137997277784,-50.45894142956055
2026-04-15T14:35:23.375,4.003618240572109,4.005029201807332,4.004127025850238,4.0032169820795644,-0.03671531436484341,2.2614003575682773,3.1432511295825805,2.5793911563987137,2.0106137997277784,-50.45894142956055
2026-04-15T14:35:23.486,4.00383853935233,4.0055720809443045,4.003961801765072,4.002902269536392,-0.02985422090203432,2.3990870952061982,3.482550590190314,2.476126103170273,1.8139184602450342,-50.373177761275436
2026-04-15T14:35:23.595,4.00383853935233,4.0055720809443045,4.003961801765072,4.002902269536392,-0.02985422090203432,2.3990870952061982,3.482550590190314,2.476126103170273,1.8139184602450342,-50.373177761275436
2026-04-15T14:35:23.705,4.00383853935233,4.0055720809443045,4.003961801765072,4.002902269536392,-0.02985422090203432,2.3990870952061982,3.482550590190314,2.476126103170273,1.8139184602450342,-50.373177761275436
2026-04-15T14:35:23.811,4.003434658255259,4.0054697993677735,4.003767729030116,4.003211736870512,-0.03537097820014207,2.1466614095366765,3.4186246048584223,2.354830643822581,2.0073355440697327,-50.442137227501775
2026-04-15T14:35:23.921,4.003434658255259,4.0054697993677735,4.003767729030116,4.003211736870512,-0.03537097820014207,2.1466614095366765,3.4186246048584223,2.354830643822581,2.0073355440697327,-50.442137227501775
2026-04-15T14:35:24.030,4.003434658255259,4.0054697993677735,4.003767729030116,4.003211736870512,-0.03537097820014207,2.1466614095366765,3.4186246048584223,2.354830643822581,2.0073355440697327,-50.442137227501775
2026-04-15T14:35:24.140,4.003182888220721,4.005642891266518,4.003807068098013,4.003067493621558,-0.03971766513267641,1.9893051379504811,3.5268070415739317,2.379417561257924,1.917183513473475,-50.49647081415846
2026-04-15T14:35:24.249,4.003182888220721,4.005642891266518,4.003807068098013,4.003067493621558,-0.03971766513267641,1.9893051379504811,3.5268070415739317,2.379417561257924,1.917183513473475,-50.49647081415846
2026-04-15T14:35:24.358,4.003182888220721,4.005642891266518,4.003807068098013,4.003067493621558,-0.03971766513267641,1.9893051379504811,3.5268070415739317,2.379417561257924,1.917183513473475,-50.49647081415846
2026-04-15T14:35:24.467,4.002642631688276,4.005191803287971,4.004001140832969,4.003093719666822,-0.0346639569579658,1.6516448051723254,3.2448770549819983,2.500713020605616,1.9335747917637036,-50.43329946197457
2026-04-15T14:35:24.576,4.002642631688276,4.005191803287971,4.004001140832969,4.003093719666822,-0.0346639569579658,1.6516448051723254,3.2448770549819983,2.500713020605616,1.9335747917637036,-50.43329946197457
2026-04-15T14:35:24.684,4.002642631688276,4.005191803287971,4.004001140832969,4.003093719666822,-0.0346639569579658,1.6516448051723254,3.2448770549819983,2.500713020605616,1.9335747917637036,-50.43329946197457
2026-04-15T14:35:24.793,4.002768516705544,4.0049111846036425,4.00394868874244,4.003544807645369,-0.028345576983869476,1.730322940964868,3.0694903772765514,2.4679304640251587,2.215504778355637,-50.35431971229837
2026-04-15T14:35:24.917,4.002768516705544,4.0049111846036425,4.00394868874244,4.003544807645369,-0.028345576983869476,1.730322940964868,3.0694903772765514,2.4679304640251587,2.215504778355637,-50.35431971229837
2026-04-15T14:35:25.014,4.002768516705544,4.0049111846036425,4.00394868874244,4.003544807645369,-0.028345576983869476,1.730322940964868,3.0694903772765514,2.4679304640251587,2.215504778355637,-50.35431971229837
2026-04-15T14:35:25.125,4.002621650852063,4.005149841615548,4.004113912827606,4.003101587480401,-0.025168960416908522,1.6385317825395873,3.2186510097176324,2.5711955172535994,1.9384921752507722,-50.31461200521136
2026-04-15T14:35:25.236,4.002621650852063,4.005149841615548,4.004113912827606,4.003101587480401,-0.025168960416908522,1.6385317825395873,3.2186510097176324,2.5711955172535994,1.9384921752507722,-50.31461200521136
2026-04-15T14:35:25.353,4.002621650852063,4.005149841615548,4.004113912827606,4.003101587480401,-0.025168960416908522,1.6385317825395873,3.2186510097176324,2.5711955172535994,1.9384921752507722,-50.31461200521136
2026-04-15T14:35:25.462,4.003473997323155,4.0046226981057345,4.004134893663817,4.002983570276712,-0.027280066097772854,2.1712483269720195,2.889186316084036,2.5843085398857824,1.8647314229447431,-50.34100082622216
2026-04-15T14:35:25.572,4.003473997323155,4.0046226981057345,4.004134893663817,4.002983570276712,-0.027280066097772854,2.1712483269720195,2.889186316084036,2.5843085398857824,1.8647314229447431,-50.34100082622216
2026-04-15T14:35:25.681,4.003473997323155,4.0046226981057345,4.004134893663817,4.002983570276712,-0.027280066097772854,2.1712483269720195,2.889186316084036,2.5843085398857824,1.8647314229447431,-50.34100082622216
2026-04-15T14:35:25.790,4.003088474457769,4.005084276502387,4.003890991442859,4.002409219885422,-0.016321236844040778,1.9302965361056579,3.1776728139920607,2.4318696517866556,1.505762428388735,-50.20401546055051
2026-04-15T14:35:25.901,4.003088474457769,4.005084276502387,4.003890991442859,4.002409219885422,-0.016321236844040778,1.9302965361056579,3.1776728139920607,2.4318696517866556,1.505762428388735,-50.20401546055051
2026-04-15T14:35:26.009,4.003088474457769,4.005084276502387,4.003890991442859,4.002409219885422,-0.016321236844040778,1.9302965361056579,3.1776728139920607,2.4318696517866556,1.505762428388735,-50.20401546055051
2026-04-15T14:35:26.117,4.003387451373783,4.004850864699534,4.003883123629279,4.003563165877054,-0.020204874653178,2.117157108614265,3.0317904372090254,2.426952268299587,2.226978673158797,-50.25256093316472
2026-04-15T14:35:26.226,4.003387451373783,4.004850864699534,4.003883123629279,4.003563165877054,-0.020204874653178,2.117157108614265,3.0317904372090254,2.426952268299587,2.226978673158797,-50.25256093316472
2026-04-15T14:35:26.335,4.003387451373783,4.004850864699534,4.003883123629279,4.003563165877054,-0.020204874653178,2.117157108614265,3.0317904372090254,2.426952268299587,2.226978673158797,-50.25256093316472
2026-04-15T14:35:26.442,4.0034189226281,4.004719734473213,4.003841161956856,4.002818346191546,-0.022296064242713427,2.1368266425625393,2.949834045757882,2.400726223035221,1.7614663697163024,-50.278700803033914
2026-04-15T14:35:26.549,4.0034189226281,4.004719734473213,4.003841161956856,4.002818346191546,-0.022296064242713427,2.1368266425625393,2.949834045757882,2.400726223035221,1.7614663697163024,-50.278700803033914
2026-04-15T14:35:26.659,4.0034189226281,4.004719734473213,4.003841161956856,4.002818346191546,-0.022296064242713427,2.1368266425625393,2.949834045757882,2.400726223035221,1.7614663697163024,-50.278700803033914
2026-04-15T14:35:26.767,4.003578901504213,4.0048770907448,4.003849029770436,4.002839327027758,-0.021603980069033843,2.2368134401329343,3.048181715499809,2.4056436065222897,1.7745793923484854,-50.270049750862924
2026-04-15T14:35:26.877,4.003578901504213,4.0048770907448,4.003849029770436,4.002839327027758,-0.021603980069033843,2.2368134401329343,3.048181715499809,2.4056436065222897,1.7745793923484854,-50.270049750862924
2026-04-15T14:35:26.986,4.003578901504213,4.0048770907448,4.003849029770436,4.002839327027758,-0.021603980069033843,2.2368134401329343,3.048181715499809,2.4056436065222897,1.7745793923484854,-50.270049750862924
2026-04-15T14:35:27.095,4.003243208124829,4.004822016049744,4.004381418489302,4.003384828769256,-0.010565486449986129,2.027005078018007,3.013760031089774,2.738386555813932,2.115517980785242,-50.132068580624825
2026-04-15T14:35:27.205,4.003243208124829,4.004822016049744,4.004381418489302,4.003384828769256,-0.010565486449986129,2.027005078018007,3.013760031089774,2.738386555813932,2.115517980785242,-50.132068580624825
2026-04-15T14:35:27.313,4.003243208124829,4.004822016049744,4.004381418489302,4.003384828769256,-0.010565486449986129,2.027005078018007,3.013760031089774,2.738386555813932,2.115517980785242,-50.132068580624825
2026-04-15T14:35:27.421,4.003615617967583,4.004966259298698,4.004378795884776,4.0027370454512265,-0.014842467062869298,2.2597612297392544,3.1039120616860316,2.736747427984909,1.7106534070165935,-50.185530838285864
2026-04-15T14:35:27.529,4.003615617967583,4.004966259298698,4.004378795884776,4.0027370454512265,-0.014842467062869298,2.2597612297392544,3.1039120616860316,2.736747427984909,1.7106534070165935,-50.185530838285864
2026-04-15T14:35:27.639,4.003615617967583,4.004966259298698,4.004378795884776,4.0027370454512265,-0.014842467062869298,2.2597612297392544,3.1039120616860316,2.736747427984909,1.7106534070165935,-50.185530838285864
2026-04-15T14:35:27.748,4.003376960955677,4.0051813128698655,4.003657579640006,4.0031514169664035,-0.014274858459995397,2.1106005972981734,3.238320543665907,2.2859872750036203,1.9696356040022067,-50.17843573074994
2026-04-15T14:35:27.856,4.003376960955677,4.0051813128698655,4.003657579640006,4.0031514169664035,-0.014274858459995397,2.1106005972981734,3.238320543665907,2.2859872750036203,1.9696356040022067,-50.17843573074994
2026-04-15T14:35:27.965,4.003376960955677,4.0051813128698655,4.003657579640006,4.0031514169664035,-0.014274858459995397,2.1106005972981734,3.238320543665907,2.2859872750036203,1.9696356040022067,-50.17843573074994
2026-04-15T14:35:28.088,4.003261566356514,4.00577402149284,4.004499435692992,4.0027344228467,-0.022579868544150374,2.038478972821167,3.608763433025075,2.812147308119961,1.7090142791875707,-50.28224835680189
2026-04-15T14:35:28.196,4.003261566356514,4.00577402149284,4.004499435692992,4.0027344228467,-0.022579868544150374,2.038478972821167,3.608763433025075,2.812147308119961,1.7090142791875707,-50.28224835680189
2026-04-15T14:35:28.305,4.003261566356514,4.00577402149284,4.004499435692992,4.0027344228467,-0.022579868544150374,2.038478972821167,3.608763433025075,2.812147308119961,1.7090142791875707,-50.28224835680189
2026-04-15T14:35:28.414,4.003028154553661,4.005766153679261,4.004116535432132,4.002839327027758,-0.019298692497712648,1.892596596038132,3.6038460495380065,2.5728346450826223,1.7745793923484854,-50.241233656221404
2026-04-15T14:35:28.522,4.003028154553661,4.005766153679261,4.004116535432132,4.002839327027758,-0.019298692497712648,1.892596596038132,3.6038460495380065,2.5728346450826223,1.7745793923484854,-50.241233656221404
2026-04-15T14:35:28.634,4.003028154553661,4.005766153679261,4.004116535432132,4.002839327027758,-0.019298692497712648,1.892596596038132,3.6038460495380065,2.5728346450826223,1.7745793923484854,-50.241233656221404
2026-04-15T14:35:28.742,4.003088474457769,4.005574703548831,4.003830671538751,4.0026767255471185,-0.013313907053375547,1.9302965361056579,3.484189718019337,2.3941697117191296,1.6729534669490675,-50.1664238381672
2026-04-15T14:35:28.851,4.003088474457769,4.005574703548831,4.003830671538751,4.0026767255471185,-0.013313907053375547,1.9302965361056579,3.484189718019337,2.3941697117191296,1.6729534669490675,-50.1664238381672
2026-04-15T14:35:28.960,4.003088474457769,4.005574703548831,4.003830671538751,4.0026767255471185,-0.013313907053375547,1.9302965361056579,3.484189718019337,2.3941697117191296,1.6729534669490675,-50.1664238381672
2026-04-15T14:35:29.066,4.002891779118286,4.004882335953852,4.003521204204631,4.003479242532208,-0.019846385009257637,1.8073619489289428,3.0514599711573,2.200752627894431,2.1745265826300653,-50.24807981261572
2026-04-15T14:35:29.169,4.002891779118286,4.004882335953852,4.003521204204631,4.003479242532208,-0.019846385009257637,1.8073619489289428,3.0514599711573,2.200752627894431,2.1745265826300653,-50.24807981261572
2026-04-15T14:35:29.280,4.002891779118286,4.004882335953852,4.003521204204631,4.003479242532208,-0.019846385009257637,1.8073619489289428,3.0514599711573,2.200752627894431,2.1745265826300653,-50.24807981261572
2026-04-15T14:35:29.396,4.003022909344608,4.005079031293334,4.003830671538751,4.003161907384509,-0.017590887666258714,1.8893183403800862,3.174394558334015,2.3941697117191296,1.9761921153182982,-50.21988609582824
2026-04-15T14:35:29.505,4.003022909344608,4.005079031293334,4.003830671538751,4.003161907384509,-0.017590887666258714,1.8893183403800862,3.174394558334015,2.3941697117191296,1.9761921153182982,-50.21988609582824
2026-04-15T14:35:29.615,4.003022909344608,4.005079031293334,4.003830671538751,4.003161907384509,-0.017590887666258714,1.8893183403800862,3.174394558334015,2.3941697117191296,1.9761921153182982,-50.21988609582824
2026-04-15T14:35:29.724,4.003177643011668,4.004919052417222,4.003959179160546,4.003185510825247,-0.02232095935687456,1.9860268822924354,3.07440776076362,2.47448697534125,1.990944265779504,-50.27901199196093
2026-04-15T14:35:29.832,4.003177643011668,4.004919052417222,4.003959179160546,4.003185510825247,-0.02232095935687456,1.9860268822924354,3.07440776076362,2.47448697534125,1.990944265779504,-50.27901199196093
2026-04-15T14:35:29.938,4.003177643011668,4.004919052417222,4.003959179160546,4.003185510825247,-0.02232095935687456,1.9860268822924354,3.07440776076362,2.47448697534125,1.990944265779504,-50.27901199196093
2026-04-15T14:35:30.054,4.003442526068838,4.005168199847233,4.0040221216691805,4.002750158473859,-0.017217460953841673,2.151578793023745,3.2301249045207925,2.513826043237799,1.7188490461617079,-50.21521826192302
2026-04-15T14:35:30.154,4.003442526068838,4.005168199847233,4.0040221216691805,4.002750158473859,-0.017217460953841673,2.151578793023745,3.2301249045207925,2.513826043237799,1.7188490461617079,-50.21521826192302
2026-04-15T14:35:30.266,4.003442526068838,4.005168199847233,4.0040221216691805,4.002750158473859,-0.017217460953841673,2.151578793023745,3.2301249045207925,2.513826043237799,1.7188490461617079,-50.21521826192302
2026-04-15T14:35:30.374,4.00277113931007,4.005031824411859,4.004376173280249,4.002897024327339,-0.02554238712932556,1.7319620687938908,3.1448902574116033,2.7351083001558862,1.8106402045869885,-50.31927983911657
2026-04-15T14:35:30.483,4.00277113931007,4.005031824411859,4.004376173280249,4.002897024327339,-0.02554238712932556,1.7319620687938908,3.1448902574116033,2.7351083001558862,1.8106402045869885,-50.31927983911657
2026-04-15T14:35:30.591,4.00277113931007,4.005031824411859,4.004376173280249,4.002897024327339,-0.02554238712932556,1.7319620687938908,3.1448902574116033,2.7351083001558862,1.8106402045869885,-50.31927983911657
2026-04-15T14:35:30.700,4.003466129509576,4.004819393445217,4.00402998948276,4.002986192881238,-0.023759896955388222,2.166330943484951,3.012120903260751,2.5187434267248676,1.866370550773766,-50.29699871194235
2026-04-15T14:35:30.810,4.003466129509576,4.004819393445217,4.00402998948276,4.002986192881238,-0.023759896955388222,2.166330943484951,3.012120903260751,2.5187434267248676,1.866370550773766,-50.29699871194235
2026-04-15T14:35:30.920,4.003466129509576,4.004819393445217,4.00402998948276,4.002986192881238,-0.023759896955388222,2.166330943484951,3.012120903260751,2.5187434267248676,1.866370550773766,-50.29699871194235
2026-04-15T14:35:31.028,4.003411054814521,4.005113125152178,4.004027366878234,4.002813100982493,-0.02603033136688383,2.1319092590754707,3.1957032201113122,2.5171042988964,1.7581881140582567,-50.32537914208605
2026-04-15T14:35:31.153,4.003411054814521,4.005113125152178,4.004027366878234,4.002813100982493,-0.02603033136688383,2.1319092590754707,3.1957032201113122,2.5171042988964,1.7581881140582567,-50.32537914208605
2026-04-15T14:35:31.261,4.003411054814521,4.005113125152178,4.004027366878234,4.002813100982493,-0.02603033136688383,2.1319092590754707,3.1957032201113122,2.5171042988964,1.7581881140582567,-50.32537914208605
2026-04-15T14:35:31.371,4.003531694622737,4.005202293706077,4.003833294143277,4.0030491353898725,-0.01945802122834392,2.2073091392105226,3.2514335662980898,2.3958088395481525,1.9057096186703149,-50.2432252653543
2026-04-15T14:35:31.480,4.003531694622737,4.005202293706077,4.003833294143277,4.0030491353898725,-0.01945802122834392,2.2073091392105226,3.2514335662980898,2.3958088395481525,1.9057096186703149,-50.2432252653543
2026-04-15T14:35:31.576,4.003531694622737,4.005202293706077,4.003833294143277,4.0030491353898725,-0.01945802122834392,2.2073091392105226,3.2514335662980898,2.3958088395481525,1.9057096186703149,-50.2432252653543
2026-04-15T14:35:31.685,4.003366470537571,4.005422592486298,4.004195213567925,4.002603292620378,-0.021091140717314442,2.104044085982082,3.3891203039360107,2.6220084799533083,1.6270578877364272,-50.26363925896643
2026-04-15T14:35:31.808,4.003366470537571,4.005422592486298,4.004195213567925,4.002603292620378,-0.021091140717314442,2.104044085982082,3.3891203039360107,2.6220084799533083,1.6270578877364272,-50.26363925896643
2026-04-15T14:35:31.922,4.003366470537571,4.005422592486298,4.004195213567925,4.002603292620378,-0.021091140717314442,2.104044085982082,3.3891203039360107,2.6220084799533083,1.6270578877364272,-50.26363925896643
2026-04-15T14:35:32.012,4.002899646931866,4.004856109908587,4.004297495144456,4.002663612524486,-0.027633576718860985,1.8122793324160114,3.035068692867071,2.6859344652852,1.6647578278039532,-50.34541970898576
2026-04-15T14:35:32.136,4.002899646931866,4.004856109908587,4.004297495144456,4.002663612524486,-0.027633576718860985,1.8122793324160114,3.035068692867071,2.6859344652852,1.6647578278039532,-50.34541970898576
2026-04-15T14:35:32.231,4.002899646931866,4.004856109908587,4.004297495144456,4.002663612524486,-0.027633576718860985,1.8122793324160114,3.035068692867071,2.6859344652852,1.6647578278039532,-50.34541970898576
2026-04-15T14:35:32.340,4.003403187000941,4.004685640614369,4.004037857296339,4.0029888154857645,-0.03202507485688538,2.126991875588402,2.9285253839805847,2.5236608102119362,1.8680096786027889,-50.40031343571106
2026-04-15T14:35:32.464,4.003403187000941,4.004685640614369,4.004037857296339,4.0029888154857645,-0.03202507485688538,2.126991875588402,2.9285253839805847,2.5236608102119362,1.8680096786027889,-50.40031343571106
2026-04-15T14:35:32.573,4.003403187000941,4.004685640614369,4.004037857296339,4.0029888154857645,-0.03202507485688538,2.126991875588402,2.9285253839805847,2.5236608102119362,1.8680096786027889,-50.40031343571106
2026-04-15T14:35:32.683,4.003411054814521,4.004774809168268,4.003586769317792,4.002556085738902,-0.02588593970474924,2.1319092590754707,2.9842557301673622,2.241730823620003,1.5975535868140156,-50.32357424630936
2026-04-15T14:35:32.789,4.003411054814521,4.004774809168268,4.003586769317792,4.002556085738902,-0.02588593970474924,2.1319092590754707,2.9842557301673622,2.241730823620003,1.5975535868140156,-50.32357424630936
2026-04-15T14:35:32.896,4.003411054814521,4.004774809168268,4.003586769317792,4.002556085738902,-0.02588593970474924,2.1319092590754707,2.9842557301673622,2.241730823620003,1.5975535868140156,-50.32357424630936
2026-04-15T14:35:32.998,4.003098964875875,4.005021333993753,4.003395319187362,4.002931118186183,-0.032607620528255964,1.9368530474217494,3.138333746095512,2.1220744921013335,1.8319488663642858,-50.4075952566032
2026-04-15T14:35:33.114,4.003098964875875,4.005021333993753,4.003395319187362,4.002931118186183,-0.032607620528255964,1.9368530474217494,3.138333746095512,2.1220744921013335,1.8319488663642858,-50.4075952566032
2026-04-15T14:35:33.224,4.003098964875875,4.005021333993753,4.003395319187362,4.002931118186183,-0.032607620528255964,1.9368530474217494,3.138333746095512,2.1220744921013335,1.8319488663642858,-50.4075952566032
2026-04-15T14:35:33.332,4.002878666095654,4.005160332033654,4.003623485781162,4.002291202681732,-0.025627030517473424,1.7991663097838284,3.225207521033724,2.264678613226323,1.432001676082706,-50.32033788146841
2026-04-15T14:35:33.435,4.002878666095654,4.005160332033654,4.003623485781162,4.002291202681732,-0.025627030517473424,1.7991663097838284,3.225207521033724,2.264678613226323,1.432001676082706,-50.32033788146841
2026-04-15T14:35:33.556,4.002878666095654,4.005160332033654,4.003623485781162,4.002291202681732,-0.025627030517473424,1.7991663097838284,3.225207521033724,2.264678613226323,1.432001676082706,-50.32033788146841
2026-04-15T14:35:33.662,4.003329754074201,4.0047249796822655,4.0037939550753805,4.003508091181999,-0.026413716124965323,2.0810962963757618,2.9531123014159277,2.3712219221128095,2.192556988749317,-50.330171451562066
2026-04-15T14:35:33.775,4.003329754074201,4.0047249796822655,4.0037939550753805,4.003508091181999,-0.026413716124965323,2.0810962963757618,2.9531123014159277,2.3712219221128095,2.192556988749317,-50.330171451562066
2026-04-15T14:35:33.879,4.003329754074201,4.0047249796822655,4.0037939550753805,4.003508091181999,-0.026413716124965323,2.0810962963757618,2.9531123014159277,2.3712219221128095,2.192556988749317,-50.330171451562066
2026-04-15T14:35:33.987,4.003807068098013,4.005107879943125,4.00414013887287,4.002162695059937,-0.02371508574989818,2.379417561257924,3.1924249644532665,2.587586795543828,1.3516844124605853,-50.29643857187372
2026-04-15T14:35:34.097,4.003807068098013,4.005107879943125,4.00414013887287,4.002162695059937,-0.02371508574989818,2.379417561257924,3.1924249644532665,2.587586795543828,1.3516844124605853,-50.29643857187372
2026-04-15T14:35:34.203,4.003807068098013,4.005107879943125,4.00414013887287,4.002162695059937,-0.02371508574989818,2.379417561257924,3.1924249644532665,2.587586795543828,1.3516844124605853,-50.29643857187372
2026-04-15T14:35:34.315,4.003518581600105,4.005372763000295,4.003662824849059,4.0036077501540035,-0.0219624697129542,2.1991135000654083,3.357976875184576,2.289265530661666,2.254843846252186,-50.274530871411926
2026-04-15T14:35:34.424,4.003518581600105,4.005372763000295,4.003662824849059,4.0036077501540035,-0.0219624697129542,2.1991135000654083,3.357976875184576,2.289265530661666,2.254843846252186,-50.274530871411926
2026-04-15T14:35:34.533,4.003518581600105,4.005372763000295,4.003662824849059,4.0036077501540035,-0.0219624697129542,2.1991135000654083,3.357976875184576,2.289265530661666,2.254843846252186,-50.274530871411926
2026-04-15T14:35:34.642,4.003817558516118,4.005600929594095,4.003809690702539,4.002655744710907,-0.03300594235483414,2.3859740725740153,3.5005809963095658,2.3810566890869467,1.6598404443168846,-50.41257427943543
2026-04-15T14:35:34.750,4.003817558516118,4.005600929594095,4.003809690702539,4.002655744710907,-0.03300594235483414,2.3859740725740153,3.5005809963095658,2.3810566890869467,1.6598404443168846,-50.41257427943543
2026-04-15T14:35:34.874,4.003817558516118,4.005600929594095,4.003809690702539,4.002655744710907,-0.03300594235483414,2.3859740725740153,3.5005809963095658,2.3810566890869467,1.6598404443168846,-50.41257427943543
2026-04-15T14:35:34.968,4.0033192636560955,4.005682230334415,4.004415512348147,4.003077984039663,-0.032219256747342245,2.0745397850596703,3.5513939590092747,2.7596952175917844,1.9237400247895664,-50.40274070934178
2026-04-15T14:35:35.084,4.0033192636560955,4.005682230334415,4.004415512348147,4.003077984039663,-0.032219256747342245,2.0745397850596703,3.5513939590092747,2.7596952175917844,1.9237400247895664,-50.40274070934178
2026-04-15T14:35:35.186,4.0033192636560955,4.005682230334415,4.004415512348147,4.003077984039663,-0.032219256747342245,2.0745397850596703,3.5513939590092747,2.7596952175917844,1.9237400247895664,-50.40274070934178
2026-04-15T14:35:35.308,4.00369954131243,4.005669117311783,4.003597259735898,4.002876043491128,-0.018482132753227385,2.3122133202685413,3.5431983198641603,2.2482873349360943,1.7975271819548055,-50.23102665941535
2026-04-15T14:35:35.418,4.00369954131243,4.005669117311783,4.003597259735898,4.002876043491128,-0.018482132753227385,2.3122133202685413,3.5431983198641603,2.2482873349360943,1.7975271819548055,-50.23102665941535
2026-04-15T14:35:35.528,4.00369954131243,4.005669117311783,4.003597259735898,4.002876043491128,-0.018482132753227385,2.3122133202685413,3.5431983198641603,2.2482873349360943,1.7975271819548055,-50.23102665941535
2026-04-15T14:35:35.637,4.003182888220721,4.004279136912771,4.003817558516118,4.0034818651367345,-0.02576146413394356,1.9893051379504811,2.67446057048204,2.3859740725740153,2.176165710459088,-50.3220183016743
2026-04-15T14:35:35.747,4.003182888220721,4.004279136912771,4.003817558516118,4.0034818651367345,-0.02576146413394356,1.9893051379504811,2.67446057048204,2.3859740725740153,2.176165710459088,-50.3220183016743
2026-04-15T14:35:35.857,4.003182888220721,4.004279136912771,4.003817558516118,4.0034818651367345,-0.02576146413394356,1.9893051379504811,2.67446057048204,2.3859740725740153,2.176165710459088,-50.3220183016743
2026-04-15T14:35:35.966,4.003222227288617,4.004735470100371,4.003982782601284,4.003125190921139,-0.03345903343256682,2.013892055385824,2.959668812732019,2.489239125802456,1.953244325711978,-50.418237917907085
2026-04-15T14:35:36.074,4.003222227288617,4.004735470100371,4.003982782601284,4.003125190921139,-0.03345903343256682,2.013892055385824,2.959668812732019,2.489239125802456,1.953244325711978,-50.418237917907085
2026-04-15T14:35:36.184,4.003222227288617,4.004735470100371,4.003982782601284,4.003125190921139,-0.03345903343256682,2.013892055385824,2.959668812732019,2.489239125802456,1.953244325711978,-50.418237917907085
2026-04-15T14:35:36.308,4.003127813525666,4.004981994925856,4.0039381983243345,4.002876043491128,-0.02637886296513973,1.954883453541001,3.113746828660169,2.4613739527090672,1.7975271819548055,-50.329735787064244
2026-04-15T14:35:36.415,4.003127813525666,4.004981994925856,4.0039381983243345,4.002876043491128,-0.02637886296513973,1.954883453541001,3.113746828660169,2.4613739527090672,1.7975271819548055,-50.329735787064244
2026-04-15T14:35:36.525,4.003127813525666,4.004981994925856,4.0039381983243345,4.002876043491128,-0.02637886296513973,1.954883453541001,3.113746828660169,2.4613739527090672,1.7975271819548055,-50.329735787064244
2026-04-15T14:35:36.634,4.003311395842516,4.005425215090824,4.00391197227907,4.0031514169664035,-0.027474247988229717,2.0696224015726017,3.3907594317650336,2.4449826744188385,1.9696356040022067,-50.34342809985287
2026-04-15T14:35:36.745,4.003311395842516,4.005425215090824,4.00391197227907,4.0031514169664035,-0.027474247988229717,2.0696224015726017,3.3907594317650336,2.4449826744188385,1.9696356040022067,-50.34342809985287
2026-04-15T14:35:36.853,4.003311395842516,4.005425215090824,4.00391197227907,4.0031514169664035,-0.027474247988229717,2.0696224015726017,3.3907594317650336,2.4449826744188385,1.9696356040022067,-50.34342809985287
2026-04-15T14:35:36.961,4.00330090542441,4.005246877983026,4.003717899544114,4.003248453333882,-0.037238111762227265,2.06306589025651,3.2792987393914785,2.3236872150711463,2.030283333676053,-50.46547639702784
2026-04-15T14:35:37.069,4.00330090542441,4.005246877983026,4.003717899544114,4.003248453333882,-0.037238111762227265,2.06306589025651,3.2792987393914785,2.3236872150711463,2.030283333676053,-50.46547639702784
2026-04-15T14:35:37.178,4.00330090542441,4.005246877983026,4.003717899544114,4.003248453333882,-0.037238111762227265,2.06306589025651,3.2792987393914785,2.3236872150711463,2.030283333676053,-50.46547639702784
2026-04-15T14:35:37.287,4.00338220616473,4.005262613610185,4.0041060450140264,4.003261566356514,-0.027678387924351032,2.113878852956219,3.2891335063656157,2.566278133766531,2.038478972821167,-50.34597984905439
2026-04-15T14:35:37.397,4.00338220616473,4.005262613610185,4.0041060450140264,4.003261566356514,-0.027678387924351032,2.113878852956219,3.2891335063656157,2.566278133766531,2.038478972821167,-50.34597984905439
2026-04-15T14:35:37.507,4.00338220616473,4.005262613610185,4.0041060450140264,4.003261566356514,-0.027678387924351032,2.113878852956219,3.2891335063656157,2.566278133766531,2.038478972821167,-50.34597984905439
2026-04-15T14:35:37.616,4.003285169797252,4.005404234254613,4.003851652374962,4.003327131469675,-0.02239066567652574,2.053231123282373,3.3776464091328506,2.4072827343513126,2.079457168546739,-50.27988332095658
2026-04-15T14:35:37.726,4.003285169797252,4.005404234254613,4.003851652374962,4.003327131469675,-0.02239066567652574,2.053231123282373,3.3776464091328506,2.4072827343513126,2.079457168546739,-50.27988332095658
2026-04-15T14:35:37.836,4.003285169797252,4.005404234254613,4.003851652374962,4.003327131469675,-0.02239066567652574,2.053231123282373,3.3776464091328506,2.4072827343513126,2.079457168546739,-50.27988332095658
2026-04-15T14:35:37.945,4.003689050894323,4.005422592486298,4.004087686782342,4.0029625894405,-0.019343503703202692,2.3056568089518947,3.3891203039360107,2.554804238963926,1.8516184003125602,-50.24179379629003
2026-04-15T14:35:38.054,4.003689050894323,4.005422592486298,4.004087686782342,4.0029625894405,-0.019343503703202692,2.3056568089518947,3.3891203039360107,2.554804238963926,1.8516184003125602,-50.24179379629003
2026-04-15T14:35:38.162,4.003689050894323,4.005422592486298,4.004087686782342,4.0029625894405,-0.019343503703202692,2.3056568089518947,3.3891203039360107,2.554804238963926,1.8516184003125602,-50.24179379629003
2026-04-15T14:35:38.270,4.003135681339245,4.0051813128698655,4.00376510642559,4.002986192881238,-0.014991837747836115,1.9598008370280695,3.238320543665907,2.353191515993558,1.866370550773766,-50.18739797184794
2026-04-15T14:35:38.378,4.003135681339245,4.0051813128698655,4.00376510642559,4.002986192881238,-0.014991837747836115,1.9598008370280695,3.238320543665907,2.353191515993558,1.866370550773766,-50.18739797184794
2026-04-15T14:35:38.488,4.003135681339245,4.0051813128698655,4.00376510642559,4.002986192881238,-0.014991837747836115,1.9598008370280695,3.238320543665907,2.353191515993558,1.866370550773766,-50.18739797184794
2026-04-15T14:35:38.611,4.003434658255259,4.0050554278525965,4.004488945274886,4.002894401722813,-0.024710890316343617,2.1466614095366765,3.159642407872809,2.8055907968038696,1.8090010767579656,-50.3088861289543
2026-04-15T14:35:38.706,4.003434658255259,4.0050554278525965,4.004488945274886,4.002894401722813,-0.024710890316343617,2.1466614095366765,3.159642407872809,2.8055907968038696,1.8090010767579656,-50.3088861289543
2026-04-15T14:35:38.815,4.003434658255259,4.0050554278525965,4.004488945274886,4.002894401722813,-0.024710890316343617,2.1466614095366765,3.159642407872809,2.8055907968038696,1.8090010767579656,-50.3088861289543
2026-04-15T14:35:38.923,4.003626108385689,4.004651546755525,4.0045807364333115,4.002799987959861,-0.020443867749124902,2.266317741055901,2.9072167222032874,2.86296027081967,1.7499924749131424,-50.25554834686407
2026-04-15T14:35:39.030,4.003626108385689,4.004651546755525,4.0045807364333115,4.002799987959861,-0.020443867749124902,2.266317741055901,2.9072167222032874,2.86296027081967,1.7499924749131424,-50.25554834686407
2026-04-15T14:35:39.138,4.003626108385689,4.004651546755525,4.0045807364333115,4.002799987959861,-0.020443867749124902,2.266317741055901,2.9072167222032874,2.86296027081967,1.7499924749131424,-50.25554834686407
2026-04-15T14:35:39.248,4.002933740790709,4.005320310909767,4.003943443533387,4.003369093142098,-0.02026960194999695,1.8335879941933086,3.325194318604119,2.464652208367113,2.105683213811105,-50.253370024374966
2026-04-15T14:35:39.357,4.002933740790709,4.005320310909767,4.003943443533387,4.003369093142098,-0.02026960194999695,1.8335879941933086,3.325194318604119,2.464652208367113,2.105683213811105,-50.253370024374966
2026-04-15T14:35:39.466,4.002933740790709,4.005320310909767,4.003943443533387,4.003369093142098,-0.02026960194999695,1.8335879941933086,3.325194318604119,2.464652208367113,2.105683213811105,-50.253370024374966
2026-04-15T14:35:39.575,4.004053592923498,4.005005598366594,4.003450393882417,4.002681970756171,-0.02509925409725734,2.5334955771860734,3.1284989791213746,2.1564961765108137,1.6762317226071133,-50.313740676215716
2026-04-15T14:35:39.683,4.004053592923498,4.005005598366594,4.003450393882417,4.002681970756171,-0.02509925409725734,2.5334955771860734,3.1284989791213746,2.1564961765108137,1.6762317226071133,-50.313740676215716
2026-04-15T14:35:39.793,4.004053592923498,4.005005598366594,4.003450393882417,4.002681970756171,-0.02509925409725734,2.5334955771860734,3.1284989791213746,2.1564961765108137,1.6762317226071133,-50.313740676215716
2026-04-15T14:35:39.902,4.00235939039942,4.005422592486298,4.003497600763893,4.0030910970622955,-0.021429714269905892,1.4746189996373005,3.3891203039360107,2.1860004774332253,1.9319356639346807,-50.26787142837382
2026-04-15T14:35:40.026,4.00235939039942,4.005422592486298,4.003497600763893,4.0030910970622955,-0.021429714269905892,1.4746189996373005,3.3891203039360107,2.1860004774332253,1.9319356639346807,-50.26787142837382
2026-04-15T14:35:40.136,4.00235939039942,4.005422592486298,4.003497600763893,4.0030910970622955,-0.021429714269905892,1.4746189996373005,3.3891203039360107,2.1860004774332253,1.9319356639346807,-50.26787142837382
2026-04-15T14:35:40.243,4.001876831166555,4.004919052417222,4.003749370798431,4.0030910970622955,-0.021798161959490702,1.1730194790970927,3.07440776076362,2.3433567490194207,1.9319356639346807,-50.27247702449363
2026-04-15T14:35:40.352,4.001876831166555,4.004919052417222,4.003749370798431,4.0030910970622955,-0.021798161959490702,1.1730194790970927,3.07440776076362,2.3433567490194207,1.9319356639346807,-50.27247702449363
2026-04-15T14:35:40.462,4.001876831166555,4.004919052417222,4.003749370798431,4.0030910970622955,-0.021798161959490702,1.1730194790970927,3.07440776076362,2.3433567490194207,1.9319356639346807,-50.27247702449363
2026-04-15T14:35:40.570,4.002907514745445,4.005246877983026,4.003830671538751,4.002891779118286,-0.024516708425886758,1.81719671590308,3.2792987393914785,2.3941697117191296,1.8073619489289428,-50.30645885532359
2026-04-15T14:35:40.679,4.002907514745445,4.005246877983026,4.003830671538751,4.002891779118286,-0.024516708425886758,1.81719671590308,3.2792987393914785,2.3941697117191296,1.8073619489289428,-50.30645885532359
2026-04-15T14:35:40.788,4.002907514745445,4.005246877983026,4.003830671538751,4.002891779118286,-0.024516708425886758,1.81719671590308,3.2792987393914785,2.3941697117191296,1.8073619489289428,-50.30645885532359
2026-04-15T14:35:40.896,4.003581524108739,4.005197048497024,4.003849029770436,4.0029468538133415,-0.02567184172296347,2.238452567961957,3.248155310640044,2.4056436065222897,1.841783633338423,-50.32089802153704
2026-04-15T14:35:41.006,4.003581524108739,4.005197048497024,4.003849029770436,4.0029468538133415,-0.02567184172296347,2.238452567961957,3.248155310640044,2.4056436065222897,1.841783633338423,-50.32089802153704
2026-04-15T14:35:41.115,4.003581524108739,4.005197048497024,4.003849029770436,4.0029468538133415,-0.02567184172296347,2.238452567961957,3.248155310640044,2.4056436065222897,1.841783633338423,-50.32089802153704
2026-04-15T14:35:41.224,4.003180265616194,4.005194425892498,4.003927707906229,4.002608537829431,-0.03435525754236771,1.9876660101214583,3.246516182811021,2.4548174413929758,1.630336143394473,-50.4294407192796
2026-04-15T14:35:41.334,4.003180265616194,4.005194425892498,4.003927707906229,4.002608537829431,-0.03435525754236771,1.9876660101214583,3.246516182811021,2.4548174413929758,1.630336143394473,-50.4294407192796
2026-04-15T14:35:41.443,4.003180265616194,4.005194425892498,4.003927707906229,4.002608537829431,-0.03435525754236771,1.9876660101214583,3.246516182811021,2.4548174413929758,1.630336143394473,-50.4294407192796
2026-04-15T14:35:41.552,4.003311395842516,4.005349159559557,4.004024744273707,4.002427578117107,-0.021419756224241436,2.0696224015726017,3.3432247247233704,2.515465171066822,1.517236323191895,-50.267746952803016
2026-04-15T14:35:41.660,4.003311395842516,4.005349159559557,4.004024744273707,4.002427578117107,-0.021419756224241436,2.0696224015726017,3.3432247247233704,2.515465171066822,1.517236323191895,-50.267746952803016
2026-04-15T14:35:41.769,4.003311395842516,4.005349159559557,4.004024744273707,4.002427578117107,-0.021419756224241436,2.0696224015726017,3.3432247247233704,2.515465171066822,1.517236323191895,-50.267746952803016
2026-04-15T14:35:41.878,4.003508091181999,4.00554585489904,4.004347324630459,4.003127813525666,-0.028345576983869476,2.192556988749317,3.4661593119000855,2.7170778940366347,1.954883453541001,-50.35431971229837
2026-04-15T14:35:41.988,4.003508091181999,4.00554585489904,4.004347324630459,4.003127813525666,-0.028345576983869476,2.192556988749317,3.4661593119000855,2.7170778940366347,1.954883453541001,-50.35431971229837
2026-04-15T14:35:42.097,4.003508091181999,4.00554585489904,4.004347324630459,4.003127813525666,-0.028345576983869476,2.192556988749317,3.4661593119000855,2.7170778940366347,1.954883453541001,-50.35431971229837
2026-04-15T14:35:42.205,4.003104210084929,4.004997730553016,4.004273891703718,4.003340244492307,-0.02346115558545459,1.9401313030803502,3.123581595634861,2.6711823148239944,2.0876528076918532,-50.293264444818185
2026-04-15T14:35:42.315,4.003104210084929,4.004997730553016,4.004273891703718,4.003340244492307,-0.02346115558545459,1.9401313030803502,3.123581595634861,2.6711823148239944,2.0876528076918532,-50.293264444818185
2026-04-15T14:35:42.424,4.003104210084929,4.004997730553016,4.004273891703718,4.003340244492307,-0.02346115558545459,1.9401313030803502,3.123581595634861,2.6711823148239944,2.0876528076918532,-50.293264444818185
2026-04-15T14:35:42.532,4.00338220616473,4.004722357077739,4.00414013887287,4.002973079858606,-0.02093181198668317,2.113878852956219,2.951473173586905,2.587586795543828,1.8581749116286517,-50.26164764983354
2026-04-15T14:35:42.642,4.00338220616473,4.004722357077739,4.00414013887287,4.002973079858606,-0.02093181198668317,2.113878852956219,2.951473173586905,2.587586795543828,1.8581749116286517,-50.26164764983354
2026-04-15T14:35:42.750,4.00338220616473,4.004722357077739,4.00414013887287,4.002973079858606,-0.02093181198668317,2.113878852956219,2.951473173586905,2.587586795543828,1.8581749116286517,-50.26164764983354
2026-04-15T14:35:42.859,4.0038359167478035,4.005383253418401,4.003872633211174,4.002944231208815,-0.029346360573147146,2.3974479673771754,3.3645333865006677,2.4203957569834955,1.8401445055094001,-50.36682950716433
2026-04-15T14:35:42.969,4.0038359167478035,4.005383253418401,4.003872633211174,4.002944231208815,-0.029346360573147146,2.3974479673771754,3.3645333865006677,2.4203957569834955,1.8401445055094001,-50.36682950716433
2026-04-15T14:35:43.079,4.0038359167478035,4.005383253418401,4.003872633211174,4.002944231208815,-0.029346360573147146,2.3974479673771754,3.3645333865006677,2.4203957569834955,1.8401445055094001,-50.36682950716433
2026-04-15T14:35:43.188,4.003565788481581,4.00493478804438,4.004483700065833,4.003741502984852,-0.02608510061803833,2.228617800988375,3.084242527737757,2.802312541145824,2.338439365532352,-50.32606375772548
2026-04-15T14:35:43.297,4.003565788481581,4.00493478804438,4.004483700065833,4.003741502984852,-0.02608510061803833,2.228617800988375,3.084242527737757,2.802312541145824,2.338439365532352,-50.32606375772548
2026-04-15T14:35:43.406,4.003565788481581,4.00493478804438,4.004483700065833,4.003741502984852,-0.02608510061803833,2.228617800988375,3.084242527737757,2.802312541145824,2.338439365532352,-50.32606375772548
2026-04-15T14:35:43.514,4.003555298063475,4.0050160887847,4.004530906947309,4.0026767255471185,-0.039284490146272645,2.2220612896717284,3.135055490437466,2.8318168420682355,1.6729534669490675,-50.491056126828404
2026-04-15T14:35:43.624,4.003555298063475,4.0050160887847,4.004530906947309,4.0026767255471185,-0.039284490146272645,2.2220612896717284,3.135055490437466,2.8318168420682355,1.6729534669490675,-50.491056126828404
2026-04-15T14:35:43.731,4.003555298063475,4.0050160887847,4.004530906947309,4.0026767255471185,-0.039284490146272645,2.2220612896717284,3.135055490437466,2.8318168420682355,1.6729534669490675,-50.491056126828404
2026-04-15T14:35:43.841,4.003363847933045,4.0049531462760655,4.003754616007484,4.002973079858606,-0.03464901988946912,2.102404958153059,3.0957164225409173,2.3466350046774664,1.8581749116286517,-50.43311274861837
2026-04-15T14:35:43.950,4.003363847933045,4.0049531462760655,4.003754616007484,4.002973079858606,-0.03464901988946912,2.102404958153059,3.0957164225409173,2.3466350046774664,1.8581749116286517,-50.43311274861837
2026-04-15T14:35:44.074,4.003363847933045,4.0049531462760655,4.003754616007484,4.002973079858606,-0.03464901988946912,2.102404958153059,3.0957164225409173,2.3466350046774664,1.8581749116286517,-50.43311274861837
2026-04-15T14:35:44.198,4.002959966835974,4.004987240134909,4.0038123133070656,4.002928495581656,-0.037920237890242396,1.8499792724835373,3.1170250843182146,2.3826958169159695,1.830309738535263,-50.47400297362803
2026-04-15T14:35:44.305,4.002959966835974,4.004987240134909,4.0038123133070656,4.002928495581656,-0.037920237890242396,1.8499792724835373,3.1170250843182146,2.3826958169159695,1.830309738535263,-50.47400297362803
2026-04-15T14:35:44.415,4.002959966835974,4.004987240134909,4.0038123133070656,4.002928495581656,-0.037920237890242396,1.8499792724835373,3.1170250843182146,2.3826958169159695,1.830309738535263,-50.47400297362803
2026-04-15T14:35:44.525,4.002886533909233,4.005443573322509,4.003846407165909,4.003020286740082,-0.03682485286715241,1.804083693270897,3.4022333265681937,2.404004478693267,1.8876792125510633,-50.460310660839404
2026-04-15T14:35:44.633,4.002886533909233,4.005443573322509,4.003846407165909,4.003020286740082,-0.03682485286715241,1.804083693270897,3.4022333265681937,2.404004478693267,1.8876792125510633,-50.460310660839404
2026-04-15T14:35:44.743,4.002886533909233,4.005443573322509,4.003846407165909,4.003020286740082,-0.03682485286715241,1.804083693270897,3.4022333265681937,2.404004478693267,1.8876792125510633,-50.460310660839404
2026-04-15T14:35:44.851,4.003293037610831,4.005204916310604,4.003788709866328,4.002752781078385,-0.031193578043903436,2.0581485067694416,3.2530726941276678,2.3679436664547637,1.7204881739907307,-50.38991972554879
2026-04-15T14:35:44.960,4.003293037610831,4.005204916310604,4.003788709866328,4.002752781078385,-0.031193578043903436,2.0581485067694416,3.2530726941276678,2.3679436664547637,1.7204881739907307,-50.38991972554879
2026-04-15T14:35:45.071,4.003293037610831,4.005204916310604,4.003788709866328,4.002752781078385,-0.031193578043903436,2.0581485067694416,3.2530726941276678,2.3679436664547637,1.7204881739907307,-50.38991972554879
2026-04-15T14:35:45.180,4.002936363395236,4.005270481423764,4.003662824849059,4.002571821366061,-0.03260264150542374,1.8352271220223315,3.2940508898526843,2.289265530661666,1.6073883537881528,-50.407533018817794
2026-04-15T14:35:45.289,4.002936363395236,4.005270481423764,4.003662824849059,4.002571821366061,-0.03260264150542374,1.8352271220223315,3.2940508898526843,2.289265530661666,1.6073883537881528,-50.407533018817794
2026-04-15T14:35:45.400,4.002936363395236,4.005270481423764,4.003662824849059,4.002571821366061,-0.03260264150542374,1.8352271220223315,3.2940508898526843,2.289265530661666,1.6073883537881528,-50.407533018817794
2026-04-15T14:35:45.510,4.00350022336842,4.005417347277245,4.003731012566746,4.0025744439705875,-0.03291631994385405,2.187639605262248,3.385842048277965,2.3318828542162606,1.6090274816171757,-50.411453999298175
2026-04-15T14:35:45.619,4.00350022336842,4.005417347277245,4.003731012566746,4.0025744439705875,-0.03291631994385405,2.187639605262248,3.385842048277965,2.3318828542162606,1.6090274816171757,-50.411453999298175
2026-04-15T14:35:45.729,4.00350022336842,4.005417347277245,4.003731012566746,4.0025744439705875,-0.03291631994385405,2.187639605262248,3.385842048277965,2.3318828542162606,1.6090274816171757,-50.411453999298175
2026-04-15T14:35:45.837,4.003287792401778,4.005218029333236,4.003822803725171,4.002705574196909,-0.03631699253826524,2.054870251111396,3.261268333272227,2.389252328232061,1.690983873068319,-50.453962406728316
2026-04-15T14:35:45.945,4.003287792401778,4.005218029333236,4.003822803725171,4.002705574196909,-0.03631699253826524,2.054870251111396,3.261268333272227,2.389252328232061,1.690983873068319,-50.453962406728316
2026-04-15T14:35:46.053,4.003287792401778,4.005218029333236,4.003822803725171,4.002705574196909,-0.03631699253826524,2.054870251111396,3.261268333272227,2.389252328232061,1.690983873068319,-50.453962406728316
2026-04-15T14:35:46.163,4.0032353403112495,4.0053858760229275,4.004158497104555,4.00277113931007,-0.03817914707751821,2.0220876945309385,3.3661725143296906,2.599060690346988,1.7319620687938908,-50.47723933846898
2026-04-15T14:35:46.270,4.0032353403112495,4.0053858760229275,4.004158497104555,4.00277113931007,-0.03817914707751821,2.0220876945309385,3.3661725143296906,2.599060690346988,1.7319620687938908,-50.47723933846898
2026-04-15T14:35:46.379,4.0032353403112495,4.0053858760229275,4.004158497104555,4.00277113931007,-0.03817914707751821,2.0220876945309385,3.3661725143296906,2.599060690346988,1.7319620687938908,-50.47723933846898
2026-04-15T14:35:46.487,4.003156662175456,4.005414724672718,4.004058838132551,4.00254297271627,-0.04483112158137375,1.9729138596602525,3.384202920448942,2.536773832844119,1.5893579476689013,-50.56038901976717
2026-04-15T14:35:46.596,4.003156662175456,4.005414724672718,4.004058838132551,4.00254297271627,-0.04483112158137375,1.9729138596602525,3.384202920448942,2.536773832844119,1.5893579476689013,-50.56038901976717
2026-04-15T14:35:46.705,4.003156662175456,4.005414724672718,4.004058838132551,4.00254297271627,-0.04483112158137375,1.9729138596602525,3.384202920448942,2.536773832844119,1.5893579476689013,-50.56038901976717
2026-04-15T14:35:46.814,4.003497600763893,4.005118370361231,4.004189968358872,4.003405809605468,-0.03644644713190314,2.1860004774332253,3.198981475769358,2.6187302242952626,2.128631003417425,-50.45558058914879
2026-04-15T14:35:46.924,4.003497600763893,4.005118370361231,4.004189968358872,4.003405809605468,-0.03644644713190314,2.1860004774332253,3.198981475769358,2.6187302242952626,2.128631003417425,-50.45558058914879
2026-04-15T14:35:47.033,4.003497600763893,4.005118370361231,4.004189968358872,4.003405809605468,-0.03644644713190314,2.1860004774332253,3.198981475769358,2.6187302242952626,2.128631003417425,-50.45558058914879
2026-04-15T14:35:47.141,4.002577066575114,4.005493402808511,4.003584146713266,4.002382993840158,-0.04045953953467827,1.6106666094461985,3.433376755319628,2.24009169579098,1.4893711500985063,-50.50574424418348
2026-04-15T14:35:47.249,4.002577066575114,4.005493402808511,4.003584146713266,4.002382993840158,-0.04045953953467827,1.6106666094461985,3.433376755319628,2.24009169579098,1.4893711500985063,-50.50574424418348
2026-04-15T14:35:47.359,4.002577066575114,4.005493402808511,4.003584146713266,4.002382993840158,-0.04045953953467827,1.6106666094461985,3.433376755319628,2.24009169579098,1.4893711500985063,-50.50574424418348
2026-04-15T14:35:47.469,4.002781629728176,4.004696131032475,4.00326418896104,4.0031750204071415,-0.04299386215628191,1.7385185801099823,2.935081895296676,2.04011810065019,1.9843877544634125,-50.53742327695352
2026-04-15T14:35:47.579,4.002781629728176,4.004696131032475,4.00326418896104,4.0031750204071415,-0.04299386215628191,1.7385185801099823,2.935081895296676,2.04011810065019,1.9843877544634125,-50.53742327695352
2026-04-15T14:35:47.687,4.002781629728176,4.004696131032475,4.00326418896104,4.0031750204071415,-0.04299386215628191,1.7385185801099823,2.935081895296676,2.04011810065019,1.9843877544634125,-50.53742327695352
2026-04-15T14:35:47.796,4.002710819405962,4.004722357077739,4.0039985182284425,4.002938985999762,-0.03779576231943672,1.6942621287263648,2.951473173586905,2.499073892776593,1.8368662498513544,-50.47244702899296
2026-04-15T14:35:47.904,4.002710819405962,4.004722357077739,4.0039985182284425,4.002938985999762,-0.03779576231943672,1.6942621287263648,2.951473173586905,2.499073892776593,1.8368662498513544,-50.47244702899296
2026-04-15T14:35:48.012,4.002710819405962,4.004722357077739,4.0039985182284425,4.002938985999762,-0.03779576231943672,1.6942621287263648,2.951473173586905,2.499073892776593,1.8368662498513544,-50.47244702899296
2026-04-15T14:35:48.123,4.002986192881238,4.0050160887847,4.004281759517299,4.002393484258263,-0.04536885604725429,1.866370550773766,3.135055490437466,2.676099698311618,1.4959276614145978,-50.567110700590675
2026-04-15T14:35:48.232,4.002986192881238,4.0050160887847,4.004281759517299,4.002393484258263,-0.04536885604725429,1.866370550773766,3.135055490437466,2.676099698311618,1.4959276614145978,-50.567110700590675
2026-04-15T14:35:48.343,4.002986192881238,4.0050160887847,4.004281759517299,4.002393484258263,-0.04536885604725429,1.866370550773766,3.135055490437466,2.676099698311618,1.4959276614145978,-50.567110700590675
2026-04-15T14:35:48.453,4.003453016486944,4.0046226981057345,4.003977537392231,4.0027186872195415,-0.04386519115192168,2.1581353043398366,2.889186316084036,2.4859608701444103,1.6991795122134334,-50.54831488939902
2026-04-15T14:35:48.563,4.003453016486944,4.0046226981057345,4.003977537392231,4.0027186872195415,-0.04386519115192168,2.1581353043398366,2.889186316084036,2.4859608701444103,1.6991795122134334,-50.54831488939902
2026-04-15T14:35:48.672,4.003453016486944,4.0046226981057345,4.003977537392231,4.0027186872195415,-0.04386519115192168,2.1581353043398366,2.889186316084036,2.4859608701444103,1.6991795122134334,-50.54831488939902
2026-04-15T14:35:48.779,4.003159284779983,4.005498648017564,4.004134893663817,4.0029625894405,-0.044826142558541525,1.9745529874892753,3.436655010977674,2.5843085398857824,1.8516184003125602,-50.56032678198177
2026-04-15T14:35:48.889,4.003159284779983,4.005498648017564,4.004134893663817,4.0029625894405,-0.044826142558541525,1.9745529874892753,3.436655010977674,2.5843085398857824,1.8516184003125602,-50.56032678198177
2026-04-15T14:35:48.999,4.003159284779983,4.005498648017564,4.004134893663817,4.0029625894405,-0.044826142558541525,1.9745529874892753,3.436655010977674,2.5843085398857824,1.8516184003125602,-50.56032678198177
2026-04-15T14:35:49.106,4.003468752114102,4.005136728592916,4.0040640833416035,4.002246618404783,-0.04625512211139073,2.167970071313974,3.210455370572518,2.540052088502165,1.4041365029893171,-50.57818902639239
2026-04-15T14:35:49.229,4.003468752114102,4.005136728592916,4.0040640833416035,4.002246618404783,-0.04625512211139073,2.167970071313974,3.210455370572518,2.540052088502165,1.4041365029893171,-50.57818902639239
2026-04-15T14:35:49.338,4.003468752114102,4.005136728592916,4.0040640833416035,4.002246618404783,-0.04625512211139073,2.167970071313974,3.210455370572518,2.540052088502165,1.4041365029893171,-50.57818902639239
2026-04-15T14:35:49.446,4.0024721623940565,4.004551887783521,4.00380182288896,4.002637386479222,-0.045737303736839104,1.5451014962852838,2.8449298647004184,2.376139305599878,1.6483665495137245,-50.57171629671049
2026-04-15T14:35:49.556,4.0024721623940565,4.004551887783521,4.00380182288896,4.002637386479222,-0.045737303736839104,1.5451014962852838,2.8449298647004184,2.376139305599878,1.6483665495137245,-50.57171629671049
2026-04-15T14:35:49.665,4.0024721623940565,4.004551887783521,4.00380182288896,4.002637386479222,-0.045737303736839104,1.5451014962852838,2.8449298647004184,2.376139305599878,1.6483665495137245,-50.57171629671049
2026-04-15T14:35:49.773,4.0030307771581874,4.004968881903224,4.004182100545293,4.0024721623940565,-0.041714253288399526,1.8942357238671548,3.1055511895150545,2.613812840808194,1.5451014962852838,-50.521428166105
2026-04-15T14:35:49.884,4.0030307771581874,4.004968881903224,4.004182100545293,4.0024721623940565,-0.041714253288399526,1.8942357238671548,3.1055511895150545,2.613812840808194,1.5451014962852838,-50.521428166105
2026-04-15T14:35:49.992,4.0030307771581874,4.004968881903224,4.004182100545293,4.0024721623940565,-0.041714253288399526,1.8942357238671548,3.1055511895150545,2.613812840808194,1.5451014962852838,-50.521428166105
2026-04-15T14:35:50.100,4.003592014526845,4.005100012129546,4.004554510388047,4.002826214005125,-0.04107195934304222,2.2450090792780486,3.187507580966198,2.8465689925294413,1.766383753203371,-50.51339949178802
2026-04-15T14:35:50.208,4.003592014526845,4.005100012129546,4.004554510388047,4.002826214005125,-0.04107195934304222,2.2450090792780486,3.187507580966198,2.8465689925294413,1.766383753203371,-50.51339949178802
2026-04-15T14:35:50.316,4.003592014526845,4.005100012129546,4.004554510388047,4.002826214005125,-0.04107195934304222,2.2450090792780486,3.187507580966198,2.8465689925294413,1.766383753203371,-50.51339949178802
2026-04-15T14:35:50.423,4.004003763437495,4.004940033253433,4.003846407165909,4.003366470537571,-0.04274491101467055,2.502352148434639,3.087520783395803,2.404004478693267,2.104044085982082,-50.53431138768338
2026-04-15T14:35:50.532,4.004003763437495,4.004940033253433,4.003846407165909,4.003366470537571,-0.04274491101467055,2.502352148434639,3.087520783395803,2.404004478693267,2.104044085982082,-50.53431138768338
2026-04-15T14:35:50.642,4.004003763437495,4.004940033253433,4.003846407165909,4.003366470537571,-0.04274491101467055,2.502352148434639,3.087520783395803,2.404004478693267,2.104044085982082,-50.53431138768338
2026-04-15T14:35:50.751,4.002792120146282,4.004816770840691,4.003870010606647,4.0031907560343,-0.04041970735202045,1.7450750914260738,3.010481775431728,2.4187566291544726,1.9942225214375497,-50.50524634190025
2026-04-15T14:35:50.860,4.002792120146282,4.004816770840691,4.003870010606647,4.0031907560343,-0.04041970735202045,1.7450750914260738,3.010481775431728,2.4187566291544726,1.9942225214375497,-50.50524634190025
2026-04-15T14:35:50.969,4.002792120146282,4.004816770840691,4.003870010606647,4.0031907560343,-0.04041970735202045,1.7450750914260738,3.010481775431728,2.4187566291544726,1.9942225214375497,-50.50524634190025
2026-04-15T14:35:51.077,4.002813100982493,4.004940033253433,4.004150629290976,4.002369880817525,-0.03573444686689465,1.7581881140582567,3.087520783395803,2.5941433068599196,1.481175510953392,-50.44668058583618
2026-04-15T14:35:51.187,4.002813100982493,4.004940033253433,4.004150629290976,4.002369880817525,-0.03573444686689465,1.7581881140582567,3.087520783395803,2.5941433068599196,1.481175510953392,-50.44668058583618
2026-04-15T14:35:51.297,4.002813100982493,4.004940033253433,4.004150629290976,4.002369880817525,-0.03573444686689465,1.7581881140582567,3.087520783395803,2.5941433068599196,1.481175510953392,-50.44668058583618
2026-04-15T14:35:51.407,4.003054380598925,4.004992485343962,4.0040221216691805,4.00190305721182,-0.039712686109844186,1.9089878743283606,3.1203033399762603,2.513826043237799,1.1894107573873214,-50.49640857637306
2026-04-15T14:35:51.515,4.003054380598925,4.004992485343962,4.0040221216691805,4.00190305721182,-0.039712686109844186,1.9089878743283606,3.1203033399762603,2.513826043237799,1.1894107573873214,-50.49640857637306
2026-04-15T14:35:51.624,4.003054380598925,4.004992485343962,4.0040221216691805,4.00190305721182,-0.039712686109844186,1.9089878743283606,3.1203033399762603,2.513826043237799,1.1894107573873214,-50.49640857637306
2026-04-15T14:35:51.746,4.003106832689454,4.005110502547652,4.004229307426769,4.003012418926502,-0.04391000235741172,1.941770430908818,3.1940640922822894,2.6433171417306056,1.8827618290639947,-50.548875029467645
2026-04-15T14:35:51.854,4.003106832689454,4.005110502547652,4.004229307426769,4.003012418926502,-0.04391000235741172,1.941770430908818,3.1940640922822894,2.6433171417306056,1.8827618290639947,-50.548875029467645
2026-04-15T14:35:51.964,4.003106832689454,4.005110502547652,4.004229307426769,4.003012418926502,-0.04391000235741172,1.941770430908818,3.1940640922822894,2.6433171417306056,1.8827618290639947,-50.548875029467645
2026-04-15T14:35:52.072,4.0038123133070656,4.005380630813875,4.004399776720987,4.002920627768077,-0.04039481223785931,2.3826958169159695,3.362894258671645,2.749860450617092,1.8253923550481943,-50.50493515297324
2026-04-15T14:35:52.181,4.0038123133070656,4.005380630813875,4.004399776720987,4.002920627768077,-0.04039481223785931,2.3826958169159695,3.362894258671645,2.749860450617092,1.8253923550481943,-50.50493515297324
2026-04-15T14:35:52.291,4.0038123133070656,4.005380630813875,4.004399776720987,4.002920627768077,-0.04039481223785931,2.3826958169159695,3.362894258671645,2.749860450617092,1.8253923550481943,-50.50493515297324
2026-04-15T14:35:52.400,4.003849029770436,4.004727602286792,4.004108667618553,4.002642631688276,-0.026463506353287595,2.4056436065222897,2.9547514292449506,2.5679172615955537,1.6516448051723254,-50.330793829416095
2026-04-15T14:35:52.508,4.003849029770436,4.004727602286792,4.004108667618553,4.002642631688276,-0.026463506353287595,2.4056436065222897,2.9547514292449506,2.5679172615955537,1.6516448051723254,-50.330793829416095
2026-04-15T14:35:52.617,4.003849029770436,4.004727602286792,4.004108667618553,4.002642631688276,-0.026463506353287595,2.4056436065222897,2.9547514292449506,2.5679172615955537,1.6516448051723254,-50.330793829416095
2026-04-15T14:35:52.727,4.0033795835602035,4.004955768880592,4.003914594883597,4.002556085738902,-0.026294219576991868,2.1122397251271963,3.09735555036994,2.4466218022478614,1.5975535868140156,-50.3286777447124
2026-04-15T14:35:52.835,4.0033795835602035,4.004955768880592,4.003914594883597,4.002556085738902,-0.026294219576991868,2.1122397251271963,3.09735555036994,2.4466218022478614,1.5975535868140156,-50.3286777447124
2026-04-15T14:35:52.944,4.0033795835602035,4.004955768880592,4.003914594883597,4.002556085738902,-0.026294219576991868,2.1122397251271963,3.09735555036994,2.4466218022478614,1.5975535868140156,-50.3286777447124
2026-04-15T14:35:53.054,4.003329754074201,4.005189180683445,4.004069328550656,4.002097129946776,-0.021006497329166575,2.0810962963757618,3.2432379271529754,2.5433303441602106,1.3107062167350136,-50.26258121661458
2026-04-15T14:35:53.164,4.003329754074201,4.005189180683445,4.004069328550656,4.002097129946776,-0.021006497329166575,2.0810962963757618,3.2432379271529754,2.5433303441602106,1.3107062167350136,-50.26258121661458
2026-04-15T14:35:53.273,4.003329754074201,4.005189180683445,4.004069328550656,4.002097129946776,-0.021006497329166575,2.0810962963757618,3.2432379271529754,2.5433303441602106,1.3107062167350136,-50.26258121661458
2026-04-15T14:35:53.382,4.00297045725408,4.005160332033654,4.0042214396131905,4.002081394319617,-0.02715061150413495,1.856535783800184,3.225207521033724,2.638399758244092,1.3008714497608764,-50.33938264380169
2026-04-15T14:35:53.490,4.00297045725408,4.005160332033654,4.0042214396131905,4.002081394319617,-0.02715061150413495,1.856535783800184,3.225207521033724,2.638399758244092,1.3008714497608764,-50.33938264380169
2026-04-15T14:35:53.600,4.00297045725408,4.005160332033654,4.0042214396131905,4.002081394319617,-0.02715061150413495,1.856535783800184,3.225207521033724,2.638399758244092,1.3008714497608764,-50.33938264380169
2026-04-15T14:35:53.707,4.003917217488123,4.005383253418401,4.004376173280249,4.002758026287438,-0.026692541403570046,2.4482609300768843,3.3645333865006677,2.7351083001558862,1.7237664296487765,-50.333656767544625
2026-04-15T14:35:53.817,4.003917217488123,4.005383253418401,4.004376173280249,4.002758026287438,-0.026692541403570046,2.4482609300768843,3.3645333865006677,2.7351083001558862,1.7237664296487765,-50.333656767544625
2026-04-15T14:35:53.926,4.003917217488123,4.005383253418401,4.004376173280249,4.002758026287438,-0.026692541403570046,2.4482609300768843,3.3645333865006677,2.7351083001558862,1.7237664296487765,-50.333656767544625
2026-04-15T14:35:54.034,4.003138303943771,4.0048036578180595,4.003825426329698,4.002647876897328,-0.03302087942333082,1.9614399648570924,3.002286136287169,2.390891456061084,1.654923060829816,-50.41276099279164
2026-04-15T14:35:54.143,4.003138303943771,4.0048036578180595,4.003825426329698,4.002647876897328,-0.03302087942333082,1.9614399648570924,3.002286136287169,2.390891456061084,1.654923060829816,-50.41276099279164
2026-04-15T14:35:54.252,4.003138303943771,4.0048036578180595,4.003825426329698,4.002647876897328,-0.03302087942333082,1.9614399648570924,3.002286136287169,2.390891456061084,1.654923060829816,-50.41276099279164
2026-04-15T14:35:54.360,4.003020286740082,4.005414724672718,4.003786087261801,4.002448558953319,-0.025945687978735966,1.8876792125510633,3.384202920448942,2.366304538625741,1.5303493458246331,-50.324321099734206
2026-04-15T14:35:54.470,4.003020286740082,4.005414724672718,4.003786087261801,4.002448558953319,-0.025945687978735966,1.8876792125510633,3.384202920448942,2.366304538625741,1.5303493458246331,-50.324321099734206
2026-04-15T14:35:54.579,4.003020286740082,4.005414724672718,4.003786087261801,4.002448558953319,-0.025945687978735966,1.8876792125510633,3.384202920448942,2.366304538625741,1.5303493458246331,-50.324321099734206
2026-04-15T14:35:54.689,4.002873420886601,4.005141973801969,4.004100799804974,4.0032169820795644,-0.026458527330455367,1.7958880541257827,3.213733626230564,2.562999878108485,2.0106137997277784,-50.330731591630695
2026-04-15T14:35:54.798,4.002873420886601,4.005141973801969,4.004100799804974,4.0032169820795644,-0.026458527330455367,1.7958880541257827,3.213733626230564,2.562999878108485,2.0106137997277784,-50.330731591630695
2026-04-15T14:35:54.907,4.002873420886601,4.005141973801969,4.004100799804974,4.0032169820795644,-0.026458527330455367,1.7958880541257827,3.213733626230564,2.562999878108485,2.0106137997277784,-50.330731591630695
2026-04-15T14:35:55.017,4.003148794361877,4.005406856859139,4.003736257775799,4.0024302007216335,-0.024720848362008073,1.9679964761731839,3.3792855369618735,2.3351611098743064,1.518875451020918,-50.309010604525106
2026-04-15T14:35:55.126,4.003148794361877,4.005406856859139,4.003736257775799,4.0024302007216335,-0.024720848362008073,1.9679964761731839,3.3792855369618735,2.3351611098743064,1.518875451020918,-50.309010604525106
2026-04-15T14:35:55.234,4.003148794361877,4.005406856859139,4.003736257775799,4.0024302007216335,-0.024720848362008073,1.9679964761731839,3.3792855369618735,2.3351611098743064,1.518875451020918,-50.309010604525106
2026-04-15T14:35:55.342,4.003054380598925,4.005029201807332,4.004153251895502,4.003161907384509,-0.02677718479171791,1.9089878743283606,3.1432511295825805,2.5957824346889424,1.9761921153182982,-50.334714809896475
2026-04-15T14:35:55.453,4.003054380598925,4.005029201807332,4.004153251895502,4.003161907384509,-0.02677718479171791,1.9089878743283606,3.1432511295825805,2.5957824346889424,1.9761921153182982,-50.334714809896475
2026-04-15T14:35:55.561,4.003054380598925,4.005029201807332,4.004153251895502,4.003161907384509,-0.02677718479171791,1.9089878743283606,3.1432511295825805,2.5957824346889424,1.9761921153182982,-50.334714809896475
2026-04-15T14:35:55.671,4.003237962915777,4.004947901067013,4.003796577679907,4.002110242969408,-0.030571200189875036,2.0237268223605165,3.0924381668828715,2.3728610499418323,1.318901855880128,-50.38214000237345
2026-04-15T14:35:55.778,4.003237962915777,4.004947901067013,4.003796577679907,4.002110242969408,-0.030571200189875036,2.0237268223605165,3.0924381668828715,2.3728610499418323,1.318901855880128,-50.38214000237345
2026-04-15T14:35:55.888,4.003237962915777,4.004947901067013,4.003796577679907,4.002110242969408,-0.030571200189875036,2.0237268223605165,3.0924381668828715,2.3728610499418323,1.318901855880128,-50.38214000237345
2026-04-15T14:35:55.997,4.002860307863969,4.004740715309424,4.004281759517299,4.002640009083748,-0.029605269760422957,1.7876924149806683,2.962947068390065,2.676099698311618,1.6500056773427474,-50.370065872005284
2026-04-15T14:35:56.120,4.002860307863969,4.004740715309424,4.004281759517299,4.002640009083748,-0.029605269760422957,1.7876924149806683,2.962947068390065,2.676099698311618,1.6500056773427474,-50.370065872005284
2026-04-15T14:35:56.230,4.002860307863969,4.004740715309424,4.004281759517299,4.002640009083748,-0.029605269760422957,1.7876924149806683,2.962947068390065,2.676099698311618,1.6500056773427474,-50.370065872005284
2026-04-15T14:35:56.338,4.003266811565567,4.0050134661801735,4.004035234691813,4.002855062654916,-0.03447973311317339,2.041757228479213,3.1334163626084433,2.5220216823829134,1.7844141593226226,-50.43099666391466
2026-04-15T14:35:56.447,4.003266811565567,4.0050134661801735,4.004035234691813,4.002855062654916,-0.03447973311317339,2.041757228479213,3.1334163626084433,2.5220216823829134,1.7844141593226226,-50.43099666391466
2026-04-15T14:35:56.557,4.003266811565567,4.0050134661801735,4.004035234691813,4.002855062654916,-0.03447973311317339,2.041757228479213,3.1334163626084433,2.5220216823829134,1.7844141593226226,-50.43099666391466
2026-04-15T14:35:56.666,4.003240585520302,4.005152464220075,4.0041244032457115,4.0026347638746955,-0.02531335207904311,2.0253659501889842,3.2202901375466553,2.577752028569691,1.6467274216847017,-50.31641690098804
2026-04-15T14:35:56.774,4.003240585520302,4.005152464220075,4.0041244032457115,4.0026347638746955,-0.02531335207904311,2.0253659501889842,3.2202901375466553,2.577752028569691,1.6467274216847017,-50.31641690098804
2026-04-15T14:35:56.883,4.003240585520302,4.005152464220075,4.0041244032457115,4.0026347638746955,-0.02531335207904311,2.0253659501889842,3.2202901375466553,2.577752028569691,1.6467274216847017,-50.31641690098804
2026-04-15T14:35:56.991,4.0035054685774725,4.0051813128698655,4.004158497104555,4.002967834649553,-0.02451172940305453,2.190917860920294,3.238320543665907,2.599060690346988,1.854896655970606,-50.306396617538184
2026-04-15T14:35:57.101,4.0035054685774725,4.0051813128698655,4.004158497104555,4.002967834649553,-0.02451172940305453,2.190917860920294,3.238320543665907,2.599060690346988,1.854896655970606,-50.306396617538184
2026-04-15T14:35:57.210,4.0035054685774725,4.0051813128698655,4.004158497104555,4.002967834649553,-0.02451172940305453,2.190917860920294,3.238320543665907,2.599060690346988,1.854896655970606,-50.306396617538184
2026-04-15T14:35:57.319,4.003148794361877,4.005131483383864,4.004245043053928,4.002445936348792,-0.034843201779925975,1.9679964761731839,3.2071771149150274,2.653151908704743,1.5287102179950551,-50.43554002224907
2026-04-15T14:35:57.428,4.003148794361877,4.005131483383864,4.004245043053928,4.002445936348792,-0.034843201779925975,1.9679964761731839,3.2071771149150274,2.653151908704743,1.5287102179950551,-50.43554002224907
2026-04-15T14:35:57.537,4.003148794361877,4.005131483383864,4.004245043053928,4.002445936348792,-0.034843201779925975,1.9679964761731839,3.2071771149150274,2.653151908704743,1.5287102179950551,-50.43554002224907
2026-04-15T14:35:57.644,4.0030438901808205,4.005451441136088,4.004074573759709,4.0031750204071415,-0.03615766380763396,1.9024313630128242,3.4071507100552623,2.5466085998182564,1.9843877544634125,-50.45197079759542
2026-04-15T14:35:57.754,4.0030438901808205,4.005451441136088,4.004074573759709,4.0031750204071415,-0.03615766380763396,1.9024313630128242,3.4071507100552623,2.5466085998182564,1.9843877544634125,-50.45197079759542
2026-04-15T14:35:57.863,4.0030438901808205,4.005451441136088,4.004074573759709,4.0031750204071415,-0.03615766380763396,1.9024313630128242,3.4071507100552623,2.5466085998182564,1.9843877544634125,-50.45197079759542
2026-04-15T14:35:57.972,4.003707409126008,4.004772186563741,4.004111290223079,4.003738880380325,-0.029879116016195455,2.317130703755055,2.9826166023383394,2.5695563894245765,2.3368002377033292,-50.373488950202436
2026-04-15T14:35:58.082,4.003707409126008,4.004772186563741,4.004111290223079,4.003738880380325,-0.029879116016195455,2.317130703755055,2.9826166023383394,2.5695563894245765,2.3368002377033292,-50.373488950202436
2026-04-15T14:35:58.190,4.003707409126008,4.004772186563741,4.004111290223079,4.003738880380325,-0.029879116016195455,2.317130703755055,2.9826166023383394,2.5695563894245765,2.3368002377033292,-50.373488950202436
2026-04-15T14:35:58.298,4.0030910970622955,4.004816770840691,4.004056215528024,4.0036680700581115,-0.03379760698515826,1.9319356639346807,3.010481775431728,2.5351347050150963,2.292543786319712,-50.42247008731447
2026-04-15T14:35:58.406,4.0030910970622955,4.004816770840691,4.004056215528024,4.0036680700581115,-0.03379760698515826,1.9319356639346807,3.010481775431728,2.5351347050150963,2.292543786319712,-50.42247008731447
2026-04-15T14:35:58.512,4.0030910970622955,4.004816770840691,4.004056215528024,4.0036680700581115,-0.03379760698515826,1.9319356639346807,3.010481775431728,2.5351347050150963,2.292543786319712,-50.42247008731447
2026-04-15T14:35:58.621,4.002936363395236,4.005496025413038,4.004119158036659,4.003093719666822,-0.033289746656271095,1.8352271220223315,3.435015883148651,2.574473772911645,1.9335747917637036,-50.416121833203384
2026-04-15T14:35:58.745,4.002936363395236,4.005496025413038,4.004119158036659,4.003093719666822,-0.033289746656271095,1.8352271220223315,3.435015883148651,2.574473772911645,1.9335747917637036,-50.416121833203384
2026-04-15T14:35:58.854,4.002936363395236,4.005496025413038,4.004119158036659,4.003093719666822,-0.033289746656271095,1.8352271220223315,3.435015883148651,2.574473772911645,1.9335747917637036,-50.416121833203384
2026-04-15T14:35:58.964,4.003796577679907,4.004882335953852,4.003925085301702,4.0027606488919645,-0.04428840809266099,2.3728610499418323,3.0514599711573,2.453178313563953,1.7254055574777993,-50.55360510115826
2026-04-15T14:35:59.073,4.003796577679907,4.004882335953852,4.003925085301702,4.0027606488919645,-0.04428840809266099,2.3728610499418323,3.0514599711573,2.453178313563953,1.7254055574777993,-50.55360510115826
2026-04-15T14:35:59.169,4.003796577679907,4.004882335953852,4.003925085301702,4.0027606488919645,-0.04428840809266099,2.3728610499418323,3.0514599711573,2.453178313563953,1.7254055574777993,-50.55360510115826
2026-04-15T14:35:59.292,4.0035474302498955,4.00467777280079,4.0043525698395115,4.003293037610831,-0.03535604113164539,2.21714390618466,2.923608000493516,2.7203561496946804,2.0581485067694416,-50.441950514145574
2026-04-15T14:35:59.400,4.0035474302498955,4.00467777280079,4.0043525698395115,4.003293037610831,-0.03535604113164539,2.21714390618466,2.923608000493516,2.7203561496946804,2.0581485067694416,-50.441950514145574
2026-04-15T14:35:59.509,4.0035474302498955,4.00467777280079,4.0043525698395115,4.003293037610831,-0.03535604113164539,2.21714390618466,2.923608000493516,2.7203561496946804,2.0581485067694416,-50.441950514145574
2026-04-15T14:35:59.620,4.002679348151645,4.0048036578180595,4.004092931991394,4.003004551112923,-0.034644040866636895,1.6745925947780904,3.002286136287169,2.5580824946214165,1.877844445576926,-50.43305051083296
2026-04-15T14:35:59.729,4.002679348151645,4.0048036578180595,4.004092931991394,4.003004551112923,-0.034644040866636895,1.6745925947780904,3.002286136287169,2.5580824946214165,1.877844445576926,-50.43305051083296
2026-04-15T14:35:59.837,4.002679348151645,4.0048036578180595,4.004092931991394,4.003004551112923,-0.034644040866636895,1.6745925947780904,3.002286136287169,2.5580824946214165,1.877844445576926,-50.43305051083296
2026-04-15T14:35:59.947,4.003198623847879,4.005102634734072,4.004032612087286,4.002954721626921,-0.03650121638305764,1.9991399049246183,3.1891467087952208,2.5203825545538905,1.8467010168254916,-50.45626520478822
2026-04-15T14:36:00.057,4.003198623847879,4.005102634734072,4.004032612087286,4.002954721626921,-0.03650121638305764,1.9991399049246183,3.1891467087952208,2.5203825545538905,1.8467010168254916,-50.45626520478822
2026-04-15T14:36:00.167,4.003198623847879,4.005102634734072,4.004032612087286,4.002954721626921,-0.03650121638305764,1.9991399049246183,3.1891467087952208,2.5203825545538905,1.8467010168254916,-50.45626520478822
2026-04-15T14:36:00.276,4.003329754074201,4.005236387564921,4.00414013887287,4.00281572358702,-0.03851274160727743,2.0810962963757618,3.272742228075387,2.587586795543828,1.7598272418872796,-50.48140927009097
2026-04-15T14:36:00.384,4.003329754074201,4.005236387564921,4.00414013887287,4.00281572358702,-0.03851274160727743,2.0810962963757618,3.272742228075387,2.587586795543828,1.7598272418872796,-50.48140927009097
2026-04-15T14:36:00.494,4.003329754074201,4.005236387564921,4.00414013887287,4.00281572358702,-0.03851274160727743,2.0810962963757618,3.272742228075387,2.587586795543828,1.7598272418872796,-50.48140927009097
2026-04-15T14:36:00.603,4.002978325067659,4.005357027373137,4.004738092704898,4.002831459214178,-0.03228896306699342,1.8614531672866974,3.348142108210439,2.961307940561042,1.7696620088614168,-50.40361203833742
2026-04-15T14:36:00.713,4.002978325067659,4.005357027373137,4.004738092704898,4.002831459214178,-0.03228896306699342,1.8614531672866974,3.348142108210439,2.961307940561042,1.7696620088614168,-50.40361203833742
2026-04-15T14:36:00.820,4.002978325067659,4.005357027373137,4.004738092704898,4.002831459214178,-0.03228896306699342,1.8614531672866974,3.348142108210439,2.961307940561042,1.7696620088614168,-50.40361203833742
2026-04-15T14:36:00.930,4.003051757994399,4.004764318750162,4.00414800668645,4.003258943751987,-0.030446724619069356,1.9073487464993377,2.9776992188512708,2.592504179031452,2.0368398449921443,-50.38058405773837
2026-04-15T14:36:01.038,4.003051757994399,4.004764318750162,4.00414800668645,4.003258943751987,-0.030446724619069356,1.9073487464993377,2.9776992188512708,2.592504179031452,2.0368398449921443,-50.38058405773837
2026-04-15T14:36:01.148,4.003051757994399,4.004764318750162,4.00414800668645,4.003258943751987,-0.030446724619069356,1.9073487464993377,2.9776992188512708,2.592504179031452,2.0368398449921443,-50.38058405773837
2026-04-15T14:36:01.257,4.003534317227263,4.005412102068192,4.0038542749794885,4.003917217488123,-0.037019034757609266,2.2089482670395455,3.3825637926199192,2.4089218621803354,2.4482609300768843,-50.46273793447011
2026-04-15T14:36:01.366,4.003534317227263,4.005412102068192,4.0038542749794885,4.003917217488123,-0.037019034757609266,2.2089482670395455,3.3825637926199192,2.4089218621803354,2.4482609300768843,-50.46273793447011
2026-04-15T14:36:01.476,4.003534317227263,4.005412102068192,4.0038542749794885,4.003917217488123,-0.037019034757609266,2.2089482670395455,3.3825637926199192,2.4089218621803354,2.4482609300768843,-50.46273793447011
2026-04-15T14:36:01.584,4.003022909344608,4.004759073541109,4.004326343794247,4.002605915224905,-0.028714024673454294,1.8893183403800862,2.974420963193225,2.7039648714044517,1.62869701556545,-50.35892530841818
2026-04-15T14:36:01.694,4.003022909344608,4.004759073541109,4.004326343794247,4.002605915224905,-0.028714024673454294,1.8893183403800862,2.974420963193225,2.7039648714044517,1.62869701556545,-50.35892530841818
2026-04-15T14:36:01.803,4.003022909344608,4.004759073541109,4.004326343794247,4.002605915224905,-0.028714024673454294,1.8893183403800862,2.974420963193225,2.7039648714044517,1.62869701556545,-50.35892530841818
2026-04-15T14:36:01.910,4.003788709866328,4.005438328113456,4.0041847231498195,4.002398729467316,-0.028728961741950974,2.3679436664547637,3.398955070910148,2.615451968637217,1.4992059170726435,-50.359112021774386
2026-04-15T14:36:02.019,4.003788709866328,4.005438328113456,4.0041847231498195,4.002398729467316,-0.028728961741950974,2.3679436664547637,3.398955070910148,2.615451968637217,1.4992059170726435,-50.359112021774386
2026-04-15T14:36:02.129,4.003788709866328,4.005438328113456,4.0041847231498195,4.002398729467316,-0.028728961741950974,2.3679436664547637,3.398955070910148,2.615451968637217,1.4992059170726435,-50.359112021774386
2026-04-15T14:36:02.238,4.002799987959861,4.00505280524807,4.004255533472033,4.003508091181999,-0.03244331277479247,1.7499924749131424,3.1580032800437863,2.6597084200208343,2.192556988749317,-50.40554140968491
2026-04-15T14:36:02.348,4.002799987959861,4.00505280524807,4.004255533472033,4.003508091181999,-0.03244331277479247,1.7499924749131424,3.1580032800437863,2.6597084200208343,2.192556988749317,-50.40554140968491
2026-04-15T14:36:02.457,4.002799987959861,4.00505280524807,4.004255533472033,4.003508091181999,-0.03244331277479247,1.7499924749131424,3.1580032800437863,2.6597084200208343,2.192556988749317,-50.40554140968491
2026-04-15T14:36:02.565,4.002453804162371,4.0053439143505045,4.004111290223079,4.00307273883061,-0.02711077932147713,1.5336276014821237,3.3399464690653247,2.5695563894245765,1.9204617691315207,-50.33888474151846
2026-04-15T14:36:02.675,4.002453804162371,4.0053439143505045,4.004111290223079,4.00307273883061,-0.02711077932147713,1.5336276014821237,3.3399464690653247,2.5695563894245765,1.9204617691315207,-50.33888474151846
2026-04-15T14:36:02.786,4.002453804162371,4.0053439143505045,4.004111290223079,4.00307273883061,-0.02711077932147713,1.5336276014821237,3.3399464690653247,2.5695563894245765,1.9204617691315207,-50.33888474151846
2026-04-15T14:36:02.894,4.003127813525666,4.005448818531562,4.004187345754346,4.00361037275853,-0.034121243469253035,1.954883453541001,3.4055115822262394,2.6170910964662397,2.2564829740812087,-50.42651554336566
2026-04-15T14:36:03.004,4.003127813525666,4.005448818531562,4.004187345754346,4.00361037275853,-0.034121243469253035,1.954883453541001,3.4055115822262394,2.6170910964662397,2.2564829740812087,-50.42651554336566
2026-04-15T14:36:03.114,4.003127813525666,4.005448818531562,4.004187345754346,4.00361037275853,-0.034121243469253035,1.954883453541001,3.4055115822262394,2.6170910964662397,2.2564829740812087,-50.42651554336566
2026-04-15T14:36:03.223,4.003424167837153,4.005414724672718,4.0038542749794885,4.002912759954498,-0.03689455918680359,2.140104898220585,3.384202920448942,2.4089218621803354,1.8204749715611257,-50.46118198983505
2026-04-15T14:36:03.330,4.003424167837153,4.005414724672718,4.0038542749794885,4.002912759954498,-0.03689455918680359,2.140104898220585,3.384202920448942,2.4089218621803354,1.8204749715611257,-50.46118198983505
2026-04-15T14:36:03.440,4.003424167837153,4.005414724672718,4.0038542749794885,4.002912759954498,-0.03689455918680359,2.140104898220585,3.384202920448942,2.4089218621803354,1.8204749715611257,-50.46118198983505
2026-04-15T14:36:03.549,4.0030910970622955,4.005252123192079,4.004263401285613,4.003075361435137,-0.025049463868935067,1.9319356639346807,3.2825769950495243,2.664625803507903,1.9221008969605435,-50.313118298361694
2026-04-15T14:36:03.659,4.0030910970622955,4.005252123192079,4.004263401285613,4.003075361435137,-0.025049463868935067,1.9319356639346807,3.2825769950495243,2.664625803507903,1.9221008969605435,-50.313118298361694
2026-04-15T14:36:03.767,4.0030910970622955,4.005252123192079,4.004263401285613,4.003075361435137,-0.025049463868935067,1.9319356639346807,3.2825769950495243,2.664625803507903,1.9221008969605435,-50.313118298361694
2026-04-15T14:36:03.876,4.0031907560343,4.004900694185537,4.004192590963399,4.002750158473859,-0.03620745403595623,1.9942225214375497,3.06293386596046,2.6203693521242855,1.7188490461617079,-50.45259317544946
2026-04-15T14:36:03.986,4.0031907560343,4.004900694185537,4.004192590963399,4.002750158473859,-0.03620745403595623,1.9942225214375497,3.06293386596046,2.6203693521242855,1.7188490461617079,-50.45259317544946
2026-04-15T14:36:04.094,4.0031907560343,4.004900694185537,4.004192590963399,4.002750158473859,-0.03620745403595623,1.9942225214375497,3.06293386596046,2.6203693521242855,1.7188490461617079,-50.45259317544946
2026-04-15T14:36:04.204,4.003434658255259,4.005383253418401,4.003964424369599,4.003182888220721,-0.03342915929557345,2.1466614095366765,3.3645333865006677,2.477765230999296,1.9893051379504811,-50.41786449119466
2026-04-15T14:36:04.314,4.003434658255259,4.005383253418401,4.003964424369599,4.003182888220721,-0.03342915929557345,2.1466614095366765,3.3645333865006677,2.477765230999296,1.9893051379504811,-50.41786449119466
2026-04-15T14:36:04.438,4.003434658255259,4.005383253418401,4.003964424369599,4.003182888220721,-0.03342915929557345,2.1466614095366765,3.3645333865006677,2.477765230999296,1.9893051379504811,-50.41786449119466
2026-04-15T14:36:04.531,4.003358602723992,4.005100012129546,4.004171610127187,4.00303602236724,-0.034026642035440716,2.0991267024950133,3.187507580966198,2.6072563294921025,1.8975139795252005,-50.42533302544301
2026-04-15T14:36:04.639,4.003358602723992,4.005100012129546,4.004171610127187,4.00303602236724,-0.034026642035440716,2.0991267024950133,3.187507580966198,2.6072563294921025,1.8975139795252005,-50.42533302544301
2026-04-15T14:36:04.750,4.003358602723992,4.005100012129546,4.004171610127187,4.00303602236724,-0.034026642035440716,2.0991267024950133,3.187507580966198,2.6072563294921025,1.8975139795252005,-50.42533302544301
2026-04-15T14:36:04.857,4.003169775198089,4.004879713349325,4.0039198400926495,4.002705574196909,-0.032109718245033246,1.9811094988053668,3.049820843328277,2.449900057905907,1.690983873068319,-50.40137147806292
2026-04-15T14:36:04.967,4.003169775198089,4.004879713349325,4.0039198400926495,4.002705574196909,-0.032109718245033246,1.9811094988053668,3.049820843328277,2.449900057905907,1.690983873068319,-50.40137147806292
2026-04-15T14:36:05.077,4.003169775198089,4.004879713349325,4.0039198400926495,4.002705574196909,-0.032109718245033246,1.9811094988053668,3.049820843328277,2.449900057905907,1.690983873068319,-50.40137147806292
2026-04-15T14:36:05.186,4.003038644971767,4.004955768880592,4.0036916734988495,4.003518581600105,-0.0357792580723847,1.8991531073542234,3.09735555036994,2.3072959367809176,2.1991135000654083,-50.447240725904805
2026-04-15T14:36:05.294,4.003038644971767,4.004955768880592,4.0036916734988495,4.003518581600105,-0.0357792580723847,1.8991531073542234,3.09735555036994,2.3072959367809176,2.1991135000654083,-50.447240725904805
2026-04-15T14:36:05.402,4.003038644971767,4.004955768880592,4.0036916734988495,4.003518581600105,-0.0357792580723847,1.8991531073542234,3.09735555036994,2.3072959367809176,2.1991135000654083,-50.447240725904805
2026-04-15T14:36:05.525,4.0034399034643116,4.005100012129546,4.004675150196263,4.002424955512581,-0.036376740812251965,2.1499396651947222,3.187507580966198,2.9219688726644932,1.5155971953628722,-50.45470926015315
2026-04-15T14:36:05.636,4.0034399034643116,4.005100012129546,4.004675150196263,4.002424955512581,-0.036376740812251965,2.1499396651947222,3.187507580966198,2.9219688726644932,1.5155971953628722,-50.45470926015315
2026-04-15T14:36:05.744,4.0034399034643116,4.005100012129546,4.004675150196263,4.002424955512581,-0.036376740812251965,2.1499396651947222,3.187507580966198,2.9219688726644932,1.5155971953628722,-50.45470926015315
2026-04-15T14:36:05.853,4.003001928508397,4.0052416327739735,4.003930330510755,4.00299930590387,-0.0411068125028678,1.8762053177479032,3.276020483733433,2.4564565692219986,1.8745661899188804,-50.51383515628585
2026-04-15T14:36:05.962,4.003001928508397,4.0052416327739735,4.003930330510755,4.00299930590387,-0.0411068125028678,1.8762053177479032,3.276020483733433,2.4564565692219986,1.8745661899188804,-50.51383515628585
2026-04-15T14:36:06.070,4.003001928508397,4.0052416327739735,4.003930330510755,4.00299930590387,-0.0411068125028678,1.8762053177479032,3.276020483733433,2.4564565692219986,1.8745661899188804,-50.51383515628585
2026-04-15T14:36:06.178,4.004027366878234,4.005002975762068,4.004683018009843,4.003353357514939,-0.041315931461821345,2.5171042988964,3.1268598512923518,2.926886256152117,2.0958484468369676,-50.516449143272766
2026-04-15T14:36:06.285,4.004027366878234,4.005002975762068,4.004683018009843,4.003353357514939,-0.041315931461821345,2.5171042988964,3.1268598512923518,2.926886256152117,2.0958484468369676,-50.516449143272766
2026-04-15T14:36:06.394,4.004027366878234,4.005002975762068,4.004683018009843,4.003353357514939,-0.041315931461821345,2.5171042988964,3.1268598512923518,2.926886256152117,2.0958484468369676,-50.516449143272766
2026-04-15T14:36:06.502,4.003772974239169,4.005021333993753,4.004158497104555,4.002650499501854,-0.02608510061803833,2.3581088994806265,3.138333746095512,2.599060690346988,1.6565621886588389,-50.32606375772548
2026-04-15T14:36:06.612,4.003772974239169,4.005021333993753,4.004158497104555,4.002650499501854,-0.02608510061803833,2.3581088994806265,3.138333746095512,2.599060690346988,1.6565621886588389,-50.32606375772548
2026-04-15T14:36:06.720,4.003772974239169,4.005021333993753,4.004158497104555,4.002650499501854,-0.02608510061803833,2.3581088994806265,3.138333746095512,2.599060690346988,1.6565621886588389,-50.32606375772548
2026-04-15T14:36:06.830,4.003041267576293,4.004376173280249,4.004095554595921,4.003038644971767,-0.018317824999763886,1.9007922351832462,2.7351083001558862,2.5597216224504393,1.8991531073542234,-50.228972812497055
2026-04-15T14:36:06.941,4.003041267576293,4.004376173280249,4.004095554595921,4.003038644971767,-0.018317824999763886,1.9007922351832462,2.7351083001558862,2.5597216224504393,1.8991531073542234,-50.228972812497055
2026-04-15T14:36:07.049,4.003041267576293,4.004376173280249,4.004095554595921,4.003038644971767,-0.018317824999763886,1.9007922351832462,2.7351083001558862,2.5597216224504393,1.8991531073542234,-50.228972812497055
2026-04-15T14:36:07.158,4.003731012566746,4.004549265178995,4.003995895623916,4.002873420886601,-0.01989617523757991,2.3318828542162606,2.8432907368719507,2.4974347649475703,1.7958880541257827,-50.24870219046975
2026-04-15T14:36:07.267,4.003731012566746,4.004549265178995,4.003995895623916,4.002873420886601,-0.01989617523757991,2.3318828542162606,2.8432907368719507,2.4974347649475703,1.7958880541257827,-50.24870219046975
2026-04-15T14:36:07.376,4.003731012566746,4.004549265178995,4.003995895623916,4.002873420886601,-0.01989617523757991,2.3318828542162606,2.8432907368719507,2.4974347649475703,1.7958880541257827,-50.24870219046975
2026-04-15T14:36:07.486,4.003167152593562,4.005000353157541,4.003935575719808,4.0030491353898725,-0.02346115558545459,1.979470370976344,3.125220723463329,2.4597348248800444,1.9057096186703149,-50.293264444818185
2026-04-15T14:36:07.596,4.003167152593562,4.005000353157541,4.003935575719808,4.0030491353898725,-0.02346115558545459,1.979470370976344,3.125220723463329,2.4597348248800444,1.9057096186703149,-50.293264444818185
2026-04-15T14:36:07.703,4.003167152593562,4.005000353157541,4.003935575719808,4.0030491353898725,-0.02346115558545459,1.979470370976344,3.125220723463329,2.4597348248800444,1.9057096186703149,-50.293264444818185
2026-04-15T14:36:07.814,4.00334548970136,4.005029201807332,4.004090309386868,4.0031514169664035,-0.025378079375862065,2.090931063349899,3.1432511295825805,2.5564433667923936,1.9696356040022067,-50.317225992198274
2026-04-15T14:36:07.921,4.00334548970136,4.005029201807332,4.004090309386868,4.0031514169664035,-0.025378079375862065,2.090931063349899,3.1432511295825805,2.5564433667923936,1.9696356040022067,-50.317225992198274
2026-04-15T14:36:08.029,4.00334548970136,4.005029201807332,4.004090309386868,4.0031514169664035,-0.025378079375862065,2.090931063349899,3.1432511295825805,2.5564433667923936,1.9696356040022067,-50.317225992198274
2026-04-15T14:36:08.140,4.003348112305886,4.005228519751341,4.004053592923498,4.002944231208815,-0.02333668001464891,2.092570191178922,3.2678248445883185,2.5334955771860734,1.8401445055094001,-50.291708500183105
2026-04-15T14:36:08.249,4.003348112305886,4.005228519751341,4.004053592923498,4.002944231208815,-0.02333668001464891,2.092570191178922,3.2678248445883185,2.5334955771860734,1.8401445055094001,-50.291708500183105
2026-04-15T14:36:08.358,4.003348112305886,4.005228519751341,4.004053592923498,4.002944231208815,-0.02333668001464891,2.092570191178922,3.2678248445883185,2.5334955771860734,1.8401445055094001,-50.291708500183105
2026-04-15T14:36:08.467,4.003327131469675,4.004895448976484,4.004318475980668,4.002954721626921,-0.027339814371759582,2.079457168546739,3.059655610302414,2.699047487917383,1.8467010168254916,-50.341747679647
2026-04-15T14:36:08.574,4.003327131469675,4.004895448976484,4.004318475980668,4.002954721626921,-0.027339814371759582,2.079457168546739,3.059655610302414,2.699047487917383,1.8467010168254916,-50.341747679647
2026-04-15T14:36:08.685,4.003327131469675,4.004895448976484,4.004318475980668,4.002954721626921,-0.027339814371759582,2.079457168546739,3.059655610302414,2.699047487917383,1.8467010168254916,-50.341747679647
2026-04-15T14:36:08.793,4.002991438090291,4.004672527591737,4.004019499064654,4.002577066575114,-0.018671335620852016,1.8696488064318117,2.9203297448354704,2.512186915408776,1.6106666094461985,-50.23339169526066
2026-04-15T14:36:08.902,4.002991438090291,4.004672527591737,4.004019499064654,4.002577066575114,-0.018671335620852016,1.8696488064318117,2.9203297448354704,2.512186915408776,1.6106666094461985,-50.23339169526066
2026-04-15T14:36:09.026,4.002991438090291,4.004672527591737,4.004019499064654,4.002577066575114,-0.018671335620852016,1.8696488064318117,2.9203297448354704,2.512186915408776,1.6106666094461985,-50.23339169526066
2026-04-15T14:36:09.136,4.003224849893144,4.004612207687629,4.004376173280249,4.002674102942592,-0.02244543492768024,2.015531183214847,2.8826298047679444,2.7351083001558862,1.6713143391200447,-50.280567936596
2026-04-15T14:36:09.243,4.003224849893144,4.004612207687629,4.004376173280249,4.002674102942592,-0.02244543492768024,2.015531183214847,2.8826298047679444,2.7351083001558862,1.6713143391200447,-50.280567936596
2026-04-15T14:36:09.352,4.003224849893144,4.004612207687629,4.004376173280249,4.002674102942592,-0.02244543492768024,2.015531183214847,2.8826298047679444,2.7351083001558862,1.6713143391200447,-50.280567936596
2026-04-15T14:36:09.464,4.003093719666822,4.004761696145636,4.0039801599967575,4.003534317227263,-0.023057854736044187,1.9335747917637036,2.976060091022248,2.487599997973433,2.2089482670395455,-50.288223184200554
2026-04-15T14:36:09.571,4.003093719666822,4.004761696145636,4.0039801599967575,4.003534317227263,-0.023057854736044187,1.9335747917637036,2.976060091022248,2.487599997973433,2.2089482670395455,-50.288223184200554
2026-04-15T14:36:09.680,4.003093719666822,4.004761696145636,4.0039801599967575,4.003534317227263,-0.023057854736044187,1.9335747917637036,2.976060091022248,2.487599997973433,2.2089482670395455,-50.288223184200554
2026-04-15T14:36:09.789,4.003059625807978,4.005477667181353,4.003809690702539,4.002603292620378,-0.02412336562214081,1.9122661299864063,3.423541988345491,2.3810566890869467,1.6270578877364272,-50.30154207027676
2026-04-15T14:36:09.899,4.003059625807978,4.005477667181353,4.003809690702539,4.002603292620378,-0.02412336562214081,1.9122661299864063,3.423541988345491,2.3810566890869467,1.6270578877364272,-50.30154207027676
2026-04-15T14:36:10.008,4.003059625807978,4.005477667181353,4.003809690702539,4.002603292620378,-0.02412336562214081,1.9122661299864063,3.423541988345491,2.3810566890869467,1.6270578877364272,-50.30154207027676
2026-04-15T14:36:10.118,4.003715276939587,4.004730224891318,4.00482463865427,4.00254297271627,-0.01756599255209758,2.3220480872421234,2.9563905570739735,3.0153991589187967,1.5893579476689013,-50.21957490690122
2026-04-15T14:36:10.228,4.003715276939587,4.004730224891318,4.00482463865427,4.00254297271627,-0.01756599255209758,2.3220480872421234,2.9563905570739735,3.0153991589187967,1.5893579476689013,-50.21957490690122
2026-04-15T14:36:10.336,4.003715276939587,4.004730224891318,4.00482463865427,4.00254297271627,-0.01756599255209758,2.3220480872421234,2.9563905570739735,3.0153991589187967,1.5893579476689013,-50.21957490690122
2026-04-15T14:36:10.443,4.002671480338066,4.005291462259976,4.003731012566746,4.003140926548298,-0.02635894687381082,1.6696752112910218,3.3071639124848673,2.3318828542162606,1.9630790926861152,-50.32948683592263
2026-04-15T14:36:10.553,4.002671480338066,4.005291462259976,4.003731012566746,4.003140926548298,-0.02635894687381082,1.6696752112910218,3.3071639124848673,2.3318828542162606,1.9630790926861152,-50.32948683592263
2026-04-15T14:36:10.664,4.002671480338066,4.005291462259976,4.003731012566746,4.003140926548298,-0.02635894687381082,1.6696752112910218,3.3071639124848673,2.3318828542162606,1.9630790926861152,-50.32948683592263
2026-04-15T14:36:10.774,4.003473997323155,4.005037069620911,4.004085064177815,4.003028154553661,-0.03017785738612909,2.1712483269720195,3.148168513069649,2.553165111134348,1.892596596038132,-50.377223217326616
2026-04-15T14:36:10.883,4.003473997323155,4.005037069620911,4.004085064177815,4.003028154553661,-0.03017785738612909,2.1712483269720195,3.148168513069649,2.553165111134348,1.892596596038132,-50.377223217326616
2026-04-15T14:36:10.992,4.003473997323155,4.005037069620911,4.004085064177815,4.003028154553661,-0.03017785738612909,2.1712483269720195,3.148168513069649,2.553165111134348,1.892596596038132,-50.377223217326616
2026-04-15T14:36:11.101,4.002679348151645,4.0051996711015505,4.003678560476217,4.003196001243353,-0.030252542728612497,1.6745925947780904,3.249794438469067,2.2991002976358033,1.9975007770955955,-50.37815678410765
2026-04-15T14:36:11.210,4.002679348151645,4.0051996711015505,4.003678560476217,4.003196001243353,-0.030252542728612497,1.6745925947780904,3.249794438469067,2.2991002976358033,1.9975007770955955,-50.37815678410765
2026-04-15T14:36:11.319,4.002679348151645,4.0051996711015505,4.003678560476217,4.003196001243353,-0.030252542728612497,1.6745925947780904,3.249794438469067,2.2991002976358033,1.9975007770955955,-50.37815678410765
2026-04-15T14:36:11.428,4.003521204204631,4.004926920230801,4.0041034224095,4.002886533909233,-0.03427559317705208,2.200752627894431,3.0793251442506886,2.564639005937508,1.804083693270897,-50.428444914713154
2026-04-15T14:36:11.537,4.003521204204631,4.004926920230801,4.0041034224095,4.002886533909233,-0.03427559317705208,2.200752627894431,3.0793251442506886,2.564639005937508,1.804083693270897,-50.428444914713154
2026-04-15T14:36:11.645,4.003521204204631,4.004926920230801,4.0041034224095,4.002886533909233,-0.03427559317705208,2.200752627894431,3.0793251442506886,2.564639005937508,1.804083693270897,-50.428444914713154
2026-04-15T14:36:11.755,4.003715276939587,4.004958391485118,4.004098177200447,4.00246953978953,-0.04589165344463814,2.3220480872421234,3.098994678198963,2.561360750279462,1.543462368456261,-50.57364566805798
2026-04-15T14:36:11.863,4.003715276939587,4.004958391485118,4.004098177200447,4.00246953978953,-0.04589165344463814,2.3220480872421234,3.098994678198963,2.561360750279462,1.543462368456261,-50.57364566805798
2026-04-15T14:36:11.970,4.003715276939587,4.004958391485118,4.004098177200447,4.00246953978953,-0.04589165344463814,2.3220480872421234,3.098994678198963,2.561360750279462,1.543462368456261,-50.57364566805798
2026-04-15T14:36:12.080,4.003675937871691,4.004777431772794,4.004098177200447,4.003224849893144,-0.04667336002929782,2.2974611698067804,2.985894857996385,2.561360750279462,2.015531183214847,-50.583417000366225
2026-04-15T14:36:12.188,4.003675937871691,4.004777431772794,4.004098177200447,4.003224849893144,-0.04667336002929782,2.2974611698067804,2.985894857996385,2.561360750279462,2.015531183214847,-50.583417000366225
2026-04-15T14:36:12.297,4.003675937871691,4.004777431772794,4.004098177200447,4.003224849893144,-0.04667336002929782,2.2974611698067804,2.985894857996385,2.561360750279462,2.015531183214847,-50.583417000366225
2026-04-15T14:36:12.406,4.002834081818705,4.0051157477567045,4.004127025850238,4.0024905206257415,-0.04369590437562595,1.7713011366904396,3.197342347940335,2.5793911563987137,1.556575391088444,-50.54619880469532
2026-04-15T14:36:12.515,4.002834081818705,4.0051157477567045,4.004127025850238,4.0024905206257415,-0.04369590437562595,1.7713011366904396,3.197342347940335,2.5793911563987137,1.556575391088444,-50.54619880469532
2026-04-15T14:36:12.624,4.002834081818705,4.0051157477567045,4.004127025850238,4.0024905206257415,-0.04369590437562595,1.7713011366904396,3.197342347940335,2.5793911563987137,1.556575391088444,-50.54619880469532
2026-04-15T14:36:12.733,4.003148794361877,4.005257368401132,4.003953933951494,4.002839327027758,-0.03716342641974386,1.9679964761731839,3.28585525070757,2.4712087196837595,1.7745793923484854,-50.46454283024679
2026-04-15T14:36:12.841,4.003148794361877,4.005257368401132,4.003953933951494,4.002839327027758,-0.03716342641974386,1.9679964761731839,3.28585525070757,2.4712087196837595,1.7745793923484854,-50.46454283024679
2026-04-15T14:36:12.951,4.003148794361877,4.005257368401132,4.003953933951494,4.002839327027758,-0.03716342641974386,1.9679964761731839,3.28585525070757,2.4712087196837595,1.7745793923484854,-50.46454283024679
2026-04-15T14:36:13.059,4.003780842052748,4.005949735996111,4.003856897584015,4.002146959432778,-0.03617757989896287,2.363026282967695,3.7185849975696073,2.4105609900093583,1.3418496454864481,-50.452219748737036
2026-04-15T14:36:13.183,4.003780842052748,4.005949735996111,4.003856897584015,4.002146959432778,-0.03617757989896287,2.363026282967695,3.7185849975696073,2.4105609900093583,1.3418496454864481,-50.452219748737036
2026-04-15T14:36:13.279,4.003780842052748,4.005949735996111,4.003856897584015,4.002146959432778,-0.03617757989896287,2.363026282967695,3.7185849975696073,2.4105609900093583,1.3418496454864481,-50.452219748737036
2026-04-15T14:36:13.389,4.002975702463132,4.00497937232133,4.003885746233806,4.003164529989037,-0.03641159397207755,1.8598140394576745,3.112107700831146,2.42859139612861,1.9778312431478762,-50.45514492465097
2026-04-15T14:36:13.499,4.002975702463132,4.00497937232133,4.003885746233806,4.003164529989037,-0.03641159397207755,1.8598140394576745,3.112107700831146,2.42859139612861,1.9778312431478762,-50.45514492465097
2026-04-15T14:36:13.608,4.002975702463132,4.00497937232133,4.003885746233806,4.003164529989037,-0.03641159397207755,1.8598140394576745,3.112107700831146,2.42859139612861,1.9778312431478762,-50.45514492465097
2026-04-15T14:36:13.719,4.003290415006305,4.005506515831144,4.004638433732893,4.0025508405298496,-0.04801271717116694,2.0565093789404187,3.4415723944647425,2.899021083058173,1.5942753311559699,-50.60015896463958
2026-04-15T14:36:13.829,4.003290415006305,4.005506515831144,4.004638433732893,4.0025508405298496,-0.04801271717116694,2.0565093789404187,3.4415723944647425,2.899021083058173,1.5942753311559699,-50.60015896463958
2026-04-15T14:36:13.939,4.003290415006305,4.005506515831144,4.004638433732893,4.0025508405298496,-0.04801271717116694,2.0565093789404187,3.4415723944647425,2.899021083058173,1.5942753311559699,-50.60015896463958
2026-04-15T14:36:14.045,4.003148794361877,4.0057005885661,4.003820181120646,4.002928495581656,-0.03028241686560586,1.9679964761731839,3.5628678538124348,2.3876132004035933,1.830309738535263,-50.378530210820074
2026-04-15T14:36:14.154,4.003148794361877,4.0057005885661,4.003820181120646,4.002928495581656,-0.03028241686560586,1.9679964761731839,3.5628678538124348,2.3876132004035933,1.830309738535263,-50.378530210820074
2026-04-15T14:36:14.263,4.003148794361877,4.0057005885661,4.003820181120646,4.002928495581656,-0.03028241686560586,1.9679964761731839,3.5628678538124348,2.3876132004035933,1.830309738535263,-50.378530210820074
2026-04-15T14:36:14.372,4.003982782601284,4.0042686464946655,4.004252910867507,4.002540350111744,-0.04227190384560897,2.489239125802456,2.6679040591659486,2.6580692921918114,1.5877188198398784,-50.528398798070114
2026-04-15T14:36:14.482,4.003982782601284,4.0042686464946655,4.004252910867507,4.002540350111744,-0.04227190384560897,2.489239125802456,2.6679040591659486,2.6580692921918114,1.5877188198398784,-50.528398798070114
2026-04-15T14:36:14.591,4.003982782601284,4.0042686464946655,4.004252910867507,4.002540350111744,-0.04227190384560897,2.489239125802456,2.6679040591659486,2.6580692921918114,1.5877188198398784,-50.528398798070114
2026-04-15T14:36:14.699,4.003327131469675,4.004866600326693,4.00475120572753,4.002915382559024,-0.03990686800030105,2.079457168546739,3.0416252041831626,2.9695035797061564,1.8221140993901486,-50.498835850003765
2026-04-15T14:36:14.822,4.003327131469675,4.004866600326693,4.00475120572753,4.002915382559024,-0.03990686800030105,2.079457168546739,3.0416252041831626,2.9695035797061564,1.8221140993901486,-50.498835850003765
2026-04-15T14:36:14.931,4.003327131469675,4.004866600326693,4.00475120572753,4.002915382559024,-0.03990686800030105,2.079457168546739,3.0416252041831626,2.9695035797061564,1.8221140993901486,-50.498835850003765
2026-04-15T14:36:15.040,4.0034818651367345,4.004997730553016,4.004355192444039,4.002679348151645,-0.040230504484395815,2.176165710459088,3.123581595634861,2.7219952775242584,1.6745925947780904,-50.502881306054945
2026-04-15T14:36:15.150,4.0034818651367345,4.004997730553016,4.004355192444039,4.002679348151645,-0.040230504484395815,2.176165710459088,3.123581595634861,2.7219952775242584,1.6745925947780904,-50.502881306054945
2026-04-15T14:36:15.258,4.0034818651367345,4.004997730553016,4.004355192444039,4.002679348151645,-0.040230504484395815,2.176165710459088,3.123581595634861,2.7219952775242584,1.6745925947780904,-50.502881306054945
2026-04-15T14:36:15.366,4.003555298063475,4.004976749716803,4.0042266848222425,4.002721309824068,-0.03778580427377226,2.2220612896717284,3.110468573002123,2.6416780139015827,1.7008186400424563,-50.47232255342215
2026-04-15T14:36:15.475,4.003555298063475,4.004976749716803,4.0042266848222425,4.002721309824068,-0.03778580427377226,2.2220612896717284,3.110468573002123,2.6416780139015827,1.7008186400424563,-50.47232255342215
2026-04-15T14:36:15.583,4.003555298063475,4.004976749716803,4.0042266848222425,4.002721309824068,-0.03778580427377226,2.2220612896717284,3.110468573002123,2.6416780139015827,1.7008186400424563,-50.47232255342215
2026-04-15T14:36:15.692,4.003489732950314,4.0047013762415276,4.003843784561383,4.002789497541755,-0.029844262856369867,2.1810830939461567,2.938360150954722,2.402365350864244,1.7434359635970509,-50.37305328570463
2026-04-15T14:36:15.800,4.003489732950314,4.0047013762415276,4.003843784561383,4.002789497541755,-0.029844262856369867,2.1810830939461567,2.938360150954722,2.402365350864244,1.7434359635970509,-50.37305328570463
2026-04-15T14:36:15.909,4.003489732950314,4.0047013762415276,4.003843784561383,4.002789497541755,-0.029844262856369867,2.1810830939461567,2.938360150954722,2.402365350864244,1.7434359635970509,-50.37305328570463
2026-04-15T14:36:16.019,4.002994060694817,4.004850864699534,4.003951311346967,4.0032956602153575,-0.039752518292502,1.8712879342608346,3.0317904372090254,2.4695695918541816,2.0597876345984645,-50.49690647865628
2026-04-15T14:36:16.128,4.002994060694817,4.004850864699534,4.003951311346967,4.0032956602153575,-0.039752518292502,1.8712879342608346,3.0317904372090254,2.4695695918541816,2.0597876345984645,-50.49690647865628
2026-04-15T14:36:16.236,4.002994060694817,4.004850864699534,4.003951311346967,4.0032956602153575,-0.039752518292502,1.8712879342608346,3.0317904372090254,2.4695695918541816,2.0597876345984645,-50.49690647865628
2026-04-15T14:36:16.345,4.002973079858606,4.0051813128698655,4.0038542749794885,4.002584934388693,-0.03390714548746727,1.8581749116286517,3.238320543665907,2.4089218621803354,1.6155839929332672,-50.423839318593345
2026-04-15T14:36:16.453,4.002973079858606,4.0051813128698655,4.0038542749794885,4.002584934388693,-0.03390714548746727,1.8581749116286517,3.238320543665907,2.4089218621803354,1.6155839929332672,-50.423839318593345
2026-04-15T14:36:16.562,4.002973079858606,4.0051813128698655,4.0038542749794885,4.002584934388693,-0.03390714548746727,1.8581749116286517,3.238320543665907,2.4089218621803354,1.6155839929332672,-50.423839318593345
2026-04-15T14:36:16.671,4.003628730990215,4.0049531462760655,4.00444960620699,4.0029232503726035,-0.041788938630882934,2.2679568688843688,3.0957164225409173,2.7810038793685266,1.8270314828772172,-50.52236173288603
2026-04-15T14:36:16.779,4.003628730990215,4.0049531462760655,4.00444960620699,4.0029232503726035,-0.041788938630882934,2.2679568688843688,3.0957164225409173,2.7810038793685266,1.8270314828772172,-50.52236173288603
2026-04-15T14:36:16.888,4.003628730990215,4.0049531462760655,4.00444960620699,4.0029232503726035,-0.041788938630882934,2.2679568688843688,3.0957164225409173,2.7810038793685266,1.8270314828772172,-50.52236173288603
2026-04-15T14:36:17.009,4.00350022336842,4.004895448976484,4.004344702025932,4.0032956602153575,-0.03232381622681901,2.187639605262248,3.059655610302414,2.715438766207612,2.0597876345984645,-50.40404770283524
2026-04-15T14:36:17.118,4.00350022336842,4.004895448976484,4.004344702025932,4.0032956602153575,-0.03232381622681901,2.187639605262248,3.059655610302414,2.715438766207612,2.0597876345984645,-50.40404770283524
2026-04-15T14:36:17.228,4.00350022336842,4.004895448976484,4.004344702025932,4.0032956602153575,-0.03232381622681901,2.187639605262248,3.059655610302414,2.715438766207612,2.0597876345984645,-50.40404770283524
2026-04-15T14:36:17.337,4.003167152593562,4.004567623410679,4.004667282382684,4.00269770638333,-0.038607343041089745,1.979470370976344,2.8547646316745556,2.9170514891774246,1.6860664895812505,-50.48259178801362
2026-04-15T14:36:17.447,4.003167152593562,4.004567623410679,4.004667282382684,4.00269770638333,-0.038607343041089745,1.979470370976344,2.8547646316745556,2.9170514891774246,1.6860664895812505,-50.48259178801362
2026-04-15T14:36:17.557,4.003167152593562,4.004567623410679,4.004667282382684,4.00269770638333,-0.038607343041089745,1.979470370976344,2.8547646316745556,2.9170514891774246,1.6860664895812505,-50.48259178801362
2026-04-15T14:36:17.667,4.003995895623916,4.004743337913951,4.004168987522661,4.003119945712086,-0.03447973311317339,2.4974347649475703,2.964586196219643,2.6056172016630796,1.9499660700539323,-50.43099666391466
2026-04-15T14:36:17.777,4.003995895623916,4.004743337913951,4.004168987522661,4.003119945712086,-0.03447973311317339,2.4974347649475703,2.964586196219643,2.6056172016630796,1.9499660700539323,-50.43099666391466
2026-04-15T14:36:17.886,4.003995895623916,4.004743337913951,4.004168987522661,4.003119945712086,-0.03447973311317339,2.4974347649475703,2.964586196219643,2.6056172016630796,1.9499660700539323,-50.43099666391466
2026-04-15T14:36:17.995,4.002695083778804,4.005223274542288,4.004245043053928,4.002897024327339,-0.030362081230921496,1.6844273617522276,3.2645465889302727,2.653151908704743,1.8106402045869885,-50.379526015386524
2026-04-15T14:36:18.103,4.002695083778804,4.005223274542288,4.004245043053928,4.002897024327339,-0.030362081230921496,1.6844273617522276,3.2645465889302727,2.653151908704743,1.8106402045869885,-50.379526015386524
2026-04-15T14:36:18.211,4.002695083778804,4.005223274542288,4.004245043053928,4.002897024327339,-0.030362081230921496,1.6844273617522276,3.2645465889302727,2.653151908704743,1.8106402045869885,-50.379526015386524
2026-04-15T14:36:18.319,4.003487110345787,4.00459647206047,4.0037939550753805,4.002233505382151,-0.028743898810447654,2.179443966117134,2.872795037793807,2.3712219221128095,1.3959408638442028,-50.3592987351306
2026-04-15T14:36:18.428,4.003487110345787,4.00459647206047,4.0037939550753805,4.002233505382151,-0.028743898810447654,2.179443966117134,2.872795037793807,2.3712219221128095,1.3959408638442028,-50.3592987351306
2026-04-15T14:36:18.536,4.003487110345787,4.00459647206047,4.0037939550753805,4.002233505382151,-0.028743898810447654,2.179443966117134,2.872795037793807,2.3712219221128095,1.3959408638442028,-50.3592987351306
2026-04-15T14:36:18.645,4.003851652374962,4.005349159559557,4.004717111868686,4.002744913264806,-0.033573550957708045,2.4072827343513126,3.3432247247233704,2.948194917928859,1.7155707905036621,-50.41966938697136
2026-04-15T14:36:18.753,4.003851652374962,4.005349159559557,4.004717111868686,4.002744913264806,-0.033573550957708045,2.4072827343513126,3.3432247247233704,2.948194917928859,1.7155707905036621,-50.41966938697136
2026-04-15T14:36:18.862,4.003851652374962,4.005349159559557,4.004717111868686,4.002744913264806,-0.033573550957708045,2.4072827343513126,3.3432247247233704,2.948194917928859,1.7155707905036621,-50.41966938697136
2026-04-15T14:36:18.971,4.003487110345787,4.004585981642364,4.004410267139093,4.0035474302498955,-0.03450960725016675,2.179443966117134,2.8662385264777157,2.7564169619331835,2.21714390618466,-50.431370090627084
2026-04-15T14:36:19.081,4.003487110345787,4.004585981642364,4.004410267139093,4.0035474302498955,-0.03450960725016675,2.179443966117134,2.8662385264777157,2.7564169619331835,2.21714390618466,-50.431370090627084
2026-04-15T14:36:19.190,4.003487110345787,4.004585981642364,4.004410267139093,4.0035474302498955,-0.03450960725016675,2.179443966117134,2.8662385264777157,2.7564169619331835,2.21714390618466,-50.431370090627084
2026-04-15T14:36:19.299,4.00297045725408,4.005684852938941,4.003914594883597,4.002482652812162,-0.032771928281719466,1.856535783800184,3.5530330868382975,2.4466218022478614,1.5516580076013753,-50.409649103521495
2026-04-15T14:36:19.408,4.00297045725408,4.005684852938941,4.003914594883597,4.002482652812162,-0.032771928281719466,1.856535783800184,3.5530330868382975,2.4466218022478614,1.5516580076013753,-50.409649103521495
2026-04-15T14:36:19.516,4.00297045725408,4.005684852938941,4.003914594883597,4.002482652812162,-0.032771928281719466,1.856535783800184,3.5530330868382975,2.4466218022478614,1.5516580076013753,-50.409649103521495
2026-04-15T14:36:19.625,4.003125190921139,4.005480289785879,4.0042266848222425,4.003403187000941,-0.04379548483227049,1.953244325711978,3.425181116174514,2.6416780139015827,2.126991875588402,-50.54744356040338
2026-04-15T14:36:19.734,4.003125190921139,4.005480289785879,4.0042266848222425,4.003403187000941,-0.04379548483227049,1.953244325711978,3.425181116174514,2.6416780139015827,2.126991875588402,-50.54744356040338
2026-04-15T14:36:19.843,4.003125190921139,4.005480289785879,4.0042266848222425,4.003403187000941,-0.04379548483227049,1.953244325711978,3.425181116174514,2.6416780139015827,2.126991875588402,-50.54744356040338
2026-04-15T14:36:19.951,4.003473997323155,4.004853487304061,4.004011631251075,4.002938985999762,-0.03999649041128114,2.1712483269720195,3.0334295650380483,2.5072695319217075,1.8368662498513544,-50.49995613014101
2026-04-15T14:36:20.060,4.003473997323155,4.004853487304061,4.004011631251075,4.002938985999762,-0.03999649041128114,2.1712483269720195,3.0334295650380483,2.5072695319217075,1.8368662498513544,-50.49995613014101
2026-04-15T14:36:20.168,4.003473997323155,4.004853487304061,4.004011631251075,4.002938985999762,-0.03999649041128114,2.1712483269720195,3.0334295650380483,2.5072695319217075,1.8368662498513544,-50.49995613014101
2026-04-15T14:36:20.278,4.003258943751987,4.0048272612587965,4.00414013887287,4.002983570276712,-0.03864717522374757,2.0368398449921443,3.0170382867478196,2.587586795543828,1.8647314229447431,-50.48308969029684
2026-04-15T14:36:20.401,4.003258943751987,4.0048272612587965,4.00414013887287,4.002983570276712,-0.03864717522374757,2.0368398449921443,3.0170382867478196,2.587586795543828,1.8647314229447431,-50.48308969029684
2026-04-15T14:36:20.509,4.003258943751987,4.0048272612587965,4.00414013887287,4.002983570276712,-0.03864717522374757,2.0368398449921443,3.0170382867478196,2.587586795543828,1.8647314229447431,-50.48308969029684
2026-04-15T14:36:20.619,4.003560543272528,4.005191803287971,4.003982782601284,4.003306150633463,-0.0417839596080507,2.225339545329774,3.2448770549819983,2.489239125802456,2.066344145914556,-50.52229949510063
2026-04-15T14:36:20.727,4.003560543272528,4.005191803287971,4.003982782601284,4.003306150633463,-0.0417839596080507,2.225339545329774,3.2448770549819983,2.489239125802456,2.066344145914556,-50.52229949510063
2026-04-15T14:36:20.836,4.003560543272528,4.005191803287971,4.003982782601284,4.003306150633463,-0.0417839596080507,2.225339545329774,3.2448770549819983,2.489239125802456,2.066344145914556,-50.52229949510063
2026-04-15T14:36:20.945,4.003334999283254,4.00497937232133,4.004161119709082,4.003101587480401,-0.03710367814575713,2.0843745520338075,3.112107700831146,2.600699818176011,1.9384921752507722,-50.46379597682197
2026-04-15T14:36:21.054,4.003334999283254,4.00497937232133,4.004161119709082,4.003101587480401,-0.03710367814575713,2.0843745520338075,3.112107700831146,2.600699818176011,1.9384921752507722,-50.46379597682197
2026-04-15T14:36:21.162,4.003334999283254,4.00497937232133,4.004161119709082,4.003101587480401,-0.03710367814575713,2.0843745520338075,3.112107700831146,2.600699818176011,1.9384921752507722,-50.46379597682197
2026-04-15T14:36:21.271,4.00383853935233,4.0048770907448,4.004179477940767,4.003447771277891,-0.03626720230994296,2.3990870952061982,3.048181715499809,2.612173712979171,2.154857048681791,-50.45334002887428
2026-04-15T14:36:21.379,4.00383853935233,4.0048770907448,4.004179477940767,4.003447771277891,-0.03626720230994296,2.3990870952061982,3.048181715499809,2.612173712979171,2.154857048681791,-50.45334002887428
2026-04-15T14:36:21.488,4.00383853935233,4.0048770907448,4.004179477940767,4.003447771277891,-0.03626720230994296,2.3990870952061982,3.048181715499809,2.612173712979171,2.154857048681791,-50.45334002887428
2026-04-15T14:36:21.599,4.003329754074201,4.004630565919314,4.004499435692992,4.002563953552482,-0.04110183348003558,2.0810962963757618,2.8941036995711045,2.812147308119961,1.6024709703010842,-50.51377291850044
2026-04-15T14:36:21.709,4.003329754074201,4.004630565919314,4.004499435692992,4.002563953552482,-0.04110183348003558,2.0810962963757618,2.8941036995711045,2.812147308119961,1.6024709703010842,-50.51377291850044
2026-04-15T14:36:21.817,4.003329754074201,4.004630565919314,4.004499435692992,4.002563953552482,-0.04110183348003558,2.0810962963757618,2.8941036995711045,2.812147308119961,1.6024709703010842,-50.51377291850044
2026-04-15T14:36:21.926,4.003502845972946,4.004646301546472,4.00466990498721,4.002980947672185,-0.04370088339845818,2.189278733091271,2.9039384665452417,2.9186906170064475,1.8630922951157203,-50.54626104248072
2026-04-15T14:36:22.036,4.003502845972946,4.004646301546472,4.00466990498721,4.002980947672185,-0.04370088339845818,2.189278733091271,2.9039384665452417,2.9186906170064475,1.8630922951157203,-50.54626104248072
2026-04-15T14:36:22.144,4.003502845972946,4.004646301546472,4.00466990498721,4.002980947672185,-0.04370088339845818,2.189278733091271,2.9039384665452417,2.9186906170064475,1.8630922951157203,-50.54626104248072
2026-04-15T14:36:22.255,4.003316641051569,4.004326343794247,4.003731012566746,4.00285244005039,-0.04972052200262087,2.0729006572306474,2.7039648714044517,2.3318828542162606,1.7827750314935997,-50.62150652503276
2026-04-15T14:36:22.364,4.003316641051569,4.004326343794247,4.003731012566746,4.00285244005039,-0.04972052200262087,2.0729006572306474,2.7039648714044517,2.3318828542162606,1.7827750314935997,-50.62150652503276
2026-04-15T14:36:22.473,4.003316641051569,4.004326343794247,4.003731012566746,4.00285244005039,-0.04972052200262087,2.0729006572306474,2.7039648714044517,2.3318828542162606,1.7827750314935997,-50.62150652503276
2026-04-15T14:36:22.582,4.003214359475038,4.0045807364333115,4.004376173280249,4.002881288700181,-0.041365721690143624,2.0089746718987556,2.86296027081967,2.7351083001558862,1.8008054376128513,-50.5170715211268
2026-04-15T14:36:22.691,4.003214359475038,4.0045807364333115,4.004376173280249,4.002881288700181,-0.041365721690143624,2.0089746718987556,2.86296027081967,2.7351083001558862,1.8008054376128513,-50.5170715211268
2026-04-15T14:36:22.801,4.003214359475038,4.0045807364333115,4.004376173280249,4.002881288700181,-0.041365721690143624,2.0089746718987556,2.86296027081967,2.7351083001558862,1.8008054376128513,-50.5170715211268
2026-04-15T14:36:22.909,4.002931118186183,4.005018711389226,4.004546642574468,4.003458261695997,-0.052812495181433966,1.8319488663642858,3.136694618266489,2.8416516090423727,2.1614135599978823,-50.660156189767925
2026-04-15T14:36:23.017,4.002931118186183,4.005018711389226,4.004546642574468,4.003458261695997,-0.052812495181433966,1.8319488663642858,3.136694618266489,2.8416516090423727,2.1614135599978823,-50.660156189767925
2026-04-15T14:36:23.127,4.002931118186183,4.005018711389226,4.004546642574468,4.003458261695997,-0.052812495181433966,1.8319488663642858,3.136694618266489,2.8416516090423727,2.1614135599978823,-50.660156189767925
2026-04-15T14:36:23.236,4.003563165877054,4.005225897146815,4.004465341834148,4.003059625807978,-0.04272997394617387,2.226978673158797,3.2661857167592956,2.7908386463426638,1.9122661299864063,-50.534124674327174
2026-04-15T14:36:23.344,4.003563165877054,4.005225897146815,4.004465341834148,4.003059625807978,-0.04272997394617387,2.226978673158797,3.2661857167592956,2.7908386463426638,1.9122661299864063,-50.534124674327174
2026-04-15T14:36:23.452,4.003563165877054,4.005225897146815,4.004465341834148,4.003059625807978,-0.04272997394617387,2.226978673158797,3.2661857167592956,2.7908386463426638,1.9122661299864063,-50.534124674327174
2026-04-15T14:36:23.561,4.003075361435137,4.004806280422585,4.003885746233806,4.003059625807978,-0.04842099704340957,1.9221008969605435,3.0039252641156367,2.42859139612861,1.9122661299864063,-50.60526246304262
2026-04-15T14:36:23.669,4.003075361435137,4.004806280422585,4.003885746233806,4.003059625807978,-0.04842099704340957,1.9221008969605435,3.0039252641156367,2.42859139612861,1.9122661299864063,-50.60526246304262
2026-04-15T14:36:23.779,4.003075361435137,4.004806280422585,4.003885746233806,4.003059625807978,-0.04842099704340957,1.9221008969605435,3.0039252641156367,2.42859139612861,1.9122661299864063,-50.60526246304262
2026-04-15T14:36:23.887,4.0038752558157,4.004863977722167,4.004276514308245,4.0027344228467,-0.05301663511755528,2.4220348848125184,3.0399860763541398,2.6728214426530172,1.7090142791875707,-50.66270793896944
2026-04-15T14:36:23.997,4.0038752558157,4.004863977722167,4.004276514308245,4.0027344228467,-0.05301663511755528,2.4220348848125184,3.0399860763541398,2.6728214426530172,1.7090142791875707,-50.66270793896944
2026-04-15T14:36:24.106,4.0038752558157,4.004863977722167,4.004276514308245,4.0027344228467,-0.05301663511755528,2.4220348848125184,3.0399860763541398,2.6728214426530172,1.7090142791875707,-50.66270793896944
2026-04-15T14:36:24.216,4.003476619927682,4.005086899106914,4.004037857296339,4.003224849893144,-0.043646114147303676,2.1728874548010424,3.1793119418210836,2.5236608102119362,2.015531183214847,-50.5455764268413
2026-04-15T14:36:24.326,4.003476619927682,4.005086899106914,4.004037857296339,4.003224849893144,-0.043646114147303676,2.1728874548010424,3.1793119418210836,2.5236608102119362,2.015531183214847,-50.5455764268413
2026-04-15T14:36:24.436,4.003476619927682,4.005086899106914,4.004037857296339,4.003224849893144,-0.043646114147303676,2.1728874548010424,3.1793119418210836,2.5236608102119362,2.015531183214847,-50.5455764268413
2026-04-15T14:36:24.544,4.003925085301702,4.004609585083103,4.004085064177815,4.003434658255259,-0.04026037862138918,2.453178313563953,2.8809906769394766,2.553165111134348,2.1466614095366765,-50.50325473276737
2026-04-15T14:36:24.654,4.003925085301702,4.004609585083103,4.004085064177815,4.003434658255259,-0.04026037862138918,2.453178313563953,2.8809906769394766,2.553165111134348,2.1466614095366765,-50.50325473276737
2026-04-15T14:36:24.763,4.003925085301702,4.004609585083103,4.004085064177815,4.003434658255259,-0.04026037862138918,2.453178313563953,2.8809906769394766,2.553165111134348,2.1466614095366765,-50.50325473276737
2026-04-15T14:36:24.887,4.003256321147461,4.005008220971121,4.003883123629279,4.0027370454512265,-0.03534608308598093,2.0352007171631215,3.1301381069503975,2.426952268299587,1.7106534070165935,-50.44182603857477
2026-04-15T14:36:25.009,4.003256321147461,4.005008220971121,4.003883123629279,4.0027370454512265,-0.03534608308598093,2.0352007171631215,3.1301381069503975,2.426952268299587,1.7106534070165935,-50.44182603857477
2026-04-15T14:36:25.119,4.003256321147461,4.005008220971121,4.003883123629279,4.0027370454512265,-0.03534608308598093,2.0352007171631215,3.1301381069503975,2.426952268299587,1.7106534070165935,-50.44182603857477
2026-04-15T14:36:25.228,4.003075361435137,4.005118370361231,4.0044968130884655,4.003397941791889,-0.036595817816869956,1.9221008969605435,3.198981475769358,2.810508180290938,2.1237136199303563,-50.45744772271088
2026-04-15T14:36:25.336,4.003075361435137,4.005118370361231,4.0044968130884655,4.003397941791889,-0.036595817816869956,1.9221008969605435,3.198981475769358,2.810508180290938,2.1237136199303563,-50.45744772271088
2026-04-15T14:36:25.443,4.003075361435137,4.005118370361231,4.0044968130884655,4.003397941791889,-0.036595817816869956,1.9221008969605435,3.198981475769358,2.810508180290938,2.1237136199303563,-50.45744772271088
2026-04-15T14:36:25.552,4.003405809605468,4.004926920230801,4.004347324630459,4.003618240572109,-0.04959604643181519,2.128631003417425,3.0793251442506886,2.7170778940366347,2.2614003575682773,-50.619950580397685
2026-04-15T14:36:25.659,4.003405809605468,4.004926920230801,4.004347324630459,4.003618240572109,-0.04959604643181519,2.128631003417425,3.0793251442506886,2.7170778940366347,2.2614003575682773,-50.619950580397685
2026-04-15T14:36:25.769,4.003405809605468,4.004926920230801,4.004347324630459,4.003618240572109,-0.04959604643181519,2.128631003417425,3.0793251442506886,2.7170778940366347,2.2614003575682773,-50.619950580397685
2026-04-15T14:36:25.879,4.003062248412505,4.005393743836507,4.004129648454764,4.002272844450047,-0.04900852173761238,1.9139052578154292,3.371089897816759,2.5810302842277366,1.4205277812795458,-50.61260652172015
2026-04-15T14:36:25.988,4.003062248412505,4.005393743836507,4.004129648454764,4.002272844450047,-0.04900852173761238,1.9139052578154292,3.371089897816759,2.5810302842277366,1.4205277812795458,-50.61260652172015
2026-04-15T14:36:26.096,4.003062248412505,4.005393743836507,4.004129648454764,4.002272844450047,-0.04900852173761238,1.9139052578154292,3.371089897816759,2.5810302842277366,1.4205277812795458,-50.61260652172015
2026-04-15T14:36:26.204,4.002629518665643,4.00505280524807,4.00436830546667,4.00285244005039,-0.0490682700115991,1.643449166026656,3.1580032800437863,2.7301909166688176,1.7827750314935997,-50.61335337514499
2026-04-15T14:36:26.313,4.002629518665643,4.00505280524807,4.00436830546667,4.00285244005039,-0.0490682700115991,1.643449166026656,3.1580032800437863,2.7301909166688176,1.7827750314935997,-50.61335337514499
2026-04-15T14:36:26.420,4.002629518665643,4.00505280524807,4.00436830546667,4.00285244005039,-0.0490682700115991,1.643449166026656,3.1580032800437863,2.7301909166688176,1.7827750314935997,-50.61335337514499
2026-04-15T14:36:26.530,4.0026583673154335,4.005676985125362,4.003880501024753,4.003400564396415,-0.0480425913081603,1.6614795721459075,3.548115703351229,2.425313140470564,2.125352747759379,-50.600532391352004
2026-04-15T14:36:26.638,4.0026583673154335,4.005676985125362,4.003880501024753,4.003400564396415,-0.0480425913081603,1.6614795721459075,3.548115703351229,2.425313140470564,2.125352747759379,-50.600532391352004
2026-04-15T14:36:26.746,4.0026583673154335,4.005676985125362,4.003880501024753,4.003400564396415,-0.0480425913081603,1.6614795721459075,3.548115703351229,2.425313140470564,2.125352747759379,-50.600532391352004
2026-04-15T14:36:26.870,4.003253698542935,4.005265236214712,4.004095554595921,4.002702951592383,-0.042137470229138836,2.0335615893340986,3.2907726341951937,2.5597216224504393,1.6893447452392962,-50.526718377864235
2026-04-15T14:36:26.980,4.003253698542935,4.005265236214712,4.004095554595921,4.002702951592383,-0.042137470229138836,2.0335615893340986,3.2907726341951937,2.5597216224504393,1.6893447452392962,-50.526718377864235
2026-04-15T14:36:27.090,4.003253698542935,4.005265236214712,4.004095554595921,4.002702951592383,-0.042137470229138836,2.0335615893340986,3.2907726341951937,2.5597216224504393,1.6893447452392962,-50.526718377864235
2026-04-15T14:36:27.199,4.002957344231447,4.005050182643544,4.004688263218895,4.002393484258263,-0.036969244529286995,1.8483401446545145,3.1563641522147634,2.9301645118096076,1.4959276614145978,-50.462115556616084
2026-04-15T14:36:27.323,4.002957344231447,4.005050182643544,4.004688263218895,4.002393484258263,-0.036969244529286995,1.8483401446545145,3.1563641522147634,2.9301645118096076,1.4959276614145978,-50.462115556616084
2026-04-15T14:36:27.432,4.002957344231447,4.005050182643544,4.004688263218895,4.002393484258263,-0.036969244529286995,1.8483401446545145,3.1563641522147634,2.9301645118096076,1.4959276614145978,-50.462115556616084
2026-04-15T14:36:27.543,4.002933740790709,4.005503893226617,4.004001140832969,4.002768516705544,-0.041579819671929384,1.8335879941933086,3.4399332666357196,2.500713020605616,1.730322940964868,-50.51974774589911
2026-04-15T14:36:27.637,4.002933740790709,4.005503893226617,4.004001140832969,4.002768516705544,-0.041579819671929384,1.8335879941933086,3.4399332666357196,2.500713020605616,1.730322940964868,-50.51974774589911
2026-04-15T14:36:27.761,4.002933740790709,4.005503893226617,4.004001140832969,4.002768516705544,-0.041579819671929384,1.8335879941933086,3.4399332666357196,2.500713020605616,1.730322940964868,-50.51974774589911
2026-04-15T14:36:27.871,4.0030071737174495,4.005173445056286,4.004182100545293,4.0031094552939805,-0.040464518557510494,1.879483573405949,3.233403160178838,2.613812840808194,1.9434095587378408,-50.50580648196888
2026-04-15T14:36:27.965,4.0030071737174495,4.005173445056286,4.004182100545293,4.0031094552939805,-0.040464518557510494,1.879483573405949,3.233403160178838,2.613812840808194,1.9434095587378408,-50.50580648196888
2026-04-15T14:36:28.075,4.0030071737174495,4.005173445056286,4.004182100545293,4.0031094552939805,-0.040464518557510494,1.879483573405949,3.233403160178838,2.613812840808194,1.9434095587378408,-50.50580648196888
2026-04-15T14:36:28.198,4.00352907201821,4.0048036578180595,4.004134893663817,4.0025062562529,-0.042515875964388106,2.2056700113814998,3.002286136287169,2.5843085398857824,1.566410158062581,-50.53144844955485
2026-04-15T14:36:28.308,4.00352907201821,4.0048036578180595,4.004134893663817,4.0025062562529,-0.042515875964388106,2.2056700113814998,3.002286136287169,2.5843085398857824,1.566410158062581,-50.53144844955485
2026-04-15T14:36:28.417,4.00352907201821,4.0048036578180595,4.004134893663817,4.0025062562529,-0.042515875964388106,2.2056700113814998,3.002286136287169,2.5843085398857824,1.566410158062581,-50.53144844955485
2026-04-15T14:36:28.526,4.003327131469675,4.004947901067013,4.004300117748983,4.002891779118286,-0.04145036507829148,2.079457168546739,3.0924381668828715,2.687573593114223,1.8073619489289428,-50.518129563478645
2026-04-15T14:36:28.633,4.003327131469675,4.004947901067013,4.004300117748983,4.002891779118286,-0.04145036507829148,2.079457168546739,3.0924381668828715,2.687573593114223,1.8073619489289428,-50.518129563478645
2026-04-15T14:36:28.742,4.003327131469675,4.004947901067013,4.004300117748983,4.002891779118286,-0.04145036507829148,2.079457168546739,3.0924381668828715,2.687573593114223,1.8073619489289428,-50.518129563478645
2026-04-15T14:36:28.853,4.003673315267164,4.004879713349325,4.004242420449401,4.003534317227263,-0.03891106343385561,2.2958220419777575,3.049820843328277,2.65151278087572,2.2089482670395455,-50.48638829292319
2026-04-15T14:36:28.962,4.003673315267164,4.004879713349325,4.004242420449401,4.003534317227263,-0.03891106343385561,2.2958220419777575,3.049820843328277,2.65151278087572,2.2089482670395455,-50.48638829292319
2026-04-15T14:36:29.071,4.003673315267164,4.004879713349325,4.004242420449401,4.003534317227263,-0.03891106343385561,2.2958220419777575,3.049820843328277,2.65151278087572,2.2089482670395455,-50.48638829292319
2026-04-15T14:36:29.181,4.003458261695997,4.005257368401132,4.0042266848222425,4.003484487741261,-0.04489086985536048,2.1614135599978823,3.28585525070757,2.6416780139015827,2.177804838288111,-50.56113587319201
2026-04-15T14:36:29.288,4.003458261695997,4.005257368401132,4.0042266848222425,4.003484487741261,-0.04489086985536048,2.1614135599978823,3.28585525070757,2.6416780139015827,2.177804838288111,-50.56113587319201
2026-04-15T14:36:29.397,4.003458261695997,4.005257368401132,4.0042266848222425,4.003484487741261,-0.04489086985536048,2.1614135599978823,3.28585525070757,2.6416780139015827,2.177804838288111,-50.56113587319201
2026-04-15T14:36:29.508,4.003494978159367,4.0047249796822655,4.004035234691813,4.003009796321976,-0.03518177533251743,2.1843613496042025,2.9531123014159277,2.5220216823829134,1.8811227012349718,-50.43977219165647
2026-04-15T14:36:29.616,4.003494978159367,4.0047249796822655,4.004035234691813,4.003009796321976,-0.03518177533251743,2.1843613496042025,2.9531123014159277,2.5220216823829134,1.8811227012349718,-50.43977219165647
2026-04-15T14:36:29.725,4.003494978159367,4.0047249796822655,4.004035234691813,4.003009796321976,-0.03518177533251743,2.1843613496042025,2.9531123014159277,2.5220216823829134,1.8811227012349718,-50.43977219165647
2026-04-15T14:36:29.833,4.003429413046206,4.005026579202806,4.003628730990215,4.003615617967583,-0.035191733378181884,2.1433831538786308,3.1416120017535576,2.2679568688843688,2.2597612297392544,-50.439896667227266
2026-04-15T14:36:29.942,4.003429413046206,4.005026579202806,4.003628730990215,4.003615617967583,-0.035191733378181884,2.1433831538786308,3.1416120017535576,2.2679568688843688,2.2597612297392544,-50.439896667227266
2026-04-15T14:36:30.051,4.003429413046206,4.005026579202806,4.003628730990215,4.003615617967583,-0.035191733378181884,2.1433831538786308,3.1416120017535576,2.2679568688843688,2.2597612297392544,-50.439896667227266
2026-04-15T14:36:30.161,4.003198623847879,4.004593849455944,4.003846407165909,4.002700328987856,-0.026856849157033545,1.9991399049246183,2.8711559099647843,2.404004478693267,1.6877056174102734,-50.33571061446291
2026-04-15T14:36:30.270,4.003198623847879,4.004593849455944,4.003846407165909,4.002700328987856,-0.026856849157033545,1.9991399049246183,2.8711559099647843,2.404004478693267,1.6877056174102734,-50.33571061446291
2026-04-15T14:36:30.380,4.003198623847879,4.004593849455944,4.003846407165909,4.002700328987856,-0.026856849157033545,1.9991399049246183,2.8711559099647843,2.404004478693267,1.6877056174102734,-50.33571061446291
2026-04-15T14:36:30.488,4.004187345754346,4.005107879943125,4.0037100317305345,4.003237962915777,-0.0362373281729496,2.6170910964662397,3.1924249644532665,2.3187698315840777,2.0237268223605165,-50.45296660216187
2026-04-15T14:36:30.597,4.004187345754346,4.005107879943125,4.0037100317305345,4.003237962915777,-0.0362373281729496,2.6170910964662397,3.1924249644532665,2.3187698315840777,2.0237268223605165,-50.45296660216187
2026-04-15T14:36:30.709,4.004187345754346,4.005107879943125,4.0037100317305345,4.003237962915777,-0.0362373281729496,2.6170910964662397,3.1924249644532665,2.3187698315840777,2.0237268223605165,-50.45296660216187
2026-04-15T14:36:30.818,4.0035474302498955,4.005430460299877,4.003822803725171,4.002341032167735,-0.03796007007290021,2.21714390618466,3.3940376874230793,2.389252328232061,1.4631451048341404,-50.474500875911254
2026-04-15T14:36:30.926,4.0035474302498955,4.005430460299877,4.003822803725171,4.002341032167735,-0.03796007007290021,2.21714390618466,3.3940376874230793,2.389252328232061,1.4631451048341404,-50.474500875911254
2026-04-15T14:36:31.034,4.0035474302498955,4.005430460299877,4.003822803725171,4.002341032167735,-0.03796007007290021,2.21714390618466,3.3940376874230793,2.389252328232061,1.4631451048341404,-50.474500875911254
2026-04-15T14:36:31.143,4.0035054685774725,4.005448818531562,4.004305362958036,4.003059625807978,-0.033523760729385774,2.190917860920294,3.4055115822262394,2.690851848772269,1.9122661299864063,-50.41904700911732
2026-04-15T14:36:31.251,4.0035054685774725,4.005448818531562,4.004305362958036,4.003059625807978,-0.033523760729385774,2.190917860920294,3.4055115822262394,2.690851848772269,1.9122661299864063,-50.41904700911732
2026-04-15T14:36:31.361,4.0035054685774725,4.005448818531562,4.004305362958036,4.003059625807978,-0.033523760729385774,2.190917860920294,3.4055115822262394,2.690851848772269,1.9122661299864063,-50.41904700911732
2026-04-15T14:36:31.468,4.003303528028937,4.00558257136241,4.003741502984852,4.003476619927682,-0.033419201249909,2.064705018085533,3.4891071015064057,2.338439365532352,2.1728874548010424,-50.417740015623856
2026-04-15T14:36:31.577,4.003303528028937,4.00558257136241,4.003741502984852,4.003476619927682,-0.033419201249909,2.064705018085533,3.4891071015064057,2.338439365532352,2.1728874548010424,-50.417740015623856
2026-04-15T14:36:31.687,4.003303528028937,4.00558257136241,4.003741502984852,4.003476619927682,-0.033419201249909,2.064705018085533,3.4891071015064057,2.338439365532352,2.1728874548010424,-50.417740015623856
2026-04-15T14:36:31.798,4.003358602723992,4.00600218808664,4.004056215528024,4.003001928508397,-0.02876879392460879,2.0991267024950133,3.7513675541500646,2.5351347050150963,1.8762053177479032,-50.359609924057615
2026-04-15T14:36:31.908,4.003358602723992,4.00600218808664,4.004056215528024,4.003001928508397,-0.02876879392460879,2.0991267024950133,3.7513675541500646,2.5351347050150963,1.8762053177479032,-50.359609924057615
2026-04-15T14:36:32.014,4.003358602723992,4.00600218808664,4.004056215528024,4.003001928508397,-0.02876879392460879,2.0991267024950133,3.7513675541500646,2.5351347050150963,1.8762053177479032,-50.359609924057615
2026-04-15T14:36:32.125,4.00327205677462,4.0055117610401965,4.0039985182284425,4.002563953552482,-0.025019589731941703,2.0450354841372587,3.4448506501227882,2.499073892776593,1.6024709703010842,-50.31274487164927
2026-04-15T14:36:32.232,4.00327205677462,4.0055117610401965,4.0039985182284425,4.002563953552482,-0.025019589731941703,2.0450354841372587,3.4448506501227882,2.499073892776593,1.6024709703010842,-50.31274487164927
2026-04-15T14:36:32.342,4.00327205677462,4.0055117610401965,4.0039985182284425,4.002563953552482,-0.025019589731941703,2.0450354841372587,3.4448506501227882,2.499073892776593,1.6024709703010842,-50.31274487164927
2026-04-15T14:36:32.451,4.002967834649553,4.005461931554194,4.004009008646548,4.003201246452406,-0.02136996599591916,1.854896655970606,3.4137072213713537,2.5056304040926847,2.000779032753641,-50.26712457494899
2026-04-15T14:36:32.560,4.002967834649553,4.005461931554194,4.004009008646548,4.003201246452406,-0.02136996599591916,1.854896655970606,3.4137072213713537,2.5056304040926847,2.000779032753641,-50.26712457494899
2026-04-15T14:36:32.670,4.002967834649553,4.005461931554194,4.004009008646548,4.003201246452406,-0.02136996599591916,1.854896655970606,3.4137072213713537,2.5056304040926847,2.000779032753641,-50.26712457494899
2026-04-15T14:36:32.794,4.003510713786525,4.005118370361231,4.00398540520581,4.0027790071236495,-0.026373883942307504,2.1941961165783397,3.198981475769358,2.490878253631479,1.7368794522809594,-50.329673549278844
2026-04-15T14:36:32.887,4.003510713786525,4.005118370361231,4.00398540520581,4.0027790071236495,-0.026373883942307504,2.1941961165783397,3.198981475769358,2.490878253631479,1.7368794522809594,-50.329673549278844
2026-04-15T14:36:33.011,4.003510713786525,4.005118370361231,4.00398540520581,4.0027790071236495,-0.026373883942307504,2.1941961165783397,3.198981475769358,2.490878253631479,1.7368794522809594,-50.329673549278844
2026-04-15T14:36:33.120,4.003243208124829,4.0045807364333115,4.003780842052748,4.003316641051569,-0.028793689038769926,2.027005078018007,2.86296027081967,2.363026282967695,2.0729006572306474,-50.35992111298463
2026-04-15T14:36:33.230,4.003243208124829,4.0045807364333115,4.003780842052748,4.003316641051569,-0.028793689038769926,2.027005078018007,2.86296027081967,2.363026282967695,2.0729006572306474,-50.35992111298463
2026-04-15T14:36:33.338,4.003243208124829,4.0045807364333115,4.003780842052748,4.003316641051569,-0.028793689038769926,2.027005078018007,2.86296027081967,2.363026282967695,2.0729006572306474,-50.35992111298463
2026-04-15T14:36:33.449,4.003243208124829,4.005021333993753,4.004001140832969,4.003384828769256,-0.028529800828661883,2.027005078018007,3.138333746095512,2.500713020605616,2.115517980785242,-50.35662251035827
2026-04-15T14:36:33.574,4.003243208124829,4.005021333993753,4.004001140832969,4.003384828769256,-0.028529800828661883,2.027005078018007,3.138333746095512,2.500713020605616,2.115517980785242,-50.35662251035827
2026-04-15T14:36:33.668,4.003243208124829,4.005021333993753,4.004001140832969,4.003384828769256,-0.028529800828661883,2.027005078018007,3.138333746095512,2.500713020605616,2.115517980785242,-50.35662251035827
2026-04-15T14:36:33.792,4.00307273883061,4.005380630813875,4.00345563909147,4.003167152593562,-0.034200907834568674,1.9204617691315207,3.362894258671645,2.1597744321688594,1.979470370976344,-50.42751134793211
2026-04-15T14:36:33.900,4.00307273883061,4.005380630813875,4.00345563909147,4.003167152593562,-0.034200907834568674,1.9204617691315207,3.362894258671645,2.1597744321688594,1.979470370976344,-50.42751134793211
2026-04-15T14:36:34.007,4.00307273883061,4.005380630813875,4.00345563909147,4.003167152593562,-0.034200907834568674,1.9204617691315207,3.362894258671645,2.1597744321688594,1.979470370976344,-50.42751134793211
2026-04-15T14:36:34.117,4.003106832689454,4.004853487304061,4.003862142793068,4.002991438090291,-0.030078276929484546,1.941770430908818,3.0334295650380483,2.413839245667404,1.8696488064318117,-50.37597846161855
2026-04-15T14:36:34.225,4.003106832689454,4.004853487304061,4.003862142793068,4.002991438090291,-0.030078276929484546,1.941770430908818,3.0334295650380483,2.413839245667404,1.8696488064318117,-50.37597846161855
2026-04-15T14:36:34.334,4.003106832689454,4.004853487304061,4.003862142793068,4.002991438090291,-0.030078276929484546,1.941770430908818,3.0334295650380483,2.413839245667404,1.8696488064318117,-50.37597846161855
2026-04-15T14:36:34.444,4.002996683299344,4.005433082904403,4.004874468140272,4.002637386479222,-0.025532429083661108,1.8729270620898575,3.395676815252102,3.0465425876702312,1.6483665495137245,-50.31915536354576
2026-04-15T14:36:34.552,4.002996683299344,4.005433082904403,4.004874468140272,4.002637386479222,-0.025532429083661108,1.8729270620898575,3.395676815252102,3.0465425876702312,1.6483665495137245,-50.31915536354576
2026-04-15T14:36:34.661,4.002996683299344,4.005433082904403,4.004874468140272,4.002637386479222,-0.025532429083661108,1.8729270620898575,3.395676815252102,3.0465425876702312,1.6483665495137245,-50.31915536354576
2026-04-15T14:36:34.770,4.003825426329698,4.0052835944463965,4.003413677419047,4.003592014526845,-0.030775340125996354,2.390891456061084,3.3022465289977987,2.1335483869044936,2.2450090792780486,-50.38469175157495
2026-04-15T14:36:34.881,4.003825426329698,4.0052835944463965,4.003413677419047,4.003592014526845,-0.030775340125996354,2.390891456061084,3.3022465289977987,2.1335483869044936,2.2450090792780486,-50.38469175157495
2026-04-15T14:36:34.989,4.003825426329698,4.0052835944463965,4.003413677419047,4.003592014526845,-0.030775340125996354,2.390891456061084,3.3022465289977987,2.1335483869044936,2.2450090792780486,-50.38469175157495
2026-04-15T14:36:35.100,4.003201246452406,4.005425215090824,4.0037100317305345,4.003077984039663,-0.02825097555005716,2.000779032753641,3.3907594317650336,2.3187698315840777,1.9237400247895664,-50.35313719437572
2026-04-15T14:36:35.206,4.003201246452406,4.005425215090824,4.0037100317305345,4.003077984039663,-0.02825097555005716,2.000779032753641,3.3907594317650336,2.3187698315840777,1.9237400247895664,-50.35313719437572
2026-04-15T14:36:35.311,4.003201246452406,4.005425215090824,4.0037100317305345,4.003077984039663,-0.02825097555005716,2.000779032753641,3.3907594317650336,2.3187698315840777,1.9237400247895664,-50.35313719437572
2026-04-15T14:36:35.421,4.003696918707902,4.005375385604822,4.004237175240348,4.003290415006305,-0.0216139381146983,2.3105741924389633,3.359616003013599,2.648234525217674,2.0565093789404187,-50.27017422643373
2026-04-15T14:36:35.531,4.003696918707902,4.005375385604822,4.004237175240348,4.003290415006305,-0.0216139381146983,2.3105741924389633,3.359616003013599,2.648234525217674,2.0565093789404187,-50.27017422643373
2026-04-15T14:36:35.642,4.003696918707902,4.005375385604822,4.004237175240348,4.003290415006305,-0.0216139381146983,2.3105741924389633,3.359616003013599,2.648234525217674,2.0565093789404187,-50.27017422643373
2026-04-15T14:36:35.752,4.004625320710261,4.005315065700714,4.004192590963399,4.002980947672185,-0.028151395093412617,2.8908254439130587,3.321916062946073,2.6203693521242855,1.8630922951157203,-50.351892438667655
2026-04-15T14:36:35.856,4.004625320710261,4.005315065700714,4.004192590963399,4.002980947672185,-0.028151395093412617,2.8908254439130587,3.321916062946073,2.6203693521242855,1.8630922951157203,-50.351892438667655
2026-04-15T14:36:35.971,4.004625320710261,4.005315065700714,4.004192590963399,4.002980947672185,-0.028151395093412617,2.8908254439130587,3.321916062946073,2.6203693521242855,1.8630922951157203,-50.351892438667655
2026-04-15T14:36:36.081,4.00330877323799,4.0050973895250195,4.004252910867507,4.003015041531029,-0.02893310167807229,2.067983273743579,3.185868453137175,2.6580692921918114,1.8844009568930176,-50.36166377097591
2026-04-15T14:36:36.190,4.00330877323799,4.0050973895250195,4.004252910867507,4.003015041531029,-0.02893310167807229,2.067983273743579,3.185868453137175,2.6580692921918114,1.8844009568930176,-50.36166377097591
2026-04-15T14:36:36.297,4.00330877323799,4.0050973895250195,4.004252910867507,4.003015041531029,-0.02893310167807229,2.067983273743579,3.185868453137175,2.6580692921918114,1.8844009568930176,-50.36166377097591
2026-04-15T14:36:36.406,4.00308060664419,4.005002975762068,4.004302740353509,4.00315403957093,-0.028275870664218297,1.9253791526185893,3.1268598512923518,2.689212720943246,1.9712747318312296,-50.35344838330273
2026-04-15T14:36:36.515,4.00308060664419,4.005002975762068,4.004302740353509,4.00315403957093,-0.028275870664218297,1.9253791526185893,3.1268598512923518,2.689212720943246,1.9712747318312296,-50.35344838330273
2026-04-15T14:36:36.624,4.00308060664419,4.005002975762068,4.004302740353509,4.00315403957093,-0.028275870664218297,1.9253791526185893,3.1268598512923518,2.689212720943246,1.9712747318312296,-50.35344838330273
2026-04-15T14:36:36.733,4.004043102505392,4.0052599910056585,4.004187345754346,4.003329754074201,-0.03167654325862948,2.526939065869982,3.287494378536593,2.6170910964662397,2.0810962963757618,-50.39595679073287
2026-04-15T14:36:36.841,4.004043102505392,4.0052599910056585,4.004187345754346,4.003329754074201,-0.03167654325862948,2.526939065869982,3.287494378536593,2.6170910964662397,2.0810962963757618,-50.39595679073287
2026-04-15T14:36:36.952,4.004043102505392,4.0052599910056585,4.004187345754346,4.003329754074201,-0.03167654325862948,2.526939065869982,3.287494378536593,2.6170910964662397,2.0810962963757618,-50.39595679073287
2026-04-15T14:36:37.069,4.003413677419047,4.005136728592916,4.004197836172452,4.0029652120450265,-0.035037383670382845,2.1335483869044936,3.210455370572518,2.623647607782331,1.853257528141583,-50.43796729587978
2026-04-15T14:36:37.168,4.003413677419047,4.005136728592916,4.004197836172452,4.0029652120450265,-0.035037383670382845,2.1335483869044936,3.210455370572518,2.623647607782331,1.853257528141583,-50.43796729587978
