timestamp_iso,P1_mA,P2_mA,P3_mA,P4_mA,DP_mA,P1_eng,P2_eng,P3_eng,P4_eng,DP_eng
2026-04-15T09:17:40.467,4.002335786958682,4.004302740353509,4.003138303943771,4.003563165877054,-0.20562368492531913,1.4598668491760947,2.689212720943246,1.9614399648570924,2.226978673158797,-52.57029606156649
2026-04-15T09:17:40.559,4.002335786958682,4.004302740353509,4.003138303943771,4.003563165877054,-0.20562368492531913,1.4598668491760947,2.689212720943246,1.9614399648570924,2.226978673158797,-52.57029606156649
2026-04-15T09:17:40.684,4.002335786958682,4.004302740353509,4.003138303943771,4.003563165877054,-0.20562368492531913,1.4598668491760947,2.689212720943246,1.9614399648570924,2.226978673158797,-52.57029606156649
2026-04-15T09:17:40.778,4.00292587297713,4.004601717269523,4.004058838132551,4.003324508865148,-0.02312258203286314,1.82867061070624,2.876073293451853,2.536773832844119,2.077818040717716,-50.2890322754108
2026-04-15T09:17:40.901,4.00292587297713,4.004601717269523,4.004058838132551,4.003324508865148,-0.02312258203286314,1.82867061070624,2.876073293451853,2.536773832844119,2.077818040717716,-50.2890322754108
2026-04-15T09:17:40.995,4.00292587297713,4.004601717269523,4.004058838132551,4.003324508865148,-0.02312258203286314,1.82867061070624,2.876073293451853,2.536773832844119,2.077818040717716,-50.2890322754108
2026-04-15T09:17:41.119,4.002768516705544,4.004562378201626,4.00429487253993,4.003442526068838,-0.05403235577532963,1.730322940964868,2.85148637601651,2.6842953374561773,2.151578793023745,-50.67540444719162
2026-04-15T09:17:41.213,4.002768516705544,4.004562378201626,4.00429487253993,4.003442526068838,-0.05403235577532963,1.730322940964868,2.85148637601651,2.6842953374561773,2.151578793023745,-50.67540444719162
2026-04-15T09:17:41.336,4.002768516705544,4.004562378201626,4.00429487253993,4.003442526068838,-0.05403235577532963,1.730322940964868,2.85148637601651,2.6842953374561773,2.151578793023745,-50.67540444719162
2026-04-15T09:17:41.431,4.0038542749794885,4.003990650414863,4.004533529551836,4.0035238268091575,-0.055406566077024336,2.4089218621803354,2.4941565092895246,2.8334559698972583,2.202391755723454,-50.6925820759628
2026-04-15T09:17:41.557,4.0038542749794885,4.003990650414863,4.004533529551836,4.0035238268091575,-0.055406566077024336,2.4089218621803354,2.4941565092895246,2.8334559698972583,2.202391755723454,-50.6925820759628
2026-04-15T09:17:41.651,4.0038542749794885,4.003990650414863,4.004533529551836,4.0035238268091575,-0.055406566077024336,2.4089218621803354,2.4941565092895246,2.8334559698972583,2.202391755723454,-50.6925820759628
2026-04-15T09:17:41.760,4.003641844012847,4.003914594883597,4.003434658255259,4.003138303943771,-0.05842883293618625,2.276152508029483,2.4466218022478614,2.1466614095366765,1.9614399648570924,-50.73036041170232
2026-04-15T09:17:41.882,4.003641844012847,4.003914594883597,4.003434658255259,4.003138303943771,-0.05842883293618625,2.276152508029483,2.4466218022478614,2.1466614095366765,1.9614399648570924,-50.73036041170232
2026-04-15T09:17:41.976,4.003641844012847,4.003914594883597,4.003434658255259,4.003138303943771,-0.05842883293618625,2.276152508029483,2.4466218022478614,2.1466614095366765,1.9614399648570924,-50.73036041170232
2026-04-15T09:17:42.085,4.003070116226084,4.004688263218895,4.004376173280249,4.003400564396415,-0.054002481638336264,1.9188226413024978,2.9301645118096076,2.7351083001558862,2.125352747759379,-50.6750310204792
2026-04-15T09:17:42.210,4.003070116226084,4.004688263218895,4.004376173280249,4.003400564396415,-0.054002481638336264,1.9188226413024978,2.9301645118096076,2.7351083001558862,2.125352747759379,-50.6750310204792
2026-04-15T09:17:42.305,4.003070116226084,4.004688263218895,4.004376173280249,4.003400564396415,-0.054002481638336264,1.9188226413024978,2.9301645118096076,2.7351083001558862,2.125352747759379,-50.6750310204792
2026-04-15T09:17:42.414,4.003946066137914,4.004407644534567,4.003636598803794,4.003403187000941,-0.047689080687072165,2.466291336196136,2.7547778341041607,2.2728742523714374,2.126991875588402,-50.5961135085884
2026-04-15T09:17:42.537,4.003946066137914,4.004407644534567,4.003636598803794,4.003403187000941,-0.047689080687072165,2.466291336196136,2.7547778341041607,2.2728742523714374,2.126991875588402,-50.5961135085884
2026-04-15T09:17:42.630,4.003946066137914,4.004407644534567,4.003636598803794,4.003403187000941,-0.047689080687072165,2.466291336196136,2.7547778341041607,2.2728742523714374,2.126991875588402,-50.5961135085884
2026-04-15T09:17:42.738,4.003159284779983,4.004242420449401,4.004074573759709,4.003599882340424,-0.04132091048465357,1.9745529874892753,2.65151278087572,2.5466085998182564,2.249926462765117,-50.51651138105817
2026-04-15T09:17:42.877,4.003159284779983,4.004242420449401,4.004074573759709,4.003599882340424,-0.04132091048465357,1.9745529874892753,2.65151278087572,2.5466085998182564,2.249926462765117,-50.51651138105817
2026-04-15T09:17:42.956,4.003159284779983,4.004242420449401,4.004074573759709,4.003599882340424,-0.04132091048465357,1.9745529874892753,2.65151278087572,2.5466085998182564,2.249926462765117,-50.51651138105817
2026-04-15T09:17:43.066,4.0031514169664035,4.004158497104555,4.004452228811516,4.003353357514939,-0.05733842693592849,1.9696356040022067,2.599060690346988,2.7826430071975494,2.0958484468369676,-50.7167303366991
2026-04-15T09:17:43.190,4.0031514169664035,4.004158497104555,4.004452228811516,4.003353357514939,-0.05733842693592849,1.9696356040022067,2.599060690346988,2.7826430071975494,2.0958484468369676,-50.7167303366991
2026-04-15T09:17:43.298,4.0031514169664035,4.004158497104555,4.004452228811516,4.003353357514939,-0.05733842693592849,1.9696356040022067,2.599060690346988,2.7826430071975494,2.0958484468369676,-50.7167303366991
2026-04-15T09:17:43.394,4.003565788481581,4.004528284342783,4.004336834212353,4.003644466617374,-0.046055961198101646,2.228617800988375,2.8301777142392126,2.710521382720543,2.277791635858506,-50.57569951497627
2026-04-15T09:17:43.519,4.003565788481581,4.004528284342783,4.004336834212353,4.003644466617374,-0.046055961198101646,2.228617800988375,2.8301777142392126,2.710521382720543,2.277791635858506,-50.57569951497627
2026-04-15T09:17:43.629,4.003565788481581,4.004528284342783,4.004336834212353,4.003644466617374,-0.046055961198101646,2.228617800988375,2.8301777142392126,2.710521382720543,2.277791635858506,-50.57569951497627
2026-04-15T09:17:43.752,4.003403187000941,4.004137516268344,4.003974914787705,4.003201246452406,-0.043521638576498003,2.126991875588402,2.585947667714805,2.4843217423153874,2.000779032753641,-50.54402048220622
2026-04-15T09:17:43.862,4.003403187000941,4.004137516268344,4.003974914787705,4.003201246452406,-0.043521638576498003,2.126991875588402,2.585947667714805,2.4843217423153874,2.000779032753641,-50.54402048220622
2026-04-15T09:17:43.970,4.003403187000941,4.004137516268344,4.003974914787705,4.003201246452406,-0.043521638576498003,2.126991875588402,2.585947667714805,2.4843217423153874,2.000779032753641,-50.54402048220622
2026-04-15T09:17:44.078,4.003712654335061,4.004391908907408,4.004113912827606,4.00334548970136,-0.0390753711873191,2.3204089594131005,2.7449430671300235,2.5711955172535994,2.090931063349899,-50.488442139841496
2026-04-15T09:17:44.203,4.003712654335061,4.004391908907408,4.004113912827606,4.00334548970136,-0.0390753711873191,2.3204089594131005,2.7449430671300235,2.5711955172535994,2.090931063349899,-50.488442139841496
2026-04-15T09:17:44.298,4.003712654335061,4.004391908907408,4.004113912827606,4.00334548970136,-0.0390753711873191,2.3204089594131005,2.7449430671300235,2.5711955172535994,2.090931063349899,-50.488442139841496
2026-04-15T09:17:44.406,4.003581524108739,4.004630565919314,4.004006386042022,4.00322747249767,-0.04744012954546081,2.238452567961957,2.8941036995711045,2.503991276263662,2.01717031104387,-50.59300161931826
2026-04-15T09:17:44.515,4.003581524108739,4.004630565919314,4.004006386042022,4.00322747249767,-0.04744012954546081,2.238452567961957,2.8941036995711045,2.503991276263662,2.01717031104387,-50.59300161931826
2026-04-15T09:17:44.623,4.003581524108739,4.004630565919314,4.004006386042022,4.00322747249767,-0.04744012954546081,2.238452567961957,2.8941036995711045,2.503991276263662,2.01717031104387,-50.59300161931826
2026-04-15T09:17:44.746,4.003723144753167,4.004245043053928,4.0042686464946655,4.003256321147461,-0.04434815636664771,2.326965470729192,2.653151908704743,2.6679040591659486,2.0352007171631215,-50.5543519545831
2026-04-15T09:17:44.841,4.003723144753167,4.004245043053928,4.0042686464946655,4.003256321147461,-0.04434815636664771,2.326965470729192,2.653151908704743,2.6679040591659486,2.0352007171631215,-50.5543519545831
2026-04-15T09:17:44.951,4.003723144753167,4.004245043053928,4.0042686464946655,4.003256321147461,-0.04434815636664771,2.326965470729192,2.653151908704743,2.6679040591659486,2.0352007171631215,-50.5543519545831
2026-04-15T09:17:45.061,4.00380182288896,4.004832506467849,4.004203081381505,4.003316641051569,-0.045314086796099794,2.376139305599878,3.0203165424058653,2.626925863440377,2.0729006572306474,-50.566426084951246
2026-04-15T09:17:45.172,4.00380182288896,4.004832506467849,4.004203081381505,4.003316641051569,-0.045314086796099794,2.376139305599878,3.0203165424058653,2.626925863440377,2.0729006572306474,-50.566426084951246
2026-04-15T09:17:45.295,4.00380182288896,4.004832506467849,4.004203081381505,4.003316641051569,-0.045314086796099794,2.376139305599878,3.0203165424058653,2.626925863440377,2.0729006572306474,-50.566426084951246
2026-04-15T09:17:45.389,4.003484487741261,4.004216194404137,4.0042083265905575,4.003447771277891,-0.05128393517194021,2.177804838288111,2.6351215025854913,2.6302041190984227,2.154857048681791,-50.64104918964926
2026-04-15T09:17:45.500,4.003484487741261,4.004216194404137,4.0042083265905575,4.003447771277891,-0.05128393517194021,2.177804838288111,2.6351215025854913,2.6302041190984227,2.154857048681791,-50.64104918964926
2026-04-15T09:17:45.608,4.003484487741261,4.004216194404137,4.0042083265905575,4.003447771277891,-0.05128393517194021,2.177804838288111,2.6351215025854913,2.6302041190984227,2.154857048681791,-50.64104918964926
2026-04-15T09:17:45.718,4.002920627768077,4.003990650414863,4.004132271059291,4.003269434170093,-0.03427559317705208,1.8253923550481943,2.4941565092895246,2.5826694120567595,2.043396356308236,-50.428444914713154
2026-04-15T09:17:45.826,4.002920627768077,4.003990650414863,4.004132271059291,4.003269434170093,-0.03427559317705208,1.8253923550481943,2.4941565092895246,2.5826694120567595,2.043396356308236,-50.428444914713154
2026-04-15T09:17:45.950,4.002920627768077,4.003990650414863,4.004132271059291,4.003269434170093,-0.03427559317705208,1.8253923550481943,2.4941565092895246,2.5826694120567595,2.043396356308236,-50.428444914713154
2026-04-15T09:17:46.044,4.003489732950314,4.004423380161725,4.00414800668645,4.003248453333882,-0.03323497740511659,2.1810830939461567,2.764612601078298,2.592504179031452,2.030283333676053,-50.415437217563955
2026-04-15T09:17:46.155,4.003489732950314,4.004423380161725,4.00414800668645,4.003248453333882,-0.03323497740511659,2.1810830939461567,2.764612601078298,2.592504179031452,2.030283333676053,-50.415437217563955
2026-04-15T09:17:46.263,4.003489732950314,4.004423380161725,4.00414800668645,4.003248453333882,-0.03323497740511659,2.1810830939461567,2.764612601078298,2.592504179031452,2.030283333676053,-50.415437217563955
2026-04-15T09:17:46.373,4.00338220616473,4.004593849455944,4.004420757557199,4.003531694622737,-0.03614770576196951,2.113878852956219,2.8711559099647843,2.762973473249275,2.2073091392105226,-50.45184632202462
2026-04-15T09:17:46.483,4.00338220616473,4.004593849455944,4.004420757557199,4.003531694622737,-0.03614770576196951,2.113878852956219,2.8711559099647843,2.762973473249275,2.2073091392105226,-50.45184632202462
2026-04-15T09:17:46.605,4.00338220616473,4.004593849455944,4.004420757557199,4.003531694622737,-0.03614770576196951,2.113878852956219,2.8711559099647843,2.762973473249275,2.2073091392105226,-50.45184632202462
2026-04-15T09:17:46.699,4.003749370798431,4.004423380161725,4.004266023890139,4.003492355554841,-0.04335235180020227,2.3433567490194207,2.764612601078298,2.6662649313369258,2.1827222217757347,-50.54190439750252
2026-04-15T09:17:46.807,4.003749370798431,4.004423380161725,4.004266023890139,4.003492355554841,-0.04335235180020227,2.3433567490194207,2.764612601078298,2.6662649313369258,2.1827222217757347,-50.54190439750252
2026-04-15T09:17:46.917,4.003749370798431,4.004423380161725,4.004266023890139,4.003492355554841,-0.04335235180020227,2.3433567490194207,2.764612601078298,2.6662649313369258,2.1827222217757347,-50.54190439750252
2026-04-15T09:17:47.026,4.003167152593562,4.004546642574468,4.003825426329698,4.0033612253285185,-0.03442994288485112,1.979470370976344,2.8416516090423727,2.390891456061084,2.100765830324036,-50.43037428606064
2026-04-15T09:17:47.135,4.003167152593562,4.004546642574468,4.003825426329698,4.0033612253285185,-0.03442994288485112,1.979470370976344,2.8416516090423727,2.390891456061084,2.100765830324036,-50.43037428606064
2026-04-15T09:17:47.243,4.003167152593562,4.004546642574468,4.003825426329698,4.0033612253285185,-0.03442994288485112,1.979470370976344,2.8416516090423727,2.390891456061084,2.100765830324036,-50.43037428606064
2026-04-15T09:17:47.367,4.003334999283254,4.0043106081670885,4.004229307426769,4.003232717706723,-0.024093491485147445,2.0843745520338075,2.6941301044303145,2.6433171417306056,2.0204485667019156,-50.301168643564345
2026-04-15T09:17:47.461,4.003334999283254,4.0043106081670885,4.004229307426769,4.003232717706723,-0.024093491485147445,2.0843745520338075,2.6941301044303145,2.6433171417306056,2.0204485667019156,-50.301168643564345
2026-04-15T09:17:47.571,4.003334999283254,4.0043106081670885,4.004229307426769,4.003232717706723,-0.024093491485147445,2.0843745520338075,2.6941301044303145,2.6433171417306056,2.0204485667019156,-50.301168643564345
2026-04-15T09:17:47.682,4.003340244492307,4.004119158036659,4.0041244032457115,4.003828048934224,-0.03191055733174415,2.0876528076918532,2.574473772911645,2.577752028569691,2.3925305838901068,-50.398881966646805
2026-04-15T09:17:47.792,4.003340244492307,4.004119158036659,4.0041244032457115,4.003828048934224,-0.03191055733174415,2.0876528076918532,2.574473772911645,2.577752028569691,2.3925305838901068,-50.398881966646805
2026-04-15T09:17:47.902,4.003340244492307,4.004119158036659,4.0041244032457115,4.003828048934224,-0.03191055733174415,2.0876528076918532,2.574473772911645,2.577752028569691,2.3925305838901068,-50.398881966646805
2026-04-15T09:17:48.011,4.003274679379146,4.004753828332056,4.004229307426769,4.00326418896104,-0.032637494665249324,2.0466746119662815,2.9711427075351793,2.6433171417306056,2.04011810065019,-50.407968683315616
2026-04-15T09:17:48.120,4.003274679379146,4.004753828332056,4.004229307426769,4.00326418896104,-0.032637494665249324,2.0466746119662815,2.9711427075351793,2.6433171417306056,2.04011810065019,-50.407968683315616
2026-04-15T09:17:48.243,4.003274679379146,4.004753828332056,4.004229307426769,4.00326418896104,-0.032637494665249324,2.0466746119662815,2.9711427075351793,2.6433171417306056,2.04011810065019,-50.407968683315616
2026-04-15T09:17:48.336,4.003172397802615,4.004035234691813,4.003814935911592,4.003251075938408,-0.036814894821487955,1.9827486266343897,2.5220216823829134,2.3843349447449924,2.0319224615050757,-50.4601861852686
2026-04-15T09:17:48.446,4.003172397802615,4.004035234691813,4.003814935911592,4.003251075938408,-0.036814894821487955,1.9827486266343897,2.5220216823829134,2.3843349447449924,2.0319224615050757,-50.4601861852686
2026-04-15T09:17:48.554,4.003172397802615,4.004035234691813,4.003814935911592,4.003251075938408,-0.036814894821487955,1.9827486266343897,2.5220216823829134,2.3843349447449924,2.0319224615050757,-50.4601861852686
2026-04-15T09:17:48.663,4.003544807645369,4.004355192444039,4.003631353594741,4.003285169797252,-0.032124655313529926,2.215504778355637,2.7219952775242584,2.2695959967133916,2.053231123282373,-50.40155819141913
2026-04-15T09:17:48.773,4.003544807645369,4.004355192444039,4.003631353594741,4.003285169797252,-0.032124655313529926,2.215504778355637,2.7219952775242584,2.2695959967133916,2.053231123282373,-50.40155819141913
2026-04-15T09:17:48.883,4.003544807645369,4.004355192444039,4.003631353594741,4.003285169797252,-0.032124655313529926,2.215504778355637,2.7219952775242584,2.2695959967133916,2.053231123282373,-50.40155819141913
2026-04-15T09:17:48.991,4.003565788481581,4.004717111868686,4.004085064177815,4.003172397802615,-0.043312519617544454,2.228617800988375,2.948194917928859,2.553165111134348,1.9827486266343897,-50.54140649521931
2026-04-15T09:17:49.115,4.003565788481581,4.004717111868686,4.004085064177815,4.003172397802615,-0.043312519617544454,2.228617800988375,2.948194917928859,2.553165111134348,1.9827486266343897,-50.54140649521931
2026-04-15T09:17:49.211,4.003565788481581,4.004717111868686,4.004085064177815,4.003172397802615,-0.043312519617544454,2.228617800988375,2.948194917928859,2.553165111134348,1.9827486266343897,-50.54140649521931
2026-04-15T09:17:49.320,4.0035238268091575,4.00448632267036,4.003799200284433,4.003224849893144,-0.04129103634766021,2.202391755723454,2.8039516689748467,2.374500177770855,2.015531183214847,-50.51613795434575
2026-04-15T09:17:49.428,4.0035238268091575,4.00448632267036,4.003799200284433,4.003224849893144,-0.04129103634766021,2.202391755723454,2.8039516689748467,2.374500177770855,2.015531183214847,-50.51613795434575
2026-04-15T09:17:49.537,4.0035238268091575,4.00448632267036,4.003799200284433,4.003224849893144,-0.04129103634766021,2.202391755723454,2.8039516689748467,2.374500177770855,2.015531183214847,-50.51613795434575
2026-04-15T09:17:49.645,4.003405809605468,4.003995895623916,4.003906727070017,4.0031094552939805,-0.0356697195700757,2.128631003417425,2.4974347649475703,2.441704418760793,1.9434095587378408,-50.44587149462595
2026-04-15T09:17:49.768,4.003405809605468,4.003995895623916,4.003906727070017,4.0031094552939805,-0.0356697195700757,2.128631003417425,2.4974347649475703,2.441704418760793,1.9434095587378408,-50.44587149462595
2026-04-15T09:17:49.877,4.003405809605468,4.003995895623916,4.003906727070017,4.0031094552939805,-0.0356697195700757,2.128631003417425,2.4974347649475703,2.441704418760793,1.9434095587378408,-50.44587149462595
2026-04-15T09:17:49.986,4.003626108385689,4.004585981642364,4.003880501024753,4.002915382559024,-0.038039734438215844,2.266317741055901,2.8662385264777157,2.425313140470564,1.8221140993901486,-50.4754966804777
2026-04-15T09:17:50.095,4.003626108385689,4.004585981642364,4.003880501024753,4.002915382559024,-0.038039734438215844,2.266317741055901,2.8662385264777157,2.425313140470564,1.8221140993901486,-50.4754966804777
2026-04-15T09:17:50.204,4.003626108385689,4.004585981642364,4.003880501024753,4.002915382559024,-0.038039734438215844,2.266317741055901,2.8662385264777157,2.425313140470564,1.8221140993901486,-50.4754966804777
2026-04-15T09:17:50.313,4.002938985999762,4.0039985182284425,4.00414013887287,4.003413677419047,-0.03478843252877148,1.8368662498513544,2.499073892776593,2.587586795543828,2.1335483869044936,-50.43485540660965
2026-04-15T09:17:50.422,4.002938985999762,4.0039985182284425,4.00414013887287,4.003413677419047,-0.03478843252877148,1.8368662498513544,2.499073892776593,2.587586795543828,2.1335483869044936,-50.43485540660965
2026-04-15T09:17:50.531,4.002938985999762,4.0039985182284425,4.00414013887287,4.003413677419047,-0.03478843252877148,1.8368662498513544,2.499073892776593,2.587586795543828,2.1335483869044936,-50.43485540660965
2026-04-15T09:17:50.641,4.003791332470854,4.0042266848222425,4.004195213567925,4.003424167837153,-0.04389008626608281,2.3695827942837866,2.6416780139015827,2.6220084799533083,2.140104898220585,-50.54862607832603
2026-04-15T09:17:50.750,4.003791332470854,4.0042266848222425,4.004195213567925,4.003424167837153,-0.04389008626608281,2.3695827942837866,2.6416780139015827,2.6220084799533083,2.140104898220585,-50.54862607832603
2026-04-15T09:17:50.860,4.003791332470854,4.0042266848222425,4.004195213567925,4.003424167837153,-0.04389008626608281,2.3695827942837866,2.6416780139015827,2.6220084799533083,2.140104898220585,-50.54862607832603
2026-04-15T09:17:50.970,4.003605127549477,4.004339456816879,4.003285169797252,4.003306150633463,-0.040195651324570224,2.253204718423163,2.712160510549566,2.053231123282373,2.066344145914556,-50.502445641557124
2026-04-15T09:17:51.066,4.003605127549477,4.004339456816879,4.003285169797252,4.003306150633463,-0.040195651324570224,2.253204718423163,2.712160510549566,2.053231123282373,2.066344145914556,-50.502445641557124
2026-04-15T09:17:51.203,4.003605127549477,4.004339456816879,4.003285169797252,4.003306150633463,-0.040195651324570224,2.253204718423163,2.712160510549566,2.053231123282373,2.066344145914556,-50.502445641557124
2026-04-15T09:17:51.298,4.003830671538751,4.004446983602463,4.004753828332056,4.00285244005039,-0.03269226391640383,2.3941697117191296,2.7793647515395037,2.9711427075351793,1.7827750314935997,-50.40865329895505
2026-04-15T09:17:51.408,4.003830671538751,4.004446983602463,4.004753828332056,4.00285244005039,-0.03269226391640383,2.3941697117191296,2.7793647515395037,2.9711427075351793,1.7827750314935997,-50.40865329895505
2026-04-15T09:17:51.518,4.003830671538751,4.004446983602463,4.004753828332056,4.00285244005039,-0.03269226391640383,2.3941697117191296,2.7793647515395037,2.9711427075351793,1.7827750314935997,-50.40865329895505
2026-04-15T09:17:51.625,4.003135681339245,4.005058050457123,4.003833294143277,4.0029625894405,-0.02926669620783151,1.9598008370280695,3.161281535701832,2.3958088395481525,1.8516184003125602,-50.3658337025979
2026-04-15T09:17:51.736,4.003135681339245,4.005058050457123,4.003833294143277,4.0029625894405,-0.02926669620783151,1.9598008370280695,3.161281535701832,2.3958088395481525,1.8516184003125602,-50.3658337025979
2026-04-15T09:17:51.832,4.003135681339245,4.005058050457123,4.003833294143277,4.0029625894405,-0.02926669620783151,1.9598008370280695,3.161281535701832,2.3958088395481525,1.8516184003125602,-50.3658337025979
2026-04-15T09:17:51.955,4.003355980119466,4.004989862739436,4.004415512348147,4.003369093142098,-0.04312331674991982,2.0974875746659905,3.1186642121472374,2.7596952175917844,2.105683213811105,-50.539041459374005
2026-04-15T09:17:52.064,4.003355980119466,4.004989862739436,4.004415512348147,4.003369093142098,-0.04312331674991982,2.0974875746659905,3.1186642121472374,2.7596952175917844,2.105683213811105,-50.539041459374005
2026-04-15T09:17:52.174,4.003355980119466,4.004989862739436,4.004415512348147,4.003369093142098,-0.04312331674991982,2.0974875746659905,3.1186642121472374,2.7596952175917844,2.105683213811105,-50.539041459374005
2026-04-15T09:17:52.282,4.003597259735898,4.0042502882629805,4.003620863176636,4.003314018447043,-0.03433036242820658,2.2482873349360943,2.6564301643627886,2.2630394853973,2.0712615294016246,-50.429129530352576
2026-04-15T09:17:52.406,4.003597259735898,4.0042502882629805,4.003620863176636,4.003314018447043,-0.03433036242820658,2.2482873349360943,2.6564301643627886,2.2630394853973,2.0712615294016246,-50.429129530352576
2026-04-15T09:17:52.499,4.003597259735898,4.0042502882629805,4.003620863176636,4.003314018447043,-0.03433036242820658,2.2482873349360943,2.6564301643627886,2.2630394853973,2.0712615294016246,-50.429129530352576
2026-04-15T09:17:52.609,4.003943443533387,4.004473209647728,4.0045597555971,4.003012418926502,-0.051990956414116475,2.464652208367113,2.7957560298297324,2.849847248187487,1.8827618290639947,-50.64988695517646
2026-04-15T09:17:52.718,4.003943443533387,4.004473209647728,4.0045597555971,4.003012418926502,-0.051990956414116475,2.464652208367113,2.7957560298297324,2.849847248187487,1.8827618290639947,-50.64988695517646
2026-04-15T09:17:52.828,4.003943443533387,4.004473209647728,4.0045597555971,4.003012418926502,-0.051990956414116475,2.464652208367113,2.7957560298297324,2.849847248187487,1.8827618290639947,-50.64988695517646
2026-04-15T09:17:52.936,4.003130436130192,4.004043102505392,4.003864765397594,4.003783464657275,-0.03564482445591456,1.9565225813700238,2.526939065869982,2.415478373496427,2.364665410796718,-50.44556030569893
2026-04-15T09:17:53.045,4.003130436130192,4.004043102505392,4.003864765397594,4.003783464657275,-0.03564482445591456,1.9565225813700238,2.526939065869982,2.415478373496427,2.364665410796718,-50.44556030569893
2026-04-15T09:17:53.155,4.003130436130192,4.004043102505392,4.003864765397594,4.003783464657275,-0.03564482445591456,1.9565225813700238,2.526939065869982,2.415478373496427,2.364665410796718,-50.44556030569893
2026-04-15T09:17:53.263,4.003487110345787,4.004588604246891,4.004245043053928,4.002954721626921,-0.02739956264574631,2.179443966117134,2.8678776543067386,2.653151908704743,1.8467010168254916,-50.34249453307182
2026-04-15T09:17:53.372,4.003487110345787,4.004588604246891,4.004245043053928,4.002954721626921,-0.02739956264574631,2.179443966117134,2.8678776543067386,2.653151908704743,1.8467010168254916,-50.34249453307182
2026-04-15T09:17:53.483,4.003487110345787,4.004588604246891,4.004245043053928,4.002954721626921,-0.02739956264574631,2.179443966117134,2.8678776543067386,2.653151908704743,1.8467010168254916,-50.34249453307182
2026-04-15T09:17:53.592,4.0030438901808205,4.004095554595921,4.003922462697176,4.00334548970136,-0.03268230587073937,1.9024313630128242,2.5597216224504393,2.45153918573493,2.090931063349899,-50.408528823384245
2026-04-15T09:17:53.717,4.0030438901808205,4.004095554595921,4.003922462697176,4.00334548970136,-0.03268230587073937,1.9024313630128242,2.5597216224504393,2.45153918573493,2.090931063349899,-50.408528823384245
2026-04-15T09:17:53.811,4.0030438901808205,4.004095554595921,4.003922462697176,4.00334548970136,-0.03268230587073937,1.9024313630128242,2.5597216224504393,2.45153918573493,2.090931063349899,-50.408528823384245
2026-04-15T09:17:53.920,4.003689050894323,4.004793167399953,4.004402399325514,4.003660202244532,-0.038467930401787385,2.3056568089518947,2.9957296249705223,2.751499578446115,2.287626402832643,-50.48084913002234
2026-04-15T09:17:54.029,4.003689050894323,4.004793167399953,4.004402399325514,4.003660202244532,-0.038467930401787385,2.3056568089518947,2.9957296249705223,2.751499578446115,2.287626402832643,-50.48084913002234
2026-04-15T09:17:54.137,4.003689050894323,4.004793167399953,4.004402399325514,4.003660202244532,-0.038467930401787385,2.3056568089518947,2.9957296249705223,2.751499578446115,2.287626402832643,-50.48084913002234
2026-04-15T09:17:54.247,4.003631353594741,4.0050554278525965,4.004085064177815,4.003064871017031,-0.03051145191588831,2.2695959967133916,3.159642407872809,2.553165111134348,1.915544385644452,-50.381393148948604
2026-04-15T09:17:54.356,4.003631353594741,4.0050554278525965,4.004085064177815,4.003064871017031,-0.03051145191588831,2.2695959967133916,3.159642407872809,2.553165111134348,1.915544385644452,-50.381393148948604
2026-04-15T09:17:54.467,4.003631353594741,4.0050554278525965,4.004085064177815,4.003064871017031,-0.03051145191588831,2.2695959967133916,3.159642407872809,2.553165111134348,1.915544385644452,-50.381393148948604
2026-04-15T09:17:54.575,4.002949476417868,4.004389286302882,4.00444173839341,4.002938985999762,-0.02308772887303755,1.8434227611674459,2.7433039393010006,2.776086495881458,1.8368662498513544,-50.288596610912975
2026-04-15T09:17:54.684,4.002949476417868,4.004389286302882,4.00444173839341,4.002938985999762,-0.02308772887303755,1.8434227611674459,2.7433039393010006,2.776086495881458,1.8368662498513544,-50.288596610912975
2026-04-15T09:17:54.793,4.002949476417868,4.004389286302882,4.00444173839341,4.002938985999762,-0.02308772887303755,1.8434227611674459,2.7433039393010006,2.776086495881458,1.8368662498513544,-50.288596610912975
2026-04-15T09:17:54.904,4.003358602723992,4.005406856859139,4.003429413046206,4.003799200284433,-0.027942276134459074,2.0991267024950133,3.3792855369618735,2.1433831538786308,2.374500177770855,-50.34927845168073
2026-04-15T09:17:55.013,4.003358602723992,4.005406856859139,4.003429413046206,4.003799200284433,-0.027942276134459074,2.0991267024950133,3.3792855369618735,2.1433831538786308,2.374500177770855,-50.34927845168073
2026-04-15T09:17:55.136,4.003358602723992,4.005406856859139,4.003429413046206,4.003799200284433,-0.027942276134459074,2.0991267024950133,3.3792855369618735,2.1433831538786308,2.374500177770855,-50.34927845168073
2026-04-15T09:17:55.230,4.003741502984852,4.003917217488123,4.004127025850238,4.003508091181999,-0.02000571373988891,2.338439365532352,2.4482609300768843,2.5793911563987137,2.192556988749317,-50.25007142174861
2026-04-15T09:17:55.339,4.003741502984852,4.003917217488123,4.004127025850238,4.003508091181999,-0.02000571373988891,2.338439365532352,2.4482609300768843,2.5793911563987137,2.192556988749317,-50.25007142174861
2026-04-15T09:17:55.449,4.003741502984852,4.003917217488123,4.004127025850238,4.003508091181999,-0.02000571373988891,2.338439365532352,2.4482609300768843,2.5793911563987137,2.192556988749317,-50.25007142174861
2026-04-15T09:17:55.557,4.004037857296339,4.004321098585194,4.004431247975305,4.003822803725171,-0.025940708955903738,2.5236608102119362,2.700686615746406,2.7695299845653665,2.389252328232061,-50.3242588619488
2026-04-15T09:17:55.666,4.004037857296339,4.004321098585194,4.004431247975305,4.003822803725171,-0.025940708955903738,2.5236608102119362,2.700686615746406,2.7695299845653665,2.389252328232061,-50.3242588619488
2026-04-15T09:17:55.778,4.004037857296339,4.004321098585194,4.004431247975305,4.003822803725171,-0.025940708955903738,2.5236608102119362,2.700686615746406,2.7695299845653665,2.389252328232061,-50.3242588619488
2026-04-15T09:17:55.885,4.00361037275853,4.005228519751341,4.003363847933045,4.003230095102197,-0.018641461483858656,2.2564829740812087,3.2678248445883185,2.102404958153059,2.0188094388728928,-50.233018268548236
2026-04-15T09:17:55.993,4.00361037275853,4.005228519751341,4.003363847933045,4.003230095102197,-0.018641461483858656,2.2564829740812087,3.2678248445883185,2.102404958153059,2.0188094388728928,-50.233018268548236
2026-04-15T09:17:56.105,4.00361037275853,4.005228519751341,4.003363847933045,4.003230095102197,-0.018641461483858656,2.2564829740812087,3.2678248445883185,2.102404958153059,2.0188094388728928,-50.233018268548236
2026-04-15T09:17:56.212,4.002986192881238,4.0044548514160425,4.004313230771615,4.0034215452326265,-0.01888543360263779,1.866370550773766,2.7842821350265723,2.6957692322593374,2.138465770391562,-50.236067920032966
2026-04-15T09:17:56.321,4.002986192881238,4.0044548514160425,4.004313230771615,4.0034215452326265,-0.01888543360263779,1.866370550773766,2.7842821350265723,2.6957692322593374,2.138465770391562,-50.236067920032966
2026-04-15T09:17:56.433,4.002986192881238,4.0044548514160425,4.004313230771615,4.0034215452326265,-0.01888543360263779,1.866370550773766,2.7842821350265723,2.6957692322593374,2.138465770391562,-50.236067920032966
2026-04-15T09:17:56.543,4.003214359475038,4.0049111846036425,4.004192590963399,4.003161907384509,0.0070104641477759045,2.0089746718987556,3.0694903772765514,2.6203693521242855,1.9761921153182982,-49.9123691981528
2026-04-15T09:17:56.666,4.003214359475038,4.0049111846036425,4.004192590963399,4.003161907384509,0.0070104641477759045,2.0089746718987556,3.0694903772765514,2.6203693521242855,1.9761921153182982,-49.9123691981528
2026-04-15T09:17:56.761,4.003214359475038,4.0049111846036425,4.004192590963399,4.003161907384509,0.0070104641477759045,2.0089746718987556,3.0694903772765514,2.6203693521242855,1.9761921153182982,-49.9123691981528
2026-04-15T09:17:56.870,4.0030071737174495,4.004850864699534,4.003922462697176,4.00345563909147,-0.008539024157269655,1.879483573405949,3.0317904372090254,2.45153918573493,2.1597744321688594,-50.10673780196587
2026-04-15T09:17:56.979,4.0030071737174495,4.004850864699534,4.003922462697176,4.00345563909147,-0.008539024157269655,1.879483573405949,3.0317904372090254,2.45153918573493,2.1597744321688594,-50.10673780196587
2026-04-15T09:17:57.088,4.0030071737174495,4.004850864699534,4.003922462697176,4.00345563909147,-0.008539024157269655,1.879483573405949,3.0317904372090254,2.45153918573493,2.1597744321688594,-50.10673780196587
2026-04-15T09:17:57.196,4.003859520188541,4.004428625370778,4.004192590963399,4.00398540520581,0.005979806421504873,2.412200117838381,2.7678908567363436,2.6203693521242855,2.490878253631479,-49.92525241973119
2026-04-15T09:17:57.305,4.003859520188541,4.004428625370778,4.004192590963399,4.00398540520581,0.005979806421504873,2.412200117838381,2.7678908567363436,2.6203693521242855,2.490878253631479,-49.92525241973119
2026-04-15T09:17:57.415,4.003859520188541,4.004428625370778,4.004192590963399,4.00398540520581,0.005979806421504873,2.412200117838381,2.7678908567363436,2.6203693521242855,2.490878253631479,-49.92525241973119
2026-04-15T09:17:57.523,4.004161119709082,4.004363060257617,4.004307985562562,4.003041267576293,0.003833847580814948,2.600699818176011,2.726912661010772,2.6924909766012917,1.9007922351832462,-49.952076905239814
2026-04-15T09:17:57.632,4.004161119709082,4.004363060257617,4.004307985562562,4.003041267576293,0.003833847580814948,2.600699818176011,2.726912661010772,2.6924909766012917,1.9007922351832462,-49.952076905239814
2026-04-15T09:17:57.740,4.004161119709082,4.004363060257617,4.004307985562562,4.003041267576293,0.003833847580814948,2.600699818176011,2.726912661010772,2.6924909766012917,1.9007922351832462,-49.952076905239814
2026-04-15T09:17:57.849,4.003447771277891,4.004132271059291,4.004158497104555,4.003408432209994,0.002673735260906009,2.154857048681791,2.5826694120567595,2.599060690346988,2.130270131246448,-49.96657830923867
2026-04-15T09:17:57.961,4.003447771277891,4.004132271059291,4.004158497104555,4.003408432209994,0.002673735260906009,2.154857048681791,2.5826694120567595,2.599060690346988,2.130270131246448,-49.96657830923867
2026-04-15T09:17:58.071,4.003447771277891,4.004132271059291,4.004158497104555,4.003408432209994,0.002673735260906009,2.154857048681791,2.5826694120567595,2.599060690346988,2.130270131246448,-49.96657830923867
2026-04-15T09:17:58.178,4.002907514745445,4.004373550675723,4.003982782601284,4.003846407165909,0.011138074075692258,1.81719671590308,2.7334691723268634,2.489239125802456,2.404004478693267,-49.86077407405385
2026-04-15T09:17:58.285,4.002907514745445,4.004373550675723,4.003982782601284,4.003846407165909,0.011138074075692258,1.81719671590308,2.7334691723268634,2.489239125802456,2.404004478693267,-49.86077407405385
2026-04-15T09:17:58.410,4.002907514745445,4.004373550675723,4.003982782601284,4.003846407165909,0.011138074075692258,1.81719671590308,2.7334691723268634,2.489239125802456,2.404004478693267,-49.86077407405385
2026-04-15T09:17:58.505,4.003127813525666,4.004696131032475,4.004357815048564,4.0034399034643116,0.013742103016947086,1.954883453541001,2.935081895296676,2.723634405352726,2.1499396651947222,-49.828223712288164
2026-04-15T09:17:58.627,4.003127813525666,4.004696131032475,4.004357815048564,4.0034399034643116,0.013742103016947086,1.954883453541001,2.935081895296676,2.723634405352726,2.1499396651947222,-49.828223712288164
2026-04-15T09:17:58.723,4.003127813525666,4.004696131032475,4.004357815048564,4.0034399034643116,0.013742103016947086,1.954883453541001,2.935081895296676,2.723634405352726,2.1499396651947222,-49.828223712288164
2026-04-15T09:17:58.832,4.003767729030116,4.004281759517299,4.003890991442859,4.003366470537571,0.019353461748867144,2.354830643822581,2.676099698311618,2.4318696517866556,2.104044085982082,-49.75808172813916
2026-04-15T09:17:58.942,4.003767729030116,4.004281759517299,4.003890991442859,4.003366470537571,0.019353461748867144,2.354830643822581,2.676099698311618,2.4318696517866556,2.104044085982082,-49.75808172813916
2026-04-15T09:17:59.065,4.003767729030116,4.004281759517299,4.003890991442859,4.003366470537571,0.019353461748867144,2.354830643822581,2.676099698311618,2.4318696517866556,2.104044085982082,-49.75808172813916
2026-04-15T09:17:59.175,4.003904104465491,4.004822016049744,4.004281759517299,4.003161907384509,0.008250240833000478,2.44006529093177,3.013760031089774,2.676099698311618,1.9761921153182982,-49.896871989587495
2026-04-15T09:17:59.269,4.003904104465491,4.004822016049744,4.004281759517299,4.003161907384509,0.008250240833000478,2.44006529093177,3.013760031089774,2.676099698311618,1.9761921153182982,-49.896871989587495
2026-04-15T09:17:59.379,4.003904104465491,4.004822016049744,4.004281759517299,4.003161907384509,0.008250240833000478,2.44006529093177,3.013760031089774,2.676099698311618,1.9761921153182982,-49.896871989587495
2026-04-15T09:17:59.489,4.0034635069050495,4.004612207687629,4.003888368838332,4.003230095102197,0.016983446880726998,2.164691815655928,2.8826298047679444,2.4302305239576327,2.0188094388728928,-49.78770691399092
2026-04-15T09:17:59.599,4.0034635069050495,4.004612207687629,4.003888368838332,4.003230095102197,0.016983446880726998,2.164691815655928,2.8826298047679444,2.4302305239576327,2.0188094388728928,-49.78770691399092
2026-04-15T09:17:59.708,4.0034635069050495,4.004612207687629,4.003888368838332,4.003230095102197,0.016983446880726998,2.164691815655928,2.8826298047679444,2.4302305239576327,2.0188094388728928,-49.78770691399092
2026-04-15T09:17:59.817,4.003788709866328,4.004305362958036,4.003917217488123,4.003062248412505,0.005925037170350374,2.3679436664547637,2.690851848772269,2.4482609300768843,1.9139052578154292,-49.92593703537062
2026-04-15T09:17:59.926,4.003788709866328,4.004305362958036,4.003917217488123,4.003062248412505,0.005925037170350374,2.3679436664547637,2.690851848772269,2.4482609300768843,1.9139052578154292,-49.92593703537062
2026-04-15T09:18:00.036,4.003788709866328,4.004305362958036,4.003917217488123,4.003062248412505,0.005925037170350374,2.3679436664547637,2.690851848772269,2.4482609300768843,1.9139052578154292,-49.92593703537062
2026-04-15T09:18:00.146,4.003400564396415,4.0044364931843575,4.003930330510755,4.002831459214178,-0.016415838277853097,2.125352747759379,2.772808240223412,2.4564565692219986,1.7696620088614168,-50.20519797847316
2026-04-15T09:18:00.268,4.003400564396415,4.0044364931843575,4.003930330510755,4.002831459214178,-0.016415838277853097,2.125352747759379,2.772808240223412,2.4564565692219986,1.7696620088614168,-50.20519797847316
2026-04-15T09:18:00.364,4.003400564396415,4.0044364931843575,4.003930330510755,4.002831459214178,-0.016415838277853097,2.125352747759379,2.772808240223412,2.4564565692219986,1.7696620088614168,-50.20519797847316
2026-04-15T09:18:00.472,4.003127813525666,4.004544019969941,4.003366470537571,4.003245830729355,-0.015320453254763111,1.954883453541001,2.84001248121335,2.104044085982082,2.02864420584703,-50.191505665684545
2026-04-15T09:18:00.582,4.003127813525666,4.004544019969941,4.003366470537571,4.003245830729355,-0.015320453254763111,1.954883453541001,2.84001248121335,2.104044085982082,2.02864420584703,-50.191505665684545
2026-04-15T09:18:00.691,4.003127813525666,4.004544019969941,4.003366470537571,4.003245830729355,-0.015320453254763111,1.954883453541001,2.84001248121335,2.104044085982082,2.02864420584703,-50.191505665684545
2026-04-15T09:18:00.816,4.00394868874244,4.004546642574468,4.004452228811516,4.003397941791889,-0.01657018798565214,2.4679304640251587,2.8416516090423727,2.7826430071975494,2.1237136199303563,-50.20712734982066
2026-04-15T09:18:00.925,4.00394868874244,4.004546642574468,4.004452228811516,4.003397941791889,-0.01657018798565214,2.4679304640251587,2.8416516090423727,2.7826430071975494,2.1237136199303563,-50.20712734982066
2026-04-15T09:18:01.019,4.00394868874244,4.004546642574468,4.004452228811516,4.003397941791889,-0.01657018798565214,2.4679304640251587,2.8416516090423727,2.7826430071975494,2.1237136199303563,-50.20712734982066
2026-04-15T09:18:01.142,4.003982782601284,4.00508952171144,4.004609585083103,4.003064871017031,-0.023112623987198686,2.489239125802456,3.1809510696501064,2.8809906769394766,1.915544385644452,-50.28890779983999
2026-04-15T09:18:01.237,4.003982782601284,4.00508952171144,4.004609585083103,4.003064871017031,-0.023112623987198686,2.489239125802456,3.1809510696501064,2.8809906769394766,1.915544385644452,-50.28890779983999
2026-04-15T09:18:01.361,4.003982782601284,4.00508952171144,4.004609585083103,4.003064871017031,-0.023112623987198686,2.489239125802456,3.1809510696501064,2.8809906769394766,1.915544385644452,-50.28890779983999
2026-04-15T09:18:01.469,4.00391197227907,4.00444173839341,4.004210949195084,4.002828836609652,-0.020453825794789358,2.4449826744188385,2.776086495881458,2.6318432469274455,1.768022881032394,-50.255672822434875
2026-04-15T09:18:01.580,4.00391197227907,4.00444173839341,4.004210949195084,4.002828836609652,-0.020453825794789358,2.4449826744188385,2.776086495881458,2.6318432469274455,1.768022881032394,-50.255672822434875
2026-04-15T09:18:01.689,4.00391197227907,4.00444173839341,4.004210949195084,4.002828836609652,-0.020453825794789358,2.4449826744188385,2.776086495881458,2.6318432469274455,1.768022881032394,-50.255672822434875
2026-04-15T09:18:01.797,4.0042266848222425,4.004174232731714,4.004071951155183,4.0031514169664035,-0.03641657299490978,2.6416780139015827,2.6088954573211254,2.5449694719892335,1.9696356040022067,-50.45520716243638
2026-04-15T09:18:01.907,4.0042266848222425,4.004174232731714,4.004071951155183,4.0031514169664035,-0.03641657299490978,2.6416780139015827,2.6088954573211254,2.5449694719892335,1.9696356040022067,-50.45520716243638
2026-04-15T09:18:02.015,4.0042266848222425,4.004174232731714,4.004071951155183,4.0031514169664035,-0.03641657299490978,2.6416780139015827,2.6088954573211254,2.5449694719892335,1.9696356040022067,-50.45520716243638
2026-04-15T09:18:02.124,4.002692461174277,4.004730224891318,4.0048036578180595,4.003316641051569,-0.033698026528513725,1.6827882339232048,2.9563905570739735,3.002286136287169,2.0729006572306474,-50.42122533160642
2026-04-15T09:18:02.233,4.002692461174277,4.004730224891318,4.0048036578180595,4.003316641051569,-0.033698026528513725,1.6827882339232048,2.9563905570739735,3.002286136287169,2.0729006572306474,-50.42122533160642
2026-04-15T09:18:02.356,4.002692461174277,4.004730224891318,4.0048036578180595,4.003316641051569,-0.033698026528513725,1.6827882339232048,2.9563905570739735,3.002286136287169,2.0729006572306474,-50.42122533160642
2026-04-15T09:18:02.451,4.0041060450140264,4.004662037173631,4.004234552635822,4.003274679379146,-0.03824885339716939,2.566278133766531,2.913773233519379,2.6465953973886513,2.0466746119662815,-50.47811066746461
2026-04-15T09:18:02.561,4.0041060450140264,4.004662037173631,4.004234552635822,4.003274679379146,-0.03824885339716939,2.566278133766531,2.913773233519379,2.6465953973886513,2.0466746119662815,-50.47811066746461
2026-04-15T09:18:02.669,4.0041060450140264,4.004662037173631,4.004234552635822,4.003274679379146,-0.03824885339716939,2.566278133766531,2.913773233519379,2.6465953973886513,2.0466746119662815,-50.47811066746461
2026-04-15T09:18:02.778,4.003384828769256,4.004546642574468,4.003287792401778,4.003413677419047,-0.04028527373555032,2.115517980785242,2.8416516090423727,2.054870251111396,2.1335483869044936,-50.50356592169438
2026-04-15T09:18:02.885,4.003384828769256,4.004546642574468,4.003287792401778,4.003413677419047,-0.04028527373555032,2.115517980785242,2.8416516090423727,2.054870251111396,2.1335483869044936,-50.50356592169438
2026-04-15T09:18:02.994,4.003384828769256,4.004546642574468,4.003287792401778,4.003413677419047,-0.04028527373555032,2.115517980785242,2.8416516090423727,2.054870251111396,2.1335483869044936,-50.50356592169438
2026-04-15T09:18:03.103,4.003964424369599,4.004520416529203,4.004504680902045,4.0033192636560955,-0.04292913485946296,2.477765230999296,2.825260330752144,2.815425563778007,2.0745397850596703,-50.53661418574329
2026-04-15T09:18:03.212,4.003964424369599,4.004520416529203,4.004504680902045,4.0033192636560955,-0.04292913485946296,2.477765230999296,2.825260330752144,2.815425563778007,2.0745397850596703,-50.53661418574329
2026-04-15T09:18:03.322,4.003964424369599,4.004520416529203,4.004504680902045,4.0033192636560955,-0.04292913485946296,2.477765230999296,2.825260330752144,2.815425563778007,2.0745397850596703,-50.53661418574329
2026-04-15T09:18:03.431,4.004431247975305,4.004635811128367,4.004583359037838,4.003487110345787,-0.02277902945743946,2.7695299845653665,2.89738195522915,2.864599398648693,2.179443966117134,-50.28473786821799
2026-04-15T09:18:03.540,4.004431247975305,4.004635811128367,4.004583359037838,4.003487110345787,-0.02277902945743946,2.7695299845653665,2.89738195522915,2.864599398648693,2.179443966117134,-50.28473786821799
2026-04-15T09:18:03.649,4.004431247975305,4.004635811128367,4.004583359037838,4.003487110345787,-0.02277902945743946,2.7695299845653665,2.89738195522915,2.864599398648693,2.179443966117134,-50.28473786821799
2026-04-15T09:18:03.759,4.003578901504213,4.005021333993753,4.004533529551836,4.003214359475038,-0.04326272938922218,2.2368134401329343,3.138333746095512,2.8334559698972583,2.0089746718987556,-50.54078411736528
2026-04-15T09:18:03.868,4.003578901504213,4.005021333993753,4.004533529551836,4.003214359475038,-0.04326272938922218,2.2368134401329343,3.138333746095512,2.8334559698972583,2.0089746718987556,-50.54078411736528
2026-04-15T09:18:03.975,4.003578901504213,4.005021333993753,4.004533529551836,4.003214359475038,-0.04326272938922218,2.2368134401329343,3.138333746095512,2.8334559698972583,2.0089746718987556,-50.54078411736528
2026-04-15T09:18:04.085,4.003253698542935,4.004968881903224,4.004698753637001,4.00353693983179,-0.033304683724767775,2.0335615893340986,3.1055511895150545,2.936721023125699,2.2105873948685684,-50.4163085465596
2026-04-15T09:18:04.194,4.003253698542935,4.004968881903224,4.004698753637001,4.00353693983179,-0.033304683724767775,2.0335615893340986,3.1055511895150545,2.936721023125699,2.2105873948685684,-50.4163085465596
2026-04-15T09:18:04.303,4.003253698542935,4.004968881903224,4.004698753637001,4.00353693983179,-0.033304683724767775,2.0335615893340986,3.1055511895150545,2.936721023125699,2.2105873948685684,-50.4163085465596
2026-04-15T09:18:04.412,4.0031330587347185,4.004528284342783,4.0042083265905575,4.0038962366519115,-0.032742054144726106,1.9581617091990466,2.8301777142392126,2.6302041190984227,2.4351479074447013,-50.409275676809074
2026-04-15T09:18:04.523,4.0031330587347185,4.004528284342783,4.0042083265905575,4.0038962366519115,-0.032742054144726106,1.9581617091990466,2.8301777142392126,2.6302041190984227,2.4351479074447013,-50.409275676809074
2026-04-15T09:18:04.648,4.0031330587347185,4.004528284342783,4.0042083265905575,4.0038962366519115,-0.032742054144726106,1.9581617091990466,2.8301777142392126,2.6302041190984227,2.4351479074447013,-50.409275676809074
2026-04-15T09:18:04.743,4.003416300023574,4.004997730553016,4.0038123133070656,4.003466129509576,-0.027160569549799403,2.1351875147335164,3.123581595634861,2.3826958169159695,2.166330943484951,-50.3395071193725
2026-04-15T09:18:04.852,4.003416300023574,4.004997730553016,4.0038123133070656,4.003466129509576,-0.027160569549799403,2.1351875147335164,3.123581595634861,2.3826958169159695,2.166330943484951,-50.3395071193725
2026-04-15T09:18:04.960,4.003416300023574,4.004997730553016,4.0038123133070656,4.003466129509576,-0.027160569549799403,2.1351875147335164,3.123581595634861,2.3826958169159695,2.166330943484951,-50.3395071193725
2026-04-15T09:18:05.068,4.0030491353898725,4.004709244055107,4.003670692662638,4.003167152593562,-0.01945802122834392,1.9057096186703149,2.9432775344417905,2.2941829141487347,1.979470370976344,-50.2432252653543
2026-04-15T09:18:05.176,4.0030491353898725,4.004709244055107,4.003670692662638,4.003167152593562,-0.01945802122834392,1.9057096186703149,2.9432775344417905,2.2941829141487347,1.979470370976344,-50.2432252653543
2026-04-15T09:18:05.287,4.0030491353898725,4.004709244055107,4.003670692662638,4.003167152593562,-0.01945802122834392,1.9057096186703149,2.9432775344417905,2.2941829141487347,1.979470370976344,-50.2432252653543
2026-04-15T09:18:05.395,4.003274679379146,4.005223274542288,4.005086899106914,4.003222227288617,-0.023680232590072587,2.0466746119662815,3.2645465889302727,3.1793119418210836,2.013892055385824,-50.2960029073759
2026-04-15T09:18:05.504,4.003274679379146,4.005223274542288,4.005086899106914,4.003222227288617,-0.023680232590072587,2.0466746119662815,3.2645465889302727,3.1793119418210836,2.013892055385824,-50.2960029073759
2026-04-15T09:18:05.615,4.003274679379146,4.005223274542288,4.005086899106914,4.003222227288617,-0.023680232590072587,2.0466746119662815,3.2645465889302727,3.1793119418210836,2.013892055385824,-50.2960029073759
2026-04-15T09:18:05.725,4.003759861216538,4.004334211607826,4.004832506467849,4.003064871017031,-0.03504236269321507,2.3499132603360673,2.7088822548915203,3.0203165424058653,1.915544385644452,-50.43802953366519
2026-04-15T09:18:05.835,4.003759861216538,4.004334211607826,4.004832506467849,4.003064871017031,-0.03504236269321507,2.3499132603360673,2.7088822548915203,3.0203165424058653,1.915544385644452,-50.43802953366519
2026-04-15T09:18:05.942,4.003759861216538,4.004334211607826,4.004832506467849,4.003064871017031,-0.03504236269321507,2.3499132603360673,2.7088822548915203,3.0203165424058653,1.915544385644452,-50.43802953366519
2026-04-15T09:18:06.051,4.003904104465491,4.004507303506571,4.003843784561383,4.003248453333882,-0.028868374381253333,2.44006529093177,2.8170646916070297,2.402365350864244,2.030283333676053,-50.360854679765666
2026-04-15T09:18:06.175,4.003904104465491,4.004507303506571,4.003843784561383,4.003248453333882,-0.028868374381253333,2.44006529093177,2.8170646916070297,2.402365350864244,2.030283333676053,-50.360854679765666
2026-04-15T09:18:06.283,4.003904104465491,4.004507303506571,4.003843784561383,4.003248453333882,-0.028868374381253333,2.44006529093177,2.8170646916070297,2.402365350864244,2.030283333676053,-50.360854679765666
2026-04-15T09:18:06.379,4.003759861216538,4.004614830292155,4.003967046974125,4.003416300023574,-0.026931534499516952,2.3499132603360673,2.8842689325969673,2.4794043588283188,2.1351875147335164,-50.33664418124396
2026-04-15T09:18:06.488,4.003759861216538,4.004614830292155,4.003967046974125,4.003416300023574,-0.026931534499516952,2.3499132603360673,2.8842689325969673,2.4794043588283188,2.1351875147335164,-50.33664418124396
2026-04-15T09:18:06.612,4.003759861216538,4.004614830292155,4.003967046974125,4.003416300023574,-0.026931534499516952,2.3499132603360673,2.8842689325969673,2.4794043588283188,2.1351875147335164,-50.33664418124396
2026-04-15T09:18:06.720,4.0037519934029575,4.005081653897861,4.004544019969941,4.003487110345787,-0.03429053024554876,2.3449958768484436,3.176033686163038,2.84001248121335,2.179443966117134,-50.42863162806937
2026-04-15T09:18:06.816,4.0037519934029575,4.005081653897861,4.004544019969941,4.003487110345787,-0.03429053024554876,2.3449958768484436,3.176033686163038,2.84001248121335,2.179443966117134,-50.42863162806937
2026-04-15T09:18:06.939,4.0037519934029575,4.005081653897861,4.004544019969941,4.003487110345787,-0.03429053024554876,2.3449958768484436,3.176033686163038,2.84001248121335,2.179443966117134,-50.42863162806937
2026-04-15T09:18:07.048,4.003458261695997,4.0051393511974425,4.004045725109918,4.003620863176636,-0.03924963698644706,2.1614135599978823,3.212094498401541,2.528578193699005,2.2630394853973,-50.4906204623306
2026-04-15T09:18:07.156,4.003458261695997,4.0051393511974425,4.004045725109918,4.003620863176636,-0.03924963698644706,2.1614135599978823,3.212094498401541,2.528578193699005,2.2630394853973,-50.4906204623306
2026-04-15T09:18:07.265,4.003458261695997,4.0051393511974425,4.004045725109918,4.003620863176636,-0.03924963698644706,2.1614135599978823,3.212094498401541,2.528578193699005,2.2630394853973,-50.4906204623306
2026-04-15T09:18:07.375,4.0036077501540035,4.004819393445217,4.004016876460128,4.003639221408321,-0.03866709131507647,2.254843846252186,3.012120903260751,2.5105477875797533,2.2745133802004602,-50.48333864143846
2026-04-15T09:18:07.483,4.0036077501540035,4.004819393445217,4.004016876460128,4.003639221408321,-0.03866709131507647,2.254843846252186,3.012120903260751,2.5105477875797533,2.2745133802004602,-50.48333864143846
2026-04-15T09:18:07.594,4.0036077501540035,4.004819393445217,4.004016876460128,4.003639221408321,-0.03866709131507647,2.254843846252186,3.012120903260751,2.5105477875797533,2.2745133802004602,-50.48333864143846
2026-04-15T09:18:07.704,4.003413677419047,4.004745960518477,4.004423380161725,4.0033376218877805,-0.034419984839186665,2.1335483869044936,2.9662253240481107,2.764612601078298,2.0860136798628304,-50.43024981048983
2026-04-15T09:18:07.812,4.003413677419047,4.004745960518477,4.004423380161725,4.0033376218877805,-0.034419984839186665,2.1335483869044936,2.9662253240481107,2.764612601078298,2.0860136798628304,-50.43024981048983
2026-04-15T09:18:07.922,4.003413677419047,4.004745960518477,4.004423380161725,4.0033376218877805,-0.034419984839186665,2.1335483869044936,2.9662253240481107,2.764612601078298,2.0860136798628304,-50.43024981048983
2026-04-15T09:18:08.031,4.0036077501540035,4.004200458776978,4.004730224891318,4.00345563909147,-0.03339430613574786,2.254843846252186,2.625286735611354,2.9563905570739735,2.1597744321688594,-50.417428826696856
2026-04-15T09:18:08.141,4.0036077501540035,4.004200458776978,4.004730224891318,4.00345563909147,-0.03339430613574786,2.254843846252186,2.625286735611354,2.9563905570739735,2.1597744321688594,-50.417428826696856
2026-04-15T09:18:08.249,4.0036077501540035,4.004200458776978,4.004730224891318,4.00345563909147,-0.03339430613574786,2.254843846252186,2.625286735611354,2.9563905570739735,2.1597744321688594,-50.417428826696856
2026-04-15T09:18:08.358,4.003442526068838,4.0043106081670885,4.004019499064654,4.003316641051569,-0.031044207358936624,2.151578793023745,2.6941301044303145,2.512186915408776,2.0729006572306474,-50.38805259198671
2026-04-15T09:18:08.467,4.003442526068838,4.0043106081670885,4.004019499064654,4.003316641051569,-0.031044207358936624,2.151578793023745,2.6941301044303145,2.512186915408776,2.0729006572306474,-50.38805259198671
2026-04-15T09:18:08.575,4.003442526068838,4.0043106081670885,4.004019499064654,4.003316641051569,-0.031044207358936624,2.151578793023745,2.6941301044303145,2.512186915408776,2.0729006572306474,-50.38805259198671
2026-04-15T09:18:08.685,4.003494978159367,4.004502058297518,4.003694296103376,4.003135681339245,-0.03516683826402075,2.1843613496042025,2.813786435948984,2.3089350646099405,1.9598008370280695,-50.439585478300266
2026-04-15T09:18:08.794,4.003494978159367,4.004502058297518,4.003694296103376,4.003135681339245,-0.03516683826402075,2.1843613496042025,2.813786435948984,2.3089350646099405,1.9598008370280695,-50.439585478300266
2026-04-15T09:18:08.902,4.003494978159367,4.004502058297518,4.003694296103376,4.003135681339245,-0.03516683826402075,2.1843613496042025,2.813786435948984,2.3089350646099405,1.9598008370280695,-50.439585478300266
2026-04-15T09:18:09.010,4.00326418896104,4.004853487304061,4.004475832252255,4.0035238268091575,-0.03440006874785776,2.04011810065019,3.0334295650380483,2.7973951576593103,2.202391755723454,-50.430000859348226
2026-04-15T09:18:09.121,4.00326418896104,4.004853487304061,4.004475832252255,4.0035238268091575,-0.03440006874785776,2.04011810065019,3.0334295650380483,2.7973951576593103,2.202391755723454,-50.430000859348226
2026-04-15T09:18:09.230,4.00326418896104,4.004853487304061,4.004475832252255,4.0035238268091575,-0.03440006874785776,2.04011810065019,3.0334295650380483,2.7973951576593103,2.202391755723454,-50.430000859348226
2026-04-15T09:18:09.340,4.003552675458948,4.004759073541109,4.004281759517299,4.003314018447043,-0.040748322858947444,2.2204221618427056,2.974420963193225,2.676099698311618,2.0712615294016246,-50.50935403573684
2026-04-15T09:18:09.448,4.003552675458948,4.004759073541109,4.004281759517299,4.003314018447043,-0.040748322858947444,2.2204221618427056,2.974420963193225,2.676099698311618,2.0712615294016246,-50.50935403573684
2026-04-15T09:18:09.558,4.003552675458948,4.004759073541109,4.004281759517299,4.003314018447043,-0.040748322858947444,2.2204221618427056,2.974420963193225,2.676099698311618,2.0712615294016246,-50.50935403573684
2026-04-15T09:18:09.681,4.003633976199268,4.004620075501208,4.004685640614369,4.003224849893144,-0.027469268965397493,2.2712351245424145,2.887547188255013,2.9285253839805847,2.015531183214847,-50.34336586206747
2026-04-15T09:18:09.774,4.003633976199268,4.004620075501208,4.004685640614369,4.003224849893144,-0.027469268965397493,2.2712351245424145,2.887547188255013,2.9285253839805847,2.015531183214847,-50.34336586206747
2026-04-15T09:18:09.883,4.003633976199268,4.004620075501208,4.004685640614369,4.003224849893144,-0.027469268965397493,2.2712351245424145,2.887547188255013,2.9285253839805847,2.015531183214847,-50.34336586206747
2026-04-15T09:18:09.991,4.003442526068838,4.0044364931843575,4.004378795884776,4.002894401722813,-0.0286791715136287,2.151578793023745,2.772808240223412,2.736747427984909,1.8090010767579656,-50.35848964392036
2026-04-15T09:18:10.102,4.003442526068838,4.0044364931843575,4.004378795884776,4.002894401722813,-0.0286791715136287,2.151578793023745,2.772808240223412,2.736747427984909,1.8090010767579656,-50.35848964392036
2026-04-15T09:18:10.211,4.003442526068838,4.0044364931843575,4.004378795884776,4.002894401722813,-0.0286791715136287,2.151578793023745,2.772808240223412,2.736747427984909,1.8090010767579656,-50.35848964392036
2026-04-15T09:18:10.320,4.003602504944951,4.0050973895250195,4.004342079421406,4.003251075938408,-0.028330639915372796,2.25156559059414,3.185868453137175,2.713799638378589,2.0319224615050757,-50.354132998942156
2026-04-15T09:18:10.430,4.003602504944951,4.0050973895250195,4.004342079421406,4.003251075938408,-0.028330639915372796,2.25156559059414,3.185868453137175,2.713799638378589,2.0319224615050757,-50.354132998942156
2026-04-15T09:18:10.539,4.003602504944951,4.0050973895250195,4.004342079421406,4.003251075938408,-0.028330639915372796,2.25156559059414,3.185868453137175,2.713799638378589,2.0319224615050757,-50.354132998942156
2026-04-15T09:18:10.648,4.003859520188541,4.0048692229312195,4.004195213567925,4.003689050894323,-0.028709045650622062,2.412200117838381,3.0432643320121855,2.6220084799533083,2.3056568089518947,-50.35886307063278
2026-04-15T09:18:10.757,4.003859520188541,4.0048692229312195,4.004195213567925,4.003689050894323,-0.028709045650622062,2.412200117838381,3.0432643320121855,2.6220084799533083,2.3056568089518947,-50.35886307063278
2026-04-15T09:18:10.867,4.003859520188541,4.0048692229312195,4.004195213567925,4.003689050894323,-0.028709045650622062,2.412200117838381,3.0432643320121855,2.6220084799533083,2.3056568089518947,-50.35886307063278
2026-04-15T09:18:10.975,4.003531694622737,4.0049295428353275,4.004373550675723,4.002931118186183,-0.02937623471014051,2.2073091392105226,3.0809642720797115,2.7334691723268634,1.8319488663642858,-50.367202933876754
2026-04-15T09:18:11.082,4.003531694622737,4.0049295428353275,4.004373550675723,4.002931118186183,-0.02937623471014051,2.2073091392105226,3.0809642720797115,2.7334691723268634,1.8319488663642858,-50.367202933876754
2026-04-15T09:18:11.191,4.003531694622737,4.0049295428353275,4.004373550675723,4.002931118186183,-0.02937623471014051,2.2073091392105226,3.0809642720797115,2.7334691723268634,1.8319488663642858,-50.367202933876754
2026-04-15T09:18:11.300,4.003639221408321,4.004562378201626,4.004515171320151,4.00297045725408,-0.030725549897674082,2.2745133802004602,2.85148637601651,2.8219820750940983,1.856535783800184,-50.38406937372093
2026-04-15T09:18:11.411,4.003639221408321,4.004562378201626,4.004515171320151,4.00297045725408,-0.030725549897674082,2.2745133802004602,2.85148637601651,2.8219820750940983,1.856535783800184,-50.38406937372093
2026-04-15T09:18:11.534,4.003639221408321,4.004562378201626,4.004515171320151,4.00297045725408,-0.030725549897674082,2.2745133802004602,2.85148637601651,2.8219820750940983,1.856535783800184,-50.38406937372093
2026-04-15T09:18:11.642,4.0040221216691805,4.004863977722167,4.004544019969941,4.002876043491128,-0.031367843843031394,2.513826043237799,3.0399860763541398,2.84001248121335,1.7975271819548055,-50.392098048037894
2026-04-15T09:18:11.738,4.0040221216691805,4.004863977722167,4.004544019969941,4.002876043491128,-0.031367843843031394,2.513826043237799,3.0399860763541398,2.84001248121335,1.7975271819548055,-50.392098048037894
2026-04-15T09:18:11.862,4.0040221216691805,4.004863977722167,4.004544019969941,4.002876043491128,-0.031367843843031394,2.513826043237799,3.0399860763541398,2.84001248121335,1.7975271819548055,-50.392098048037894
2026-04-15T09:18:11.970,4.003473997323155,4.004242420449401,4.004499435692992,4.003584146713266,-0.03515190119552407,2.1712483269720195,2.65151278087572,2.812147308119961,2.24009169579098,-50.43939876494405
2026-04-15T09:18:12.081,4.003473997323155,4.004242420449401,4.004499435692992,4.003584146713266,-0.03515190119552407,2.1712483269720195,2.65151278087572,2.812147308119961,2.24009169579098,-50.43939876494405
2026-04-15T09:18:12.190,4.003473997323155,4.004242420449401,4.004499435692992,4.003584146713266,-0.03515190119552407,2.1712483269720195,2.65151278087572,2.812147308119961,2.24009169579098,-50.43939876494405
2026-04-15T09:18:12.285,4.004389286302882,4.004753828332056,4.004127025850238,4.003783464657275,-0.02978451458238314,2.7433039393010006,2.9711427075351793,2.5793911563987137,2.364665410796718,-50.37230643227979
2026-04-15T09:18:12.394,4.004389286302882,4.004753828332056,4.004127025850238,4.003783464657275,-0.02978451458238314,2.7433039393010006,2.9711427075351793,2.5793911563987137,2.364665410796718,-50.37230643227979
2026-04-15T09:18:12.503,4.004389286302882,4.004753828332056,4.004127025850238,4.003783464657275,-0.02978451458238314,2.7433039393010006,2.9711427075351793,2.5793911563987137,2.364665410796718,-50.37230643227979
2026-04-15T09:18:12.642,4.003453016486944,4.004344702025932,4.004467964438675,4.003266811565567,-0.03820902121451157,2.1581353043398366,2.715438766207612,2.7924777741716866,2.041757228479213,-50.47761276518139
2026-04-15T09:18:12.737,4.003453016486944,4.004344702025932,4.004467964438675,4.003266811565567,-0.03820902121451157,2.1581353043398366,2.715438766207612,2.7924777741716866,2.041757228479213,-50.47761276518139
2026-04-15T09:18:12.845,4.003453016486944,4.004344702025932,4.004467964438675,4.003266811565567,-0.03820902121451157,2.1581353043398366,2.715438766207612,2.7924777741716866,2.041757228479213,-50.47761276518139
2026-04-15T09:18:12.942,4.00425815607656,4.0050160887847,4.00425815607656,4.003972292183178,-0.037661328702966575,2.661347547849857,3.135055490437466,2.661347547849857,2.4826826144863645,-50.47076660878709
2026-04-15T09:18:13.052,4.00425815607656,4.0050160887847,4.00425815607656,4.003972292183178,-0.037661328702966575,2.661347547849857,3.135055490437466,2.661347547849857,2.4826826144863645,-50.47076660878709
2026-04-15T09:18:13.162,4.00425815607656,4.0050160887847,4.00425815607656,4.003972292183178,-0.037661328702966575,2.661347547849857,3.135055490437466,2.661347547849857,2.4826826144863645,-50.47076660878709
2026-04-15T09:18:13.272,4.0034818651367345,4.004549265178995,4.004609585083103,4.002954721626921,-0.043193023069571006,2.176165710459088,2.8432907368719507,2.8809906769394766,1.8467010168254916,-50.539912788369634
2026-04-15T09:18:13.382,4.0034818651367345,4.004549265178995,4.004609585083103,4.002954721626921,-0.043193023069571006,2.176165710459088,2.8432907368719507,2.8809906769394766,1.8467010168254916,-50.539912788369634
2026-04-15T09:18:13.491,4.0034818651367345,4.004549265178995,4.004609585083103,4.002954721626921,-0.043193023069571006,2.176165710459088,2.8432907368719507,2.8809906769394766,1.8467010168254916,-50.539912788369634
2026-04-15T09:18:13.601,4.0035238268091575,4.004643678941946,4.003961801765072,4.003232717706723,-0.05004913750954786,2.202391755723454,2.902299338716219,2.476126103170273,2.0204485667019156,-50.62561421886935
2026-04-15T09:18:13.711,4.0035238268091575,4.004643678941946,4.003961801765072,4.003232717706723,-0.05004913750954786,2.202391755723454,2.902299338716219,2.476126103170273,2.0204485667019156,-50.62561421886935
2026-04-15T09:18:13.821,4.0035238268091575,4.004643678941946,4.003961801765072,4.003232717706723,-0.05004913750954786,2.202391755723454,2.902299338716219,2.476126103170273,2.0204485667019156,-50.62561421886935
2026-04-15T09:18:13.930,4.004179477940767,4.00467777280079,4.00372838996222,4.002548217925323,-0.0446020865310913,2.612173712979171,2.923608000493516,2.3302437263872378,1.592636203326947,-50.557526081638635
2026-04-15T09:18:14.039,4.004179477940767,4.00467777280079,4.00372838996222,4.002548217925323,-0.0446020865310913,2.612173712979171,2.923608000493516,2.3302437263872378,1.592636203326947,-50.557526081638635
2026-04-15T09:18:14.147,4.004179477940767,4.00467777280079,4.00372838996222,4.002548217925323,-0.0446020865310913,2.612173712979171,2.923608000493516,2.3302437263872378,1.592636203326947,-50.557526081638635
2026-04-15T09:18:14.256,4.003542185040843,4.004759073541109,4.004279136912771,4.003746748193905,-0.051707152112679525,2.213865650526614,2.974420963193225,2.67446057048204,2.341717621190398,-50.64633940140849
2026-04-15T09:18:14.365,4.003542185040843,4.004759073541109,4.004279136912771,4.003746748193905,-0.051707152112679525,2.213865650526614,2.974420963193225,2.67446057048204,2.341717621190398,-50.64633940140849
2026-04-15T09:18:14.474,4.003542185040843,4.004759073541109,4.004279136912771,4.003746748193905,-0.051707152112679525,2.213865650526614,2.974420963193225,2.67446057048204,2.341717621190398,-50.64633940140849
2026-04-15T09:18:14.583,4.003702163916955,4.004491567879413,4.004698753637001,4.003248453333882,-0.03874177665755988,2.313852448097009,2.8072299246328924,2.936721023125699,2.030283333676053,-50.484272208219494
2026-04-15T09:18:14.706,4.003702163916955,4.004491567879413,4.004698753637001,4.003248453333882,-0.03874177665755988,2.313852448097009,2.8072299246328924,2.936721023125699,2.030283333676053,-50.484272208219494
2026-04-15T09:18:14.814,4.003702163916955,4.004491567879413,4.004698753637001,4.003248453333882,-0.03874177665755988,2.313852448097009,2.8072299246328924,2.936721023125699,2.030283333676053,-50.484272208219494
2026-04-15T09:18:14.926,4.003969669578652,4.004528284342783,4.004229307426769,4.003334999283254,-0.03548549572528329,2.4810434866573416,2.8301777142392126,2.6433171417306056,2.0843745520338075,-50.44356869656605
2026-04-15T09:18:15.049,4.003969669578652,4.004528284342783,4.004229307426769,4.003334999283254,-0.03548549572528329,2.4810434866573416,2.8301777142392126,2.6433171417306056,2.0843745520338075,-50.44356869656605
2026-04-15T09:18:15.144,4.003969669578652,4.004528284342783,4.004229307426769,4.003334999283254,-0.03548549572528329,2.4810434866573416,2.8301777142392126,2.6433171417306056,2.0843745520338075,-50.44356869656605
2026-04-15T09:18:15.253,4.004071951155183,4.0047852995863735,4.003893614047386,4.00266098991996,-0.03758166433765094,2.5449694719892335,2.9908122414834537,2.4335087796162336,1.6631186999749303,-50.46977080422064
2026-04-15T09:18:15.377,4.004071951155183,4.0047852995863735,4.003893614047386,4.00266098991996,-0.03758166433765094,2.5449694719892335,2.9908122414834537,2.4335087796162336,1.6631186999749303,-50.46977080422064
2026-04-15T09:18:15.486,4.004071951155183,4.0047852995863735,4.003893614047386,4.00266098991996,-0.03758166433765094,2.5449694719892335,2.9908122414834537,2.4335087796162336,1.6631186999749303,-50.46977080422064
2026-04-15T09:18:15.594,4.003555298063475,4.004772186563741,4.004473209647728,4.0026347638746955,-0.054729418971841436,2.2220612896717284,2.9826166023383394,2.7957560298297324,1.6467274216847017,-50.684117737148014
2026-04-15T09:18:15.704,4.003555298063475,4.004772186563741,4.004473209647728,4.0026347638746955,-0.054729418971841436,2.2220612896717284,2.9826166023383394,2.7957560298297324,1.6467274216847017,-50.684117737148014
2026-04-15T09:18:15.828,4.003555298063475,4.004772186563741,4.004473209647728,4.0026347638746955,-0.054729418971841436,2.2220612896717284,2.9826166023383394,2.7957560298297324,1.6467274216847017,-50.684117737148014
2026-04-15T09:18:15.909,4.004174232731714,4.0050737860842816,4.003628730990215,4.003657579640006,-0.05054703979277058,2.6088954573211254,3.1711163026759692,2.2679568688843688,2.2859872750036203,-50.63183799740963
2026-04-15T09:18:16.031,4.004174232731714,4.0050737860842816,4.003628730990215,4.003657579640006,-0.05054703979277058,2.6088954573211254,3.1711163026759692,2.2679568688843688,2.2859872750036203,-50.63183799740963
2026-04-15T09:18:16.139,4.004174232731714,4.0050737860842816,4.003628730990215,4.003657579640006,-0.05054703979277058,2.6088954573211254,3.1711163026759692,2.2679568688843688,2.2859872750036203,-50.63183799740963
2026-04-15T09:18:16.249,4.003783464657275,4.0049951079484885,4.004617452896682,4.003605127549477,-0.04069355360779295,2.364665410796718,3.121942467805283,2.88590806042599,2.253204718423163,-50.508669420097405
2026-04-15T09:18:16.358,4.003783464657275,4.0049951079484885,4.004617452896682,4.003605127549477,-0.04069355360779295,2.364665410796718,3.121942467805283,2.88590806042599,2.253204718423163,-50.508669420097405
2026-04-15T09:18:16.466,4.003783464657275,4.0049951079484885,4.004617452896682,4.003605127549477,-0.04069355360779295,2.364665410796718,3.121942467805283,2.88590806042599,2.253204718423163,-50.508669420097405
2026-04-15T09:18:16.575,4.003657579640006,4.005296707469029,4.003864765397594,4.0031750204071415,-0.03842311919629734,2.2859872750036203,3.310442168142913,2.415478373496427,1.9843877544634125,-50.48028898995371
2026-04-15T09:18:16.684,4.003657579640006,4.005296707469029,4.003864765397594,4.0031750204071415,-0.03842311919629734,2.2859872750036203,3.310442168142913,2.415478373496427,1.9843877544634125,-50.48028898995371
2026-04-15T09:18:16.792,4.003657579640006,4.005296707469029,4.003864765397594,4.0031750204071415,-0.03842311919629734,2.2859872750036203,3.310442168142913,2.415478373496427,1.9843877544634125,-50.48028898995371
2026-04-15T09:18:16.902,4.003864765397594,4.004884958558378,4.00383853935233,4.003012418926502,-0.04137567973580807,2.415478373496427,3.0530990989863227,2.3990870952061982,1.8827618290639947,-50.51719599669761
2026-04-15T09:18:17.009,4.003864765397594,4.004884958558378,4.00383853935233,4.003012418926502,-0.04137567973580807,2.415478373496427,3.0530990989863227,2.3990870952061982,1.8827618290639947,-50.51719599669761
2026-04-15T09:18:17.117,4.003864765397594,4.004884958558378,4.00383853935233,4.003012418926502,-0.04137567973580807,2.415478373496427,3.0530990989863227,2.3990870952061982,1.8827618290639947,-50.51719599669761
2026-04-15T09:18:17.228,4.003434658255259,4.004780054377321,4.0042686464946655,4.003460884300523,-0.04326272938922218,2.1466614095366765,2.987533985825408,2.6679040591659486,2.163052687826905,-50.54078411736528
2026-04-15T09:18:17.336,4.003434658255259,4.004780054377321,4.0042686464946655,4.003460884300523,-0.04326272938922218,2.1466614095366765,2.987533985825408,2.6679040591659486,2.163052687826905,-50.54078411736528
2026-04-15T09:18:17.447,4.003434658255259,4.004780054377321,4.0042686464946655,4.003460884300523,-0.04326272938922218,2.1466614095366765,2.987533985825408,2.6679040591659486,2.163052687826905,-50.54078411736528
2026-04-15T09:18:17.556,4.003914594883597,4.004273891703718,4.00402998948276,4.003161907384509,-0.037253048830723945,2.4466218022478614,2.6711823148239944,2.5187434267248676,1.9761921153182982,-50.46566311038405
2026-04-15T09:18:17.663,4.003914594883597,4.004273891703718,4.00402998948276,4.003161907384509,-0.037253048830723945,2.4466218022478614,2.6711823148239944,2.5187434267248676,1.9761921153182982,-50.46566311038405
2026-04-15T09:18:17.774,4.003914594883597,4.004273891703718,4.00402998948276,4.003161907384509,-0.037253048830723945,2.4466218022478614,2.6711823148239944,2.5187434267248676,1.9761921153182982,-50.46566311038405
2026-04-15T09:18:17.881,4.003841161956856,4.004745960518477,4.004069328550656,4.003290415006305,-0.03413120151491749,2.400726223035221,2.9662253240481107,2.5433303441602106,2.0565093789404187,-50.42664001893647
2026-04-15T09:18:17.989,4.003841161956856,4.004745960518477,4.004069328550656,4.003290415006305,-0.03413120151491749,2.400726223035221,2.9662253240481107,2.5433303441602106,2.0565093789404187,-50.42664001893647
2026-04-15T09:18:18.099,4.003841161956856,4.004745960518477,4.004069328550656,4.003290415006305,-0.03413120151491749,2.400726223035221,2.9662253240481107,2.5433303441602106,2.0565093789404187,-50.42664001893647
2026-04-15T09:18:18.209,4.003972292183178,4.004528284342783,4.0038123133070656,4.003657579640006,-0.03473366327761698,2.4826826144863645,2.8301777142392126,2.3826958169159695,2.2859872750036203,-50.434170790970214
2026-04-15T09:18:18.319,4.003972292183178,4.004528284342783,4.0038123133070656,4.003657579640006,-0.03473366327761698,2.4826826144863645,2.8301777142392126,2.3826958169159695,2.2859872750036203,-50.434170790970214
2026-04-15T09:18:18.426,4.003972292183178,4.004528284342783,4.0038123133070656,4.003657579640006,-0.03473366327761698,2.4826826144863645,2.8301777142392126,2.3826958169159695,2.2859872750036203,-50.434170790970214
2026-04-15T09:18:18.536,4.004134893663817,4.004698753637001,4.004305362958036,4.003518581600105,-0.045956380741457095,2.5843085398857824,2.936721023125699,2.690851848772269,2.1991135000654083,-50.574454759268214
2026-04-15T09:18:18.644,4.004134893663817,4.004698753637001,4.004305362958036,4.003518581600105,-0.045956380741457095,2.5843085398857824,2.936721023125699,2.690851848772269,2.1991135000654083,-50.574454759268214
2026-04-15T09:18:18.754,4.004134893663817,4.004698753637001,4.004305362958036,4.003518581600105,-0.045956380741457095,2.5843085398857824,2.936721023125699,2.690851848772269,2.1991135000654083,-50.574454759268214
2026-04-15T09:18:18.863,4.003930330510755,4.004336834212353,4.0045387747608885,4.003665447453585,-0.049267430924888195,2.4564565692219986,2.710521382720543,2.836734225555304,2.290904658490689,-50.615842886561104
2026-04-15T09:18:18.972,4.003930330510755,4.004336834212353,4.0045387747608885,4.003665447453585,-0.049267430924888195,2.4564565692219986,2.710521382720543,2.836734225555304,2.290904658490689,-50.615842886561104
2026-04-15T09:18:19.083,4.003930330510755,4.004336834212353,4.0045387747608885,4.003665447453585,-0.049267430924888195,2.4564565692219986,2.710521382720543,2.836734225555304,2.290904658490689,-50.615842886561104
2026-04-15T09:18:19.191,4.003696918707902,4.005312443096187,4.004302740353509,4.0036680700581115,-0.04668331807496227,2.3105741924389633,3.3202769351170502,2.689212720943246,2.292543786319712,-50.58354147593703
2026-04-15T09:18:19.315,4.003696918707902,4.005312443096187,4.004302740353509,4.0036680700581115,-0.04668331807496227,2.3105741924389633,3.3202769351170502,2.689212720943246,2.292543786319712,-50.58354147593703
2026-04-15T09:18:19.410,4.003696918707902,4.005312443096187,4.004302740353509,4.0036680700581115,-0.04668331807496227,2.3105741924389633,3.3202769351170502,2.689212720943246,2.292543786319712,-50.58354147593703
2026-04-15T09:18:19.519,4.003885746233806,4.005388498627454,4.004593849455944,4.003555298063475,-0.03570457272990129,2.42859139612861,3.3678116421587134,2.8711559099647843,2.2220612896717284,-50.44630715912377
2026-04-15T09:18:19.642,4.003885746233806,4.005388498627454,4.004593849455944,4.003555298063475,-0.03570457272990129,2.42859139612861,3.3678116421587134,2.8711559099647843,2.2220612896717284,-50.44630715912377
2026-04-15T09:18:19.749,4.003885746233806,4.005388498627454,4.004593849455944,4.003555298063475,-0.03570457272990129,2.42859139612861,3.3678116421587134,2.8711559099647843,2.2220612896717284,-50.44630715912377
2026-04-15T09:18:19.862,4.0039198400926495,4.004856109908587,4.004591226851417,4.003327131469675,-0.028509884737332975,2.449900057905907,3.035068692867071,2.8695167821357614,2.079457168546739,-50.356373559216664
2026-04-15T09:18:19.957,4.0039198400926495,4.004856109908587,4.004591226851417,4.003327131469675,-0.028509884737332975,2.449900057905907,3.035068692867071,2.8695167821357614,2.079457168546739,-50.356373559216664
2026-04-15T09:18:20.081,4.0039198400926495,4.004856109908587,4.004591226851417,4.003327131469675,-0.028509884737332975,2.449900057905907,3.035068692867071,2.8695167821357614,2.079457168546739,-50.356373559216664
2026-04-15T09:18:20.189,4.0032956602153575,4.005160332033654,4.004161119709082,4.00334548970136,-0.031064123450265532,2.0597876345984645,3.225207521033724,2.600699818176011,2.090931063349899,-50.38830154312832
2026-04-15T09:18:20.299,4.0032956602153575,4.005160332033654,4.004161119709082,4.00334548970136,-0.031064123450265532,2.0597876345984645,3.225207521033724,2.600699818176011,2.090931063349899,-50.38830154312832
2026-04-15T09:18:20.407,4.0032956602153575,4.005160332033654,4.004161119709082,4.00334548970136,-0.031064123450265532,2.0597876345984645,3.225207521033724,2.600699818176011,2.090931063349899,-50.38830154312832
2026-04-15T09:18:20.516,4.003828048934224,4.004966259298698,4.003817558516118,4.003717899544114,-0.033314641770432224,2.3925305838901068,3.1039120616860316,2.3859740725740153,2.3236872150711463,-50.416433022130406
2026-04-15T09:18:20.626,4.003828048934224,4.004966259298698,4.003817558516118,4.003717899544114,-0.033314641770432224,2.3925305838901068,3.1039120616860316,2.3859740725740153,2.3236872150711463,-50.416433022130406
2026-04-15T09:18:20.734,4.003828048934224,4.004966259298698,4.003817558516118,4.003717899544114,-0.033314641770432224,2.3925305838901068,3.1039120616860316,2.3859740725740153,2.3236872150711463,-50.416433022130406
2026-04-15T09:18:20.843,4.003925085301702,4.004612207687629,4.004247665658454,4.002723932428594,-0.025198834553901886,2.453178313563953,2.8826298047679444,2.6547910365337657,1.7024577678714792,-50.31498543192377
2026-04-15T09:18:20.952,4.003925085301702,4.004612207687629,4.004247665658454,4.002723932428594,-0.025198834553901886,2.453178313563953,2.8826298047679444,2.6547910365337657,1.7024577678714792,-50.31498543192377
2026-04-15T09:18:21.060,4.003925085301702,4.004612207687629,4.004247665658454,4.002723932428594,-0.025198834553901886,2.453178313563953,2.8826298047679444,2.6547910365337657,1.7024577678714792,-50.31498543192377
2026-04-15T09:18:21.171,4.003487110345787,4.004961014089645,4.0044968130884655,4.00372052214864,-0.015599278533367832,2.179443966117134,3.100633806027986,2.810508180290938,2.325326342900169,-50.1949909816671
2026-04-15T09:18:21.279,4.003487110345787,4.004961014089645,4.0044968130884655,4.00372052214864,-0.015599278533367832,2.179443966117134,3.100633806027986,2.810508180290938,2.325326342900169,-50.1949909816671
2026-04-15T09:18:21.388,4.003487110345787,4.004961014089645,4.0044968130884655,4.00372052214864,-0.015599278533367832,2.179443966117134,3.100633806027986,2.810508180290938,2.325326342900169,-50.1949909816671
2026-04-15T09:18:21.496,4.003581524108739,4.004407644534567,4.0038962366519115,4.004137516268344,-0.02643363221629423,2.238452567961957,2.7547778341041607,2.4351479074447013,2.585947667714805,-50.33042040270368
2026-04-15T09:18:21.605,4.003581524108739,4.004407644534567,4.0038962366519115,4.004137516268344,-0.02643363221629423,2.238452567961957,2.7547778341041607,2.4351479074447013,2.585947667714805,-50.33042040270368
2026-04-15T09:18:21.715,4.003581524108739,4.004407644534567,4.0038962366519115,4.004137516268344,-0.02643363221629423,2.238452567961957,2.7547778341041607,2.4351479074447013,2.585947667714805,-50.33042040270368
2026-04-15T09:18:21.825,4.004129648454764,4.005328178723346,4.004163742313608,4.0037336351712725,-0.01494702654234607,2.5810302842277366,3.3301117020911875,2.602338946005034,2.3335219820452835,-50.18683783177933
2026-04-15T09:18:21.933,4.004129648454764,4.005328178723346,4.004163742313608,4.0037336351712725,-0.01494702654234607,2.5810302842277366,3.3301117020911875,2.602338946005034,2.3335219820452835,-50.18683783177933
2026-04-15T09:18:22.041,4.004129648454764,4.005328178723346,4.004163742313608,4.0037336351712725,-0.01494702654234607,2.5810302842277366,3.3301117020911875,2.602338946005034,2.3335219820452835,-50.18683783177933
2026-04-15T09:18:22.148,4.003935575719808,4.004853487304061,4.004504680902045,4.002613783038484,-0.004879442375582661,2.4597348248800444,3.0334295650380483,2.815425563778007,1.6336143990525187,-50.06099302969478
2026-04-15T09:18:22.257,4.003935575719808,4.004853487304061,4.004504680902045,4.002613783038484,-0.004879442375582661,2.4597348248800444,3.0334295650380483,2.815425563778007,1.6336143990525187,-50.06099302969478
2026-04-15T09:18:22.366,4.003935575719808,4.004853487304061,4.004504680902045,4.002613783038484,-0.004879442375582661,2.4597348248800444,3.0334295650380483,2.815425563778007,1.6336143990525187,-50.06099302969478
2026-04-15T09:18:22.476,4.00368380568527,4.005039692225438,4.004732847495845,4.002650499501854,-0.004102714813755217,2.302378553293849,3.149807640898672,2.9580296849029963,1.6565621886588389,-50.051283935171945
2026-04-15T09:18:22.585,4.00368380568527,4.005039692225438,4.004732847495845,4.002650499501854,-0.004102714813755217,2.302378553293849,3.149807640898672,2.9580296849029963,1.6565621886588389,-50.051283935171945
2026-04-15T09:18:22.693,4.00368380568527,4.005039692225438,4.004732847495845,4.002650499501854,-0.004102714813755217,2.302378553293849,3.149807640898672,2.9580296849029963,1.6565621886588389,-50.051283935171945
2026-04-15T09:18:22.804,4.003230095102197,4.004926920230801,4.004528284342783,4.002524614484585,0.0015783502378160239,2.0188094388728928,3.0793251442506886,2.8301777142392126,1.5778840528657412,-49.9802706220273
2026-04-15T09:18:22.910,4.003230095102197,4.004926920230801,4.004528284342783,4.002524614484585,0.0015783502378160239,2.0188094388728928,3.0793251442506886,2.8301777142392126,1.5778840528657412,-49.9802706220273
2026-04-15T09:18:23.019,4.003230095102197,4.004926920230801,4.004528284342783,4.002524614484585,0.0015783502378160239,2.0188094388728928,3.0793251442506886,2.8301777142392126,1.5778840528657412,-49.9802706220273
2026-04-15T09:18:23.143,4.00402998948276,4.005039692225438,4.004426002766252,4.0027370454512265,-0.0027832737632150074,2.5187434267248676,3.149807640898672,2.7662517289073207,1.7106534070165935,-50.03479092204019
2026-04-15T09:18:23.239,4.00402998948276,4.005039692225438,4.004426002766252,4.0027370454512265,-0.0027832737632150074,2.5187434267248676,3.149807640898672,2.7662517289073207,1.7106534070165935,-50.03479092204019
2026-04-15T09:18:23.347,4.00402998948276,4.005039692225438,4.004426002766252,4.0027370454512265,-0.0027832737632150074,2.5187434267248676,3.149807640898672,2.7662517289073207,1.7106534070165935,-50.03479092204019
2026-04-15T09:18:23.472,4.00369954131243,4.004853487304061,4.004168987522661,4.0028629304684955,-0.000776727561827444,2.3122133202685413,3.0334295650380483,2.6056172016630796,1.7893315428096912,-50.00970909452285
2026-04-15T09:18:23.597,4.00369954131243,4.004853487304061,4.004168987522661,4.0028629304684955,-0.000776727561827444,2.3122133202685413,3.0334295650380483,2.6056172016630796,1.7893315428096912,-50.00970909452285
2026-04-15T09:18:23.705,4.00369954131243,4.004853487304061,4.004168987522661,4.0028629304684955,-0.000776727561827444,2.3122133202685413,3.0334295650380483,2.6056172016630796,1.7893315428096912,-50.00970909452285
2026-04-15T09:18:23.815,4.003825426329698,4.005218029333236,4.004452228811516,4.003015041531029,-0.0005427134887127654,2.390891456061084,3.261268333272227,2.7826430071975494,1.8844009568930176,-50.00678391860891
2026-04-15T09:18:23.910,4.003825426329698,4.005218029333236,4.004452228811516,4.003015041531029,-0.0005427134887127654,2.390891456061084,3.261268333272227,2.7826430071975494,1.8844009568930176,-50.00678391860891
2026-04-15T09:18:24.034,4.003825426329698,4.005218029333236,4.004452228811516,4.003015041531029,-0.0005427134887127654,2.390891456061084,3.261268333272227,2.7826430071975494,1.8844009568930176,-50.00678391860891
2026-04-15T09:18:24.129,4.003925085301702,4.004989862739436,4.004187345754346,4.003269434170093,-0.00026388821010804185,2.453178313563953,3.1186642121472374,2.6170910964662397,2.043396356308236,-50.00329860262636
2026-04-15T09:18:24.251,4.003925085301702,4.004989862739436,4.004187345754346,4.003269434170093,-0.00026388821010804185,2.453178313563953,3.1186642121472374,2.6170910964662397,2.043396356308236,-50.00329860262636
2026-04-15T09:18:24.360,4.003925085301702,4.004989862739436,4.004187345754346,4.003269434170093,-0.00026388821010804185,2.453178313563953,3.1186642121472374,2.6170910964662397,2.043396356308236,-50.00329860262636
2026-04-15T09:18:24.471,4.003542185040843,4.005246877983026,4.004014253855601,4.003261566356514,-0.003136784384303139,2.213865650526614,3.2792987393914785,2.5089086597507304,2.038478972821167,-50.03920980480379
2026-04-15T09:18:24.567,4.003542185040843,4.005246877983026,4.004014253855601,4.003261566356514,-0.003136784384303139,2.213865650526614,3.2792987393914785,2.5089086597507304,2.038478972821167,-50.03920980480379
2026-04-15T09:18:24.689,4.003542185040843,4.005246877983026,4.004014253855601,4.003261566356514,-0.003136784384303139,2.213865650526614,3.2792987393914785,2.5089086597507304,2.038478972821167,-50.03920980480379
2026-04-15T09:18:24.785,4.0037939550753805,4.004987240134909,4.003885746233806,4.003237962915777,-0.0023451197539790134,2.3712219221128095,3.1170250843182146,2.42859139612861,2.0237268223605165,-50.02931399692474
2026-04-15T09:18:24.908,4.0037939550753805,4.004987240134909,4.003885746233806,4.003237962915777,-0.0023451197539790134,2.3712219221128095,3.1170250843182146,2.42859139612861,2.0237268223605165,-50.02931399692474
2026-04-15T09:18:25.016,4.0037939550753805,4.004987240134909,4.003885746233806,4.003237962915777,-0.0023451197539790134,2.3712219221128095,3.1170250843182146,2.42859139612861,2.0237268223605165,-50.02931399692474
2026-04-15T09:18:25.127,4.003442526068838,4.005008220971121,4.004347324630459,4.003167152593562,0.0,2.151578793023745,3.1301381069503975,2.7170778940366347,1.979470370976344,-50.0
2026-04-15T09:18:25.234,4.003442526068838,4.005008220971121,4.004347324630459,4.003167152593562,0.0,2.151578793023745,3.1301381069503975,2.7170778940366347,1.979470370976344,-50.0
2026-04-15T09:18:25.342,4.003442526068838,4.005008220971121,4.004347324630459,4.003167152593562,0.0,2.151578793023745,3.1301381069503975,2.7170778940366347,1.979470370976344,-50.0
2026-04-15T09:18:25.451,4.0037519934029575,4.005396366441033,4.004433870579831,4.003017664135555,-0.008787975298881017,2.3449958768484436,3.372729025645782,2.7711691123943893,1.8860400847220404,-50.10984969123601
2026-04-15T09:18:25.561,4.0037519934029575,4.005396366441033,4.004433870579831,4.003017664135555,-0.008787975298881017,2.3449958768484436,3.372729025645782,2.7711691123943893,1.8860400847220404,-50.10984969123601
2026-04-15T09:18:25.671,4.0037519934029575,4.005396366441033,4.004433870579831,4.003017664135555,-0.008787975298881017,2.3449958768484436,3.372729025645782,2.7711691123943893,1.8860400847220404,-50.10984969123601
2026-04-15T09:18:25.780,4.003959179160546,4.005018711389226,4.004189968358872,4.0034818651367345,-0.015176061592628522,2.47448697534125,3.136694618266489,2.6187302242952626,2.176165710459088,-50.18970076990785
2026-04-15T09:18:25.891,4.003959179160546,4.005018711389226,4.004189968358872,4.0034818651367345,-0.015176061592628522,2.47448697534125,3.136694618266489,2.6187302242952626,2.176165710459088,-50.18970076990785
2026-04-15T09:18:26.000,4.003959179160546,4.005018711389226,4.004189968358872,4.0034818651367345,-0.015176061592628522,2.47448697534125,3.136694618266489,2.6187302242952626,2.176165710459088,-50.18970076990785
2026-04-15T09:18:26.109,4.003397941791889,4.005079031293334,4.00486135511764,4.0032773019836725,-0.021768287822497342,2.1237136199303563,3.174394558334015,3.038346948525117,2.0483137397953044,-50.27210359778122
2026-04-15T09:18:26.218,4.003397941791889,4.005079031293334,4.00486135511764,4.0032773019836725,-0.021768287822497342,2.1237136199303563,3.174394558334015,3.038346948525117,2.0483137397953044,-50.27210359778122
2026-04-15T09:18:26.327,4.003397941791889,4.005079031293334,4.00486135511764,4.0032773019836725,-0.021768287822497342,2.1237136199303563,3.174394558334015,3.038346948525117,2.0483137397953044,-50.27210359778122
2026-04-15T09:18:26.435,4.004079818968762,4.004908561999116,4.003846407165909,4.003353357514939,-0.008255219855832704,2.549886855476302,3.0678512494475285,2.404004478693267,2.0958484468369676,-50.103190248197905
2026-04-15T09:18:26.543,4.004079818968762,4.004908561999116,4.003846407165909,4.003353357514939,-0.008255219855832704,2.549886855476302,3.0678512494475285,2.404004478693267,2.0958484468369676,-50.103190248197905
2026-04-15T09:18:26.653,4.004079818968762,4.004908561999116,4.003846407165909,4.003353357514939,-0.008255219855832704,2.549886855476302,3.0678512494475285,2.404004478693267,2.0958484468369676,-50.103190248197905
2026-04-15T09:18:26.761,4.00369954131243,4.005050182643544,4.004667282382684,4.003665447453585,-0.00388363780913722,2.3122133202685413,3.1563641522147634,2.9170514891774246,2.290904658490689,-50.048545472614215
2026-04-15T09:18:26.869,4.00369954131243,4.005050182643544,4.004667282382684,4.003665447453585,-0.00388363780913722,2.3122133202685413,3.1563641522147634,2.9170514891774246,2.290904658490689,-50.048545472614215
2026-04-15T09:18:26.979,4.00369954131243,4.005050182643544,4.004667282382684,4.003665447453585,-0.00388363780913722,2.3122133202685413,3.1563641522147634,2.9170514891774246,2.290904658490689,-50.048545472614215
2026-04-15T09:18:27.089,4.004305362958036,4.0053439143505045,4.004058838132551,4.003641844012847,-0.0061341561293039165,2.690851848772269,3.3399464690653247,2.536773832844119,2.276152508029483,-50.07667695161629
2026-04-15T09:18:27.198,4.004305362958036,4.0053439143505045,4.004058838132551,4.003641844012847,-0.0061341561293039165,2.690851848772269,3.3399464690653247,2.536773832844119,2.276152508029483,-50.07667695161629
2026-04-15T09:18:27.323,4.004305362958036,4.0053439143505045,4.004058838132551,4.003641844012847,-0.0061341561293039165,2.690851848772269,3.3399464690653247,2.536773832844119,2.276152508029483,-50.07667695161629
2026-04-15T09:18:27.417,4.003841161956856,4.0049951079484885,4.004200458776978,4.002933740790709,-0.006193904403290642,2.400726223035221,3.121942467805283,2.625286735611354,1.8335879941933086,-50.077423805041136
2026-04-15T09:18:27.525,4.003841161956856,4.0049951079484885,4.004200458776978,4.002933740790709,-0.006193904403290642,2.400726223035221,3.121942467805283,2.625286735611354,1.8335879941933086,-50.077423805041136
2026-04-15T09:18:27.635,4.003841161956856,4.0049951079484885,4.004200458776978,4.002933740790709,-0.006193904403290642,2.400726223035221,3.121942467805283,2.625286735611354,1.8335879941933086,-50.077423805041136
2026-04-15T09:18:27.746,4.0030491353898725,4.005480289785879,4.003731012566746,4.003397941791889,-0.015723754104173513,1.9057096186703149,3.425181116174514,2.3318828542162606,2.1237136199303563,-50.19654692630217
2026-04-15T09:18:27.855,4.0030491353898725,4.005480289785879,4.003731012566746,4.003397941791889,-0.015723754104173513,1.9057096186703149,3.425181116174514,2.3318828542162606,2.1237136199303563,-50.19654692630217
2026-04-15T09:18:27.965,4.0030491353898725,4.005480289785879,4.003731012566746,4.003397941791889,-0.015723754104173513,1.9057096186703149,3.425181116174514,2.3318828542162606,2.1237136199303563,-50.19654692630217
2026-04-15T09:18:28.076,4.003256321147461,4.005128860779337,4.004617452896682,4.002949476417868,-0.016873908378417995,2.0352007171631215,3.2055379870854495,2.88590806042599,1.8434227611674459,-50.210923854730225
2026-04-15T09:18:28.185,4.003256321147461,4.005128860779337,4.004617452896682,4.002949476417868,-0.016873908378417995,2.0352007171631215,3.2055379870854495,2.88590806042599,1.8434227611674459,-50.210923854730225
2026-04-15T09:18:28.294,4.003256321147461,4.005128860779337,4.004617452896682,4.002949476417868,-0.016873908378417995,2.0352007171631215,3.2055379870854495,2.88590806042599,1.8434227611674459,-50.210923854730225
2026-04-15T09:18:28.404,4.003502845972946,4.005404234254613,4.003846407165909,4.003001928508397,-0.011790326066714022,2.189278733091271,3.3776464091328506,2.404004478693267,1.8762053177479032,-50.14737907583392
2026-04-15T09:18:28.513,4.003502845972946,4.005404234254613,4.003846407165909,4.003001928508397,-0.011790326066714022,2.189278733091271,3.3776464091328506,2.404004478693267,1.8762053177479032,-50.14737907583392
2026-04-15T09:18:28.623,4.003502845972946,4.005404234254613,4.003846407165909,4.003001928508397,-0.011790326066714022,2.189278733091271,3.3776464091328506,2.404004478693267,1.8762053177479032,-50.14737907583392
2026-04-15T09:18:28.732,4.003290415006305,4.0050134661801735,4.004863977722167,4.00315403957093,-0.02411838659930858,2.0565093789404187,3.1334163626084433,3.0399860763541398,1.9712747318312296,-50.30147983249136
2026-04-15T09:18:28.841,4.003290415006305,4.0050134661801735,4.004863977722167,4.00315403957093,-0.02411838659930858,2.0565093789404187,3.1334163626084433,3.0399860763541398,1.9712747318312296,-50.30147983249136
2026-04-15T09:18:28.949,4.003290415006305,4.0050134661801735,4.004863977722167,4.00315403957093,-0.02411838659930858,2.0565093789404187,3.1334163626084433,3.0399860763541398,1.9712747318312296,-50.30147983249136
2026-04-15T09:18:29.057,4.003494978159367,4.004822016049744,4.004625320710261,4.003222227288617,-0.012303165418433425,2.1843613496042025,3.013760031089774,2.8908254439130587,2.013892055385824,-50.15378956773042
2026-04-15T09:18:29.166,4.003494978159367,4.004822016049744,4.004625320710261,4.003222227288617,-0.012303165418433425,2.1843613496042025,3.013760031089774,2.8908254439130587,2.013892055385824,-50.15378956773042
2026-04-15T09:18:29.274,4.003494978159367,4.004822016049744,4.004625320710261,4.003222227288617,-0.012303165418433425,2.1843613496042025,3.013760031089774,2.8908254439130587,2.013892055385824,-50.15378956773042
2026-04-15T09:18:29.384,4.003770351634643,4.005404234254613,4.0040404799008655,4.003744125589378,-0.007921625326073484,2.3564697716516037,3.3776464091328506,2.525299938040959,2.340078493361375,-50.09902031657592
2026-04-15T09:18:29.493,4.003770351634643,4.005404234254613,4.0040404799008655,4.003744125589378,-0.007921625326073484,2.3564697716516037,3.3776464091328506,2.525299938040959,2.340078493361375,-50.09902031657592
2026-04-15T09:18:29.602,4.003770351634643,4.005404234254613,4.0040404799008655,4.003744125589378,-0.007921625326073484,2.3564697716516037,3.3776464091328506,2.525299938040959,2.340078493361375,-50.09902031657592
2026-04-15T09:18:29.710,4.003484487741261,4.004711866659633,4.0043945315119345,4.003670692662638,-0.005606379709087833,2.177804838288111,2.9449166622708134,2.7465821949590463,2.2941829141487347,-50.0700797463636
2026-04-15T09:18:29.818,4.003484487741261,4.004711866659633,4.0043945315119345,4.003670692662638,-0.005606379709087833,2.177804838288111,2.9449166622708134,2.7465821949590463,2.2941829141487347,-50.0700797463636
2026-04-15T09:18:29.928,4.003484487741261,4.004711866659633,4.0043945315119345,4.003670692662638,-0.005606379709087833,2.177804838288111,2.9449166622708134,2.7465821949590463,2.2941829141487347,-50.0700797463636
2026-04-15T09:18:30.037,4.00375723861201,4.004879713349325,4.004035234691813,4.003542185040843,-0.01729712531915731,2.3482741325064893,3.049820843328277,2.5220216823829134,2.213865650526614,-50.216214066489464
2026-04-15T09:18:30.146,4.00375723861201,4.004879713349325,4.004035234691813,4.003542185040843,-0.01729712531915731,2.3482741325064893,3.049820843328277,2.5220216823829134,2.213865650526614,-50.216214066489464
2026-04-15T09:18:30.254,4.00375723861201,4.004879713349325,4.004035234691813,4.003542185040843,-0.01729712531915731,2.3482741325064893,3.049820843328277,2.5220216823829134,2.213865650526614,-50.216214066489464
2026-04-15T09:18:30.363,4.0036680700581115,4.004822016049744,4.004061460737077,4.00262427345659,-0.01186501140919743,2.292543786319712,3.013760031089774,2.538412960673142,1.6401709103686102,-50.14831264261497
2026-04-15T09:18:30.473,4.0036680700581115,4.004822016049744,4.004061460737077,4.00262427345659,-0.01186501140919743,2.292543786319712,3.013760031089774,2.538412960673142,1.6401709103686102,-50.14831264261497
2026-04-15T09:18:30.582,4.0036680700581115,4.004822016049744,4.004061460737077,4.00262427345659,-0.01186501140919743,2.292543786319712,3.013760031089774,2.538412960673142,1.6401709103686102,-50.14831264261497
2026-04-15T09:18:30.705,4.003841161956856,4.0052442553785,4.004032612087286,4.003146171757351,-0.008927387938183378,2.400726223035221,3.2776596115624557,2.5203825545538905,1.966357348344161,-50.111592349227294
2026-04-15T09:18:30.812,4.003841161956856,4.0052442553785,4.004032612087286,4.003146171757351,-0.008927387938183378,2.400726223035221,3.2776596115624557,2.5203825545538905,1.966357348344161,-50.111592349227294
2026-04-15T09:18:30.922,4.003841161956856,4.0052442553785,4.004032612087286,4.003146171757351,-0.008927387938183378,2.400726223035221,3.2776596115624557,2.5203825545538905,1.966357348344161,-50.111592349227294
2026-04-15T09:18:31.031,4.003749370798431,4.005008220971121,4.0042502882629805,4.003890991442859,-0.01697846785789477,2.3433567490194207,3.1301381069503975,2.6564301643627886,2.4318696517866556,-50.21223084822368
2026-04-15T09:18:31.140,4.003749370798431,4.005008220971121,4.0042502882629805,4.003890991442859,-0.01697846785789477,2.3433567490194207,3.1301381069503975,2.6564301643627886,2.4318696517866556,-50.21223084822368
2026-04-15T09:18:31.249,4.003749370798431,4.005008220971121,4.0042502882629805,4.003890991442859,-0.01697846785789477,2.3433567490194207,3.1301381069503975,2.6564301643627886,2.4318696517866556,-50.21223084822368
2026-04-15T09:18:31.359,4.003576278899686,4.005063295666176,4.004163742313608,4.003101587480401,-0.019721909438451958,2.2351743123039114,3.1645597913598777,2.602338946005034,1.9384921752507722,-50.246523867980656
2026-04-15T09:18:31.468,4.003576278899686,4.005063295666176,4.004163742313608,4.003101587480401,-0.019721909438451958,2.2351743123039114,3.1645597913598777,2.602338946005034,1.9384921752507722,-50.246523867980656
2026-04-15T09:18:31.577,4.003576278899686,4.005063295666176,4.004163742313608,4.003101587480401,-0.019721909438451958,2.2351743123039114,3.1645597913598777,2.602338946005034,1.9384921752507722,-50.246523867980656
2026-04-15T09:18:31.685,4.0042266848222425,4.005018711389226,4.004069328550656,4.003476619927682,-0.01409063461520299,2.6416780139015827,3.136694618266489,2.5433303441602106,2.1728874548010424,-50.17613293269003
2026-04-15T09:18:31.794,4.0042266848222425,4.005018711389226,4.004069328550656,4.003476619927682,-0.01409063461520299,2.6416780139015827,3.136694618266489,2.5433303441602106,2.1728874548010424,-50.17613293269003
2026-04-15T09:18:31.919,4.0042266848222425,4.005018711389226,4.004069328550656,4.003476619927682,-0.01409063461520299,2.6416780139015827,3.136694618266489,2.5433303441602106,2.1728874548010424,-50.17613293269003
2026-04-15T09:18:32.014,4.003542185040843,4.004890203767431,4.00399327301939,4.0036680700581115,-0.0044064352065210765,2.213865650526614,3.0563773546443684,2.4957956371185475,2.292543786319712,-50.05508044008151
2026-04-15T09:18:32.123,4.003542185040843,4.004890203767431,4.00399327301939,4.0036680700581115,-0.0044064352065210765,2.213865650526614,3.0563773546443684,2.4957956371185475,2.292543786319712,-50.05508044008151
2026-04-15T09:18:32.232,4.003542185040843,4.004890203767431,4.00399327301939,4.0036680700581115,-0.0044064352065210765,2.213865650526614,3.0563773546443684,2.4957956371185475,2.292543786319712,-50.05508044008151
2026-04-15T09:18:32.342,4.003400564396415,4.005120992965757,4.0041847231498195,4.003353357514939,-0.01804895776682362,2.125352747759379,3.200620603598381,2.615451968637217,2.0958484468369676,-50.2256119720853
2026-04-15T09:18:32.451,4.003400564396415,4.005120992965757,4.0041847231498195,4.003353357514939,-0.01804895776682362,2.125352747759379,3.200620603598381,2.615451968637217,2.0958484468369676,-50.2256119720853
2026-04-15T09:18:32.561,4.003400564396415,4.005120992965757,4.0041847231498195,4.003353357514939,-0.01804895776682362,2.125352747759379,3.200620603598381,2.615451968637217,2.0958484468369676,-50.2256119720853
2026-04-15T09:18:32.670,4.003453016486944,4.005042314829964,4.0041847231498195,4.003311395842516,-0.018696230735013156,2.1581353043398366,3.151446768727695,2.615451968637217,2.0696224015726017,-50.23370288418767
2026-04-15T09:18:32.779,4.003453016486944,4.005042314829964,4.0041847231498195,4.003311395842516,-0.018696230735013156,2.1581353043398366,3.151446768727695,2.615451968637217,2.0696224015726017,-50.23370288418767
2026-04-15T09:18:32.887,4.003453016486944,4.005042314829964,4.0041847231498195,4.003311395842516,-0.018696230735013156,2.1581353043398366,3.151446768727695,2.615451968637217,2.0696224015726017,-50.23370288418767
2026-04-15T09:18:32.997,4.0045990946649965,4.004866600326693,4.00414800668645,4.002899646931866,-0.01355787917215468,2.87443416562283,3.0416252041831626,2.592504179031452,1.8122793324160114,-50.16947348965194
2026-04-15T09:18:33.108,4.0045990946649965,4.004866600326693,4.00414800668645,4.002899646931866,-0.01355787917215468,2.87443416562283,3.0416252041831626,2.592504179031452,1.8122793324160114,-50.16947348965194
2026-04-15T09:18:33.217,4.0045990946649965,4.004866600326693,4.00414800668645,4.002899646931866,-0.01355787917215468,2.87443416562283,3.0416252041831626,2.592504179031452,1.8122793324160114,-50.16947348965194
2026-04-15T09:18:33.325,4.004473209647728,4.005267858819238,4.004161119709082,4.002954721626921,-0.018820706305818835,2.7957560298297324,3.2924117620236615,2.600699818176011,1.8467010168254916,-50.23525882882274
2026-04-15T09:18:33.435,4.004473209647728,4.005267858819238,4.004161119709082,4.002954721626921,-0.018820706305818835,2.7957560298297324,3.2924117620236615,2.600699818176011,1.8467010168254916,-50.23525882882274
2026-04-15T09:18:33.543,4.004473209647728,4.005267858819238,4.004161119709082,4.002954721626921,-0.018820706305818835,2.7957560298297324,3.2924117620236615,2.600699818176011,1.8467010168254916,-50.23525882882274
2026-04-15T09:18:33.652,4.003416300023574,4.005850077024107,4.004263401285613,4.003214359475038,-0.016624957236806636,2.1351875147335164,3.6562981400667383,2.664625803507903,2.0089746718987556,-50.20781196546008
2026-04-15T09:18:33.761,4.003416300023574,4.005850077024107,4.004263401285613,4.003214359475038,-0.016624957236806636,2.1351875147335164,3.6562981400667383,2.664625803507903,2.0089746718987556,-50.20781196546008
2026-04-15T09:18:33.869,4.003416300023574,4.005850077024107,4.004263401285613,4.003214359475038,-0.016624957236806636,2.1351875147335164,3.6562981400667383,2.664625803507903,2.0089746718987556,-50.20781196546008
2026-04-15T09:18:33.979,4.0040221216691805,4.005160332033654,4.004119158036659,4.003437280859785,-0.02408851246231522,2.513826043237799,3.225207521033724,2.574473772911645,2.1483005373656994,-50.30110640577894
2026-04-15T09:18:34.089,4.0040221216691805,4.005160332033654,4.004119158036659,4.003437280859785,-0.02408851246231522,2.513826043237799,3.225207521033724,2.574473772911645,2.1483005373656994,-50.30110640577894
2026-04-15T09:18:34.198,4.0040221216691805,4.005160332033654,4.004119158036659,4.003437280859785,-0.02408851246231522,2.513826043237799,3.225207521033724,2.574473772911645,2.1483005373656994,-50.30110640577894
2026-04-15T09:18:34.307,4.003678560476217,4.004654169360052,4.004058838132551,4.002826214005125,-0.015574383419206696,2.2991002976358033,2.9088558500323103,2.536773832844119,1.766383753203371,-50.19467979274008
2026-04-15T09:18:34.415,4.003678560476217,4.004654169360052,4.004058838132551,4.002826214005125,-0.015574383419206696,2.2991002976358033,2.9088558500323103,2.536773832844119,1.766383753203371,-50.19467979274008
2026-04-15T09:18:34.525,4.003678560476217,4.004654169360052,4.004058838132551,4.002826214005125,-0.015574383419206696,2.2991002976358033,2.9088558500323103,2.536773832844119,1.766383753203371,-50.19467979274008
2026-04-15T09:18:34.635,4.003652334430953,4.0050554278525965,4.004142761477397,4.003589391922318,-0.02477063859033034,2.2827090193455746,3.159642407872809,2.589225923372851,2.2433699514490257,-50.30963298237913
2026-04-15T09:18:34.744,4.003652334430953,4.0050554278525965,4.004142761477397,4.003589391922318,-0.02477063859033034,2.2827090193455746,3.159642407872809,2.589225923372851,2.2433699514490257,-50.30963298237913
2026-04-15T09:18:34.854,4.003652334430953,4.0050554278525965,4.004142761477397,4.003589391922318,-0.02477063859033034,2.2827090193455746,3.159642407872809,2.589225923372851,2.2433699514490257,-50.30963298237913
2026-04-15T09:18:34.962,4.003022909344608,4.004444360997937,4.004035234691813,4.003093719666822,-0.021106077785811122,1.8893183403800862,2.777725623710481,2.5220216823829134,1.9335747917637036,-50.26382597232264
2026-04-15T09:18:35.070,4.003022909344608,4.004444360997937,4.004035234691813,4.003093719666822,-0.021106077785811122,1.8893183403800862,2.777725623710481,2.5220216823829134,1.9335747917637036,-50.26382597232264
2026-04-15T09:18:35.181,4.003022909344608,4.004444360997937,4.004035234691813,4.003093719666822,-0.021106077785811122,1.8893183403800862,2.777725623710481,2.5220216823829134,1.9335747917637036,-50.26382597232264
2026-04-15T09:18:35.292,4.005029201807332,4.004945278462486,4.003626108385689,4.003849029770436,-0.026478443421784275,3.1432511295825805,3.0907990390538487,2.266317741055901,2.4056436065222897,-50.33098054277231
2026-04-15T09:18:35.401,4.005029201807332,4.004945278462486,4.003626108385689,4.003849029770436,-0.026478443421784275,3.1432511295825805,3.0907990390538487,2.266317741055901,2.4056436065222897,-50.33098054277231
2026-04-15T09:18:35.510,4.005029201807332,4.004945278462486,4.003626108385689,4.003849029770436,-0.026478443421784275,3.1432511295825805,3.0907990390538487,2.266317741055901,2.4056436065222897,-50.33098054277231
2026-04-15T09:18:35.620,4.004693508427948,4.005086899106914,4.0042214396131905,4.003332376678728,-0.029062556271710192,2.9334427674676533,3.1793119418210836,2.638399758244092,2.0827354242047846,-50.363281953396374
2026-04-15T09:18:35.730,4.004693508427948,4.005086899106914,4.0042214396131905,4.003332376678728,-0.029062556271710192,2.9334427674676533,3.1793119418210836,2.638399758244092,2.0827354242047846,-50.363281953396374
2026-04-15T09:18:35.840,4.004693508427948,4.005086899106914,4.0042214396131905,4.003332376678728,-0.029062556271710192,2.9334427674676533,3.1793119418210836,2.638399758244092,2.0827354242047846,-50.363281953396374
2026-04-15T09:18:35.950,4.003311395842516,4.00517082245176,4.004467964438675,4.003804445493486,-0.032801802418712826,2.0696224015726017,3.2317640323498154,2.7924777741716866,2.377778433428901,-50.41002253023391
2026-04-15T09:18:36.058,4.003311395842516,4.00517082245176,4.004467964438675,4.003804445493486,-0.032801802418712826,2.0696224015726017,3.2317640323498154,2.7924777741716866,2.377778433428901,-50.41002253023391
2026-04-15T09:18:36.168,4.003311395842516,4.00517082245176,4.004467964438675,4.003804445493486,-0.032801802418712826,2.0696224015726017,3.2317640323498154,2.7924777741716866,2.377778433428901,-50.41002253023391
2026-04-15T09:18:36.278,4.003828048934224,4.0053386691414525,4.00368380568527,4.003715276939587,-0.028719003696286518,2.3925305838901068,3.336668213407834,2.302378553293849,2.3220480872421234,-50.35898754620358
2026-04-15T09:18:36.388,4.003828048934224,4.0053386691414525,4.00368380568527,4.003715276939587,-0.028719003696286518,2.3925305838901068,3.336668213407834,2.302378553293849,2.3220480872421234,-50.35898754620358
2026-04-15T09:18:36.498,4.003828048934224,4.0053386691414525,4.00368380568527,4.003715276939587,-0.028719003696286518,2.3925305838901068,3.336668213407834,2.302378553293849,2.3220480872421234,-50.35898754620358
2026-04-15T09:18:36.605,4.00425815607656,4.004919052417222,4.004216194404137,4.003445148673364,-0.026393800033636415,2.661347547849857,3.07440776076362,2.6351215025854913,2.153217920852768,-50.32992250042045
2026-04-15T09:18:36.715,4.00425815607656,4.004919052417222,4.004216194404137,4.003445148673364,-0.026393800033636415,2.661347547849857,3.07440776076362,2.6351215025854913,2.153217920852768,-50.32992250042045
2026-04-15T09:18:36.825,4.00425815607656,4.004919052417222,4.004216194404137,4.003445148673364,-0.026393800033636415,2.661347547849857,3.07440776076362,2.6351215025854913,2.153217920852768,-50.32992250042045
2026-04-15T09:18:36.948,4.004284382121824,4.005060673061649,4.00406670594613,4.003437280859785,-0.03416107565191085,2.677738826140086,3.162920663530855,2.5416912163311878,2.1483005373656994,-50.42701344564888
2026-04-15T09:18:37.041,4.004284382121824,4.005060673061649,4.00406670594613,4.003437280859785,-0.03416107565191085,2.677738826140086,3.162920663530855,2.5416912163311878,2.1483005373656994,-50.42701344564888
2026-04-15T09:18:37.150,4.004284382121824,4.005060673061649,4.00406670594613,4.003437280859785,-0.03416107565191085,2.677738826140086,3.162920663530855,2.5416912163311878,2.1483005373656994,-50.42701344564888
2026-04-15T09:18:37.259,4.004142761477397,4.004958391485118,4.003783464657275,4.00376510642559,-0.032642473688081555,2.589225923372851,3.098994678198963,2.364665410796718,2.353191515993558,-50.40803092110102
2026-04-15T09:18:37.369,4.004142761477397,4.004958391485118,4.003783464657275,4.00376510642559,-0.032642473688081555,2.589225923372851,3.098994678198963,2.364665410796718,2.353191515993558,-50.40803092110102
2026-04-15T09:18:37.478,4.004142761477397,4.004958391485118,4.003783464657275,4.00376510642559,-0.032642473688081555,2.589225923372851,3.098994678198963,2.364665410796718,2.353191515993558,-50.40803092110102
2026-04-15T09:18:37.587,4.003497600763893,4.00497937232133,4.004339456816879,4.003161907384509,-0.04759447925325985,2.1860004774332253,3.112107700831146,2.712160510549566,1.9761921153182982,-50.594930990665745
2026-04-15T09:18:37.697,4.003497600763893,4.00497937232133,4.004339456816879,4.003161907384509,-0.04759447925325985,2.1860004774332253,3.112107700831146,2.712160510549566,1.9761921153182982,-50.594930990665745
2026-04-15T09:18:37.807,4.003497600763893,4.00497937232133,4.004339456816879,4.003161907384509,-0.04759447925325985,2.1860004774332253,3.112107700831146,2.712160510549566,1.9761921153182982,-50.594930990665745
2026-04-15T09:18:37.917,4.003922462697176,4.004932165439854,4.004119158036659,4.003125190921139,-0.04608085631226278,2.45153918573493,3.0826033999087343,2.574473772911645,1.953244325711978,-50.576010703903286
2026-04-15T09:18:38.025,4.003922462697176,4.004932165439854,4.004119158036659,4.003125190921139,-0.04608085631226278,2.45153918573493,3.0826033999087343,2.574473772911645,1.953244325711978,-50.576010703903286
2026-04-15T09:18:38.135,4.003922462697176,4.004932165439854,4.004119158036659,4.003125190921139,-0.04608085631226278,2.45153918573493,3.0826033999087343,2.574473772911645,1.953244325711978,-50.576010703903286
2026-04-15T09:18:38.244,4.003738880380325,4.00497937232133,4.00402998948276,4.003371715746625,-0.03906043411882242,2.3368002377033292,3.112107700831146,2.5187434267248676,2.1073223416406828,-50.48825542648528
2026-04-15T09:18:38.352,4.003738880380325,4.00497937232133,4.00402998948276,4.003371715746625,-0.03906043411882242,2.3368002377033292,3.112107700831146,2.5187434267248676,2.1073223416406828,-50.48825542648528
2026-04-15T09:18:38.460,4.003738880380325,4.00497937232133,4.00402998948276,4.003371715746625,-0.03906043411882242,2.3368002377033292,3.112107700831146,2.5187434267248676,2.1073223416406828,-50.48825542648528
2026-04-15T09:18:38.568,4.003395319187362,4.00440502193004,4.003885746233806,4.0032956602153575,-0.049406843564190554,2.1220744921013335,2.753138706275138,2.42859139612861,2.0597876345984645,-50.61758554455238
2026-04-15T09:18:38.677,4.003395319187362,4.00440502193004,4.003885746233806,4.0032956602153575,-0.049406843564190554,2.1220744921013335,2.753138706275138,2.42859139612861,2.0597876345984645,-50.61758554455238
2026-04-15T09:18:38.787,4.003395319187362,4.00440502193004,4.003885746233806,4.0032956602153575,-0.049406843564190554,2.1220744921013335,2.753138706275138,2.42859139612861,2.0597876345984645,-50.61758554455238
2026-04-15T09:18:38.896,4.003689050894323,4.004903316790063,4.003890991442859,4.0036470892219,-0.03802977639255139,2.3056568089518947,3.064572993789483,2.4318696517866556,2.279430763687529,-50.47537220490689
2026-04-15T09:18:39.003,4.003689050894323,4.004903316790063,4.003890991442859,4.0036470892219,-0.03802977639255139,2.3056568089518947,3.064572993789483,2.4318696517866556,2.279430763687529,-50.47537220490689
2026-04-15T09:18:39.127,4.003689050894323,4.004903316790063,4.003890991442859,4.0036470892219,-0.03802977639255139,2.3056568089518947,3.064572993789483,2.4318696517866556,2.279430763687529,-50.47537220490689
2026-04-15T09:18:39.235,4.003626108385689,4.0054461959270355,4.004200458776978,4.00322747249767,-0.050810928002878626,2.266317741055901,3.4038724543972165,2.625286735611354,2.01717031104387,-50.63513660003598
2026-04-15T09:18:39.344,4.003626108385689,4.0054461959270355,4.004200458776978,4.00322747249767,-0.050810928002878626,2.266317741055901,3.4038724543972165,2.625286735611354,2.01717031104387,-50.63513660003598
2026-04-15T09:18:39.454,4.003626108385689,4.0054461959270355,4.004200458776978,4.00322747249767,-0.050810928002878626,2.266317741055901,3.4038724543972165,2.625286735611354,2.01717031104387,-50.63513660003598
2026-04-15T09:18:39.551,4.003662824849059,4.00467777280079,4.00383853935233,4.003432035650733,-0.037098699122924905,2.289265530661666,2.923608000493516,2.3990870952061982,2.1450222817082087,-50.46373373903656
2026-04-15T09:18:39.674,4.003662824849059,4.00467777280079,4.00383853935233,4.003432035650733,-0.037098699122924905,2.289265530661666,2.923608000493516,2.3990870952061982,2.1450222817082087,-50.46373373903656
2026-04-15T09:18:39.781,4.003662824849059,4.00467777280079,4.00383853935233,4.003432035650733,-0.037098699122924905,2.289265530661666,2.923608000493516,2.3990870952061982,2.1450222817082087,-50.46373373903656
2026-04-15T09:18:39.892,4.003487110345787,4.005419969881771,4.004300117748983,4.003230095102197,-0.03773601404544998,2.179443966117134,3.387481176106988,2.687573593114223,2.0188094388728928,-50.471700175568124
2026-04-15T09:18:40.000,4.003487110345787,4.005419969881771,4.004300117748983,4.003230095102197,-0.03773601404544998,2.179443966117134,3.387481176106988,2.687573593114223,2.0188094388728928,-50.471700175568124
2026-04-15T09:18:40.099,4.003487110345787,4.005419969881771,4.004300117748983,4.003230095102197,-0.03773601404544998,2.179443966117134,3.387481176106988,2.687573593114223,2.0188094388728928,-50.471700175568124
2026-04-15T09:18:40.211,4.003686428289797,4.005291462259976,4.003856897584015,4.003285169797252,-0.048774507664497695,2.304017681122872,3.3071639124848673,2.4105609900093583,2.053231123282373,-50.60968134580622
2026-04-15T09:18:40.321,4.003686428289797,4.005291462259976,4.003856897584015,4.003285169797252,-0.048774507664497695,2.304017681122872,3.3071639124848673,2.4105609900093583,2.053231123282373,-50.60968134580622
2026-04-15T09:18:40.436,4.003686428289797,4.005291462259976,4.003856897584015,4.003285169797252,-0.048774507664497695,2.304017681122872,3.3071639124848673,2.4105609900093583,2.053231123282373,-50.60968134580622
2026-04-15T09:18:40.544,4.0033192636560955,4.0045807364333115,4.004567623410679,4.003673315267164,-0.037362587333032944,2.0745397850596703,2.86296027081967,2.8547646316745556,2.2958220419777575,-50.46703234166291
2026-04-15T09:18:40.654,4.0033192636560955,4.0045807364333115,4.004567623410679,4.003673315267164,-0.037362587333032944,2.0745397850596703,2.86296027081967,2.8547646316745556,2.2958220419777575,-50.46703234166291
2026-04-15T09:18:40.764,4.0033192636560955,4.0045807364333115,4.004567623410679,4.003673315267164,-0.037362587333032944,2.0745397850596703,2.86296027081967,2.8547646316745556,2.2958220419777575,-50.46703234166291
2026-04-15T09:18:40.875,4.003429413046206,4.004719734473213,4.003946066137914,4.003408432209994,-0.030058360838155634,2.1433831538786308,2.949834045757882,2.466291336196136,2.130270131246448,-50.375729510476944
2026-04-15T09:18:40.984,4.003429413046206,4.004719734473213,4.003946066137914,4.003408432209994,-0.030058360838155634,2.1433831538786308,2.949834045757882,2.466291336196136,2.130270131246448,-50.375729510476944
2026-04-15T09:18:41.093,4.003429413046206,4.004719734473213,4.003946066137914,4.003408432209994,-0.030058360838155634,2.1433831538786308,2.949834045757882,2.466291336196136,2.130270131246448,-50.375729510476944
2026-04-15T09:18:41.202,4.003046512785346,4.005296707469029,4.004197836172452,4.003290415006305,-0.03643151006340646,1.904070490841292,3.310442168142913,2.623647607782331,2.0565093789404187,-50.45539387579257
2026-04-15T09:18:41.311,4.003046512785346,4.005296707469029,4.004197836172452,4.003290415006305,-0.03643151006340646,1.904070490841292,3.310442168142913,2.623647607782331,2.0565093789404187,-50.45539387579257
2026-04-15T09:18:41.421,4.003046512785346,4.005296707469029,4.004197836172452,4.003290415006305,-0.03643151006340646,1.904070490841292,3.310442168142913,2.623647607782331,2.0565093789404187,-50.45539387579257
2026-04-15T09:18:41.530,4.0039381983243345,4.005120992965757,4.004252910867507,4.003405809605468,-0.040225525461563584,2.4613739527090672,3.200620603598381,2.6580692921918114,2.128631003417425,-50.502819068269545
2026-04-15T09:18:41.640,4.0039381983243345,4.005120992965757,4.004252910867507,4.003405809605468,-0.040225525461563584,2.4613739527090672,3.200620603598381,2.6580692921918114,2.128631003417425,-50.502819068269545
2026-04-15T09:18:41.741,4.0039381983243345,4.005120992965757,4.004252910867507,4.003405809605468,-0.040225525461563584,2.4613739527090672,3.200620603598381,2.6580692921918114,2.128631003417425,-50.502819068269545
2026-04-15T09:18:41.861,4.004095554595921,4.005540609689987,4.004502058297518,4.003471374718629,-0.03401668398977627,2.5597216224504393,3.46288105624204,2.813786435948984,2.1696091991429967,-50.4252085498722
2026-04-15T09:18:41.967,4.004095554595921,4.005540609689987,4.004502058297518,4.003471374718629,-0.03401668398977627,2.5597216224504393,3.46288105624204,2.813786435948984,2.1696091991429967,-50.4252085498722
2026-04-15T09:18:42.074,4.004095554595921,4.005540609689987,4.004502058297518,4.003471374718629,-0.03401668398977627,2.5597216224504393,3.46288105624204,2.813786435948984,2.1696091991429967,-50.4252085498722
2026-04-15T09:18:42.186,4.003767729030116,4.005868435255792,4.0042686464946655,4.00376510642559,-0.040359959078033726,2.354830643822581,3.6677720348698983,2.6679040591659486,2.353191515993558,-50.50449948847542
2026-04-15T09:18:42.294,4.003767729030116,4.005868435255792,4.0042686464946655,4.00376510642559,-0.040359959078033726,2.354830643822581,3.6677720348698983,2.6679040591659486,2.353191515993558,-50.50449948847542
2026-04-15T09:18:42.417,4.003767729030116,4.005868435255792,4.0042686464946655,4.00376510642559,-0.040359959078033726,2.354830643822581,3.6677720348698983,2.6679040591659486,2.353191515993558,-50.50449948847542
2026-04-15T09:18:42.511,4.00394868874244,4.004376173280249,4.004024744273707,4.003943443533387,-0.026264345439998508,2.4679304640251587,2.7351083001558862,2.515465171066822,2.464652208367113,-50.32830431799999
2026-04-15T09:18:42.620,4.00394868874244,4.004376173280249,4.004024744273707,4.003943443533387,-0.026264345439998508,2.4679304640251587,2.7351083001558862,2.515465171066822,2.464652208367113,-50.32830431799999
2026-04-15T09:18:42.731,4.00394868874244,4.004376173280249,4.004024744273707,4.003943443533387,-0.026264345439998508,2.4679304640251587,2.7351083001558862,2.515465171066822,2.464652208367113,-50.32830431799999
2026-04-15T09:18:42.840,4.004098177200447,4.0058841708829505,4.004231930031295,4.002860307863969,-0.03455441845565681,2.561360750279462,3.6776068018440355,2.6449562695596285,1.7876924149806683,-50.43193023069571
2026-04-15T09:18:42.948,4.004098177200447,4.0058841708829505,4.004231930031295,4.002860307863969,-0.03455441845565681,2.561360750279462,3.6776068018440355,2.6449562695596285,1.7876924149806683,-50.43193023069571
2026-04-15T09:18:43.059,4.004098177200447,4.0058841708829505,4.004231930031295,4.002860307863969,-0.03455441845565681,2.561360750279462,3.6776068018440355,2.6449562695596285,1.7876924149806683,-50.43193023069571
2026-04-15T09:18:43.166,4.004913807208169,4.005422592486298,4.0038962366519115,4.003209114265985,-0.032876487761196234,3.0711295051055743,3.3891203039360107,2.4351479074447013,2.00569641624071,-50.41095609701496
2026-04-15T09:18:43.273,4.004913807208169,4.005422592486298,4.0038962366519115,4.003209114265985,-0.032876487761196234,3.0711295051055743,3.3891203039360107,2.4351479074447013,2.00569641624071,-50.41095609701496
2026-04-15T09:18:43.384,4.004913807208169,4.005422592486298,4.0038962366519115,4.003209114265985,-0.032876487761196234,3.0711295051055743,3.3891203039360107,2.4351479074447013,2.00569641624071,-50.41095609701496
2026-04-15T09:18:43.493,4.0031750204071415,4.004761696145636,4.004014253855601,4.003025531949135,-0.040544182922826126,1.9843877544634125,2.976060091022248,2.5089086597507304,1.890957468209109,-50.506802286535326
2026-04-15T09:18:43.600,4.0031750204071415,4.004761696145636,4.004014253855601,4.003025531949135,-0.040544182922826126,1.9843877544634125,2.976060091022248,2.5089086597507304,1.890957468209109,-50.506802286535326
2026-04-15T09:18:43.712,4.0031750204071415,4.004761696145636,4.004014253855601,4.003025531949135,-0.040544182922826126,1.9843877544634125,2.976060091022248,2.5089086597507304,1.890957468209109,-50.506802286535326
2026-04-15T09:18:43.820,4.004011631251075,4.005068540875229,4.0039381983243345,4.003104210084929,-0.031044207358936624,2.5072695319217075,3.1678380470179235,2.4613739527090672,1.9401313030803502,-50.38805259198671
2026-04-15T09:18:43.929,4.004011631251075,4.005068540875229,4.0039381983243345,4.003104210084929,-0.031044207358936624,2.5072695319217075,3.1678380470179235,2.4613739527090672,1.9401313030803502,-50.38805259198671
2026-04-15T09:18:44.038,4.004011631251075,4.005068540875229,4.0039381983243345,4.003104210084929,-0.031044207358936624,2.5072695319217075,3.1678380470179235,2.4613739527090672,1.9401313030803502,-50.38805259198671
2026-04-15T09:18:44.146,4.004300117748983,4.004748583123003,4.0047669413546885,4.003442526068838,-0.04340214202852454,2.687573593114223,2.9678644518771335,2.9793383466802936,2.151578793023745,-50.542526775356556
2026-04-15T09:18:44.255,4.004300117748983,4.004748583123003,4.0047669413546885,4.003442526068838,-0.04340214202852454,2.687573593114223,2.9678644518771335,2.9793383466802936,2.151578793023745,-50.542526775356556
2026-04-15T09:18:44.363,4.004300117748983,4.004748583123003,4.0047669413546885,4.003442526068838,-0.04340214202852454,2.687573593114223,2.9678644518771335,2.9793383466802936,2.151578793023745,-50.542526775356556
2026-04-15T09:18:44.472,4.003122568316613,4.0050973895250195,4.00383853935233,4.0034399034643116,-0.03170641739562284,1.9516051978829552,3.185868453137175,2.3990870952061982,2.1499396651947222,-50.39633021744528
2026-04-15T09:18:44.582,4.003122568316613,4.0050973895250195,4.00383853935233,4.0034399034643116,-0.03170641739562284,1.9516051978829552,3.185868453137175,2.3990870952061982,2.1499396651947222,-50.39633021744528
2026-04-15T09:18:44.691,4.003122568316613,4.0050973895250195,4.00383853935233,4.0034399034643116,-0.03170641739562284,1.9516051978829552,3.185868453137175,2.3990870952061982,2.1499396651947222,-50.39633021744528
2026-04-15T09:18:44.814,4.003127813525666,4.004690885823422,4.004189968358872,4.00376510642559,-0.032687284893571596,1.954883453541001,2.9318036396386304,2.6187302242952626,2.353191515993558,-50.40859106116965
2026-04-15T09:18:44.912,4.003127813525666,4.004690885823422,4.004189968358872,4.00376510642559,-0.032687284893571596,1.954883453541001,2.9318036396386304,2.6187302242952626,2.353191515993558,-50.40859106116965
2026-04-15T09:18:45.032,4.003127813525666,4.004690885823422,4.004189968358872,4.00376510642559,-0.032687284893571596,1.954883453541001,2.9318036396386304,2.6187302242952626,2.353191515993558,-50.40859106116965
2026-04-15T09:18:45.142,4.003408432209994,4.0047669413546885,4.004399776720987,4.003376960955677,-0.03433036242820658,2.130270131246448,2.9793383466802936,2.749860450617092,2.1106005972981734,-50.429129530352576
2026-04-15T09:18:45.252,4.003408432209994,4.0047669413546885,4.004399776720987,4.003376960955677,-0.03433036242820658,2.130270131246448,2.9793383466802936,2.749860450617092,2.1106005972981734,-50.429129530352576
2026-04-15T09:18:45.362,4.003408432209994,4.0047669413546885,4.004399776720987,4.003376960955677,-0.03433036242820658,2.130270131246448,2.9793383466802936,2.749860450617092,2.1106005972981734,-50.429129530352576
2026-04-15T09:18:45.471,4.003552675458948,4.004903316790063,4.004009008646548,4.003253698542935,-0.0437606316724449,2.2204221618427056,3.064572993789483,2.5056304040926847,2.0335615893340986,-50.54700789590556
2026-04-15T09:18:45.566,4.003552675458948,4.004903316790063,4.004009008646548,4.003253698542935,-0.0437606316724449,2.2204221618427056,3.064572993789483,2.5056304040926847,2.0335615893340986,-50.54700789590556
2026-04-15T09:18:45.689,4.003552675458948,4.004903316790063,4.004009008646548,4.003253698542935,-0.0437606316724449,2.2204221618427056,3.064572993789483,2.5056304040926847,2.0335615893340986,-50.54700789590556
2026-04-15T09:18:45.785,4.003694296103376,4.005042314829964,4.004302740353509,4.003303528028937,-0.03807956662087366,2.3089350646099405,3.151446768727695,2.689212720943246,2.064705018085533,-50.47599458276092
2026-04-15T09:18:45.908,4.003694296103376,4.005042314829964,4.004302740353509,4.003303528028937,-0.03807956662087366,2.3089350646099405,3.151446768727695,2.689212720943246,2.064705018085533,-50.47599458276092
2026-04-15T09:18:46.017,4.003694296103376,4.005042314829964,4.004302740353509,4.003303528028937,-0.03807956662087366,2.3089350646099405,3.151446768727695,2.689212720943246,2.064705018085533,-50.47599458276092
2026-04-15T09:18:46.126,4.003814935911592,4.004822016049744,4.004043102505392,4.0035238268091575,-0.0453887721385832,2.3843349447449924,3.013760031089774,2.526939065869982,2.202391755723454,-50.56735965173229
2026-04-15T09:18:46.237,4.003814935911592,4.004822016049744,4.004043102505392,4.0035238268091575,-0.0453887721385832,2.3843349447449924,3.013760031089774,2.526939065869982,2.202391755723454,-50.56735965173229
2026-04-15T09:18:46.345,4.003814935911592,4.004822016049744,4.004043102505392,4.0035238268091575,-0.0453887721385832,2.3843349447449924,3.013760031089774,2.526939065869982,2.202391755723454,-50.56735965173229
2026-04-15T09:18:46.454,4.003620863176636,4.004570246015206,4.003814935911592,4.003476619927682,-0.0443630934351444,2.2630394853973,2.8564037595035785,2.3843349447449924,2.1728874548010424,-50.55453866793931
2026-04-15T09:18:46.563,4.003620863176636,4.004570246015206,4.003814935911592,4.003476619927682,-0.0443630934351444,2.2630394853973,2.8564037595035785,2.3843349447449924,2.1728874548010424,-50.55453866793931
2026-04-15T09:18:46.672,4.003620863176636,4.004570246015206,4.003814935911592,4.003476619927682,-0.0443630934351444,2.2630394853973,2.8564037595035785,2.3843349447449924,2.1728874548010424,-50.55453866793931
2026-04-15T09:18:46.780,4.003772974239169,4.004919052417222,4.004530906947309,4.003180265616194,-0.030023507678330046,2.3581088994806265,3.07440776076362,2.8318168420682355,1.9876660101214583,-50.37529384597913
2026-04-15T09:18:46.890,4.003772974239169,4.004919052417222,4.004530906947309,4.003180265616194,-0.030023507678330046,2.3581088994806265,3.07440776076362,2.8318168420682355,1.9876660101214583,-50.37529384597913
2026-04-15T09:18:46.998,4.003772974239169,4.004919052417222,4.004530906947309,4.003180265616194,-0.030023507678330046,2.3581088994806265,3.07440776076362,2.8318168420682355,1.9876660101214583,-50.37529384597913
2026-04-15T09:18:47.107,4.003416300023574,4.004989862739436,4.0042502882629805,4.003736257775799,-0.03209976019936879,2.1351875147335164,3.1186642121472374,2.6564301643627886,2.3351611098743064,-50.40124700249211
2026-04-15T09:18:47.217,4.003416300023574,4.004989862739436,4.0042502882629805,4.003736257775799,-0.03209976019936879,2.1351875147335164,3.1186642121472374,2.6564301643627886,2.3351611098743064,-50.40124700249211
2026-04-15T09:18:47.327,4.003416300023574,4.004989862739436,4.0042502882629805,4.003736257775799,-0.03209976019936879,2.1351875147335164,3.1186642121472374,2.6564301643627886,2.3351611098743064,-50.40124700249211
2026-04-15T09:18:47.435,4.003253698542935,4.005270481423764,4.00361037275853,4.003140926548298,-0.039667874904354146,2.0335615893340986,3.2940508898526843,2.2564829740812087,1.9630790926861152,-50.49584843630443
2026-04-15T09:18:47.544,4.003253698542935,4.005270481423764,4.00361037275853,4.003140926548298,-0.039667874904354146,2.0335615893340986,3.2940508898526843,2.2564829740812087,1.9630790926861152,-50.49584843630443
2026-04-15T09:18:47.653,4.003253698542935,4.005270481423764,4.00361037275853,4.003140926548298,-0.039667874904354146,2.0335615893340986,3.2940508898526843,2.2564829740812087,1.9630790926861152,-50.49584843630443
2026-04-15T09:18:47.764,4.003744125589378,4.004984617530383,4.0039985182284425,4.0039198400926495,-0.04051928780866499,2.340078493361375,3.1153859564891917,2.499073892776593,2.449900057905907,-50.50649109760831
2026-04-15T09:18:47.874,4.003744125589378,4.004984617530383,4.0039985182284425,4.0039198400926495,-0.04051928780866499,2.340078493361375,3.1153859564891917,2.499073892776593,2.449900057905907,-50.50649109760831
2026-04-15T09:18:47.981,4.003744125589378,4.004984617530383,4.0039985182284425,4.0039198400926495,-0.04051928780866499,2.340078493361375,3.1153859564891917,2.499073892776593,2.449900057905907,-50.50649109760831
2026-04-15T09:18:48.091,4.00391197227907,4.004546642574468,4.0049295428353275,4.003969669578652,-0.04203291074966206,2.4449826744188385,2.8416516090423727,3.0809642720797115,2.4810434866573416,-50.52541138437078
2026-04-15T09:18:48.200,4.00391197227907,4.004546642574468,4.0049295428353275,4.003969669578652,-0.04203291074966206,2.4449826744188385,2.8416516090423727,3.0809642720797115,2.4810434866573416,-50.52541138437078
2026-04-15T09:18:48.309,4.00391197227907,4.004546642574468,4.0049295428353275,4.003969669578652,-0.04203291074966206,2.4449826744188385,2.8416516090423727,3.0809642720797115,2.4810434866573416,-50.52541138437078
2026-04-15T09:18:48.432,4.003290415006305,4.005443573322509,4.003738880380325,4.002886533909233,-0.0435764078276525,2.0565093789404187,3.4022333265681937,2.3368002377033292,1.804083693270897,-50.54470509784566
2026-04-15T09:18:48.526,4.003290415006305,4.005443573322509,4.003738880380325,4.002886533909233,-0.0435764078276525,2.0565093789404187,3.4022333265681937,2.3368002377033292,1.804083693270897,-50.54470509784566
2026-04-15T09:18:48.635,4.003290415006305,4.005443573322509,4.003738880380325,4.002886533909233,-0.0435764078276525,2.0565093789404187,3.4022333265681937,2.3368002377033292,1.804083693270897,-50.54470509784566
2026-04-15T09:18:48.745,4.003497600763893,4.005666494707257,4.004014253855601,4.003437280859785,-0.04192835127018529,2.1860004774332253,3.5415591920356926,2.5089086597507304,2.1483005373656994,-50.52410439087731
2026-04-15T09:18:48.854,4.003497600763893,4.005666494707257,4.004014253855601,4.003437280859785,-0.04192835127018529,2.1860004774332253,3.5415591920356926,2.5089086597507304,2.1483005373656994,-50.52410439087731
2026-04-15T09:18:48.963,4.003497600763893,4.005666494707257,4.004014253855601,4.003437280859785,-0.04192835127018529,2.1860004774332253,3.5415591920356926,2.5089086597507304,2.1483005373656994,-50.52410439087731
2026-04-15T09:18:49.072,4.003070116226084,4.00536227258219,4.0042083265905575,4.003167152593562,-0.036028209213996056,1.9188226413024978,3.3514203638684847,2.6302041190984227,1.979470370976344,-50.45035261517496
2026-04-15T09:18:49.180,4.003070116226084,4.00536227258219,4.0042083265905575,4.003167152593562,-0.036028209213996056,1.9188226413024978,3.3514203638684847,2.6302041190984227,1.979470370976344,-50.45035261517496
2026-04-15T09:18:49.290,4.003070116226084,4.00536227258219,4.0042083265905575,4.003167152593562,-0.036028209213996056,1.9188226413024978,3.3514203638684847,2.6302041190984227,1.979470370976344,-50.45035261517496
2026-04-15T09:18:49.400,4.003612995363056,4.004467964438675,4.003904104465491,4.003531694622737,-0.03851772063010966,2.2581221019102315,2.7924777741716866,2.44006529093177,2.2073091392105226,-50.48147150787637
2026-04-15T09:18:49.509,4.003612995363056,4.004467964438675,4.003904104465491,4.003531694622737,-0.03851772063010966,2.2581221019102315,2.7924777741716866,2.44006529093177,2.2073091392105226,-50.48147150787637
2026-04-15T09:18:49.618,4.003612995363056,4.004467964438675,4.003904104465491,4.003531694622737,-0.03851772063010966,2.2581221019102315,2.7924777741716866,2.44006529093177,2.2073091392105226,-50.48147150787637
2026-04-15T09:18:49.726,4.003767729030116,4.004672527591737,4.003744125589378,4.0033192636560955,-0.030566221167042808,2.354830643822581,2.9203297448354704,2.340078493361375,2.0745397850596703,-50.38207776458804
2026-04-15T09:18:49.836,4.003767729030116,4.004672527591737,4.003744125589378,4.0033192636560955,-0.030566221167042808,2.354830643822581,2.9203297448354704,2.340078493361375,2.0745397850596703,-50.38207776458804
2026-04-15T09:18:49.945,4.003767729030116,4.004672527591737,4.003744125589378,4.0033192636560955,-0.030566221167042808,2.354830643822581,2.9203297448354704,2.340078493361375,2.0745397850596703,-50.38207776458804
2026-04-15T09:18:50.054,4.003392696582836,4.00584745441958,4.004266023890139,4.003822803725171,-0.03849780453878075,2.1204353642723106,3.6546590122377154,2.6662649313369258,2.389252328232061,-50.481222556734764
2026-04-15T09:18:50.162,4.003392696582836,4.00584745441958,4.004266023890139,4.003822803725171,-0.03849780453878075,2.1204353642723106,3.6546590122377154,2.6662649313369258,2.389252328232061,-50.481222556734764
2026-04-15T09:18:50.271,4.003392696582836,4.00584745441958,4.004266023890139,4.003822803725171,-0.03849780453878075,2.1204353642723106,3.6546590122377154,2.6662649313369258,2.389252328232061,-50.481222556734764
2026-04-15T09:18:50.380,4.003599882340424,4.0043945315119345,4.004069328550656,4.004043102505392,-0.03688460114113913,2.249926462765117,2.7465821949590463,2.5433303441602106,2.526939065869982,-50.46105751426424
2026-04-15T09:18:50.491,4.003599882340424,4.0043945315119345,4.004069328550656,4.004043102505392,-0.03688460114113913,2.249926462765117,2.7465821949590463,2.5433303441602106,2.526939065869982,-50.46105751426424
2026-04-15T09:18:50.599,4.003599882340424,4.0043945315119345,4.004069328550656,4.004043102505392,-0.03688460114113913,2.249926462765117,2.7465821949590463,2.5433303441602106,2.526939065869982,-50.46105751426424
2026-04-15T09:18:50.708,4.002931118186183,4.005970716832323,4.003804445493486,4.003636598803794,-0.03222423577017447,1.8319488663642858,3.73169802020179,2.377778433428901,2.2728742523714374,-50.40280294712718
2026-04-15T09:18:50.818,4.002931118186183,4.005970716832323,4.003804445493486,4.003636598803794,-0.03222423577017447,1.8319488663642858,3.73169802020179,2.377778433428901,2.2728742523714374,-50.40280294712718
2026-04-15T09:18:50.926,4.002931118186183,4.005970716832323,4.003804445493486,4.003636598803794,-0.03222423577017447,1.8319488663642858,3.73169802020179,2.377778433428901,2.2728742523714374,-50.40280294712718
2026-04-15T09:18:51.036,4.00361037275853,4.0052442553785,4.004266023890139,4.0036077501540035,-0.027424457759907445,2.2564829740812087,3.2776596115624557,2.6662649313369258,2.254843846252186,-50.34280572199884
2026-04-15T09:18:51.144,4.00361037275853,4.0052442553785,4.004266023890139,4.0036077501540035,-0.027424457759907445,2.2564829740812087,3.2776596115624557,2.6662649313369258,2.254843846252186,-50.34280572199884
2026-04-15T09:18:51.256,4.00361037275853,4.0052442553785,4.004266023890139,4.0036077501540035,-0.027424457759907445,2.2564829740812087,3.2776596115624557,2.6662649313369258,2.254843846252186,-50.34280572199884
2026-04-15T09:18:51.364,4.003707409126008,4.004431247975305,4.003969669578652,4.00299930590387,-0.025004652663445023,2.317130703755055,2.7695299845653665,2.4810434866573416,1.8745661899188804,-50.312558158293065
2026-04-15T09:18:51.488,4.003707409126008,4.004431247975305,4.003969669578652,4.00299930590387,-0.025004652663445023,2.317130703755055,2.7695299845653665,2.4810434866573416,1.8745661899188804,-50.312558158293065
2026-04-15T09:18:51.612,4.003707409126008,4.004431247975305,4.003969669578652,4.00299930590387,-0.025004652663445023,2.317130703755055,2.7695299845653665,2.4810434866573416,1.8745661899188804,-50.312558158293065
2026-04-15T09:18:51.719,4.002786874937229,4.0045387747608885,4.004192590963399,4.002983570276712,-0.02130523869910021,1.741796835768028,2.836734225555304,2.6203693521242855,1.8647314229447431,-50.26631548373876
2026-04-15T09:18:51.828,4.002786874937229,4.0045387747608885,4.004192590963399,4.002983570276712,-0.02130523869910021,1.741796835768028,2.836734225555304,2.6203693521242855,1.8647314229447431,-50.26631548373876
2026-04-15T09:18:51.938,4.002786874937229,4.0045387747608885,4.004192590963399,4.002983570276712,-0.02130523869910021,1.741796835768028,2.836734225555304,2.6203693521242855,1.8647314229447431,-50.26631548373876
2026-04-15T09:18:52.046,4.002710819405962,4.005215406728709,4.004373550675723,4.003453016486944,-0.030655843578022902,1.6942621287263648,3.259629205443204,2.7334691723268634,2.1581353043398366,-50.38319804472528
2026-04-15T09:18:52.156,4.002710819405962,4.005215406728709,4.004373550675723,4.003453016486944,-0.030655843578022902,1.6942621287263648,3.259629205443204,2.7334691723268634,2.1581353043398366,-50.38319804472528
2026-04-15T09:18:52.265,4.002710819405962,4.005215406728709,4.004373550675723,4.003453016486944,-0.030655843578022902,1.6942621287263648,3.259629205443204,2.7334691723268634,2.1581353043398366,-50.38319804472528
2026-04-15T09:18:52.374,4.002495765834794,4.004780054377321,4.004229307426769,4.003426790441679,-0.0324482917976247,1.5598536467464896,2.987533985825408,2.6433171417306056,2.141744026049608,-50.40560364747031
2026-04-15T09:18:52.484,4.002495765834794,4.004780054377321,4.004229307426769,4.003426790441679,-0.0324482917976247,1.5598536467464896,2.987533985825408,2.6433171417306056,2.141744026049608,-50.40560364747031
2026-04-15T09:18:52.595,4.002495765834794,4.004780054377321,4.004229307426769,4.003426790441679,-0.0324482917976247,1.5598536467464896,2.987533985825408,2.6433171417306056,2.141744026049608,-50.40560364747031
2026-04-15T09:18:52.705,4.002870798282075,4.005047560039017,4.004276514308245,4.0035474302498955,-0.026672625312241138,1.7942489262967598,3.1547250243857405,2.6728214426530172,2.21714390618466,-50.33340781640302
2026-04-15T09:18:52.814,4.002870798282075,4.005047560039017,4.004276514308245,4.0035474302498955,-0.026672625312241138,1.7942489262967598,3.1547250243857405,2.6728214426530172,2.21714390618466,-50.33340781640302
2026-04-15T09:18:52.923,4.002870798282075,4.005047560039017,4.004276514308245,4.0035474302498955,-0.026672625312241138,1.7942489262967598,3.1547250243857405,2.6728214426530172,2.21714390618466,-50.33340781640302
2026-04-15T09:18:53.031,4.003476619927682,4.005388498627454,4.004284382121824,4.003290415006305,-0.021250469447945713,2.1728874548010424,3.3678116421587134,2.677738826140086,2.0565093789404187,-50.26563086809932
2026-04-15T09:18:53.139,4.003476619927682,4.005388498627454,4.004284382121824,4.003290415006305,-0.021250469447945713,2.1728874548010424,3.3678116421587134,2.677738826140086,2.0565093789404187,-50.26563086809932
2026-04-15T09:18:53.247,4.003476619927682,4.005388498627454,4.004284382121824,4.003290415006305,-0.021250469447945713,2.1728874548010424,3.3678116421587134,2.677738826140086,2.0565093789404187,-50.26563086809932
2026-04-15T09:18:53.357,4.002561330947955,4.00536227258219,4.0044548514160425,4.003872633211174,-0.022808903594432824,1.6008318424720613,3.3514203638684847,2.7842821350265723,2.4203957569834955,-50.28511129493041
2026-04-15T09:18:53.466,4.002561330947955,4.00536227258219,4.0044548514160425,4.003872633211174,-0.022808903594432824,1.6008318424720613,3.3514203638684847,2.7842821350265723,2.4203957569834955,-50.28511129493041
2026-04-15T09:18:53.575,4.002561330947955,4.00536227258219,4.0044548514160425,4.003872633211174,-0.022808903594432824,1.6008318424720613,3.3514203638684847,2.7842821350265723,2.4203957569834955,-50.28511129493041
2026-04-15T09:18:53.685,4.003489732950314,4.005107879943125,4.004171610127187,4.003786087261801,-0.0201501054020235,2.1810830939461567,3.1924249644532665,2.6072563294921025,2.366304538625741,-50.25187631752529
2026-04-15T09:18:53.793,4.003489732950314,4.005107879943125,4.004171610127187,4.003786087261801,-0.0201501054020235,2.1810830939461567,3.1924249644532665,2.6072563294921025,2.366304538625741,-50.25187631752529
2026-04-15T09:18:53.903,4.003489732950314,4.005107879943125,4.004171610127187,4.003786087261801,-0.0201501054020235,2.1810830939461567,3.1924249644532665,2.6072563294921025,2.366304538625741,-50.25187631752529
2026-04-15T09:18:54.013,4.003479242532208,4.004722357077739,4.004111290223079,4.003731012566746,-0.012975333500784095,2.1745265826300653,2.951473173586905,2.5695563894245765,2.3318828542162606,-50.1621916687598
2026-04-15T09:18:54.123,4.003479242532208,4.004722357077739,4.004111290223079,4.003731012566746,-0.012975333500784095,2.1745265826300653,2.951473173586905,2.5695563894245765,2.3318828542162606,-50.1621916687598
2026-04-15T09:18:54.232,4.003479242532208,4.004722357077739,4.004111290223079,4.003731012566746,-0.012975333500784095,2.1745265826300653,2.951473173586905,2.5695563894245765,2.3318828542162606,-50.1621916687598
2026-04-15T09:18:54.342,4.004121780641185,4.004738092704898,4.004161119709082,4.003293037610831,-0.01663989430530332,2.576112900740668,2.961307940561042,2.600699818176011,2.0581485067694416,-50.20799867881629
2026-04-15T09:18:54.450,4.004121780641185,4.004738092704898,4.004161119709082,4.003293037610831,-0.01663989430530332,2.576112900740668,2.961307940561042,2.600699818176011,2.0581485067694416,-50.20799867881629
2026-04-15T09:18:54.559,4.004121780641185,4.004738092704898,4.004161119709082,4.003293037610831,-0.01663989430530332,2.576112900740668,2.961307940561042,2.600699818176011,2.0581485067694416,-50.20799867881629
2026-04-15T09:18:54.669,4.002836704423232,4.0048875811629046,4.003890991442859,4.003020286740082,-0.02490507220680048,1.7729402645200176,3.0547382268153456,2.4318696517866556,1.8876792125510633,-50.311313402585
2026-04-15T09:18:54.779,4.002836704423232,4.0048875811629046,4.003890991442859,4.003020286740082,-0.02490507220680048,1.7729402645200176,3.0547382268153456,2.4318696517866556,1.8876792125510633,-50.311313402585
2026-04-15T09:18:54.890,4.002836704423232,4.0048875811629046,4.003890991442859,4.003020286740082,-0.02490507220680048,1.7729402645200176,3.0547382268153456,2.4318696517866556,1.8876792125510633,-50.311313402585
2026-04-15T09:18:55.014,4.003390073978309,4.004764318750162,4.004992485343962,4.003665447453585,-0.01796929340150798,2.1187962364432877,2.9776992188512708,3.1203033399762603,2.290904658490689,-50.22461616751885
2026-04-15T09:18:55.108,4.003390073978309,4.004764318750162,4.004992485343962,4.003665447453585,-0.01796929340150798,2.1187962364432877,2.9776992188512708,3.1203033399762603,2.290904658490689,-50.22461616751885
2026-04-15T09:18:55.216,4.003390073978309,4.004764318750162,4.004992485343962,4.003665447453585,-0.01796929340150798,2.1187962364432877,2.9776992188512708,3.1203033399762603,2.290904658490689,-50.22461616751885
2026-04-15T09:18:55.325,4.003251075938408,4.00475120572753,4.0046410563374195,4.003397941791889,-0.018462216661898474,2.0319224615050757,2.9695035797061564,2.900660210887196,2.1237136199303563,-50.230777708273735
2026-04-15T09:18:55.433,4.003251075938408,4.00475120572753,4.0046410563374195,4.003397941791889,-0.018462216661898474,2.0319224615050757,2.9695035797061564,2.900660210887196,2.1237136199303563,-50.230777708273735
2026-04-15T09:18:55.543,4.003251075938408,4.00475120572753,4.0046410563374195,4.003397941791889,-0.018462216661898474,2.0319224615050757,2.9695035797061564,2.900660210887196,2.1237136199303563,-50.230777708273735
2026-04-15T09:18:55.651,4.004127025850238,4.004656791964578,4.004473209647728,4.003293037610831,-0.015444928825568789,2.5793911563987137,2.910494977861333,2.7957560298297324,2.0581485067694416,-50.19306161031961
2026-04-15T09:18:55.760,4.004127025850238,4.004656791964578,4.004473209647728,4.003293037610831,-0.015444928825568789,2.5793911563987137,2.910494977861333,2.7957560298297324,2.0581485067694416,-50.19306161031961
2026-04-15T09:18:55.870,4.004127025850238,4.004656791964578,4.004473209647728,4.003293037610831,-0.015444928825568789,2.5793911563987137,2.910494977861333,2.7957560298297324,2.0581485067694416,-50.19306161031961
2026-04-15T09:18:55.978,4.003298282819885,4.004974127112277,4.0036497118264265,4.003075361435137,-0.0076975692986232585,2.0614267624280425,3.1088294451731002,2.2810698915165517,1.9221008969605435,-50.096219616232794
2026-04-15T09:18:56.087,4.003298282819885,4.004974127112277,4.0036497118264265,4.003075361435137,-0.0076975692986232585,2.0614267624280425,3.1088294451731002,2.2810698915165517,1.9221008969605435,-50.096219616232794
2026-04-15T09:18:56.198,4.003298282819885,4.004974127112277,4.0036497118264265,4.003075361435137,-0.0076975692986232585,2.0614267624280425,3.1088294451731002,2.2810698915165517,1.9221008969605435,-50.096219616232794
2026-04-15T09:18:56.306,4.003502845972946,4.0055117610401965,4.004745960518477,4.003841161956856,-0.005113456448697339,2.189278733091271,3.4448506501227882,2.9662253240481107,2.400726223035221,-50.063918205608715
2026-04-15T09:18:56.417,4.003502845972946,4.0055117610401965,4.004745960518477,4.003841161956856,-0.005113456448697339,2.189278733091271,3.4448506501227882,2.9662253240481107,2.400726223035221,-50.063918205608715
2026-04-15T09:18:56.527,4.003502845972946,4.0055117610401965,4.004745960518477,4.003841161956856,-0.005113456448697339,2.189278733091271,3.4448506501227882,2.9662253240481107,2.400726223035221,-50.063918205608715
2026-04-15T09:18:56.636,4.003004551112923,4.004402399325514,4.005118370361231,4.003290415006305,-0.00480973605593148,1.877844445576926,2.751499578446115,3.198981475769358,2.0565093789404187,-50.06012170069914
2026-04-15T09:18:56.746,4.003004551112923,4.004402399325514,4.005118370361231,4.003290415006305,-0.00480973605593148,1.877844445576926,2.751499578446115,3.198981475769358,2.0565093789404187,-50.06012170069914
2026-04-15T09:18:56.857,4.003004551112923,4.004402399325514,4.005118370361231,4.003290415006305,-0.00480973605593148,1.877844445576926,2.751499578446115,3.198981475769358,2.0565093789404187,-50.06012170069914
2026-04-15T09:18:56.965,4.003542185040843,4.005120992965757,4.004347324630459,4.003636598803794,-0.01699340492639145,2.213865650526614,3.200620603598381,2.7170778940366347,2.2728742523714374,-50.21241756157989
2026-04-15T09:18:57.076,4.003542185040843,4.005120992965757,4.004347324630459,4.003636598803794,-0.01699340492639145,2.213865650526614,3.200620603598381,2.7170778940366347,2.2728742523714374,-50.21241756157989
2026-04-15T09:18:57.185,4.003542185040843,4.005120992965757,4.004347324630459,4.003636598803794,-0.01699340492639145,2.213865650526614,3.200620603598381,2.7170778940366347,2.2728742523714374,-50.21241756157989
2026-04-15T09:18:57.294,4.003702163916955,4.004349947234985,4.005236387564921,4.003550052854422,-0.023182330306849866,2.313852448097009,2.7187170218656576,3.272742228075387,2.2187830340136827,-50.28977912883562
2026-04-15T09:18:57.405,4.003702163916955,4.004349947234985,4.005236387564921,4.003550052854422,-0.023182330306849866,2.313852448097009,2.7187170218656576,3.272742228075387,2.2187830340136827,-50.28977912883562
2026-04-15T09:18:57.513,4.003702163916955,4.004349947234985,4.005236387564921,4.003550052854422,-0.023182330306849866,2.313852448097009,2.7187170218656576,3.272742228075387,2.2187830340136827,-50.28977912883562
2026-04-15T09:18:57.622,4.003707409126008,4.005246877983026,4.004381418489302,4.002886533909233,-0.032353690363812374,2.317130703755055,3.2792987393914785,2.738386555813932,1.804083693270897,-50.40442112954765
2026-04-15T09:18:57.730,4.003707409126008,4.005246877983026,4.004381418489302,4.002886533909233,-0.032353690363812374,2.317130703755055,3.2792987393914785,2.738386555813932,1.804083693270897,-50.40442112954765
2026-04-15T09:18:57.840,4.003707409126008,4.005246877983026,4.004381418489302,4.002886533909233,-0.032353690363812374,2.317130703755055,3.2792987393914785,2.738386555813932,1.804083693270897,-50.40442112954765
2026-04-15T09:18:57.948,4.003772974239169,4.0053675177912424,4.004627943314787,4.003717899544114,-0.04055414096849058,2.3581088994806265,3.3546986195265305,2.8924645717420816,2.3236872150711463,-50.50692676210613
2026-04-15T09:18:58.057,4.003772974239169,4.0053675177912424,4.004627943314787,4.003717899544114,-0.04055414096849058,2.3581088994806265,3.3546986195265305,2.8924645717420816,2.3236872150711463,-50.50692676210613
2026-04-15T09:18:58.166,4.003772974239169,4.0053675177912424,4.004627943314787,4.003717899544114,-0.04055414096849058,2.3581088994806265,3.3546986195265305,2.8924645717420816,2.3236872150711463,-50.50692676210613
2026-04-15T09:18:58.276,4.003466129509576,4.005482912390406,4.004150629290976,4.003927707906229,-0.026607898015422186,2.166330943484951,3.4268202440035367,2.5941433068599196,2.4548174413929758,-50.33259872519278
2026-04-15T09:18:58.384,4.003466129509576,4.005482912390406,4.004150629290976,4.003927707906229,-0.026607898015422186,2.166330943484951,3.4268202440035367,2.5941433068599196,2.4548174413929758,-50.33259872519278
2026-04-15T09:18:58.494,4.003466129509576,4.005482912390406,4.004150629290976,4.003927707906229,-0.026607898015422186,2.166330943484951,3.4268202440035367,2.5941433068599196,2.4548174413929758,-50.33259872519278
2026-04-15T09:18:58.604,4.00330877323799,4.00444173839341,4.00448632267036,4.004011631251075,-0.03633192960676192,2.067983273743579,2.776086495881458,2.8039516689748467,2.5072695319217075,-50.45414912008452
2026-04-15T09:18:58.714,4.00330877323799,4.00444173839341,4.00448632267036,4.004011631251075,-0.03633192960676192,2.067983273743579,2.776086495881458,2.8039516689748467,2.5072695319217075,-50.45414912008452
2026-04-15T09:18:58.824,4.00330877323799,4.00444173839341,4.00448632267036,4.004011631251075,-0.03633192960676192,2.067983273743579,2.776086495881458,2.8039516689748467,2.5072695319217075,-50.45414912008452
2026-04-15T09:18:58.933,4.003502845972946,4.005063295666176,4.004210949195084,4.0035238268091575,-0.0397326022011731,2.189278733091271,3.1645597913598777,2.6318432469274455,2.202391755723454,-50.496657527514664
2026-04-15T09:18:59.044,4.003502845972946,4.005063295666176,4.004210949195084,4.0035238268091575,-0.0397326022011731,2.189278733091271,3.1645597913598777,2.6318432469274455,2.202391755723454,-50.496657527514664
2026-04-15T09:18:59.153,4.003502845972946,4.005063295666176,4.004210949195084,4.0035238268091575,-0.0397326022011731,2.189278733091271,3.1645597913598777,2.6318432469274455,2.202391755723454,-50.496657527514664
2026-04-15T09:18:59.264,4.003946066137914,4.005086899106914,4.004355192444039,4.003437280859785,-0.026189660097515097,2.466291336196136,3.1793119418210836,2.7219952775242584,2.1483005373656994,-50.327370751218936
2026-04-15T09:18:59.374,4.003946066137914,4.005086899106914,4.004355192444039,4.003437280859785,-0.026189660097515097,2.466291336196136,3.1793119418210836,2.7219952775242584,2.1483005373656994,-50.327370751218936
2026-04-15T09:18:59.484,4.003946066137914,4.005086899106914,4.004355192444039,4.003437280859785,-0.026189660097515097,2.466291336196136,3.1793119418210836,2.7219952775242584,2.1483005373656994,-50.327370751218936
2026-04-15T09:18:59.595,4.003542185040843,4.005123615570284,4.00436830546667,4.00380182288896,-0.027085884207315992,2.213865650526614,3.2022597314274037,2.7301909166688176,2.376139305599878,-50.33857355259145
2026-04-15T09:18:59.705,4.003542185040843,4.005123615570284,4.00436830546667,4.00380182288896,-0.027085884207315992,2.213865650526614,3.2022597314274037,2.7301909166688176,2.376139305599878,-50.33857355259145
2026-04-15T09:18:59.814,4.003542185040843,4.005123615570284,4.00436830546667,4.00380182288896,-0.027085884207315992,2.213865650526614,3.2022597314274037,2.7301909166688176,2.376139305599878,-50.33857355259145
2026-04-15T09:18:59.923,4.0029652120450265,4.005183935474392,4.004840374281429,4.003497600763893,-0.028350556006701704,1.853257528141583,3.2399596714949297,3.025233925892934,2.1860004774332253,-50.35438195008377
2026-04-15T09:19:00.031,4.0029652120450265,4.005183935474392,4.004840374281429,4.003497600763893,-0.028350556006701704,1.853257528141583,3.2399596714949297,3.025233925892934,2.1860004774332253,-50.35438195008377
2026-04-15T09:19:00.141,4.0029652120450265,4.005183935474392,4.004840374281429,4.003497600763893,-0.028350556006701704,1.853257528141583,3.2399596714949297,3.025233925892934,2.1860004774332253,-50.35438195008377
2026-04-15T09:19:00.250,4.00345563909147,4.004958391485118,4.003922462697176,4.0032773019836725,-0.02568677879146015,2.1597744321688594,3.098994678198963,2.45153918573493,2.0483137397953044,-50.32108473489325
2026-04-15T09:19:00.359,4.00345563909147,4.004958391485118,4.003922462697176,4.0032773019836725,-0.02568677879146015,2.1597744321688594,3.098994678198963,2.45153918573493,2.0483137397953044,-50.32108473489325
2026-04-15T09:19:00.469,4.00345563909147,4.004958391485118,4.003922462697176,4.0032773019836725,-0.02568677879146015,2.1597744321688594,3.098994678198963,2.45153918573493,2.0483137397953044,-50.32108473489325
2026-04-15T09:19:00.566,4.003405809605468,4.0050160887847,4.003974914787705,4.003555298063475,-0.024158218781966397,2.128631003417425,3.135055490437466,2.4843217423153874,2.2220612896717284,-50.30197773477458
2026-04-15T09:19:00.690,4.003405809605468,4.0050160887847,4.003974914787705,4.003555298063475,-0.024158218781966397,2.128631003417425,3.135055490437466,2.4843217423153874,2.2220612896717284,-50.30197773477458
2026-04-15T09:19:00.797,4.003405809605468,4.0050160887847,4.003974914787705,4.003555298063475,-0.024158218781966397,2.128631003417425,3.135055490437466,2.4843217423153874,2.2220612896717284,-50.30197773477458
2026-04-15T09:19:00.906,4.002986192881238,4.005215406728709,4.00475120572753,4.003432035650733,-0.023650358453079223,1.866370550773766,3.259629205443204,2.9695035797061564,2.1450222817082087,-50.29562948066349
2026-04-15T09:19:01.016,4.002986192881238,4.005215406728709,4.00475120572753,4.003432035650733,-0.023650358453079223,1.866370550773766,3.259629205443204,2.9695035797061564,2.1450222817082087,-50.29562948066349
2026-04-15T09:19:01.126,4.002986192881238,4.005215406728709,4.00475120572753,4.003432035650733,-0.023650358453079223,1.866370550773766,3.259629205443204,2.9695035797061564,2.1450222817082087,-50.29562948066349
2026-04-15T09:19:01.222,4.003736257775799,4.005527496667355,4.0042083265905575,4.00361037275853,-0.015434970779904335,2.3351611098743064,3.4546854170969254,2.6302041190984227,2.2564829740812087,-50.1929371347488
2026-04-15T09:19:01.346,4.003736257775799,4.005527496667355,4.0042083265905575,4.00361037275853,-0.015434970779904335,2.3351611098743064,3.4546854170969254,2.6302041190984227,2.2564829740812087,-50.1929371347488
2026-04-15T09:19:01.455,4.003736257775799,4.005527496667355,4.0042083265905575,4.00361037275853,-0.015434970779904335,2.3351611098743064,3.4546854170969254,2.6302041190984227,2.2564829740812087,-50.1929371347488
2026-04-15T09:19:01.564,4.003497600763893,4.005252123192079,4.004336834212353,4.003550052854422,-0.019278776406383737,2.1860004774332253,3.2825769950495243,2.710521382720543,2.2187830340136827,-50.240984705079796
2026-04-15T09:19:01.673,4.003497600763893,4.005252123192079,4.004336834212353,4.003550052854422,-0.019278776406383737,2.1860004774332253,3.2825769950495243,2.710521382720543,2.2187830340136827,-50.240984705079796
2026-04-15T09:19:01.782,4.003497600763893,4.005252123192079,4.004336834212353,4.003550052854422,-0.019278776406383737,2.1860004774332253,3.2825769950495243,2.710521382720543,2.2187830340136827,-50.240984705079796
2026-04-15T09:19:01.889,4.003696918707902,4.005246877983026,4.004137516268344,4.00369954131243,-0.029281633276328194,2.3105741924389633,3.2792987393914785,2.585947667714805,2.3122133202685413,-50.366020415954104
2026-04-15T09:19:01.997,4.003696918707902,4.005246877983026,4.004137516268344,4.00369954131243,-0.029281633276328194,2.3105741924389633,3.2792987393914785,2.585947667714805,2.3122133202685413,-50.366020415954104
2026-04-15T09:19:02.106,4.003696918707902,4.005246877983026,4.004137516268344,4.00369954131243,-0.029281633276328194,2.3105741924389633,3.2792987393914785,2.585947667714805,2.3122133202685413,-50.366020415954104
2026-04-15T09:19:02.230,4.003702163916955,4.005346536955031,4.0039801599967575,4.00327205677462,-0.03245824984328915,2.313852448097009,3.3415855968943475,2.487599997973433,2.0450354841372587,-50.405728123041115
2026-04-15T09:19:02.324,4.003702163916955,4.005346536955031,4.0039801599967575,4.00327205677462,-0.03245824984328915,2.313852448097009,3.3415855968943475,2.487599997973433,2.0450354841372587,-50.405728123041115
2026-04-15T09:19:02.433,4.003702163916955,4.005346536955031,4.0039801599967575,4.00327205677462,-0.03245824984328915,2.313852448097009,3.3415855968943475,2.487599997973433,2.0450354841372587,-50.405728123041115
2026-04-15T09:19:02.541,4.003867388002121,4.0048272612587965,4.004740715309424,4.003644466617374,-0.022485267110338058,2.41711750132545,3.0170382867478196,2.962947068390065,2.277791635858506,-50.28106583887922
2026-04-15T09:19:02.644,4.003867388002121,4.0048272612587965,4.004740715309424,4.003644466617374,-0.022485267110338058,2.41711750132545,3.0170382867478196,2.962947068390065,2.277791635858506,-50.28106583887922
2026-04-15T09:19:02.760,4.003867388002121,4.0048272612587965,4.004740715309424,4.003644466617374,-0.022485267110338058,2.41711750132545,3.0170382867478196,2.962947068390065,2.277791635858506,-50.28106583887922
2026-04-15T09:19:02.866,4.003833294143277,4.005037069620911,4.004685640614369,4.003413677419047,-0.03259766248259151,2.3958088395481525,3.148168513069649,2.9285253839805847,2.1335483869044936,-50.407470781032394
2026-04-15T09:19:02.976,4.003833294143277,4.005037069620911,4.004685640614369,4.003413677419047,-0.03259766248259151,2.3958088395481525,3.148168513069649,2.9285253839805847,2.1335483869044936,-50.407470781032394
2026-04-15T09:19:03.088,4.003833294143277,4.005037069620911,4.004685640614369,4.003413677419047,-0.03259766248259151,2.3958088395481525,3.148168513069649,2.9285253839805847,2.1335483869044936,-50.407470781032394
2026-04-15T09:19:03.196,4.003180265616194,4.004806280422585,4.004307985562562,4.0034215452326265,-0.03272213805339719,1.9876660101214583,3.0039252641156367,2.6924909766012917,2.138465770391562,-50.40902672566746
2026-04-15T09:19:03.304,4.003180265616194,4.004806280422585,4.004307985562562,4.0034215452326265,-0.03272213805339719,1.9876660101214583,3.0039252641156367,2.6924909766012917,2.138465770391562,-50.40902672566746
2026-04-15T09:19:03.414,4.003180265616194,4.004806280422585,4.004307985562562,4.0034215452326265,-0.03272213805339719,1.9876660101214583,3.0039252641156367,2.6924909766012917,2.138465770391562,-50.40902672566746
2026-04-15T09:19:03.521,4.003473997323155,4.005034447016385,4.0036680700581115,4.002865553073022,-0.02883352122142774,2.1712483269720195,3.146529385240626,2.292543786319712,1.790970670638714,-50.360419015267844
2026-04-15T09:19:03.631,4.003473997323155,4.005034447016385,4.0036680700581115,4.002865553073022,-0.02883352122142774,2.1712483269720195,3.146529385240626,2.292543786319712,1.790970670638714,-50.360419015267844
2026-04-15T09:19:03.740,4.003473997323155,4.005034447016385,4.0036680700581115,4.002865553073022,-0.02883352122142774,2.1712483269720195,3.146529385240626,2.292543786319712,1.790970670638714,-50.360419015267844
2026-04-15T09:19:03.852,4.003623485781162,4.005047560039017,4.004562378201626,4.003148794361877,-0.02501461070910948,2.264678613226323,3.1547250243857405,2.85148637601651,1.9679964761731839,-50.31268263386387
2026-04-15T09:19:03.961,4.003623485781162,4.005047560039017,4.004562378201626,4.003148794361877,-0.02501461070910948,2.264678613226323,3.1547250243857405,2.85148637601651,1.9679964761731839,-50.31268263386387
2026-04-15T09:19:04.070,4.003623485781162,4.005047560039017,4.004562378201626,4.003148794361877,-0.02501461070910948,2.264678613226323,3.1547250243857405,2.85148637601651,1.9679964761731839,-50.31268263386387
2026-04-15T09:19:04.180,4.004045725109918,4.004530906947309,4.003492355554841,4.003689050894323,-0.021419756224241436,2.528578193699005,2.8318168420682355,2.1827222217757347,2.3056568089518947,-50.267746952803016
2026-04-15T09:19:04.290,4.004045725109918,4.004530906947309,4.003492355554841,4.003689050894323,-0.021419756224241436,2.528578193699005,2.8318168420682355,2.1827222217757347,2.3056568089518947,-50.267746952803016
2026-04-15T09:19:04.399,4.004045725109918,4.004530906947309,4.003492355554841,4.003689050894323,-0.021419756224241436,2.528578193699005,2.8318168420682355,2.1827222217757347,2.3056568089518947,-50.267746952803016
2026-04-15T09:19:04.509,4.003038644971767,4.005018711389226,4.004035234691813,4.0040221216691805,-0.03290138287535737,1.8991531073542234,3.136694618266489,2.5220216823829134,2.513826043237799,-50.41126728594196
2026-04-15T09:19:04.616,4.003038644971767,4.005018711389226,4.004035234691813,4.0040221216691805,-0.03290138287535737,1.8991531073542234,3.136694618266489,2.5220216823829134,2.513826043237799,-50.41126728594196
2026-04-15T09:19:04.724,4.003038644971767,4.005018711389226,4.004035234691813,4.0040221216691805,-0.03290138287535737,1.8991531073542234,3.136694618266489,2.5220216823829134,2.513826043237799,-50.41126728594196
2026-04-15T09:19:04.832,4.00303602236724,4.005215406728709,4.004137516268344,4.00303602236724,-0.028798668061602153,1.8975139795252005,3.259629205443204,2.585947667714805,1.8975139795252005,-50.35998335077003
2026-04-15T09:19:04.943,4.00303602236724,4.005215406728709,4.004137516268344,4.00303602236724,-0.028798668061602153,1.8975139795252005,3.259629205443204,2.585947667714805,1.8975139795252005,-50.35998335077003
2026-04-15T09:19:05.052,4.00303602236724,4.005215406728709,4.004137516268344,4.00303602236724,-0.028798668061602153,1.8975139795252005,3.259629205443204,2.585947667714805,1.8975139795252005,-50.35998335077003
2026-04-15T09:19:05.160,4.0038778784202265,4.00497937232133,4.004777431772794,4.003749370798431,-0.018830664351483287,2.4236740126415413,3.112107700831146,2.985894857996385,2.3433567490194207,-50.235383304393544
